model,season,team,team_key,conference,projected_coach,projected_net_score,program_consistency_band,feature_count,train_rows,prior_roster_returning_minutes_pct,prior_roster_probable_returner_minutes_pct,prior_roster_expected_returning_minutes_pct,prior_roster_returning_top_7_minutes_share,roster_known_players,returner_roster_share,newcomer_roster_share,hs_newcomer_roster_share,transfer_newcomer_roster_share,returner_impact_share,newcomer_impact_share,hs_newcomer_impact_share,transfer_newcomer_impact_share,composition_weighted_roster_talent,roster_talent_returning_production_pct_avg,roster_talent_returning_quality_index,roster_talent_returning_core_continuity,roster_talent_cbb_transfer_quality_index,roster_talent_incoming_hs_score,roster_talent_incoming_transfer_score,roster_talent_incoming_hs_rank_percentile,roster_talent_incoming_transfer_rank_percentile,roster_talent_incoming_transfer_production_percentile,roster_talent_weighted_returning_core_continuity,roster_talent_weighted_hs_rank_percentile,roster_talent_weighted_transfer_rank_percentile,roster_talent_continuity_plus_incoming,incoming_on3_hs_rank,incoming_on3_transfer_rank,incoming_cbb_transfer_players,incoming_cbb_transfer_production_percentile,incoming_cbb_transfer_source_adjusted_warp,incoming_cbb_transfer_minutes,schedule_score_rank,projected_net_rank,schedule_score_percentile,calibrated_threshold_top_25,calibrated_top_25,calibrated_threshold_top_50,calibrated_top_50,calibrated_threshold_top_75,calibrated_top_75,calibrated_threshold_top_100,calibrated_top_100,calibrated_threshold_top_135,calibrated_top_135,calibrated_threshold_top_160,calibrated_top_160,calibrated_threshold_top_200,calibrated_top_200,calibrated_threshold_top_250,calibrated_top_250,calibrated_threshold_top_300,calibrated_top_300,calibrated_schedule_band,projected_net_tier,opponent_quality_tier
blend_schedule_ridge_gbt,2027,Texas,texas,SEC,Sean Miller,0.8665119613668208,26_50,152,2159,0.13215924016805722,0.13215924016805722,0.13215924016805722,0.14700838246500622,11.0,0.18181818181818182,0.8181818181818181,0.36363636363636365,0.45454545454545453,0.1932367149758454,0.8067632850241546,0.25120772946859904,0.5555555555555556,0.8627017779272039,0.15209324169103436,10.983206542523508,0.1310684569317927,16.425650118394962,72.41464169541408,0.9579484756465922,0.7191870438740455,0.9871794871794872,0.9579484756465922,0.0,0.7191870438740455,0.0,0.8627017779272039,21.0,2.0,5,0.9579484756465922,26.42490272385,4369.39,1.0,1.0,1.0,67,True,89,True,99,True,149,True,168,True,181,True,215,True,249,True,279,True,top_25,top_25,top_25
blend_schedule_ridge_gbt,2027,Tennessee,tennessee,SEC,Rick Barnes,0.8640331218513913,top_25,152,2159,0.13972398219101845,0.13972398219101845,0.13972398219101845,0.08599745103300242,17.0,0.29411764705882354,0.7058823529411764,0.23529411764705882,0.47058823529411764,0.2976190476190476,0.7023809523809523,0.15476190476190477,0.5476190476190476,0.8743833569421962,0.12724206450377404,6.547895877281172,0.10416488291450833,17.20355268805064,71.08182738568246,0.9348676662248516,0.7039549752378088,0.717948717948718,0.9348676662248516,0.0,0.7039549752378088,0.0,0.8743833569421962,24.0,23.0,8,0.9348676662248516,29.605132029750003,6868.779999999999,2.0,2.0,0.9972527472527473,67,True,89,True,99,True,149,True,168,True,181,True,215,True,249,True,279,True,top_25,top_25,top_25
blend_schedule_ridge_gbt,2027,Iowa St.,iowa state,B12,T.J. Otzelberger,0.8536864853099629,top_25,152,2159,0.2584083664073448,0.2584083664073448,0.2584083664073448,0.224123268779653,14.0,0.35714285714285715,0.6428571428571428,0.2857142857142857,0.35714285714285715,0.3745318352059925,0.6254681647940075,0.1947565543071161,0.4307116104868913,0.832662780245664,0.25201431428459004,13.334592373080788,0.2294579645868215,13.826706526972075,63.81581169451481,0.9191789690129443,0.6259334346854929,0.41025641025641024,0.9191789690129443,0.0,0.6259334346854929,0.0,0.832662780245664,32.0,47.0,5,0.9191789690129443,20.9619728246,4724.18,3.0,3.0,0.9945054945054945,67,True,89,True,99,True,149,True,168,True,181,True,215,True,249,True,279,True,top_25,top_25,top_25
blend_schedule_ridge_gbt,2027,Houston,houston,B12,Kelvin Sampson,0.8446980016895329,top_25,152,2159,0.11723858354781058,0.11723858354781058,0.11723858354781058,0.0,10.0,0.3,0.7,0.3,0.4,0.31413612565445026,0.6858638743455497,0.2041884816753927,0.4816753926701571,0.9426058551830016,0.11687946599427466,13.931346837449741,0.05861929177390529,9.198673104678601,81.50073803964094,0.8360169586338664,0.8171204642262835,0.8205128205128205,0.8360169586338664,0.0,0.8171204642262835,0.0,0.9426058551830016,12.0,15.0,4,0.8360169586338664,17.12871504115,3204.9800000000005,4.0,4.0,0.9917582417582418,67,True,89,True,99,True,149,True,168,True,181,True,215,True,249,True,279,True,top_25,top_25,top_25
blend_schedule_ridge_gbt,2027,Gonzaga,gonzaga,WCC,Mark Few,0.831617028184602,top_25,152,2159,0.13910810472253538,0.13910810472253538,0.13910810472253538,0.0,8.0,0.375,0.625,0.375,0.25,0.41379310344827586,0.5862068965517242,0.26896551724137935,0.3172413793103448,0.948246630349782,0.15916710756385696,18.485515159633255,0.06955405236126769,6.087180051278706,80.37301014355432,0.7250066546114976,0.7844991223337564,,0.7250066546114976,0.0,0.7844991223337564,0.0,0.948246630349782,42.0,,2,0.7250066546114976,5.464172286866667,1421.64,5.0,5.0,0.989010989010989,67,True,89,True,99,True,149,True,168,True,181,True,215,True,249,True,279,True,top_25,top_25,top_25
blend_schedule_ridge_gbt,2027,Cincinnati,cincinnati,B12,Jerrod Calhoun,0.8309594133369925,26_50,152,2159,0.09697859796198381,0.09697859796198381,0.09697859796198381,0.0,14.0,0.21428571428571427,0.7857142857142857,0.0,0.7857142857142857,0.1916932907348243,0.8083067092651758,0.0,0.8083067092651758,0.7691469260833913,0.08328150981497569,3.8793619313919225,0.048489298980991906,20.462763908100865,,0.9400538732223002,,0.23076923076923073,0.9400538732223002,0.009295073287091102,,0.7598518527963002,0.7691469260833913,,61.0,11,0.9400538732223002,33.544165927933335,8233.970000000001,6.0,6.0,0.9862637362637363,67,True,89,True,99,True,149,True,168,True,181,True,215,True,249,True,279,True,top_25,top_25,top_25
blend_schedule_ridge_gbt,2027,Kansas,kansas,B12,Bill Self,0.8202468212862788,top_25,152,2159,0.04899176732917633,0.04899176732917633,0.04899176732917633,0.0,10.0,0.2,0.8,0.4,0.4,0.2173913043478261,0.782608695652174,0.28260869565217395,0.5,0.8311356115150752,0.04513407745594377,3.0798275239584236,0.024495883664588165,11.104841783139703,69.56603858113122,0.8804615292507385,0.7000880565435875,0.1282051282051282,0.8804615292507385,0.0,0.7000880565435875,0.0,0.8311356115150752,5.0,69.0,4,0.8804615292507385,20.022563840083333,3593.89,7.0,7.0,0.9835164835164835,67,True,89,True,99,True,149,True,168,True,181,True,215,True,249,True,279,True,top_25,top_25,top_25
blend_schedule_ridge_gbt,2027,Michigan,michigan,B10,Dusty May,0.8199979189043856,top_25,152,2159,0.3228041943844869,0.3228041943844869,0.3228041943844869,0.2931803232928537,12.0,0.4166666666666667,0.5833333333333333,0.3333333333333333,0.25,0.4524886877828055,0.5475113122171946,0.23529411764705885,0.31221719457013575,0.9007260782800599,0.31811876862422545,11.770644866267453,0.2843708236442919,10.947910725013816,83.81438941531356,0.8526442047681095,0.8421665786414108,0.42307692307692313,0.8526442047681095,0.0,0.8421665786414108,0.0,0.9007260782800599,6.0,46.0,3,0.8526442047681095,11.869566694216667,1553.7400000000002,8.0,8.0,0.9807692307692307,67,True,89,True,99,True,149,True,168,True,181,True,215,True,249,True,279,True,top_25,top_25,top_25
blend_schedule_ridge_gbt,2027,Duke,duke,ACC,Jon Scheyer,0.8196829351906197,top_25,152,2159,0.11630627287822928,0.11630627287822928,0.11630627287822928,0.12726000685661454,10.0,0.3,0.7,0.4,0.3,0.3314917127071823,0.6685082872928176,0.287292817679558,0.38121546961325964,0.9668047706851226,0.10840232382802299,6.949384487120021,0.11212404704198148,10.017637985445031,92.68658891984983,0.8650788182612555,0.9295245483495419,0.34615384615384615,0.8650788182612555,0.0,0.9295245483495419,0.0,0.9668047706851226,2.0,52.0,3,0.8650788182612555,16.008218003333333,2383.2799999999997,9.0,9.0,0.978021978021978,67,True,89,True,99,True,149,True,168,True,181,True,215,True,249,True,279,True,top_25,top_25,top_25
blend_schedule_ridge_gbt,2027,Connecticut,connecticut,BE,Dan Hurley,0.8111605246180035,top_25,152,2159,0.15314954956745558,0.15314954956745558,0.15314954956745558,0.09797628612614316,11.0,0.36363636363636365,0.6363636363636364,0.18181818181818182,0.45454545454545453,0.3619909502262444,0.6380090497737557,0.11764705882352944,0.5203619909502263,0.9479941289653677,0.1366609493361152,7.206769936245802,0.11777767563887882,10.1013231864896,90.72082771665636,0.8691645213657097,0.9107306435784902,0.7307692307692308,0.8691645213657097,0.0,0.9107306435784902,0.0,0.9479941289653677,10.0,22.0,5,0.8691645213657097,14.06672018276667,3576.6000000000004,10.0,10.0,0.9752747252747253,67,True,89,True,99,True,149,True,168,True,181,True,215,True,249,True,279,True,top_25,top_25,top_25
blend_schedule_ridge_gbt,2027,Kentucky,kentucky,SEC,Mark Pope,0.8066357987570097,26_50,152,2159,0.03978109463753834,0.03978109463753834,0.03978109463753834,0.0,9.0,0.1111111111111111,0.8888888888888888,0.3333333333333333,0.5555555555555556,0.1149425287356322,0.8850574712643678,0.2241379310344828,0.6609195402298851,0.8373298777188335,0.03570302362587068,7.525417499999996,0.01989054731876917,7.787764613659824,44.766794090443135,0.8503285407140961,0.4024969638260669,0.0,0.8503285407140961,0.0,0.4024969638260669,0.0,0.8373298777188335,75.0,79.0,5,0.8503285407140961,11.353551076566667,4151.31,11.0,11.0,0.9725274725274725,67,True,89,True,99,True,149,True,168,True,181,True,215,True,249,True,279,True,top_25,top_25,top_25
blend_schedule_ridge_gbt,2027,South Florida,south florida,Amer,Chris Mack,0.8064618704188746,136_160,152,2159,0.13435470248150172,0.13435470248150172,0.13435470248150172,0.15729321894628356,14.0,0.07142857142857142,0.9285714285714286,0.21428571428571427,0.7142857142857143,0.06920415224913495,0.9307958477508651,0.13494809688581316,0.795847750865052,0.7396352604190904,0.1494054091033822,19.340937500000006,0.13435470248150172,9.3394029354241,51.81401233113959,0.8525185999036352,0.45541683447442616,,0.8525185999036352,0.0,0.45541683447442616,0.0,0.7396352604190904,95.0,,10,0.8525185999036352,14.046984199366666,5886.33,12.0,12.0,0.9697802197802198,67,True,89,True,99,True,149,True,168,True,181,True,215,True,249,True,279,True,top_25,top_25,top_25
blend_schedule_ridge_gbt,2027,Miami FL,miami fl,ACC,Jai Lucas,0.8026659703629179,26_50,152,2159,0.2928256117944542,0.2928256117944542,0.2928256117944542,0.2618807245369892,12.0,0.3333333333333333,0.6666666666666666,0.16666666666666666,0.5,0.32786885245901637,0.6721311475409836,0.10655737704918034,0.5655737704918032,0.9113035097202434,0.2547998787991994,13.085586238138797,0.2640702010028715,14.455595093566037,95.12484240536021,0.9253437756357891,0.921477475404177,0.9102564102564102,0.9253437756357891,0.0,0.921477475404177,0.0,0.9113035097202434,55.0,8.0,6,0.9253437756357891,24.166570008516665,4815.07,13.0,13.0,0.967032967032967,67,True,89,True,99,True,149,True,168,True,181,True,215,True,249,True,279,True,top_25,top_25,top_25
blend_schedule_ridge_gbt,2027,Villanova,villanova,BE,Kevin Willard,0.8025290073477604,26_50,152,2159,0.38527028889541404,0.38527028889541404,0.38527028889541404,0.3922024630533793,10.0,0.4,0.6,0.1,0.5,0.38461538461538464,0.6153846153846153,0.0625,0.5528846153846153,0.9269825556374086,0.38001902570933305,11.257806502473064,0.37176258561695147,11.609528840023803,84.0322232600732,0.9111307596475158,0.8177665266670503,0.6923076923076923,0.9111307596475158,0.0,0.8177665266670503,0.0,0.9269825556374086,47.0,25.0,5,0.9111307596475158,18.74663790095,4346.870000000001,14.0,14.0,0.9642857142857143,67,True,89,True,99,True,149,True,168,True,181,True,215,True,249,True,279,True,top_25,top_25,top_25
blend_schedule_ridge_gbt,2027,Texas Tech,texas tech,B12,Grant McCasland,0.7982321268085948,top_25,152,2159,0.0931477986684171,0.0931477986684171,0.0931477986684171,0.057296726367056336,7.0,0.42857142857142855,0.5714285714285714,0.14285714285714285,0.42857142857142855,0.4225352112676056,0.5774647887323944,0.09154929577464789,0.48591549295774644,0.9260006333946628,0.08428606088665584,8.31285335126547,0.0723264312171793,11.166166131802653,90.95708619283937,0.8913853130309046,0.8993038375237328,0.3076923076923077,0.8913853130309046,0.0,0.8993038375237328,0.0,0.9260006333946628,30.0,55.0,3,0.8913853130309046,17.02285381356667,3186.4300000000003,15.0,15.0,0.9615384615384616,67,True,89,True,99,True,149,True,168,True,181,True,215,True,249,True,279,True,top_25,top_25,top_25
blend_schedule_ridge_gbt,2027,Clemson,clemson,ACC,Brad Brownell,0.7952033154789666,26_50,152,2159,0.28400141843971627,0.28400141843971627,0.28400141843971627,0.11911929205516553,12.0,0.5,0.5,0.25,0.25,0.5263157894736842,0.4736842105263158,0.17105263157894737,0.3026315789473684,0.8741458786213117,0.2976101688658712,11.65489858492615,0.19041205673758863,9.100560571474949,71.22929475403086,0.8546283518323763,0.6861055175191302,0.6538461538461539,0.8546283518323763,0.0,0.6861055175191302,0.0,0.8741458786213117,51.0,28.0,3,0.8546283518323763,11.093715428666666,2385.45,16.0,16.0,0.9587912087912088,67,True,89,True,99,True,149,True,168,True,181,True,215,True,249,True,279,True,top_25,top_25,top_25
blend_schedule_ridge_gbt,2027,Indiana,indiana,B10,Darian DeVries,0.7903374402097865,26_50,152,2159,0.06959131069992851,0.06959131069992851,0.06959131069992851,0.0,15.0,0.26666666666666666,0.7333333333333334,0.26666666666666666,0.4666666666666667,0.27303754266211605,0.7269624573378839,0.17747440273037546,0.5494880546075085,0.849807207787933,0.06514216288531778,1.3163677266372251,0.034795655349964254,11.25282155290012,80.11756941693545,0.8888468471934313,0.7882328769980971,0.9230769230769231,0.8888468471934313,0.0,0.7882328769980971,0.0,0.849807207787933,33.0,7.0,7,0.8888468471934313,16.851682355366663,4830.57,17.0,17.0,0.9560439560439561,67,True,89,True,99,True,149,True,168,True,181,True,215,True,249,True,279,True,top_25,top_25,top_25
blend_schedule_ridge_gbt,2027,Iowa,iowa,B10,Ben McCollum,0.7897662755906077,26_50,152,2159,0.6796519888754957,0.6796519888754957,0.6796519888754957,0.6633225112604549,13.0,0.6923076923076923,0.3076923076923077,0.15384615384615385,0.15384615384615385,0.7142857142857143,0.28571428571428575,0.10317460317460318,0.18253968253968256,0.8811379451532491,0.6499584825544359,14.999190923991115,0.6268233883946909,8.39125037527428,65.55328321420062,0.8166560150435151,0.6341464817904608,0.17948717948717952,0.8166560150435151,0.0,0.6341464817904608,0.0,0.8811379451532491,45.0,65.0,2,0.8166560150435151,9.094227116483333,1519.58,18.0,18.0,0.9532967032967032,67,True,89,True,99,True,149,True,168,True,181,True,215,True,249,True,279,True,top_25,top_25,top_25
blend_schedule_ridge_gbt,2027,Arizona,arizona,B12,Tommy Lloyd,0.7894950501904143,top_25,152,2159,0.14859487022198367,0.14859487022198367,0.14859487022198367,0.15615699601817598,10.0,0.3,0.7,0.3,0.4,0.31413612565445026,0.6858638743455497,0.2041884816753927,0.4816753926701571,0.9239392653686427,0.13998160811811164,10.200521068725598,0.1449398714360567,3.279552418516393,73.80911951945981,0.612407243438217,0.734883887549601,0.14102564102564108,0.612407243438217,0.0,0.734883887549601,0.0,0.9239392653686427,19.0,68.0,4,0.612407243438217,1.7112200531833333,1614.0,19.0,19.0,0.9505494505494505,67,True,89,True,99,True,149,True,168,True,181,True,215,True,249,True,279,True,top_25,top_25,top_25
blend_schedule_ridge_gbt,2027,Louisville,louisville,ACC,Pat Kelsey,0.7894357040532274,26_50,152,2159,0.03656846694723728,0.03656846694723728,0.03656846694723728,0.0,11.0,0.18181818181818182,0.8181818181818181,0.2727272727272727,0.5454545454545454,0.18433179723502305,0.8156682027649769,0.17972350230414746,0.6359447004608294,0.8479507995779894,0.03260118100310912,5.502897997695138,0.01828423347361864,17.980023710899843,73.82366757694876,0.9410156454246438,0.7340940444954205,0.8717948717948718,0.9410156454246438,0.0,0.7340940444954205,0.0,0.8479507995779894,20.0,11.0,6,0.9410156454246438,31.23430886345,4214.38,20.0,20.0,0.9478021978021978,67,True,89,True,99,True,149,True,168,True,181,True,215,True,249,True,279,True,top_25,top_25,top_25
blend_schedule_ridge_gbt,2027,USC,usc,B10,Eric Musselman,0.7864515318075089,76_100,152,2159,0.08560840337197315,0.08560840337197315,0.08560840337197315,0.0,15.0,0.3333333333333333,0.6666666666666667,0.2,0.4666666666666667,0.3333333333333333,0.6666666666666666,0.13,0.5366666666666666,0.8914867430832777,0.08421861785414941,5.484374071618531,0.04280420168598657,10.757533972079985,95.50553369004139,0.8868230802847317,0.9586902448770436,0.9743589743589743,0.8868230802847317,0.0,0.9586902448770436,0.0,0.8914867430832777,3.0,3.0,7,0.8868230802847317,17.716700835216667,5074.17,21.0,21.0,0.945054945054945,67,True,89,True,99,True,149,True,168,True,181,True,215,True,249,True,279,True,top_25,top_25,top_25
blend_schedule_ridge_gbt,2027,Baylor,baylor,B12,Scott Drew,0.7856585300180255,26_50,152,2159,0.13076363636363636,0.13076363636363636,0.13076363636363636,0.12813102421440326,11.0,0.36363636363636365,0.6363636363636364,0.2727272727272727,0.36363636363636365,0.37914691943127965,0.6208530805687205,0.18483412322274884,0.43601895734597157,0.9342467590806294,0.1319795960562498,6.546541232040232,0.12731666666666666,11.268758430964382,93.22741820530285,0.8946175091314023,0.9243714400782463,0.782051282051282,0.8946175091314023,0.0,0.9243714400782463,0.0,0.9342467590806294,26.0,18.0,4,0.8946175091314023,17.90993627981667,3783.71,22.0,22.0,0.9423076923076923,67,True,89,True,99,True,149,True,168,True,181,True,215,True,249,True,279,True,top_25,top_25,top_25
blend_schedule_ridge_gbt,2027,Ohio St.,ohio state,B10,Jake Diebler,0.7837978909014052,26_50,152,2159,0.19200458476728527,0.19200458476728527,0.19200458476728527,0.1661562415334017,10.0,0.3,0.7,0.3,0.4,0.31413612565445026,0.6858638743455497,0.2041884816753927,0.4816753926701571,0.8491279800940549,0.17817918164816904,7.409782070612568,0.1664741801382994,7.810746095573729,60.00694070869248,0.8225039873811658,0.5860806788534553,0.5256410256410257,0.8225039873811658,0.0,0.5860806788534553,0.0,0.8491279800940549,34.0,38.0,4,0.8225039873811658,13.168619925733335,3037.44,23.0,23.0,0.9395604395604396,67,True,89,True,99,True,149,True,168,True,181,True,215,True,249,True,279,True,top_25,top_25,top_25
blend_schedule_ridge_gbt,2027,Nebraska,nebraska,B10,Fred Hoiberg,0.7834989745653347,26_50,152,2159,0.10735947437999648,0.10735947437999648,0.10735947437999648,0.10534497317816935,10.0,0.2,0.8,0.2,0.6,0.19607843137254902,0.8039215686274509,0.12745098039215685,0.676470588235294,0.8752728865021023,0.09510798541409797,9.28669189937639,0.10260767436978366,11.209260250515106,78.30945378276253,0.9014711581655117,0.7718830907312583,0.8076923076923077,0.9014711581655117,0.0,0.7718830907312583,0.0,0.8752728865021023,31.0,16.0,6,0.9014711581655117,16.977346329066663,4007.91,24.0,24.0,0.9368131868131868,67,True,89,True,99,True,149,True,168,True,181,True,215,True,249,True,279,True,top_25,top_25,top_25
blend_schedule_ridge_gbt,2027,Utah St.,utah state,MWC,Ben Jacobson,0.7822246809837776,51_75,152,2159,0.1618002095385597,0.1618002095385597,0.1618002095385597,0.2003394688000677,7.0,0.14285714285714285,0.8571428571428572,0.14285714285714285,0.7142857142857143,0.13513513513513511,0.8648648648648648,0.08783783783783784,0.777027027027027,0.7578137193723179,0.17426849777492381,14.967254999999998,0.1618002095385597,5.743225133730491,21.196215934065933,0.7921617308092765,0.0959898740003452,,0.7921617308092765,0.0,0.0959898740003452,0.0,0.7578137193723179,157.0,,5,0.7921617308092765,8.39394721525,3566.44,25.0,25.0,0.9340659340659341,67,True,89,True,99,True,149,True,168,True,181,True,215,True,249,True,279,True,top_25,top_25,top_25
blend_schedule_ridge_gbt,2027,Auburn,auburn,SEC,Steven Pearl,0.7815588357794598,26_50,152,2159,0.33541757328281474,0.33541757328281474,0.33541757328281474,0.31528490564977146,15.0,0.4666666666666667,0.5333333333333333,0.2,0.3333333333333333,0.4761904761904762,0.5238095238095238,0.1326530612244898,0.391156462585034,0.859106252352829,0.3173931494863942,6.773831560830897,0.31386920753713976,12.56000493633518,37.3349647120921,0.8806507384232284,0.2947586444968644,0.6025641025641026,0.8806507384232284,0.0,0.2947586444968644,0.0,0.859106252352829,112.0,32.0,5,0.8806507384232284,20.9445477615,3187.06,26.0,26.0,0.9313186813186813,67,True,89,True,99,True,149,True,168,True,181,True,215,True,249,True,279,True,top_25,26_50,26_50
blend_schedule_ridge_gbt,2027,Florida,florida,SEC,Todd Golden,0.7808593537800066,top_25,152,2159,0.20591310906794819,0.20591310906794819,0.20591310906794819,0.11563985428736916,11.0,0.6363636363636364,0.36363636363636365,0.2727272727272727,0.09090909090909091,0.6930693069306931,0.306930693069307,0.1930693069306931,0.11386138613861387,0.9088625450504083,0.20479668065885537,10.013594738275282,0.15472268729892974,6.0774325150139985,44.429091165348936,0.7031266050979902,0.36822967608307927,0.5128205128205128,0.7031266050979902,0.0,0.36822967608307927,0.0,0.9088625450504083,109.0,39.0,1,0.7031266050979902,3.091951,1100.3,27.0,27.0,0.9285714285714286,67,True,89,True,99,True,149,True,168,True,181,True,215,True,249,True,279,True,top_25,26_50,26_50
blend_schedule_ridge_gbt,2027,Wisconsin,wisconsin,B10,Greg Gard,0.7777113464557617,top_25,152,2159,0.2253173970484257,0.2253173970484257,0.2253173970484257,0.11331850979381358,11.0,0.45454545454545453,0.5454545454545454,0.2727272727272727,0.2727272727272727,0.4807692307692308,0.5192307692307692,0.1875,0.3317307692307692,0.8871298296615454,0.20222632519494343,4.221012636709711,0.16157671754972575,9.512035494379687,37.55474493187232,0.8545927198239041,0.29590932627581845,0.3717948717948718,0.8545927198239041,0.0,0.29590932627581845,0.0,0.8871298296615454,113.0,50.0,3,0.8545927198239041,11.192798873466668,2507.12,28.0,28.0,0.9258241758241759,67,True,89,True,99,True,149,True,168,True,181,True,215,True,249,True,279,True,top_25,26_50,26_50
blend_schedule_ridge_gbt,2027,Arizona St.,arizona state,B12,Randy Bennett,0.7765325930790608,51_75,152,2159,0.20664117187168565,0.20664117187168565,0.20664117187168565,0.21771301262252213,13.0,0.23076923076923078,0.7692307692307692,0.23076923076923078,0.5384615384615384,0.23076923076923078,0.7692307692307692,0.15000000000000002,0.6192307692307691,0.8692690464992117,0.19510846395060813,0.2842248595143184,0.19874576517718073,16.825154837382147,67.37099486551357,0.947565926899319,0.6165928312525171,0.28205128205128205,0.947565926899319,0.0,0.6165928312525171,0.0,0.8692690464992117,88.0,57.0,7,0.947565926899319,26.1098141668,5003.46,29.0,29.0,0.9230769230769231,67,True,89,True,99,True,149,True,168,True,181,True,215,True,249,True,279,True,top_25,26_50,26_50
blend_schedule_ridge_gbt,2027,Xavier,xavier,BE,Richard Pitino,0.7736975128409066,76_100,152,2159,0.0009278251297752167,0.0009278251297752167,0.0009278251297752167,0.0,11.0,0.09090909090909091,0.9090909090909091,0.2727272727272727,0.6363636363636364,0.09090909090909093,0.9090909090909092,0.1772727272727273,0.7318181818181818,0.7999620261601735,0.0010153490493051167,12.170919999999999,0.00046391256488760834,16.174979101531886,65.75277115685506,0.9541709944421057,0.624929520741039,1.0,0.9541709944421057,0.0,0.624929520741039,0.0,0.7999620261601735,58.0,1.0,7,0.9541709944421057,27.48761610455,5183.3,30.0,30.0,0.9203296703296704,67,True,89,True,99,True,149,True,168,True,181,True,215,True,249,True,279,True,top_25,26_50,26_50
blend_schedule_ridge_gbt,2027,Virginia,virginia,ACC,Ryan Odom,0.7722994933298626,top_25,152,2159,0.4110621160409556,0.4110621160409556,0.4110621160409556,0.4598744805865072,12.0,0.6666666666666666,0.3333333333333333,0.08333333333333333,0.25,0.6611570247933884,0.33884297520661155,0.05371900826446281,0.28512396694214875,0.8741386411782607,0.42696406348690846,15.017987554375082,0.39529692832764507,5.2325954643983845,67.81637838031538,0.7542840345115464,0.6344974397330418,0.5512820512820513,0.7542840345115464,0.0,0.6344974397330418,0.0,0.8741386411782607,73.0,36.0,3,0.7542840345115464,6.742209602400001,1854.04,31.0,31.0,0.9175824175824175,67,True,89,True,99,True,149,True,168,True,181,True,215,True,249,True,279,True,top_25,26_50,26_50
blend_schedule_ridge_gbt,2027,Texas A&M,texas a and m,SEC,Bucky McMillan,0.7718735333549467,26_50,152,2159,0.06192734472121184,0.06192734472121184,0.06192734472121184,0.0,14.0,0.35714285714285715,0.6428571428571428,0.21428571428571427,0.42857142857142855,0.36101083032490977,0.6389891696750902,0.1407942238267148,0.4981949458483754,0.8340110503672726,0.06575892682419614,6.843389725836433,0.03096367236060592,7.943507545383662,80.82570288696058,0.8510826534200682,0.7910304355330533,0.7948717948717949,0.8510826534200682,0.0,0.7910304355330533,0.0,0.8340110503672726,40.0,17.0,6,0.8510826534200682,11.6167408064,4323.75,32.0,32.0,0.9148351648351648,67,True,89,True,99,True,149,True,168,True,181,True,215,True,249,True,279,True,top_25,26_50,26_50
blend_schedule_ridge_gbt,2027,St. John's,saint johns,BE,Rick Pitino,0.7707408628825158,26_50,152,2159,0.1661515130700865,0.1661515130700865,0.1661515130700865,0.1154330715982576,11.0,0.45454545454545453,0.5454545454545454,0.36363636363636365,0.18181818181818182,0.505050505050505,0.4949494949494949,0.26262626262626265,0.2323232323232323,0.862292622571582,0.1575395997317995,9.95418966504413,0.1332375753706749,2.993586087279322,25.194322344322416,0.6655128863065286,0.16969104194235085,0.2948717948717948,0.6655128863065286,0.0,0.16969104194235085,0.0,0.862292622571582,116.0,56.0,2,0.6655128863065286,3.0711176285833335,763.59,33.0,33.0,0.9120879120879121,67,True,89,True,99,True,149,True,168,True,181,True,215,True,249,True,279,True,top_25,26_50,26_50
blend_schedule_ridge_gbt,2027,Alabama,alabama,SEC,Nate Oats,0.7697948999646199,top_25,152,2159,0.11287407907540166,0.11287407907540166,0.11287407907540166,0.0,13.0,0.5384615384615384,0.46153846153846156,0.23076923076923078,0.23076923076923078,0.5645161290322581,0.435483870967742,0.15725806451612906,0.27822580645161293,0.9434477620647577,0.10464995608267647,3.913856067658597,0.05643703953770083,7.979855570525392,91.69620459335235,0.8311819492907928,0.9222708324004529,0.07692307692307687,0.8311819492907928,0.0,0.9222708324004529,0.0,0.9434477620647577,4.0,73.0,3,0.8311819492907928,8.520623195383335,1939.5300000000002,34.0,34.0,0.9093406593406593,67,True,89,True,99,True,149,True,168,True,181,True,215,True,249,True,279,True,top_25,26_50,26_50
blend_schedule_ridge_gbt,2027,Creighton,creighton,BE,Alan Huss,0.7648511417120125,76_100,152,2159,0.3917042858796449,0.3917042858796449,0.3917042858796449,0.4093391931037275,13.0,0.46153846153846156,0.5384615384615385,0.23076923076923078,0.3076923076923077,0.4780876494023904,0.5219123505976095,0.1553784860557769,0.3665338645418326,0.7985663467288517,0.39677640539506526,7.706151229337873,0.3587986467339783,10.366941956960902,74.40604874882834,0.8642327938354587,0.7221103503826019,0.641025641025641,0.8642327938354587,0.0,0.7221103503826019,0.0,0.7985663467288517,46.0,29.0,4,0.8642327938354587,12.840341394683334,2721.17,35.0,35.0,0.9065934065934066,67,True,89,True,99,True,149,True,168,True,181,True,215,True,249,True,279,True,top_25,26_50,26_50
blend_schedule_ridge_gbt,2027,Arkansas,arkansas,SEC,John Calipari,0.7592143256094799,26_50,152,2159,0.1602737607300286,0.1602737607300286,0.1602737607300286,0.149774305453649,11.0,0.45454545454545453,0.5454545454545454,0.36363636363636365,0.18181818181818182,0.505050505050505,0.4949494949494949,0.26262626262626265,0.2323232323232323,0.9580447302257038,0.1548727399974981,9.040151699596521,0.14817972847927594,8.460144373025217,97.06144975951884,0.8153702706647195,0.9741403040468004,0.3205128205128205,0.8153702706647195,0.0,0.9741403040468004,0.0,0.9580447302257038,1.0,54.0,2,0.8153702706647195,9.073712316583332,1455.1100000000001,36.0,36.0,0.9038461538461539,67,True,89,True,99,True,149,True,168,True,181,True,215,True,249,True,279,True,top_25,26_50,26_50
blend_schedule_ridge_gbt,2027,UCLA,ucla,B10,Mick Cronin,0.7569522482835753,26_50,152,2159,0.3778180373635225,0.3778180373635225,0.3778180373635225,0.32582572627527717,11.0,0.45454545454545453,0.5454545454545454,0.18181818181818182,0.36363636363636365,0.4587155963302752,0.5412844036697247,0.11926605504587157,0.4220183486238532,0.8844711548289441,0.3712149089613009,9.204414533349343,0.3273892407020746,7.034760778975261,62.03747367716619,0.7919184345171149,0.5948937263548617,0.8974358974358975,0.7919184345171149,0.0,0.5948937263548617,0.0,0.8844711548289441,50.0,9.0,4,0.7919184345171149,4.640547916566668,2599.4900000000002,37.0,37.0,0.9010989010989011,67,True,89,True,99,True,149,True,168,True,181,True,215,True,249,True,279,True,top_25,26_50,26_50
blend_schedule_ridge_gbt,2027,Mississippi,mississippi,SEC,Chris Beard,0.7542426065393423,51_75,152,2159,0.23706393227266095,0.23706393227266095,0.23706393227266095,0.27560347235493876,14.0,0.2857142857142857,0.7142857142857143,0.21428571428571427,0.5,0.2857142857142857,0.7142857142857142,0.1392857142857143,0.575,0.7850984263605236,0.21893907061579856,8.461878780571197,0.22377979632395048,9.429674315270889,50.558653816050835,0.86746949480227,0.48211100079684055,0.3589743589743589,0.86746949480227,0.0,0.48211100079684055,0.0,0.7850984263605236,48.0,51.0,7,0.86746949480227,14.574774164400003,5172.43,38.0,38.0,0.8983516483516484,67,True,89,True,99,True,149,True,168,True,181,True,215,True,249,True,279,True,top_25,26_50,26_50
blend_schedule_ridge_gbt,2027,Virginia Tech,virginia tech,ACC,Mike Young,0.7529913088144499,51_75,152,2159,0.3723934964790339,0.3723934964790339,0.3723934964790339,0.3383666353291145,10.0,0.4,0.6,0.0,0.6,0.36697247706422026,0.6330275229357798,0.0,0.6330275229357798,0.6883350709812233,0.3799867246626972,13.331165780697994,0.33290240155743817,6.79485096733617,,0.8141697357604357,,0.5897435897435898,0.8141697357604357,0.12216601892016082,,0.515391851077707,0.6883350709812233,,33.0,6,0.8141697357604357,7.356434849649999,3491.9199999999996,39.0,39.0,0.8956043956043956,67,True,89,True,99,True,149,True,168,True,181,True,215,True,249,True,279,True,top_25,26_50,26_50
blend_schedule_ridge_gbt,2027,TCU,tcu,B12,Jamie Dixon,0.7526424037662169,26_50,152,2159,0.5075166502708143,0.5075166502708143,0.5075166502708143,0.5549781795173659,10.0,0.5,0.5,0.2,0.3,0.5128205128205129,0.4871794871794871,0.13333333333333333,0.3538461538461538,0.6319974289851883,0.507737665905839,12.004452278174487,0.5072890871467824,4.648831705313239,77.387685381403,0.7502150343598745,0.21989528795811522,0.4487179487179487,0.7502150343598745,0.2601482498188628,0.029319371727748695,0.2654607044658017,0.6319974289851883,150.0,44.0,3,0.7502150343598745,4.144386766833334,1813.03,40.0,40.0,0.8928571428571429,67,True,89,True,99,True,149,True,168,True,181,True,215,True,249,True,279,True,top_25,26_50,26_50
blend_schedule_ridge_gbt,2027,Georgia,georgia,SEC,Mike White,0.7500782244147235,51_75,152,2159,0.33046717701264017,0.33046717701264017,0.33046717701264017,0.34307208749056967,13.0,0.38461538461538464,0.6153846153846154,0.3076923076923077,0.3076923076923077,0.4098360655737705,0.5901639344262295,0.21311475409836067,0.3770491803278689,0.7197982926620751,0.33177982495111774,12.58908548684817,0.2979232928807781,8.003559970192129,37.98614522867067,0.8344581743556755,0.3448204400703025,0.10256410256410253,0.8344581743556755,0.0,0.3448204400703025,0.0,0.7197982926620751,62.0,71.0,4,0.8344581743556755,10.829250565216666,2443.05,41.0,41.0,0.8901098901098901,67,True,89,True,99,True,149,True,168,True,181,True,215,True,249,True,279,True,top_25,26_50,26_50
blend_schedule_ridge_gbt,2027,Michigan St.,michigan state,B10,Tom Izzo,0.7473408702453338,top_25,152,2159,0.3959532201899276,0.3959532201899276,0.3959532201899276,0.31418831114036416,13.0,0.6153846153846154,0.38461538461538464,0.3076923076923077,0.07692307692307693,0.6808510638297872,0.3191489361702128,0.22127659574468087,0.09787234042553192,0.9394596875307409,0.3800517036987565,7.898189550383481,0.3300082978134906,4.116656756220779,87.0385343561169,0.6994121202121228,0.8737656689321778,0.16666666666666663,0.6994121202121228,0.0,0.8737656689321778,0.0,0.9394596875307409,8.0,66.0,1,0.6994121202121228,5.239737141333333,846.42,42.0,42.0,0.8873626373626373,67,True,89,True,99,True,149,True,168,True,181,True,215,True,249,True,279,True,top_25,26_50,26_50
blend_schedule_ridge_gbt,2027,BYU,byu,B12,Kevin Young,0.7471815649519673,26_50,152,2159,0.13390842639449393,0.13390842639449393,0.13390842639449393,0.16072621527095532,10.0,0.2,0.8,0.4,0.4,0.2173913043478261,0.782608695652174,0.28260869565217395,0.5,0.8691326215934018,0.10955223171002726,1.7128116022642654,0.13390842639449393,7.859940363851377,68.6960394116999,0.7759573293317992,0.671537954550387,0.47435897435897434,0.7759573293317992,0.0,0.671537954550387,0.0,0.8691326215934018,37.0,42.0,4,0.7759573293317992,7.6650219689500005,2256.13,43.0,43.0,0.8846153846153846,67,True,89,True,99,True,149,True,168,True,181,True,215,True,249,True,279,True,top_25,26_50,26_50
blend_schedule_ridge_gbt,2027,Memphis,memphis,Amer,Penny Hardaway,0.7470554140774524,101_135,152,2159,0.19706112172252127,0.19706112172252127,0.19706112172252127,0.23940266917514258,14.0,0.21428571428571427,0.7857142857142857,0.21428571428571427,0.5714285714285714,0.21201413427561838,0.7879858657243816,0.13780918727915195,0.6501766784452296,0.777428513349652,0.20222191150568605,8.07813800595566,0.18375741076079677,9.20245180241937,67.63558901532514,0.8591964969163782,0.6446579598412059,,0.8591964969163782,0.0,0.6446579598412059,0.0,0.777428513349652,57.0,,8,0.8591964969163782,14.728418734250003,5475.52,44.0,44.0,0.8818681318681318,67,True,89,True,99,True,149,True,168,True,181,True,215,True,249,True,279,True,top_25,26_50,26_50
blend_schedule_ridge_gbt,2027,Oklahoma,oklahoma,SEC,Porter Moser,0.7413048214209212,26_50,152,2159,0.3949872601528781,0.3949872601528781,0.3949872601528781,0.4327764890751272,12.0,0.4166666666666667,0.5833333333333333,0.25,0.3333333333333333,0.4329004329004329,0.5670995670995671,0.16883116883116883,0.3982683982683982,0.8871566260964167,0.39785159127128855,7.718960760977434,0.38256740919108967,7.735721053622544,82.76033233963366,0.7974512289816271,0.8107588746332204,0.6282051282051282,0.7974512289816271,0.0,0.8107588746332204,0.0,0.8871566260964167,39.0,30.0,4,0.7974512289816271,8.188435176183333,2370.64,45.0,45.0,0.8791208791208791,67,True,89,True,99,True,149,True,168,True,181,True,215,True,249,True,279,True,top_25,26_50,26_50
blend_schedule_ridge_gbt,2027,Oregon,oregon,B10,Dana Altman,0.7391776900862101,101_135,152,2159,0.1248507789068689,0.1248507789068689,0.1248507789068689,0.1463974208977993,12.0,0.16666666666666666,0.8333333333333334,0.25,0.5833333333333334,0.16666666666666666,0.8333333333333333,0.1625,0.6708333333333333,0.8306517272435077,0.11560966110072907,2.569253961909572,0.11977998546310288,11.136143037768752,73.51550074417227,0.878618593707888,0.7273965262940787,0.6153846153846154,0.878618593707888,0.0,0.7273965262940787,0.0,0.8306517272435077,25.0,31.0,7,0.878618593707888,11.746631228816666,4256.79,46.0,46.0,0.8763736263736264,67,True,89,True,99,True,149,True,168,True,181,True,215,True,249,True,279,True,top_25,26_50,26_50
blend_schedule_ridge_gbt,2027,Illinois,illinois,B10,Brad Underwood,0.7373097369959117,top_25,152,2159,0.11841984210687721,0.11841984210687721,0.11841984210687721,0.11043257927928338,9.0,0.4444444444444444,0.5555555555555556,0.4444444444444444,0.1111111111111111,0.5161290322580645,0.48387096774193544,0.3354838709677419,0.14838709677419354,0.8638365685506664,0.10536660611000888,12.77308343368237,0.10752918996108007,3.5828097975832836,71.6768478958266,0.6571119329829853,0.7164739052963556,0.2692307692307693,0.6571119329829853,0.0,0.7164739052963556,0.0,0.8638365685506664,15.0,58.0,1,0.6571119329829853,4.195128342266667,976.07,47.0,47.0,0.8736263736263736,67,True,89,True,99,True,149,True,168,True,181,True,215,True,249,True,279,True,top_25,26_50,26_50
blend_schedule_ridge_gbt,2027,N.C. State,nc state,ACC,Justin Gainey,0.7342033845471507,51_75,152,2159,0.07596059858499347,0.07596059858499347,0.07596059858499347,0.0,10.0,0.2,0.8,0.2,0.6,0.19607843137254902,0.8039215686274509,0.12745098039215685,0.676470588235294,0.842017800631373,0.06617510104569067,6.182685715215807,0.03798029929249674,13.252318005235125,72.20980813855161,0.9176338142293284,0.7073068292963581,0.858974358974359,0.9176338142293284,0.0,0.7073068292963581,0.0,0.842017800631373,36.0,12.0,6,0.9176338142293284,18.648665574650003,5497.43,48.0,48.0,0.8708791208791209,67,True,89,True,99,True,149,True,168,True,181,True,215,True,249,True,279,True,top_25,26_50,26_50
blend_schedule_ridge_gbt,2027,Dayton,dayton,A10,Anthony Grant,0.7316925669748746,51_75,152,2159,0.24496312984288712,0.24496312984288712,0.24496312984288712,0.23166369624176675,16.0,0.4375,0.5625,0.1875,0.375,0.441640378548896,0.5583596214511042,0.12302839116719246,0.4353312302839117,0.8160297302515135,0.25249331612982184,10.306322813750977,0.22247046106425789,6.380959298580634,65.53615788493093,0.7786341103632501,0.6404790417132775,,0.7786341103632501,0.0,0.6404790417132775,0.0,0.8160297302515135,35.0,,6,0.7786341103632501,8.943969470816665,2355.58,49.0,49.0,0.8681318681318682,67,True,89,True,99,True,149,True,168,True,181,True,215,True,249,True,279,True,top_25,26_50,26_50
blend_schedule_ridge_gbt,2027,Nevada,nevada,MWC,Steve Alford,0.7314879777578795,51_75,152,2159,0.3615493333333333,0.3615493333333333,0.3615493333333333,0.33754374943910975,12.0,0.4166666666666667,0.5833333333333334,0.16666666666666666,0.4166666666666667,0.4149377593360996,0.5850622406639003,0.1078838174273859,0.4771784232365145,0.7806470194458516,0.36296571895641344,12.206367580118158,0.3111646666666666,3.3272830074384716,46.80529189392669,0.7144226938179475,0.43083827167596805,,0.7144226938179475,0.0,0.43083827167596805,0.0,0.7806470194458516,66.0,,5,0.7144226938179475,5.139199139233332,3168.32,50.0,50.0,0.8653846153846154,67,True,89,True,99,True,149,True,168,True,181,True,215,True,249,True,279,True,top_25,26_50,26_50
blend_schedule_ridge_gbt,2027,Maryland,maryland,B10,Buzz Williams,0.730868167058837,101_135,152,2159,0.3103048438941388,0.3103048438941388,0.3103048438941388,0.24071450878914968,15.0,0.3333333333333333,0.6666666666666667,0.26666666666666666,0.4,0.3448275862068966,0.6551724137931034,0.17931034482758623,0.47586206896551725,0.8215837232831105,0.2940664659348424,-0.5533093388824804,0.25290372452777204,13.802702563778254,79.32722788112007,0.9309952237789229,0.7960461190359971,0.7435897435897436,0.9309952237789229,0.0,0.7960461190359971,0.0,0.8215837232831105,11.0,21.0,6,0.9309952237789229,20.85434917006667,4559.6900000000005,51.0,51.0,0.8626373626373627,67,True,89,True,99,True,149,True,168,True,181,True,215,True,249,True,279,True,top_25,51_75,51_75
blend_schedule_ridge_gbt,2027,Purdue,purdue,B10,Matt Painter,0.7284158860729008,top_25,152,2159,0.3470654238093899,0.3470654238093899,0.3470654238093899,0.3210043502503018,11.0,0.5454545454545454,0.4545454545454546,0.36363636363636365,0.09090909090909091,0.6153846153846154,0.3846153846153847,0.2666666666666667,0.11794871794871796,0.8995495344896218,0.3245226033565745,9.481039834835665,0.30927810678110357,,76.39245524314052,-1.0,0.7651520421878351,0.15384615384615385,,0.0,0.7651520421878351,0.0,0.8995495344896218,13.0,67.0,,,,,52.0,52.0,0.8598901098901099,67,True,89,True,99,True,149,True,168,True,181,True,215,True,249,True,279,True,top_25,51_75,51_75
blend_schedule_ridge_gbt,2027,Grand Canyon,grand canyon,MWC,Bryce Drew,0.7283086038506007,101_135,152,2159,0.12477354085603114,0.12477354085603114,0.12477354085603114,0.12850759606791778,10.0,0.3,0.7,0.0,0.7,0.27149321266968324,0.7285067873303167,0.0,0.7285067873303167,0.6998139552671002,0.12342466234016662,10.261929211739245,0.11834007782101169,9.242976299692447,,0.8651936468727309,,,0.8651936468727309,0.03212852791520679,,0.6302994441018537,0.6998139552671002,,,7,0.8651936468727309,11.416613246116668,5063.21,53.0,53.0,0.8571428571428572,67,True,89,True,99,True,149,True,168,True,181,True,215,True,249,True,279,True,top_25,51_75,51_75
blend_schedule_ridge_gbt,2027,Providence,providence,BE,Brian Hodgson,0.7263028823619673,51_75,152,2159,0.1370150936823803,0.1370150936823803,0.1370150936823803,0.15045613911138978,11.0,0.18181818181818182,0.8181818181818182,0.09090909090909091,0.7272727272727273,0.1687763713080169,0.8312236286919832,0.054852320675105495,0.7763713080168777,0.7538634484699194,0.1316290917067198,4.385340196330848,0.13137304391721355,14.564149629005742,73.31075,0.9112343380615024,0.09947643979057598,0.5641025641025641,0.9112343380615024,0.022172665640036046,0.005456513575010498,0.7074561949507023,0.7538634484699194,173.0,35.0,8,0.9112343380615024,27.070445198083334,5945.370000000001,54.0,54.0,0.8543956043956044,67,True,89,True,99,True,149,True,168,True,181,True,215,True,249,True,279,True,top_25,51_75,51_75
blend_schedule_ridge_gbt,2027,VCU,vcu,A10,Phil Martelli Jr.,0.7250477645419041,26_50,152,2159,0.7297464508797887,0.7297464508797887,0.7297464508797887,0.7248990293791936,14.0,0.6428571428571429,0.3571428571428571,0.14285714285714285,0.21428571428571427,0.6545454545454545,0.3454545454545454,0.09454545454545454,0.25090909090909086,0.8340556099470908,0.7107706849539001,16.972668803087373,0.6729113927554626,3.6443703264522394,80.78156139964658,0.7504558795451791,0.7986741513450493,,0.7504558795451791,0.0,0.7986741513450493,0.0,0.8340556099470908,28.0,,3,0.7504558795451791,4.8559291688499995,2429.9100000000003,55.0,55.0,0.8516483516483516,67,True,89,True,99,True,149,True,168,True,181,True,215,True,249,True,279,True,top_25,51_75,51_75
blend_schedule_ridge_gbt,2027,Northwestern,northwestern,B10,Chris Collins,0.7216252713894065,51_75,152,2159,0.26782231820905755,0.26782231820905755,0.26782231820905755,0.26007509745471225,13.0,0.3076923076923077,0.6923076923076923,0.15384615384615385,0.5384615384615384,0.2996254681647941,0.7003745318352059,0.09737827715355807,0.6029962546816479,0.8174730977842133,0.24382662830922439,3.4819252190914174,0.24026704722776962,7.181839032474184,66.64338115973341,0.8212134030237908,0.6482250733559634,0.3846153846153846,0.8212134030237908,0.0,0.6482250733559634,0.0,0.8174730977842133,41.0,49.0,7,0.8212134030237908,11.130157168016666,4202.64,56.0,56.0,0.8489010989010989,67,True,89,True,99,True,149,True,168,True,181,True,215,True,249,True,279,True,top_25,51_75,51_75
blend_schedule_ridge_gbt,2027,Marquette,marquette,BE,Shaka Smart,0.7191550364068984,76_100,152,2159,0.4581225858961508,0.4581225858961508,0.4581225858961508,0.4798986765542686,12.0,0.5833333333333334,0.41666666666666663,0.25,0.16666666666666666,0.6222222222222222,0.37777777777777777,0.17333333333333334,0.20444444444444443,0.8428949711140987,0.43959197519549625,5.954055451239405,0.43094948702465025,11.82167160766476,69.14660706941045,0.8605327427136037,0.6635568636033458,0.5769230769230769,0.8605327427136037,0.0,0.6635568636033458,0.0,0.8428949711140987,53.0,34.0,2,0.8605327427136037,14.899161650700002,1751.83,57.0,57.0,0.8461538461538461,67,True,89,True,99,True,149,True,168,True,181,True,215,True,249,True,279,True,top_25,51_75,51_75
blend_schedule_ridge_gbt,2027,UCF,ucf,B12,Johnny Dawkins,0.7168150392188226,51_75,152,2159,0.37655621470838124,0.37655621470838124,0.37655621470838124,0.28233647962813646,14.0,0.5,0.5,0.07142857142857142,0.42857142857142855,0.4810996563573884,0.5189003436426116,0.04467353951890035,0.4742268041237113,0.8118006800220855,0.3665113714915163,9.406637522922589,0.30464364393717247,9.062151010318148,51.25387161172154,0.8373295167812301,0.4374086646337955,0.46153846153846156,0.8373295167812301,0.0,0.4374086646337955,0.0,0.8118006800220855,108.0,43.0,6,0.8373295167812301,15.284087765116666,3885.56,58.0,58.0,0.8434065934065934,67,True,89,True,99,True,149,True,168,True,181,True,215,True,249,True,279,True,top_25,51_75,51_75
blend_schedule_ridge_gbt,2027,San Diego St.,san diego state,MWC,Brian Dutcher,0.7152600282215338,26_50,152,2159,0.14550194408215872,0.14550194408215872,0.14550194408215872,0.09864150720578994,9.0,0.5555555555555556,0.4444444444444444,0.1111111111111111,0.3333333333333333,0.5494505494505495,0.4505494505494505,0.07142857142857142,0.3791208791208791,0.8524370749400954,0.14499698869762065,6.429772531098914,0.10859503473600482,3.0120300248162715,31.199878937729004,0.7059512185117625,0.21154133824290894,,0.7059512185117625,0.0,0.21154133824290894,0.0,0.8524370749400954,139.0,,3,0.7059512185117625,5.6169486054,2074.37,59.0,59.0,0.8406593406593407,67,True,89,True,99,True,149,True,168,True,181,True,215,True,249,True,279,True,top_25,51_75,51_75
blend_schedule_ridge_gbt,2027,North Carolina,north carolina,ACC,Michael Malone,0.7139488812100376,26_50,152,2159,0.13186494710911462,0.13186494710911462,0.13186494710911462,0.15504076897943392,13.0,0.3076923076923077,0.6923076923076923,0.3076923076923077,0.38461538461538464,0.3238866396761134,0.6761133603238867,0.2105263157894737,0.46558704453441296,0.8701389352316788,0.12266738691713802,8.69808259214744,0.13003701154422065,6.119866888551498,70.1309375648961,0.7986571591933871,0.6995656932204144,0.2564102564102564,0.7986571591933871,0.0,0.6995656932204144,0.0,0.8701389352316788,17.0,59.0,5,0.7986571591933871,9.4917567292,3025.67,60.0,60.0,0.8379120879120879,67,True,89,True,99,True,149,True,168,True,181,True,215,True,249,True,279,True,top_25,51_75,51_75
blend_schedule_ridge_gbt,2027,Kansas St.,kansas state,B12,Casey Alexander,0.712749824643995,101_135,152,2159,0.09716033024793595,0.09716033024793595,0.09716033024793595,0.0,14.0,0.14285714285714285,0.8571428571428572,0.14285714285714285,0.7142857142857143,0.13513513513513511,0.8648648648648648,0.08783783783783784,0.777027027027027,0.7554164941649839,0.09051241323382207,1.4248637717704202,0.048580165123967976,9.139276475931357,34.8786359773795,0.8356023385895629,0.26126229791151256,0.5,0.8356023385895629,0.0,0.26126229791151256,0.0,0.7554164941649839,123.0,40.0,10,0.8356023385895629,11.280679643266668,5142.81,61.0,61.0,0.8351648351648352,67,True,89,True,99,True,149,True,168,True,181,True,215,True,249,True,279,True,top_25,51_75,51_75
blend_schedule_ridge_gbt,2027,Syracuse,syracuse,ACC,Gerry McNamara,0.712478092027504,76_100,152,2159,0.08387778028098213,0.08387778028098213,0.08387778028098213,0.09635220662940759,12.0,0.25,0.75,0.25,0.5,0.25316455696202533,0.7468354430379747,0.16455696202531647,0.5822784810126582,0.6179321555240301,0.08865042656451168,-1.03249007491321,0.08343410008015362,16.585540924564935,65.58205262418002,0.93765535505427,0.5948219319947069,0.8333333333333334,0.93765535505427,0.0,0.5948219319947069,0.0,0.6179321555240301,92.0,14.0,6,0.93765535505427,26.86075670165,5309.650000000001,62.0,62.0,0.8324175824175825,67,True,89,True,99,True,149,True,168,True,181,True,215,True,249,True,279,True,top_25,51_75,51_75
blend_schedule_ridge_gbt,2027,Wichita St.,wichita state,Amer,Paul Mills,0.7100368289979206,51_75,152,2159,0.3179791498253161,0.3179791498253161,0.3179791498253161,0.24566215276357237,11.0,0.5454545454545454,0.4545454545454546,0.09090909090909091,0.36363636363636365,0.5333333333333333,0.4666666666666666,0.05777777777777778,0.40888888888888886,0.5232105829869509,0.32020111651315836,13.918402751894604,0.2639663163665759,5.847531954872197,73.31075,0.8012653140201559,0.13089005235602091,,0.8012653140201559,0.14078203539550715,0.007562536358347876,0.3276284839549082,0.5232105829869509,167.0,,4,0.8012653140201559,5.907656829666666,2876.3,63.0,63.0,0.8296703296703296,67,True,89,True,99,True,149,True,168,True,181,True,215,True,249,True,279,True,top_25,51_75,51_75
blend_schedule_ridge_gbt,2027,Oklahoma St.,oklahoma state,B12,Steve Lutz,0.7096123457077288,76_100,152,2159,0.25372547855597155,0.25372547855597155,0.25372547855597155,0.17027691607946815,14.0,0.35714285714285715,0.6428571428571428,0.2857142857142857,0.35714285714285715,0.3745318352059925,0.6254681647940075,0.1947565543071161,0.4307116104868913,0.7891547042822429,0.23796125743263918,2.6126648758836613,0.19459415146156922,10.45311912754947,81.50754525664551,0.8947933664737662,0.8194019604639158,0.8461538461538461,0.8947933664737662,0.0,0.8194019604639158,0.0,0.7891547042822429,9.0,13.0,5,0.8947933664737662,13.658580061950001,3728.7100000000005,64.0,64.0,0.8269230769230769,67,True,89,True,99,True,149,True,168,True,181,True,215,True,249,True,279,True,top_25,51_75,51_75
blend_schedule_ridge_gbt,2027,Pittsburgh,pittsburgh,ACC,Jeff Capel III,0.7068687340186758,76_100,152,2159,0.019705292789913967,0.019705292789913967,0.019705292789913967,0.0,14.0,0.07142857142857142,0.9285714285714286,0.14285714285714285,0.7857142857142857,0.06688963210702341,0.9331103678929764,0.08695652173913043,0.846153846153846,0.7914114259934587,0.01742127265985789,0.19922249999999853,0.009852646394956983,7.86370151861451,78.64879921993415,0.8082238484060879,0.7782693746044532,0.2435897435897436,0.8082238484060879,0.0,0.7782693746044532,0.0,0.7914114259934587,27.0,60.0,11,0.8082238484060879,15.627975524566668,6379.01,65.0,65.0,0.8241758241758241,67,True,89,True,99,True,149,True,168,True,181,True,215,True,249,True,279,True,top_25,51_75,51_75
blend_schedule_ridge_gbt,2027,Mississippi St.,mississippi state,SEC,Chris Jans,0.7041060991855925,101_135,152,2159,0.044889783273127135,0.044889783273127135,0.044889783273127135,0.0,8.0,0.125,0.875,0.375,0.5,0.13245033112582782,0.8675496688741722,0.2582781456953643,0.609271523178808,0.8101908009568853,0.04641238793020273,3.341272499999995,0.022444891636563567,4.946456537176425,77.85617987006401,0.7600949242833465,0.7729594598598746,0.7564102564102564,0.7600949242833465,0.0,0.7729594598598746,0.0,0.8101908009568853,22.0,20.0,4,0.7600949242833465,5.035875234466667,3015.07,66.0,66.0,0.8214285714285714,67,True,89,True,99,True,149,True,168,True,181,True,215,True,249,True,279,True,top_25,51_75,51_75
blend_schedule_ridge_gbt,2027,West Virginia,west virginia,B12,Ross Hodge,0.701758999686864,51_75,152,2159,0.07223729436813246,0.07223729436813246,0.07223729436813246,0.0,11.0,0.09090909090909091,0.9090909090909091,0.36363636363636365,0.5454545454545454,0.09523809523809525,0.9047619047619048,0.24761904761904766,0.6571428571428571,0.8398649353974911,0.06288443612931659,1.1303099999999988,0.03611864718406623,8.053011233346279,78.04134206123672,0.8329108892155138,0.780899727303853,0.7051282051282051,0.8329108892155138,0.0,0.780899727303853,0.0,0.8398649353974911,14.0,24.0,6,0.8329108892155138,9.215080978133335,4736.05,67.0,67.0,0.8186813186813187,67,True,89,True,99,True,149,True,168,True,181,True,215,True,249,True,279,True,top_25,51_75,51_75
blend_schedule_ridge_gbt,2027,New Mexico,new mexico,MWC,Eric Olen,0.7001398718682917,101_135,152,2159,0.1348355492963224,0.1348355492963224,0.1348355492963224,0.1547231997144023,5.0,0.2,0.8,0.0,0.8,0.1785714285714286,0.8214285714285714,0.0,0.8214285714285714,0.7509175547198967,0.1323685966094029,9.765967499999997,0.1348355492963224,7.373172338160393,,0.7986656614702977,,,0.7986656614702977,0.024077776660057577,,0.6560467933506017,0.7509175547198967,,,4,0.7986656614702977,8.7544938275,1716.22,68.0,68.0,0.8159340659340659,67,False,89,True,99,True,149,True,168,True,181,True,215,True,249,True,279,True,26_50,51_75,51_75
blend_schedule_ridge_gbt,2027,Florida St.,florida state,ACC,Luke Loucks,0.6983168620173876,51_75,152,2159,0.1598795763049562,0.1598795763049562,0.1598795763049562,0.11392947503557675,12.0,0.25,0.75,0.3333333333333333,0.4166666666666667,0.2643171806167401,0.7356828193832599,0.2290748898678414,0.5066079295154184,0.7992291300341207,0.1459374836711627,2.4100682910510756,0.1282782047960388,6.776322351199314,72.5580898976753,0.8092456487898412,0.7243519912447546,0.9615384615384616,0.8092456487898412,0.0,0.7243519912447546,0.0,0.7992291300341207,16.0,4.0,5,0.8092456487898412,9.731628110416667,3810.41,69.0,69.0,0.8131868131868132,67,False,89,True,99,True,149,True,168,True,181,True,215,True,249,True,279,True,26_50,51_75,51_75
blend_schedule_ridge_gbt,2027,Vanderbilt,vanderbilt,SEC,Mark Byington,0.6886327501621666,51_75,152,2159,0.0894676877410385,0.0894676877410385,0.0894676877410385,0.08522135873972708,11.0,0.2727272727272727,0.7272727272727273,0.2727272727272727,0.45454545454545453,0.2803738317757009,0.719626168224299,0.18224299065420563,0.5373831775700935,0.8594476541443353,0.07579327798808712,3.4749275493347556,0.08155031531556386,9.339657589378275,80.26274453940123,0.8726047599480256,0.8002759070692194,0.9487179487179487,0.8726047599480256,0.0,0.8002759070692194,0.0,0.8594476541443353,18.0,5.0,5,0.8726047599480256,12.50059076365,4312.9,70.0,70.0,0.8104395604395604,67,False,89,True,99,True,149,True,168,True,181,True,215,True,249,True,279,True,26_50,51_75,51_75
blend_schedule_ridge_gbt,2027,Butler,butler,BE,Ronald Nored,0.6879105173184875,76_100,152,2159,0.09694620082767957,0.09694620082767957,0.09694620082767957,0.11894268921876013,9.0,0.2222222222222222,0.7777777777777778,0.2222222222222222,0.5555555555555556,0.22099447513812154,0.7790055248618784,0.143646408839779,0.6353591160220994,0.8294221963095301,0.09137246828566974,12.023147530230414,0.09638851709973692,4.834233759190153,72.23113557922701,0.7669078140913195,0.6659916000230137,0.05128205128205132,0.7669078140913195,0.0,0.6659916000230137,0.0,0.8294221963095301,87.0,75.0,5,0.7669078140913195,9.331657223466667,2768.2400000000002,71.0,71.0,0.8076923076923077,67,False,89,True,99,True,149,True,168,True,181,True,215,True,249,True,279,True,26_50,51_75,51_75
blend_schedule_ridge_gbt,2027,Wake Forest,wake forest,ACC,Steve Forbes,0.684762659621461,76_100,152,2159,0.04344900889899025,0.04344900889899025,0.04344900889899025,0.0,12.0,0.25,0.75,0.16666666666666666,0.5833333333333334,0.24291497975708504,0.757085020242915,0.10526315789473685,0.6518218623481782,0.8167303403340015,0.036121070419973623,-1.2846901846128835,0.021724504449495124,8.783030398851345,78.64020819747263,0.8556848937834387,0.7770374119479395,0.33333333333333337,0.8556848937834387,0.0,0.7770374119479395,0.0,0.8167303403340015,29.0,53.0,7,0.8556848937834387,10.916116461983334,4341.6,72.0,72.0,0.804945054945055,67,False,89,True,99,True,149,True,168,True,181,True,215,True,249,True,279,True,26_50,51_75,51_75
blend_schedule_ridge_gbt,2027,Missouri,missouri,SEC,Dennis Gates,0.6832433810477965,51_75,152,2159,0.19380567702662874,0.19380567702662874,0.19380567702662874,0.1047172141269449,13.0,0.38461538461538464,0.6153846153846154,0.23076923076923078,0.38461538461538464,0.39370078740157477,0.6062992125984251,0.15354330708661418,0.45275590551181094,0.8426166199979326,0.17577974330876964,3.5267448682883322,0.13962189246251105,7.948842713032219,88.18128768132486,0.8350073802731721,0.8852668845388275,0.39743589743589747,0.8350073802731721,0.0,0.8852668845388275,0.0,0.8426166199979326,7.0,48.0,5,0.8350073802731721,7.628282346416667,4250.8099999999995,73.0,73.0,0.8021978021978022,67,False,89,True,99,True,149,True,168,True,181,True,215,True,249,True,279,True,26_50,51_75,51_75
blend_schedule_ridge_gbt,2027,Seton Hall,seton hall,BE,Shaheen Holloway,0.6825101540129241,51_75,152,2159,0.38818552614832635,0.38818552614832635,0.38818552614832635,0.25372841260787854,15.0,0.4666666666666667,0.5333333333333333,0.06666666666666667,0.4666666666666667,0.445859872611465,0.554140127388535,0.04140127388535032,0.5127388535031847,0.7984929810213615,0.3685951744570725,9.207553801404352,0.2968800189089763,4.217853545349046,65.07017516324255,0.7645684097269456,0.6007939704274783,0.02564102564102566,0.7645684097269456,0.0,0.6007939704274783,0.0,0.7984929810213615,80.0,77.0,7,0.7645684097269456,6.350835252666667,5130.0,74.0,74.0,0.7994505494505495,67,False,89,True,99,True,149,True,168,True,181,True,215,True,249,True,279,True,26_50,51_75,51_75
blend_schedule_ridge_gbt,2027,SMU,smu,ACC,Andy Enfield,0.6814557608785798,51_75,152,2159,0.19053604457816728,0.19053604457816728,0.19053604457816728,0.16882970082468202,12.0,0.4166666666666667,0.5833333333333334,0.08333333333333333,0.5,0.398406374501992,0.6015936254980079,0.05179282868525896,0.549800796812749,0.8764212210799001,0.1748790531400469,4.372208340618464,0.17158273223756532,7.7587193070435925,69.85874818442437,0.8432092625489801,0.6584661411886543,0.9358974358974359,0.8432092625489801,0.0,0.6584661411886543,0.0,0.8764212210799001,69.0,6.0,6,0.8432092625489801,10.581975605833332,3732.13,75.0,75.0,0.7967032967032968,67,False,89,True,99,True,149,True,168,True,181,True,215,True,249,True,279,True,26_50,51_75,51_75
blend_schedule_ridge_gbt,2027,South Carolina,south carolina,SEC,Lamont Paris,0.6765754444108266,76_100,152,2159,0.1022383115288565,0.1022383115288565,0.1022383115288565,0.07410732191800445,10.0,0.3,0.7,0.1,0.6,0.2843601895734597,0.7156398104265402,0.06161137440758294,0.6540284360189573,0.7626652939958417,0.09288524729553364,1.5959097666883175,0.08108068454371217,8.941531554342822,81.75710222169141,0.8464338372390939,0.7905529025947875,0.8846153846153846,0.8464338372390939,0.0,0.7905529025947875,0.0,0.7626652939958417,52.0,10.0,6,0.8464338372390939,9.972526353000001,4516.870000000001,76.0,76.0,0.793956043956044,67,False,89,True,99,True,149,True,168,True,181,True,215,True,249,True,279,True,26_50,76_100,76_100
blend_schedule_ridge_gbt,2027,Notre Dame,notre dame,ACC,Micah Shrewsberry,0.6733809239747577,76_100,152,2159,0.3464120862724681,0.3464120862724681,0.3464120862724681,0.32826390896273444,13.0,0.38461538461538464,0.6153846153846154,0.23076923076923078,0.38461538461538464,0.39370078740157477,0.6062992125984251,0.15354330708661418,0.45275590551181094,0.7396662495311106,0.3305302224502578,2.9423205645593677,0.3056932971854147,9.675846453826,54.190819471796175,0.8837390229549126,0.5223682594485347,0.038461538461538436,0.8837390229549126,0.0,0.5223682594485347,0.0,0.7396662495311106,43.0,76.0,5,0.8837390229549126,12.35459977035,3224.1400000000003,77.0,77.0,0.7912087912087912,67,False,89,True,99,True,149,True,168,True,181,True,215,True,249,True,279,True,26_50,76_100,76_100
blend_schedule_ridge_gbt,2027,Washington,washington,B10,Danny Sprinkle,0.6711177344006134,51_75,152,2159,0.15113535410433843,0.15113535410433843,0.15113535410433843,0.08574866686938658,11.0,0.45454545454545453,0.5454545454545454,0.18181818181818182,0.36363636363636365,0.4587155963302752,0.5412844036697247,0.11926605504587157,0.4220183486238532,0.7594007637118649,0.13807672418410655,2.578582746126703,0.11020957271974124,7.874027433148874,34.658855757599284,0.8282298926824035,0.25801737529486224,0.012820512820512775,0.8282298926824035,0.0,0.25801737529486224,0.0,0.7594007637118649,124.0,78.0,4,0.8282298926824035,8.54651599665,3156.8599999999997,78.0,78.0,0.7884615384615384,67,False,89,True,99,True,149,True,168,True,181,True,215,True,249,True,279,True,26_50,76_100,76_100
blend_schedule_ridge_gbt,2027,Saint Mary's,saint marys,WCC,Mickey McConnell,0.6680052677872743,26_50,152,2159,0.2655522951490777,0.2655522951490777,0.2655522951490777,0.20505033462684888,10.0,0.4,0.6,0.1,0.5,0.38461538461538464,0.6153846153846153,0.0625,0.5528846153846153,0.9287631434882744,0.25108983468092666,9.984639606746526,0.22392586273167897,5.8051285610676775,83.57548890746936,0.7124350711607544,0.8112766814337495,,0.7124350711607544,0.0,0.8112766814337495,0.0,0.9287631434882744,49.0,,5,0.7124350711607544,2.5274345444,1122.03,79.0,79.0,0.7857142857142857,67,False,89,True,99,True,149,True,168,True,181,True,215,True,249,True,279,True,26_50,76_100,76_100
blend_schedule_ridge_gbt,2027,Saint Louis,saint louis,A10,Josh Schertz,0.6640626425510066,76_100,152,2159,0.5881885815209639,0.5881885815209639,0.5881885815209639,0.5863203472630533,13.0,0.6923076923076923,0.3076923076923077,0.07692307692307693,0.23076923076923078,0.6870229007633588,0.31297709923664124,0.04961832061068703,0.2633587786259542,0.8153892808091359,0.5872422775839506,17.56919218485136,0.5316616250222426,0.7196235450556218,64.18561950151307,0.5982264125893979,0.588861400379725,,0.5982264125893979,0.0,0.588861400379725,0.0,0.8153892808091359,83.0,,3,0.5982264125893979,1.2235742323500003,1089.94,80.0,80.0,0.782967032967033,67,False,89,True,99,True,149,True,168,True,181,True,215,True,249,True,279,True,26_50,76_100,76_100
blend_schedule_ridge_gbt,2027,Washington St.,washington state,WCC,David Riley,0.6632477810602433,136_160,152,2159,0.0009709630437272077,0.0009709630437272077,0.0009709630437272077,0.0,11.0,0.09090909090909091,0.9090909090909092,0.09090909090909091,0.8181818181818182,0.08333333333333334,0.9166666666666667,0.054166666666666675,0.8625,0.49372307202045607,0.001225886025960332,9.610662499999995,0.0004854815218636038,-0.875170339297326,73.31075,0.533422014890072,0.04712041884816753,,0.533422014890072,4.045679348863366e-05,0.0025523560209424084,0.4600764878426871,0.49372307202045607,183.0,,9,0.533422014890072,-0.2696705146,3216.58,81.0,81.0,0.7802197802197802,67,False,89,True,99,True,149,True,168,True,181,True,215,True,249,True,279,True,26_50,76_100,76_100
blend_schedule_ridge_gbt,2027,Colorado,colorado,B12,Tad Boyle,0.658183887750335,51_75,152,2159,0.36497023974495924,0.36497023974495924,0.36497023974495924,0.41087708502326287,11.0,0.45454545454545453,0.5454545454545454,0.2727272727272727,0.2727272727272727,0.4807692307692308,0.5192307692307692,0.1875,0.3317307692307692,0.8338714078242873,0.3539283411560194,5.359475301106646,0.34753281268492486,5.5732179703275175,47.142733995948376,0.7464004370783108,0.4019331453886428,0.0641025641025641,0.7464004370783108,0.0,0.4019331453886428,0.0,0.8338714078242873,102.0,74.0,3,0.7464004370783108,7.989338085833334,1776.46,82.0,82.0,0.7774725274725275,67,False,89,True,99,True,149,True,168,True,181,True,215,True,249,True,279,True,26_50,76_100,76_100
blend_schedule_ridge_gbt,2027,DePaul,depaul,BE,Chris Holtmann,0.6560656539180196,101_135,152,2159,0.48498513278927,0.48498513278927,0.48498513278927,0.4361939021813716,15.0,0.4,0.6000000000000001,0.2,0.4,0.4040404040404041,0.595959595959596,0.13131313131313133,0.46464646464646464,0.6767361495020954,0.45702895124983267,5.085471396227323,0.42475613243145693,12.530534641950004,35.639413047949105,0.8930824555889358,0.31726531517364376,0.7692307692307692,0.8930824555889358,0.0,0.31726531517364376,0.0,0.6767361495020954,68.0,19.0,6,0.8930824555889358,22.29024630391667,4855.66,83.0,83.0,0.7747252747252747,67,False,89,True,99,True,149,True,168,True,181,True,215,True,249,True,279,True,26_50,76_100,76_100
blend_schedule_ridge_gbt,2027,Colorado St.,colorado state,MWC,Ali Farokhmanesh,0.6497289872862531,76_100,152,2159,0.6071423701335597,0.6071423701335597,0.6071423701335597,0.5607264926187185,13.0,0.6153846153846154,0.38461538461538464,0.23076923076923078,0.15384615384615385,0.6530612244897959,0.34693877551020413,0.15918367346938778,0.18775510204081633,0.6601434815226725,0.6121423956927038,12.684508138611534,0.5372224452845055,3.2911293747719097,35.45325308268987,0.6374507096533616,0.3163952803843437,,0.6374507096533616,0.0,0.3163952803843437,0.0,0.6601434815226725,67.0,,2,0.6374507096533616,3.7127387064166664,881.53,84.0,84.0,0.771978021978022,67,False,89,True,99,True,149,True,168,True,181,True,215,True,249,True,279,True,26_50,76_100,76_100
blend_schedule_ridge_gbt,2027,Penn St.,penn state,B10,Mike Rhoades,0.6481861192798112,136_160,152,2159,0.20160375501173447,0.20160375501173447,0.20160375501173447,0.1447515852082568,13.0,0.3076923076923077,0.6923076923076923,0.3076923076923077,0.38461538461538464,0.3238866396761134,0.6761133603238867,0.2105263157894737,0.46558704453441296,0.7362281906910382,0.19370950875686088,0.2518341762900489,0.16267082084631518,6.118278187967854,51.136941391941335,0.8106748690915052,0.4446349462056268,0.4871794871794872,0.8106748690915052,0.0,0.4446349462056268,0.0,0.7362281906910382,99.0,41.0,5,0.8106748690915052,9.9925382773,3168.63,85.0,85.0,0.7692307692307692,67,False,89,True,99,True,149,True,168,True,181,True,215,True,249,True,279,True,26_50,76_100,76_100
blend_schedule_ridge_gbt,2027,High Point,high point,BSth,Flynn Clayman,0.6438377407479927,136_160,152,2159,0.2357222448620533,0.2357222448620533,0.2357222448620533,0.26647328699518563,10.0,0.4,0.6,0.1,0.5,0.38461538461538464,0.6153846153846153,0.0625,0.5528846153846153,0.7140761775477845,0.22150656609378402,10.866313073279485,0.22402380139638473,12.279591697057375,65.96784676700103,0.9055573830876364,0.6106322996375353,,0.9055573830876364,0.0,0.6106322996375353,0.0,0.7140761775477845,79.0,,5,0.9055573830876364,18.093332393883333,4147.92,86.0,86.0,0.7664835164835164,67,False,89,True,99,True,149,True,168,True,181,True,215,True,249,True,279,True,26_50,76_100,76_100
blend_schedule_ridge_gbt,2027,George Mason,george mason,A10,Tony Skinn,0.6418837290783523,101_135,152,2159,0.14430758701939528,0.14430758701939528,0.14430758701939528,0.17516991722920222,13.0,0.3076923076923077,0.6923076923076923,0.15384615384615385,0.5384615384615384,0.2996254681647941,0.7003745318352059,0.09737827715355807,0.6029962546816479,0.6791411334000943,0.13158091468389846,6.859951425446905,0.14314977632847448,6.428366837303018,44.6436841538408,0.7897624418830357,0.40367642828375816,,0.7897624418830357,0.0,0.40367642828375816,0.0,0.6791411334000943,72.0,,7,0.7897624418830357,11.378605599066667,5272.9800000000005,87.0,87.0,0.7637362637362637,67,False,89,True,99,True,149,True,168,True,181,True,215,True,249,True,279,True,26_50,76_100,76_100
blend_schedule_ridge_gbt,2027,Boise St.,boise state,MWC,Leon Rice,0.6380585583705707,51_75,152,2159,0.2720700622443073,0.2720700622443073,0.2720700622443073,0.22389328694316615,13.0,0.6153846153846154,0.38461538461538464,0.07692307692307693,0.3076923076923077,0.6037735849056604,0.3962264150943396,0.0490566037735849,0.3471698113207547,0.7983755949044914,0.2593707381440464,0.5479559937425997,0.22895189562208534,4.127385124434169,33.24456758241759,0.7320992051797709,0.23341579886082506,,0.7320992051797709,0.0,0.23341579886082506,0.0,0.7983755949044914,137.0,,4,0.7320992051797709,7.13710538005,2662.68,88.0,88.0,0.760989010989011,67,False,89,True,99,True,149,True,168,True,181,True,215,True,249,True,279,True,26_50,76_100,76_100
blend_schedule_ridge_gbt,2027,LSU,lsu,SEC,Will Wade,0.6359318246464516,51_75,152,2159,0.11573355153590989,0.11573355153590989,0.11573355153590989,0.1368028750644966,6.0,0.16666666666666666,0.8333333333333333,0.3333333333333333,0.5,0.17391304347826086,0.8260869565217391,0.22608695652173916,0.6,0.8702366652678774,0.10058496225677653,-0.46949500000000377,0.11573355153590989,8.710291752971147,68.88522938397291,0.7883328338086072,0.6298832057994362,0.08974358974358976,0.7883328338086072,0.0,0.6298832057994362,0.0,0.8702366652678774,90.0,72.0,3,0.7883328338086072,8.496516276,1467.54,89.0,89.0,0.7582417582417582,67,False,89,True,99,True,149,True,168,True,181,True,215,True,249,True,279,True,26_50,76_100,76_100
blend_schedule_ridge_gbt,2027,Georgetown,georgetown,BE,Ed Cooley,0.6313158709190222,51_75,152,2159,0.32021236363636363,0.32021236363636363,0.32021236363636363,0.29691386154378296,11.0,0.5454545454545454,0.4545454545454546,0.09090909090909091,0.36363636363636365,0.5333333333333333,0.4666666666666666,0.05777777777777778,0.40888888888888886,0.7996612789479282,0.316572888014987,10.075989338098355,0.2780967272727273,5.498294369660876,68.05202816531302,0.7797126883394364,0.6387894827685403,0.1923076923076923,0.7797126883394364,0.0,0.6387894827685403,0.0,0.7996612789479282,71.0,64.0,4,0.7797126883394364,5.225769353416667,2055.45,90.0,90.0,0.7554945054945055,67,False,89,False,99,True,149,True,168,True,181,True,215,True,249,True,279,True,51_75,76_100,76_100
blend_schedule_ridge_gbt,2027,Stanford,stanford,ACC,Kyle Smith,0.6293271698202363,76_100,152,2159,0.17004271633635715,0.17004271633635715,0.17004271633635715,0.13487475552880998,11.0,0.5454545454545454,0.4545454545454546,0.36363636363636365,0.09090909090909091,0.6153846153846154,0.3846153846153847,0.2666666666666667,0.11794871794871796,0.7876301669033829,0.15076049430492558,4.558798649971147,0.13914959774192087,5.143255256661059,72.91921584893599,0.7024074158774142,0.7227669223181782,0.11538461538461542,0.7024074158774142,0.0,0.7227669223181782,0.0,0.7876301669033829,23.0,70.0,1,0.7024074158774142,3.3062545607500002,601.21,91.0,91.0,0.7527472527472527,67,False,89,False,99,True,149,True,168,True,181,True,215,True,249,True,279,True,51_75,76_100,76_100
blend_schedule_ridge_gbt,2027,Utah,utah,B12,Alex Jensen,0.6276512618136211,101_135,152,2159,0.08625978792250907,0.08625978792250907,0.08625978792250907,0.08442053375218596,10.0,0.3,0.7,0.3,0.4,0.31413612565445026,0.6858638743455497,0.2041884816753927,0.4816753926701571,0.6296536980940928,0.07001769466892376,-11.712113181949409,0.08002088712702393,9.038514254217093,33.27491587204331,0.8595797121540747,0.272792129336632,0.20512820512820518,0.8595797121540747,0.0,0.272792129336632,0.0,0.6296536980940928,91.0,63.0,4,0.8595797121540747,15.079721553233334,2914.16,92.0,92.0,0.75,67,False,89,False,99,True,149,True,168,True,181,True,215,True,249,True,279,True,51_75,76_100,76_100
blend_schedule_ridge_gbt,2027,UNLV,unlv,MWC,Josh Pastner,0.619224759232915,101_135,152,2159,0.2308440835894534,0.2308440835894534,0.2308440835894534,0.2735475553150159,9.0,0.2222222222222222,0.7777777777777778,0.0,0.7777777777777778,0.1990049751243781,0.8009950248756218,0.0,0.8009950248756218,0.6880655240741056,0.23374367505008323,4.762495704321194,0.2308440835894534,5.350724214697251,,0.7620142606354412,,,0.7620142606354412,0.045939121112329034,,0.6103696316532637,0.6880655240741056,,,7,0.7620142606354412,7.094023823850001,3052.21,93.0,93.0,0.7472527472527473,67,False,89,False,99,True,149,True,168,True,181,True,215,True,249,True,279,True,51_75,76_100,76_100
blend_schedule_ridge_gbt,2027,San Francisco,san francisco,WCC,Chris Gerlufsen,0.6007124056479625,101_135,152,2159,0.011446511627906976,0.011446511627906976,0.011446511627906976,0.0,7.0,0.14285714285714285,0.8571428571428571,0.42857142857142855,0.42857142857142855,0.15625000000000003,0.84375,0.30468750000000006,0.5390625,0.701961149517602,0.008289331004229898,-14.275627499999995,0.005723255813953488,4.744143211669212,54.62876661223427,0.6679392858150587,0.5259078568108795,,0.6679392858150587,0.0,0.5259078568108795,0.0,0.701961149517602,44.0,,3,0.6679392858150587,2.5310694715,1011.8900000000001,94.0,94.0,0.7445054945054945,67,False,89,False,99,True,149,True,168,True,181,True,215,True,249,True,279,True,51_75,76_100,76_100
blend_schedule_ridge_gbt,2027,Minnesota,minnesota,B10,Niko Medved,0.5989460647503164,76_100,152,2159,0.7969800794305925,0.7969800794305925,0.7969800794305925,0.8137406274273576,15.0,0.4666666666666667,0.5333333333333333,0.2,0.3333333333333333,0.4761904761904762,0.5238095238095238,0.1326530612244898,0.391156462585034,0.7167364100944699,0.7683132202684627,7.9683674131789495,0.783007815718628,4.043190866570834,47.42020025535294,0.5358060418462729,0.44338863227386016,0.4358974358974359,0.5358060418462729,0.0,0.44338863227386016,0.0,0.7167364100944699,56.0,45.0,5,0.5358060418462729,-0.9393341589166669,1434.0000000000002,95.0,95.0,0.7417582417582418,67,False,89,False,99,True,149,True,168,True,181,True,215,True,249,True,279,True,51_75,76_100,76_100
blend_schedule_ridge_gbt,2027,UC Santa Barbara,uc santa barbara,BW,Joe Pasternack,0.5947589428962783,101_135,152,2159,0.3601756042543704,0.3601756042543704,0.3601756042543704,0.36609195948837436,12.0,0.5833333333333334,0.4166666666666667,0.0,0.4166666666666667,0.5490196078431373,0.4509803921568627,0.0,0.4509803921568627,0.5372110137997999,0.3517458515690688,9.853075510559378,0.3378578641591585,5.017737598279391,,0.7504180980308889,,,0.7504180980308889,0.18549059208738117,,0.3384238481315773,0.5372110137997999,,,5,0.7504180980308889,5.0047806818166665,3421.6200000000003,96.0,96.0,0.739010989010989,67,False,89,False,99,True,149,True,168,True,181,True,215,True,249,True,279,True,51_75,76_100,76_100
blend_schedule_ridge_gbt,2027,California,california,ACC,Mark Madsen,0.5943248006971198,101_135,152,2159,0.1145622337410019,0.1145622337410019,0.1145622337410019,0.0907571719872498,14.0,0.5,0.5,0.21428571428571427,0.2857142857142857,0.5166051660516606,0.4833948339483395,0.14391143911439117,0.3394833948339483,0.6990058215282599,0.09784773328363101,2.2281729267300276,0.0956652696762862,5.160526153140732,44.116309671480565,0.7309148418359628,0.39404522179391294,0.6666666666666667,0.7309148418359628,0.0,0.39404522179391294,0.0,0.6990058215282599,77.0,27.0,4,0.7309148418359628,3.9984878855500003,1857.43,97.0,97.0,0.7362637362637363,67,False,89,False,99,True,149,True,168,True,181,True,215,True,249,True,279,True,51_75,76_100,76_100
blend_schedule_ridge_gbt,2027,UAB,uab,Amer,Andy Kennedy,0.5895510360448404,101_135,152,2159,0.19361886579570553,0.19361886579570553,0.19361886579570553,0.2261945321008685,10.0,0.2,0.8,0.2,0.6,0.19607843137254902,0.8039215686274509,0.12745098039215685,0.676470588235294,0.7319763994451871,0.1892495234755082,7.264687980279345,0.19361886579570553,0.4966099633439355,55.69819641693994,0.6552275775641035,0.48660031068408033,,0.6552275775641035,0.0,0.48660031068408033,0.0,0.7319763994451871,103.0,,6,0.6552275775641035,3.687463939216667,3785.8499999999995,98.0,98.0,0.7335164835164836,67,False,89,False,99,True,149,True,168,True,181,True,215,True,249,True,279,True,51_75,76_100,76_100
blend_schedule_ridge_gbt,2027,Murray St.,murray state,MVC,Ryan Miller,0.5873821572995848,136_160,152,2159,0.27557465996160596,0.27557465996160596,0.27557465996160596,0.15887149274446505,8.0,0.375,0.625,0.125,0.5,0.36363636363636365,0.6363636363636362,0.0787878787878788,0.5575757575757575,0.6390449948091913,0.2816142116158134,8.12240052522556,0.2008313648960074,6.092502523097833,27.11050164835165,0.7970583289994542,0.15732121281859504,,0.7970583289994542,0.0,0.15732121281859504,0.0,0.6390449948091913,153.0,,4,0.7970583289994542,5.2391048937499995,2474.57,99.0,99.0,0.7307692307692308,67,False,89,False,99,True,149,True,168,True,181,True,215,True,249,True,279,True,51_75,76_100,76_100
blend_schedule_ridge_gbt,2027,Santa Clara,santa clara,WCC,Herb Sendek,0.5850115643098868,101_135,152,2159,0.2983469693950511,0.2983469693950511,0.2983469693950511,0.1580998983648543,7.0,0.5714285714285714,0.42857142857142855,0.14285714285714285,0.2857142857142857,0.5755395683453237,0.4244604316546763,0.09352517985611512,0.33093525179856115,0.5214295856135136,0.2681574605891026,9.648478209423791,0.21492841067598134,0.01648940975270869,73.31075,0.424671880330529,0.06282722513089001,,0.424671880330529,0.12369980470560077,0.005875927530227124,0.14053889564895203,0.5214295856135136,180.0,,2,0.424671880330529,-1.4834631733333332,990.75,100.0,100.0,0.7280219780219781,67,False,89,False,99,False,149,True,168,True,181,True,215,True,249,True,279,True,76_100,76_100,76_100
blend_schedule_ridge_gbt,2027,Tulsa,tulsa,Amer,Eric Konkol,0.5813667679741845,101_135,152,2159,0.1880195442140744,0.1880195442140744,0.1880195442140744,0.09669576565789058,13.0,0.38461538461538464,0.6153846153846154,0.15384615384615385,0.46153846153846156,0.37878787878787884,0.6212121212121212,0.0984848484848485,0.5227272727272727,0.7141314887287501,0.18350957251958486,9.007135055382907,0.13386339528159313,1.6231613014124113,26.64676784551137,0.6668085883069317,0.1747080144985904,,0.6668085883069317,0.0,0.1747080144985904,0.0,0.7141314887287501,128.0,,6,0.6668085883069317,3.2348954640833334,4349.79,101.0,101.0,0.7252747252747253,67,False,89,False,99,False,149,True,168,True,181,True,215,True,249,True,279,True,76_100,101_135,101_135
blend_schedule_ridge_gbt,2027,Georgia Tech,georgia tech,ACC,Scott Cross,0.5803522620453867,161_200,152,2159,0.14169431079767714,0.14169431079767714,0.14169431079767714,0.12105841245934773,12.0,0.16666666666666666,0.8333333333333333,0.3333333333333333,0.5,0.17391304347826086,0.8260869565217391,0.22608695652173916,0.6,0.6869544198564725,0.13073820201477468,1.7194964045848282,0.12068851958650274,5.108535492051402,73.33860295431924,0.7602206584054088,0.7171831537559542,0.6794871794871795,0.7602206584054088,0.0,0.7171831537559542,0.0,0.6869544198564725,38.0,26.0,6,0.7602206584054088,10.404596846016666,3235.4700000000003,102.0,102.0,0.7225274725274725,67,False,89,False,99,False,149,True,168,True,181,True,215,True,249,True,279,True,76_100,101_135,101_135
blend_schedule_ridge_gbt,2027,Oregon St.,oregon state,WCC,Justin Joyner,0.5791053503394198,161_200,152,2159,0.32516216466317804,0.32516216466317804,0.32516216466317804,0.32629432236329653,13.0,0.38461538461538464,0.6153846153846154,0.07692307692307693,0.5384615384615384,0.36496350364963515,0.635036496350365,0.047445255474452566,0.5875912408759124,0.6746849832607987,0.3336799770701882,8.391085138622412,0.289504595536106,6.482936326669338,71.20105269151149,0.8185555797719382,0.6758414360508602,,0.8185555797719382,0.0,0.6758414360508602,0.0,0.6746849832607987,65.0,,7,0.8185555797719382,9.101548184983335,3653.16,103.0,103.0,0.7197802197802198,67,False,89,False,99,False,149,True,168,True,181,True,215,True,249,True,279,True,76_100,101_135,101_135
blend_schedule_ridge_gbt,2027,UNC Wilmington,unc wilmington,CAA,Takayo Siddle,0.5760537302260358,101_135,152,2159,0.27579418092840763,0.27579418092840763,0.27579418092840763,0.2062598281912008,11.0,0.5454545454545454,0.45454545454545453,0.0,0.45454545454545453,0.5106382978723404,0.48936170212765956,0.0,0.48936170212765956,0.4660819560803999,0.28219374489999854,11.137898856454097,0.231762862129472,0.9887540373430532,,0.6324753122075816,,,0.6324753122075816,0.11834699342781548,,0.30950919533562504,0.4660819560803999,,,5,0.6324753122075816,3.085592373466667,1941.53,104.0,104.0,0.717032967032967,67,False,89,False,99,False,149,True,168,True,181,True,215,True,249,True,279,True,76_100,101_135,101_135
blend_schedule_ridge_gbt,2027,Richmond,richmond,A10,Chris Mooney,0.5755728025329089,136_160,152,2159,0.3223743500031325,0.3223743500031325,0.3223743500031325,0.2648063904801967,13.0,0.46153846153846156,0.5384615384615385,0.07692307692307693,0.46153846153846156,0.44280442804428044,0.5571955719557196,0.04797047970479705,0.5092250922509225,0.6554167657419772,0.3188897966854202,8.278364518123473,0.2592790717474454,4.867083210668457,26.45116098901099,0.7762024831033763,0.1517749266440366,,0.7762024831033763,0.0,0.1517749266440366,0.0,0.6554167657419772,152.0,,6,0.7762024831033763,7.269825749683333,4420.65,105.0,105.0,0.7142857142857143,67,False,89,False,99,False,149,True,168,True,181,True,215,True,249,True,279,True,76_100,101_135,101_135
blend_schedule_ridge_gbt,2027,Western Kentucky,western kentucky,CUSA,Hank Plona,0.573824178473354,161_200,152,2159,0.39509721439397816,0.39509721439397816,0.39509721439397816,0.4621599314662509,14.0,0.35714285714285715,0.6428571428571428,0.21428571428571427,0.42857142857142855,0.36101083032490977,0.6389891696750902,0.1407942238267148,0.4981949458483754,0.5634616004883826,0.4204201978791529,6.464346223251827,0.36830974391862514,2.2061868605139203,42.131790108917386,0.6692306122067361,0.37321788159484504,,0.6692306122067361,0.0,0.37321788159484504,0.0,0.5634616004883826,78.0,,6,0.6692306122067361,2.9905196812499995,2615.3500000000004,106.0,106.0,0.7115384615384616,67,False,89,False,99,False,149,True,168,True,181,True,215,True,249,True,279,True,76_100,101_135,101_135
blend_schedule_ridge_gbt,2027,Rutgers,rutgers,B10,Steve Pikiell,0.5709713382184636,101_135,152,2159,0.5778447247303108,0.5778447247303108,0.5778447247303108,0.6007722781259688,12.0,0.5833333333333334,0.41666666666666663,0.08333333333333333,0.3333333333333333,0.5714285714285714,0.42857142857142844,0.05306122448979591,0.37551020408163255,0.7553159972662591,0.6009827579490369,4.727206396789381,0.5198886219730362,3.9721356070133202,55.543029120879126,0.7384966802486391,0.4906852309993671,0.21794871794871795,0.7384966802486391,0.0,0.4906852309993671,0.0,0.7553159972662591,97.0,62.0,4,0.7384966802486391,5.133307135066667,1815.4,107.0,107.0,0.7087912087912087,67,False,89,False,99,False,149,True,168,True,181,True,215,True,249,True,279,True,76_100,101_135,101_135
blend_schedule_ridge_gbt,2027,George Washington,george washington,A10,Chris Caputo,0.5699630872196528,136_160,152,2159,0.12087419395958697,0.12087419395958697,0.12087419395958697,0.14744745176046475,10.0,0.2,0.8,0.0,0.8,0.1785714285714286,0.8214285714285714,0.0,0.8214285714285714,0.6013412528624769,0.11417514739427466,6.483997173109326,0.12060533067253915,2.826163517308786,,0.6684641769440253,,,0.6684641769440253,0.02153666619152485,,0.5490955739183064,0.6013412528624769,,,8,0.6684641769440253,1.8927007306666659,4368.69,108.0,108.0,0.706043956043956,67,False,89,False,99,False,149,True,168,True,181,True,215,True,249,True,279,True,76_100,101_135,101_135
blend_schedule_ridge_gbt,2027,Florida Atlantic,florida atlantic,Amer,John Jakus,0.5674506843091196,101_135,152,2159,0.19811410959646347,0.19811410959646347,0.19811410959646347,0.16213810514038413,12.0,0.4166666666666667,0.5833333333333334,0.08333333333333333,0.5,0.398406374501992,0.6015936254980079,0.05179282868525896,0.549800796812749,0.6952469600476043,0.21043152922338618,5.73313655700749,0.16640345369417153,3.5577775729885457,76.24549288899513,0.7092220339072143,0.7283815660779013,,0.7092220339072143,0.0,0.7283815660779013,0.0,0.6952469600476043,61.0,,6,0.7092220339072143,6.165637607766667,2798.58,109.0,109.0,0.7032967032967032,67,False,89,False,99,False,149,True,168,True,181,True,215,True,249,True,279,True,76_100,101_135,101_135
blend_schedule_ridge_gbt,2027,Liberty,liberty,CUSA,Ritchie McKay,0.5663795973882435,101_135,152,2159,0.08632118565830886,0.08632118565830886,0.08632118565830886,0.0636933379408913,15.0,0.4666666666666667,0.5333333333333333,0.2,0.3333333333333333,0.4761904761904762,0.5238095238095238,0.1326530612244898,0.391156462585034,0.638947312986215,0.07633521591928467,-2.6637568460269443,0.07353564702889427,4.056213070497404,38.5480330462303,0.6992954149719601,0.35019846990770054,,0.6992954149719601,0.0,0.35019846990770054,0.0,0.638947312986215,63.0,,5,0.6992954149719601,4.1446609626,2001.3000000000002,110.0,110.0,0.7005494505494505,67,False,89,False,99,False,149,True,168,True,181,True,215,True,249,True,279,True,76_100,101_135,101_135
blend_schedule_ridge_gbt,2027,North Texas,north texas,Amer,Daniyal Robinson,0.5569775443573243,136_160,152,2159,0.6328111835692115,0.6328111835692115,0.6328111835692115,0.7210228113286211,11.0,0.5454545454545454,0.45454545454545453,0.18181818181818182,0.2727272727272727,0.5581395348837209,0.4418604651162791,0.12093023255813956,0.3209302325581395,0.6410202786373245,0.6379637041824134,10.30934994117018,0.6119026209324996,1.8448435850957015,60.160467479210936,0.5917758126517921,0.5378861975720615,,0.5917758126517921,0.0,0.5378861975720615,0.0,0.6410202786373245,96.0,,3,0.5917758126517921,0.9311406349,1241.6100000000001,111.0,111.0,0.6978021978021978,67,False,89,False,99,False,149,True,168,True,181,True,215,True,249,True,279,True,76_100,101_135,101_135
blend_schedule_ridge_gbt,2027,Utah Valley,utah valley,WAC,Todd Phillips,0.5559805071240473,101_135,152,2159,0.38165806362162963,0.38165806362162963,0.38165806362162963,0.24869521559591967,9.0,0.7777777777777778,0.2222222222222222,0.0,0.2222222222222222,0.7526881720430109,0.24731182795698925,0.0,0.24731182795698925,0.4666673514485409,0.37766362580398,9.088126833366738,0.2926623648785401,0.5559642615526245,,0.53506474957812,,,0.53506474957812,0.220283500446213,,0.13232784129351355,0.4666673514485409,,,2,0.53506474957812,0.581297916,887.47,112.0,112.0,0.695054945054945,67,False,89,False,99,False,149,True,168,True,181,True,215,True,249,True,279,True,76_100,101_135,101_135
blend_schedule_ridge_gbt,2027,Davidson,davidson,A10,Matt McKillop,0.5536812705094618,101_135,152,2159,0.4527452467254877,0.4527452467254877,0.4527452467254877,0.43433691061070956,9.0,0.6666666666666666,0.3333333333333333,0.0,0.3333333333333333,0.634920634920635,0.3650793650793651,0.0,0.3650793650793651,0.5708583488755106,0.44654313899816955,5.870404303077241,0.38891600167412876,4.469217503465718,,0.7022388256838964,,,0.7022388256838964,0.24693079471373258,,0.25637290461475587,0.5708583488755106,,,3,0.7022388256838964,4.462297572666667,1221.82,113.0,113.0,0.6923076923076923,67,False,89,False,99,False,149,True,168,True,181,True,215,True,249,True,279,True,76_100,101_135,101_135
blend_schedule_ridge_gbt,2027,Yale,yale,Ivy,James Jones,0.5533895967914576,76_100,152,2159,0.35427464557386473,0.35427464557386473,0.35427464557386473,0.3560110794932817,9.0,1.0,0.0,0.0,0.0,1.0,0.0,0.0,0.0,0.4774639425044067,0.3611850219797503,7.492019873640314,0.3371707866736794,,,,,,,0.3371707866736794,,,0.4774639425044067,,,,,,,114.0,114.0,0.6895604395604396,67,False,89,False,99,False,149,True,168,True,181,True,215,True,249,True,279,True,76_100,101_135,101_135
blend_schedule_ridge_gbt,2027,Fresno St.,fresno state,MWC,Vance Walberg,0.5514307828733505,101_135,152,2159,0.04619369739902386,0.04619369739902386,0.04619369739902386,0.0,10.0,0.1,0.8999999999999999,0.2,0.7,0.09661835748792272,0.9033816425120773,0.12560386473429952,0.7777777777777778,0.5806407706604042,0.0414534699641452,3.7113575000000014,0.02309684869951193,4.2368287259000414,15.93065062939422,0.6988579785696855,0.06293078649099591,,0.6988579785696855,0.0,0.06293078649099591,0.0,0.5806407706604042,134.0,,7,0.6988579785696855,3.57758353745,1767.44,115.0,115.0,0.6868131868131868,67,False,89,False,99,False,149,True,168,True,181,True,215,True,249,True,279,True,76_100,101_135,101_135
blend_schedule_ridge_gbt,2027,Northern Iowa,northern iowa,MVC,Kyle Green,0.5501165300648676,101_135,152,2159,0.09395452417764792,0.09395452417764792,0.09395452417764792,0.06569838913233146,8.0,0.375,0.625,0.125,0.5,0.36363636363636365,0.6363636363636362,0.0787878787878788,0.5575757575757575,0.7098299639681033,0.08369742878218561,0.43890623677099017,0.07544291408388773,2.72368156470924,15.28193021978022,0.6838146453462369,0.033611414763247235,,0.6838146453462369,0.0,0.033611414763247235,0.0,0.7098299639681033,162.0,,4,0.6838146453462369,3.9029110604333335,2719.37,116.0,116.0,0.6840659340659341,67,False,89,False,99,False,149,True,168,True,181,True,215,True,249,True,279,True,76_100,101_135,101_135
blend_schedule_ridge_gbt,2027,Loyola Marymount,loyola marymount,WCC,Stan Johnson,0.5494134460484069,161_200,152,2159,0.2157535829313343,0.2157535829313343,0.2157535829313343,0.2379288522907494,13.0,0.38461538461538464,0.6153846153846154,0.0,0.6153846153846154,0.352112676056338,0.6478873239436619,0.0,0.6478873239436619,0.5736350487899317,0.20231989250587767,5.6973935079552085,0.2061406654140551,5.097581875830563,,0.7733602571463865,,,0.7733602571463865,0.07258474134297714,,0.5010503074469546,0.5736350487899317,,,8,0.7733602571463865,7.4321888333,4390.48,117.0,117.0,0.6813186813186813,67,False,89,False,99,False,149,True,168,True,181,True,215,True,249,True,279,True,76_100,101_135,101_135
blend_schedule_ridge_gbt,2027,UC San Diego,uc san diego,BW,Clint Allard,0.5477933248123565,101_135,152,2159,0.6158015625,0.6158015625,0.6158015625,0.6237229911737735,9.0,0.6666666666666666,0.3333333333333333,0.0,0.3333333333333333,0.634920634920635,0.3650793650793651,0.0,0.3650793650793651,0.6068452297493762,0.6033393005389903,9.2376330988511,0.5799687499999999,-0.5952911858027649,,0.5644100375851385,,,0.5644100375851385,0.368234126984127,,0.20605445816600299,0.6068452297493762,,,3,0.5644100375851385,0.12889595340000004,2353.15,118.0,118.0,0.6785714285714286,67,False,89,False,99,False,149,True,168,True,181,True,215,True,249,True,279,True,76_100,101_135,101_135
blend_schedule_ridge_gbt,2027,Hawaii,hawaii,BW,Eran Ganot,0.5469255446953731,136_160,152,2159,0.09883326506579286,0.09883326506579286,0.09883326506579286,0.11502193554153603,9.0,0.1111111111111111,0.8888888888888888,0.0,0.8888888888888888,0.09803921568627451,0.9019607843137254,0.0,0.9019607843137254,0.6748303229503858,0.09314335758025317,5.314307500000004,0.09883326506579286,3.8730931529623427,,0.7306726418396415,,,0.7306726418396415,0.009689535790764005,,0.6590380691102649,0.6748303229503858,,,8,0.7306726418396415,5.367285299183334,3002.48,119.0,119.0,0.6758241758241759,67,False,89,False,99,False,149,True,168,True,181,True,215,True,249,True,279,True,76_100,101_135,101_135
blend_schedule_ridge_gbt,2027,Rhode Island,rhode island,A10,Archie Miller,0.5452966232788827,101_135,152,2159,0.2991272908808176,0.2991272908808176,0.2991272908808176,0.28188517488097264,8.0,0.5,0.5,0.125,0.375,0.4938271604938272,0.5061728395061729,0.08024691358024692,0.42592592592592593,0.7293434305994717,0.31346558505767413,4.7948826299899405,0.2738956252916653,3.0152478005557186,62.78077876254176,0.6851316700613699,0.5725332259363672,,0.6851316700613699,0.0,0.5725332259363672,0.0,0.7293434305994717,86.0,,3,0.6851316700613699,4.213363090466666,2108.66,120.0,120.0,0.6730769230769231,67,False,89,False,99,False,149,True,168,True,181,True,215,True,249,True,279,True,76_100,101_135,101_135
blend_schedule_ridge_gbt,2027,St. Bonaventure,saint bonaventure,A10,Mike MacDonald,0.5432970507071939,136_160,152,2159,0.18964503492507465,0.18964503492507465,0.18964503492507465,0.15538157686327622,12.0,0.4166666666666667,0.5833333333333334,0.0,0.5833333333333334,0.38314176245210735,0.6168582375478927,0.0,0.6168582375478927,0.46770482616282727,0.1712314827354046,5.746162496233535,0.16710727148324425,1.3609866000252264,,0.6161402743943275,,,0.6161402743943275,0.06402577451465298,,0.38007120374515985,0.46770482616282727,,,7,0.6161402743943275,2.648030146533333,1844.9899999999998,121.0,121.0,0.6703296703296704,67,False,89,False,99,False,149,True,168,True,181,True,215,True,249,True,279,True,76_100,101_135,101_135
blend_schedule_ridge_gbt,2027,Illinois Chicago,illinois chicago,MVC,Rob Ehsan,0.5420080984407621,136_160,152,2159,0.5901546121710629,0.5901546121710629,0.5901546121710629,0.7285150492305879,10.0,0.5,0.5,0.2,0.3,0.5128205128205129,0.4871794871794871,0.13333333333333333,0.3538461538461538,0.5501542540557843,0.5998467306920356,10.460925685003657,0.590154612171063,4.9709852046370395,23.550064548808074,0.6985290323697481,0.1501179448823428,,0.6985290323697481,0.0,0.1501179448823428,0.0,0.5501542540557843,120.0,,3,0.6985290323697481,3.67529077835,1543.16,122.0,122.0,0.6675824175824177,67,False,89,False,99,False,149,True,168,True,181,True,215,True,249,True,279,True,76_100,101_135,101_135
blend_schedule_ridge_gbt,2027,Boston College,boston college,ACC,Luke Murray,0.5396444640863292,136_160,152,2159,0.0002380963718874852,0.0002380963718874852,0.0002380963718874852,0.0,14.0,0.14285714285714285,0.8571428571428572,0.14285714285714285,0.7142857142857143,0.13513513513513511,0.8648648648648648,0.08783783783783784,0.777027027027027,0.6870850034704692,0.00015863107145949474,-46.7431725,0.0001190481859437426,12.566709469675263,77.387685381403,0.8587782432976517,0.22513089005235598,0.5384615384615384,0.8587782432976517,1.608759269510035e-05,0.019775010612706947,0.6672939052650672,0.6870850034704692,149.0,37.0,10,0.8587782432976517,21.544650417750002,7396.74,123.0,123.0,0.6648351648351649,67,False,89,False,99,False,149,True,168,True,181,True,215,True,249,True,279,True,76_100,101_135,101_135
blend_schedule_ridge_gbt,2027,Illinois St.,illinois state,MVC,Ryan Pedon,0.539274675751702,136_160,152,2159,0.5368407267219648,0.5368407267219648,0.5368407267219648,0.5589211155489568,11.0,0.6363636363636364,0.36363636363636365,0.0,0.36363636363636365,0.6034482758620691,0.39655172413793105,0.0,0.39655172413793105,0.5281995215366698,0.5399413350699901,11.028990094483582,0.4967046122616895,-0.15780343486243176,,0.5036257998184285,,,0.5036257998184285,0.29973554188205404,,0.19971367923834232,0.5281995215366698,,,4,0.5036257998184285,-0.5306614864,2401.36,124.0,124.0,0.6620879120879121,67,False,89,False,99,False,149,True,168,True,181,True,215,True,249,True,279,True,76_100,101_135,101_135
blend_schedule_ridge_gbt,2027,UC Irvine,uc irvine,BW,Russell Turner,0.5388143757077775,101_135,152,2159,0.4027895131086142,0.4027895131086142,0.4027895131086142,0.3482648769131003,8.0,0.875,0.125,0.0,0.125,0.8588957055214723,0.1411042944785276,0.0,0.1411042944785276,0.5207773017134698,0.37700611758300523,5.773312396173504,0.34863071161048687,6.442819792875157,,0.5677000501260927,,,0.5677000501260927,0.2994374210151421,,0.08010491504846706,0.5207773017134698,,,1,0.5677000501260927,0.040063499999999995,16.24,125.0,125.0,0.6593406593406593,67,False,89,False,99,False,149,True,168,True,181,True,215,True,249,True,279,True,76_100,101_135,101_135
blend_schedule_ridge_gbt,2027,McNeese,mcneese state,Slnd,Bill Armstrong,0.535811969315513,136_160,152,2159,0.11893388683744369,0.11893388683744369,0.11893388683744369,0.0,10.0,0.3,0.7,0.1,0.6,0.2843601895734597,0.7156398104265402,0.06161137440758294,0.6540284360189573,0.6966879811019964,0.10155774304055665,9.771292274123178,0.05946694341872184,2.552026368143395,15.34859688644682,0.5306964750239727,0.03570565560094355,,0.5306964750239727,0.0,0.03570565560094355,0.0,0.6966879811019964,160.0,,6,0.5306964750239727,1.5415669397833331,757.85,126.0,126.0,0.6565934065934066,67,False,89,False,99,False,149,True,168,True,181,True,215,True,249,True,279,True,76_100,101_135,101_135
blend_schedule_ridge_gbt,2027,Drake,drake,MVC,Eric Henderson,0.5347022917609063,201_250,152,2159,0.4625253489944123,0.4625253489944123,0.4625253489944123,0.5457427503091591,9.0,0.4444444444444444,0.5555555555555556,0.2222222222222222,0.3333333333333333,0.4571428571428572,0.5428571428571429,0.14857142857142858,0.3942857142857143,0.5788306975219,0.42871338596233327,6.759287143403048,0.4625253489944123,5.315892452339044,39.977336302211974,0.7648681437119569,0.3459536641615818,,0.7648681437119569,0.0,0.3459536641615818,0.0,0.5788306975219,84.0,,3,0.7648681437119569,4.773615689,2088.0199999999995,127.0,127.0,0.6538461538461539,67,False,89,False,99,False,149,True,168,True,181,True,215,True,249,True,279,True,76_100,101_135,101_135
blend_schedule_ridge_gbt,2027,Saint Joseph's,saint josephs,A10,Steve Donahue,0.5316458610824011,101_135,152,2159,0.28944572974984645,0.28944572974984645,0.28944572974984645,0.3135162518320813,10.0,0.5,0.5,0.1,0.4,0.48780487804878053,0.5121951219512195,0.06341463414634146,0.44878048780487806,0.6344970005159293,0.297281485956533,5.498083967663391,0.2848200955016915,-0.24635123753558652,27.836508974358907,0.5266689330468768,0.1775271848570278,,0.5266689330468768,0.0,0.1775271848570278,0.0,0.6344970005159293,140.0,,4,0.5266689330468768,3.1256368036,1192.62,128.0,128.0,0.6510989010989011,67,False,89,False,99,False,149,True,168,True,181,True,215,True,249,True,279,True,76_100,101_135,101_135
blend_schedule_ridge_gbt,2027,Wyoming,wyoming,MWC,Sundance Wicks,0.530297668596257,136_160,152,2159,0.43264062500000006,0.43264062500000006,0.43264062500000006,0.5493546345715274,10.0,0.5,0.5,0.1,0.4,0.48780487804878053,0.5121951219512195,0.06341463414634146,0.44878048780487806,0.44629233269374535,0.43871448415071274,10.423805496677378,0.4319875,-4.229863972877072,73.31075,0.3482125509098964,0.11518324607329844,,0.3482125509098964,0.21072560975609758,0.007304303409526243,0.15627099845712425,0.44629233269374535,170.0,,4,0.3482125509098964,0.027207764450000005,1047.3,129.0,129.0,0.6483516483516483,67,False,89,False,99,False,149,True,168,True,181,True,215,True,249,True,279,True,76_100,101_135,101_135
blend_schedule_ridge_gbt,2027,Akron,akron,MAC,Dustin Ford,0.5281122168894848,76_100,152,2159,0.09657181641613313,0.09657181641613313,0.09657181641613313,0.0,9.0,0.2222222222222222,0.7777777777777777,0.1111111111111111,0.6666666666666666,0.20942408376963353,0.7905759162303666,0.06806282722513089,0.7225130890052357,0.704907649405233,0.0804327497817885,10.76116869393502,0.048285908208066566,4.0444904430266355,16.514164652014717,0.7300052370387409,0.04878890742765088,,0.7300052370387409,0.0,0.04878890742765088,0.0,0.704907649405233,158.0,,6,0.7300052370387409,4.913871082383333,3161.58,130.0,130.0,0.6456043956043955,67,False,89,False,99,False,149,True,168,True,181,True,215,True,249,True,279,True,76_100,101_135,101_135
blend_schedule_ridge_gbt,2027,Hofstra,hofstra,CAA,Speedy Claxton,0.5236691321509234,101_135,152,2159,0.11407768085256759,0.11407768085256759,0.11407768085256759,0.12518440533199562,8.0,0.125,0.875,0.25,0.625,0.12422360248447203,0.8757763975155278,0.16149068322981366,0.7142857142857142,0.582910241803605,0.10248945573078273,3.2316325000000052,0.11407768085256759,-1.3684586470027236,85.176634656765,0.5229259396818411,0.6701570680628273,,0.5229259396818411,0.014171140478579822,0.10822412279275472,0.37351852834417215,0.582910241803605,64.0,,5,0.5229259396818411,1.1307997987,2341.77,131.0,131.0,0.6428571428571428,67,False,89,False,99,False,149,True,168,True,181,True,215,True,249,True,279,True,76_100,101_135,101_135
blend_schedule_ridge_gbt,2027,Charlotte,charlotte,Amer,Wes Miller,0.5217164165113529,161_200,152,2159,0.09148888396528164,0.09148888396528164,0.09148888396528164,0.12532438168878096,9.0,0.1111111111111111,0.8888888888888888,0.0,0.8888888888888888,0.09803921568627451,0.9019607843137254,0.0,0.9019607843137254,0.6718686992132973,0.09303322177975111,3.1107425,0.09148888396528164,3.944000266901513,,0.7083831138614488,,,0.7083831138614488,0.008969498427968788,,0.6389337889730714,0.6718686992132973,,,8,0.7083831138614488,1.4917794366500001,3969.33,132.0,132.0,0.6401098901098901,67,False,89,False,99,False,149,True,168,True,181,True,215,True,249,True,279,True,76_100,101_135,101_135
blend_schedule_ridge_gbt,2027,East Tennessee St.,east tennessee state,SC,Brooks Savage,0.5199775800940742,161_200,152,2159,0.24090226916135918,0.24090226916135918,0.24090226916135918,0.24658894570585876,11.0,0.36363636363636365,0.6363636363636364,0.09090909090909091,0.5454545454545454,0.34632034632034636,0.6536796536796537,0.056277056277056293,0.5974025974025975,0.588397438747318,0.2258235707593936,9.751791165570435,0.22998127120168188,1.1484852691866045,38.58595952380946,0.6196216456135897,0.29035153328347046,,0.6196216456135897,0.0,0.29035153328347046,0.0,0.588397438747318,133.0,,6,0.6196216456135897,1.5958899391999999,3214.9799999999996,133.0,133.0,0.6373626373626373,67,False,89,False,99,False,149,True,168,True,181,True,215,True,249,True,279,True,76_100,101_135,101_135
blend_schedule_ridge_gbt,2027,Stephen F. Austin,stephen f austin,Slnd,Matt Braeuer,0.517363866103888,101_135,152,2159,0.23947636286665025,0.23947636286665025,0.23947636286665025,0.1333784206354401,12.0,0.4166666666666667,0.5833333333333334,0.08333333333333333,0.5,0.398406374501992,0.6015936254980079,0.05179282868525896,0.549800796812749,0.3505682754455833,0.23523429030446488,8.773713510869914,0.17683025528166274,-3.1060025986185025,73.31075,0.4430486374952844,0.0680628272251309,,0.4430486374952844,0.07045030090902897,0.0035251663503055846,0.24358849392171011,0.3505682754455833,179.0,,6,0.4430486374952844,0.3958684413499998,2062.08,134.0,134.0,0.6346153846153846,67,False,89,False,99,False,149,True,168,True,181,True,215,True,249,True,279,True,76_100,101_135,101_135
blend_schedule_ridge_gbt,2027,Southern Illinois,southern illinois,MVC,Scott Nagy,0.511484330501596,136_160,152,2159,0.30070405925699284,0.30070405925699284,0.30070405925699284,0.2684184409703012,7.0,0.7142857142857143,0.2857142857142857,0.2857142857142857,0.0,0.7936507936507936,0.20634920634920634,0.20634920634920634,0.0,0.4523491940722361,0.289635121088768,7.594177587615867,0.26284772686707975,,77.387685381403,,0.24607329842931935,,,0.20860930703736486,0.05077702983462145,,0.4523491940722361,145.0,,,,,,135.0,135.0,0.6318681318681318,67,False,89,False,99,False,149,True,168,True,181,True,215,True,249,True,279,True,76_100,101_135,101_135
blend_schedule_ridge_gbt,2027,FIU,fiu,CUSA,Joey Cantens,0.5097423630418587,161_200,152,2159,0.0002604277483212623,0.0002604277483212623,0.0002604277483212623,0.0,8.0,0.125,0.875,0.375,0.5,0.13245033112582782,0.8675496688741722,0.2582781456953643,0.609271523178808,0.5042122597499158,0.0004715576026266386,-16.2469375,0.00013021387416063115,-2.218202533933073,67.72663854550504,0.3629457712427353,0.6436626201024107,,0.3629457712427353,0.0,0.6436626201024107,0.0,0.5042122597499158,59.0,,4,0.3629457712427353,-0.6258770679333336,1457.92,136.0,136.0,0.6291208791208791,67,False,89,False,99,False,149,True,168,True,181,True,215,True,249,True,279,True,76_100,136_160,136_160
blend_schedule_ridge_gbt,2027,Belmont,belmont,MVC,Evan Bradds,0.5088764304850953,76_100,152,2159,0.38777476066200184,0.38777476066200184,0.38777476066200184,0.3768104814947003,12.0,0.5833333333333334,0.4166666666666667,0.0,0.4166666666666667,0.5490196078431373,0.4509803921568627,0.0,0.4509803921568627,0.383047756619263,0.37556558158071834,7.815424137052748,0.3391711056671462,-0.9018466713444643,,0.3585650592362154,,,0.3585650592362154,0.18621158742509988,,0.1617058110280971,0.383047756619263,,,5,0.3585650592362154,-0.15048088018333333,591.63,137.0,137.0,0.6263736263736264,67,False,89,False,99,False,149,True,168,True,181,True,215,True,249,True,279,True,76_100,136_160,136_160
blend_schedule_ridge_gbt,2027,Temple,temple,Amer,Adam Fisher,0.5063571875295447,136_160,152,2159,0.18812720984290737,0.18812720984290737,0.18812720984290737,0.15145671140461991,11.0,0.2727272727272727,0.7272727272727273,0.09090909090909091,0.6363636363636364,0.25641025641025644,0.7435897435897436,0.055555555555555566,0.688034188034188,0.5729995269866394,0.1791513228306295,5.192891597998445,0.1624428312334638,-0.5754243727076724,33.46434780219781,0.563034823018739,0.23456648063977908,,0.563034823018739,0.0,0.23456648063977908,0.0,0.5729995269866394,138.0,,7,0.563034823018739,1.7335300507333333,2385.0899999999997,138.0,138.0,0.6236263736263736,67,False,89,False,99,False,149,True,168,True,181,True,215,True,249,True,279,True,76_100,136_160,136_160
blend_schedule_ridge_gbt,2027,Indiana St.,indiana state,MVC,Matthew Graves,0.5062692145124431,201_250,152,2159,0.24596651744168962,0.24596651744168962,0.24596651744168962,0.2889376283485372,11.0,0.2727272727272727,0.7272727272727273,0.09090909090909091,0.6363636363636364,0.25641025641025644,0.7435897435897436,0.055555555555555566,0.688034188034188,0.497043458622194,0.25411257188157776,7.787497270301485,0.24117139974334612,0.4197377492160249,45.00647234432242,0.6135689914914133,0.3634083194292619,,0.6135689914914133,0.0,0.3634083194292619,0.0,0.497043458622194,122.0,,7,0.6135689914914133,3.979898774933334,3268.78,139.0,139.0,0.6208791208791209,67,False,89,False,99,False,149,True,168,True,181,True,215,True,249,True,279,True,76_100,136_160,136_160
blend_schedule_ridge_gbt,2027,Furman,furman,SC,Bob Richey,0.5049656138068317,161_200,152,2159,0.1516423064567941,0.1516423064567941,0.1516423064567941,0.0,10.0,0.5,0.5,0.1,0.4,0.48780487804878053,0.5121951219512195,0.06341463414634146,0.44878048780487806,0.39950922753175633,0.13788396087648852,1.2053639390104762,0.07582115322839705,0.6047572542685095,73.31075,0.6127679965794803,0.05235602094240843,,0.6127679965794803,0.036985928404096126,0.0033201379134210228,0.274998320416157,0.39950922753175633,182.0,,4,0.6127679965794803,1.8536128779333336,2453.63,140.0,140.0,0.6181318681318682,67,False,89,False,99,False,149,True,168,True,181,True,215,True,249,True,279,True,76_100,136_160,136_160
blend_schedule_ridge_gbt,2027,Miami OH,miami oh,MAC,Travis Steele,0.5022061715295044,136_160,152,2159,0.3611285714285714,0.3611285714285714,0.3611285714285714,0.2608506298409548,12.0,0.75,0.25,0.0,0.25,0.7228915662650601,0.2771084337349397,0.0,0.2771084337349397,0.42397409274805087,0.357450873731443,11.212209737737954,0.2932238095238095,2.831768380558222,,0.6764348126072797,,,0.6764348126072797,0.21196901893287431,,0.18744579144539072,0.42397409274805087,,,3,0.6764348126072797,4.3216117411166675,1947.0,141.0,141.0,0.6153846153846154,67,False,89,False,99,False,149,True,168,True,181,True,215,True,249,True,279,True,76_100,136_160,136_160
blend_schedule_ridge_gbt,2027,Arkansas St.,arkansas state,SB,Ryan Pannone,0.5005615800775237,136_160,152,2159,0.14130416890261369,0.14130416890261369,0.14130416890261369,0.11024896112970248,8.0,0.25,0.75,0.25,0.5,0.25316455696202533,0.7468354430379747,0.16455696202531647,0.5822784810126582,0.5298823178704938,0.12714629320394785,3.6230786522331746,0.11506704548821561,3.3761408458465705,24.06402117522053,0.6795326717751244,0.15739887240301187,,0.6795326717751244,0.0,0.15739887240301187,0.0,0.5298823178704938,117.0,,4,0.6795326717751244,4.7541653574166665,1724.83,142.0,142.0,0.6126373626373627,67,False,89,False,99,False,149,True,168,True,181,True,215,True,249,True,279,True,76_100,136_160,136_160
blend_schedule_ridge_gbt,2027,Charleston,charleston,CAA,John Groce,0.4987790151876393,161_200,152,2159,0.149026723114486,0.149026723114486,0.149026723114486,0.17122690386055628,12.0,0.3333333333333333,0.6666666666666667,0.08333333333333333,0.5833333333333334,0.3149606299212599,0.6850393700787403,0.05118110236220474,0.6338582677165355,0.520100726061641,0.14139415300320515,2.2520178548882366,0.1412731479259266,1.5954032702184529,82.777416666667,0.6816166727199112,0.5183246073298429,,0.6816166727199112,0.04449547966170917,0.026528424784598263,0.4320483634169517,0.520100726061641,93.0,,7,0.6816166727199112,1.9465140271,3356.14,143.0,143.0,0.6098901098901099,67,False,89,False,99,False,149,True,168,True,181,True,215,True,249,True,279,True,76_100,136_160,136_160
blend_schedule_ridge_gbt,2027,Western Michigan,western michigan,MAC,Kahil Fennell,0.4915408617595641,251_300,152,2159,0.0,0.0,0.0,0.0,11.0,0.0,1.0,0.18181818181818182,0.8181818181818182,0.0,1.0,0.11158798283261803,0.8884120171673819,0.49689976379842477,0.0,0.0,0.0,7.816195784676734,29.976804475548068,0.8338510418894065,0.20872216788447157,,0.8338510418894065,0.0,0.20872216788447157,0.0,0.49689976379842477,127.0,,9,0.8338510418894065,8.771040629766665,5937.0599999999995,144.0,144.0,0.6071428571428572,67,False,89,False,99,False,149,True,168,True,181,True,215,True,249,True,279,True,76_100,136_160,136_160
blend_schedule_ridge_gbt,2027,Bradley,bradley,MVC,Brian Wardle,0.48879579348504654,101_135,152,2159,0.12999063740379166,0.12999063740379166,0.12999063740379166,0.1308032165063164,7.0,0.42857142857142855,0.5714285714285714,0.0,0.5714285714285714,0.39473684210526316,0.6052631578947368,0.0,0.6052631578947368,0.4954968238598354,0.11986797315650921,0.920088104605552,0.12080166680586021,-0.9857882413694318,,0.45725918322742815,,,0.45725918322742815,0.047684868475997455,,0.27676213721660126,0.4954968238598354,,,4,0.45725918322742815,1.16251285965,1406.1200000000001,145.0,145.0,0.6043956043956045,67,False,89,False,99,False,149,True,168,True,181,True,215,True,249,True,279,True,76_100,136_160,136_160
blend_schedule_ridge_gbt,2027,Seattle,seattle,WCC,Chris Victor,0.48548201653631085,136_160,152,2159,0.19993726322901334,0.19993726322901334,0.19993726322901334,0.18041951376226142,8.0,0.5,0.5,0.0,0.5,0.46511627906976744,0.5348837209302325,0.0,0.5348837209302325,0.48678226426300686,0.19894991874817267,2.4144055390870127,0.17703984991434019,-0.14182755235026892,,0.5499013376829501,,,0.5499013376829501,0.082344116239228,,0.29413327364436864,0.48678226426300686,,,4,0.5499013376829501,1.1952245253666667,1192.54,146.0,146.0,0.6016483516483517,67,False,89,False,99,False,149,True,168,True,181,True,215,True,249,True,279,True,76_100,136_160,136_160
blend_schedule_ridge_gbt,2027,Kent St.,kent state,MAC,Rob Senderoff,0.4808129321558219,161_200,152,2159,0.14751872393706125,0.14751872393706125,0.14751872393706125,0.11132304795627311,11.0,0.45454545454545453,0.5454545454545454,0.09090909090909091,0.45454545454545453,0.43859649122807015,0.5614035087719298,0.05701754385964913,0.5043859649122807,0.6600454645032775,0.14546515412642544,6.09052365926633,0.1223274233073362,1.9948331469399976,78.31090617136489,0.6396666203605346,0.7492089062769691,,0.6396666203605346,0.0,0.7492089062769691,0.0,0.6600454645032775,60.0,,5,0.6396666203605346,2.174528415466667,1493.4099999999999,147.0,147.0,0.5989010989010989,67,False,89,False,99,False,149,True,168,True,181,True,215,True,249,True,279,True,76_100,136_160,136_160
blend_schedule_ridge_gbt,2027,Loyola Chicago,loyola chicago,A10,Drew Valentine,0.47506121394217526,251_300,152,2159,0.31619821312937835,0.31619821312937835,0.31619821312937835,0.3414928442523188,13.0,0.3076923076923077,0.6923076923076923,0.15384615384615385,0.5384615384615384,0.2996254681647941,0.7003745318352059,0.09737827715355807,0.6029962546816479,0.5649094800236012,0.3154202525223564,-0.03767627840949972,0.2809181598764678,3.4755676886106506,43.37224073540129,0.7327668062607128,0.38927391268195666,,0.7327668062607128,0.0,0.38927391268195666,0.0,0.5649094800236012,74.0,,7,0.7327668062607128,3.72749782895,3779.95,148.0,148.0,0.5961538461538461,67,False,89,False,99,False,149,True,168,True,181,True,215,True,249,True,279,True,76_100,136_160,136_160
blend_schedule_ridge_gbt,2027,San Diego,san diego,WCC,JR Blount,0.4749576384339393,201_250,152,2159,0.05264466326379382,0.05264466326379382,0.05264466326379382,0.0,13.0,0.38461538461538464,0.6153846153846154,0.0,0.6153846153846154,0.352112676056338,0.6478873239436619,0.0,0.6478873239436619,0.5118516496445722,0.04687367180505214,-3.176126526789769,0.02632233163189691,5.750587917124416,,0.7757262789992871,,,0.7757262789992871,0.009268426630949615,,0.5025832230136226,0.5118516496445722,,,8,0.7757262789992871,10.297657625983334,4995.030000000001,149.0,149.0,0.5934065934065934,67,False,89,False,99,False,149,True,168,True,181,True,215,True,249,True,279,True,76_100,136_160,136_160
blend_schedule_ridge_gbt,2027,Wright St.,wright state,Horz,Clint Sargent,0.4722695083100919,136_160,152,2159,0.4576772886656915,0.4576772886656915,0.4576772886656915,0.4625082036968922,8.0,0.5,0.5,0.0,0.5,0.46511627906976744,0.5348837209302325,0.0,0.5348837209302325,0.5720941451189838,0.4439001424380264,10.96504678146685,0.42244068993936534,1.6272945018466174,,0.6435307998954565,,,0.6435307998954565,0.19648404183226295,,0.34421414878129064,0.5720941451189838,,,4,0.6435307998954565,0.8798941571833334,1729.97,150.0,150.0,0.5906593406593407,67,False,89,False,99,False,149,False,168,True,181,True,215,True,249,True,279,True,101_135,136_160,136_160
blend_schedule_ridge_gbt,2027,Toledo,toledo,MAC,Tod Kowalczyk,0.4706621802533917,101_135,152,2159,0.5180241342618708,0.5180241342618708,0.5180241342618708,0.5007140543688213,11.0,0.6363636363636364,0.36363636363636365,0.09090909090909091,0.2727272727272727,0.6306306306306306,0.36936936936936937,0.058558558558558564,0.3108108108108108,0.5175472965337775,0.4987695039150975,8.795791439432097,0.4921140994651589,-0.6287384638071813,73.31075,0.5463598473232348,0.020942408376963373,,0.5463598473232348,0.31034222488793806,0.001226357247299657,0.1698145471410054,0.5175472965337775,188.0,,3,0.5463598473232348,1.8072433418666667,1001.0,151.0,151.0,0.5879120879120879,67,False,89,False,99,False,149,False,168,True,181,True,215,True,249,True,279,True,101_135,136_160,136_160
blend_schedule_ridge_gbt,2027,Kennesaw St.,kennesaw state,CUSA,Antoine Pettway,0.4701037825107442,136_160,152,2159,0.30596604081987117,0.30596604081987117,0.30596604081987117,0.3899348391583176,12.0,0.3333333333333333,0.6666666666666667,0.25,0.4166666666666667,0.3418803418803419,0.6581196581196581,0.16666666666666669,0.49145299145299143,0.4778512566772736,0.2895553213531248,5.099372146915563,0.30559617761497937,2.6435956668807514,17.42263259976001,0.6682494274295766,0.09376330475806915,,0.6682494274295766,0.0,0.09376330475806915,0.0,0.4778512566772736,114.0,,5,0.6682494274295766,3.8201452493999994,2678.87,152.0,152.0,0.5851648351648351,67,False,89,False,99,False,149,False,168,True,181,True,215,True,249,True,279,True,101_135,136_160,136_160
blend_schedule_ridge_gbt,2027,Vermont,vermont,AE,John Becker,0.4627824408961686,201_250,152,2159,0.1773527208704314,0.1773527208704314,0.1773527208704314,0.14863102998696218,8.0,0.25,0.75,0.0,0.75,0.22471910112359555,0.7752808988764046,0.0,0.7752808988764046,0.4474014626359178,0.20157711887868635,10.254501882048158,0.1496822369284705,-2.2062760171831557,,0.39143017977595373,,,0.39143017977595373,0.03363645773673495,,0.30346834162405406,0.4474014626359178,,,6,0.39143017977595373,-0.5372298438833334,2030.18,153.0,153.0,0.5824175824175823,67,False,89,False,99,False,149,False,168,True,181,True,215,True,249,True,279,True,101_135,136_160,136_160
blend_schedule_ridge_gbt,2027,Duquesne,duquesne,A10,Dru Joyce,0.4566156673082373,101_135,152,2159,0.06861237168711892,0.06861237168711892,0.06861237168711892,0.0,9.0,0.5555555555555556,0.4444444444444444,0.0,0.4444444444444444,0.5208333333333334,0.47916666666666663,0.0,0.47916666666666663,0.41224382304495444,0.062490101629201496,0.18548104508859753,0.03430618584355946,0.013871023873063873,,0.5929972202629059,,,0.5929972202629059,0.01786780512685389,,0.28414450137597574,0.41224382304495444,,,4,0.5929972202629059,2.3380226933333335,2102.27,154.0,154.0,0.5796703296703296,67,False,89,False,99,False,149,False,168,True,181,True,215,True,249,True,279,True,101_135,136_160,136_160
blend_schedule_ridge_gbt,2027,Sam Houston St.,sam houston state,CUSA,Chris Mudge,0.4560503067624723,136_160,152,2159,0.23132655266629892,0.23132655266629892,0.23132655266629892,0.22307968549179708,6.0,0.5,0.5,0.0,0.5,0.46511627906976744,0.5348837209302325,0.0,0.5348837209302325,0.5614436442222817,0.22500697090979868,3.1969040177936474,0.21084664789241253,2.2061903062699213,,0.6231111504862704,,,0.6231111504862704,0.09806820832205233,,0.33329201072521436,0.5614436442222817,,,3,0.6231111504862704,1.9504931654999997,539.0500000000001,155.0,155.0,0.5769230769230769,67,False,89,False,99,False,149,False,168,True,181,True,215,True,249,True,279,True,101_135,136_160,136_160
blend_schedule_ridge_gbt,2027,St. Thomas,saint thomas,Sum,Johnny Tauer,0.4540286627738177,101_135,152,2159,0.4188947472834808,0.4188947472834808,0.4188947472834808,0.40587530200588096,12.0,0.75,0.25,0.0,0.25,0.7228915662650601,0.2771084337349397,0.0,0.2771084337349397,0.4243733833761546,0.3802710417390955,10.628073055799412,0.3842118505878197,-0.41853690061637666,,0.468120760596458,,,0.468120760596458,0.27774350644902623,,0.12972021076769316,0.4243733833761546,,,3,0.468120760596458,0.7032887704999999,763.14,156.0,156.0,0.5741758241758241,67,False,89,False,99,False,149,False,168,True,181,True,215,True,249,True,279,True,101_135,136_160,136_160
blend_schedule_ridge_gbt,2027,Valparaiso,valparaiso,MVC,Roger Powell,0.44884382805176115,161_200,152,2159,0.4752606501426046,0.4752606501426046,0.4752606501426046,0.5355297218430837,10.0,0.7,0.30000000000000004,0.1,0.2,0.7035175879396985,0.2964824120603015,0.06532663316582915,0.23115577889447236,0.4755922545166622,0.4868270244973251,7.763298057981222,0.4556063343770066,-0.17717195793680104,77.644083333333,0.48856384392764746,0.26178010471204194,,0.48856384392764746,0.32052706941095943,0.017101212870635908,0.11293435588277279,0.4755922545166622,142.0,,2,0.48856384392764746,0.41671315961666655,892.28,157.0,157.0,0.5714285714285714,67,False,89,False,99,False,149,False,168,True,181,True,215,True,249,True,279,True,101_135,136_160,136_160
blend_schedule_ridge_gbt,2027,Pepperdine,pepperdine,WCC,Griff Aldrich,0.44685792921279643,251_300,152,2159,0.15734432179941096,0.15734432179941096,0.15734432179941096,0.09269097185556657,12.0,0.3333333333333333,0.6666666666666667,0.08333333333333333,0.5833333333333334,0.3149606299212599,0.6850393700787403,0.05118110236220474,0.6338582677165355,0.5349090448112418,0.1392929234248948,-3.800401340014496,0.11857146635195492,5.9268638780560545,73.31075,0.7831080410274308,0.10471204188481675,,0.7831080410274308,0.037345343732899196,0.005359277734262276,0.4963795063205369,0.5349090448112418,172.0,,7,0.7831080410274308,9.197423777500001,3736.4900000000002,158.0,158.0,0.5686813186813187,67,False,89,False,99,False,149,False,168,True,181,True,215,True,249,True,279,True,101_135,136_160,136_160
blend_schedule_ridge_gbt,2027,Kansas City,umkc,Sum,Mark Turgeon,0.44520582191205016,301_plus,152,2159,0.0,0.0,0.0,0.0,7.0,0.0,1.0,0.5714285714285714,0.42857142857142855,0.0,1.0,0.42975206611570255,0.5702479338842975,0.5593076982014128,0.0,0.0,0.0,0.39735265348285864,80.0,0.5434673832503095,0.3717277486910995,,0.5434673832503095,0.0,0.15975076803253865,0.3099111524319947,0.5593076982014128,121.0,,3,0.5434673832503095,2.2034482584333333,1372.0500000000002,159.0,159.0,0.5659340659340659,67,False,89,False,99,False,149,False,168,True,181,True,215,True,249,True,279,True,101_135,136_160,136_160
blend_schedule_ridge_gbt,2027,Fordham,fordham,A10,Mike Magpayo,0.44142198203921523,136_160,152,2159,0.3685889292507571,0.3685889292507571,0.3685889292507571,0.26711026228880685,12.0,0.6666666666666666,0.3333333333333333,0.08333333333333333,0.25,0.6611570247933884,0.33884297520661155,0.05371900826446281,0.28512396694214875,0.5697372213469174,0.35132593815397944,6.179349578516675,0.2969006434246397,3.015016308666314,52.17965915750922,0.6923949651162973,0.450388355100397,,0.6923949651162973,0.0,0.450388355100397,0.0,0.5697372213469174,104.0,,3,0.6923949651162973,5.138406699633333,2067.05,160.0,160.0,0.5631868131868132,67,False,89,False,99,False,149,False,168,True,181,True,215,True,249,True,279,True,101_135,136_160,136_160
blend_schedule_ridge_gbt,2027,Pacific,pacific,WCC,Dave Smart,0.44030074712248835,136_160,152,2159,0.12870641379465445,0.12870641379465445,0.12870641379465445,0.09204347148780799,9.0,0.2222222222222222,0.7777777777777777,0.1111111111111111,0.6666666666666666,0.20942408376963353,0.7905759162303666,0.06806282722513089,0.7225130890052357,0.5999398012713557,0.12248841449289023,9.441519145656518,0.10659082219816159,-0.2054723724844558,55.10346868131869,0.5585186873583617,0.4852425061849146,,0.5585186873583617,0.0,0.4852425061849146,0.0,0.5999398012713557,98.0,,6,0.5585186873583617,0.4878684988666665,2752.66,161.0,161.0,0.5604395604395604,67,False,89,False,99,False,149,False,168,True,181,True,215,True,249,True,279,True,101_135,161_200,161_200
blend_schedule_ridge_gbt,2027,Austin Peay,austin peay,ASun,Corey Gipson,0.43713316705454264,161_200,152,2159,0.30067724838532806,0.30067724838532806,0.30067724838532806,0.3431920872823452,7.0,0.2857142857142857,0.7142857142857142,0.5714285714285714,0.14285714285714285,0.34782608695652173,0.6521739130434783,0.4521739130434783,0.19999999999999998,0.40805151645617443,0.32676619029984444,12.988464888153638,0.30067724838532806,-0.39434716755160604,27.572663899576597,0.3819379285720844,0.2295748539589654,,0.3819379285720844,0.0,0.2295748539589654,0.0,0.40805151645617443,76.0,,1,0.3819379285720844,0.0508949064,311.14,162.0,162.0,0.5576923076923077,67,False,89,False,99,False,149,False,168,True,181,True,215,True,249,True,279,True,101_135,161_200,161_200
blend_schedule_ridge_gbt,2027,Penn,penn,Ivy,Fran McCaffery,0.4356592718658494,136_160,152,2159,0.6314230330049025,0.6314230330049025,0.6314230330049025,0.5837341744148563,12.0,0.75,0.25,0.16666666666666666,0.08333333333333333,0.7860262008733624,0.21397379912663755,0.11353711790393013,0.10043668122270741,0.5165177046710585,0.6130350029422348,8.830769875807082,0.5525098973682231,-1.585045319165832,77.387685381403,0.36529540610584693,0.25654450261780104,,0.36529540610584693,0.43428725557327574,0.02912732344132239,0.036689058255172394,0.5165177046710585,143.0,,1,0.36529540610584693,-0.8074581482666666,506.73,163.0,163.0,0.554945054945055,67,False,89,False,99,False,149,False,168,True,181,True,215,True,249,True,279,True,101_135,161_200,161_200
blend_schedule_ridge_gbt,2027,New Mexico St.,new mexico state,CUSA,Jason Hooten,0.43471673937030586,161_200,152,2159,0.21810478943050407,0.21810478943050407,0.21810478943050407,0.2664814262113843,10.0,0.4,0.6,0.1,0.5,0.38461538461538464,0.6153846153846153,0.0625,0.5528846153846153,0.5816909672754417,0.19466680226430666,1.6473437167445693,0.21695500611061752,0.6300593649368835,22.581563919413853,0.6467423435057557,0.11127092802485475,,0.6467423435057557,0.0,0.11127092802485475,0.0,0.5816909672754417,155.0,,5,0.6467423435057557,1.8638933995833336,4106.530000000001,164.0,164.0,0.5521978021978022,67,False,89,False,99,False,149,False,168,True,181,True,215,True,249,True,279,True,101_135,161_200,161_200
blend_schedule_ridge_gbt,2027,Buffalo,buffalo,MAC,George Halcovage,0.43233386526426776,201_250,152,2159,0.005578530838118473,0.005578530838118473,0.005578530838118473,0.0,9.0,0.2222222222222222,0.7777777777777778,0.0,0.7777777777777778,0.1990049751243781,0.8009950248756218,0.0,0.8009950248756218,0.5369774040456454,0.004144557696986726,-28.313674466666665,0.0027892654190592365,3.4448072208537357,,0.7045598563214777,,,0.7045598563214777,0.0005550776953351713,,0.5643489396405865,0.5369774040456454,,,7,0.7045598563214777,6.252115932366666,3907.63,165.0,165.0,0.5494505494505495,67,False,89,False,99,False,149,False,168,True,181,True,215,True,249,True,279,True,101_135,161_200,161_200
blend_schedule_ridge_gbt,2027,Tulane,tulane,Amer,Ron Hunter,0.4306495142774174,201_250,152,2159,0.2935632458344896,0.2935632458344896,0.2935632458344896,0.21571673349395076,15.0,0.5333333333333333,0.4666666666666667,0.06666666666666667,0.4,0.5144694533762058,0.48553054662379425,0.041800643086816726,0.4437299035369775,0.5544880805528208,0.2822697337409197,1.3861660572860535,0.24291200451473566,1.4064832082037266,38.85240641025648,0.6588487384713122,0.2935964559001208,,0.6588487384713122,0.0,0.2935964559001208,0.0,0.5544880805528208,132.0,,6,0.6588487384713122,5.383576976433334,2710.66,166.0,166.0,0.5467032967032968,67,False,89,False,99,False,149,False,168,True,181,True,215,True,249,True,279,True,101_135,161_200,161_200
blend_schedule_ridge_gbt,2027,Ohio,ohio,MAC,Jeff Boals,0.4284660641871096,201_250,152,2159,0.20607335831392573,0.20607335831392573,0.20607335831392573,0.15222059181788825,5.0,0.6,0.4,0.0,0.4,0.5660377358490566,0.43396226415094336,0.0,0.43396226415094336,0.4972408039573585,0.22270480119284666,5.4599880654702195,0.16965122486995932,1.8493149881531126,,0.6615938967669048,,,0.6615938967669048,0.09602899520941093,,0.2871067853894115,0.4972408039573585,,,2,0.6615938967669048,4.4918934625,1863.1599999999999,167.0,167.0,0.543956043956044,67,False,89,False,99,False,149,False,168,True,181,True,215,True,249,True,279,True,101_135,161_200,161_200
blend_schedule_ridge_gbt,2027,James Madison,james madison,SB,Preston Spradlin,0.42629020759441205,201_250,152,2159,0.14700465116279068,0.14700465116279068,0.14700465116279068,0.14032905395569886,10.0,0.2,0.7999999999999999,0.1,0.7,0.18691588785046734,0.8130841121495328,0.06074766355140188,0.7523364485981309,0.5180372734226439,0.13280516105331747,3.1211025300575823,0.13104496124031006,-0.2933923686283804,39.0721866300367,0.5968463819810096,0.29684137851677117,,0.5968463819810096,0.0,0.29684137851677117,0.0,0.5180372734226439,131.0,,7,0.5968463819810096,2.495400692383334,3350.75,168.0,168.0,0.5412087912087913,67,False,89,False,99,False,149,False,168,True,181,True,215,True,249,True,279,True,101_135,161_200,161_200
blend_schedule_ridge_gbt,2027,Oakland,oakland,Horz,Greg Kampe,0.42478079507205013,161_200,152,2159,0.09445952506528213,0.09445952506528213,0.09445952506528213,0.0,7.0,0.2857142857142857,0.7142857142857143,0.0,0.7142857142857143,0.25806451612903225,0.7419354838709676,0.0,0.7419354838709676,0.5135849283701579,0.08569632838673302,2.3654674564586378,0.047229762532641065,-0.16025605329790465,,0.5582845061198249,,,0.5582845061198249,0.012188325814875113,,0.4142110851856765,0.5135849283701579,,,5,0.5582845061198249,2.8567045415833334,1975.42,169.0,169.0,0.5384615384615384,67,False,89,False,99,False,149,False,168,False,181,True,215,True,249,True,279,True,136_160,161_200,161_200
blend_schedule_ridge_gbt,2027,Winthrop,winthrop,BSth,Mark Prosser,0.42246542518522556,136_160,152,2159,0.09897767725187306,0.09897767725187306,0.09897767725187306,0.0,11.0,0.2727272727272727,0.7272727272727273,0.0,0.7272727272727273,0.24590163934426232,0.7540983606557378,0.0,0.7540983606557378,0.4319069481607167,0.09085886251675467,0.8460083022527343,0.04948883862593653,-3.152923774796631,,0.5192781373495153,,,0.5192781373495153,0.012169386547361443,,0.39158679209963454,0.4319069481607167,,,8,0.5192781373495153,0.9061187798000001,2870.72,170.0,170.0,0.5357142857142857,67,False,89,False,99,False,149,False,168,False,181,True,215,True,249,True,279,True,136_160,161_200,161_200
blend_schedule_ridge_gbt,2027,Jacksonville St.,jacksonville state,CUSA,Ray Harper,0.4205818737812739,201_250,152,2159,0.3521209582987889,0.3521209582987889,0.3521209582987889,0.40147970264686667,9.0,0.4444444444444444,0.5555555555555556,0.0,0.5555555555555556,0.41025641025641024,0.5897435897435898,0.0,0.5897435897435898,0.4632361963967351,0.3506613719815442,8.684073974022887,0.3509619740339661,-0.6482679281267816,,0.4766052765570941,,,0.4766052765570941,0.1439843996036784,,0.28107490668751706,0.4632361963967351,,,5,0.4766052765570941,0.13221473450000004,1387.54,171.0,171.0,0.532967032967033,67,False,89,False,99,False,149,False,168,False,181,True,215,True,249,True,279,True,136_160,161_200,161_200
blend_schedule_ridge_gbt,2027,Texas St.,texas state,SB,Terrence Johnson,0.41773633668521853,201_250,152,2159,0.4812042080450631,0.4812042080450631,0.4812042080450631,0.5466855853003029,12.0,0.5,0.5,0.16666666666666666,0.3333333333333333,0.5042016806722689,0.49579831932773105,0.1092436974789916,0.38655462184873945,0.4871756228012741,0.4883470480178868,9.82532444285284,0.46226109171477336,1.7910699289146437,46.68520761329076,0.6782592499530675,0.42592539646957805,,0.6782592499530675,0.0,0.42592539646957805,0.0,0.4871756228012741,70.0,,4,0.6782592499530675,5.0696097898333345,2925.72,172.0,172.0,0.5302197802197802,67,False,89,False,99,False,149,False,168,False,181,True,215,True,249,True,279,True,136_160,161_200,161_200
blend_schedule_ridge_gbt,2027,Towson,towson,CAA,Pat Skerry,0.4152141687868941,136_160,152,2159,0.2524280155642023,0.2524280155642023,0.2524280155642023,0.23280381876516157,9.0,0.4444444444444444,0.5555555555555556,0.1111111111111111,0.4444444444444444,0.43243243243243246,0.5675675675675675,0.07027027027027027,0.4972972972972973,0.6205821262909462,0.2292462342669815,4.659420307365048,0.22345136186770426,-2.8841846499861674,50.594530952380886,0.31252526327592484,0.4329094988780853,,0.31252526327592484,0.0,0.4329094988780853,0.0,0.6205821262909462,106.0,,4,0.31252526327592484,-0.6483743559333335,626.3199999999999,173.0,173.0,0.5274725274725275,67,False,89,False,99,False,149,False,168,False,181,True,215,True,249,True,279,True,136_160,161_200,161_200
blend_schedule_ridge_gbt,2027,UT Arlington,ut arlington,WAC,K.T. Turner,0.4131388684347788,136_160,152,2159,0.21683692785819872,0.21683692785819872,0.21683692785819872,0.23134234950941396,7.0,0.5714285714285714,0.42857142857142855,0.14285714285714285,0.2857142857142857,0.5755395683453237,0.4244604316546763,0.09352517985611512,0.33093525179856115,0.595514045123892,0.20938118247449397,1.9556685257120767,0.1981710227852602,-3.1156657204032996,40.41086794871802,0.4699792070498889,0.31107531212243256,,0.4699792070498889,0.0,0.31107531212243256,0.0,0.595514045123892,130.0,,2,0.4699792070498889,1.2409667752000002,880.2299999999999,174.0,174.0,0.5247252747252747,67,False,89,False,99,False,149,False,168,False,181,True,215,True,249,True,279,True,136_160,161_200,161_200
blend_schedule_ridge_gbt,2027,North Dakota St.,north dakota state,Sum,Dave Richman,0.41170638316424263,136_160,152,2159,0.22825643810663745,0.22825643810663745,0.22825643810663745,0.18576154926038702,8.0,0.5,0.5,0.0,0.5,0.46511627906976744,0.5348837209302325,0.0,0.5348837209302325,0.4642600523157096,0.20299729898486474,4.614739703570897,0.19545628672132337,-1.541793410455032,,0.4943739868778271,,,0.4943739868778271,0.09090990080061552,,0.26443259763232607,0.4642600523157096,,,4,0.4943739868778271,0.1967919678333332,1769.1599999999999,175.0,175.0,0.5219780219780219,67,False,89,False,99,False,149,False,168,False,181,True,215,True,249,True,279,True,136_160,161_200,161_200
blend_schedule_ridge_gbt,2027,Cal Baptist,cal baptist,WAC,Kyle Getter,0.4101723068535725,136_160,152,2159,0.2162960980477147,0.2162960980477147,0.2162960980477147,0.21920297099420857,8.0,0.5,0.5,0.125,0.375,0.4938271604938272,0.5061728395061729,0.08024691358024692,0.42592592592592593,0.6373150530290961,0.1941415767111716,5.953822911992949,0.19984014591957544,0.6277426245418827,64.4068489966555,0.5362727144000642,0.5921063229963753,,0.5362727144000642,0.0,0.5921063229963753,0.0,0.6373150530290961,82.0,,3,0.5362727144000642,1.2499130044666666,763.87,176.0,176.0,0.5192307692307692,67,False,89,False,99,False,149,False,168,False,181,True,215,True,249,True,279,True,136_160,161_200,161_200
blend_schedule_ridge_gbt,2027,Robert Morris,robert morris,Horz,Andrew Toole,0.4100180360392033,136_160,152,2159,0.33644211158716864,0.33644211158716864,0.33644211158716864,0.3437495873427893,9.0,0.5555555555555556,0.4444444444444444,0.0,0.4444444444444444,0.5208333333333334,0.47916666666666663,0.0,0.47916666666666663,0.5483682941816915,0.3117468271635941,2.5617587705412994,0.3122677902325655,8.2784721908001,,0.8283961658139702,,,0.8283961658139702,0.16263947407946122,,0.39693982945252737,0.5483682941816915,,,4,0.8283961658139702,12.352420313266666,2870.1899999999996,177.0,177.0,0.5164835164835164,67,False,89,False,99,False,149,False,168,False,181,True,215,True,249,True,279,True,136_160,161_200,161_200
blend_schedule_ridge_gbt,2027,Louisiana Tech,louisiana tech,CUSA,Talvin Hester,0.40840274544745236,161_200,152,2159,0.1088148628599021,0.1088148628599021,0.1088148628599021,0.12332149117315637,10.0,0.3,0.7,0.4,0.3,0.3314917127071823,0.6685082872928176,0.287292817679558,0.38121546961325964,0.5469547081513768,0.0977877650847412,0.32669156185468795,0.10463715364376243,0.036538461538461534,25.072163437269445,0.18269230769230768,0.17832111081248503,,0.18269230769230768,0.0,0.17832111081248503,0.0,0.5469547081513768,105.0,,3,0.18269230769230768,0.0,0.0,178.0,178.0,0.5137362637362637,67,False,89,False,99,False,149,False,168,False,181,True,215,True,249,True,279,True,136_160,161_200,161_200
blend_schedule_ridge_gbt,2027,Middle Tennessee,middle tennessee,CUSA,Nicholas McDevitt,0.4060822418178147,161_200,152,2159,0.24126508200881688,0.24126508200881688,0.24126508200881688,0.15243535308514547,8.0,0.5,0.5,0.125,0.375,0.4938271604938272,0.5061728395061729,0.08024691358024692,0.42592592592592593,0.6069171339132072,0.23122521516185626,4.434819685828129,0.18616060249043276,-3.4086628767302023,60.9942036709668,0.3831854222794181,0.5518094470974052,,0.3831854222794181,0.0,0.5518094470974052,0.0,0.6069171339132072,89.0,,3,0.3831854222794181,-0.08182858116666666,1452.38,179.0,179.0,0.510989010989011,67,False,89,False,99,False,149,False,168,False,181,True,215,True,249,True,279,True,136_160,161_200,161_200
blend_schedule_ridge_gbt,2027,William & Mary,william and mary,CAA,Brian Earl,0.40424020610513645,136_160,152,2159,0.00123348340714787,0.00123348340714787,0.00123348340714787,0.0,8.0,0.125,0.875,0.0,0.875,0.11049723756906078,0.8895027624309392,0.0,0.8895027624309392,0.5609484242403345,0.0010787233123473092,-28.502200000000002,0.000616741703573935,2.0972067462854524,,0.6124186707664749,,,0.6124186707664749,6.814825453855636e-05,,0.5447480994110633,0.5609484242403345,,,7,0.6124186707664749,1.7019078006,1975.79,180.0,180.0,0.5082417582417582,67,False,89,False,99,False,149,False,168,False,181,True,215,True,249,True,279,True,136_160,161_200,161_200
blend_schedule_ridge_gbt,2027,Harvard,harvard,Ivy,Tommy Amaker,0.40371719606988754,136_160,152,2159,0.8327703387306805,0.8327703387306805,0.8327703387306805,0.8158394034942219,16.0,0.875,0.125,0.125,0.0,0.9150326797385621,0.08496732026143791,0.08496732026143791,0.0,0.6063513451577286,0.8267828511287597,10.899923240343801,0.7838673412029229,,64.63741245452553,,0.5839364823658018,,,0.0,0.5839364823658018,,0.6063513451577286,94.0,,,,,,181.0,181.0,0.5054945054945055,67,False,89,False,99,False,149,False,168,False,181,True,215,True,249,True,279,True,136_160,161_200,161_200
blend_schedule_ridge_gbt,2027,UT Rio Grande Valley,ut rio grande valley,Slnd,Brandon Chambers,0.4030549912968859,136_160,152,2159,0.00036334719258516746,0.00036334719258516746,0.00036334719258516746,0.0,6.0,0.16666666666666666,0.8333333333333334,0.0,0.8333333333333334,0.14814814814814814,0.8518518518518517,0.0,0.8518518518518517,0.48375237784972347,0.00024822906334893735,-21.611130000000003,0.00018167359629258373,0.42612242768127995,,0.47525132247028956,,,0.47525132247028956,2.6914606858160552e-05,,0.40484371914135775,0.48375237784972347,,,5,0.47525132247028956,-0.03626423779999999,970.6700000000001,182.0,182.0,0.5027472527472527,67,False,89,False,99,False,149,False,168,False,181,False,215,True,249,True,279,True,161_200,161_200,161_200
blend_schedule_ridge_gbt,2027,East Carolina,east carolina,Amer,Mike Schwartz,0.4014233247999416,201_250,152,2159,0.05549291276886787,0.05549291276886787,0.05549291276886787,0.0,9.0,0.1111111111111111,0.8888888888888888,0.2222222222222222,0.6666666666666666,0.10869565217391304,0.8913043478260869,0.14130434782608695,0.75,0.4294163008256342,0.05434147109895985,-2.676802499999999,0.027746456384433935,2.113913754209211,44.69425550278157,0.6736450987423132,0.3632011967090501,,0.6736450987423132,0.0,0.3632011967090501,0.0,0.4294163008256342,118.0,,6,0.6736450987423132,5.1057708715,3376.4799999999996,183.0,183.0,0.5,67,False,89,False,99,False,149,False,168,False,181,False,215,True,249,True,279,True,161_200,161_200,161_200
blend_schedule_ridge_gbt,2027,Iona,iona,MAAC,Dan Geriot,0.3941369619986118,251_300,152,2159,0.19891372313426434,0.19891372313426434,0.19891372313426434,0.23816902580412536,8.0,0.375,0.625,0.0,0.625,0.34285714285714286,0.6571428571428571,0.0,0.6571428571428571,0.44680731638265125,0.18910485242508004,1.7926004096554529,0.19815587337395635,1.2569553360858283,,0.6237642220568385,,,0.6237642220568385,0.06793915658535646,,0.4099022030659224,0.44680731638265125,,,5,0.6237642220568385,1.6316521669666666,3046.72,184.0,184.0,0.49725274725274726,67,False,89,False,99,False,149,False,168,False,181,False,215,True,249,True,279,True,161_200,161_200,161_200
blend_schedule_ridge_gbt,2027,Tarleton St.,tarleton state,WAC,Eric Haut,0.3927567132526685,201_250,152,2159,0.30440543926640035,0.30440543926640035,0.30440543926640035,0.2862911205981458,15.0,0.6,0.4,0.0,0.4,0.5660377358490566,0.43396226415094336,0.0,0.43396226415094336,0.4662201633158666,0.27651518393463165,-1.4604646212033523,0.25034052683421937,4.0149307322166505,,0.7478022978571456,,,0.7478022978571456,0.14170218500050152,,0.32451797831536505,0.4662201633158666,,,6,0.7478022978571456,5.286215497716667,3749.8199999999997,185.0,185.0,0.4945054945054945,67,False,89,False,99,False,149,False,168,False,181,False,215,True,249,True,279,True,161_200,161_200,161_200
blend_schedule_ridge_gbt,2027,Massachusetts,massachusetts,MAC,Frank Martin,0.38496999179992,161_200,152,2159,0.413675505939069,0.413675505939069,0.413675505939069,0.3849028505352418,10.0,0.6,0.4,0.1,0.3,0.594059405940594,0.4059405940594059,0.06435643564356436,0.34158415841584155,0.5939508127461209,0.3588317036840039,1.7960976250987075,0.3745231418369668,2.918800278819534,15.34859688644682,0.6209180657117047,0.03465853518209539,,0.6209180657117047,0.0,0.03465853518209539,0.0,0.5939508127461209,161.0,,3,0.6209180657117047,1.2927100337166668,1465.52,186.0,186.0,0.4917582417582418,67,False,89,False,99,False,149,False,168,False,181,False,215,True,249,True,279,True,161_200,161_200,161_200
blend_schedule_ridge_gbt,2027,UTEP,utep,CUSA,Joe Golding,0.3838572134025632,251_300,152,2159,0.0024035568393404555,0.0024035568393404555,0.0024035568393404555,0.0,10.0,0.1,0.8999999999999999,0.3,0.6,0.10152284263959392,0.8984771573604061,0.19796954314720813,0.700507614213198,0.46575141376151363,0.0016061181375251832,-27.0638,0.0012017784196702277,0.8839514234832416,48.91365121622581,0.6368950408564565,0.4603451604980632,,0.6368950408564565,0.0,0.4603451604980632,0.0,0.46575141376151363,54.0,,6,0.6368950408564565,2.058032371933333,3167.34,187.0,187.0,0.48901098901098905,67,False,89,False,99,False,149,False,168,False,181,False,215,True,249,True,279,True,161_200,161_200,161_200
blend_schedule_ridge_gbt,2027,Western Carolina,western carolina,SC,Tim Craft,0.38283603232959085,201_250,152,2159,0.2212258377720494,0.2212258377720494,0.2212258377720494,0.12419340637224689,9.0,0.4444444444444444,0.5555555555555556,0.1111111111111111,0.4444444444444444,0.43243243243243246,0.5675675675675675,0.07027027027027027,0.4972972972972973,0.41338880273365797,0.2063831484018336,6.2634595723933355,0.16124590601089905,1.1995629532582979,73.31075,0.6350310506886887,0.12565445026178013,,0.6350310506886887,0.06972795935606446,0.008829772180557523,0.31579922520734793,0.41338880273365797,168.0,,4,0.6350310506886887,2.5135631009,2103.49,188.0,188.0,0.4862637362637363,67,False,89,False,99,False,149,False,168,False,181,False,215,True,249,True,279,True,161_200,161_200,161_200
blend_schedule_ridge_gbt,2027,Texas A&M Corpus Chris,texas a and m corpus chris,Slnd,Jim Shaw,0.3822827072958944,161_200,152,2159,0.22754849785407727,0.22754849785407727,0.22754849785407727,0.12419701744231744,11.0,0.6363636363636364,0.36363636363636365,0.09090909090909091,0.2727272727272727,0.6306306306306306,0.36936936936936937,0.058558558558558564,0.3108108108108108,0.28370826083839373,0.20956580990245702,2.4353107740084594,0.15853218884120174,-1.6417615891783097,73.31075,0.44177076346741284,0.026178010471204164,,0.44177076346741284,0.09997525422418127,0.0015329465591245684,0.1373071291858175,0.28370826083839373,187.0,,3,0.44177076346741284,-0.07481290259999995,1432.4,189.0,189.0,0.48351648351648346,67,False,89,False,99,False,149,False,168,False,181,False,215,True,249,True,279,True,161_200,161_200,161_200
blend_schedule_ridge_gbt,2027,CSUN,cal state northridge,BW,Andy Newman,0.3812268906229639,161_200,152,2159,0.08174065947745979,0.08174065947745979,0.08174065947745979,0.09020224584391931,9.0,0.3333333333333333,0.6666666666666666,0.0,0.6666666666666666,0.30303030303030304,0.696969696969697,0.0,0.696969696969697,0.3987003913259042,0.07254209720724149,-4.078078777056483,0.08067628339791169,-2.1609752744996493,,0.4448970545173368,,,0.4448970545173368,0.024447358605427787,,0.310079765269659,0.3987003913259042,,,6,0.4448970545173368,-0.4611676498666666,2753.0299999999997,190.0,190.0,0.4807692307692307,67,False,89,False,99,False,149,False,168,False,181,False,215,True,249,True,279,True,161_200,161_200,161_200
blend_schedule_ridge_gbt,2027,UC Riverside,uc riverside,BW,Gus Argenal,0.38022442737718337,251_300,152,2159,0.06995344992241655,0.06995344992241655,0.06995344992241655,0.0,10.0,0.2,0.8,0.0,0.8,0.1785714285714286,0.8214285714285714,0.0,0.8214285714285714,0.43652265018385134,0.06672929043831033,1.738539144429621,0.03497672496120827,1.4222516638852223,,0.5525142415292548,,,0.5525142415292548,0.006245843743072907,,0.4538509841133164,0.43652265018385134,,,8,0.5525142415292548,2.3202500493000002,1298.7400000000002,191.0,191.0,0.478021978021978,67,False,89,False,99,False,149,False,168,False,181,False,215,True,249,True,279,True,161_200,161_200,161_200
blend_schedule_ridge_gbt,2027,Marshall,marshall,SB,Cornelius Jackson,0.38012531286813284,201_250,152,2159,0.10305823073908185,0.10305823073908185,0.10305823073908185,0.0,9.0,0.3333333333333333,0.6666666666666666,0.0,0.6666666666666666,0.30303030303030304,0.696969696969697,0.0,0.696969696969697,0.39133343853274793,0.09074087995787901,2.2649045915237283,0.051529115369540926,-1.196072640785313,,0.4522451904232842,,,0.4522451904232842,0.015614883445315433,,0.3152011933253193,0.39133343853274793,,,6,0.4522451904232842,0.8913457109333331,1376.2800000000002,192.0,192.0,0.47527472527472525,67,False,89,False,99,False,149,False,168,False,181,False,215,True,249,True,279,True,161_200,161_200,161_200
blend_schedule_ridge_gbt,2027,Little Rock,little rock,OVC,Travis Ford,0.37789152967041206,301_plus,152,2159,0.019718366197276994,0.019718366197276994,0.019718366197276994,0.0,5.0,0.2,0.8,0.0,0.8,0.1785714285714286,0.8214285714285714,0.0,0.8214285714285714,0.5442172778330889,0.019076233400908412,6.630289999999997,0.009859183098638497,0.9256081291222619,,0.5956174487058734,,,0.5956174487058734,0.0017605684104711604,,0.489257190008396,0.5442172778330889,,,4,0.5956174487058734,2.1875251818833332,2218.9,193.0,193.0,0.4725274725274725,67,False,89,False,99,False,149,False,168,False,181,False,215,True,249,True,279,True,161_200,161_200,161_200
blend_schedule_ridge_gbt,2027,South Alabama,south alabama,SB,Richie Riley,0.3769615597107189,161_200,152,2159,0.07509699574072493,0.07509699574072493,0.07509699574072493,0.08619350577236451,2.0,0.5,0.5,0.0,0.5,0.46511627906976744,0.5348837209302325,0.0,0.5348837209302325,0.503460438477037,0.07758367839063003,15.509687499999998,0.07509699574072493,0.05203619909502262,,0.2601809954751131,,,0.2601809954751131,0.03492883522824415,,0.13916657897506046,0.503460438477037,,,1,0.2601809954751131,0.0,0.0,194.0,194.0,0.4697802197802198,67,False,89,False,99,False,149,False,168,False,181,False,215,True,249,True,279,True,161_200,161_200,161_200
blend_schedule_ridge_gbt,2027,Monmouth,monmouth,CAA,King Rice,0.3742107112430894,161_200,152,2159,0.13970999120595298,0.13970999120595298,0.13970999120595298,0.1265881091189088,10.0,0.7,0.3,0.0,0.3,0.6698564593301436,0.33014354066985646,0.0,0.33014354066985646,0.31945268846266417,0.14771607428346034,2.2471374645063023,0.12502528101249893,-1.7099229473798714,,0.48005650682172246,,,0.48005650682172246,0.08374899206578877,,0.15848755488372657,0.31945268846266417,,,3,0.48005650682172246,0.27592124433333326,1824.84,195.0,195.0,0.46703296703296704,67,False,89,False,99,False,149,False,168,False,181,False,215,True,249,True,279,True,161_200,161_200,161_200
blend_schedule_ridge_gbt,2027,La Salle,la salle,A10,Darris Nichols,0.3733044648221606,201_250,152,2159,0.109379914354148,0.109379914354148,0.109379914354148,0.12593320192194696,10.0,0.4,0.6,0.0,0.6,0.36697247706422026,0.6330275229357798,0.0,0.6330275229357798,0.4358423143864315,0.09398452780008126,-6.676321577084719,0.1004935523673578,1.5720846456615776,,0.6151516884234157,,,0.6151516884234157,0.036878367841232225,,0.38940794955243746,0.4358423143864315,,,6,0.6151516884234157,1.6052366493999997,2363.5499999999997,196.0,196.0,0.4642857142857143,67,False,89,False,99,False,149,False,168,False,181,False,215,True,249,True,279,True,161_200,161_200,161_200
blend_schedule_ridge_gbt,2027,Lipscomb,lipscomb,ASun,Kevin Carroll,0.37266379563438323,161_200,152,2159,0.42709735456233855,0.42709735456233855,0.42709735456233855,0.444845159235412,6.0,0.6666666666666666,0.3333333333333333,0.16666666666666666,0.16666666666666666,0.6896551724137931,0.3103448275862069,0.1120689655172414,0.19827586206896552,0.48055043945851433,0.39967900466422907,5.844600200715036,0.3966737426328902,-0.22805105707993237,21.635776373626374,0.4014668830904658,0.10143259881479777,,0.4014668830904658,0.0,0.10143259881479777,0.0,0.48055043945851433,156.0,,1,0.4014668830904658,-0.17419846648333334,520.34,197.0,197.0,0.46153846153846156,67,False,89,False,99,False,149,False,168,False,181,False,215,True,249,True,279,True,161_200,161_200,161_200
blend_schedule_ridge_gbt,2027,Troy,troy,SB,Adam Howard,0.37041874290796994,136_160,152,2159,0.08930182618738271,0.08930182618738271,0.08930182618738271,0.08711464839814631,5.0,0.8,0.2,0.0,0.2,0.7766990291262136,0.2233009708737864,0.0,0.2233009708737864,0.4191643133968213,0.07713842748570497,2.0907610646627974,0.08366040493720225,-4.210384306875416,,0.28814070437208816,,,0.28814070437208816,0.06497895529103087,,0.06434209903454395,0.4191643133968213,,,1,0.28814070437208816,-0.5822925899999999,763.31,198.0,198.0,0.4587912087912088,67,False,89,False,99,False,149,False,168,False,181,False,215,True,249,True,279,True,161_200,161_200,161_200
blend_schedule_ridge_gbt,2027,Montana,montana,BSky,Travis DeCuire,0.3656161354990416,161_200,152,2159,0.3280566930498682,0.3280566930498682,0.3280566930498682,0.30547896116633033,12.0,0.4166666666666667,0.5833333333333334,0.16666666666666666,0.4166666666666667,0.4149377593360996,0.5850622406639003,0.1078838174273859,0.4771784232365145,0.27380651074364415,0.30732013960792803,4.434637114143827,0.29900100499497506,0.04049773755656109,77.387685381403,0.20248868778280543,0.23036649214659688,,0.20248868778280543,0.12406680705185688,0.024852816580130783,0.09662323275942997,0.27380651074364415,148.0,,5,0.20248868778280543,0.0,0.0,199.0,199.0,0.4560439560439561,67,False,89,False,99,False,149,False,168,False,181,False,215,True,249,True,279,True,161_200,161_200,161_200
blend_schedule_ridge_gbt,2027,Eastern Washington,eastern washington,BSky,Dan Monson,0.3648864930815722,161_200,152,2159,0.24711357931668526,0.24711357931668526,0.24711357931668526,0.1692538054642177,4.0,0.75,0.25,0.0,0.25,0.7228915662650601,0.2771084337349397,0.0,0.2771084337349397,0.45181682078780006,0.252827833834316,7.194220753157367,0.1933053024559575,0.029864253393665163,,0.14932126696832582,,,0.14932126696832582,0.1397387728597283,,0.04137818241290955,0.45181682078780006,,,1,0.14932126696832582,0.0,0.0,200.0,200.0,0.45329670329670335,67,False,89,False,99,False,149,False,168,False,181,False,215,True,249,True,279,True,161_200,161_200,161_200
blend_schedule_ridge_gbt,2027,Ball St.,ball state,MAC,Chris Capko,0.3635868020096866,251_300,152,2159,0.1802921355229821,0.1802921355229821,0.1802921355229821,0.18689352679073978,13.0,0.3076923076923077,0.6923076923076923,0.07692307692307693,0.6153846153846154,0.2888086642599278,0.7111913357400722,0.04693140794223827,0.6642599277978339,0.4191573537551186,0.15156771769063504,1.73969028093856,0.16820017301097218,3.841484533397707,26.89072142857143,0.7392957219347954,0.15721765145848915,,0.7392957219347954,0.0,0.15721765145848915,0.0,0.4191573537551186,151.0,,8,0.7392957219347954,4.643080498650001,3783.85,201.0,201.0,0.4505494505494505,67,False,89,False,99,False,149,False,168,False,181,False,215,True,249,True,279,True,161_200,201_250,201_250
blend_schedule_ridge_gbt,2027,Montana St.,montana state,BSky,Matt Logie,0.35859548562994975,136_160,152,2159,0.4854946486356201,0.4854946486356201,0.4854946486356201,0.3861017806927683,10.0,0.8,0.2,0.0,0.2,0.7766990291262136,0.2233009708737864,0.0,0.2233009708737864,0.413132872643386,0.4757279681240747,6.875373096897995,0.4044617780444486,-4.373725136994809,,0.2047455133039522,,,0.2047455133039522,0.3141450703257853,,0.04571987190282427,0.413132872643386,,,2,0.2047455133039522,-0.9174219670666668,184.23000000000002,202.0,202.0,0.44780219780219777,67,False,89,False,99,False,149,False,168,False,181,False,215,True,249,True,279,True,161_200,201_250,201_250
blend_schedule_ridge_gbt,2027,Long Beach St.,long beach state,BW,Chris Acker,0.356961070242549,201_250,152,2159,0.065832640597865,0.065832640597865,0.065832640597865,0.0,11.0,0.2727272727272727,0.7272727272727273,0.09090909090909091,0.6363636363636364,0.25641025641025644,0.7435897435897436,0.055555555555555566,0.688034188034188,0.38975674320645126,0.05644497530741216,-6.201761532455677,0.0329163202989325,0.31173084365035303,41.296655494505494,0.5260931287901257,0.32091364133248945,,0.5260931287901257,0.0,0.32091364133248945,0.0,0.38975674320645126,129.0,,7,0.5260931287901257,0.49058379826666676,1768.23,203.0,203.0,0.44505494505494503,67,False,89,False,99,False,149,False,168,False,181,False,215,True,249,True,279,True,161_200,201_250,201_250
blend_schedule_ridge_gbt,2027,UNC Greensboro,unc greensboro,SC,Jerod Haase,0.35562282120874245,251_300,152,2159,0.1277609782766492,0.1277609782766492,0.1277609782766492,0.13871598509484384,10.0,0.2,0.7999999999999999,0.1,0.7,0.18691588785046734,0.8130841121495328,0.06074766355140188,0.7523364485981309,0.6702793126348302,0.12549302047130467,1.3366616080192477,0.1248505805351611,-0.9903496277774947,63.48055420449122,0.36324949306370746,0.5801737529486221,,0.36324949306370746,0.0,0.5801737529486221,0.0,0.6702793126348302,85.0,,7,0.36324949306370746,-0.5166224842833332,815.21,204.0,204.0,0.4423076923076923,67,False,89,False,99,False,149,False,168,False,181,False,215,True,249,True,279,True,161_200,201_250,201_250
blend_schedule_ridge_gbt,2027,Bowling Green,bowling green,MAC,Todd Simon,0.35465255193168216,136_160,152,2159,0.19166549355014822,0.19166549355014822,0.19166549355014822,0.12820373902662754,12.0,0.5,0.5,0.0,0.5,0.46511627906976744,0.5348837209302325,0.0,0.5348837209302325,0.35701427080764014,0.19625830923432477,2.2510535507058194,0.15473807455527444,-1.9795268611299757,,0.49781018496368307,,,0.49781018496368307,0.07197119746756951,,0.2662705640503421,0.35701427080764014,,,6,0.49781018496368307,1.4160621040166665,1912.4699999999998,205.0,205.0,0.43956043956043955,67,False,89,False,99,False,149,False,168,False,181,False,215,True,249,True,279,True,161_200,201_250,201_250
blend_schedule_ridge_gbt,2027,Lamar,lamar,Slnd,Jordan Fee,0.3541856382283354,201_250,152,2159,0.008039484978540772,0.008039484978540772,0.008039484978540772,0.0,9.0,0.1111111111111111,0.8888888888888888,0.0,0.8888888888888888,0.09803921568627451,0.9019607843137254,0.0,0.9019607843137254,0.39785220079794004,0.008109045158173546,-23.537775000000003,0.004019742489270386,-1.9449782139595422,,0.43709120791704453,,,0.43709120791704453,0.00039409240090886136,,0.3942391287094911,0.39785220079794004,,,8,0.43709120791704453,-1.6309913561833338,2390.56,206.0,206.0,0.4368131868131868,67,False,89,False,99,False,149,False,168,False,181,False,215,True,249,True,279,True,161_200,201_250,201_250
blend_schedule_ridge_gbt,2027,South Dakota St.,south dakota state,Sum,Bryan Petersen,0.35387433443413974,201_250,152,2159,0.5418403433476394,0.5418403433476394,0.5418403433476394,0.5769456107801972,9.0,0.7777777777777778,0.2222222222222222,0.0,0.2222222222222222,0.7526881720430109,0.24731182795698925,0.0,0.24731182795698925,0.47212594417459075,0.56683221185929,7.687540603807719,0.5245038626609442,-3.459129338628816,,0.29547648421007017,,,0.29547648421007017,0.3947878536157645,,0.07307482942829692,0.47212594417459075,,,2,0.29547648421007017,-1.2723031243166667,831.98,207.0,207.0,0.4340659340659341,67,False,89,False,99,False,149,False,168,False,181,False,215,True,249,True,279,True,161_200,201_250,201_250
blend_schedule_ridge_gbt,2027,Navy,navy,PL,Jon Perry,0.3502143090447221,136_160,152,2159,0.40114009130614736,0.40114009130614736,0.40114009130614736,0.38705909571442804,10.0,1.0,0.0,0.0,0.0,1.0,0.0,0.0,0.0,0.4320184495336763,0.38084298837686176,7.000772405913718,0.38660400437379916,,,,,,,0.38660400437379916,,,0.4320184495336763,,,,,,,208.0,208.0,0.43131868131868134,67,False,89,False,99,False,149,False,168,False,181,False,215,True,249,True,279,True,161_200,201_250,201_250
blend_schedule_ridge_gbt,2027,UC Davis,uc davis,BW,Jim Les,0.34945887771722794,161_200,152,2159,0.47674392558056194,0.47674392558056194,0.47674392558056194,0.4696996501720605,7.0,0.8571428571428571,0.14285714285714285,0.0,0.14285714285714285,0.8391608391608392,0.16083916083916083,0.0,0.16083916083916083,0.4752073397884704,0.46451378330036147,3.899628362923033,0.43590459489470373,-0.970618768007796,,0.2841651239454364,,,0.2841651239454364,0.3657940656459052,,0.04570488007514012,0.4752073397884704,,,1,0.2841651239454364,-0.22151649999999998,41.73,209.0,209.0,0.4285714285714286,67,False,89,False,99,False,149,False,168,False,181,False,215,True,249,True,279,True,161_200,201_250,201_250
blend_schedule_ridge_gbt,2027,Old Dominion,old dominion,SB,Mike K. Jones,0.34857865707610003,201_250,152,2159,0.28776143005534793,0.28776143005534793,0.28776143005534793,0.23456073417773166,11.0,0.5454545454545454,0.45454545454545453,0.0,0.45454545454545453,0.5106382978723404,0.48936170212765956,0.0,0.48936170212765956,0.38132453165620955,0.2612728900893205,4.432851877144968,0.24191485403327073,-0.5217864581968124,,0.5173328297968346,,,0.5173328297968346,0.12353098929358504,,0.2531628741558978,0.38132453165620955,,,5,0.5173328297968346,0.3010216124666667,1640.4,210.0,210.0,0.42582417582417587,67,False,89,False,99,False,149,False,168,False,181,False,215,True,249,True,279,True,161_200,201_250,201_250
blend_schedule_ridge_gbt,2027,Queens,queens,ASun,Grant Leonard,0.3467588264034641,161_200,152,2159,0.24835984922583718,0.24835984922583718,0.24835984922583718,0.2413928654953301,7.0,0.7142857142857143,0.2857142857142857,0.0,0.2857142857142857,0.6849315068493151,0.3150684931506849,0.0,0.3150684931506849,0.34853345349062226,0.2649620455289433,10.153578302287723,0.23041089171063273,-3.9219432269224654,,0.29415491154276097,,,0.29415491154276097,0.15781567925385806,,0.09267894473265072,0.34853345349062226,,,2,0.29415491154276097,0.011687500000000002,313.62,211.0,211.0,0.42307692307692313,67,False,89,False,99,False,149,False,168,False,181,False,215,True,249,True,279,True,161_200,201_250,201_250
blend_schedule_ridge_gbt,2027,Northern Colorado,northern colorado,BSky,Steve Smiley,0.3464096271976697,136_160,152,2159,0.15428539467529037,0.15428539467529037,0.15428539467529037,0.10642896023195779,7.0,0.5714285714285714,0.42857142857142855,0.0,0.42857142857142855,0.5369127516778525,0.46308724832214765,0.0,0.46308724832214765,0.395746944610576,0.14320348160660112,-4.539856547364026,0.12734913661602298,-3.3133866384982227,,0.3273180474203197,,,0.3273180474203197,0.06837537536430766,,0.1515768139060541,0.395746944610576,,,3,0.3273180474203197,0.06779110471666666,927.71,212.0,212.0,0.4203296703296703,67,False,89,False,99,False,149,False,168,False,181,False,215,True,249,True,279,True,161_200,201_250,201_250
blend_schedule_ridge_gbt,2027,Northern Kentucky,northern kentucky,Horz,Darrin Horn,0.3425605032644078,161_200,152,2159,0.2443088364234469,0.2443088364234469,0.2443088364234469,0.21084847347037095,9.0,0.5555555555555556,0.4444444444444444,0.0,0.4444444444444444,0.5208333333333334,0.47916666666666663,0.0,0.47916666666666663,0.4392859705503094,0.1990867134342784,1.1098961859339607,0.2173922086898644,-0.17868111781876678,,0.5639859099271273,,,0.5639859099271273,0.11322510869263772,,0.27024324850674847,0.4392859705503094,,,4,0.5639859099271273,0.9086532224833332,2063.7,213.0,213.0,0.41758241758241754,67,False,89,False,99,False,149,False,168,False,181,False,215,True,249,True,279,True,161_200,201_250,201_250
blend_schedule_ridge_gbt,2027,Radford,radford,BSth,Zach Chu,0.3406975303259667,251_300,152,2159,0.07957261161826568,0.07957261161826568,0.07957261161826568,0.0,8.0,0.375,0.625,0.0,0.625,0.34285714285714286,0.6571428571428571,0.0,0.6571428571428571,0.4002261076191755,0.0745544695373077,-2.241307594679221,0.03978630580913284,2.633046032518988,,0.6238101228625929,,,0.6238101228625929,0.013641019134559831,,0.40993236645256104,0.4002261076191755,,,5,0.6238101228625929,2.2646409400833334,1343.37,214.0,214.0,0.4148351648351648,67,False,89,False,99,False,149,False,168,False,181,False,215,True,249,True,279,True,161_200,201_250,201_250
blend_schedule_ridge_gbt,2027,Missouri St.,missouri state,CUSA,Cuonzo Martin,0.3396275684957998,201_250,152,2159,0.22306771681539536,0.22306771681539536,0.22306771681539536,0.1705209281901588,8.0,0.375,0.625,0.0,0.625,0.34285714285714286,0.6571428571428571,0.0,0.6571428571428571,0.37415229860105725,0.20536429591892,3.8883655645608903,0.18673314222404228,0.03947963800904978,,0.1973981900452489,,,0.1973981900452489,0.06402279161967164,,0.12971881060116355,0.37415229860105725,,,5,0.1973981900452489,0.0,0.0,215.0,215.0,0.41208791208791207,67,False,89,False,99,False,149,False,168,False,181,False,215,True,249,True,279,True,161_200,201_250,201_250
blend_schedule_ridge_gbt,2027,Chattanooga,chattanooga,SC,Dan Earl,0.33931560125301985,301_plus,152,2159,0.23012810565699404,0.23012810565699404,0.23012810565699404,0.17114532104622787,10.0,0.5,0.5,0.1,0.4,0.48780487804878053,0.5121951219512195,0.06341463414634146,0.44878048780487806,0.36169629223989774,0.21354383698064228,3.2353847112503056,0.18139536888567043,-0.5175534806700389,73.31075,0.5411750286480296,0.010471204188481686,,0.5411750286480296,0.08848554579788802,0.0006640275826842045,0.24286879334448158,0.36169629223989774,190.0,,4,0.5411750286480296,2.0085986783666665,1456.88,216.0,216.0,0.40934065934065933,67,False,89,False,99,False,149,False,168,False,181,False,215,False,249,True,279,True,201_250,201_250,201_250
blend_schedule_ridge_gbt,2027,Portland St.,portland state,BSky,Jase Coburn,0.3383628546302884,136_160,152,2159,0.025692035398230093,0.025692035398230093,0.025692035398230093,0.0,11.0,0.2727272727272727,0.7272727272727273,0.0,0.7272727272727273,0.24590163934426232,0.7540983606557378,0.0,0.7540983606557378,0.34182928091736137,0.02076483304685817,-17.984258461008544,0.012846017699115047,0.8050199367704293,,0.40409609732947027,,,0.40409609732947027,0.0031588568112577986,,0.304728204543535,0.34182928091736137,,,8,0.40409609732947027,-0.337913019,565.06,217.0,217.0,0.4065934065934066,67,False,89,False,99,False,149,False,168,False,181,False,215,False,249,True,279,True,201_250,201_250,201_250
blend_schedule_ridge_gbt,2027,Central Arkansas,central arkansas,ASun,John Shulman,0.3383208407754843,136_160,152,2159,0.5804436515891334,0.5804436515891334,0.5804436515891334,0.589497481969946,11.0,0.8181818181818182,0.18181818181818182,0.0,0.18181818181818182,0.7964601769911505,0.20353982300884954,0.0,0.20353982300884954,0.5166279685165169,0.5568383160471486,8.430774903283554,0.5351880630319972,3.027232195108737,,0.47618215902319794,,,0.47618215902319794,0.42625597940601545,,0.09692203236755355,0.5166279685165169,,,2,0.47618215902319794,0.6102408040666667,550.87,218.0,218.0,0.40384615384615385,67,False,89,False,99,False,149,False,168,False,181,False,215,False,249,True,279,True,201_250,201_250,201_250
blend_schedule_ridge_gbt,2027,Abilene Christian,abilene christian,WAC,Brette Tanner,0.33670751383231795,201_250,152,2159,0.2125154771270468,0.2125154771270468,0.2125154771270468,0.23500467118725835,5.0,0.6,0.4,0.0,0.4,0.5660377358490566,0.43396226415094336,0.0,0.43396226415094336,0.39400999276471793,0.20514612662809642,0.6855003368647621,0.20165742188407665,0.06266009812930966,,0.29213548194424216,,,0.29213548194424216,0.11414571050042074,,0.12677577518335037,0.39400999276471793,,,2,0.29213548194424216,-0.1350710145,127.59,219.0,219.0,0.4010989010989011,67,False,89,False,99,False,149,False,168,False,181,False,215,False,249,True,279,True,201_250,201_250,201_250
blend_schedule_ridge_gbt,2027,Georgia St.,georgia state,SB,Jon Cremins,0.335237465396123,301_plus,152,2159,0.19726874995850677,0.19726874995850677,0.19726874995850677,0.127689045764658,10.0,0.4,0.6,0.1,0.5,0.38461538461538464,0.6153846153846153,0.0625,0.5528846153846153,0.45292140652340007,0.18409464999519112,-0.3946129881116667,0.15096065114488105,1.196697477239321,48.28339542124549,0.6263824398262123,0.4015073931304298,,0.6263824398262123,0.0,0.4015073931304298,0.0,0.45292140652340007,115.0,,5,0.6263824398262123,1.313024432516667,3089.5999999999995,220.0,220.0,0.3983516483516484,67,False,89,False,99,False,149,False,168,False,181,False,215,False,249,True,279,True,201_250,201_250,201_250
blend_schedule_ridge_gbt,2027,Northern Illinois,northern illinois,MAC,Matt Majkrzak,0.3346068484905975,301_plus,152,2159,0.0519537569777035,0.0519537569777035,0.0519537569777035,0.0,14.0,0.14285714285714285,0.8571428571428571,0.0,0.8571428571428571,0.12658227848101267,0.8734177215189873,0.0,0.8734177215189873,0.5188478083148075,0.053194448185924816,-1.096746409568981,0.02597687848885175,0.30143594943752916,,0.5902783778548011,,,0.5902783778548011,0.0032882124669432597,,0.5155595958478643,0.5188478083148075,,,12,0.5902783778548011,1.629380203466667,2867.67,221.0,221.0,0.39560439560439564,67,False,89,False,99,False,149,False,168,False,181,False,215,False,249,True,279,True,201_250,201_250,201_250
blend_schedule_ridge_gbt,2027,Tennessee St.,tennessee state,OVC,Nolan Smith,0.33459468370321743,161_200,152,2159,0.07415294324628463,0.07415294324628463,0.07415294324628463,0.0,8.0,0.5,0.5,0.0,0.5,0.46511627906976744,0.5348837209302325,0.0,0.5348837209302325,0.38318991621448306,0.06441074439705834,1.7743884000156669,0.037076471623142315,0.9611601859528796,,0.5830376071314417,,,0.5830376071314417,0.017244870522391775,,0.3118573247447246,0.38318991621448306,,,4,0.5830376071314417,1.5289044337833333,903.3000000000001,222.0,222.0,0.3928571428571429,67,False,89,False,99,False,149,False,168,False,181,False,215,False,249,True,279,True,201_250,201_250,201_250
blend_schedule_ridge_gbt,2027,Wofford,wofford,SC,Kevin Giltner,0.3333035441792005,251_300,152,2159,0.3907807315862765,0.3907807315862765,0.3907807315862765,0.4508187019901473,14.0,0.5,0.5,0.21428571428571427,0.2857142857142857,0.5166051660516606,0.4833948339483395,0.14391143911439117,0.3394833948339483,0.4102155479773281,0.36416297350027516,3.6638928989254334,0.3882097729622789,-2.393385685186298,24.248487300614734,0.40715254619592,0.15775847189459757,,0.40715254619592,0.0,0.15775847189459757,0.0,0.4102155479773281,119.0,,4,0.40715254619592,0.5796771191666668,512.69,223.0,223.0,0.39010989010989006,67,False,89,False,99,False,149,False,168,False,181,False,215,False,249,True,279,True,201_250,201_250,201_250
blend_schedule_ridge_gbt,2027,Cornell,cornell,Ivy,Jon Jaques,0.3331770040415353,161_200,152,2159,0.4110380952380952,0.4110380952380952,0.4110380952380952,0.37300770821205614,11.0,0.9090909090909091,0.09090909090909091,0.0,0.09090909090909091,0.8968609865470851,0.10313901345291479,0.0,0.10313901345291479,0.3652432801322682,0.3766572348479758,5.431200462360109,0.3470971428571429,0.02669683257918552,,0.1334841628959276,,,0.1334841628959276,0.3112978859705317,,0.013767424872674147,0.3652432801322682,,,1,0.1334841628959276,0.0,0.0,224.0,224.0,0.3873626373626373,67,False,89,False,99,False,149,False,168,False,181,False,215,False,249,True,279,True,201_250,201_250,201_250
blend_schedule_ridge_gbt,2027,Portland,portland,WCC,Shantay Legans,0.3300935046617606,201_250,152,2159,0.38228098517523973,0.38228098517523973,0.38228098517523973,0.4100603374656032,7.0,0.5714285714285714,0.42857142857142855,0.0,0.42857142857142855,0.5369127516778525,0.46308724832214765,0.0,0.46308724832214765,0.46340885904176743,0.36605900138700903,2.634857826760536,0.3619911256089128,-0.7983673330115131,,0.5115616699777833,,,0.5115616699777833,0.1943576513336445,,0.23689768609709427,0.46340885904176743,,,3,0.5115616699777833,1.73667471085,1558.51,225.0,225.0,0.3846153846153846,67,False,89,False,99,False,149,False,168,False,181,False,215,False,249,True,279,True,201_250,201_250,201_250
blend_schedule_ridge_gbt,2027,Appalachian St.,appalachian state,SB,Dustin Kerns,0.3295419434212643,161_200,152,2159,0.2169508966730566,0.2169508966730566,0.2169508966730566,0.2020125563775458,9.0,0.4444444444444444,0.5555555555555556,0.1111111111111111,0.4444444444444444,0.43243243243243246,0.5675675675675675,0.07027027027027027,0.4972972972972973,0.534078165089039,0.19202534659272477,1.3849505114601368,0.19950456842681796,-2.481867583518285,22.80134413919407,0.34176709255190874,0.1145158506415051,,0.34176709255190874,0.0,0.1145158506415051,0.0,0.534078165089039,154.0,,4,0.34176709255190874,-0.161240341,1089.5900000000001,226.0,226.0,0.38186813186813184,67,False,89,False,99,False,149,False,168,False,181,False,215,False,249,True,279,True,201_250,201_250,201_250
blend_schedule_ridge_gbt,2027,Merrimack,merrimack,MAAC,Joe Gallo,0.32720212012463445,161_200,152,2159,0.37680364526200316,0.37680364526200316,0.37680364526200316,0.382257968296604,7.0,0.5714285714285714,0.42857142857142855,0.0,0.42857142857142855,0.5369127516778525,0.46308724832214765,0.0,0.46308724832214765,0.4242734140690955,0.3494818989893562,6.017754223964184,0.37018482362902594,-1.5074587453817974,,0.4267268701277489,,,0.4267268701277489,0.1987569522840408,,0.1976117720725817,0.4242734140690955,,,3,0.4267268701277489,0.10997098003333328,1248.2399999999998,227.0,227.0,0.3791208791208791,67,False,89,False,99,False,149,False,168,False,181,False,215,False,249,True,279,True,201_250,201_250,201_250
blend_schedule_ridge_gbt,2027,Weber St.,weber state,BSky,Kaleb Canales,0.3260880665541501,201_250,152,2159,0.08689783455007859,0.08689783455007859,0.08689783455007859,0.0,12.0,0.3333333333333333,0.6666666666666666,0.0,0.6666666666666666,0.30303030303030304,0.696969696969697,0.0,0.696969696969697,0.40127605038864367,0.07584189223802802,-2.5267873820799345,0.043448917275039294,2.0436883346770314,,0.5415851869118821,,,0.5415851869118821,0.013166338568193726,,0.37746846360525116,0.40127605038864367,,,8,0.5415851869118821,0.21455090400000001,367.90999999999997,228.0,228.0,0.37637362637362637,67,False,89,False,99,False,149,False,168,False,181,False,215,False,249,True,279,True,201_250,201_250,201_250
blend_schedule_ridge_gbt,2027,Stony Brook,stony brook,CAA,Geno Ford,0.3242386582777459,201_250,152,2159,0.2678490005744865,0.2678490005744865,0.2678490005744865,0.22031326645919924,9.0,0.5555555555555556,0.4444444444444444,0.0,0.4444444444444444,0.5208333333333334,0.47916666666666663,0.0,0.47916666666666663,0.3820117758346537,0.24287999649881864,5.169830652816529,0.2252291773319791,-1.6196354888113849,,0.49035007368783606,,,0.49035007368783606,0.11730686319373913,,0.23495941030875475,0.3820117758346537,,,4,0.49035007368783606,0.5710894622333335,1747.5,229.0,229.0,0.37362637362637363,67,False,89,False,99,False,149,False,168,False,181,False,215,False,249,True,279,True,201_250,201_250,201_250
blend_schedule_ridge_gbt,2027,Princeton,princeton,Ivy,Mitch Henderson,0.3202337261045164,251_300,152,2159,1.0,1.0,1.0,1.0,19.0,0.8947368421052632,0.10526315789473684,0.10526315789473684,0.0,0.9289617486338798,0.07103825136612023,0.07103825136612023,0.0,0.558990639344546,1.0,5.2099509878473995,0.926765822280815,,30.439698248441708,,0.21416489269892414,,,0.0,0.21416489269892414,,0.558990639344546,126.0,,,,,,230.0,230.0,0.3708791208791209,67,False,89,False,99,False,149,False,168,False,181,False,215,False,249,True,279,True,201_250,201_250,201_250
blend_schedule_ridge_gbt,2027,Eastern Michigan,eastern michigan,MAC,Billy Donlon,0.31782957827583724,201_250,152,2159,0.17103792982618526,0.17103792982618526,0.17103792982618526,0.2248949200871066,7.0,0.2857142857142857,0.7142857142857143,0.0,0.7142857142857143,0.25806451612903225,0.7419354838709676,0.0,0.7419354838709676,0.4784494439122785,0.16315932029884328,-0.6766766070738308,0.17103792982618526,0.3401107576787497,,0.5968043684775364,,,0.5968043684775364,0.04413882060030588,,0.44279033790268824,0.4784494439122785,,,5,0.5968043684775364,2.8339963777500006,2426.21,231.0,231.0,0.36813186813186816,67,False,89,False,99,False,149,False,168,False,181,False,215,False,249,True,279,True,201_250,201_250,201_250
blend_schedule_ridge_gbt,2027,Mercer,mercer,SC,Ryan Ridder,0.3162132802688814,161_200,152,2159,0.2510361997503465,0.2510361997503465,0.2510361997503465,0.27532735325723356,9.0,0.3333333333333333,0.6666666666666667,0.1111111111111111,0.5555555555555556,0.3191489361702128,0.6808510638297873,0.06914893617021277,0.6117021276595745,0.3485993516122138,0.2353815287403116,5.2488170773753104,0.2507534430797028,-1.6622709183563802,73.31075,0.3503381967346641,0.07853403141361259,,0.3503381967346641,0.08002769459990516,0.005430544725409382,0.21430262034301265,0.3485993516122138,177.0,,5,0.3503381967346641,-0.2316896946,724.67,232.0,232.0,0.3653846153846154,67,False,89,False,99,False,149,False,168,False,181,False,215,False,249,True,279,True,201_250,201_250,201_250
blend_schedule_ridge_gbt,2027,Marist,marist,MAAC,John Dunne,0.31608222925600643,201_250,152,2159,0.269314841585851,0.269314841585851,0.269314841585851,0.27151808509781494,6.0,0.6666666666666666,0.3333333333333333,0.0,0.3333333333333333,0.634920634920635,0.3650793650793651,0.0,0.3650793650793651,0.381699355634058,0.25644394982866764,7.043399291597595,0.2465655772668352,-4.340302208385843,,0.34721054129908724,,,0.34721054129908724,0.1565495728678319,,0.12675940396633345,0.381699355634058,,,2,0.34721054129908724,0.33955900000000006,792.28,233.0,233.0,0.3626373626373627,67,False,89,False,99,False,149,False,168,False,181,False,215,False,249,True,279,True,201_250,201_250,201_250
blend_schedule_ridge_gbt,2027,Longwood,longwood,BSth,Ronnie Thomas,0.31591231977934364,251_300,152,2159,0.26204642335326633,0.26204642335326633,0.26204642335326633,0.2499416972923419,11.0,0.36363636363636365,0.6363636363636364,0.0,0.6363636363636364,0.33195020746887977,0.6680497925311204,0.0,0.6680497925311204,0.3971447780641517,0.2499649888157688,5.531170092225357,0.2350581840030393,-1.5907771277642357,,0.5003672543192165,,,0.5003672543192165,0.078027612947067,,0.3342702404373189,0.3971447780641517,,,7,0.5003672543192165,1.0719589101000002,1632.1799999999998,234.0,234.0,0.35989010989010994,67,False,89,False,99,False,149,False,168,False,181,False,215,False,249,True,279,True,201_250,201_250,201_250
blend_schedule_ridge_gbt,2027,San Jose St.,san jose state,MWC,Tim Miles,0.3148656415099175,201_250,152,2159,0.24552100470195284,0.24552100470195284,0.24552100470195284,0.29679409954190633,9.0,0.3333333333333333,0.6666666666666667,0.1111111111111111,0.5555555555555556,0.3191489361702128,0.6808510638297873,0.06914893617021277,0.6117021276595745,0.5536693315187073,0.22738121874743708,-2.523053080518171,0.24507820245634626,3.531092572947261,50.13497051282046,0.6416683799680191,0.42432541280708824,,0.6416683799680191,0.0,0.42432541280708824,0.0,0.5536693315187073,110.0,,5,0.6416683799680191,3.157939836366667,1248.9799999999998,235.0,235.0,0.3571428571428571,67,False,89,False,99,False,149,False,168,False,181,False,215,False,249,True,279,True,201_250,201_250,201_250
blend_schedule_ridge_gbt,2027,Drexel,drexel,CAA,Zach Spiker,0.3131917198833574,201_250,152,2159,0.22082049487190702,0.22082049487190702,0.22082049487190702,0.10846760954780525,5.0,1.0,0.0,0.0,0.0,1.0,0.0,0.0,0.0,0.3636479500263645,0.2201559227650077,1.3149992910009494,0.1571263617102393,,,,,,,0.1571263617102393,,,0.3636479500263645,,,,,,,236.0,236.0,0.35439560439560436,67,False,89,False,99,False,149,False,168,False,181,False,215,False,249,True,279,True,201_250,201_250,201_250
blend_schedule_ridge_gbt,2027,Idaho,idaho,BSky,Alex Pribble,0.3120086134920098,136_160,152,2159,0.13215205388059204,0.13215205388059204,0.13215205388059204,0.09901338783089392,7.0,0.42857142857142855,0.5714285714285714,0.0,0.5714285714285714,0.39473684210526316,0.6052631578947368,0.0,0.6052631578947368,0.34261727125715846,0.12185258535452075,4.76901813417323,0.10808948501287541,-1.936780310034025,,0.2835390672107958,,,0.2835390672107958,0.04266690197876661,,0.1716157512065343,0.34261727125715846,,,4,0.2835390672107958,-0.20342010348333345,372.62,237.0,237.0,0.3516483516483516,67,False,89,False,99,False,149,False,168,False,181,False,215,False,249,True,279,True,201_250,201_250,201_250
blend_schedule_ridge_gbt,2027,Youngstown St.,youngstown state,Horz,Ethan Faulkner,0.3095001338687076,201_250,152,2159,0.05051313128538615,0.05051313128538615,0.05051313128538615,0.0,7.0,0.14285714285714285,0.8571428571428571,0.0,0.8571428571428571,0.12658227848101267,0.8734177215189873,0.0,0.8734177215189873,0.3918236606917167,0.04482879357518325,0.6514625000000027,0.025256565642693074,-2.6321570211682856,,0.38576552820955434,,,0.38576552820955434,0.003197033625657351,,0.33693444868935757,0.3918236606917167,,,6,0.38576552820955434,-0.6742547648666666,1832.75,238.0,238.0,0.3489010989010989,67,False,89,False,99,False,149,False,168,False,181,False,215,False,249,True,279,True,201_250,201_250,201_250
blend_schedule_ridge_gbt,2027,Columbia,columbia,Ivy,Kevin Hovde,0.30764810601173675,161_200,152,2159,0.549296552669976,0.549296552669976,0.549296552669976,0.5106989823841667,11.0,0.8181818181818182,0.18181818181818182,0.09090909090909091,0.09090909090909091,0.8333333333333334,0.16666666666666666,0.06018518518518519,0.10648148148148147,0.44157670118618353,0.5332110021831424,5.411961052100929,0.4932731539507721,-4.62150766222165,73.31075,0.21189197864844647,0.015706806282722474,,0.21189197864844647,0.41106096162564343,0.0009453170447934823,0.022562571800529018,0.44157670118618353,189.0,,1,0.21189197864844647,-0.2155912182,284.51,239.0,239.0,0.34615384615384615,67,False,89,False,99,False,149,False,168,False,181,False,215,False,249,True,279,True,201_250,201_250,201_250
blend_schedule_ridge_gbt,2027,Rice,rice,Amer,Rob Lanier,0.30756187788900924,201_250,152,2159,0.35119637823756034,0.35119637823756034,0.35119637823756034,0.34566175988459774,12.0,0.5833333333333334,0.41666666666666663,0.16666666666666666,0.25,0.5957446808510639,0.40425531914893614,0.11063829787234043,0.2936170212765957,0.38010132062692853,0.32608175252671523,-6.148619595612013,0.31856187149251936,-0.26782504215088665,77.387685381403,0.5098548187386851,0.25130890052356025,,0.5098548187386851,0.18978154046362858,0.02780438899409603,0.14970205316157137,0.38010132062692853,144.0,,3,0.5098548187386851,0.8214863840833333,1659.62,240.0,240.0,0.3434065934065934,67,False,89,False,99,False,149,False,168,False,181,False,215,False,249,True,279,True,201_250,201_250,201_250
blend_schedule_ridge_gbt,2027,Samford,samford,SC,Lennie Acuff,0.3037834516539426,201_250,152,2159,0.418853631516656,0.418853631516656,0.418853631516656,0.3905795920841748,14.0,0.5714285714285714,0.4285714285714286,0.07142857142857142,0.35714285714285715,0.5555555555555556,0.4444444444444445,0.045138888888888895,0.3993055555555556,0.3511281382474246,0.3850300010318571,2.1388368713795027,0.3791129561926647,-3.424429907512978,73.31075,0.3424158746854768,0.08376963350785337,,0.3424158746854768,0.21061830899592485,0.0037812681791739374,0.1367285610723258,0.3511281382474246,176.0,,5,0.3424158746854768,-2.957059467633333,1722.56,241.0,241.0,0.34065934065934067,67,False,89,False,99,False,149,False,168,False,181,False,215,False,249,True,279,True,201_250,201_250,201_250
blend_schedule_ridge_gbt,2027,Utah Tech,dixie state,WAC,Jon Judkins,0.3024256182919573,161_200,152,2159,0.055695686274509805,0.055695686274509805,0.055695686274509805,0.05424736269334466,6.0,0.6666666666666666,0.3333333333333333,0.0,0.3333333333333333,0.634920634920635,0.3650793650793651,0.0,0.3650793650793651,0.3028320635502798,0.0564369309224681,-2.2800030234326614,0.05298666666666667,-6.00222521991474,,0.2238347718059251,,,0.2238347718059251,0.03364232804232805,,0.08171745637359171,0.3028320635502798,,,2,0.2238347718059251,-1.4898677572666665,1143.5,242.0,242.0,0.33791208791208793,67,False,89,False,99,False,149,False,168,False,181,False,215,False,249,True,279,True,201_250,201_250,201_250
blend_schedule_ridge_gbt,2027,Elon,elon,CAA,Billy Taylor,0.30152286222906155,201_250,152,2159,0.27833405463534905,0.27833405463534905,0.27833405463534905,0.31585801487011594,7.0,0.5714285714285714,0.42857142857142855,0.0,0.42857142857142855,0.5369127516778525,0.46308724832214765,0.0,0.46308724832214765,0.38770345285895313,0.2886744440771671,2.8747133501584337,0.27455131735977234,2.0060704552999216,,0.5158809271821058,,,0.5158809271821058,0.1474101032804147,,0.23889787903063958,0.38770345285895313,,,3,0.5158809271821058,1.065547372,730.65,243.0,243.0,0.3351648351648352,67,False,89,False,99,False,149,False,168,False,181,False,215,False,249,True,279,True,201_250,201_250,201_250
blend_schedule_ridge_gbt,2027,Hampton,hampton,CAA,Ivan Thomas,0.300837394415204,251_300,152,2159,0.1780289819618941,0.1780289819618941,0.1780289819618941,0.1277846009784696,10.0,0.5,0.5,0.1,0.4,0.48780487804878053,0.5121951219512195,0.06341463414634146,0.44878048780487806,0.35551109104769457,0.17052133433598213,-1.8921821601660027,0.13570563159817325,1.227510943375626,73.31075,0.6424130712320091,0.10994764397905754,,0.6424130712320091,0.06619786907227965,0.006972289618184137,0.28830245147973094,0.35551109104769457,171.0,,4,0.6424130712320091,3.38628007765,2565.83,244.0,244.0,0.33241758241758246,67,False,89,False,99,False,149,False,168,False,181,False,215,False,249,True,279,True,201_250,201_250,201_250
blend_schedule_ridge_gbt,2027,New Orleans,new orleans,Slnd,Stacy Hollowell,0.29949714858271015,161_200,152,2159,0.22570341999485707,0.22570341999485707,0.22570341999485707,0.2042807623463077,9.0,0.4444444444444444,0.5555555555555556,0.2222222222222222,0.3333333333333333,0.4571428571428572,0.5428571428571429,0.14857142857142858,0.3942857142857143,0.36754169174011775,0.20658715882792453,0.6016216178635867,0.19805985254157507,-0.045363820876704306,77.387685381403,0.5719046367004363,0.24083769633507857,,0.5719046367004363,0.09054164687614862,0.03578160059835453,0.22549382818474348,0.36754169174011775,146.0,,3,0.5719046367004363,2.4940340986000002,1921.5500000000002,245.0,245.0,0.3296703296703297,67,False,89,False,99,False,149,False,168,False,181,False,215,False,249,True,279,True,201_250,201_250,201_250
blend_schedule_ridge_gbt,2027,Tennessee Tech,tennessee tech,OVC,Tobin Anderson,0.2980627004494663,301_plus,152,2159,0.2843165791367485,0.2843165791367485,0.2843165791367485,0.19301367412015288,15.0,0.3333333333333333,0.6666666666666666,0.06666666666666667,0.6,0.3125,0.6875,0.040625,0.646875,0.5003498650408407,0.2625840836094514,0.44844924064327607,0.21247002226789696,2.5043631685159204,73.31075,0.6705163853094405,0.005235602094240788,,0.6705163853094405,0.0663968819587178,0.00021269633507853202,0.4337402867470443,0.5003498650408407,191.0,,9,0.6705163853094405,4.838946591066667,3527.78,246.0,246.0,0.32692307692307687,67,False,89,False,99,False,149,False,168,False,181,False,215,False,249,True,279,True,201_250,201_250,201_250
blend_schedule_ridge_gbt,2027,Howard,howard,MEAC,Kenny Blakeney,0.29746961901441793,161_200,152,2159,0.3978959420821232,0.3978959420821232,0.3978959420821232,0.33822574287162355,11.0,0.8181818181818182,0.18181818181818182,0.0,0.18181818181818182,0.7964601769911505,0.20353982300884954,0.0,0.20353982300884954,0.37442931635101717,0.3693978495073156,6.366191223376303,0.3438254809068483,2.364981094314011,,0.48230103611637976,,,0.48230103611637976,0.2738433033771358,,0.09816746752811269,0.37442931635101717,,,2,0.48230103611637976,0.038954659700000005,384.04999999999995,247.0,247.0,0.32417582417582413,67,False,89,False,99,False,149,False,168,False,181,False,215,False,249,True,279,True,201_250,201_250,201_250
blend_schedule_ridge_gbt,2027,Florida Gulf Coast,florida gulf coast,ASun,Pat Chambers,0.29738953398223456,201_250,152,2159,0.30710400405254723,0.30710400405254723,0.30710400405254723,0.24989861215290363,8.0,0.75,0.25,0.0,0.25,0.7228915662650601,0.2771084337349397,0.0,0.2771084337349397,0.3916266447791008,0.2855410155837614,4.266335205232141,0.26108967805107075,-2.2295967908590346,,0.3002641182534206,,,0.3002641182534206,0.18873952630197882,,0.0832057195160081,0.3916266447791008,,,2,0.3002641182534206,0.016632483733333335,112.54,248.0,248.0,0.3214285714285714,67,False,89,False,99,False,149,False,168,False,181,False,215,False,249,True,279,True,201_250,201_250,201_250
blend_schedule_ridge_gbt,2027,Nebraska Omaha,nebraska omaha,Sum,Chris Crutchfield,0.2961387273317636,251_300,152,2159,0.20020635051433125,0.20020635051433125,0.20020635051433125,0.24584197021695278,10.0,0.3,0.7,0.2,0.5,0.2985074626865672,0.7014925373134329,0.1293532338308458,0.5721393034825871,0.2970241229798244,0.18853911207037302,5.1563317210236495,0.19854627607707415,-3.5433178530572866,77.387685381403,0.31361877289720386,0.23560209424083767,,0.31361877289720386,0.05926754509763408,0.03047589278737204,0.17943362628446988,0.2970241229798244,147.0,,5,0.31361877289720386,-0.29342076683333335,892.83,249.0,249.0,0.31868131868131866,67,False,89,False,99,False,149,False,168,False,181,False,215,False,249,True,279,True,201_250,201_250,201_250
blend_schedule_ridge_gbt,2027,Quinnipiac,quinnipiac,MAAC,Tom Pecora,0.2954530137481913,201_250,152,2159,0.33664112488379794,0.33664112488379794,0.33664112488379794,0.3115003483494167,11.0,0.6363636363636364,0.36363636363636365,0.0,0.36363636363636365,0.6034482758620691,0.39655172413793105,0.0,0.39655172413793105,0.28520080571899453,0.3099417674590444,6.370910736144055,0.30281332951459944,-6.252688659793317,,0.18385435614971365,,,0.18385435614971365,0.18273218160363763,,0.07290776192143818,0.28520080571899453,,,4,0.18385435614971365,-1.3178685342999998,632.28,250.0,250.0,0.3159340659340659,67,False,89,False,99,False,149,False,168,False,181,False,215,False,249,False,279,True,251_300,201_250,201_250
blend_schedule_ridge_gbt,2027,Cal St. Bakersfield,cal state bakersfield,BW,Todd Lee,0.292243202497748,301_plus,152,2159,0.02326496122506462,0.02326496122506462,0.02326496122506462,0.0,4.0,0.5,0.5,0.0,0.5,0.46511627906976744,0.5348837209302325,0.0,0.5348837209302325,0.38620183998927027,0.02153695821287394,-9.491931414678703,0.01163248061253231,-1.902834806820924,,0.40563755630352827,,,0.40563755630352827,0.005410456098852237,,0.2169689254646779,0.38620183998927027,,,2,0.40563755630352827,-0.11870144754999999,682.0,251.0,251.0,0.3131868131868132,67,False,89,False,99,False,149,False,168,False,181,False,215,False,249,False,279,True,251_300,251_300,251_300
blend_schedule_ridge_gbt,2027,Tennessee Martin,tennessee martin,OVC,Jeremy Shulman,0.2891713300705162,201_250,152,2159,0.06187385892116182,0.06187385892116182,0.06187385892116182,0.07959135744480979,2.0,0.5,0.5,0.0,0.5,0.46511627906976744,0.5348837209302325,0.0,0.5348837209302325,0.3267821415908309,0.050782022487016916,-1.4591600000000025,0.06187385892116182,-4.029724183951543,,0.2529964757391981,,,0.2529964757391981,0.02877853903309852,,0.13532369632561758,0.3267821415908309,,,1,0.2529964757391981,-0.3120555507333334,118.28,252.0,252.0,0.31043956043956045,67,False,89,False,99,False,149,False,168,False,181,False,215,False,249,False,279,True,251_300,251_300,251_300
blend_schedule_ridge_gbt,2027,Southeast Missouri,southeast missouri state,OVC,Brad Korn,0.28807732573350375,201_250,152,2159,0.24433793067978016,0.24433793067978016,0.24433793067978016,0.2389481692137955,7.0,0.5714285714285714,0.42857142857142855,0.0,0.42857142857142855,0.5369127516778525,0.46308724832214765,0.0,0.46308724832214765,0.37204651546570267,0.2309681660079865,5.114840528036558,0.2217012670492535,1.627303109419992,,0.5649774496732948,,,0.5649774496732948,0.1190342373418811,,0.2616338525332707,0.37204651546570267,,,3,0.5649774496732948,1.6979034815999998,408.23,253.0,253.0,0.3076923076923077,67,False,89,False,99,False,149,False,168,False,181,False,215,False,249,False,279,True,251_300,251_300,251_300
blend_schedule_ridge_gbt,2027,Coastal Carolina,coastal carolina,SB,Justin Gray,0.2853770666723015,201_250,152,2159,0.20554734042301898,0.20554734042301898,0.20554734042301898,0.1738892671791814,7.0,0.42857142857142855,0.5714285714285714,0.0,0.5714285714285714,0.39473684210526316,0.6052631578947368,0.0,0.6052631578947368,0.3978623065806193,0.1832227896188229,2.0362838727360444,0.18039013743155588,1.2226136270396428,,0.4741994529416734,,,0.4741994529416734,0.0712066331966668,,0.28701545835943393,0.3978623065806193,,,4,0.4741994529416734,0.8519880207499999,917.75,254.0,254.0,0.30494505494505497,67,False,89,False,99,False,149,False,168,False,181,False,215,False,249,False,279,True,251_300,251_300,251_300
blend_schedule_ridge_gbt,2027,Southern Miss,southern miss,SB,Jay Ladner,0.28497740701857527,201_250,152,2159,0.21609754043633347,0.21609754043633347,0.21609754043633347,0.19000284268991355,11.0,0.36363636363636365,0.6363636363636364,0.0,0.6363636363636364,0.33195020746887977,0.6680497925311204,0.0,0.6680497925311204,0.4337584095121369,0.19598188994704158,0.9588469881144546,0.1864469861472851,-1.1482025774131597,,0.5421204473718108,,,0.5421204473718108,0.06189111573353864,,0.36216345239361636,0.4337584095121369,,,7,0.5421204473718108,0.9592392708666666,1842.33,255.0,255.0,0.30219780219780223,67,False,89,False,99,False,149,False,168,False,181,False,215,False,249,False,279,True,251_300,251_300,251_300
blend_schedule_ridge_gbt,2027,Sacramento St.,sacramento state,BSky,Mike Bibby,0.28452310020698546,251_300,152,2159,0.36923621197548795,0.36923621197548795,0.36923621197548795,0.3509697168656977,11.0,0.45454545454545453,0.5454545454545454,0.09090909090909091,0.45454545454545453,0.43859649122807015,0.5614035087719298,0.05701754385964913,0.5043859649122807,0.3086374920220067,0.36089595137234287,0.8324830465947635,0.3309668106076633,2.1516059513456645,48.989402747252754,0.6871673621794079,0.41228928139922905,,0.6871673621794079,0.0,0.41228928139922905,0.0,0.3086374920220067,111.0,,5,0.6871673621794079,3.6183413141,3411.02,256.0,256.0,0.2994505494505495,67,False,89,False,99,False,149,False,168,False,181,False,215,False,249,False,279,True,251_300,251_300,251_300
blend_schedule_ridge_gbt,2027,Jacksonville,jacksonville,ASun,Jordan Mincy,0.2808750645535551,251_300,152,2159,0.3868565723749673,0.3868565723749673,0.3868565723749673,0.47112291170172266,10.0,0.4,0.6,0.0,0.6,0.36697247706422026,0.6330275229357798,0.0,0.6330275229357798,0.44490737840341754,0.3880688239376326,3.7599844421467283,0.3867036803184121,-1.2386184399857907,,0.5185812091580131,,,0.5185812091580131,0.14190960745629805,,0.3282761782743385,0.44490737840341754,,,6,0.5185812091580131,2.1031267304166668,2389.37,257.0,257.0,0.29670329670329665,67,False,89,False,99,False,149,False,168,False,181,False,215,False,249,False,279,True,251_300,251_300,251_300
blend_schedule_ridge_gbt,2027,Milwaukee,milwaukee,Horz,Bart Lundy,0.27701545638985586,251_300,152,2159,0.2282182505568522,0.2282182505568522,0.2282182505568522,0.2735320600704955,11.0,0.45454545454545453,0.5454545454545454,0.18181818181818182,0.36363636363636365,0.4587155963302752,0.5412844036697247,0.11926605504587157,0.4220183486238532,0.4031582354918541,0.21249651276625092,0.06761934111211865,0.21161268574506903,-0.6028113760118153,15.89731729606082,0.3127227784452842,0.06188366607214776,,0.3127227784452842,0.0,0.06188366607214776,0.0,0.4031582354918541,135.0,,4,0.3127227784452842,-0.5651598537333333,274.98,258.0,258.0,0.2939560439560439,67,False,89,False,99,False,149,False,168,False,181,False,215,False,249,False,279,True,251_300,251_300,251_300
blend_schedule_ridge_gbt,2027,Southern Utah,southern utah,WAC,Rob Jeter,0.275005046096243,251_300,152,2159,0.11483855683129152,0.11483855683129152,0.11483855683129152,0.09083024880906933,7.0,0.5714285714285714,0.42857142857142855,0.0,0.42857142857142855,0.5369127516778525,0.46308724832214765,0.0,0.46308724832214765,0.38343557937035977,0.1066147785375844,-6.002443046245496,0.09499721886502223,1.997924256901898,,0.5961959769466123,,,0.5961959769466123,0.05100521818256228,,0.27609075442494124,0.38343557937035977,,,3,0.5961959769466123,2.5062971857,510.47,259.0,259.0,0.2912087912087912,67,False,89,False,99,False,149,False,168,False,181,False,215,False,249,False,279,True,251_300,251_300,251_300
blend_schedule_ridge_gbt,2027,Eastern Kentucky,eastern kentucky,ASun,A.W. Hamilton,0.2749095288305998,251_300,152,2159,0.2959868852459017,0.2959868852459017,0.2959868852459017,0.24002153412196256,9.0,0.5555555555555556,0.4444444444444444,0.0,0.4444444444444444,0.5208333333333334,0.47916666666666663,0.0,0.47916666666666663,0.3937732077326726,0.2787780059408364,1.3154181976937425,0.2441057377049181,2.1679472380015077,,0.5634842516528048,,,0.5634842516528048,0.12713840505464485,,0.2700028705836356,0.3937732077326726,,,4,0.5634842516528048,1.2682733657499998,925.23,260.0,260.0,0.28846153846153844,67,False,89,False,99,False,149,False,168,False,181,False,215,False,249,False,279,True,251_300,251_300,251_300
blend_schedule_ridge_gbt,2027,Colgate,colgate,PL,Matt Langel,0.2743927652210667,201_250,152,2159,0.5302109284695169,0.5302109284695169,0.5302109284695169,0.5148487571560546,10.0,0.9,0.1,0.0,0.1,0.8866995073891625,0.11330049261083741,0.0,0.11330049261083741,0.4676713498837962,0.5257385780039728,7.410215146130659,0.49021892844432,0.025339366515837104,,0.12669683257918551,,,0.12669683257918551,0.43467688236442165,,0.014354813543454513,0.4676713498837962,,,1,0.12669683257918551,0.0,0.0,261.0,261.0,0.2857142857142857,67,False,89,False,99,False,149,False,168,False,181,False,215,False,249,False,279,True,251_300,251_300,251_300
blend_schedule_ridge_gbt,2027,Northeastern,northeastern,CAA,Bill Coen,0.2743579111110864,251_300,152,2159,0.34005854435972327,0.34005854435972327,0.34005854435972327,0.3001074245189914,9.0,0.5555555555555556,0.4444444444444444,0.1111111111111111,0.3333333333333333,0.5494505494505495,0.4505494505494505,0.07142857142857142,0.3791208791208791,0.3388803273180515,0.3281586632821994,4.198155054756587,0.2804409784812526,-2.841759700411962,73.977416666667,0.28985461690535486,0.1465968586387435,,0.28985461690535486,0.15408844971497396,0.010471204188481678,0.10988993717840376,0.3388803273180515,164.0,,3,0.28985461690535486,-0.1357459243166667,383.47,262.0,262.0,0.28296703296703296,67,False,89,False,99,False,149,False,168,False,181,False,215,False,249,False,279,True,251_300,251_300,251_300
blend_schedule_ridge_gbt,2027,Fairfield,fairfield,MAAC,Chris Casey,0.2720481633358859,251_300,152,2159,0.49739547562947073,0.49739547562947073,0.49739547562947073,0.5067895488556182,10.0,0.8,0.2,0.0,0.2,0.7766990291262136,0.2233009708737864,0.0,0.2233009708737864,0.4715778995772861,0.47181898185673715,6.12733527558607,0.46400609206627613,2.9093625746436778,,0.6388509954045479,,,0.6388509954045479,0.36039308121652514,,0.1426560475175204,0.4715778995772861,,,2,0.6388509954045479,3.961185371500001,1190.34,263.0,263.0,0.2802197802197802,67,False,89,False,99,False,149,False,168,False,181,False,215,False,249,False,279,True,251_300,251_300,251_300
blend_schedule_ridge_gbt,2027,Saint Peter's,saint peters,MAAC,Bashir Mason,0.2705614375670927,251_300,152,2159,0.16890649363981175,0.16890649363981175,0.16890649363981175,0.17117186894895828,3.0,0.6666666666666666,0.3333333333333333,0.0,0.3333333333333333,0.634920634920635,0.3650793650793651,0.0,0.3650793650793651,0.3815714113659071,0.17553169783480752,3.0609074113504953,0.15290469540654056,0.05056561085972851,,0.2528280542986425,,,0.2528280542986425,0.09708234628986703,,0.09230230553759966,0.3815714113659071,,,1,0.2528280542986425,0.0,0.0,264.0,264.0,0.2774725274725275,67,False,89,False,99,False,149,False,168,False,181,False,215,False,249,False,279,True,251_300,251_300,251_300
blend_schedule_ridge_gbt,2027,Cal St. Fullerton,cal state fullerton,BW,Dedrique Taylor,0.26921091950080245,161_200,152,2159,0.33915831513026523,0.33915831513026523,0.33915831513026523,0.27252509189799606,10.0,0.6,0.4,0.0,0.4,0.5660377358490566,0.43396226415094336,0.0,0.43396226415094336,0.2775612063182847,0.30800292222494496,2.922524052643949,0.28043818613066834,0.01990950226244344,,0.0995475113122172,,,0.0995475113122172,0.1587385959230198,,0.04319986339964142,0.2775612063182847,,,4,0.0995475113122172,0.0,0.0,265.0,265.0,0.27472527472527475,67,False,89,False,99,False,149,False,168,False,181,False,215,False,249,False,279,True,251_300,251_300,251_300
blend_schedule_ridge_gbt,2027,UNC Asheville,unc asheville,BSth,Mike Morrell,0.2669653967816651,201_250,152,2159,0.2623862143153795,0.2623862143153795,0.2623862143153795,0.22763691083603235,9.0,0.4444444444444444,0.5555555555555556,0.0,0.5555555555555556,0.41025641025641024,0.5897435897435898,0.0,0.5897435897435898,0.37584653673730806,0.20855830323600041,-1.4909023170660514,0.2359891269565691,-1.1753715372299354,,0.4128145120768764,,,0.4128145120768764,0.09681605208474629,,0.24345471225046558,0.37584653673730806,,,5,0.4128145120768764,-0.9242313133333332,1364.3899999999999,266.0,266.0,0.271978021978022,67,False,89,False,99,False,149,False,168,False,181,False,215,False,249,False,279,True,251_300,251_300,251_300
blend_schedule_ridge_gbt,2027,UMBC,umbc,AE,Jim Ferry,0.2660335883772837,161_200,152,2159,0.07343484751273192,0.07343484751273192,0.07343484751273192,0.0840574480906433,6.0,0.3333333333333333,0.6666666666666666,0.16666666666666666,0.5,0.32786885245901637,0.6721311475409836,0.10655737704918034,0.5655737704918032,0.5024234265197818,0.0674625100416635,4.389791627557358,0.07287325020839899,-4.6742718735397135,15.28193021978022,0.32517377892821925,0.03256429434439906,,0.32517377892821925,0.0,0.03256429434439906,0.0,0.5024234265197818,163.0,,3,0.32517377892821925,-1.2231831462666665,1415.4099999999999,267.0,267.0,0.2692307692307693,67,False,89,False,99,False,149,False,168,False,181,False,215,False,249,False,279,True,251_300,251_300,251_300
blend_schedule_ridge_gbt,2027,Oral Roberts,oral roberts,Sum,Kory Barnett,0.2633973129780223,301_plus,152,2159,0.4356656903516719,0.4356656903516719,0.4356656903516719,0.5424981887637489,8.0,0.5,0.5,0.125,0.375,0.4938271604938272,0.5061728395061729,0.08024691358024692,0.42592592592592593,0.26851875470481995,0.4202937778971802,3.0792513749355024,0.4356656903516719,3.7531668967439344,33.684128021978026,0.5228348035075454,0.23885852367527763,,0.5228348035075454,0.0,0.23885852367527763,0.0,0.26851875470481995,136.0,,3,0.5228348035075454,0.3794564637,342.93,268.0,268.0,0.26648351648351654,67,False,89,False,99,False,149,False,168,False,181,False,215,False,249,False,279,True,251_300,251_300,251_300
blend_schedule_ridge_gbt,2027,Houston Christian,houston baptist,Slnd,Craig Doty,0.26339404122830157,251_300,152,2159,0.20750905810632056,0.20750905810632056,0.20750905810632056,0.23143335258489198,8.0,0.25,0.75,0.0,0.75,0.22471910112359555,0.7752808988764046,0.0,0.7752808988764046,0.31375454266960323,0.20862635487723394,1.726381542143912,0.20750905810632056,-2.5841161798597136,,0.4076981185389936,,,0.4076981185389936,0.04663124901265631,,0.3160805638111299,0.31375454266960323,,,6,0.4076981185389936,-0.05570465348333331,2229.3900000000003,269.0,269.0,0.2637362637362637,67,False,89,False,99,False,149,False,168,False,181,False,215,False,249,False,279,True,251_300,251_300,251_300
blend_schedule_ridge_gbt,2027,Delaware,delaware,CUSA,Martin Ingelsby,0.26192237619624087,251_300,152,2159,0.2511889815330311,0.2511889815330311,0.2511889815330311,0.2294054469136059,13.0,0.46153846153846156,0.5384615384615384,0.0,0.5384615384615384,0.4270462633451958,0.5729537366548042,0.0,0.5729537366548042,0.4293640339199484,0.2175748533865629,-0.901770549534296,0.23387385122261423,-0.4873163347779609,,0.5750710023900111,,,0.5750710023900111,0.09987495425876766,,0.3294890796611807,0.4293640339199484,,,7,0.5750710023900111,1.1977826615,3147.3199999999997,270.0,270.0,0.26098901098901095,67,False,89,False,99,False,149,False,168,False,181,False,215,False,249,False,279,True,251_300,251_300,251_300
blend_schedule_ridge_gbt,2027,Purdue Fort Wayne,purdue fort wayne,Horz,Jon Coffman,0.2610075364473226,251_300,152,2159,0.12375495904317406,0.12375495904317406,0.12375495904317406,0.07055885358425565,6.0,0.5,0.5,0.0,0.5,0.46511627906976744,0.5348837209302325,0.0,0.5348837209302325,0.3808057229589127,0.10468535183819183,-3.3694653258658684,0.0921757031453394,-1.6568936791689732,,0.5004572654737635,,,0.5004572654737635,0.042872420067599726,,0.2676864443231758,0.3808057229589127,,,3,0.5004572654737635,0.9704770527666663,1273.98,271.0,271.0,0.2582417582417582,67,False,89,False,99,False,149,False,168,False,181,False,215,False,249,False,279,True,251_300,251_300,251_300
blend_schedule_ridge_gbt,2027,Norfolk St.,norfolk state,MEAC,Robert Jones,0.26050163317605857,301_plus,152,2159,0.15179626924574194,0.15179626924574194,0.15179626924574194,0.10535392541069111,8.0,0.375,0.625,0.25,0.375,0.3870967741935484,0.6129032258064516,0.16774193548387098,0.4451612903225806,0.33960750200933454,0.13772867306973913,-1.2925145939944733,0.11855216305888994,-0.9376339016937321,59.04823304697665,0.46307822580191915,0.5227087049076579,,0.46307822580191915,0.0,0.5227087049076579,0.0,0.33960750200933454,100.0,,3,0.46307822580191915,0.5512859237666667,903.36,272.0,272.0,0.2554945054945055,67,False,89,False,99,False,149,False,168,False,181,False,215,False,249,False,279,True,251_300,251_300,251_300
blend_schedule_ridge_gbt,2027,UMass Lowell,umass lowell,AE,Pat Duquette,0.25946584866730915,301_plus,152,2159,0.1060231566280723,0.1060231566280723,0.1060231566280723,0.09359996578977037,7.0,0.5714285714285714,0.42857142857142855,0.0,0.42857142857142855,0.5369127516778525,0.46308724832214765,0.0,0.46308724832214765,0.3013717787304564,0.09384040616467604,-3.39042162912252,0.09313984476692538,-1.7141887305403027,,0.43941756205233123,,,0.43941756205233123,0.05000797034465793,,0.20348866967524062,0.3013717787304564,,,3,0.43941756205233123,0.33060854108333343,1223.5100000000002,273.0,273.0,0.25274725274725274,67,False,89,False,99,False,149,False,168,False,181,False,215,False,249,False,279,True,251_300,251_300,251_300
blend_schedule_ridge_gbt,2027,South Dakota,south dakota,Sum,Eric Peterson,0.2563938581816183,251_300,152,2159,0.2160333962705464,0.2160333962705464,0.2160333962705464,0.2131580878021018,11.0,0.36363636363636365,0.6363636363636364,0.09090909090909091,0.5454545454545454,0.34632034632034636,0.6536796536796537,0.056277056277056293,0.5974025974025975,0.3311626328849697,0.1908921961130574,1.8653834884788325,0.1892701091175344,-1.1226849635427911,28.056289194139126,0.48126314076924015,0.1786778666359818,,0.48126314076924015,0.0,0.1786778666359818,0.0,0.3311626328849697,141.0,,6,0.48126314076924015,0.20597637051666623,1658.97,274.0,274.0,0.25,67,False,89,False,99,False,149,False,168,False,181,False,215,False,249,False,279,True,251_300,251_300,251_300
blend_schedule_ridge_gbt,2027,Green Bay,green bay,Horz,Doug Gottlieb,0.2526498198040183,201_250,152,2159,0.28591498420897854,0.28591498420897854,0.28591498420897854,0.18738563479907133,8.0,0.75,0.25,0.0,0.25,0.7228915662650601,0.2771084337349397,0.0,0.2771084337349397,0.33639266677413826,0.27630826938260994,0.0066816087070762364,0.22332068559884416,-2.0534702380178698,,0.47154651754158083,,,0.47154651754158083,0.16143664019193552,,0.13066951690911274,0.33639266677413826,,,2,0.47154651754158083,1.2241053493333334,653.48,275.0,275.0,0.24725274725274726,67,False,89,False,99,False,149,False,168,False,181,False,215,False,249,False,279,True,251_300,251_300,251_300
blend_schedule_ridge_gbt,2027,Denver,denver,Sum,Tim Bergstraser,0.2517558609874532,201_250,152,2159,0.395577226128366,0.395577226128366,0.395577226128366,0.4260095944502543,11.0,0.45454545454545453,0.5454545454545454,0.0,0.5454545454545454,0.42016806722689076,0.5798319327731092,0.0,0.5798319327731092,0.3655430651028087,0.3916236457133165,7.136251109011735,0.3951470522312146,-2.910496545138708,,0.34530485837815755,,,0.34530485837815755,0.16602817320639268,,0.20021878342935184,0.3655430651028087,,,6,0.34530485837815755,-0.7228561834,1979.6699999999998,276.0,276.0,0.24450549450549453,67,False,89,False,99,False,149,False,168,False,181,False,215,False,249,False,279,True,251_300,251_300,251_300
blend_schedule_ridge_gbt,2027,Charleston Southern,charleston southern,BSth,Saah Nimley,0.2515536744407953,201_250,152,2159,0.19642184873949578,0.19642184873949578,0.19642184873949578,0.13001702178922875,11.0,0.36363636363636365,0.6363636363636364,0.0,0.6363636363636364,0.33195020746887977,0.6680497925311204,0.0,0.6680497925311204,0.32924465805403763,0.173627603924027,2.167523456824189,0.14718571428571425,-0.6545304891742888,,0.415442012456008,,,0.415442012456008,0.048858328393598105,,0.27753595022994726,0.32924465805403763,,,7,0.415442012456008,0.8779498038,261.20000000000005,277.0,277.0,0.2417582417582418,67,False,89,False,99,False,149,False,168,False,181,False,215,False,249,False,279,True,251_300,251_300,251_300
blend_schedule_ridge_gbt,2027,Incarnate Word,incarnate word,Slnd,Shane Heirman,0.249550970711728,251_300,152,2159,0.15862171182448534,0.15862171182448534,0.15862171182448534,0.18263947668932964,7.0,0.42857142857142855,0.5714285714285714,0.0,0.5714285714285714,0.39473684210526316,0.6052631578947368,0.0,0.6052631578947368,0.286679533583196,0.14545166385568023,2.1452976024451713,0.15656635101134103,-3.079138043806258,,0.37063931693549873,,,0.37063931693549873,0.061802506978160934,,0.22433432340832818,0.286679533583196,,,4,0.37063931693549873,0.38641552738333335,1089.76,278.0,278.0,0.23901098901098905,67,False,89,False,99,False,149,False,168,False,181,False,215,False,249,False,279,True,251_300,251_300,251_300
blend_schedule_ridge_gbt,2027,Campbell,campbell,CAA,Jimmie WIlliams,0.24851155963985957,161_200,152,2159,0.017931446125191996,0.017931446125191996,0.017931446125191996,0.0,4.0,0.25,0.75,0.0,0.75,0.22471910112359555,0.7752808988764046,0.0,0.7752808988764046,0.3383278385526465,0.01505865122190772,-6.940882500000002,0.008965723062595998,0.021380090497737557,,0.10690045248868779,,,0.10690045248868779,0.0020147692275496627,,0.08287787889572426,0.3383278385526465,,,3,0.10690045248868779,0.0,0.0,279.0,279.0,0.2362637362637363,67,False,89,False,99,False,149,False,168,False,181,False,215,False,249,False,279,True,251_300,251_300,251_300
blend_schedule_ridge_gbt,2027,Louisiana,louisiana,SB,Quannas White,0.24604766571605177,301_plus,152,2159,0.42392383064925465,0.42392383064925465,0.42392383064925465,0.37975159882576776,13.0,0.6153846153846154,0.38461538461538464,0.07692307692307693,0.3076923076923077,0.6037735849056604,0.3962264150943396,0.0490566037735849,0.3471698113207547,0.28912952629160343,0.4125417045543953,2.515089544052527,0.36180517361284725,-1.4003769855559587,64.62880312947932,0.5335818395041848,0.5953512456130257,,0.5335818395041848,0.0,0.5953512456130257,0.0,0.28912952629160343,81.0,,4,0.5335818395041848,1.414240476133333,2759.74,280.0,280.0,0.23351648351648346,67,False,89,False,99,False,149,False,168,False,181,False,215,False,249,False,279,False,301_plus,251_300,251_300
blend_schedule_ridge_gbt,2027,Cleveland St.,cleveland state,Horz,Rob Summers,0.2446500620842471,301_plus,152,2159,0.017451812098434154,0.017451812098434154,0.017451812098434154,0.0,9.0,0.1111111111111111,0.8888888888888888,0.0,0.8888888888888888,0.09803921568627451,0.9019607843137254,0.0,0.9019607843137254,0.3711948923780665,0.015199362673895392,-31.3932675,0.008725906049217077,-0.44881986584640743,,0.4874189998945928,,,0.4874189998945928,0.0008554809852173604,,0.43963282343433857,0.3711948923780665,,,8,0.4874189998945928,0.27716195370000024,2194.07,281.0,281.0,0.23076923076923073,67,False,89,False,99,False,149,False,168,False,181,False,215,False,249,False,279,False,301_plus,251_300,251_300
blend_schedule_ridge_gbt,2027,UTSA,utsa,Amer,Austin Claunch,0.2438167709234672,301_plus,152,2159,0.15670441091648704,0.15670441091648704,0.15670441091648704,0.15570225310591704,9.0,0.3333333333333333,0.6666666666666667,0.1111111111111111,0.5555555555555556,0.3191489361702128,0.6808510638297873,0.06914893617021277,0.6117021276595745,0.3259191511363423,0.15288371102661866,-5.130138534710665,0.1443730948558653,0.6334509162398794,53.97790091575098,0.6199589073850327,0.4711121339393591,,0.6199589073850327,0.0,0.4711121339393591,0.0,0.3259191511363423,101.0,,5,0.6199589073850327,1.8062213308333332,2622.71,282.0,282.0,0.228021978021978,67,False,89,False,99,False,149,False,168,False,181,False,215,False,249,False,279,False,301_plus,251_300,251_300
blend_schedule_ridge_gbt,2027,Lindenwood,lindenwood,OVC,Kyle Gerdeman,0.24273158130937145,251_300,152,2159,0.017629794319066278,0.017629794319066278,0.017629794319066278,0.0,6.0,0.3333333333333333,0.6666666666666666,0.0,0.6666666666666666,0.30303030303030304,0.696969696969697,0.0,0.696969696969697,0.2648794561153387,0.01652742249464689,3.2247888528077144,0.008814897159533139,-1.5632399499342247,,0.4551530696604281,,,0.4551530696604281,0.0026711809574342846,,0.317227897036056,0.2648794561153387,,,4,0.4551530696604281,1.0569541661333333,1053.85,283.0,283.0,0.22527472527472525,67,False,89,False,99,False,149,False,168,False,181,False,215,False,249,False,279,False,301_plus,251_300,251_300
blend_schedule_ridge_gbt,2027,Siena,siena,MAAC,Nevada Smith,0.24264653453597057,161_200,152,2159,0.06507160823512498,0.06507160823512498,0.06507160823512498,0.0,6.0,0.8333333333333334,0.16666666666666666,0.0,0.16666666666666666,0.8130081300813009,0.18699186991869918,0.0,0.18699186991869918,0.31318608063757364,0.06005952815048687,-1.7952595596985537,0.03253580411756249,0.05113122171945701,,0.25565610859728505,,,0.25565610859728505,0.02645187326631097,,0.047805613802744354,0.31318608063757364,,,1,0.25565610859728505,0.0,0.0,284.0,284.0,0.22252747252747251,67,False,89,False,99,False,149,False,168,False,181,False,215,False,249,False,279,False,301_plus,251_300,251_300
blend_schedule_ridge_gbt,2027,Evansville,evansville,MVC,David Ragland,0.242119972216528,301_plus,152,2159,0.17676917940224599,0.17676917940224599,0.17676917940224599,0.1584086319822165,4.0,0.5,0.5,0.0,0.5,0.46511627906976744,0.5348837209302325,0.0,0.5348837209302325,0.31563444211992003,0.1684439567775088,-5.453109544391981,0.15652448437846078,-2.7721827077748142,,0.36248574348643964,,,0.36248574348643964,0.07280208575742361,,0.19388772326018863,0.31563444211992003,,,2,0.36248574348643964,-0.015835471033333354,707.98,285.0,285.0,0.21978021978021978,67,False,89,False,99,False,149,False,168,False,181,False,215,False,249,False,279,False,301_plus,251_300,251_300
blend_schedule_ridge_gbt,2027,Nicholls,nicholls state,Slnd,Tevon Saddler,0.24168671551543047,201_250,152,2159,0.04912820176281524,0.04912820176281524,0.04912820176281524,0.0,7.0,0.2857142857142857,0.7142857142857143,0.0,0.7142857142857143,0.25806451612903225,0.7419354838709676,0.0,0.7419354838709676,0.29695161751760046,0.039599419461259194,-1.0583305844093926,0.02456410088140762,-3.6514168871163264,,0.24011831722590696,,,0.24011831722590696,0.006339122808105192,,0.17815229987728579,0.29695161751760046,,,5,0.24011831722590696,-0.5547645703166667,466.32000000000005,286.0,286.0,0.21703296703296704,67,False,89,False,99,False,149,False,168,False,181,False,215,False,249,False,279,False,301_plus,251_300,251_300
blend_schedule_ridge_gbt,2027,Dartmouth,dartmouth,Ivy,Brett MacConnell,0.24163807867681508,251_300,152,2159,0.30882402692123234,0.30882402692123234,0.30882402692123234,0.19925208995209134,10.0,0.9,0.1,0.0,0.1,0.8866995073891625,0.11330049261083741,0.0,0.11330049261083741,0.2613293120395168,0.282902691259541,-2.0716546818313626,0.24040552991723435,-5.508013259906584,,0.23310393398724968,,,0.23310393398724968,0.21316746495124225,,0.026410790550279513,0.2613293120395168,,,1,0.23310393398724968,-0.24637171733333332,531.67,287.0,287.0,0.2142857142857143,67,False,89,False,99,False,149,False,168,False,181,False,215,False,249,False,279,False,301_plus,251_300,251_300
blend_schedule_ridge_gbt,2027,Georgia Southern,georgia southern,SB,Charlie Henry,0.24103444733534027,201_250,152,2159,0.12338957369551053,0.12338957369551053,0.12338957369551053,0.0,8.0,0.375,0.625,0.125,0.5,0.36363636363636365,0.6363636363636362,0.0787878787878788,0.5575757575757575,0.2692455997835898,0.1078970561713714,-3.093563815665876,0.06169478684775526,-4.690753219855819,73.31075,0.28100393334670654,0.05759162303664922,,0.28100393334670654,0.022434467944638277,0.004537521815008727,0.15668098101755756,0.2692455997835898,181.0,,4,0.28100393334670654,-1.9096753274166667,1104.53,288.0,288.0,0.21153846153846156,67,False,89,False,99,False,149,False,168,False,181,False,215,False,249,False,279,False,301_plus,251_300,251_300
blend_schedule_ridge_gbt,2027,North Dakota,north dakota,Sum,Paul Sather,0.2385230169123604,251_300,152,2159,0.20509639865659005,0.20509639865659005,0.20509639865659005,0.23591816929092818,6.0,0.6666666666666666,0.3333333333333333,0.0,0.3333333333333333,0.634920634920635,0.3650793650793651,0.0,0.3650793650793651,0.28065283098621713,0.18142427450463794,0.39821148444115106,0.19904376626155557,-1.0514674481387523,,0.30585211049539923,,,0.30585211049539923,0.12637699445178133,,0.11166029430784417,0.28065283098621713,,,2,0.30585211049539923,-0.0359312128,126.64,289.0,289.0,0.20879120879120883,67,False,89,False,99,False,149,False,168,False,181,False,215,False,249,False,279,False,301_plus,251_300,251_300
blend_schedule_ridge_gbt,2027,Prairie View A&M,prairie view a and m,SWAC,Byron Smith,0.23665023221956522,251_300,152,2159,0.08713988570531532,0.08713988570531532,0.08713988570531532,0.0,8.0,0.375,0.625,0.0,0.625,0.34285714285714286,0.6571428571428571,0.0,0.6571428571428571,0.3003826260797875,0.0754724348512774,4.392206436861251,0.04356994285265766,-0.2059576878764458,,0.435364436647414,,,0.435364436647414,0.014938266120911198,,0.28609662979687206,0.3003826260797875,,,5,0.435364436647414,0.9299274795000001,625.3599999999999,290.0,290.0,0.2060439560439561,67,False,89,False,99,False,149,False,168,False,181,False,215,False,249,False,279,False,301_plus,251_300,251_300
blend_schedule_ridge_gbt,2027,Canisius,canisius,MAAC,Jim Christian,0.2357766578420542,301_plus,152,2159,0.0021348579472826213,0.0021348579472826213,0.0021348579472826213,0.0,11.0,0.09090909090909091,0.9090909090909092,0.09090909090909091,0.8181818181818182,0.08333333333333334,0.9166666666666667,0.054166666666666675,0.8625,0.3114649259903628,0.002167524278592287,-0.6750900000000009,0.0010674289736413106,-4.289487503830402,73.31075,0.34152373402461184,0.03664921465968585,,0.34152373402461184,8.895241447010923e-05,0.001985165794066317,0.2945642205962277,0.3114649259903628,185.0,,9,0.34152373402461184,-1.80347975585,2112.66,291.0,291.0,0.20329670329670335,67,False,89,False,99,False,149,False,168,False,181,False,215,False,249,False,279,False,301_plus,251_300,251_300
blend_schedule_ridge_gbt,2027,USC Upstate,usc upstate,BSth,Marty Richter,0.23377854607606952,301_plus,152,2159,0.16399911185085878,0.16399911185085878,0.16399911185085878,0.11170422262073985,9.0,0.4444444444444444,0.5555555555555556,0.0,0.5555555555555556,0.41025641025641024,0.5897435897435898,0.0,0.5897435897435898,0.26315937892714397,0.14886906331536595,1.967038545908347,0.12935027822458312,-3.7947127268292116,,0.4162647034934812,,,0.4162647034934812,0.05306678081008538,,0.2454894405217966,0.26315937892714397,,,5,0.4162647034934812,0.26561442555,604.94,292.0,292.0,0.2005494505494505,67,False,89,False,99,False,149,False,168,False,181,False,215,False,249,False,279,False,301_plus,251_300,251_300
blend_schedule_ridge_gbt,2027,Albany,albany,AE,Dwayne Killings,0.2317669965830217,301_plus,152,2159,0.40497931034482754,0.40497931034482754,0.40497931034482754,0.4435613569211205,8.0,0.625,0.375,0.125,0.25,0.6289308176100629,0.3710691823899371,0.08176100628930817,0.2893081761006289,0.35097284741482127,0.3893009492310102,0.8668354910425347,0.38651637931034477,0.4057909624503324,73.31075,0.4894177770029131,0.1413612565445026,,0.4894177770029131,0.24309206245933632,0.011557838585399584,0.14159256441593712,0.35097284741482127,165.0,,2,0.4894177770029131,0.5694387203166668,907.22,293.0,293.0,0.19780219780219777,67,False,89,False,99,False,149,False,168,False,181,False,215,False,249,False,279,False,301_plus,251_300,251_300
blend_schedule_ridge_gbt,2027,Idaho St.,idaho state,BSky,Ryan Looney,0.23129772291837924,251_300,152,2159,0.176700398142004,0.176700398142004,0.176700398142004,0.1797075074728876,9.0,0.3333333333333333,0.6666666666666666,0.0,0.6666666666666666,0.30303030303030304,0.696969696969697,0.0,0.696969696969697,0.2559463478372348,0.157606410268091,-1.5457018324883824,0.160757299270073,0.9155232532450402,,0.25018702057024084,,,0.25018702057024084,0.048714333112143335,,0.17437277191259212,0.2559463478372348,,,6,0.25018702057024084,-0.009767501100000001,1.3,294.0,294.0,0.19505494505494503,67,False,89,False,99,False,149,False,168,False,181,False,215,False,249,False,279,False,301_plus,251_300,251_300
blend_schedule_ridge_gbt,2027,American,american,PL,Duane Simpkins,0.2303050848236701,201_250,152,2159,0.8621776442215545,0.8621776442215545,0.8621776442215545,0.8466868011561574,12.0,1.0,0.0,0.0,0.0,1.0,0.0,0.0,0.0,0.7747787024367639,0.8640999359459397,8.043007829409785,0.8116573916202916,,,,,,,0.8116573916202916,,,0.7747787024367639,,,,,,,295.0,295.0,0.1923076923076923,67,False,89,False,99,False,149,False,168,False,181,False,215,False,249,False,279,False,301_plus,251_300,251_300
blend_schedule_ridge_gbt,2027,SIUE,siu edwardsville,OVC,Brian Barone,0.22726471854295188,251_300,152,2159,0.43046424407771705,0.43046424407771705,0.43046424407771705,0.49860091443789945,10.0,0.7,0.3,0.0,0.3,0.6698564593301436,0.33014354066985646,0.0,0.33014354066985646,0.3645923283787938,0.43062026864568476,4.94847467312832,0.4078905082787174,-5.008210012931819,,0.329969537050352,,,0.329969537050352,0.27322809166995426,,0.10893731127499659,0.3645923283787938,,,3,0.329969537050352,-0.9511085515000001,1529.08,296.0,296.0,0.18956043956043955,67,False,89,False,99,False,149,False,168,False,181,False,215,False,249,False,279,False,301_plus,251_300,251_300
blend_schedule_ridge_gbt,2027,Mount St. Mary's,mount st marys,MAAC,Donny Lind,0.22592442656136447,251_300,152,2159,0.3535169364917703,0.3535169364917703,0.3535169364917703,0.20186996009329675,9.0,0.7777777777777778,0.2222222222222222,0.0,0.2222222222222222,0.7526881720430109,0.24731182795698925,0.0,0.24731182795698925,0.30435409632906335,0.3274587299973995,-1.9965078278576822,0.25732929372114466,-1.5301489764855134,,0.4450346468262843,,,0.4450346468262843,0.1936887157040874,,0.1100623320108015,0.30435409632906335,,,2,0.4450346468262843,0.4704701995666667,946.9300000000001,297.0,297.0,0.18681318681318682,67,False,89,False,99,False,149,False,168,False,181,False,215,False,249,False,279,False,301_plus,251_300,251_300
blend_schedule_ridge_gbt,2027,Cal Poly,cal poly,BW,Mike DeGeorge,0.2259195087468511,201_250,152,2159,0.5078196916463041,0.5078196916463041,0.5078196916463041,0.43227555122426603,11.0,0.9090909090909091,0.09090909090909091,0.0,0.09090909090909091,0.8968609865470851,0.10313901345291479,0.0,0.10313901345291479,0.3964746822671985,0.47465343991215986,1.933997213904732,0.4249333699617811,0.019230769230769235,,0.09615384615384617,,,0.09615384615384617,0.3811061614007005,,0.00991721283201104,0.3964746822671985,,,1,0.09615384615384617,0.0,0.0,298.0,298.0,0.18406593406593408,67,False,89,False,99,False,149,False,168,False,181,False,215,False,249,False,279,False,301_plus,251_300,251_300
blend_schedule_ridge_gbt,2027,Stetson,stetson,ASun,Donnie Jones,0.22216762423055444,301_plus,152,2159,0.2758304939348521,0.2758304939348521,0.2758304939348521,0.2315676456840296,10.0,0.6,0.4,0.1,0.3,0.594059405940594,0.4059405940594059,0.06435643564356436,0.34158415841584155,0.3260271501848601,0.2597987287535937,-1.4087065637266951,0.22903945599213482,0.07766561287626017,44.76669212454219,0.46896624405531184,0.3580691559749152,,0.46896624405531184,0.0,0.3580691559749152,0.0,0.3260271501848601,125.0,,3,0.46896624405531184,-0.18248352845000004,1416.85,299.0,299.0,0.18131868131868134,67,False,89,False,99,False,149,False,168,False,181,False,215,False,249,False,279,False,301_plus,251_300,251_300
blend_schedule_ridge_gbt,2027,North Carolina A&T,north carolina a and t,CAA,Monte Ross,0.22117250390291185,251_300,152,2159,0.053575936427796844,0.053575936427796844,0.053575936427796844,0.0,3.0,0.3333333333333333,0.6666666666666666,0.0,0.6666666666666666,0.30303030303030304,0.696969696969697,0.0,0.696969696969697,0.231772923695581,0.050886309239481876,-1.4528199999999996,0.026787968213898422,-2.6892253216115347,,0.48987530099185284,,,0.48987530099185284,0.008117566125423765,,0.34142824008523076,0.231772923695581,,,2,0.48987530099185284,2.088768,1673.63,300.0,300.0,0.1785714285714286,67,False,89,False,99,False,149,False,168,False,181,False,215,False,249,False,279,False,301_plus,251_300,251_300
blend_schedule_ridge_gbt,2027,Louisiana Monroe,louisiana monroe,SB,Ryan Cross,0.21965158831890835,301_plus,152,2159,0.08542342288734837,0.08542342288734837,0.08542342288734837,0.0,10.0,0.3,0.7,0.1,0.6,0.2843601895734597,0.7156398104265402,0.06161137440758294,0.6540284360189573,0.25921523108745526,0.07499460832136355,-4.261966397999265,0.04271171144367419,-1.6348543966511588,73.31075,0.3406567650822134,0.09424083769633507,,0.3406567650822134,0.0121455103631301,0.0058063075357931565,0.22279921128599736,0.25921523108745526,174.0,,6,0.3406567650822134,-0.5136703366833333,1120.9099999999999,301.0,301.0,0.17582417582417587,67,False,89,False,99,False,149,False,168,False,181,False,215,False,249,False,279,False,301_plus,301_plus,301_plus
blend_schedule_ridge_gbt,2027,Lehigh,lehigh,PL,Brett Reed,0.21778930478226782,251_300,152,2159,0.8063704122643403,0.8063704122643403,0.8063704122643403,0.7999886872398921,9.0,1.0,0.0,0.0,0.0,1.0,0.0,0.0,0.0,0.6387206513038199,0.7751028668816845,6.722714248651302,0.7451073188385624,,,,,,,0.7451073188385624,,,0.6387206513038199,,,,,,,302.0,302.0,0.17307692307692313,67,False,89,False,99,False,149,False,168,False,181,False,215,False,249,False,279,False,301_plus,301_plus,301_plus
blend_schedule_ridge_gbt,2027,Presbyterian,presbyterian,BSth,Quinton Ferrell,0.21646033396249242,251_300,152,2159,0.5287631996971167,0.5287631996971167,0.5287631996971167,0.4689503442953817,10.0,0.9,0.1,0.0,0.1,0.8866995073891625,0.11330049261083741,0.0,0.11330049261083741,0.41102420516862864,0.5141736767432729,6.022327776678666,0.4724475098560481,0.047511312217194575,,0.23755656108597287,,,0.23755656108597287,0.41891897425659436,,0.026915275393977214,0.41102420516862864,,,1,0.23755656108597287,0.0,0.0,303.0,303.0,0.17032967032967028,67,False,89,False,99,False,149,False,168,False,181,False,215,False,249,False,279,False,301_plus,301_plus,301_plus
blend_schedule_ridge_gbt,2027,Sacred Heart,sacred heart,MAAC,Anthony Latina,0.21602959881286982,251_300,152,2159,0.3488793048437128,0.3488793048437128,0.3488793048437128,0.3459742861445677,9.0,0.5555555555555556,0.4444444444444444,0.0,0.4444444444444444,0.5208333333333334,0.47916666666666663,0.0,0.47916666666666663,0.3664036191824167,0.33580354184664635,2.1936887805813843,0.3281899072844796,1.0526758874244146,,0.48177871577722237,,,0.48177871577722237,0.17093224337733315,,0.23085230130991904,0.3664036191824167,,,4,0.48177871577722237,0.3601156422833333,517.38,304.0,304.0,0.16758241758241754,67,False,89,False,99,False,149,False,168,False,181,False,215,False,249,False,279,False,301_plus,301_plus,301_plus
blend_schedule_ridge_gbt,2027,LIU,liu,NEC,Rod Strickland,0.21500699071014379,201_250,152,2159,0.21751490037708235,0.21751490037708235,0.21751490037708235,0.21566508745768828,7.0,0.7142857142857143,0.2857142857142857,0.0,0.2857142857142857,0.6849315068493151,0.3150684931506849,0.0,0.3150684931506849,0.2736769839511519,0.20509293583387445,1.1817745924517662,0.2040778705734812,-4.3480394357873715,,0.2507084680217349,,,0.2507084680217349,0.139779363406494,,0.07899033923972469,0.2736769839511519,,,2,0.2507084680217349,-1.527576183866667,824.14,305.0,305.0,0.1648351648351648,67,False,89,False,99,False,149,False,168,False,181,False,215,False,249,False,279,False,301_plus,301_plus,301_plus
blend_schedule_ridge_gbt,2027,Boston University,boston university,PL,Joe Jones,0.20929633684785606,251_300,152,2159,0.4073035946757353,0.4073035946757353,0.4073035946757353,0.41240621426379936,9.0,0.7777777777777778,0.2222222222222222,0.1111111111111111,0.1111111111111111,0.7954545454545455,0.20454545454545453,0.07386363636363635,0.13068181818181818,0.3848998249825373,0.3750760178474232,1.5484600954977186,0.38915826078742205,3.8459934741488735,73.31075,0.5209811683087854,0.041884816753926746,,0.5209811683087854,0.3095577074445403,0.003093764873869589,0.0680827663130799,0.3848998249825373,184.0,,1,0.5209811683087854,0.22172516006666665,47.08,306.0,306.0,0.16208791208791207,67,False,89,False,99,False,149,False,168,False,181,False,215,False,249,False,279,False,301_plus,301_plus,301_plus
blend_schedule_ridge_gbt,2027,Detroit Mercy,detroit,Horz,Mark Montgomery,0.2061057862349168,201_250,152,2159,0.3829893616843972,0.3829893616843972,0.3829893616843972,0.37277634570398416,8.0,0.75,0.25,0.0,0.25,0.7228915662650601,0.2771084337349397,0.0,0.2771084337349397,0.3499363952577717,0.3815045515712329,2.4932707319599254,0.3426160956398406,0.028959276018099545,,0.14479638009049772,,,0.14479638009049772,0.24767428600470398,,0.04012429809736683,0.3499363952577717,,,2,0.14479638009049772,0.0,0.0,307.0,307.0,0.15934065934065933,67,False,89,False,99,False,149,False,168,False,181,False,215,False,249,False,279,False,301_plus,301_plus,301_plus
blend_schedule_ridge_gbt,2027,Brown,brown,Ivy,Mike Martin,0.20485043202623093,251_300,152,2159,0.8732777129635985,0.8732777129635985,0.8732777129635985,0.8532658484604217,11.0,1.0,0.0,0.0,0.0,1.0,0.0,0.0,0.0,0.725338501119357,0.8503229550895918,2.6452481529875858,0.7863648395603965,,,,,,,0.7863648395603965,,,0.725338501119357,,,,,,,308.0,308.0,0.1565934065934066,67,False,89,False,99,False,149,False,168,False,181,False,215,False,249,False,279,False,301_plus,301_plus,301_plus
blend_schedule_ridge_gbt,2027,IU Indy,iupui,Horz,Ben Howlett,0.20444135998476493,301_plus,152,2159,0.13129106839656696,0.13129106839656696,0.13129106839656696,0.09573576839945855,7.0,0.42857142857142855,0.5714285714285714,0.0,0.5714285714285714,0.39473684210526316,0.6052631578947368,0.0,0.6052631578947368,0.274312218419001,0.12467375912852514,0.6106382576514178,0.10538073795728138,0.01182773430201792,,0.5062744936547019,,,0.5062744936547019,0.041597659719979495,,0.3064292987910038,0.274312218419001,,,4,0.5062744936547019,1.820777827683333,684.6,309.0,309.0,0.15384615384615385,67,False,89,False,99,False,149,False,168,False,181,False,215,False,249,False,279,False,301_plus,301_plus,301_plus
blend_schedule_ridge_gbt,2027,Niagara,niagara,MAAC,Greg Paulus,0.20356901086752502,301_plus,152,2159,0.104731330472103,0.104731330472103,0.104731330472103,0.12604187751613702,5.0,0.4,0.6,0.0,0.6,0.36697247706422026,0.6330275229357798,0.0,0.6330275229357798,0.2593362975331877,0.10488854082812199,-3.905574055994486,0.10047038626609442,-3.1913381060041166,,0.3288045671320875,,,0.3288045671320875,0.036869866519667685,,0.20814234066159668,0.2593362975331877,,,3,0.3288045671320875,-1.3314053741333332,1167.5900000000001,310.0,310.0,0.15109890109890112,67,False,89,False,99,False,149,False,168,False,181,False,215,False,249,False,279,False,301_plus,301_plus,301_plus
blend_schedule_ridge_gbt,2027,Morehead St.,morehead state,OVC,Jonathan Mattox,0.2015694207792298,251_300,152,2159,0.3870086379879735,0.3870086379879735,0.3870086379879735,0.41019826073081217,7.0,0.7142857142857143,0.2857142857142857,0.0,0.2857142857142857,0.6849315068493151,0.3150684931506849,0.0,0.3150684931506849,0.3066643496929691,0.3704154354894585,0.4175300074741237,0.36346821993976874,0.04106334841628959,,0.20531674208144796,,,0.20531674208144796,0.2489508355751841,,0.06468883654620963,0.3066643496929691,,,2,0.20531674208144796,0.0,0.0,311.0,311.0,0.14835164835164838,67,False,89,False,99,False,149,False,168,False,181,False,215,False,249,False,279,False,301_plus,301_plus,301_plus
blend_schedule_ridge_gbt,2027,North Alabama,north alabama,ASun,Tony Pujol,0.2014263669787444,301_plus,152,2159,0.14819246188019364,0.14819246188019364,0.14819246188019364,0.15359395259633943,9.0,0.3333333333333333,0.6666666666666666,0.0,0.6666666666666666,0.30303030303030304,0.696969696969697,0.0,0.696969696969697,0.3352659763388323,0.14194547150453918,-6.491724131831644,0.14192160992575156,-2.05933905130981,,0.41472158332004927,,,0.41472158332004927,0.043006548462348956,,0.2890483762533677,0.3352659763388323,,,6,0.41472158332004927,1.2876161372500001,967.78,312.0,312.0,0.14560439560439564,67,False,89,False,99,False,149,False,168,False,181,False,215,False,249,False,279,False,301_plus,301_plus,301_plus
blend_schedule_ridge_gbt,2027,Bethune Cookman,bethune cookman,SWAC,Reggie Theus,0.2009263869187866,201_250,152,2159,0.11831151114907507,0.11831151114907507,0.11831151114907507,0.0,8.0,0.375,0.625,0.0,0.625,0.34285714285714286,0.6571428571428571,0.0,0.6571428571428571,0.31987379940926913,0.10888397852919642,-4.826759975754312,0.05915575557453753,-3.269130003747158,,0.4858159855846576,,,0.4858159855846576,0.02028197333984144,,0.319250504812775,0.31987379940926913,,,5,0.4858159855846576,0.6506361128666667,2642.49,313.0,313.0,0.1428571428571429,67,False,89,False,99,False,149,False,168,False,181,False,215,False,249,False,279,False,301_plus,301_plus,301_plus
blend_schedule_ridge_gbt,2027,Bryant,bryant,AE,Jamion Christian,0.19806414462837474,301_plus,152,2159,0.23001453612072806,0.23001453612072806,0.23001453612072806,0.1619761839460639,13.0,0.6923076923076923,0.3076923076923077,0.07692307692307693,0.23076923076923078,0.6870229007633588,0.31297709923664124,0.04961832061068703,0.2633587786259542,0.23226896099085986,0.21488609244316526,-7.034413192275812,0.18235852814118075,-2.1179754930187076,73.31075,0.4003124021861154,0.03141361256544506,,0.4003124021861154,0.1252844849824906,0.0015586906998121596,0.1054257853085571,0.23226896099085986,186.0,,3,0.4003124021861154,0.6225942165833332,1102.6000000000001,314.0,314.0,0.14010989010989006,67,False,89,False,99,False,149,False,168,False,181,False,215,False,249,False,279,False,301_plus,301_plus,301_plus
blend_schedule_ridge_gbt,2027,Alabama St.,alabama state,SWAC,Chris Wright,0.1957269687248401,301_plus,152,2159,0.3136763123811491,0.3136763123811491,0.3136763123811491,0.3896578254545163,8.0,0.375,0.625,0.0,0.625,0.34285714285714286,0.6571428571428571,0.0,0.6571428571428571,0.305375299423137,0.30060244722551116,2.8793531301837234,0.3136763123811491,-4.692143513787932,,0.42924693830183924,,,0.42924693830183924,0.10754616424496541,,0.28207655945549437,0.305375299423137,,,5,0.42924693830183924,1.14531767755,1874.22,315.0,315.0,0.13736263736263732,67,False,89,False,99,False,149,False,168,False,181,False,215,False,249,False,279,False,301_plus,301_plus,301_plus
blend_schedule_ridge_gbt,2027,Maine,maine,AE,Chris Markwood,0.1951207057346856,301_plus,152,2159,0.1694080379867292,0.1694080379867292,0.1694080379867292,0.14697638098124113,8.0,0.375,0.625,0.125,0.5,0.36363636363636365,0.6363636363636362,0.0787878787878788,0.5575757575757575,0.20897508707618778,0.16172092200660504,-0.49334021269303996,0.1457219768840947,-5.108421620540603,73.31075,0.2555093964473944,0.0732984293193717,,0.2555093964473944,0.05298980977603444,0.005775027764556558,0.1424658452918805,0.20897508707618778,178.0,,4,0.2555093964473944,-0.9128631443666668,872.3100000000001,316.0,316.0,0.13461538461538458,67,False,89,False,99,False,149,False,168,False,181,False,215,False,249,False,279,False,301_plus,301_plus,301_plus
blend_schedule_ridge_gbt,2027,Le Moyne,le moyne,NEC,Nate Champion,0.19250061236661367,251_300,152,2159,0.02779027775761652,0.02779027775761652,0.02779027775761652,0.0,8.0,0.25,0.75,0.125,0.625,0.23809523809523808,0.7619047619047619,0.07738095238095238,0.6845238095238095,0.1616971044024075,0.02628570161870475,2.7182906746952917,0.01389513887880826,-5.861621251262528,73.31075,0.22963492841058905,0.0,,0.22963492841058905,0.0033083663997162524,0.0,0.1571905759953437,0.1616971044024075,192.0,,5,0.22963492841058905,-1.0595554149166668,1758.07,317.0,317.0,0.13186813186813184,67,False,89,False,99,False,149,False,168,False,181,False,215,False,249,False,279,False,301_plus,301_plus,301_plus
blend_schedule_ridge_gbt,2027,Southeastern Louisiana,southeastern louisiana,Slnd,David Kiefer,0.190152823984135,251_300,152,2159,0.3391773555343106,0.3391773555343106,0.3391773555343106,0.375383456103508,11.0,0.45454545454545453,0.5454545454545454,0.0,0.5454545454545454,0.42016806722689076,0.5798319327731092,0.0,0.5798319327731092,0.35629912726066776,0.3199905178634535,-2.6547094565164215,0.315111635595921,-3.6178481760026244,,0.3986025397239446,,,0.3986025397239446,0.13239984688904244,,0.23112248101640484,0.35629912726066776,,,6,0.3986025397239446,-2.1052038458666664,2948.5600000000004,318.0,318.0,0.1291208791208791,67,False,89,False,99,False,149,False,168,False,181,False,215,False,249,False,279,False,301_plus,301_plus,301_plus
blend_schedule_ridge_gbt,2027,Mercyhurst,mercyhurst,NEC,Gary Manchel,0.19003104424497963,251_300,152,2159,0.21602520750076848,0.21602520750076848,0.21602520750076848,0.18189483861563527,5.0,1.0,0.0,0.0,0.0,1.0,0.0,0.0,0.0,0.18987089165888615,0.22815382590723532,2.0515463175045863,0.18377420842299413,,,,,,,0.18377420842299413,,,0.18987089165888615,,,,,,,319.0,319.0,0.12637362637362637,67,False,89,False,99,False,149,False,168,False,181,False,215,False,249,False,279,False,301_plus,301_plus,301_plus
blend_schedule_ridge_gbt,2027,Arkansas Pine Bluff,arkansas pine bluff,SWAC,Solomon Bozeman,0.1898538472752897,301_plus,152,2159,0.20068614335649243,0.20068614335649243,0.20068614335649243,0.19724261343157337,5.0,0.6,0.4,0.0,0.4,0.5660377358490566,0.43396226415094336,0.0,0.43396226415094336,0.1367279720583645,0.21681266110892092,4.383993009043689,0.19071764553575277,-1.6281148944822748,,0.12397947423968557,,,0.12397947423968557,0.10795338426552042,,0.05380241334929751,0.1367279720583645,,,2,0.12397947423968557,-0.22080884113333335,65.89,320.0,320.0,0.12362637362637363,67,False,89,False,99,False,149,False,168,False,181,False,215,False,249,False,279,False,301_plus,301_plus,301_plus
blend_schedule_ridge_gbt,2027,Grambling St.,grambling state,SWAC,Patrick Crarey,0.1894158330763751,251_300,152,2159,0.04369354838709676,0.04369354838709676,0.04369354838709676,0.0,6.0,0.3333333333333333,0.6666666666666666,0.0,0.6666666666666666,0.30303030303030304,0.696969696969697,0.0,0.696969696969697,0.16009388088116838,0.040513040440416544,-4.758589767441858,0.02184677419354838,-6.882949061362226,,0.1146198939817772,,,0.1146198939817772,0.00662023460410557,,0.07988659277517805,0.16009388088116838,,,4,0.1146198939817772,-1.2209933545499998,570.66,321.0,321.0,0.1208791208791209,67,False,89,False,99,False,149,False,168,False,181,False,215,False,249,False,279,False,301_plus,301_plus,301_plus
blend_schedule_ridge_gbt,2027,Bellarmine,bellarmine,ASun,Doug Davenport,0.18868284106785801,251_300,152,2159,0.48124211775556636,0.48124211775556636,0.48124211775556636,0.4884880959726748,9.0,0.8888888888888888,0.1111111111111111,0.0,0.1111111111111111,0.8743169398907104,0.12568306010928962,0.0,0.12568306010928962,0.38055744550405823,0.4469552704100974,4.108485119413986,0.44344205527612435,-1.6928549804323219,,0.2787025833737535,,,0.2787025833737535,0.3877089007878683,,0.03502819353877776,0.38055744550405823,,,1,0.2787025833737535,-0.2826996117333333,218.2,322.0,322.0,0.11813186813186816,67,False,89,False,99,False,149,False,168,False,181,False,215,False,249,False,279,False,301_plus,301_plus,301_plus
blend_schedule_ridge_gbt,2027,Texas Southern,texas southern,SWAC,Johnny Jones,0.18764567538186205,301_plus,152,2159,0.1079682141128778,0.1079682141128778,0.1079682141128778,0.0,4.0,0.75,0.25,0.0,0.25,0.7228915662650601,0.2771084337349397,0.0,0.2771084337349397,0.3057748402404533,0.09311160032823208,-4.833283888040794,0.0539841070564389,0.19495392577830115,,0.26900128993647365,,,0.26900128993647365,0.0390246557034498,,0.07454252612697461,0.3057748402404533,,,1,0.26900128993647365,-0.2339377352666667,35.95,323.0,323.0,0.11538461538461542,67,False,89,False,99,False,149,False,168,False,181,False,215,False,249,False,279,False,301_plus,301_plus,301_plus
blend_schedule_ridge_gbt,2027,Wagner,wagner,NEC,Dwan McMillan,0.18737158696740766,301_plus,152,2159,0.046380376278061214,0.046380376278061214,0.046380376278061214,0.0,6.0,0.3333333333333333,0.6666666666666666,0.0,0.6666666666666666,0.30303030303030304,0.696969696969697,0.0,0.696969696969697,0.19336784597732534,0.04275210764511473,1.930286182339143,0.023190188139030607,-5.733678143413617,,0.19338022868846125,,,0.19338022868846125,0.007027329739100184,,0.13478015938892754,0.19336784597732534,,,4,0.19338022868846125,-0.9023663442500002,434.78,324.0,324.0,0.11263736263736268,67,False,89,False,99,False,149,False,168,False,181,False,215,False,249,False,279,False,301_plus,301_plus,301_plus
blend_schedule_ridge_gbt,2027,West Georgia,west georgia,ASun,Dave Moore,0.18736974358396452,301_plus,152,2159,0.28142057613168714,0.28142057613168714,0.28142057613168714,0.2259344209710674,9.0,0.7777777777777778,0.2222222222222222,0.0,0.2222222222222222,0.7526881720430109,0.24731182795698925,0.0,0.24731182795698925,0.20940107637869995,0.26667086391032274,5.416439531813903,0.2369440329218106,-4.549027691161937,,0.24680658356961221,,,0.24680658356961221,0.1783449710164166,,0.06103818733442023,0.20940107637869995,,,2,0.24680658356961221,-0.1607710664,353.59999999999997,325.0,325.0,0.10989010989010994,67,False,89,False,99,False,149,False,168,False,181,False,215,False,249,False,279,False,301_plus,301_plus,301_plus
blend_schedule_ridge_gbt,2027,Southern,southern,SWAC,Kevin Johnson,0.18719073720761223,251_300,152,2159,0.060052631327275376,0.060052631327275376,0.060052631327275376,0.0,8.0,0.375,0.625,0.0,0.625,0.34285714285714286,0.6571428571428571,0.0,0.6571428571428571,0.232469196955935,0.05047215862081666,-6.361573509130483,0.030026315663637688,-3.8532446857934004,,0.27253371231785845,,,0.27253371231785845,0.010294736798961493,,0.17909358238030698,0.232469196955935,,,5,0.27253371231785845,-0.29560179666666664,585.22,326.0,326.0,0.1071428571428571,67,False,89,False,99,False,149,False,168,False,181,False,215,False,249,False,279,False,301_plus,301_plus,301_plus
blend_schedule_ridge_gbt,2027,Central Connecticut,central connecticut,NEC,Patrick Sellers,0.186578323759709,301_plus,152,2159,0.3491223578276578,0.3491223578276578,0.3491223578276578,0.304416815890596,7.0,0.8571428571428571,0.14285714285714285,0.0,0.14285714285714285,0.8391608391608392,0.16083916083916083,0.0,0.16083916083916083,0.2974753370940223,0.29977727170969465,-3.3195069945557036,0.3019668714972547,-3.690357628824862,,0.34402959822595774,,,0.34402959822595774,0.2533987732844096,,0.055333431882496696,0.2974753370940223,,,1,0.34402959822595774,0.36296700000000004,687.97,327.0,327.0,0.10439560439560436,67,False,89,False,99,False,149,False,168,False,181,False,215,False,249,False,279,False,301_plus,301_plus,301_plus
blend_schedule_ridge_gbt,2027,East Texas A&M,texas a and m commerce,Slnd,Jaret Von Rosenberg,0.18626920714994952,251_300,152,2159,0.09825284206912299,0.09825284206912299,0.09825284206912299,0.0,5.0,0.6,0.4,0.0,0.4,0.5660377358490566,0.43396226415094336,0.0,0.43396226415094336,0.2210112483066196,0.07678209583564288,-14.149345263180216,0.049126421034561496,0.14229471547569308,,0.566231114233634,,,0.566231114233634,0.027807408132770658,,0.24572293636553927,0.2210112483066196,,,2,0.566231114233634,1.71012822795,803.5,328.0,328.0,0.10164835164835162,67,False,89,False,99,False,149,False,168,False,181,False,215,False,249,False,279,False,301_plus,301_plus,301_plus
blend_schedule_ridge_gbt,2027,Southern Indiana,southern indiana,OVC,Stan Gouard,0.18361093872056727,301_plus,152,2159,0.30163753371705293,0.30163753371705293,0.30163753371705293,0.20345446440326417,12.0,0.5,0.5,0.0,0.5,0.46511627906976744,0.5348837209302325,0.0,0.5348837209302325,0.3291721695954127,0.28362480791707795,-2.100696692572636,0.2287706461638667,-1.8135250538947472,,0.4468248931463424,,,0.4468248931463424,0.10640495170412403,,0.23899936145036915,0.3291721695954127,,,6,0.4468248931463424,1.0200887390833335,1573.2399999999998,329.0,329.0,0.09890109890109888,67,False,89,False,99,False,149,False,168,False,181,False,215,False,249,False,279,False,301_plus,301_plus,301_plus
blend_schedule_ridge_gbt,2027,Manhattan,manhattan,MAAC,John Gallagher,0.18356827554340507,301_plus,152,2159,0.17243132292805444,0.17243132292805444,0.17243132292805444,0.10686350516034804,7.0,0.7142857142857143,0.2857142857142857,0.0,0.2857142857142857,0.6849315068493151,0.3150684931506849,0.0,0.3150684931506849,0.24084883746304464,0.15889564629489397,-2.463937864737847,0.13542108232324362,-2.7104429260258462,,0.4089023157416086,,,0.4089023157416086,0.09275416597482442,,0.12883223646653422,0.24084883746304464,,,2,0.4089023157416086,0.5711817925333333,632.43,330.0,330.0,0.09615384615384615,67,False,89,False,99,False,149,False,168,False,181,False,215,False,249,False,279,False,301_plus,301_plus,301_plus
blend_schedule_ridge_gbt,2027,North Carolina Central,north carolina central,MEAC,LeVelle Moton,0.18343711798306175,301_plus,152,2159,0.03979583854818523,0.03979583854818523,0.03979583854818523,0.0,7.0,0.5714285714285714,0.42857142857142855,0.0,0.42857142857142855,0.5369127516778525,0.46308724832214765,0.0,0.46308724832214765,0.1642943152459798,0.04155314788549902,-11.455427000223366,0.019897919274092617,-7.2618704821363425,,0.12268755900788426,,,0.12268755900788426,0.010683446590116843,,0.05681504410432224,0.1642943152459798,,,3,0.12268755900788426,-0.7631415000000001,530.0,331.0,331.0,0.09340659340659341,67,False,89,False,99,False,149,False,168,False,181,False,215,False,249,False,279,False,301_plus,301_plus,301_plus
blend_schedule_ridge_gbt,2027,Northwestern St.,northwestern state,Slnd,Rick Cabrera,0.18251130884493016,251_300,152,2159,0.2637878981515444,0.2637878981515444,0.2637878981515444,0.34086994940558535,6.0,0.5,0.5,0.0,0.5,0.46511627906976744,0.5348837209302325,0.0,0.5348837209302325,0.2659894198551638,0.2588983322800912,-1.3998968696557679,0.2637878981515444,-4.953208139378829,,0.23236187574820397,,,0.23236187574820397,0.12269204565188112,,0.1242865847025277,0.2659894198551638,,,3,0.23236187574820397,-0.29430865940000006,425.26,332.0,332.0,0.09065934065934067,67,False,89,False,99,False,149,False,168,False,181,False,215,False,249,False,279,False,301_plus,301_plus,301_plus
blend_schedule_ridge_gbt,2027,Northern Arizona,northern arizona,BSky,Shane Burcar,0.18189004374693163,301_plus,152,2159,0.5663705218367302,0.5663705218367302,0.5663705218367302,0.7532861916874429,6.0,1.0,0.0,0.0,0.0,1.0,0.0,0.0,0.0,0.39645776418842404,0.5636043484690428,1.936069674277019,0.5663067297231594,,,,,,,0.5663067297231594,,,0.39645776418842404,,,,,,,333.0,333.0,0.08791208791208793,67,False,89,False,99,False,149,False,168,False,181,False,215,False,249,False,279,False,301_plus,301_plus,301_plus
blend_schedule_ridge_gbt,2027,Central Michigan,central michigan,MAC,Andy Bronkema,0.17829323769633912,251_300,152,2159,0.41530419250669387,0.41530419250669387,0.41530419250669387,0.41333508444120753,6.0,0.8333333333333334,0.16666666666666666,0.0,0.16666666666666666,0.8130081300813009,0.18699186991869918,0.0,0.18699186991869918,0.3290922429715226,0.4065896699343187,1.370839929996552,0.3867150795415949,0.022511312217194566,,0.11255656108597284,,,0.11255656108597284,0.3144025036923536,,0.02104716182908435,0.3290922429715226,,,1,0.11255656108597284,0.0,0.0,334.0,334.0,0.0851648351648352,67,False,89,False,99,False,149,False,168,False,181,False,215,False,249,False,279,False,301_plus,301_plus,301_plus
blend_schedule_ridge_gbt,2027,Gardner Webb,gardner webb,BSth,Jeremy Luther,0.17829280349966903,301_plus,152,2159,0.22176833333333335,0.22176833333333335,0.22176833333333335,0.26933753389592907,11.0,0.5454545454545454,0.45454545454545453,0.0,0.45454545454545453,0.5106382978723404,0.48936170212765956,0.0,0.48936170212765956,0.3030380800991788,0.21512955701216332,-7.644668208603574,0.21575500000000003,0.02395283081960439,,0.4270448677312366,,,0.4270448677312366,0.11017276595744682,,0.20897940335783918,0.3030380800991788,,,5,0.4270448677312366,0.39972897309999994,446.61,335.0,335.0,0.08241758241758246,67,False,89,False,99,False,149,False,168,False,181,False,215,False,249,False,279,False,301_plus,301_plus,301_plus
blend_schedule_ridge_gbt,2027,Rider,rider,MAAC,Kevin Baggett,0.17824986610335275,301_plus,152,2159,0.16207378728161423,0.16207378728161423,0.16207378728161423,0.07768874007992921,7.0,0.42857142857142855,0.5714285714285714,0.0,0.5714285714285714,0.39473684210526316,0.6052631578947368,0.0,0.6052631578947368,0.23680702681296673,0.1460343178067498,-6.736568706131894,0.11153455329924761,-4.93454430439145,,0.19348238526897799,,,0.19348238526897799,0.04402679735496616,,0.11710775950490773,0.23680702681296673,,,4,0.19348238526897799,-0.8916276720166667,481.13,336.0,336.0,0.07967032967032972,67,False,89,False,99,False,149,False,168,False,181,False,215,False,249,False,279,False,301_plus,301_plus,301_plus
blend_schedule_ridge_gbt,2027,Chicago St.,chicago state,NEC,Landon Bussie,0.17621105027867445,301_plus,152,2159,0.10960519319461466,0.10960519319461466,0.10960519319461466,0.10151551753994026,6.0,0.3333333333333333,0.6666666666666666,0.0,0.6666666666666666,0.30303030303030304,0.696969696969697,0.0,0.696969696969697,0.14371799321896891,0.09773723269365081,-3.2463015011725083,0.09294272996126951,-6.026647712961605,,0.147990478713712,,,0.147990478713712,0.028164463624627125,,0.10314487910349623,0.14371799321896891,,,4,0.147990478713712,-1.3867689275333333,632.25,337.0,337.0,0.07692307692307687,67,False,89,False,99,False,149,False,168,False,181,False,215,False,249,False,279,False,301_plus,301_plus,301_plus
blend_schedule_ridge_gbt,2027,The Citadel,the citadel,SC,Ed Conroy,0.16929440013208277,301_plus,152,2159,0.26198289627068183,0.26198289627068183,0.26198289627068183,0.23780950229529887,13.0,0.6153846153846154,0.38461538461538464,0.0,0.38461538461538464,0.5818181818181818,0.41818181818181815,0.0,0.41818181818181815,0.33406919570529703,0.2526435424028759,-4.4223378016252815,0.22724074201058628,-0.29828553979327666,,0.4827000878022859,,,0.4827000878022859,0.13221279535161382,,0.20185640035368319,0.33406919570529703,,,5,0.4827000878022859,0.09574155740000001,1312.31,338.0,338.0,0.07417582417582413,67,False,89,False,99,False,149,False,168,False,181,False,215,False,249,False,279,False,301_plus,301_plus,301_plus
blend_schedule_ridge_gbt,2027,VMI,vmi,SC,Andrew Wilson,0.16772526084146244,301_plus,152,2159,0.27298510705061674,0.27298510705061674,0.27298510705061674,0.22954142778667533,7.0,0.8571428571428571,0.14285714285714285,0.0,0.14285714285714285,0.8391608391608392,0.16083916083916083,0.0,0.16083916083916083,0.21871038592523556,0.24991713656082037,-2.2534891390929266,0.2387949435005845,0.9247431813340731,,0.38883228417183097,,,0.38883228417183097,0.20038736517531566,,0.06253945829337142,0.21871038592523556,,,1,0.38883228417183097,-0.25896486983333333,196.59,339.0,339.0,0.0714285714285714,67,False,89,False,99,False,149,False,168,False,181,False,215,False,249,False,279,False,301_plus,301_plus,301_plus
blend_schedule_ridge_gbt,2027,Florida A&M,florida a and m,SWAC,Charlie Ward,0.16624577710163135,301_plus,152,2159,0.37427167632042474,0.37427167632042474,0.37427167632042474,0.4237325153130616,7.0,1.0,0.0,0.0,0.0,1.0,0.0,0.0,0.0,0.27404600177356586,0.37855029892894504,0.48933063940847354,0.37032405038952665,,,,,,,0.37032405038952665,,,0.27404600177356586,,,,,,,340.0,340.0,0.06868131868131866,67,False,89,False,99,False,149,False,168,False,181,False,215,False,249,False,279,False,301_plus,301_plus,301_plus
blend_schedule_ridge_gbt,2027,Saint Francis,saint francis pa,NEC,Luke McConnell,0.16466265005298042,301_plus,152,2159,0.00974922232827704,0.00974922232827704,0.00974922232827704,0.0,2.0,1.0,0.0,0.0,0.0,1.0,0.0,0.0,0.0,0.10121485987478718,0.008722120516464373,-5.243381518753306,0.00487461116413852,,,,,,,0.00487461116413852,,,0.10121485987478718,,,,,,,341.0,341.0,0.06593406593406592,67,False,89,False,99,False,149,False,168,False,181,False,215,False,249,False,279,False,301_plus,301_plus,301_plus
blend_schedule_ridge_gbt,2027,Lafayette,lafayette,PL,Mike McGarvey,0.16419533355507324,301_plus,152,2159,0.24713234585354885,0.24713234585354885,0.24713234585354885,0.16556933977549,9.0,0.8888888888888888,0.1111111111111111,0.0,0.1111111111111111,0.8743169398907104,0.12568306010928962,0.0,0.12568306010928962,0.19045711530068818,0.24169537886079007,-0.10702936878371982,0.19703354432413328,0.03518099547511312,,0.1759049773755656,,,0.1759049773755656,0.17226976552929685,,0.022108275845016442,0.19045711530068818,,,1,0.1759049773755656,0.0,0.0,342.0,342.0,0.06318681318681318,67,False,89,False,99,False,149,False,168,False,181,False,215,False,249,False,279,False,301_plus,301_plus,301_plus
blend_schedule_ridge_gbt,2027,Morgan St.,morgan state,MEAC,Kevin Broadus,0.16411283080938432,301_plus,152,2159,0.08160947468790151,0.08160947468790151,0.08160947468790151,0.0,7.0,0.7142857142857143,0.2857142857142857,0.0,0.2857142857142857,0.6849315068493151,0.3150684931506849,0.0,0.3150684931506849,0.149780418461435,0.06976259793665278,-8.40356386263674,0.04080473734395076,0.5635210926389155,,0.27755672283349303,,,0.27755672283349303,0.027948450235582713,,0.08744937842699095,0.149780418461435,,,2,0.27755672283349303,-0.233080167,55.97,343.0,343.0,0.06043956043956045,67,False,89,False,99,False,149,False,168,False,181,False,215,False,249,False,279,False,301_plus,301_plus,301_plus
blend_schedule_ridge_gbt,2027,Bucknell,bucknell,PL,John Griffin,0.16362900511448497,301_plus,152,2159,0.3476972600688726,0.3476972600688726,0.3476972600688726,0.3200094457008437,9.0,0.6666666666666666,0.3333333333333333,0.0,0.3333333333333333,0.634920634920635,0.3650793650793651,0.0,0.3650793650793651,0.29238438507970743,0.3131096104742807,-3.2603181567281085,0.30573214553076805,-5.2482200604006035,,0.24471778573210892,,,0.24471778573210892,0.19411564795604322,,0.08934141383870645,0.29238438507970743,,,3,0.24471778573210892,-0.3164338108666667,666.97,344.0,344.0,0.05769230769230771,67,False,89,False,99,False,149,False,168,False,181,False,215,False,249,False,279,False,301_plus,301_plus,301_plus
blend_schedule_ridge_gbt,2027,Fairleigh Dickinson,fairleigh dickinson,NEC,Jack Castleberry,0.16128535734563154,301_plus,152,2159,0.25063370649220934,0.25063370649220934,0.25063370649220934,0.21305763431811578,9.0,0.6666666666666666,0.3333333333333333,0.0,0.3333333333333333,0.634920634920635,0.3650793650793651,0.0,0.3650793650793651,0.2424557335696362,0.22659566526432542,-3.648367958949599,0.21656372332812182,0.9957611205396476,,0.3810069819108601,,,0.3810069819108601,0.13750077671626784,,0.13909778704682194,0.2424557335696362,,,3,0.3810069819108601,-0.1694297941333333,169.01,345.0,345.0,0.05494505494505497,67,False,89,False,99,False,149,False,168,False,181,False,215,False,249,False,279,False,301_plus,301_plus,301_plus
blend_schedule_ridge_gbt,2027,Loyola MD,loyola md,PL,Josh Loeffler,0.1597531092767167,301_plus,152,2159,0.3688631549957049,0.3688631549957049,0.3688631549957049,0.1978544200552771,10.0,0.6,0.4,0.0,0.4,0.5660377358490566,0.43396226415094336,0.0,0.43396226415094336,0.2394015297438286,0.3378030615464218,0.39246231582877833,0.26118107422246406,-3.1398944452111683,,0.2499147594079202,,,0.2499147594079202,0.14783834389950795,,0.10845357483739933,0.2394015297438286,,,4,0.2499147594079202,-0.1834695923166667,341.66999999999996,346.0,346.0,0.052197802197802234,67,False,89,False,99,False,149,False,168,False,181,False,215,False,249,False,279,False,301_plus,301_plus,301_plus
blend_schedule_ridge_gbt,2027,Jackson St.,jackson state,SWAC,Trey Johnson,0.15843562737288178,301_plus,152,2159,0.27988096186900097,0.27988096186900097,0.27988096186900097,0.22213323812473243,10.0,0.7,0.3,0.0,0.3,0.6698564593301436,0.33014354066985646,0.0,0.33014354066985646,0.24567597457598866,0.2420648245609958,-6.5291067160971386,0.22461153960093055,-2.1224303120916166,,0.3287408431411199,,,0.3287408431411199,0.15045749064177166,,0.10853166591740322,0.24567597457598866,,,3,0.3287408431411199,0.05101747290000003,471.97,347.0,347.0,0.0494505494505495,67,False,89,False,99,False,149,False,168,False,181,False,215,False,249,False,279,False,301_plus,301_plus,301_plus
blend_schedule_ridge_gbt,2027,Western Illinois,western illinois,OVC,Chad Boudreau,0.15820341477701577,301_plus,152,2159,0.17236360405189263,0.17236360405189263,0.17236360405189263,0.1574884700841839,5.0,0.4,0.6,0.0,0.6,0.36697247706422026,0.6330275229357798,0.0,0.6330275229357798,0.22921912766859961,0.1570716695096426,-5.622169726592706,0.14941620757064153,-0.4245637846539389,,0.4778571650224256,,,0.4778571650224256,0.05483163580574002,,0.3024967374912602,0.22921912766859961,,,3,0.4778571650224256,0.5592461824,399.22,348.0,348.0,0.04670329670329665,67,False,89,False,99,False,149,False,168,False,181,False,215,False,249,False,279,False,301_plus,301_plus,301_plus
blend_schedule_ridge_gbt,2027,Alabama A&M,alabama a and m,SWAC,Donte Jackson,0.15776801984394373,301_plus,152,2159,0.38585844505623057,0.38585844505623057,0.38585844505623057,0.29759091910508884,12.0,0.75,0.25,0.0,0.25,0.7228915662650601,0.2771084337349397,0.0,0.2771084337349397,0.2685311895408828,0.36039387590734545,2.739811267251127,0.3150934190940363,-6.816481195161058,,0.15673140343073194,,,0.15673140343073194,0.22777837524870093,,0.043431593721769086,0.2685311895408828,,,3,0.15673140343073194,-1.6373807973333332,835.03,349.0,349.0,0.04395604395604391,67,False,89,False,99,False,149,False,168,False,181,False,215,False,249,False,279,False,301_plus,301_plus,301_plus
blend_schedule_ridge_gbt,2027,South Carolina St.,south carolina state,MEAC,Erik Martin,0.15395589183854688,301_plus,152,2159,0.23611569449027822,0.23611569449027822,0.23611569449027822,0.0,5.0,0.8,0.2,0.0,0.2,0.7766990291262136,0.2233009708737864,0.0,0.2233009708737864,0.20377162268075036,0.20907793389682924,-4.6376184726967296,0.11805784724513911,-2.056743262571595,,0.3773590838321726,,,0.3773590838321726,0.09169541533603037,,0.0842646497877667,0.20377162268075036,,,1,0.3773590838321726,-0.1530071235,721.89,350.0,350.0,0.04120879120879117,67,False,89,False,99,False,149,False,168,False,181,False,215,False,249,False,279,False,301_plus,301_plus,301_plus
blend_schedule_ridge_gbt,2027,North Florida,north florida,ASun,Bobby Kennen,0.15322934250314327,301_plus,152,2159,0.4327442382316524,0.4327442382316524,0.4327442382316524,0.4906852821761307,6.0,0.6666666666666666,0.3333333333333333,0.0,0.3333333333333333,0.634920634920635,0.3650793650793651,0.0,0.3650793650793651,0.27254109756694667,0.4187646390506057,-1.919619889339967,0.4307998592545136,-3.140135960099151,,0.3009549282524161,,,0.3009549282524161,0.273523720161596,,0.10987243412389795,0.27254109756694667,,,2,0.3009549282524161,-0.6795318746166665,922.1700000000001,351.0,351.0,0.038461538461538436,67,False,89,False,99,False,149,False,168,False,181,False,215,False,249,False,279,False,301_plus,301_plus,301_plus
blend_schedule_ridge_gbt,2027,New Hampshire,new hampshire,AE,Nathan Davis,0.1518482349254799,301_plus,152,2159,0.5747567412457284,0.5747567412457284,0.5747567412457284,0.6143953264443875,9.0,0.7777777777777778,0.2222222222222222,0.0,0.2222222222222222,0.7526881720430109,0.24731182795698925,0.0,0.24731182795698925,0.4248522212971978,0.5485750498791538,1.8673192234362572,0.5520378083668839,-5.728124588458948,,0.18320413303340338,,,0.18320413303340338,0.41551232887829975,,0.04530854902976643,0.4248522212971978,,,2,0.18320413303340338,-1.1199587451666668,630.0,352.0,352.0,0.0357142857142857,67,False,89,False,99,False,149,False,168,False,181,False,215,False,249,False,279,False,301_plus,301_plus,301_plus
blend_schedule_ridge_gbt,2027,New Haven,new haven,NEC,Ted Hotaling,0.14794082869072855,301_plus,152,2159,0.13936403684993423,0.13936403684993423,0.13936403684993423,0.08153776229682931,5.0,0.8,0.2,0.0,0.2,0.7766990291262136,0.2233009708737864,0.0,0.2233009708737864,0.11259385555817693,0.12740258332690432,0.4748129981164473,0.10588195378222541,0.042873303167420815,,0.2143665158371041,,,0.2143665158371041,0.0822384107046411,,0.04786825110925625,0.11259385555817693,,,1,0.2143665158371041,0.0,0.0,353.0,353.0,0.03296703296703296,67,False,89,False,99,False,149,False,168,False,181,False,215,False,249,False,279,False,301_plus,301_plus,301_plus
blend_schedule_ridge_gbt,2027,Maryland Eastern Shore,maryland eastern shore,MEAC,Cleo Hill,0.14778059935073043,301_plus,152,2159,0.09848082872792877,0.09848082872792877,0.09848082872792877,0.09051265596533767,4.0,0.5,0.5,0.0,0.5,0.46511627906976744,0.5348837209302325,0.0,0.5348837209302325,0.1065862458620433,0.08270697695712319,-6.692494838776526,0.08355115468445157,-4.004415696812415,,0.23227497156309124,,,0.23227497156309124,0.038861002178814684,,0.12424010106863019,0.1065862458620433,,,2,0.23227497156309124,-0.15456834775000003,102.15,354.0,354.0,0.030219780219780223,67,False,89,False,99,False,149,False,168,False,181,False,215,False,249,False,279,False,301_plus,301_plus,301_plus
blend_schedule_ridge_gbt,2027,Eastern Illinois,eastern illinois,OVC,Marty Simmons,0.14746550203096978,301_plus,152,2159,0.0924017981922604,0.0924017981922604,0.0924017981922604,0.06557982942094814,4.0,0.75,0.25,0.0,0.25,0.7228915662650601,0.2771084337349397,0.0,0.2771084337349397,0.26291779995723935,0.08545862963961781,-6.893431044910396,0.07292604596879995,0.02941176470588235,,0.14705882352941174,,,0.14705882352941174,0.05271762359190357,,0.04075124025513818,0.26291779995723935,,,1,0.14705882352941174,0.0,0.0,355.0,355.0,0.027472527472527486,67,False,89,False,99,False,149,False,168,False,181,False,215,False,249,False,279,False,301_plus,301_plus,301_plus
blend_schedule_ridge_gbt,2027,NJIT,njit,AE,Grant Billmeier,0.14558039970528647,301_plus,152,2159,0.42510861287624385,0.42510861287624385,0.42510861287624385,0.3800596148425365,9.0,0.6666666666666666,0.3333333333333333,0.0,0.3333333333333333,0.634920634920635,0.3650793650793651,0.0,0.3650793650793651,0.264837044312037,0.42173383400700065,-0.021580847398990244,0.36089046953221565,-7.384000578844332,,0.23073810841439038,,,0.23073810841439038,0.22913680605220044,,0.08423772211953935,0.264837044312037,,,3,0.23073810841439038,-1.560494791966667,1051.49,356.0,356.0,0.02472527472527475,67,False,89,False,99,False,149,False,168,False,181,False,215,False,249,False,279,False,301_plus,301_plus,301_plus
blend_schedule_ridge_gbt,2027,Holy Cross,holy cross,PL,Dave Paulsen,0.1436584503821193,301_plus,152,2159,0.39277770698890485,0.39277770698890485,0.39277770698890485,0.3442372067218004,13.0,0.6923076923076923,0.3076923076923077,0.07692307692307693,0.23076923076923078,0.6870229007633588,0.31297709923664124,0.04961832061068703,0.2633587786259542,0.295865888206303,0.3712703264282582,-1.2982031476443465,0.34549925241573753,0.03371040723981901,16.73394487179494,0.16855203619909503,0.04993958920660492,,0.16855203619909503,0.0,0.04993958920660492,0.0,0.295865888206303,159.0,,3,0.16855203619909503,0.0,0.0,357.0,357.0,0.02197802197802201,67,False,89,False,99,False,149,False,168,False,181,False,215,False,249,False,279,False,301_plus,301_plus,301_plus
blend_schedule_ridge_gbt,2027,Stonehill,stonehill,NEC,Chris Kraus,0.1405907894596579,301_plus,152,2159,0.08553913943403531,0.08553913943403531,0.08553913943403531,0.0,11.0,0.36363636363636365,0.6363636363636364,0.0,0.6363636363636364,0.33195020746887977,0.6680497925311204,0.0,0.6680497925311204,0.17656461632437573,0.07997879218427133,-6.754049101874187,0.042769569717017654,-5.001711100010579,,0.26555451586709183,,,0.26555451586709183,0.014197367540918727,,0.1774036392307128,0.17656461632437573,,,7,0.26555451586709183,-3.081141546283334,1601.92,358.0,358.0,0.019230769230769273,67,False,89,False,99,False,149,False,168,False,181,False,215,False,249,False,279,False,301_plus,301_plus,301_plus
blend_schedule_ridge_gbt,2027,Army,army,PL,Kevin Kuwik,0.1321935710681784,301_plus,152,2159,0.6892919358499006,0.6892919358499006,0.6892919358499006,0.7501240017379469,12.0,1.0,0.0,0.0,0.0,1.0,0.0,0.0,0.0,0.6246362396734961,0.6782086744632445,0.21356764440112963,0.6631597336167614,,,,,,,0.6631597336167614,,,0.6246362396734961,,,,,,,359.0,359.0,0.016483516483516536,67,False,89,False,99,False,149,False,168,False,181,False,215,False,249,False,279,False,301_plus,301_plus,301_plus
blend_schedule_ridge_gbt,2027,Binghamton,binghamton,AE,Levell Sanders,0.12632508942833667,301_plus,152,2159,0.204842952513703,0.204842952513703,0.204842952513703,0.17884119219678485,8.0,0.625,0.375,0.0,0.375,0.591715976331361,0.40828402366863903,0.0,0.40828402366863903,0.17665371781044073,0.1762251960802468,-6.907961436647827,0.18269543163167987,-5.19965613507929,,0.24569203368537004,,,0.24569203368537004,0.10810380569921886,,0.10031213209639368,0.17665371781044073,,,3,0.24569203368537004,-0.9671994693500001,885.9300000000001,360.0,360.0,0.013736263736263687,67,False,89,False,99,False,149,False,168,False,181,False,215,False,249,False,279,False,301_plus,301_plus,301_plus
blend_schedule_ridge_gbt,2027,Air Force,air force,MWC,Joe Crispin,0.1234463954718267,301_plus,152,2159,1.0,1.0,1.0,1.0,17.0,1.0,0.0,0.0,0.0,1.0,0.0,0.0,0.0,0.9069670421360033,1.0,-6.73981523068786,0.9069670421360033,,,,,,,0.9069670421360033,,,0.9069670421360033,,,,,,,361.0,361.0,0.01098901098901095,67,False,89,False,99,False,149,False,168,False,181,False,215,False,249,False,279,False,301_plus,301_plus,301_plus
blend_schedule_ridge_gbt,2027,Alcorn St.,alcorn state,SWAC,Jake Morton,0.11087385330287135,301_plus,152,2159,0.18985989557666752,0.18985989557666752,0.18985989557666752,0.16230275305989342,8.0,0.375,0.625,0.125,0.5,0.36363636363636365,0.6363636363636362,0.0787878787878788,0.5575757575757575,0.13116653324891192,0.18171357254824172,-5.0143560029159335,0.1661400794715206,-5.818547244621073,73.31075,0.1413418178524855,0.1361256544502618,,0.1413418178524855,0.060414574353280216,0.010725051562747901,0.07880877116623433,0.13116653324891192,166.0,,4,0.1413418178524855,-0.7271294562,379.31,362.0,362.0,0.008241758241758212,67,False,89,False,99,False,149,False,168,False,181,False,215,False,249,False,279,False,301_plus,301_plus,301_plus
blend_schedule_ridge_gbt,2027,Delaware St.,delaware state,MEAC,Stan Waterman,0.10803357867124175,301_plus,152,2159,0.35859736809271126,0.35859736809271126,0.35859736809271126,0.1928809866636467,9.0,0.6666666666666666,0.3333333333333333,0.0,0.3333333333333333,0.634920634920635,0.3650793650793651,0.0,0.3650793650793651,0.17380803955931756,0.3468955643586993,-3.1182715029011874,0.2449248078913182,0.02850678733031674,,0.1425339366515837,,,0.1425339366515837,0.1555078145341703,,0.05203619909502263,0.17380803955931756,,,3,0.1425339366515837,0.0,0.0,363.0,363.0,0.005494505494505475,67,False,89,False,99,False,149,False,168,False,181,False,215,False,249,False,279,False,301_plus,301_plus,301_plus
blend_schedule_ridge_gbt,2027,Mississippi Valley St.,mississippi valley state,SWAC,Mike Davis,0.10004596334786993,301_plus,152,2159,0.20665933623453253,0.20665933623453253,0.20665933623453253,0.08029923115864078,8.0,0.875,0.125,0.0,0.125,0.8588957055214723,0.1411042944785276,0.0,0.1411042944785276,0.1666752091820081,0.18249839429917172,-10.341784763605165,0.1347733502655991,0.039027149321266975,,0.19513574660633487,,,0.19513574660633487,0.11575625176186426,,0.02753449185242762,0.1666752091820081,,,1,0.19513574660633487,0.0,0.0,364.0,364.0,0.0027472527472527375,67,False,89,False,99,False,149,False,168,False,181,False,215,False,249,False,279,False,301_plus,301_plus,301_plus
blend_schedule_ridge_gbt,2027,Coppin St.,coppin state,MEAC,Larry Stewart,0.08476516714578367,301_plus,152,2159,0.4887237263155101,0.4887237263155101,0.4887237263155101,0.4075488865506708,9.0,0.8888888888888888,0.1111111111111111,0.0,0.1111111111111111,0.8743169398907104,0.12568306010928962,0.0,0.12568306010928962,0.2552187599139082,0.4829406932148297,-5.3535447307765445,0.3774356684768899,-8.426200951011642,,0.15456102011850317,,,0.15456102011850317,0.32999839866831904,,0.019425701982106955,0.2552187599139082,,,1,0.15456102011850317,-0.3105332585333333,36.96,365.0,365.0,0.0,67,False,89,False,99,False,149,False,168,False,181,False,215,False,249,False,279,False,301_plus,301_plus,301_plus
direct_gbt_schedule_building,2027,Florida,florida,SEC,Todd Golden,0.7832501763697278,top_25,71,2159,0.20591310906794819,0.20591310906794819,0.20591310906794819,0.11563985428736916,11.0,0.6363636363636364,0.36363636363636365,0.2727272727272727,0.09090909090909091,0.6930693069306931,0.306930693069307,0.1930693069306931,0.11386138613861387,0.9088625450504083,0.20479668065885537,10.013594738275282,0.15472268729892974,6.0774325150139985,44.429091165348936,0.7031266050979902,0.36822967608307927,0.5128205128205128,0.7031266050979902,0.0,0.36822967608307927,0.0,0.9088625450504083,109.0,39.0,1,0.7031266050979902,3.091951,1100.3,1.0,1.0,1.0,91,True,99,True,122,True,146,True,167,True,181,True,209,True,241,True,257,True,top_25,top_25,top_25
direct_gbt_schedule_building,2027,Gonzaga,gonzaga,WCC,Mark Few,0.7832501763697278,top_25,71,2159,0.13910810472253538,0.13910810472253538,0.13910810472253538,0.0,8.0,0.375,0.625,0.375,0.25,0.41379310344827586,0.5862068965517242,0.26896551724137935,0.3172413793103448,0.948246630349782,0.15916710756385696,18.485515159633255,0.06955405236126769,6.087180051278706,80.37301014355432,0.7250066546114976,0.7844991223337564,,0.7250066546114976,0.0,0.7844991223337564,0.0,0.948246630349782,42.0,,2,0.7250066546114976,5.464172286866667,1421.64,2.0,2.0,0.9972527472527473,91,True,99,True,122,True,146,True,167,True,181,True,209,True,241,True,257,True,top_25,top_25,top_25
direct_gbt_schedule_building,2027,Iowa,iowa,B10,Ben McCollum,0.7832501763697278,26_50,71,2159,0.6796519888754957,0.6796519888754957,0.6796519888754957,0.6633225112604549,13.0,0.6923076923076923,0.3076923076923077,0.15384615384615385,0.15384615384615385,0.7142857142857143,0.28571428571428575,0.10317460317460318,0.18253968253968256,0.8811379451532491,0.6499584825544359,14.999190923991115,0.6268233883946909,8.39125037527428,65.55328321420062,0.8166560150435151,0.6341464817904608,0.17948717948717952,0.8166560150435151,0.0,0.6341464817904608,0.0,0.8811379451532491,45.0,65.0,2,0.8166560150435151,9.094227116483333,1519.58,3.0,3.0,0.9945054945054945,91,True,99,True,122,True,146,True,167,True,181,True,209,True,241,True,257,True,top_25,top_25,top_25
direct_gbt_schedule_building,2027,Iowa St.,iowa state,B12,T.J. Otzelberger,0.7832501763697278,top_25,71,2159,0.2584083664073448,0.2584083664073448,0.2584083664073448,0.224123268779653,14.0,0.35714285714285715,0.6428571428571428,0.2857142857142857,0.35714285714285715,0.3745318352059925,0.6254681647940075,0.1947565543071161,0.4307116104868913,0.832662780245664,0.25201431428459004,13.334592373080788,0.2294579645868215,13.826706526972075,63.81581169451481,0.9191789690129443,0.6259334346854929,0.41025641025641024,0.9191789690129443,0.0,0.6259334346854929,0.0,0.832662780245664,32.0,47.0,5,0.9191789690129443,20.9619728246,4724.18,4.0,4.0,0.9917582417582418,91,True,99,True,122,True,146,True,167,True,181,True,209,True,241,True,257,True,top_25,top_25,top_25
direct_gbt_schedule_building,2027,Miami FL,miami fl,ACC,Jai Lucas,0.7832501763697278,26_50,71,2159,0.2928256117944542,0.2928256117944542,0.2928256117944542,0.2618807245369892,12.0,0.3333333333333333,0.6666666666666666,0.16666666666666666,0.5,0.32786885245901637,0.6721311475409836,0.10655737704918034,0.5655737704918032,0.9113035097202434,0.2547998787991994,13.085586238138797,0.2640702010028715,14.455595093566037,95.12484240536021,0.9253437756357891,0.921477475404177,0.9102564102564102,0.9253437756357891,0.0,0.921477475404177,0.0,0.9113035097202434,55.0,8.0,6,0.9253437756357891,24.166570008516665,4815.07,5.0,5.0,0.989010989010989,91,True,99,True,122,True,146,True,167,True,181,True,209,True,241,True,257,True,top_25,top_25,top_25
direct_gbt_schedule_building,2027,Michigan,michigan,B10,Dusty May,0.7832501763697278,top_25,71,2159,0.3228041943844869,0.3228041943844869,0.3228041943844869,0.2931803232928537,12.0,0.4166666666666667,0.5833333333333333,0.3333333333333333,0.25,0.4524886877828055,0.5475113122171946,0.23529411764705885,0.31221719457013575,0.9007260782800599,0.31811876862422545,11.770644866267453,0.2843708236442919,10.947910725013816,83.81438941531356,0.8526442047681095,0.8421665786414108,0.42307692307692313,0.8526442047681095,0.0,0.8421665786414108,0.0,0.9007260782800599,6.0,46.0,3,0.8526442047681095,11.869566694216667,1553.7400000000002,6.0,6.0,0.9862637362637363,91,True,99,True,122,True,146,True,167,True,181,True,209,True,241,True,257,True,top_25,top_25,top_25
direct_gbt_schedule_building,2027,TCU,tcu,B12,Jamie Dixon,0.7832501763697278,26_50,71,2159,0.5075166502708143,0.5075166502708143,0.5075166502708143,0.5549781795173659,10.0,0.5,0.5,0.2,0.3,0.5128205128205129,0.4871794871794871,0.13333333333333333,0.3538461538461538,0.6319974289851883,0.507737665905839,12.004452278174487,0.5072890871467824,4.648831705313239,77.387685381403,0.7502150343598745,0.21989528795811522,0.4487179487179487,0.7502150343598745,0.2601482498188628,0.029319371727748695,0.2654607044658017,0.6319974289851883,150.0,44.0,3,0.7502150343598745,4.144386766833334,1813.03,7.0,7.0,0.9835164835164835,91,True,99,True,122,True,146,True,167,True,181,True,209,True,241,True,257,True,top_25,top_25,top_25
direct_gbt_schedule_building,2027,Texas,texas,SEC,Sean Miller,0.7832501763697278,26_50,71,2159,0.13215924016805722,0.13215924016805722,0.13215924016805722,0.14700838246500622,11.0,0.18181818181818182,0.8181818181818181,0.36363636363636365,0.45454545454545453,0.1932367149758454,0.8067632850241546,0.25120772946859904,0.5555555555555556,0.8627017779272039,0.15209324169103436,10.983206542523508,0.1310684569317927,16.425650118394962,72.41464169541408,0.9579484756465922,0.7191870438740455,0.9871794871794872,0.9579484756465922,0.0,0.7191870438740455,0.0,0.8627017779272039,21.0,2.0,5,0.9579484756465922,26.42490272385,4369.39,8.0,8.0,0.9807692307692307,91,True,99,True,122,True,146,True,167,True,181,True,209,True,241,True,257,True,top_25,top_25,top_25
direct_gbt_schedule_building,2027,Villanova,villanova,BE,Kevin Willard,0.7832501763697278,26_50,71,2159,0.38527028889541404,0.38527028889541404,0.38527028889541404,0.3922024630533793,10.0,0.4,0.6,0.1,0.5,0.38461538461538464,0.6153846153846153,0.0625,0.5528846153846153,0.9269825556374086,0.38001902570933305,11.257806502473064,0.37176258561695147,11.609528840023803,84.0322232600732,0.9111307596475158,0.8177665266670503,0.6923076923076923,0.9111307596475158,0.0,0.8177665266670503,0.0,0.9269825556374086,47.0,25.0,5,0.9111307596475158,18.74663790095,4346.870000000001,9.0,9.0,0.978021978021978,91,True,99,True,122,True,146,True,167,True,181,True,209,True,241,True,257,True,top_25,top_25,top_25
direct_gbt_schedule_building,2027,Virginia,virginia,ACC,Ryan Odom,0.7832501763697278,top_25,71,2159,0.4110621160409556,0.4110621160409556,0.4110621160409556,0.4598744805865072,12.0,0.6666666666666666,0.3333333333333333,0.08333333333333333,0.25,0.6611570247933884,0.33884297520661155,0.05371900826446281,0.28512396694214875,0.8741386411782607,0.42696406348690846,15.017987554375082,0.39529692832764507,5.2325954643983845,67.81637838031538,0.7542840345115464,0.6344974397330418,0.5512820512820513,0.7542840345115464,0.0,0.6344974397330418,0.0,0.8741386411782607,73.0,36.0,3,0.7542840345115464,6.742209602400001,1854.04,10.0,10.0,0.9752747252747253,91,True,99,True,122,True,146,True,167,True,181,True,209,True,241,True,257,True,top_25,top_25,top_25
direct_gbt_schedule_building,2027,Clemson,clemson,ACC,Brad Brownell,0.7776082015952943,26_50,71,2159,0.28400141843971627,0.28400141843971627,0.28400141843971627,0.11911929205516553,12.0,0.5,0.5,0.25,0.25,0.5263157894736842,0.4736842105263158,0.17105263157894737,0.3026315789473684,0.8741458786213117,0.2976101688658712,11.65489858492615,0.19041205673758863,9.100560571474949,71.22929475403086,0.8546283518323763,0.6861055175191302,0.6538461538461539,0.8546283518323763,0.0,0.6861055175191302,0.0,0.8741458786213117,51.0,28.0,3,0.8546283518323763,11.093715428666666,2385.45,11.0,11.0,0.9725274725274725,91,True,99,True,122,True,146,True,167,True,181,True,209,True,241,True,257,True,top_25,top_25,top_25
direct_gbt_schedule_building,2027,Houston,houston,B12,Kelvin Sampson,0.7776082015952943,top_25,71,2159,0.11723858354781058,0.11723858354781058,0.11723858354781058,0.0,10.0,0.3,0.7,0.3,0.4,0.31413612565445026,0.6858638743455497,0.2041884816753927,0.4816753926701571,0.9426058551830016,0.11687946599427466,13.931346837449741,0.05861929177390529,9.198673104678601,81.50073803964094,0.8360169586338664,0.8171204642262835,0.8205128205128205,0.8360169586338664,0.0,0.8171204642262835,0.0,0.9426058551830016,12.0,15.0,4,0.8360169586338664,17.12871504115,3204.9800000000005,12.0,12.0,0.9697802197802198,91,True,99,True,122,True,146,True,167,True,181,True,209,True,241,True,257,True,top_25,top_25,top_25
direct_gbt_schedule_building,2027,Arkansas,arkansas,SEC,John Calipari,0.7737347778167778,26_50,71,2159,0.1602737607300286,0.1602737607300286,0.1602737607300286,0.149774305453649,11.0,0.45454545454545453,0.5454545454545454,0.36363636363636365,0.18181818181818182,0.505050505050505,0.4949494949494949,0.26262626262626265,0.2323232323232323,0.9580447302257038,0.1548727399974981,9.040151699596521,0.14817972847927594,8.460144373025217,97.06144975951884,0.8153702706647195,0.9741403040468004,0.3205128205128205,0.8153702706647195,0.0,0.9741403040468004,0.0,0.9580447302257038,1.0,54.0,2,0.8153702706647195,9.073712316583332,1455.1100000000001,13.0,13.0,0.967032967032967,91,True,99,True,122,True,146,True,167,True,181,True,209,True,241,True,257,True,top_25,top_25,top_25
direct_gbt_schedule_building,2027,UCLA,ucla,B10,Mick Cronin,0.7737347778167778,26_50,71,2159,0.3778180373635225,0.3778180373635225,0.3778180373635225,0.32582572627527717,11.0,0.45454545454545453,0.5454545454545454,0.18181818181818182,0.36363636363636365,0.4587155963302752,0.5412844036697247,0.11926605504587157,0.4220183486238532,0.8844711548289441,0.3712149089613009,9.204414533349343,0.3273892407020746,7.034760778975261,62.03747367716619,0.7919184345171149,0.5948937263548617,0.8974358974358975,0.7919184345171149,0.0,0.5948937263548617,0.0,0.8844711548289441,50.0,9.0,4,0.7919184345171149,4.640547916566668,2599.4900000000002,14.0,14.0,0.9642857142857143,91,True,99,True,122,True,146,True,167,True,181,True,209,True,241,True,257,True,top_25,top_25,top_25
direct_gbt_schedule_building,2027,Georgia,georgia,SEC,Mike White,0.7695004014222542,51_75,71,2159,0.33046717701264017,0.33046717701264017,0.33046717701264017,0.34307208749056967,13.0,0.38461538461538464,0.6153846153846154,0.3076923076923077,0.3076923076923077,0.4098360655737705,0.5901639344262295,0.21311475409836067,0.3770491803278689,0.7197982926620751,0.33177982495111774,12.58908548684817,0.2979232928807781,8.003559970192129,37.98614522867067,0.8344581743556755,0.3448204400703025,0.10256410256410253,0.8344581743556755,0.0,0.3448204400703025,0.0,0.7197982926620751,62.0,71.0,4,0.8344581743556755,10.829250565216666,2443.05,15.0,15.0,0.9615384615384616,91,True,99,True,122,True,146,True,167,True,181,True,209,True,241,True,257,True,top_25,top_25,top_25
direct_gbt_schedule_building,2027,Alabama,alabama,SEC,Nate Oats,0.7690407734203708,top_25,71,2159,0.11287407907540166,0.11287407907540166,0.11287407907540166,0.0,13.0,0.5384615384615384,0.46153846153846156,0.23076923076923078,0.23076923076923078,0.5645161290322581,0.435483870967742,0.15725806451612906,0.27822580645161293,0.9434477620647577,0.10464995608267647,3.913856067658597,0.05643703953770083,7.979855570525392,91.69620459335235,0.8311819492907928,0.9222708324004529,0.07692307692307687,0.8311819492907928,0.0,0.9222708324004529,0.0,0.9434477620647577,4.0,73.0,3,0.8311819492907928,8.520623195383335,1939.5300000000002,16.0,16.0,0.9587912087912088,91,True,99,True,122,True,146,True,167,True,181,True,209,True,241,True,257,True,top_25,top_25,top_25
direct_gbt_schedule_building,2027,Auburn,auburn,SEC,Steven Pearl,0.7690407734203708,26_50,71,2159,0.33541757328281474,0.33541757328281474,0.33541757328281474,0.31528490564977146,15.0,0.4666666666666667,0.5333333333333333,0.2,0.3333333333333333,0.4761904761904762,0.5238095238095238,0.1326530612244898,0.391156462585034,0.859106252352829,0.3173931494863942,6.773831560830897,0.31386920753713976,12.56000493633518,37.3349647120921,0.8806507384232284,0.2947586444968644,0.6025641025641026,0.8806507384232284,0.0,0.2947586444968644,0.0,0.859106252352829,112.0,32.0,5,0.8806507384232284,20.9445477615,3187.06,17.0,17.0,0.9560439560439561,91,True,99,True,122,True,146,True,167,True,181,True,209,True,241,True,257,True,top_25,top_25,top_25
direct_gbt_schedule_building,2027,BYU,byu,B12,Kevin Young,0.7690407734203708,26_50,71,2159,0.13390842639449393,0.13390842639449393,0.13390842639449393,0.16072621527095532,10.0,0.2,0.8,0.4,0.4,0.2173913043478261,0.782608695652174,0.28260869565217395,0.5,0.8691326215934018,0.10955223171002726,1.7128116022642654,0.13390842639449393,7.859940363851377,68.6960394116999,0.7759573293317992,0.671537954550387,0.47435897435897434,0.7759573293317992,0.0,0.671537954550387,0.0,0.8691326215934018,37.0,42.0,4,0.7759573293317992,7.6650219689500005,2256.13,18.0,18.0,0.9532967032967032,91,True,99,True,122,True,146,True,167,True,181,True,209,True,241,True,257,True,top_25,top_25,top_25
direct_gbt_schedule_building,2027,Connecticut,connecticut,BE,Dan Hurley,0.7690407734203708,top_25,71,2159,0.15314954956745558,0.15314954956745558,0.15314954956745558,0.09797628612614316,11.0,0.36363636363636365,0.6363636363636364,0.18181818181818182,0.45454545454545453,0.3619909502262444,0.6380090497737557,0.11764705882352944,0.5203619909502263,0.9479941289653677,0.1366609493361152,7.206769936245802,0.11777767563887882,10.1013231864896,90.72082771665636,0.8691645213657097,0.9107306435784902,0.7307692307692308,0.8691645213657097,0.0,0.9107306435784902,0.0,0.9479941289653677,10.0,22.0,5,0.8691645213657097,14.06672018276667,3576.6000000000004,19.0,19.0,0.9505494505494505,91,True,99,True,122,True,146,True,167,True,181,True,209,True,241,True,257,True,top_25,top_25,top_25
direct_gbt_schedule_building,2027,Duke,duke,ACC,Jon Scheyer,0.7690407734203708,top_25,71,2159,0.11630627287822928,0.11630627287822928,0.11630627287822928,0.12726000685661454,10.0,0.3,0.7,0.4,0.3,0.3314917127071823,0.6685082872928176,0.287292817679558,0.38121546961325964,0.9668047706851226,0.10840232382802299,6.949384487120021,0.11212404704198148,10.017637985445031,92.68658891984983,0.8650788182612555,0.9295245483495419,0.34615384615384615,0.8650788182612555,0.0,0.9295245483495419,0.0,0.9668047706851226,2.0,52.0,3,0.8650788182612555,16.008218003333333,2383.2799999999997,20.0,20.0,0.9478021978021978,91,True,99,True,122,True,146,True,167,True,181,True,209,True,241,True,257,True,top_25,top_25,top_25
direct_gbt_schedule_building,2027,Michigan St.,michigan state,B10,Tom Izzo,0.7690407734203708,top_25,71,2159,0.3959532201899276,0.3959532201899276,0.3959532201899276,0.31418831114036416,13.0,0.6153846153846154,0.38461538461538464,0.3076923076923077,0.07692307692307693,0.6808510638297872,0.3191489361702128,0.22127659574468087,0.09787234042553192,0.9394596875307409,0.3800517036987565,7.898189550383481,0.3300082978134906,4.116656756220779,87.0385343561169,0.6994121202121228,0.8737656689321778,0.16666666666666663,0.6994121202121228,0.0,0.8737656689321778,0.0,0.9394596875307409,8.0,66.0,1,0.6994121202121228,5.239737141333333,846.42,21.0,21.0,0.945054945054945,91,True,99,True,122,True,146,True,167,True,181,True,209,True,241,True,257,True,top_25,top_25,top_25
direct_gbt_schedule_building,2027,Ohio St.,ohio state,B10,Jake Diebler,0.7690407734203708,26_50,71,2159,0.19200458476728527,0.19200458476728527,0.19200458476728527,0.1661562415334017,10.0,0.3,0.7,0.3,0.4,0.31413612565445026,0.6858638743455497,0.2041884816753927,0.4816753926701571,0.8491279800940549,0.17817918164816904,7.409782070612568,0.1664741801382994,7.810746095573729,60.00694070869248,0.8225039873811658,0.5860806788534553,0.5256410256410257,0.8225039873811658,0.0,0.5860806788534553,0.0,0.8491279800940549,34.0,38.0,4,0.8225039873811658,13.168619925733335,3037.44,22.0,22.0,0.9423076923076923,91,True,99,True,122,True,146,True,167,True,181,True,209,True,241,True,257,True,top_25,top_25,top_25
direct_gbt_schedule_building,2027,Tennessee,tennessee,SEC,Rick Barnes,0.7690407734203708,top_25,71,2159,0.13972398219101845,0.13972398219101845,0.13972398219101845,0.08599745103300242,17.0,0.29411764705882354,0.7058823529411764,0.23529411764705882,0.47058823529411764,0.2976190476190476,0.7023809523809523,0.15476190476190477,0.5476190476190476,0.8743833569421962,0.12724206450377404,6.547895877281172,0.10416488291450833,17.20355268805064,71.08182738568246,0.9348676662248516,0.7039549752378088,0.717948717948718,0.9348676662248516,0.0,0.7039549752378088,0.0,0.8743833569421962,24.0,23.0,8,0.9348676662248516,29.605132029750003,6868.779999999999,23.0,23.0,0.9395604395604396,91,True,99,True,122,True,146,True,167,True,181,True,209,True,241,True,257,True,top_25,top_25,top_25
direct_gbt_schedule_building,2027,Arizona,arizona,B12,Tommy Lloyd,0.768600357969557,top_25,71,2159,0.14859487022198367,0.14859487022198367,0.14859487022198367,0.15615699601817598,10.0,0.3,0.7,0.3,0.4,0.31413612565445026,0.6858638743455497,0.2041884816753927,0.4816753926701571,0.9239392653686427,0.13998160811811164,10.200521068725598,0.1449398714360567,3.279552418516393,73.80911951945981,0.612407243438217,0.734883887549601,0.14102564102564108,0.612407243438217,0.0,0.734883887549601,0.0,0.9239392653686427,19.0,68.0,4,0.612407243438217,1.7112200531833333,1614.0,24.0,24.0,0.9368131868131868,91,True,99,True,122,True,146,True,167,True,181,True,209,True,241,True,257,True,top_25,top_25,top_25
direct_gbt_schedule_building,2027,Illinois,illinois,B10,Brad Underwood,0.768600357969557,top_25,71,2159,0.11841984210687721,0.11841984210687721,0.11841984210687721,0.11043257927928338,9.0,0.4444444444444444,0.5555555555555556,0.4444444444444444,0.1111111111111111,0.5161290322580645,0.48387096774193544,0.3354838709677419,0.14838709677419354,0.8638365685506664,0.10536660611000888,12.77308343368237,0.10752918996108007,3.5828097975832836,71.6768478958266,0.6571119329829853,0.7164739052963556,0.2692307692307693,0.6571119329829853,0.0,0.7164739052963556,0.0,0.8638365685506664,15.0,58.0,1,0.6571119329829853,4.195128342266667,976.07,25.0,25.0,0.9340659340659341,91,True,99,True,122,True,146,True,167,True,181,True,209,True,241,True,257,True,top_25,top_25,top_25
direct_gbt_schedule_building,2027,St. John's,saint johns,BE,Rick Pitino,0.768600357969557,26_50,71,2159,0.1661515130700865,0.1661515130700865,0.1661515130700865,0.1154330715982576,11.0,0.45454545454545453,0.5454545454545454,0.36363636363636365,0.18181818181818182,0.505050505050505,0.4949494949494949,0.26262626262626265,0.2323232323232323,0.862292622571582,0.1575395997317995,9.95418966504413,0.1332375753706749,2.993586087279322,25.194322344322416,0.6655128863065286,0.16969104194235085,0.2948717948717948,0.6655128863065286,0.0,0.16969104194235085,0.0,0.862292622571582,116.0,56.0,2,0.6655128863065286,3.0711176285833335,763.59,26.0,26.0,0.9313186813186813,91,True,99,True,122,True,146,True,167,True,181,True,209,True,241,True,257,True,top_25,26_50,26_50
direct_gbt_schedule_building,2027,Nebraska,nebraska,B10,Fred Hoiberg,0.7680928030423444,26_50,71,2159,0.10735947437999648,0.10735947437999648,0.10735947437999648,0.10534497317816935,10.0,0.2,0.8,0.2,0.6,0.19607843137254902,0.8039215686274509,0.12745098039215685,0.676470588235294,0.8752728865021023,0.09510798541409797,9.28669189937639,0.10260767436978366,11.209260250515106,78.30945378276253,0.9014711581655117,0.7718830907312583,0.8076923076923077,0.9014711581655117,0.0,0.7718830907312583,0.0,0.8752728865021023,31.0,16.0,6,0.9014711581655117,16.977346329066663,4007.91,27.0,27.0,0.9285714285714286,91,True,99,True,122,True,146,True,167,True,181,True,209,True,241,True,257,True,top_25,26_50,26_50
direct_gbt_schedule_building,2027,Purdue,purdue,B10,Matt Painter,0.7637105302255508,top_25,71,2159,0.3470654238093899,0.3470654238093899,0.3470654238093899,0.3210043502503018,11.0,0.5454545454545454,0.4545454545454546,0.36363636363636365,0.09090909090909091,0.6153846153846154,0.3846153846153847,0.2666666666666667,0.11794871794871796,0.8995495344896218,0.3245226033565745,9.481039834835665,0.30927810678110357,,76.39245524314052,-1.0,0.7651520421878351,0.15384615384615385,,0.0,0.7651520421878351,0.0,0.8995495344896218,13.0,67.0,,,,,28.0,28.0,0.9258241758241759,91,True,99,True,122,True,146,True,167,True,181,True,209,True,241,True,257,True,top_25,26_50,26_50
direct_gbt_schedule_building,2027,Kansas,kansas,B12,Bill Self,0.7633987986459372,top_25,71,2159,0.04899176732917633,0.04899176732917633,0.04899176732917633,0.0,10.0,0.2,0.8,0.4,0.4,0.2173913043478261,0.782608695652174,0.28260869565217395,0.5,0.8311356115150752,0.04513407745594377,3.0798275239584236,0.024495883664588165,11.104841783139703,69.56603858113122,0.8804615292507385,0.7000880565435875,0.1282051282051282,0.8804615292507385,0.0,0.7000880565435875,0.0,0.8311356115150752,5.0,69.0,4,0.8804615292507385,20.022563840083333,3593.89,29.0,29.0,0.9230769230769231,91,True,99,True,122,True,146,True,167,True,181,True,209,True,241,True,257,True,top_25,26_50,26_50
direct_gbt_schedule_building,2027,Kentucky,kentucky,SEC,Mark Pope,0.7633987986459372,26_50,71,2159,0.03978109463753834,0.03978109463753834,0.03978109463753834,0.0,9.0,0.1111111111111111,0.8888888888888888,0.3333333333333333,0.5555555555555556,0.1149425287356322,0.8850574712643678,0.2241379310344828,0.6609195402298851,0.8373298777188335,0.03570302362587068,7.525417499999996,0.01989054731876917,7.787764613659824,44.766794090443135,0.8503285407140961,0.4024969638260669,0.0,0.8503285407140961,0.0,0.4024969638260669,0.0,0.8373298777188335,75.0,79.0,5,0.8503285407140961,11.353551076566667,4151.31,30.0,30.0,0.9203296703296704,91,True,99,True,122,True,146,True,167,True,181,True,209,True,241,True,257,True,top_25,26_50,26_50
direct_gbt_schedule_building,2027,Louisville,louisville,ACC,Pat Kelsey,0.7633987986459372,26_50,71,2159,0.03656846694723728,0.03656846694723728,0.03656846694723728,0.0,11.0,0.18181818181818182,0.8181818181818181,0.2727272727272727,0.5454545454545454,0.18433179723502305,0.8156682027649769,0.17972350230414746,0.6359447004608294,0.8479507995779894,0.03260118100310912,5.502897997695138,0.01828423347361864,17.980023710899843,73.82366757694876,0.9410156454246438,0.7340940444954205,0.8717948717948718,0.9410156454246438,0.0,0.7340940444954205,0.0,0.8479507995779894,20.0,11.0,6,0.9410156454246438,31.23430886345,4214.38,31.0,31.0,0.9175824175824175,91,True,99,True,122,True,146,True,167,True,181,True,209,True,241,True,257,True,top_25,26_50,26_50
direct_gbt_schedule_building,2027,Oklahoma,oklahoma,SEC,Porter Moser,0.7633987986459372,26_50,71,2159,0.3949872601528781,0.3949872601528781,0.3949872601528781,0.4327764890751272,12.0,0.4166666666666667,0.5833333333333333,0.25,0.3333333333333333,0.4329004329004329,0.5670995670995671,0.16883116883116883,0.3982683982683982,0.8871566260964167,0.39785159127128855,7.718960760977434,0.38256740919108967,7.735721053622544,82.76033233963366,0.7974512289816271,0.8107588746332204,0.6282051282051282,0.7974512289816271,0.0,0.8107588746332204,0.0,0.8871566260964167,39.0,30.0,4,0.7974512289816271,8.188435176183333,2370.64,32.0,32.0,0.9148351648351648,91,True,99,True,122,True,146,True,167,True,181,True,209,True,241,True,257,True,top_25,26_50,26_50
direct_gbt_schedule_building,2027,Texas Tech,texas tech,B12,Grant McCasland,0.7633987986459372,top_25,71,2159,0.0931477986684171,0.0931477986684171,0.0931477986684171,0.057296726367056336,7.0,0.42857142857142855,0.5714285714285714,0.14285714285714285,0.42857142857142855,0.4225352112676056,0.5774647887323944,0.09154929577464789,0.48591549295774644,0.9260006333946628,0.08428606088665584,8.31285335126547,0.0723264312171793,11.166166131802653,90.95708619283937,0.8913853130309046,0.8993038375237328,0.3076923076923077,0.8913853130309046,0.0,0.8993038375237328,0.0,0.9260006333946628,30.0,55.0,3,0.8913853130309046,17.02285381356667,3186.4300000000003,33.0,33.0,0.9120879120879121,91,True,99,True,122,True,146,True,167,True,181,True,209,True,241,True,257,True,top_25,26_50,26_50
direct_gbt_schedule_building,2027,Wisconsin,wisconsin,B10,Greg Gard,0.7633987986459372,top_25,71,2159,0.2253173970484257,0.2253173970484257,0.2253173970484257,0.11331850979381358,11.0,0.45454545454545453,0.5454545454545454,0.2727272727272727,0.2727272727272727,0.4807692307692308,0.5192307692307692,0.1875,0.3317307692307692,0.8871298296615454,0.20222632519494343,4.221012636709711,0.16157671754972575,9.512035494379687,37.55474493187232,0.8545927198239041,0.29590932627581845,0.3717948717948718,0.8545927198239041,0.0,0.29590932627581845,0.0,0.8871298296615454,113.0,50.0,3,0.8545927198239041,11.192798873466668,2507.12,34.0,34.0,0.9093406593406593,91,True,99,True,122,True,146,True,167,True,181,True,209,True,241,True,257,True,top_25,26_50,26_50
direct_gbt_schedule_building,2027,Baylor,baylor,B12,Scott Drew,0.7544685397462325,26_50,71,2159,0.13076363636363636,0.13076363636363636,0.13076363636363636,0.12813102421440326,11.0,0.36363636363636365,0.6363636363636364,0.2727272727272727,0.36363636363636365,0.37914691943127965,0.6208530805687205,0.18483412322274884,0.43601895734597157,0.9342467590806294,0.1319795960562498,6.546541232040232,0.12731666666666666,11.268758430964382,93.22741820530285,0.8946175091314023,0.9243714400782463,0.782051282051282,0.8946175091314023,0.0,0.9243714400782463,0.0,0.9342467590806294,26.0,18.0,4,0.8946175091314023,17.90993627981667,3783.71,35.0,35.0,0.9065934065934066,91,True,99,True,122,True,146,True,167,True,181,True,209,True,241,True,257,True,top_25,26_50,26_50
direct_gbt_schedule_building,2027,Dayton,dayton,A10,Anthony Grant,0.7516718201737853,51_75,71,2159,0.24496312984288712,0.24496312984288712,0.24496312984288712,0.23166369624176675,16.0,0.4375,0.5625,0.1875,0.375,0.441640378548896,0.5583596214511042,0.12302839116719246,0.4353312302839117,0.8160297302515135,0.25249331612982184,10.306322813750977,0.22247046106425789,6.380959298580634,65.53615788493093,0.7786341103632501,0.6404790417132775,,0.7786341103632501,0.0,0.6404790417132775,0.0,0.8160297302515135,35.0,,6,0.7786341103632501,8.943969470816665,2355.58,36.0,36.0,0.9038461538461539,91,True,99,True,122,True,146,True,167,True,181,True,209,True,241,True,257,True,top_25,26_50,26_50
direct_gbt_schedule_building,2027,Saint Mary's,saint marys,WCC,Mickey McConnell,0.7503873797013646,26_50,71,2159,0.2655522951490777,0.2655522951490777,0.2655522951490777,0.20505033462684888,10.0,0.4,0.6,0.1,0.5,0.38461538461538464,0.6153846153846153,0.0625,0.5528846153846153,0.9287631434882744,0.25108983468092666,9.984639606746526,0.22392586273167897,5.8051285610676775,83.57548890746936,0.7124350711607544,0.8112766814337495,,0.7124350711607544,0.0,0.8112766814337495,0.0,0.9287631434882744,49.0,,5,0.7124350711607544,2.5274345444,1122.03,37.0,37.0,0.9010989010989011,91,True,99,True,122,True,146,True,167,True,181,True,209,True,241,True,257,True,top_25,26_50,26_50
direct_gbt_schedule_building,2027,Virginia Tech,virginia tech,ACC,Mike Young,0.7481612472582452,51_75,71,2159,0.3723934964790339,0.3723934964790339,0.3723934964790339,0.3383666353291145,10.0,0.4,0.6,0.0,0.6,0.36697247706422026,0.6330275229357798,0.0,0.6330275229357798,0.6883350709812233,0.3799867246626972,13.331165780697994,0.33290240155743817,6.79485096733617,,0.8141697357604357,,0.5897435897435898,0.8141697357604357,0.12216601892016082,,0.515391851077707,0.6883350709812233,,33.0,6,0.8141697357604357,7.356434849649999,3491.9199999999996,38.0,38.0,0.8983516483516484,91,True,99,True,122,True,146,True,167,True,181,True,209,True,241,True,257,True,top_25,26_50,26_50
direct_gbt_schedule_building,2027,SMU,smu,ACC,Andy Enfield,0.7457574718868515,51_75,71,2159,0.19053604457816728,0.19053604457816728,0.19053604457816728,0.16882970082468202,12.0,0.4166666666666667,0.5833333333333334,0.08333333333333333,0.5,0.398406374501992,0.6015936254980079,0.05179282868525896,0.549800796812749,0.8764212210799001,0.1748790531400469,4.372208340618464,0.17158273223756532,7.7587193070435925,69.85874818442437,0.8432092625489801,0.6584661411886543,0.9358974358974359,0.8432092625489801,0.0,0.6584661411886543,0.0,0.8764212210799001,69.0,6.0,6,0.8432092625489801,10.581975605833332,3732.13,39.0,39.0,0.8956043956043956,91,True,99,True,122,True,146,True,167,True,181,True,209,True,241,True,257,True,top_25,26_50,26_50
direct_gbt_schedule_building,2027,San Diego St.,san diego state,MWC,Brian Dutcher,0.7454606961204953,26_50,71,2159,0.14550194408215872,0.14550194408215872,0.14550194408215872,0.09864150720578994,9.0,0.5555555555555556,0.4444444444444444,0.1111111111111111,0.3333333333333333,0.5494505494505495,0.4505494505494505,0.07142857142857142,0.3791208791208791,0.8524370749400954,0.14499698869762065,6.429772531098914,0.10859503473600482,3.0120300248162715,31.199878937729004,0.7059512185117625,0.21154133824290894,,0.7059512185117625,0.0,0.21154133824290894,0.0,0.8524370749400954,139.0,,3,0.7059512185117625,5.6169486054,2074.37,40.0,40.0,0.8928571428571429,91,True,99,True,122,True,146,True,167,True,181,True,209,True,241,True,257,True,top_25,26_50,26_50
direct_gbt_schedule_building,2027,VCU,vcu,A10,Phil Martelli Jr.,0.742441687757779,26_50,71,2159,0.7297464508797887,0.7297464508797887,0.7297464508797887,0.7248990293791936,14.0,0.6428571428571429,0.3571428571428571,0.14285714285714285,0.21428571428571427,0.6545454545454545,0.3454545454545454,0.09454545454545454,0.25090909090909086,0.8340556099470908,0.7107706849539001,16.972668803087373,0.6729113927554626,3.6443703264522394,80.78156139964658,0.7504558795451791,0.7986741513450493,,0.7504558795451791,0.0,0.7986741513450493,0.0,0.8340556099470908,28.0,,3,0.7504558795451791,4.8559291688499995,2429.9100000000003,41.0,41.0,0.8901098901098901,91,True,99,True,122,True,146,True,167,True,181,True,209,True,241,True,257,True,top_25,26_50,26_50
direct_gbt_schedule_building,2027,North Carolina,north carolina,ACC,Michael Malone,0.7408035475609513,26_50,71,2159,0.13186494710911462,0.13186494710911462,0.13186494710911462,0.15504076897943392,13.0,0.3076923076923077,0.6923076923076923,0.3076923076923077,0.38461538461538464,0.3238866396761134,0.6761133603238867,0.2105263157894737,0.46558704453441296,0.8701389352316788,0.12266738691713802,8.69808259214744,0.13003701154422065,6.119866888551498,70.1309375648961,0.7986571591933871,0.6995656932204144,0.2564102564102564,0.7986571591933871,0.0,0.6995656932204144,0.0,0.8701389352316788,17.0,59.0,5,0.7986571591933871,9.4917567292,3025.67,42.0,42.0,0.8873626373626373,91,True,99,True,122,True,146,True,167,True,181,True,209,True,241,True,257,True,top_25,26_50,26_50
direct_gbt_schedule_building,2027,Indiana,indiana,B10,Darian DeVries,0.7407507013496993,26_50,71,2159,0.06959131069992851,0.06959131069992851,0.06959131069992851,0.0,15.0,0.26666666666666666,0.7333333333333334,0.26666666666666666,0.4666666666666667,0.27303754266211605,0.7269624573378839,0.17747440273037546,0.5494880546075085,0.849807207787933,0.06514216288531778,1.3163677266372251,0.034795655349964254,11.25282155290012,80.11756941693545,0.8888468471934313,0.7882328769980971,0.9230769230769231,0.8888468471934313,0.0,0.7882328769980971,0.0,0.849807207787933,33.0,7.0,7,0.8888468471934313,16.851682355366663,4830.57,43.0,43.0,0.8846153846153846,91,True,99,True,122,True,146,True,167,True,181,True,209,True,241,True,257,True,top_25,26_50,26_50
direct_gbt_schedule_building,2027,Mississippi,mississippi,SEC,Chris Beard,0.7407187647987588,51_75,71,2159,0.23706393227266095,0.23706393227266095,0.23706393227266095,0.27560347235493876,14.0,0.2857142857142857,0.7142857142857143,0.21428571428571427,0.5,0.2857142857142857,0.7142857142857142,0.1392857142857143,0.575,0.7850984263605236,0.21893907061579856,8.461878780571197,0.22377979632395048,9.429674315270889,50.558653816050835,0.86746949480227,0.48211100079684055,0.3589743589743589,0.86746949480227,0.0,0.48211100079684055,0.0,0.7850984263605236,48.0,51.0,7,0.86746949480227,14.574774164400003,5172.43,44.0,44.0,0.8818681318681318,91,True,99,True,122,True,146,True,167,True,181,True,209,True,241,True,257,True,top_25,26_50,26_50
direct_gbt_schedule_building,2027,Utah St.,utah state,MWC,Ben Jacobson,0.7402026002224575,51_75,71,2159,0.1618002095385597,0.1618002095385597,0.1618002095385597,0.2003394688000677,7.0,0.14285714285714285,0.8571428571428572,0.14285714285714285,0.7142857142857143,0.13513513513513511,0.8648648648648648,0.08783783783783784,0.777027027027027,0.7578137193723179,0.17426849777492381,14.967254999999998,0.1618002095385597,5.743225133730491,21.196215934065933,0.7921617308092765,0.0959898740003452,,0.7921617308092765,0.0,0.0959898740003452,0.0,0.7578137193723179,157.0,,5,0.7921617308092765,8.39394721525,3566.44,45.0,45.0,0.8791208791208791,91,True,99,True,122,True,146,True,167,True,181,True,209,True,241,True,257,True,top_25,26_50,26_50
direct_gbt_schedule_building,2027,USC,usc,B10,Eric Musselman,0.7374624172244282,76_100,71,2159,0.08560840337197315,0.08560840337197315,0.08560840337197315,0.0,15.0,0.3333333333333333,0.6666666666666667,0.2,0.4666666666666667,0.3333333333333333,0.6666666666666666,0.13,0.5366666666666666,0.8914867430832777,0.08421861785414941,5.484374071618531,0.04280420168598657,10.757533972079985,95.50553369004139,0.8868230802847317,0.9586902448770436,0.9743589743589743,0.8868230802847317,0.0,0.9586902448770436,0.0,0.8914867430832777,3.0,3.0,7,0.8868230802847317,17.716700835216667,5074.17,46.0,46.0,0.8763736263736264,91,True,99,True,122,True,146,True,167,True,181,True,209,True,241,True,257,True,top_25,26_50,26_50
direct_gbt_schedule_building,2027,Texas A&M,texas a and m,SEC,Bucky McMillan,0.7372401284341592,26_50,71,2159,0.06192734472121184,0.06192734472121184,0.06192734472121184,0.0,14.0,0.35714285714285715,0.6428571428571428,0.21428571428571427,0.42857142857142855,0.36101083032490977,0.6389891696750902,0.1407942238267148,0.4981949458483754,0.8340110503672726,0.06575892682419614,6.843389725836433,0.03096367236060592,7.943507545383662,80.82570288696058,0.8510826534200682,0.7910304355330533,0.7948717948717949,0.8510826534200682,0.0,0.7910304355330533,0.0,0.8340110503672726,40.0,17.0,6,0.8510826534200682,11.6167408064,4323.75,47.0,47.0,0.8736263736263736,91,True,99,True,122,True,146,True,167,True,181,True,209,True,241,True,257,True,top_25,26_50,26_50
direct_gbt_schedule_building,2027,Vanderbilt,vanderbilt,SEC,Mark Byington,0.7323219972102375,51_75,71,2159,0.0894676877410385,0.0894676877410385,0.0894676877410385,0.08522135873972708,11.0,0.2727272727272727,0.7272727272727273,0.2727272727272727,0.45454545454545453,0.2803738317757009,0.719626168224299,0.18224299065420563,0.5373831775700935,0.8594476541443353,0.07579327798808712,3.4749275493347556,0.08155031531556386,9.339657589378275,80.26274453940123,0.8726047599480256,0.8002759070692194,0.9487179487179487,0.8726047599480256,0.0,0.8002759070692194,0.0,0.8594476541443353,18.0,5.0,5,0.8726047599480256,12.50059076365,4312.9,48.0,48.0,0.8708791208791209,91,True,99,True,122,True,146,True,167,True,181,True,209,True,241,True,257,True,top_25,26_50,26_50
direct_gbt_schedule_building,2027,Colorado,colorado,B12,Tad Boyle,0.7318204424499947,51_75,71,2159,0.36497023974495924,0.36497023974495924,0.36497023974495924,0.41087708502326287,11.0,0.45454545454545453,0.5454545454545454,0.2727272727272727,0.2727272727272727,0.4807692307692308,0.5192307692307692,0.1875,0.3317307692307692,0.8338714078242873,0.3539283411560194,5.359475301106646,0.34753281268492486,5.5732179703275175,47.142733995948376,0.7464004370783108,0.4019331453886428,0.0641025641025641,0.7464004370783108,0.0,0.4019331453886428,0.0,0.8338714078242873,102.0,74.0,3,0.7464004370783108,7.989338085833334,1776.46,49.0,49.0,0.8681318681318682,91,True,99,True,122,True,146,True,167,True,181,True,209,True,241,True,257,True,top_25,26_50,26_50
direct_gbt_schedule_building,2027,Marquette,marquette,BE,Shaka Smart,0.7318204424499947,76_100,71,2159,0.4581225858961508,0.4581225858961508,0.4581225858961508,0.4798986765542686,12.0,0.5833333333333334,0.41666666666666663,0.25,0.16666666666666666,0.6222222222222222,0.37777777777777777,0.17333333333333334,0.20444444444444443,0.8428949711140987,0.43959197519549625,5.954055451239405,0.43094948702465025,11.82167160766476,69.14660706941045,0.8605327427136037,0.6635568636033458,0.5769230769230769,0.8605327427136037,0.0,0.6635568636033458,0.0,0.8428949711140987,53.0,34.0,2,0.8605327427136037,14.899161650700002,1751.83,50.0,50.0,0.8653846153846154,91,True,99,True,122,True,146,True,167,True,181,True,209,True,241,True,257,True,top_25,26_50,26_50
direct_gbt_schedule_building,2027,LSU,lsu,SEC,Will Wade,0.7315061421791349,51_75,71,2159,0.11573355153590989,0.11573355153590989,0.11573355153590989,0.1368028750644966,6.0,0.16666666666666666,0.8333333333333333,0.3333333333333333,0.5,0.17391304347826086,0.8260869565217391,0.22608695652173916,0.6,0.8702366652678774,0.10058496225677653,-0.46949500000000377,0.11573355153590989,8.710291752971147,68.88522938397291,0.7883328338086072,0.6298832057994362,0.08974358974358976,0.7883328338086072,0.0,0.6298832057994362,0.0,0.8702366652678774,90.0,72.0,3,0.7883328338086072,8.496516276,1467.54,51.0,51.0,0.8626373626373627,91,True,99,True,122,True,146,True,167,True,181,True,209,True,241,True,257,True,top_25,51_75,51_75
direct_gbt_schedule_building,2027,Boise St.,boise state,MWC,Leon Rice,0.7286307735008762,51_75,71,2159,0.2720700622443073,0.2720700622443073,0.2720700622443073,0.22389328694316615,13.0,0.6153846153846154,0.38461538461538464,0.07692307692307693,0.3076923076923077,0.6037735849056604,0.3962264150943396,0.0490566037735849,0.3471698113207547,0.7983755949044914,0.2593707381440464,0.5479559937425997,0.22895189562208534,4.127385124434169,33.24456758241759,0.7320992051797709,0.23341579886082506,,0.7320992051797709,0.0,0.23341579886082506,0.0,0.7983755949044914,137.0,,4,0.7320992051797709,7.13710538005,2662.68,52.0,52.0,0.8598901098901099,91,True,99,True,122,True,146,True,167,True,181,True,209,True,241,True,257,True,top_25,51_75,51_75
direct_gbt_schedule_building,2027,Northwestern,northwestern,B10,Chris Collins,0.7286307735008762,51_75,71,2159,0.26782231820905755,0.26782231820905755,0.26782231820905755,0.26007509745471225,13.0,0.3076923076923077,0.6923076923076923,0.15384615384615385,0.5384615384615384,0.2996254681647941,0.7003745318352059,0.09737827715355807,0.6029962546816479,0.8174730977842133,0.24382662830922439,3.4819252190914174,0.24026704722776962,7.181839032474184,66.64338115973341,0.8212134030237908,0.6482250733559634,0.3846153846153846,0.8212134030237908,0.0,0.6482250733559634,0.0,0.8174730977842133,41.0,49.0,7,0.8212134030237908,11.130157168016666,4202.64,53.0,53.0,0.8571428571428572,91,True,99,True,122,True,146,True,167,True,181,True,209,True,241,True,257,True,top_25,51_75,51_75
direct_gbt_schedule_building,2027,Florida St.,florida state,ACC,Luke Loucks,0.7283098695344545,51_75,71,2159,0.1598795763049562,0.1598795763049562,0.1598795763049562,0.11392947503557675,12.0,0.25,0.75,0.3333333333333333,0.4166666666666667,0.2643171806167401,0.7356828193832599,0.2290748898678414,0.5066079295154184,0.7992291300341207,0.1459374836711627,2.4100682910510756,0.1282782047960388,6.776322351199314,72.5580898976753,0.8092456487898412,0.7243519912447546,0.9615384615384616,0.8092456487898412,0.0,0.7243519912447546,0.0,0.7992291300341207,16.0,4.0,5,0.8092456487898412,9.731628110416667,3810.41,54.0,54.0,0.8543956043956044,91,True,99,True,122,True,146,True,167,True,181,True,209,True,241,True,257,True,top_25,51_75,51_75
direct_gbt_schedule_building,2027,Nevada,nevada,MWC,Steve Alford,0.7281903580500624,51_75,71,2159,0.3615493333333333,0.3615493333333333,0.3615493333333333,0.33754374943910975,12.0,0.4166666666666667,0.5833333333333334,0.16666666666666666,0.4166666666666667,0.4149377593360996,0.5850622406639003,0.1078838174273859,0.4771784232365145,0.7806470194458516,0.36296571895641344,12.206367580118158,0.3111646666666666,3.3272830074384716,46.80529189392669,0.7144226938179475,0.43083827167596805,,0.7144226938179475,0.0,0.43083827167596805,0.0,0.7806470194458516,66.0,,5,0.7144226938179475,5.139199139233332,3168.32,55.0,55.0,0.8516483516483516,91,True,99,True,122,True,146,True,167,True,181,True,209,True,241,True,257,True,top_25,51_75,51_75
direct_gbt_schedule_building,2027,UCF,ucf,B12,Johnny Dawkins,0.7238796697923318,51_75,71,2159,0.37655621470838124,0.37655621470838124,0.37655621470838124,0.28233647962813646,14.0,0.5,0.5,0.07142857142857142,0.42857142857142855,0.4810996563573884,0.5189003436426116,0.04467353951890035,0.4742268041237113,0.8118006800220855,0.3665113714915163,9.406637522922589,0.30464364393717247,9.062151010318148,51.25387161172154,0.8373295167812301,0.4374086646337955,0.46153846153846156,0.8373295167812301,0.0,0.4374086646337955,0.0,0.8118006800220855,108.0,43.0,6,0.8373295167812301,15.284087765116666,3885.56,56.0,56.0,0.8489010989010989,91,True,99,True,122,True,146,True,167,True,181,True,209,True,241,True,257,True,top_25,51_75,51_75
direct_gbt_schedule_building,2027,Cincinnati,cincinnati,B12,Jerrod Calhoun,0.7195988016750734,26_50,71,2159,0.09697859796198381,0.09697859796198381,0.09697859796198381,0.0,14.0,0.21428571428571427,0.7857142857142857,0.0,0.7857142857142857,0.1916932907348243,0.8083067092651758,0.0,0.8083067092651758,0.7691469260833913,0.08328150981497569,3.8793619313919225,0.048489298980991906,20.462763908100865,,0.9400538732223002,,0.23076923076923073,0.9400538732223002,0.009295073287091102,,0.7598518527963002,0.7691469260833913,,61.0,11,0.9400538732223002,33.544165927933335,8233.970000000001,57.0,57.0,0.8461538461538461,91,True,99,True,122,True,146,True,167,True,181,True,209,True,241,True,257,True,top_25,51_75,51_75
direct_gbt_schedule_building,2027,N.C. State,nc state,ACC,Justin Gainey,0.7181554502647135,51_75,71,2159,0.07596059858499347,0.07596059858499347,0.07596059858499347,0.0,10.0,0.2,0.8,0.2,0.6,0.19607843137254902,0.8039215686274509,0.12745098039215685,0.676470588235294,0.842017800631373,0.06617510104569067,6.182685715215807,0.03798029929249674,13.252318005235125,72.20980813855161,0.9176338142293284,0.7073068292963581,0.858974358974359,0.9176338142293284,0.0,0.7073068292963581,0.0,0.842017800631373,36.0,12.0,6,0.9176338142293284,18.648665574650003,5497.43,58.0,58.0,0.8434065934065934,91,True,99,True,122,True,146,True,167,True,181,True,209,True,241,True,257,True,top_25,51_75,51_75
direct_gbt_schedule_building,2027,Seton Hall,seton hall,BE,Shaheen Holloway,0.7161149679953693,51_75,71,2159,0.38818552614832635,0.38818552614832635,0.38818552614832635,0.25372841260787854,15.0,0.4666666666666667,0.5333333333333333,0.06666666666666667,0.4666666666666667,0.445859872611465,0.554140127388535,0.04140127388535032,0.5127388535031847,0.7984929810213615,0.3685951744570725,9.207553801404352,0.2968800189089763,4.217853545349046,65.07017516324255,0.7645684097269456,0.6007939704274783,0.02564102564102566,0.7645684097269456,0.0,0.6007939704274783,0.0,0.7984929810213615,80.0,77.0,7,0.7645684097269456,6.350835252666667,5130.0,59.0,59.0,0.8406593406593407,91,True,99,True,122,True,146,True,167,True,181,True,209,True,241,True,257,True,top_25,51_75,51_75
direct_gbt_schedule_building,2027,Missouri,missouri,SEC,Dennis Gates,0.7145600945869808,51_75,71,2159,0.19380567702662874,0.19380567702662874,0.19380567702662874,0.1047172141269449,13.0,0.38461538461538464,0.6153846153846154,0.23076923076923078,0.38461538461538464,0.39370078740157477,0.6062992125984251,0.15354330708661418,0.45275590551181094,0.8426166199979326,0.17577974330876964,3.5267448682883322,0.13962189246251105,7.948842713032219,88.18128768132486,0.8350073802731721,0.8852668845388275,0.39743589743589747,0.8350073802731721,0.0,0.8852668845388275,0.0,0.8426166199979326,7.0,48.0,5,0.8350073802731721,7.628282346416667,4250.8099999999995,60.0,60.0,0.8379120879120879,91,True,99,True,122,True,146,True,167,True,181,True,209,True,241,True,257,True,top_25,51_75,51_75
direct_gbt_schedule_building,2027,Wichita St.,wichita state,Amer,Paul Mills,0.7142208350156892,51_75,71,2159,0.3179791498253161,0.3179791498253161,0.3179791498253161,0.24566215276357237,11.0,0.5454545454545454,0.4545454545454546,0.09090909090909091,0.36363636363636365,0.5333333333333333,0.4666666666666666,0.05777777777777778,0.40888888888888886,0.5232105829869509,0.32020111651315836,13.918402751894604,0.2639663163665759,5.847531954872197,73.31075,0.8012653140201559,0.13089005235602091,,0.8012653140201559,0.14078203539550715,0.007562536358347876,0.3276284839549082,0.5232105829869509,167.0,,4,0.8012653140201559,5.907656829666666,2876.3,61.0,61.0,0.8351648351648352,91,True,99,True,122,True,146,True,167,True,181,True,209,True,241,True,257,True,top_25,51_75,51_75
direct_gbt_schedule_building,2027,West Virginia,west virginia,B12,Ross Hodge,0.7141791156909089,51_75,71,2159,0.07223729436813246,0.07223729436813246,0.07223729436813246,0.0,11.0,0.09090909090909091,0.9090909090909091,0.36363636363636365,0.5454545454545454,0.09523809523809525,0.9047619047619048,0.24761904761904766,0.6571428571428571,0.8398649353974911,0.06288443612931659,1.1303099999999988,0.03611864718406623,8.053011233346279,78.04134206123672,0.8329108892155138,0.780899727303853,0.7051282051282051,0.8329108892155138,0.0,0.780899727303853,0.0,0.8398649353974911,14.0,24.0,6,0.8329108892155138,9.215080978133335,4736.05,62.0,62.0,0.8324175824175825,91,True,99,True,122,True,146,True,167,True,181,True,209,True,241,True,257,True,top_25,51_75,51_75
direct_gbt_schedule_building,2027,Xavier,xavier,BE,Richard Pitino,0.7120833724541926,76_100,71,2159,0.0009278251297752167,0.0009278251297752167,0.0009278251297752167,0.0,11.0,0.09090909090909091,0.9090909090909091,0.2727272727272727,0.6363636363636364,0.09090909090909093,0.9090909090909092,0.1772727272727273,0.7318181818181818,0.7999620261601735,0.0010153490493051167,12.170919999999999,0.00046391256488760834,16.174979101531886,65.75277115685506,0.9541709944421057,0.624929520741039,1.0,0.9541709944421057,0.0,0.624929520741039,0.0,0.7999620261601735,58.0,1.0,7,0.9541709944421057,27.48761610455,5183.3,63.0,63.0,0.8296703296703296,91,True,99,True,122,True,146,True,167,True,181,True,209,True,241,True,257,True,top_25,51_75,51_75
direct_gbt_schedule_building,2027,Creighton,creighton,BE,Alan Huss,0.7114209635989621,76_100,71,2159,0.3917042858796449,0.3917042858796449,0.3917042858796449,0.4093391931037275,13.0,0.46153846153846156,0.5384615384615385,0.23076923076923078,0.3076923076923077,0.4780876494023904,0.5219123505976095,0.1553784860557769,0.3665338645418326,0.7985663467288517,0.39677640539506526,7.706151229337873,0.3587986467339783,10.366941956960902,74.40604874882834,0.8642327938354587,0.7221103503826019,0.641025641025641,0.8642327938354587,0.0,0.7221103503826019,0.0,0.7985663467288517,46.0,29.0,4,0.8642327938354587,12.840341394683334,2721.17,64.0,64.0,0.8269230769230769,91,True,99,True,122,True,146,True,167,True,181,True,209,True,241,True,257,True,top_25,51_75,51_75
direct_gbt_schedule_building,2027,Butler,butler,BE,Ronald Nored,0.70997737978187,76_100,71,2159,0.09694620082767957,0.09694620082767957,0.09694620082767957,0.11894268921876013,9.0,0.2222222222222222,0.7777777777777778,0.2222222222222222,0.5555555555555556,0.22099447513812154,0.7790055248618784,0.143646408839779,0.6353591160220994,0.8294221963095301,0.09137246828566974,12.023147530230414,0.09638851709973692,4.834233759190153,72.23113557922701,0.7669078140913195,0.6659916000230137,0.05128205128205132,0.7669078140913195,0.0,0.6659916000230137,0.0,0.8294221963095301,87.0,75.0,5,0.7669078140913195,9.331657223466667,2768.2400000000002,65.0,65.0,0.8241758241758241,91,True,99,True,122,True,146,True,167,True,181,True,209,True,241,True,257,True,top_25,51_75,51_75
direct_gbt_schedule_building,2027,Oklahoma St.,oklahoma state,B12,Steve Lutz,0.7060998927909503,76_100,71,2159,0.25372547855597155,0.25372547855597155,0.25372547855597155,0.17027691607946815,14.0,0.35714285714285715,0.6428571428571428,0.2857142857142857,0.35714285714285715,0.3745318352059925,0.6254681647940075,0.1947565543071161,0.4307116104868913,0.7891547042822429,0.23796125743263918,2.6126648758836613,0.19459415146156922,10.45311912754947,81.50754525664551,0.8947933664737662,0.8194019604639158,0.8461538461538461,0.8947933664737662,0.0,0.8194019604639158,0.0,0.7891547042822429,9.0,13.0,5,0.8947933664737662,13.658580061950001,3728.7100000000005,66.0,66.0,0.8214285714285714,91,True,99,True,122,True,146,True,167,True,181,True,209,True,241,True,257,True,top_25,51_75,51_75
direct_gbt_schedule_building,2027,Arizona St.,arizona state,B12,Randy Bennett,0.70218369038918,51_75,71,2159,0.20664117187168565,0.20664117187168565,0.20664117187168565,0.21771301262252213,13.0,0.23076923076923078,0.7692307692307692,0.23076923076923078,0.5384615384615384,0.23076923076923078,0.7692307692307692,0.15000000000000002,0.6192307692307691,0.8692690464992117,0.19510846395060813,0.2842248595143184,0.19874576517718073,16.825154837382147,67.37099486551357,0.947565926899319,0.6165928312525171,0.28205128205128205,0.947565926899319,0.0,0.6165928312525171,0.0,0.8692690464992117,88.0,57.0,7,0.947565926899319,26.1098141668,5003.46,67.0,67.0,0.8186813186813187,91,True,99,True,122,True,146,True,167,True,181,True,209,True,241,True,257,True,top_25,51_75,51_75
direct_gbt_schedule_building,2027,Providence,providence,BE,Brian Hodgson,0.7003935476414568,51_75,71,2159,0.1370150936823803,0.1370150936823803,0.1370150936823803,0.15045613911138978,11.0,0.18181818181818182,0.8181818181818182,0.09090909090909091,0.7272727272727273,0.1687763713080169,0.8312236286919832,0.054852320675105495,0.7763713080168777,0.7538634484699194,0.1316290917067198,4.385340196330848,0.13137304391721355,14.564149629005742,73.31075,0.9112343380615024,0.09947643979057598,0.5641025641025641,0.9112343380615024,0.022172665640036046,0.005456513575010498,0.7074561949507023,0.7538634484699194,173.0,35.0,8,0.9112343380615024,27.070445198083334,5945.370000000001,68.0,68.0,0.8159340659340659,91,True,99,True,122,True,146,True,167,True,181,True,209,True,241,True,257,True,top_25,51_75,51_75
direct_gbt_schedule_building,2027,Saint Louis,saint louis,A10,Josh Schertz,0.700060021388304,76_100,71,2159,0.5881885815209639,0.5881885815209639,0.5881885815209639,0.5863203472630533,13.0,0.6923076923076923,0.3076923076923077,0.07692307692307693,0.23076923076923078,0.6870229007633588,0.31297709923664124,0.04961832061068703,0.2633587786259542,0.8153892808091359,0.5872422775839506,17.56919218485136,0.5316616250222426,0.7196235450556218,64.18561950151307,0.5982264125893979,0.588861400379725,,0.5982264125893979,0.0,0.588861400379725,0.0,0.8153892808091359,83.0,,3,0.5982264125893979,1.2235742323500003,1089.94,69.0,69.0,0.8131868131868132,91,True,99,True,122,True,146,True,167,True,181,True,209,True,241,True,257,True,top_25,51_75,51_75
direct_gbt_schedule_building,2027,Maryland,maryland,B10,Buzz Williams,0.6978739695048355,101_135,71,2159,0.3103048438941388,0.3103048438941388,0.3103048438941388,0.24071450878914968,15.0,0.3333333333333333,0.6666666666666667,0.26666666666666666,0.4,0.3448275862068966,0.6551724137931034,0.17931034482758623,0.47586206896551725,0.8215837232831105,0.2940664659348424,-0.5533093388824804,0.25290372452777204,13.802702563778254,79.32722788112007,0.9309952237789229,0.7960461190359971,0.7435897435897436,0.9309952237789229,0.0,0.7960461190359971,0.0,0.8215837232831105,11.0,21.0,6,0.9309952237789229,20.85434917006667,4559.6900000000005,70.0,70.0,0.8104395604395604,91,True,99,True,122,True,146,True,167,True,181,True,209,True,241,True,257,True,top_25,51_75,51_75
direct_gbt_schedule_building,2027,Oregon,oregon,B10,Dana Altman,0.6978739695048355,101_135,71,2159,0.1248507789068689,0.1248507789068689,0.1248507789068689,0.1463974208977993,12.0,0.16666666666666666,0.8333333333333334,0.25,0.5833333333333334,0.16666666666666666,0.8333333333333333,0.1625,0.6708333333333333,0.8306517272435077,0.11560966110072907,2.569253961909572,0.11977998546310288,11.136143037768752,73.51550074417227,0.878618593707888,0.7273965262940787,0.6153846153846154,0.878618593707888,0.0,0.7273965262940787,0.0,0.8306517272435077,25.0,31.0,7,0.878618593707888,11.746631228816666,4256.79,71.0,71.0,0.8076923076923077,91,True,99,True,122,True,146,True,167,True,181,True,209,True,241,True,257,True,top_25,51_75,51_75
direct_gbt_schedule_building,2027,New Mexico,new mexico,MWC,Eric Olen,0.6929311061089765,101_135,71,2159,0.1348355492963224,0.1348355492963224,0.1348355492963224,0.1547231997144023,5.0,0.2,0.8,0.0,0.8,0.1785714285714286,0.8214285714285714,0.0,0.8214285714285714,0.7509175547198967,0.1323685966094029,9.765967499999997,0.1348355492963224,7.373172338160393,,0.7986656614702977,,,0.7986656614702977,0.024077776660057577,,0.6560467933506017,0.7509175547198967,,,4,0.7986656614702977,8.7544938275,1716.22,72.0,72.0,0.804945054945055,91,True,99,True,122,True,146,True,167,True,181,True,209,True,241,True,257,True,top_25,51_75,51_75
direct_gbt_schedule_building,2027,Memphis,memphis,Amer,Penny Hardaway,0.6910882061872138,101_135,71,2159,0.19706112172252127,0.19706112172252127,0.19706112172252127,0.23940266917514258,14.0,0.21428571428571427,0.7857142857142857,0.21428571428571427,0.5714285714285714,0.21201413427561838,0.7879858657243816,0.13780918727915195,0.6501766784452296,0.777428513349652,0.20222191150568605,8.07813800595566,0.18375741076079677,9.20245180241937,67.63558901532514,0.8591964969163782,0.6446579598412059,,0.8591964969163782,0.0,0.6446579598412059,0.0,0.777428513349652,57.0,,8,0.8591964969163782,14.728418734250003,5475.52,73.0,73.0,0.8021978021978022,91,True,99,True,122,True,146,True,167,True,181,True,209,True,241,True,257,True,top_25,51_75,51_75
direct_gbt_schedule_building,2027,Minnesota,minnesota,B10,Niko Medved,0.6901330045102733,76_100,71,2159,0.7969800794305925,0.7969800794305925,0.7969800794305925,0.8137406274273576,15.0,0.4666666666666667,0.5333333333333333,0.2,0.3333333333333333,0.4761904761904762,0.5238095238095238,0.1326530612244898,0.391156462585034,0.7167364100944699,0.7683132202684627,7.9683674131789495,0.783007815718628,4.043190866570834,47.42020025535294,0.5358060418462729,0.44338863227386016,0.4358974358974359,0.5358060418462729,0.0,0.44338863227386016,0.0,0.7167364100944699,56.0,45.0,5,0.5358060418462729,-0.9393341589166669,1434.0000000000002,74.0,74.0,0.7994505494505495,91,True,99,True,122,True,146,True,167,True,181,True,209,True,241,True,257,True,top_25,51_75,51_75
direct_gbt_schedule_building,2027,Stanford,stanford,ACC,Kyle Smith,0.6901330045102733,76_100,71,2159,0.17004271633635715,0.17004271633635715,0.17004271633635715,0.13487475552880998,11.0,0.5454545454545454,0.4545454545454546,0.36363636363636365,0.09090909090909091,0.6153846153846154,0.3846153846153847,0.2666666666666667,0.11794871794871796,0.7876301669033829,0.15076049430492558,4.558798649971147,0.13914959774192087,5.143255256661059,72.91921584893599,0.7024074158774142,0.7227669223181782,0.11538461538461542,0.7024074158774142,0.0,0.7227669223181782,0.0,0.7876301669033829,23.0,70.0,1,0.7024074158774142,3.3062545607500002,601.21,75.0,75.0,0.7967032967032968,91,True,99,True,122,True,146,True,167,True,181,True,209,True,241,True,257,True,top_25,51_75,51_75
direct_gbt_schedule_building,2027,Mississippi St.,mississippi state,SEC,Chris Jans,0.6886986523041874,101_135,71,2159,0.044889783273127135,0.044889783273127135,0.044889783273127135,0.0,8.0,0.125,0.875,0.375,0.5,0.13245033112582782,0.8675496688741722,0.2582781456953643,0.609271523178808,0.8101908009568853,0.04641238793020273,3.341272499999995,0.022444891636563567,4.946456537176425,77.85617987006401,0.7600949242833465,0.7729594598598746,0.7564102564102564,0.7600949242833465,0.0,0.7729594598598746,0.0,0.8101908009568853,22.0,20.0,4,0.7600949242833465,5.035875234466667,3015.07,76.0,76.0,0.793956043956044,91,True,99,True,122,True,146,True,167,True,181,True,209,True,241,True,257,True,top_25,76_100,76_100
direct_gbt_schedule_building,2027,Santa Clara,santa clara,WCC,Herb Sendek,0.6859948764436496,101_135,71,2159,0.2983469693950511,0.2983469693950511,0.2983469693950511,0.1580998983648543,7.0,0.5714285714285714,0.42857142857142855,0.14285714285714285,0.2857142857142857,0.5755395683453237,0.4244604316546763,0.09352517985611512,0.33093525179856115,0.5214295856135136,0.2681574605891026,9.648478209423791,0.21492841067598134,0.01648940975270869,73.31075,0.424671880330529,0.06282722513089001,,0.424671880330529,0.12369980470560077,0.005875927530227124,0.14053889564895203,0.5214295856135136,180.0,,2,0.424671880330529,-1.4834631733333332,990.75,77.0,77.0,0.7912087912087912,91,True,99,True,122,True,146,True,167,True,181,True,209,True,241,True,257,True,top_25,76_100,76_100
direct_gbt_schedule_building,2027,Wake Forest,wake forest,ACC,Steve Forbes,0.6844910297358398,76_100,71,2159,0.04344900889899025,0.04344900889899025,0.04344900889899025,0.0,12.0,0.25,0.75,0.16666666666666666,0.5833333333333334,0.24291497975708504,0.757085020242915,0.10526315789473685,0.6518218623481782,0.8167303403340015,0.036121070419973623,-1.2846901846128835,0.021724504449495124,8.783030398851345,78.64020819747263,0.8556848937834387,0.7770374119479395,0.33333333333333337,0.8556848937834387,0.0,0.7770374119479395,0.0,0.8167303403340015,29.0,53.0,7,0.8556848937834387,10.916116461983334,4341.6,78.0,78.0,0.7884615384615384,91,True,99,True,122,True,146,True,167,True,181,True,209,True,241,True,257,True,top_25,76_100,76_100
direct_gbt_schedule_building,2027,Notre Dame,notre dame,ACC,Micah Shrewsberry,0.6826595020477519,76_100,71,2159,0.3464120862724681,0.3464120862724681,0.3464120862724681,0.32826390896273444,13.0,0.38461538461538464,0.6153846153846154,0.23076923076923078,0.38461538461538464,0.39370078740157477,0.6062992125984251,0.15354330708661418,0.45275590551181094,0.7396662495311106,0.3305302224502578,2.9423205645593677,0.3056932971854147,9.675846453826,54.190819471796175,0.8837390229549126,0.5223682594485347,0.038461538461538436,0.8837390229549126,0.0,0.5223682594485347,0.0,0.7396662495311106,43.0,76.0,5,0.8837390229549126,12.35459977035,3224.1400000000003,79.0,79.0,0.7857142857142857,91,True,99,True,122,True,146,True,167,True,181,True,209,True,241,True,257,True,top_25,76_100,76_100
direct_gbt_schedule_building,2027,Pittsburgh,pittsburgh,ACC,Jeff Capel III,0.6770175272733183,76_100,71,2159,0.019705292789913967,0.019705292789913967,0.019705292789913967,0.0,14.0,0.07142857142857142,0.9285714285714286,0.14285714285714285,0.7857142857142857,0.06688963210702341,0.9331103678929764,0.08695652173913043,0.846153846153846,0.7914114259934587,0.01742127265985789,0.19922249999999853,0.009852646394956983,7.86370151861451,78.64879921993415,0.8082238484060879,0.7782693746044532,0.2435897435897436,0.8082238484060879,0.0,0.7782693746044532,0.0,0.7914114259934587,27.0,60.0,11,0.8082238484060879,15.627975524566668,6379.01,80.0,80.0,0.782967032967033,91,True,99,True,122,True,146,True,167,True,181,True,209,True,241,True,257,True,top_25,76_100,76_100
direct_gbt_schedule_building,2027,Yale,yale,Ivy,James Jones,0.6754831861101023,76_100,71,2159,0.35427464557386473,0.35427464557386473,0.35427464557386473,0.3560110794932817,9.0,1.0,0.0,0.0,0.0,1.0,0.0,0.0,0.0,0.4774639425044067,0.3611850219797503,7.492019873640314,0.3371707866736794,,,,,,,0.3371707866736794,,,0.4774639425044067,,,,,,,81.0,81.0,0.7802197802197802,91,True,99,True,122,True,146,True,167,True,181,True,209,True,241,True,257,True,top_25,76_100,76_100
direct_gbt_schedule_building,2027,Penn St.,penn state,B10,Mike Rhoades,0.6689049076504816,136_160,71,2159,0.20160375501173447,0.20160375501173447,0.20160375501173447,0.1447515852082568,13.0,0.3076923076923077,0.6923076923076923,0.3076923076923077,0.38461538461538464,0.3238866396761134,0.6761133603238867,0.2105263157894737,0.46558704453441296,0.7362281906910382,0.19370950875686088,0.2518341762900489,0.16267082084631518,6.118278187967854,51.136941391941335,0.8106748690915052,0.4446349462056268,0.4871794871794872,0.8106748690915052,0.0,0.4446349462056268,0.0,0.7362281906910382,99.0,41.0,5,0.8106748690915052,9.9925382773,3168.63,82.0,82.0,0.7774725274725275,91,True,99,True,122,True,146,True,167,True,181,True,209,True,241,True,257,True,top_25,76_100,76_100
direct_gbt_schedule_building,2027,Colorado St.,colorado state,MWC,Ali Farokhmanesh,0.6685988817786733,76_100,71,2159,0.6071423701335597,0.6071423701335597,0.6071423701335597,0.5607264926187185,13.0,0.6153846153846154,0.38461538461538464,0.23076923076923078,0.15384615384615385,0.6530612244897959,0.34693877551020413,0.15918367346938778,0.18775510204081633,0.6601434815226725,0.6121423956927038,12.684508138611534,0.5372224452845055,3.2911293747719097,35.45325308268987,0.6374507096533616,0.3163952803843437,,0.6374507096533616,0.0,0.3163952803843437,0.0,0.6601434815226725,67.0,,2,0.6374507096533616,3.7127387064166664,881.53,83.0,83.0,0.7747252747252747,91,True,99,True,122,True,146,True,167,True,181,True,209,True,241,True,257,True,top_25,76_100,76_100
direct_gbt_schedule_building,2027,Kansas St.,kansas state,B12,Casey Alexander,0.6678049046536945,101_135,71,2159,0.09716033024793595,0.09716033024793595,0.09716033024793595,0.0,14.0,0.14285714285714285,0.8571428571428572,0.14285714285714285,0.7142857142857143,0.13513513513513511,0.8648648648648648,0.08783783783783784,0.777027027027027,0.7554164941649839,0.09051241323382207,1.4248637717704202,0.048580165123967976,9.139276475931357,34.8786359773795,0.8356023385895629,0.26126229791151256,0.5,0.8356023385895629,0.0,0.26126229791151256,0.0,0.7554164941649839,123.0,40.0,10,0.8356023385895629,11.280679643266668,5142.81,84.0,84.0,0.771978021978022,91,True,99,True,122,True,146,True,167,True,181,True,209,True,241,True,257,True,top_25,76_100,76_100
direct_gbt_schedule_building,2027,Washington,washington,B10,Danny Sprinkle,0.6668497029767539,51_75,71,2159,0.15113535410433843,0.15113535410433843,0.15113535410433843,0.08574866686938658,11.0,0.45454545454545453,0.5454545454545454,0.18181818181818182,0.36363636363636365,0.4587155963302752,0.5412844036697247,0.11926605504587157,0.4220183486238532,0.7594007637118649,0.13807672418410655,2.578582746126703,0.11020957271974124,7.874027433148874,34.658855757599284,0.8282298926824035,0.25801737529486224,0.012820512820512775,0.8282298926824035,0.0,0.25801737529486224,0.0,0.7594007637118649,124.0,78.0,4,0.8282298926824035,8.54651599665,3156.8599999999997,85.0,85.0,0.7692307692307692,91,True,99,True,122,True,146,True,167,True,181,True,209,True,241,True,257,True,top_25,76_100,76_100
direct_gbt_schedule_building,2027,South Carolina,south carolina,SEC,Lamont Paris,0.6604762035110197,76_100,71,2159,0.1022383115288565,0.1022383115288565,0.1022383115288565,0.07410732191800445,10.0,0.3,0.7,0.1,0.6,0.2843601895734597,0.7156398104265402,0.06161137440758294,0.6540284360189573,0.7626652939958417,0.09288524729553364,1.5959097666883175,0.08108068454371217,8.941531554342822,81.75710222169141,0.8464338372390939,0.7905529025947875,0.8846153846153846,0.8464338372390939,0.0,0.7905529025947875,0.0,0.7626652939958417,52.0,10.0,6,0.8464338372390939,9.972526353000001,4516.870000000001,86.0,86.0,0.7664835164835164,91,True,99,True,122,True,146,True,167,True,181,True,209,True,241,True,257,True,top_25,76_100,76_100
direct_gbt_schedule_building,2027,Georgetown,georgetown,BE,Ed Cooley,0.6599306642442203,51_75,71,2159,0.32021236363636363,0.32021236363636363,0.32021236363636363,0.29691386154378296,11.0,0.5454545454545454,0.4545454545454546,0.09090909090909091,0.36363636363636365,0.5333333333333333,0.4666666666666666,0.05777777777777778,0.40888888888888886,0.7996612789479282,0.316572888014987,10.075989338098355,0.2780967272727273,5.498294369660876,68.05202816531302,0.7797126883394364,0.6387894827685403,0.1923076923076923,0.7797126883394364,0.0,0.6387894827685403,0.0,0.7996612789479282,71.0,64.0,4,0.7797126883394364,5.225769353416667,2055.45,87.0,87.0,0.7637362637362637,91,True,99,True,122,True,146,True,167,True,181,True,209,True,241,True,257,True,top_25,76_100,76_100
direct_gbt_schedule_building,2027,Grand Canyon,grand canyon,MWC,Bryce Drew,0.6537123213222273,101_135,71,2159,0.12477354085603114,0.12477354085603114,0.12477354085603114,0.12850759606791778,10.0,0.3,0.7,0.0,0.7,0.27149321266968324,0.7285067873303167,0.0,0.7285067873303167,0.6998139552671002,0.12342466234016662,10.261929211739245,0.11834007782101169,9.242976299692447,,0.8651936468727309,,,0.8651936468727309,0.03212852791520679,,0.6302994441018537,0.6998139552671002,,,7,0.8651936468727309,11.416613246116668,5063.21,88.0,88.0,0.760989010989011,91,True,99,True,122,True,146,True,167,True,181,True,209,True,241,True,257,True,top_25,76_100,76_100
direct_gbt_schedule_building,2027,San Francisco,san francisco,WCC,Chris Gerlufsen,0.650064783130011,101_135,71,2159,0.011446511627906976,0.011446511627906976,0.011446511627906976,0.0,7.0,0.14285714285714285,0.8571428571428571,0.42857142857142855,0.42857142857142855,0.15625000000000003,0.84375,0.30468750000000006,0.5390625,0.701961149517602,0.008289331004229898,-14.275627499999995,0.005723255813953488,4.744143211669212,54.62876661223427,0.6679392858150587,0.5259078568108795,,0.6679392858150587,0.0,0.5259078568108795,0.0,0.701961149517602,44.0,,3,0.6679392858150587,2.5310694715,1011.8900000000001,89.0,89.0,0.7582417582417582,91,True,99,True,122,True,146,True,167,True,181,True,209,True,241,True,257,True,top_25,76_100,76_100
direct_gbt_schedule_building,2027,Rutgers,rutgers,B10,Steve Pikiell,0.6489647801332239,101_135,71,2159,0.5778447247303108,0.5778447247303108,0.5778447247303108,0.6007722781259688,12.0,0.5833333333333334,0.41666666666666663,0.08333333333333333,0.3333333333333333,0.5714285714285714,0.42857142857142844,0.05306122448979591,0.37551020408163255,0.7553159972662591,0.6009827579490369,4.727206396789381,0.5198886219730362,3.9721356070133202,55.543029120879126,0.7384966802486391,0.4906852309993671,0.21794871794871795,0.7384966802486391,0.0,0.4906852309993671,0.0,0.7553159972662591,97.0,62.0,4,0.7384966802486391,5.133307135066667,1815.4,90.0,90.0,0.7554945054945055,91,True,99,True,122,True,146,True,167,True,181,True,209,True,241,True,257,True,top_25,76_100,76_100
direct_gbt_schedule_building,2027,Davidson,davidson,A10,Matt McKillop,0.6487457680119679,101_135,71,2159,0.4527452467254877,0.4527452467254877,0.4527452467254877,0.43433691061070956,9.0,0.6666666666666666,0.3333333333333333,0.0,0.3333333333333333,0.634920634920635,0.3650793650793651,0.0,0.3650793650793651,0.5708583488755106,0.44654313899816955,5.870404303077241,0.38891600167412876,4.469217503465718,,0.7022388256838964,,,0.7022388256838964,0.24693079471373258,,0.25637290461475587,0.5708583488755106,,,3,0.7022388256838964,4.462297572666667,1221.82,91.0,91.0,0.7527472527472527,91,True,99,True,122,True,146,True,167,True,181,True,209,True,241,True,257,True,top_25,76_100,76_100
direct_gbt_schedule_building,2027,Utah,utah,B12,Alex Jensen,0.6487457680119679,101_135,71,2159,0.08625978792250907,0.08625978792250907,0.08625978792250907,0.08442053375218596,10.0,0.3,0.7,0.3,0.4,0.31413612565445026,0.6858638743455497,0.2041884816753927,0.4816753926701571,0.6296536980940928,0.07001769466892376,-11.712113181949409,0.08002088712702393,9.038514254217093,33.27491587204331,0.8595797121540747,0.272792129336632,0.20512820512820518,0.8595797121540747,0.0,0.272792129336632,0.0,0.6296536980940928,91.0,63.0,4,0.8595797121540747,15.079721553233334,2914.16,92.0,92.0,0.75,91,False,99,True,122,True,146,True,167,True,181,True,209,True,241,True,257,True,26_50,76_100,76_100
direct_gbt_schedule_building,2027,Belmont,belmont,MVC,Evan Bradds,0.6347613049666887,76_100,71,2159,0.38777476066200184,0.38777476066200184,0.38777476066200184,0.3768104814947003,12.0,0.5833333333333334,0.4166666666666667,0.0,0.4166666666666667,0.5490196078431373,0.4509803921568627,0.0,0.4509803921568627,0.383047756619263,0.37556558158071834,7.815424137052748,0.3391711056671462,-0.9018466713444643,,0.3585650592362154,,,0.3585650592362154,0.18621158742509988,,0.1617058110280971,0.383047756619263,,,5,0.3585650592362154,-0.15048088018333333,591.63,93.0,93.0,0.7472527472527473,91,False,99,True,122,True,146,True,167,True,181,True,209,True,241,True,257,True,26_50,76_100,76_100
direct_gbt_schedule_building,2027,North Texas,north texas,Amer,Daniyal Robinson,0.6301557884086372,136_160,71,2159,0.6328111835692115,0.6328111835692115,0.6328111835692115,0.7210228113286211,11.0,0.5454545454545454,0.45454545454545453,0.18181818181818182,0.2727272727272727,0.5581395348837209,0.4418604651162791,0.12093023255813956,0.3209302325581395,0.6410202786373245,0.6379637041824134,10.30934994117018,0.6119026209324996,1.8448435850957015,60.160467479210936,0.5917758126517921,0.5378861975720615,,0.5917758126517921,0.0,0.5378861975720615,0.0,0.6410202786373245,96.0,,3,0.5917758126517921,0.9311406349,1241.6100000000001,94.0,94.0,0.7445054945054945,91,False,99,True,122,True,146,True,167,True,181,True,209,True,241,True,257,True,26_50,76_100,76_100
direct_gbt_schedule_building,2027,High Point,high point,BSth,Flynn Clayman,0.6284007016507732,136_160,71,2159,0.2357222448620533,0.2357222448620533,0.2357222448620533,0.26647328699518563,10.0,0.4,0.6,0.1,0.5,0.38461538461538464,0.6153846153846153,0.0625,0.5528846153846153,0.7140761775477845,0.22150656609378402,10.866313073279485,0.22402380139638473,12.279591697057375,65.96784676700103,0.9055573830876364,0.6106322996375353,,0.9055573830876364,0.0,0.6106322996375353,0.0,0.7140761775477845,79.0,,5,0.9055573830876364,18.093332393883333,4147.92,95.0,95.0,0.7417582417582418,91,False,99,True,122,True,146,True,167,True,181,True,209,True,241,True,257,True,26_50,76_100,76_100
direct_gbt_schedule_building,2027,South Florida,south florida,Amer,Chris Mack,0.6248936707789204,136_160,71,2159,0.13435470248150172,0.13435470248150172,0.13435470248150172,0.15729321894628356,14.0,0.07142857142857142,0.9285714285714286,0.21428571428571427,0.7142857142857143,0.06920415224913495,0.9307958477508651,0.13494809688581316,0.795847750865052,0.7396352604190904,0.1494054091033822,19.340937500000006,0.13435470248150172,9.3394029354241,51.81401233113959,0.8525185999036352,0.45541683447442616,,0.8525185999036352,0.0,0.45541683447442616,0.0,0.7396352604190904,95.0,,10,0.8525185999036352,14.046984199366666,5886.33,96.0,96.0,0.739010989010989,91,False,99,True,122,True,146,True,167,True,181,True,209,True,241,True,257,True,26_50,76_100,76_100
direct_gbt_schedule_building,2027,Liberty,liberty,CUSA,Ritchie McKay,0.624685312599417,101_135,71,2159,0.08632118565830886,0.08632118565830886,0.08632118565830886,0.0636933379408913,15.0,0.4666666666666667,0.5333333333333333,0.2,0.3333333333333333,0.4761904761904762,0.5238095238095238,0.1326530612244898,0.391156462585034,0.638947312986215,0.07633521591928467,-2.6637568460269443,0.07353564702889427,4.056213070497404,38.5480330462303,0.6992954149719601,0.35019846990770054,,0.6992954149719601,0.0,0.35019846990770054,0.0,0.638947312986215,63.0,,5,0.6992954149719601,4.1446609626,2001.3000000000002,97.0,97.0,0.7362637362637363,91,False,99,True,122,True,146,True,167,True,181,True,209,True,241,True,257,True,26_50,76_100,76_100
direct_gbt_schedule_building,2027,Akron,akron,MAC,Dustin Ford,0.623882107322836,76_100,71,2159,0.09657181641613313,0.09657181641613313,0.09657181641613313,0.0,9.0,0.2222222222222222,0.7777777777777777,0.1111111111111111,0.6666666666666666,0.20942408376963353,0.7905759162303666,0.06806282722513089,0.7225130890052357,0.704907649405233,0.0804327497817885,10.76116869393502,0.048285908208066566,4.0444904430266355,16.514164652014717,0.7300052370387409,0.04878890742765088,,0.7300052370387409,0.0,0.04878890742765088,0.0,0.704907649405233,158.0,,6,0.7300052370387409,4.913871082383333,3161.58,98.0,98.0,0.7335164835164836,91,False,99,True,122,True,146,True,167,True,181,True,209,True,241,True,257,True,26_50,76_100,76_100
direct_gbt_schedule_building,2027,McNeese,mcneese state,Slnd,Bill Armstrong,0.6195535217708142,136_160,71,2159,0.11893388683744369,0.11893388683744369,0.11893388683744369,0.0,10.0,0.3,0.7,0.1,0.6,0.2843601895734597,0.7156398104265402,0.06161137440758294,0.6540284360189573,0.6966879811019964,0.10155774304055665,9.771292274123178,0.05946694341872184,2.552026368143395,15.34859688644682,0.5306964750239727,0.03570565560094355,,0.5306964750239727,0.0,0.03570565560094355,0.0,0.6966879811019964,160.0,,6,0.5306964750239727,1.5415669397833331,757.85,99.0,99.0,0.7307692307692308,91,False,99,True,122,True,146,True,167,True,181,True,209,True,241,True,257,True,26_50,76_100,76_100
direct_gbt_schedule_building,2027,California,california,ACC,Mark Madsen,0.6192272697004441,101_135,71,2159,0.1145622337410019,0.1145622337410019,0.1145622337410019,0.0907571719872498,14.0,0.5,0.5,0.21428571428571427,0.2857142857142857,0.5166051660516606,0.4833948339483395,0.14391143911439117,0.3394833948339483,0.6990058215282599,0.09784773328363101,2.2281729267300276,0.0956652696762862,5.160526153140732,44.116309671480565,0.7309148418359628,0.39404522179391294,0.6666666666666667,0.7309148418359628,0.0,0.39404522179391294,0.0,0.6990058215282599,77.0,27.0,4,0.7309148418359628,3.9984878855500003,1857.43,100.0,100.0,0.7280219780219781,91,False,99,False,122,True,146,True,167,True,181,True,209,True,241,True,257,True,51_75,76_100,76_100
direct_gbt_schedule_building,2027,UAB,uab,Amer,Andy Kennedy,0.6184041592967972,101_135,71,2159,0.19361886579570553,0.19361886579570553,0.19361886579570553,0.2261945321008685,10.0,0.2,0.8,0.2,0.6,0.19607843137254902,0.8039215686274509,0.12745098039215685,0.676470588235294,0.7319763994451871,0.1892495234755082,7.264687980279345,0.19361886579570553,0.4966099633439355,55.69819641693994,0.6552275775641035,0.48660031068408033,,0.6552275775641035,0.0,0.48660031068408033,0.0,0.7319763994451871,103.0,,6,0.6552275775641035,3.687463939216667,3785.8499999999995,101.0,101.0,0.7252747252747253,91,False,99,False,122,True,146,True,167,True,181,True,209,True,241,True,257,True,51_75,101_135,101_135
direct_gbt_schedule_building,2027,UNLV,unlv,MWC,Josh Pastner,0.6176895883058355,101_135,71,2159,0.2308440835894534,0.2308440835894534,0.2308440835894534,0.2735475553150159,9.0,0.2222222222222222,0.7777777777777778,0.0,0.7777777777777778,0.1990049751243781,0.8009950248756218,0.0,0.8009950248756218,0.6880655240741056,0.23374367505008323,4.762495704321194,0.2308440835894534,5.350724214697251,,0.7620142606354412,,,0.7620142606354412,0.045939121112329034,,0.6103696316532637,0.6880655240741056,,,7,0.7620142606354412,7.094023823850001,3052.21,102.0,102.0,0.7225274725274725,91,False,99,False,122,True,146,True,167,True,181,True,209,True,241,True,257,True,51_75,101_135,101_135
direct_gbt_schedule_building,2027,Murray St.,murray state,MVC,Ryan Miller,0.6156815674234828,136_160,71,2159,0.27557465996160596,0.27557465996160596,0.27557465996160596,0.15887149274446505,8.0,0.375,0.625,0.125,0.5,0.36363636363636365,0.6363636363636362,0.0787878787878788,0.5575757575757575,0.6390449948091913,0.2816142116158134,8.12240052522556,0.2008313648960074,6.092502523097833,27.11050164835165,0.7970583289994542,0.15732121281859504,,0.7970583289994542,0.0,0.15732121281859504,0.0,0.6390449948091913,153.0,,4,0.7970583289994542,5.2391048937499995,2474.57,103.0,103.0,0.7197802197802198,91,False,99,False,122,True,146,True,167,True,181,True,209,True,241,True,257,True,51_75,101_135,101_135
direct_gbt_schedule_building,2027,Northern Iowa,northern iowa,MVC,Kyle Green,0.6097373344274221,101_135,71,2159,0.09395452417764792,0.09395452417764792,0.09395452417764792,0.06569838913233146,8.0,0.375,0.625,0.125,0.5,0.36363636363636365,0.6363636363636362,0.0787878787878788,0.5575757575757575,0.7098299639681033,0.08369742878218561,0.43890623677099017,0.07544291408388773,2.72368156470924,15.28193021978022,0.6838146453462369,0.033611414763247235,,0.6838146453462369,0.0,0.033611414763247235,0.0,0.7098299639681033,162.0,,4,0.6838146453462369,3.9029110604333335,2719.37,104.0,104.0,0.717032967032967,91,False,99,False,122,True,146,True,167,True,181,True,209,True,241,True,257,True,51_75,101_135,101_135
direct_gbt_schedule_building,2027,Richmond,richmond,A10,Chris Mooney,0.6087816774760687,136_160,71,2159,0.3223743500031325,0.3223743500031325,0.3223743500031325,0.2648063904801967,13.0,0.46153846153846156,0.5384615384615385,0.07692307692307693,0.46153846153846156,0.44280442804428044,0.5571955719557196,0.04797047970479705,0.5092250922509225,0.6554167657419772,0.3188897966854202,8.278364518123473,0.2592790717474454,4.867083210668457,26.45116098901099,0.7762024831033763,0.1517749266440366,,0.7762024831033763,0.0,0.1517749266440366,0.0,0.6554167657419772,152.0,,6,0.7762024831033763,7.269825749683333,4420.65,105.0,105.0,0.7142857142857143,91,False,99,False,122,True,146,True,167,True,181,True,209,True,241,True,257,True,51_75,101_135,101_135
direct_gbt_schedule_building,2027,Syracuse,syracuse,ACC,Gerry McNamara,0.6063229185757886,76_100,71,2159,0.08387778028098213,0.08387778028098213,0.08387778028098213,0.09635220662940759,12.0,0.25,0.75,0.25,0.5,0.25316455696202533,0.7468354430379747,0.16455696202531647,0.5822784810126582,0.6179321555240301,0.08865042656451168,-1.03249007491321,0.08343410008015362,16.585540924564935,65.58205262418002,0.93765535505427,0.5948219319947069,0.8333333333333334,0.93765535505427,0.0,0.5948219319947069,0.0,0.6179321555240301,92.0,14.0,6,0.93765535505427,26.86075670165,5309.650000000001,106.0,106.0,0.7115384615384616,91,False,99,False,122,True,146,True,167,True,181,True,209,True,241,True,257,True,51_75,101_135,101_135
direct_gbt_schedule_building,2027,St. Bonaventure,saint bonaventure,A10,Mike MacDonald,0.6058265772579936,136_160,71,2159,0.18964503492507465,0.18964503492507465,0.18964503492507465,0.15538157686327622,12.0,0.4166666666666667,0.5833333333333334,0.0,0.5833333333333334,0.38314176245210735,0.6168582375478927,0.0,0.6168582375478927,0.46770482616282727,0.1712314827354046,5.746162496233535,0.16710727148324425,1.3609866000252264,,0.6161402743943275,,,0.6161402743943275,0.06402577451465298,,0.38007120374515985,0.46770482616282727,,,7,0.6161402743943275,2.648030146533333,1844.9899999999998,107.0,107.0,0.7087912087912087,91,False,99,False,122,True,146,True,167,True,181,True,209,True,241,True,257,True,51_75,101_135,101_135
direct_gbt_schedule_building,2027,George Mason,george mason,A10,Tony Skinn,0.6057698258608682,101_135,71,2159,0.14430758701939528,0.14430758701939528,0.14430758701939528,0.17516991722920222,13.0,0.3076923076923077,0.6923076923076923,0.15384615384615385,0.5384615384615384,0.2996254681647941,0.7003745318352059,0.09737827715355807,0.6029962546816479,0.6791411334000943,0.13158091468389846,6.859951425446905,0.14314977632847448,6.428366837303018,44.6436841538408,0.7897624418830357,0.40367642828375816,,0.7897624418830357,0.0,0.40367642828375816,0.0,0.6791411334000943,72.0,,7,0.7897624418830357,11.378605599066667,5272.9800000000005,108.0,108.0,0.706043956043956,91,False,99,False,122,True,146,True,167,True,181,True,209,True,241,True,257,True,51_75,101_135,101_135
direct_gbt_schedule_building,2027,UC Irvine,uc irvine,BW,Russell Turner,0.6034341399121168,101_135,71,2159,0.4027895131086142,0.4027895131086142,0.4027895131086142,0.3482648769131003,8.0,0.875,0.125,0.0,0.125,0.8588957055214723,0.1411042944785276,0.0,0.1411042944785276,0.5207773017134698,0.37700611758300523,5.773312396173504,0.34863071161048687,6.442819792875157,,0.5677000501260927,,,0.5677000501260927,0.2994374210151421,,0.08010491504846706,0.5207773017134698,,,1,0.5677000501260927,0.040063499999999995,16.24,109.0,109.0,0.7032967032967032,91,False,99,False,122,True,146,True,167,True,181,True,209,True,241,True,257,True,51_75,101_135,101_135
direct_gbt_schedule_building,2027,Hofstra,hofstra,CAA,Speedy Claxton,0.602858744879568,101_135,71,2159,0.11407768085256759,0.11407768085256759,0.11407768085256759,0.12518440533199562,8.0,0.125,0.875,0.25,0.625,0.12422360248447203,0.8757763975155278,0.16149068322981366,0.7142857142857142,0.582910241803605,0.10248945573078273,3.2316325000000052,0.11407768085256759,-1.3684586470027236,85.176634656765,0.5229259396818411,0.6701570680628273,,0.5229259396818411,0.014171140478579822,0.10822412279275472,0.37351852834417215,0.582910241803605,64.0,,5,0.5229259396818411,1.1307997987,2341.77,110.0,110.0,0.7005494505494505,91,False,99,False,122,True,146,True,167,True,181,True,209,True,241,True,257,True,51_75,101_135,101_135
direct_gbt_schedule_building,2027,Florida Atlantic,florida atlantic,Amer,John Jakus,0.5961633224565187,101_135,71,2159,0.19811410959646347,0.19811410959646347,0.19811410959646347,0.16213810514038413,12.0,0.4166666666666667,0.5833333333333334,0.08333333333333333,0.5,0.398406374501992,0.6015936254980079,0.05179282868525896,0.549800796812749,0.6952469600476043,0.21043152922338618,5.73313655700749,0.16640345369417153,3.5577775729885457,76.24549288899513,0.7092220339072143,0.7283815660779013,,0.7092220339072143,0.0,0.7283815660779013,0.0,0.6952469600476043,61.0,,6,0.7092220339072143,6.165637607766667,2798.58,111.0,111.0,0.6978021978021978,91,False,99,False,122,True,146,True,167,True,181,True,209,True,241,True,257,True,51_75,101_135,101_135
direct_gbt_schedule_building,2027,UNC Wilmington,unc wilmington,CAA,Takayo Siddle,0.5945469452890291,101_135,71,2159,0.27579418092840763,0.27579418092840763,0.27579418092840763,0.2062598281912008,11.0,0.5454545454545454,0.45454545454545453,0.0,0.45454545454545453,0.5106382978723404,0.48936170212765956,0.0,0.48936170212765956,0.4660819560803999,0.28219374489999854,11.137898856454097,0.231762862129472,0.9887540373430532,,0.6324753122075816,,,0.6324753122075816,0.11834699342781548,,0.30950919533562504,0.4660819560803999,,,5,0.6324753122075816,3.085592373466667,1941.53,112.0,112.0,0.695054945054945,91,False,99,False,122,True,146,True,167,True,181,True,209,True,241,True,257,True,51_75,101_135,101_135
direct_gbt_schedule_building,2027,Wyoming,wyoming,MWC,Sundance Wicks,0.5945469452890291,136_160,71,2159,0.43264062500000006,0.43264062500000006,0.43264062500000006,0.5493546345715274,10.0,0.5,0.5,0.1,0.4,0.48780487804878053,0.5121951219512195,0.06341463414634146,0.44878048780487806,0.44629233269374535,0.43871448415071274,10.423805496677378,0.4319875,-4.229863972877072,73.31075,0.3482125509098964,0.11518324607329844,,0.3482125509098964,0.21072560975609758,0.007304303409526243,0.15627099845712425,0.44629233269374535,170.0,,4,0.3482125509098964,0.027207764450000005,1047.3,113.0,113.0,0.6923076923076923,91,False,99,False,122,True,146,True,167,True,181,True,209,True,241,True,257,True,51_75,101_135,101_135
direct_gbt_schedule_building,2027,Georgia Tech,georgia tech,ACC,Scott Cross,0.594319784972785,161_200,71,2159,0.14169431079767714,0.14169431079767714,0.14169431079767714,0.12105841245934773,12.0,0.16666666666666666,0.8333333333333333,0.3333333333333333,0.5,0.17391304347826086,0.8260869565217391,0.22608695652173916,0.6,0.6869544198564725,0.13073820201477468,1.7194964045848282,0.12068851958650274,5.108535492051402,73.33860295431924,0.7602206584054088,0.7171831537559542,0.6794871794871795,0.7602206584054088,0.0,0.7171831537559542,0.0,0.6869544198564725,38.0,26.0,6,0.7602206584054088,10.404596846016666,3235.4700000000003,114.0,114.0,0.6895604395604396,91,False,99,False,122,True,146,True,167,True,181,True,209,True,241,True,257,True,51_75,101_135,101_135
direct_gbt_schedule_building,2027,Tulsa,tulsa,Amer,Eric Konkol,0.5921975657049652,101_135,71,2159,0.1880195442140744,0.1880195442140744,0.1880195442140744,0.09669576565789058,13.0,0.38461538461538464,0.6153846153846154,0.15384615384615385,0.46153846153846156,0.37878787878787884,0.6212121212121212,0.0984848484848485,0.5227272727272727,0.7141314887287501,0.18350957251958486,9.007135055382907,0.13386339528159313,1.6231613014124113,26.64676784551137,0.6668085883069317,0.1747080144985904,,0.6668085883069317,0.0,0.1747080144985904,0.0,0.7141314887287501,128.0,,6,0.6668085883069317,3.2348954640833334,4349.79,115.0,115.0,0.6868131868131868,91,False,99,False,122,True,146,True,167,True,181,True,209,True,241,True,257,True,51_75,101_135,101_135
direct_gbt_schedule_building,2027,Saint Joseph's,saint josephs,A10,Steve Donahue,0.590066852331549,101_135,71,2159,0.28944572974984645,0.28944572974984645,0.28944572974984645,0.3135162518320813,10.0,0.5,0.5,0.1,0.4,0.48780487804878053,0.5121951219512195,0.06341463414634146,0.44878048780487806,0.6344970005159293,0.297281485956533,5.498083967663391,0.2848200955016915,-0.24635123753558652,27.836508974358907,0.5266689330468768,0.1775271848570278,,0.5266689330468768,0.0,0.1775271848570278,0.0,0.6344970005159293,140.0,,4,0.5266689330468768,3.1256368036,1192.62,116.0,116.0,0.6840659340659341,91,False,99,False,122,True,146,True,167,True,181,True,209,True,241,True,257,True,51_75,101_135,101_135
direct_gbt_schedule_building,2027,Illinois St.,illinois state,MVC,Ryan Pedon,0.5893710352286006,136_160,71,2159,0.5368407267219648,0.5368407267219648,0.5368407267219648,0.5589211155489568,11.0,0.6363636363636364,0.36363636363636365,0.0,0.36363636363636365,0.6034482758620691,0.39655172413793105,0.0,0.39655172413793105,0.5281995215366698,0.5399413350699901,11.028990094483582,0.4967046122616895,-0.15780343486243176,,0.5036257998184285,,,0.5036257998184285,0.29973554188205404,,0.19971367923834232,0.5281995215366698,,,4,0.5036257998184285,-0.5306614864,2401.36,117.0,117.0,0.6813186813186813,91,False,99,False,122,True,146,True,167,True,181,True,209,True,241,True,257,True,51_75,101_135,101_135
direct_gbt_schedule_building,2027,DePaul,depaul,BE,Chris Holtmann,0.5877609590021219,101_135,71,2159,0.48498513278927,0.48498513278927,0.48498513278927,0.4361939021813716,15.0,0.4,0.6000000000000001,0.2,0.4,0.4040404040404041,0.595959595959596,0.13131313131313133,0.46464646464646464,0.6767361495020954,0.45702895124983267,5.085471396227323,0.42475613243145693,12.530534641950004,35.639413047949105,0.8930824555889358,0.31726531517364376,0.7692307692307692,0.8930824555889358,0.0,0.31726531517364376,0.0,0.6767361495020954,68.0,19.0,6,0.8930824555889358,22.29024630391667,4855.66,118.0,118.0,0.6785714285714286,91,False,99,False,122,True,146,True,167,True,181,True,209,True,241,True,257,True,51_75,101_135,101_135
direct_gbt_schedule_building,2027,Utah Valley,utah valley,WAC,Todd Phillips,0.5875424701527112,101_135,71,2159,0.38165806362162963,0.38165806362162963,0.38165806362162963,0.24869521559591967,9.0,0.7777777777777778,0.2222222222222222,0.0,0.2222222222222222,0.7526881720430109,0.24731182795698925,0.0,0.24731182795698925,0.4666673514485409,0.37766362580398,9.088126833366738,0.2926623648785401,0.5559642615526245,,0.53506474957812,,,0.53506474957812,0.220283500446213,,0.13232784129351355,0.4666673514485409,,,2,0.53506474957812,0.581297916,887.47,119.0,119.0,0.6758241758241759,91,False,99,False,122,True,146,True,167,True,181,True,209,True,241,True,257,True,51_75,101_135,101_135
direct_gbt_schedule_building,2027,UC Santa Barbara,uc santa barbara,BW,Joe Pasternack,0.5875093132698589,101_135,71,2159,0.3601756042543704,0.3601756042543704,0.3601756042543704,0.36609195948837436,12.0,0.5833333333333334,0.4166666666666667,0.0,0.4166666666666667,0.5490196078431373,0.4509803921568627,0.0,0.4509803921568627,0.5372110137997999,0.3517458515690688,9.853075510559378,0.3378578641591585,5.017737598279391,,0.7504180980308889,,,0.7504180980308889,0.18549059208738117,,0.3384238481315773,0.5372110137997999,,,5,0.7504180980308889,5.0047806818166665,3421.6200000000003,120.0,120.0,0.6730769230769231,91,False,99,False,122,True,146,True,167,True,181,True,209,True,241,True,257,True,51_75,101_135,101_135
direct_gbt_schedule_building,2027,Stephen F. Austin,stephen f austin,Slnd,Matt Braeuer,0.5874628670079095,101_135,71,2159,0.23947636286665025,0.23947636286665025,0.23947636286665025,0.1333784206354401,12.0,0.4166666666666667,0.5833333333333334,0.08333333333333333,0.5,0.398406374501992,0.6015936254980079,0.05179282868525896,0.549800796812749,0.3505682754455833,0.23523429030446488,8.773713510869914,0.17683025528166274,-3.1060025986185025,73.31075,0.4430486374952844,0.0680628272251309,,0.4430486374952844,0.07045030090902897,0.0035251663503055846,0.24358849392171011,0.3505682754455833,179.0,,6,0.4430486374952844,0.3958684413499998,2062.08,121.0,121.0,0.6703296703296704,91,False,99,False,122,True,146,True,167,True,181,True,209,True,241,True,257,True,51_75,101_135,101_135
direct_gbt_schedule_building,2027,George Washington,george washington,A10,Chris Caputo,0.587329139138172,136_160,71,2159,0.12087419395958697,0.12087419395958697,0.12087419395958697,0.14744745176046475,10.0,0.2,0.8,0.0,0.8,0.1785714285714286,0.8214285714285714,0.0,0.8214285714285714,0.6013412528624769,0.11417514739427466,6.483997173109326,0.12060533067253915,2.826163517308786,,0.6684641769440253,,,0.6684641769440253,0.02153666619152485,,0.5490955739183064,0.6013412528624769,,,8,0.6684641769440253,1.8927007306666659,4368.69,122.0,122.0,0.6675824175824177,91,False,99,False,122,True,146,True,167,True,181,True,209,True,241,True,257,True,51_75,101_135,101_135
direct_gbt_schedule_building,2027,St. Thomas,saint thomas,Sum,Johnny Tauer,0.5863921576992267,101_135,71,2159,0.4188947472834808,0.4188947472834808,0.4188947472834808,0.40587530200588096,12.0,0.75,0.25,0.0,0.25,0.7228915662650601,0.2771084337349397,0.0,0.2771084337349397,0.4243733833761546,0.3802710417390955,10.628073055799412,0.3842118505878197,-0.41853690061637666,,0.468120760596458,,,0.468120760596458,0.27774350644902623,,0.12972021076769316,0.4243733833761546,,,3,0.468120760596458,0.7032887704999999,763.14,123.0,123.0,0.6648351648351649,91,False,99,False,122,False,146,True,167,True,181,True,209,True,241,True,257,True,76_100,101_135,101_135
direct_gbt_schedule_building,2027,Oregon St.,oregon state,WCC,Justin Joyner,0.5861649973829828,161_200,71,2159,0.32516216466317804,0.32516216466317804,0.32516216466317804,0.32629432236329653,13.0,0.38461538461538464,0.6153846153846154,0.07692307692307693,0.5384615384615384,0.36496350364963515,0.635036496350365,0.047445255474452566,0.5875912408759124,0.6746849832607987,0.3336799770701882,8.391085138622412,0.289504595536106,6.482936326669338,71.20105269151149,0.8185555797719382,0.6758414360508602,,0.8185555797719382,0.0,0.6758414360508602,0.0,0.6746849832607987,65.0,,7,0.8185555797719382,9.101548184983335,3653.16,124.0,124.0,0.6620879120879121,91,False,99,False,122,False,146,True,167,True,181,True,209,True,241,True,257,True,76_100,101_135,101_135
direct_gbt_schedule_building,2027,Washington St.,washington state,WCC,David Riley,0.5853388576154975,136_160,71,2159,0.0009709630437272077,0.0009709630437272077,0.0009709630437272077,0.0,11.0,0.09090909090909091,0.9090909090909092,0.09090909090909091,0.8181818181818182,0.08333333333333334,0.9166666666666667,0.054166666666666675,0.8625,0.49372307202045607,0.001225886025960332,9.610662499999995,0.0004854815218636038,-0.875170339297326,73.31075,0.533422014890072,0.04712041884816753,,0.533422014890072,4.045679348863366e-05,0.0025523560209424084,0.4600764878426871,0.49372307202045607,183.0,,9,0.533422014890072,-0.2696705146,3216.58,125.0,125.0,0.6593406593406593,91,False,99,False,122,False,146,True,167,True,181,True,209,True,241,True,257,True,76_100,101_135,101_135
direct_gbt_schedule_building,2027,UC San Diego,uc san diego,BW,Clint Allard,0.5823684494910194,101_135,71,2159,0.6158015625,0.6158015625,0.6158015625,0.6237229911737735,9.0,0.6666666666666666,0.3333333333333333,0.0,0.3333333333333333,0.634920634920635,0.3650793650793651,0.0,0.3650793650793651,0.6068452297493762,0.6033393005389903,9.2376330988511,0.5799687499999999,-0.5952911858027649,,0.5644100375851385,,,0.5644100375851385,0.368234126984127,,0.20605445816600299,0.6068452297493762,,,3,0.5644100375851385,0.12889595340000004,2353.15,126.0,126.0,0.6565934065934066,91,False,99,False,122,False,146,True,167,True,181,True,209,True,241,True,257,True,76_100,101_135,101_135
direct_gbt_schedule_building,2027,Miami OH,miami oh,MAC,Travis Steele,0.5807501829247932,136_160,71,2159,0.3611285714285714,0.3611285714285714,0.3611285714285714,0.2608506298409548,12.0,0.75,0.25,0.0,0.25,0.7228915662650601,0.2771084337349397,0.0,0.2771084337349397,0.42397409274805087,0.357450873731443,11.212209737737954,0.2932238095238095,2.831768380558222,,0.6764348126072797,,,0.6764348126072797,0.21196901893287431,,0.18744579144539072,0.42397409274805087,,,3,0.6764348126072797,4.3216117411166675,1947.0,127.0,127.0,0.6538461538461539,91,False,99,False,122,False,146,True,167,True,181,True,209,True,241,True,257,True,76_100,101_135,101_135
direct_gbt_schedule_building,2027,Bradley,bradley,MVC,Brian Wardle,0.5802098996248237,101_135,71,2159,0.12999063740379166,0.12999063740379166,0.12999063740379166,0.1308032165063164,7.0,0.42857142857142855,0.5714285714285714,0.0,0.5714285714285714,0.39473684210526316,0.6052631578947368,0.0,0.6052631578947368,0.4954968238598354,0.11986797315650921,0.920088104605552,0.12080166680586021,-0.9857882413694318,,0.45725918322742815,,,0.45725918322742815,0.047684868475997455,,0.27676213721660126,0.4954968238598354,,,4,0.45725918322742815,1.16251285965,1406.1200000000001,128.0,128.0,0.6510989010989011,91,False,99,False,122,False,146,True,167,True,181,True,209,True,241,True,257,True,76_100,101_135,101_135
direct_gbt_schedule_building,2027,Southern Illinois,southern illinois,MVC,Scott Nagy,0.5793895719616455,136_160,71,2159,0.30070405925699284,0.30070405925699284,0.30070405925699284,0.2684184409703012,7.0,0.7142857142857143,0.2857142857142857,0.2857142857142857,0.0,0.7936507936507936,0.20634920634920634,0.20634920634920634,0.0,0.4523491940722361,0.289635121088768,7.594177587615867,0.26284772686707975,,77.387685381403,,0.24607329842931935,,,0.20860930703736486,0.05077702983462145,,0.4523491940722361,145.0,,,,,,129.0,129.0,0.6483516483516483,91,False,99,False,122,False,146,True,167,True,181,True,209,True,241,True,257,True,76_100,101_135,101_135
direct_gbt_schedule_building,2027,Drake,drake,MVC,Eric Henderson,0.5766784582136992,201_250,71,2159,0.4625253489944123,0.4625253489944123,0.4625253489944123,0.5457427503091591,9.0,0.4444444444444444,0.5555555555555556,0.2222222222222222,0.3333333333333333,0.4571428571428572,0.5428571428571429,0.14857142857142858,0.3942857142857143,0.5788306975219,0.42871338596233327,6.759287143403048,0.4625253489944123,5.315892452339044,39.977336302211974,0.7648681437119569,0.3459536641615818,,0.7648681437119569,0.0,0.3459536641615818,0.0,0.5788306975219,84.0,,3,0.7648681437119569,4.773615689,2088.0199999999995,130.0,130.0,0.6456043956043955,91,False,99,False,122,False,146,True,167,True,181,True,209,True,241,True,257,True,76_100,101_135,101_135
direct_gbt_schedule_building,2027,Toledo,toledo,MAC,Tod Kowalczyk,0.5690048908831598,101_135,71,2159,0.5180241342618708,0.5180241342618708,0.5180241342618708,0.5007140543688213,11.0,0.6363636363636364,0.36363636363636365,0.09090909090909091,0.2727272727272727,0.6306306306306306,0.36936936936936937,0.058558558558558564,0.3108108108108108,0.5175472965337775,0.4987695039150975,8.795791439432097,0.4921140994651589,-0.6287384638071813,73.31075,0.5463598473232348,0.020942408376963373,,0.5463598473232348,0.31034222488793806,0.001226357247299657,0.1698145471410054,0.5175472965337775,188.0,,3,0.5463598473232348,1.8072433418666667,1001.0,131.0,131.0,0.6428571428571428,91,False,99,False,122,False,146,True,167,True,181,True,209,True,241,True,257,True,76_100,101_135,101_135
direct_gbt_schedule_building,2027,Seattle,seattle,WCC,Chris Victor,0.5684246752698827,136_160,71,2159,0.19993726322901334,0.19993726322901334,0.19993726322901334,0.18041951376226142,8.0,0.5,0.5,0.0,0.5,0.46511627906976744,0.5348837209302325,0.0,0.5348837209302325,0.48678226426300686,0.19894991874817267,2.4144055390870127,0.17703984991434019,-0.14182755235026892,,0.5499013376829501,,,0.5499013376829501,0.082344116239228,,0.29413327364436864,0.48678226426300686,,,4,0.5499013376829501,1.1952245253666667,1192.54,132.0,132.0,0.6401098901098901,91,False,99,False,122,False,146,True,167,True,181,True,209,True,241,True,257,True,76_100,101_135,101_135
direct_gbt_schedule_building,2027,Rhode Island,rhode island,A10,Archie Miller,0.5662216208498443,101_135,71,2159,0.2991272908808176,0.2991272908808176,0.2991272908808176,0.28188517488097264,8.0,0.5,0.5,0.125,0.375,0.4938271604938272,0.5061728395061729,0.08024691358024692,0.42592592592592593,0.7293434305994717,0.31346558505767413,4.7948826299899405,0.2738956252916653,3.0152478005557186,62.78077876254176,0.6851316700613699,0.5725332259363672,,0.6851316700613699,0.0,0.5725332259363672,0.0,0.7293434305994717,86.0,,3,0.6851316700613699,4.213363090466666,2108.66,133.0,133.0,0.6373626373626373,91,False,99,False,122,False,146,True,167,True,181,True,209,True,241,True,257,True,76_100,101_135,101_135
direct_gbt_schedule_building,2027,Kent St.,kent state,MAC,Rob Senderoff,0.5617764526072719,161_200,71,2159,0.14751872393706125,0.14751872393706125,0.14751872393706125,0.11132304795627311,11.0,0.45454545454545453,0.5454545454545454,0.09090909090909091,0.45454545454545453,0.43859649122807015,0.5614035087719298,0.05701754385964913,0.5043859649122807,0.6600454645032775,0.14546515412642544,6.09052365926633,0.1223274233073362,1.9948331469399976,78.31090617136489,0.6396666203605346,0.7492089062769691,,0.6396666203605346,0.0,0.7492089062769691,0.0,0.6600454645032775,60.0,,5,0.6396666203605346,2.174528415466667,1493.4099999999999,134.0,134.0,0.6346153846153846,91,False,99,False,122,False,146,True,167,True,181,True,209,True,241,True,257,True,76_100,101_135,101_135
direct_gbt_schedule_building,2027,Charleston,charleston,CAA,John Groce,0.5534474301588862,161_200,71,2159,0.149026723114486,0.149026723114486,0.149026723114486,0.17122690386055628,12.0,0.3333333333333333,0.6666666666666667,0.08333333333333333,0.5833333333333334,0.3149606299212599,0.6850393700787403,0.05118110236220474,0.6338582677165355,0.520100726061641,0.14139415300320515,2.2520178548882366,0.1412731479259266,1.5954032702184529,82.777416666667,0.6816166727199112,0.5183246073298429,,0.6816166727199112,0.04449547966170917,0.026528424784598263,0.4320483634169517,0.520100726061641,93.0,,7,0.6816166727199112,1.9465140271,3356.14,135.0,135.0,0.6318681318681318,91,False,99,False,122,False,146,True,167,True,181,True,209,True,241,True,257,True,76_100,101_135,101_135
direct_gbt_schedule_building,2027,Furman,furman,SC,Bob Richey,0.5499683477297708,161_200,71,2159,0.1516423064567941,0.1516423064567941,0.1516423064567941,0.0,10.0,0.5,0.5,0.1,0.4,0.48780487804878053,0.5121951219512195,0.06341463414634146,0.44878048780487806,0.39950922753175633,0.13788396087648852,1.2053639390104762,0.07582115322839705,0.6047572542685095,73.31075,0.6127679965794803,0.05235602094240843,,0.6127679965794803,0.036985928404096126,0.0033201379134210228,0.274998320416157,0.39950922753175633,182.0,,4,0.6127679965794803,1.8536128779333336,2453.63,136.0,136.0,0.6291208791208791,91,False,99,False,122,False,146,True,167,True,181,True,209,True,241,True,257,True,76_100,136_160,136_160
direct_gbt_schedule_building,2027,Fresno St.,fresno state,MWC,Vance Walberg,0.5497408336203289,101_135,71,2159,0.04619369739902386,0.04619369739902386,0.04619369739902386,0.0,10.0,0.1,0.8999999999999999,0.2,0.7,0.09661835748792272,0.9033816425120773,0.12560386473429952,0.7777777777777778,0.5806407706604042,0.0414534699641452,3.7113575000000014,0.02309684869951193,4.2368287259000414,15.93065062939422,0.6988579785696855,0.06293078649099591,,0.6988579785696855,0.0,0.06293078649099591,0.0,0.5806407706604042,134.0,,7,0.6988579785696855,3.57758353745,1767.44,137.0,137.0,0.6263736263736264,91,False,99,False,122,False,146,True,167,True,181,True,209,True,241,True,257,True,76_100,136_160,136_160
direct_gbt_schedule_building,2027,Duquesne,duquesne,A10,Dru Joyce,0.5494932502475584,101_135,71,2159,0.06861237168711892,0.06861237168711892,0.06861237168711892,0.0,9.0,0.5555555555555556,0.4444444444444444,0.0,0.4444444444444444,0.5208333333333334,0.47916666666666663,0.0,0.47916666666666663,0.41224382304495444,0.062490101629201496,0.18548104508859753,0.03430618584355946,0.013871023873063873,,0.5929972202629059,,,0.5929972202629059,0.01786780512685389,,0.28414450137597574,0.41224382304495444,,,4,0.5929972202629059,2.3380226933333335,2102.27,138.0,138.0,0.6236263736263736,91,False,99,False,122,False,146,True,167,True,181,True,209,True,241,True,257,True,76_100,136_160,136_160
direct_gbt_schedule_building,2027,Sam Houston St.,sam houston state,CUSA,Chris Mudge,0.5494932502475584,136_160,71,2159,0.23132655266629892,0.23132655266629892,0.23132655266629892,0.22307968549179708,6.0,0.5,0.5,0.0,0.5,0.46511627906976744,0.5348837209302325,0.0,0.5348837209302325,0.5614436442222817,0.22500697090979868,3.1969040177936474,0.21084664789241253,2.2061903062699213,,0.6231111504862704,,,0.6231111504862704,0.09806820832205233,,0.33329201072521436,0.5614436442222817,,,3,0.6231111504862704,1.9504931654999997,539.0500000000001,139.0,139.0,0.6208791208791209,91,False,99,False,122,False,146,True,167,True,181,True,209,True,241,True,257,True,76_100,136_160,136_160
direct_gbt_schedule_building,2027,Vermont,vermont,AE,John Becker,0.5484909483852054,201_250,71,2159,0.1773527208704314,0.1773527208704314,0.1773527208704314,0.14863102998696218,8.0,0.25,0.75,0.0,0.75,0.22471910112359555,0.7752808988764046,0.0,0.7752808988764046,0.4474014626359178,0.20157711887868635,10.254501882048158,0.1496822369284705,-2.2062760171831557,,0.39143017977595373,,,0.39143017977595373,0.03363645773673495,,0.30346834162405406,0.4474014626359178,,,6,0.39143017977595373,-0.5372298438833334,2030.18,140.0,140.0,0.6181318681318682,91,False,99,False,122,False,146,True,167,True,181,True,209,True,241,True,257,True,76_100,136_160,136_160
direct_gbt_schedule_building,2027,Western Kentucky,western kentucky,CUSA,Hank Plona,0.5431356785153754,161_200,71,2159,0.39509721439397816,0.39509721439397816,0.39509721439397816,0.4621599314662509,14.0,0.35714285714285715,0.6428571428571428,0.21428571428571427,0.42857142857142855,0.36101083032490977,0.6389891696750902,0.1407942238267148,0.4981949458483754,0.5634616004883826,0.4204201978791529,6.464346223251827,0.36830974391862514,2.2061868605139203,42.131790108917386,0.6692306122067361,0.37321788159484504,,0.6692306122067361,0.0,0.37321788159484504,0.0,0.5634616004883826,78.0,,6,0.6692306122067361,2.9905196812499995,2615.3500000000004,141.0,141.0,0.6153846153846154,91,False,99,False,122,False,146,True,167,True,181,True,209,True,241,True,257,True,76_100,136_160,136_160
direct_gbt_schedule_building,2027,Hawaii,hawaii,BW,Eran Ganot,0.5412455345057988,136_160,71,2159,0.09883326506579286,0.09883326506579286,0.09883326506579286,0.11502193554153603,9.0,0.1111111111111111,0.8888888888888888,0.0,0.8888888888888888,0.09803921568627451,0.9019607843137254,0.0,0.9019607843137254,0.6748303229503858,0.09314335758025317,5.314307500000004,0.09883326506579286,3.8730931529623427,,0.7306726418396415,,,0.7306726418396415,0.009689535790764005,,0.6590380691102649,0.6748303229503858,,,8,0.7306726418396415,5.367285299183334,3002.48,142.0,142.0,0.6126373626373627,91,False,99,False,122,False,146,True,167,True,181,True,209,True,241,True,257,True,76_100,136_160,136_160
direct_gbt_schedule_building,2027,Loyola Chicago,loyola chicago,A10,Drew Valentine,0.5393850225515339,251_300,71,2159,0.31619821312937835,0.31619821312937835,0.31619821312937835,0.3414928442523188,13.0,0.3076923076923077,0.6923076923076923,0.15384615384615385,0.5384615384615384,0.2996254681647941,0.7003745318352059,0.09737827715355807,0.6029962546816479,0.5649094800236012,0.3154202525223564,-0.03767627840949972,0.2809181598764678,3.4755676886106506,43.37224073540129,0.7327668062607128,0.38927391268195666,,0.7327668062607128,0.0,0.38927391268195666,0.0,0.5649094800236012,74.0,,7,0.7327668062607128,3.72749782895,3779.95,143.0,143.0,0.6098901098901099,91,False,99,False,122,False,146,True,167,True,181,True,209,True,241,True,257,True,76_100,136_160,136_160
direct_gbt_schedule_building,2027,Boston College,boston college,ACC,Luke Murray,0.5385657678087445,136_160,71,2159,0.0002380963718874852,0.0002380963718874852,0.0002380963718874852,0.0,14.0,0.14285714285714285,0.8571428571428572,0.14285714285714285,0.7142857142857143,0.13513513513513511,0.8648648648648648,0.08783783783783784,0.777027027027027,0.6870850034704692,0.00015863107145949474,-46.7431725,0.0001190481859437426,12.566709469675263,77.387685381403,0.8587782432976517,0.22513089005235598,0.5384615384615384,0.8587782432976517,1.608759269510035e-05,0.019775010612706947,0.6672939052650672,0.6870850034704692,149.0,37.0,10,0.8587782432976517,21.544650417750002,7396.74,144.0,144.0,0.6071428571428572,91,False,99,False,122,False,146,True,167,True,181,True,209,True,241,True,257,True,76_100,136_160,136_160
direct_gbt_schedule_building,2027,Cal Baptist,cal baptist,WAC,Kyle Getter,0.534335098719918,136_160,71,2159,0.2162960980477147,0.2162960980477147,0.2162960980477147,0.21920297099420857,8.0,0.5,0.5,0.125,0.375,0.4938271604938272,0.5061728395061729,0.08024691358024692,0.42592592592592593,0.6373150530290961,0.1941415767111716,5.953822911992949,0.19984014591957544,0.6277426245418827,64.4068489966555,0.5362727144000642,0.5921063229963753,,0.5362727144000642,0.0,0.5921063229963753,0.0,0.6373150530290961,82.0,,3,0.5362727144000642,1.2499130044666666,763.87,145.0,145.0,0.6043956043956045,91,False,99,False,122,False,146,True,167,True,181,True,209,True,241,True,257,True,76_100,136_160,136_160
direct_gbt_schedule_building,2027,Towson,towson,CAA,Pat Skerry,0.5290726208836654,136_160,71,2159,0.2524280155642023,0.2524280155642023,0.2524280155642023,0.23280381876516157,9.0,0.4444444444444444,0.5555555555555556,0.1111111111111111,0.4444444444444444,0.43243243243243246,0.5675675675675675,0.07027027027027027,0.4972972972972973,0.6205821262909462,0.2292462342669815,4.659420307365048,0.22345136186770426,-2.8841846499861674,50.594530952380886,0.31252526327592484,0.4329094988780853,,0.31252526327592484,0.0,0.4329094988780853,0.0,0.6205821262909462,106.0,,4,0.31252526327592484,-0.6483743559333335,626.3199999999999,146.0,146.0,0.6016483516483517,91,False,99,False,122,False,146,True,167,True,181,True,209,True,241,True,257,True,76_100,136_160,136_160
direct_gbt_schedule_building,2027,Illinois Chicago,illinois chicago,MVC,Rob Ehsan,0.5281447028131382,136_160,71,2159,0.5901546121710629,0.5901546121710629,0.5901546121710629,0.7285150492305879,10.0,0.5,0.5,0.2,0.3,0.5128205128205129,0.4871794871794871,0.13333333333333333,0.3538461538461538,0.5501542540557843,0.5998467306920356,10.460925685003657,0.590154612171063,4.9709852046370395,23.550064548808074,0.6985290323697481,0.1501179448823428,,0.6985290323697481,0.0,0.1501179448823428,0.0,0.5501542540557843,120.0,,3,0.6985290323697481,3.67529077835,1543.16,147.0,147.0,0.5989010989010989,91,False,99,False,122,False,146,False,167,True,181,True,209,True,241,True,257,True,101_135,136_160,136_160
direct_gbt_schedule_building,2027,Wright St.,wright state,Horz,Clint Sargent,0.5255280115279598,136_160,71,2159,0.4576772886656915,0.4576772886656915,0.4576772886656915,0.4625082036968922,8.0,0.5,0.5,0.0,0.5,0.46511627906976744,0.5348837209302325,0.0,0.5348837209302325,0.5720941451189838,0.4439001424380264,10.96504678146685,0.42244068993936534,1.6272945018466174,,0.6435307998954565,,,0.6435307998954565,0.19648404183226295,,0.34421414878129064,0.5720941451189838,,,4,0.6435307998954565,0.8798941571833334,1729.97,148.0,148.0,0.5961538461538461,91,False,99,False,122,False,146,False,167,True,181,True,209,True,241,True,257,True,101_135,136_160,136_160
direct_gbt_schedule_building,2027,New Mexico St.,new mexico state,CUSA,Jason Hooten,0.5254322526876559,161_200,71,2159,0.21810478943050407,0.21810478943050407,0.21810478943050407,0.2664814262113843,10.0,0.4,0.6,0.1,0.5,0.38461538461538464,0.6153846153846153,0.0625,0.5528846153846153,0.5816909672754417,0.19466680226430666,1.6473437167445693,0.21695500611061752,0.6300593649368835,22.581563919413853,0.6467423435057557,0.11127092802485475,,0.6467423435057557,0.0,0.11127092802485475,0.0,0.5816909672754417,155.0,,5,0.6467423435057557,1.8638933995833336,4106.530000000001,149.0,149.0,0.5934065934065934,91,False,99,False,122,False,146,False,167,True,181,True,209,True,241,True,257,True,101_135,136_160,136_160
direct_gbt_schedule_building,2027,Indiana St.,indiana state,MVC,Matthew Graves,0.5209738779569066,201_250,71,2159,0.24596651744168962,0.24596651744168962,0.24596651744168962,0.2889376283485372,11.0,0.2727272727272727,0.7272727272727273,0.09090909090909091,0.6363636363636364,0.25641025641025644,0.7435897435897436,0.055555555555555566,0.688034188034188,0.497043458622194,0.25411257188157776,7.787497270301485,0.24117139974334612,0.4197377492160249,45.00647234432242,0.6135689914914133,0.3634083194292619,,0.6135689914914133,0.0,0.3634083194292619,0.0,0.497043458622194,122.0,,7,0.6135689914914133,3.979898774933334,3268.78,150.0,150.0,0.5906593406593407,91,False,99,False,122,False,146,False,167,True,181,True,209,True,241,True,257,True,101_135,136_160,136_160
direct_gbt_schedule_building,2027,North Dakota St.,north dakota state,Sum,Dave Richman,0.52057784451134,136_160,71,2159,0.22825643810663745,0.22825643810663745,0.22825643810663745,0.18576154926038702,8.0,0.5,0.5,0.0,0.5,0.46511627906976744,0.5348837209302325,0.0,0.5348837209302325,0.4642600523157096,0.20299729898486474,4.614739703570897,0.19545628672132337,-1.541793410455032,,0.4943739868778271,,,0.4943739868778271,0.09090990080061552,,0.26443259763232607,0.4642600523157096,,,4,0.4943739868778271,0.1967919678333332,1769.1599999999999,151.0,151.0,0.5879120879120879,91,False,99,False,122,False,146,False,167,True,181,True,209,True,241,True,257,True,101_135,136_160,136_160
direct_gbt_schedule_building,2027,East Tennessee St.,east tennessee state,SC,Brooks Savage,0.5201016457702989,161_200,71,2159,0.24090226916135918,0.24090226916135918,0.24090226916135918,0.24658894570585876,11.0,0.36363636363636365,0.6363636363636364,0.09090909090909091,0.5454545454545454,0.34632034632034636,0.6536796536796537,0.056277056277056293,0.5974025974025975,0.588397438747318,0.2258235707593936,9.751791165570435,0.22998127120168188,1.1484852691866045,38.58595952380946,0.6196216456135897,0.29035153328347046,,0.6196216456135897,0.0,0.29035153328347046,0.0,0.588397438747318,133.0,,6,0.6196216456135897,1.5958899391999999,3214.9799999999996,152.0,152.0,0.5851648351648351,91,False,99,False,122,False,146,False,167,True,181,True,209,True,241,True,257,True,101_135,136_160,136_160
direct_gbt_schedule_building,2027,Louisiana Tech,louisiana tech,CUSA,Talvin Hester,0.5093059652706216,161_200,71,2159,0.1088148628599021,0.1088148628599021,0.1088148628599021,0.12332149117315637,10.0,0.3,0.7,0.4,0.3,0.3314917127071823,0.6685082872928176,0.287292817679558,0.38121546961325964,0.5469547081513768,0.0977877650847412,0.32669156185468795,0.10463715364376243,0.036538461538461534,25.072163437269445,0.18269230769230768,0.17832111081248503,,0.18269230769230768,0.0,0.17832111081248503,0.0,0.5469547081513768,105.0,,3,0.18269230769230768,0.0,0.0,153.0,153.0,0.5824175824175823,91,False,99,False,122,False,146,False,167,True,181,True,209,True,241,True,257,True,101_135,136_160,136_160
direct_gbt_schedule_building,2027,Valparaiso,valparaiso,MVC,Roger Powell,0.49719691812712485,161_200,71,2159,0.4752606501426046,0.4752606501426046,0.4752606501426046,0.5355297218430837,10.0,0.7,0.30000000000000004,0.1,0.2,0.7035175879396985,0.2964824120603015,0.06532663316582915,0.23115577889447236,0.4755922545166622,0.4868270244973251,7.763298057981222,0.4556063343770066,-0.17717195793680104,77.644083333333,0.48856384392764746,0.26178010471204194,,0.48856384392764746,0.32052706941095943,0.017101212870635908,0.11293435588277279,0.4755922545166622,142.0,,2,0.48856384392764746,0.41671315961666655,892.28,154.0,154.0,0.5796703296703296,91,False,99,False,122,False,146,False,167,True,181,True,209,True,241,True,257,True,101_135,136_160,136_160
direct_gbt_schedule_building,2027,Loyola Marymount,loyola marymount,WCC,Stan Johnson,0.49703786004363,161_200,71,2159,0.2157535829313343,0.2157535829313343,0.2157535829313343,0.2379288522907494,13.0,0.38461538461538464,0.6153846153846154,0.0,0.6153846153846154,0.352112676056338,0.6478873239436619,0.0,0.6478873239436619,0.5736350487899317,0.20231989250587767,5.6973935079552085,0.2061406654140551,5.097581875830563,,0.7733602571463865,,,0.7733602571463865,0.07258474134297714,,0.5010503074469546,0.5736350487899317,,,8,0.7733602571463865,7.4321888333,4390.48,155.0,155.0,0.5769230769230769,91,False,99,False,122,False,146,False,167,True,181,True,209,True,241,True,257,True,101_135,136_160,136_160
direct_gbt_schedule_building,2027,Penn,penn,Ivy,Fran McCaffery,0.49697850913961455,136_160,71,2159,0.6314230330049025,0.6314230330049025,0.6314230330049025,0.5837341744148563,12.0,0.75,0.25,0.16666666666666666,0.08333333333333333,0.7860262008733624,0.21397379912663755,0.11353711790393013,0.10043668122270741,0.5165177046710585,0.6130350029422348,8.830769875807082,0.5525098973682231,-1.585045319165832,77.387685381403,0.36529540610584693,0.25654450261780104,,0.36529540610584693,0.43428725557327574,0.02912732344132239,0.036689058255172394,0.5165177046710585,143.0,,1,0.36529540610584693,-0.8074581482666666,506.73,156.0,156.0,0.5741758241758241,91,False,99,False,122,False,146,False,167,True,181,True,209,True,241,True,257,True,101_135,136_160,136_160
direct_gbt_schedule_building,2027,Navy,navy,PL,Jon Perry,0.49372619665766004,136_160,71,2159,0.40114009130614736,0.40114009130614736,0.40114009130614736,0.38705909571442804,10.0,1.0,0.0,0.0,0.0,1.0,0.0,0.0,0.0,0.4320184495336763,0.38084298837686176,7.000772405913718,0.38660400437379916,,,,,,,0.38660400437379916,,,0.4320184495336763,,,,,,,157.0,157.0,0.5714285714285714,91,False,99,False,122,False,146,False,167,True,181,True,209,True,241,True,257,True,101_135,136_160,136_160
direct_gbt_schedule_building,2027,Temple,temple,Amer,Adam Fisher,0.4914079314957905,136_160,71,2159,0.18812720984290737,0.18812720984290737,0.18812720984290737,0.15145671140461991,11.0,0.2727272727272727,0.7272727272727273,0.09090909090909091,0.6363636363636364,0.25641025641025644,0.7435897435897436,0.055555555555555566,0.688034188034188,0.5729995269866394,0.1791513228306295,5.192891597998445,0.1624428312334638,-0.5754243727076724,33.46434780219781,0.563034823018739,0.23456648063977908,,0.563034823018739,0.0,0.23456648063977908,0.0,0.5729995269866394,138.0,,7,0.563034823018739,1.7335300507333333,2385.0899999999997,158.0,158.0,0.5686813186813187,91,False,99,False,122,False,146,False,167,True,181,True,209,True,241,True,257,True,101_135,136_160,136_160
direct_gbt_schedule_building,2027,Charlotte,charlotte,Amer,Wes Miller,0.49054022490990723,161_200,71,2159,0.09148888396528164,0.09148888396528164,0.09148888396528164,0.12532438168878096,9.0,0.1111111111111111,0.8888888888888888,0.0,0.8888888888888888,0.09803921568627451,0.9019607843137254,0.0,0.9019607843137254,0.6718686992132973,0.09303322177975111,3.1107425,0.09148888396528164,3.944000266901513,,0.7083831138614488,,,0.7083831138614488,0.008969498427968788,,0.6389337889730714,0.6718686992132973,,,8,0.7083831138614488,1.4917794366500001,3969.33,159.0,159.0,0.5659340659340659,91,False,99,False,122,False,146,False,167,True,181,True,209,True,241,True,257,True,101_135,136_160,136_160
direct_gbt_schedule_building,2027,Lipscomb,lipscomb,ASun,Kevin Carroll,0.4872132780702713,161_200,71,2159,0.42709735456233855,0.42709735456233855,0.42709735456233855,0.444845159235412,6.0,0.6666666666666666,0.3333333333333333,0.16666666666666666,0.16666666666666666,0.6896551724137931,0.3103448275862069,0.1120689655172414,0.19827586206896552,0.48055043945851433,0.39967900466422907,5.844600200715036,0.3966737426328902,-0.22805105707993237,21.635776373626374,0.4014668830904658,0.10143259881479777,,0.4014668830904658,0.0,0.10143259881479777,0.0,0.48055043945851433,156.0,,1,0.4014668830904658,-0.17419846648333334,520.34,160.0,160.0,0.5631868131868132,91,False,99,False,122,False,146,False,167,True,181,True,209,True,241,True,257,True,101_135,136_160,136_160
direct_gbt_schedule_building,2027,Middle Tennessee,middle tennessee,CUSA,Nicholas McDevitt,0.4869307364296521,161_200,71,2159,0.24126508200881688,0.24126508200881688,0.24126508200881688,0.15243535308514547,8.0,0.5,0.5,0.125,0.375,0.4938271604938272,0.5061728395061729,0.08024691358024692,0.42592592592592593,0.6069171339132072,0.23122521516185626,4.434819685828129,0.18616060249043276,-3.4086628767302023,60.9942036709668,0.3831854222794181,0.5518094470974052,,0.3831854222794181,0.0,0.5518094470974052,0.0,0.6069171339132072,89.0,,3,0.3831854222794181,-0.08182858116666666,1452.38,161.0,161.0,0.5604395604395604,91,False,99,False,122,False,146,False,167,True,181,True,209,True,241,True,257,True,101_135,161_200,161_200
direct_gbt_schedule_building,2027,Kennesaw St.,kennesaw state,CUSA,Antoine Pettway,0.482893529096065,136_160,71,2159,0.30596604081987117,0.30596604081987117,0.30596604081987117,0.3899348391583176,12.0,0.3333333333333333,0.6666666666666667,0.25,0.4166666666666667,0.3418803418803419,0.6581196581196581,0.16666666666666669,0.49145299145299143,0.4778512566772736,0.2895553213531248,5.099372146915563,0.30559617761497937,2.6435956668807514,17.42263259976001,0.6682494274295766,0.09376330475806915,,0.6682494274295766,0.0,0.09376330475806915,0.0,0.4778512566772736,114.0,,5,0.6682494274295766,3.8201452493999994,2678.87,162.0,162.0,0.5576923076923077,91,False,99,False,122,False,146,False,167,True,181,True,209,True,241,True,257,True,101_135,161_200,161_200
direct_gbt_schedule_building,2027,Montana St.,montana state,BSky,Matt Logie,0.48061718073062126,136_160,71,2159,0.4854946486356201,0.4854946486356201,0.4854946486356201,0.3861017806927683,10.0,0.8,0.2,0.0,0.2,0.7766990291262136,0.2233009708737864,0.0,0.2233009708737864,0.413132872643386,0.4757279681240747,6.875373096897995,0.4044617780444486,-4.373725136994809,,0.2047455133039522,,,0.2047455133039522,0.3141450703257853,,0.04571987190282427,0.413132872643386,,,2,0.2047455133039522,-0.9174219670666668,184.23000000000002,163.0,163.0,0.554945054945055,91,False,99,False,122,False,146,False,167,True,181,True,209,True,241,True,257,True,101_135,161_200,161_200
direct_gbt_schedule_building,2027,Fordham,fordham,A10,Mike Magpayo,0.4793965332845442,136_160,71,2159,0.3685889292507571,0.3685889292507571,0.3685889292507571,0.26711026228880685,12.0,0.6666666666666666,0.3333333333333333,0.08333333333333333,0.25,0.6611570247933884,0.33884297520661155,0.05371900826446281,0.28512396694214875,0.5697372213469174,0.35132593815397944,6.179349578516675,0.2969006434246397,3.015016308666314,52.17965915750922,0.6923949651162973,0.450388355100397,,0.6923949651162973,0.0,0.450388355100397,0.0,0.5697372213469174,104.0,,3,0.6923949651162973,5.138406699633333,2067.05,164.0,164.0,0.5521978021978022,91,False,99,False,122,False,146,False,167,True,181,True,209,True,241,True,257,True,101_135,161_200,161_200
direct_gbt_schedule_building,2027,James Madison,james madison,SB,Preston Spradlin,0.47866155783627373,201_250,71,2159,0.14700465116279068,0.14700465116279068,0.14700465116279068,0.14032905395569886,10.0,0.2,0.7999999999999999,0.1,0.7,0.18691588785046734,0.8130841121495328,0.06074766355140188,0.7523364485981309,0.5180372734226439,0.13280516105331747,3.1211025300575823,0.13104496124031006,-0.2933923686283804,39.0721866300367,0.5968463819810096,0.29684137851677117,,0.5968463819810096,0.0,0.29684137851677117,0.0,0.5180372734226439,131.0,,7,0.5968463819810096,2.495400692383334,3350.75,165.0,165.0,0.5494505494505495,91,False,99,False,122,False,146,False,167,True,181,True,209,True,241,True,257,True,101_135,161_200,161_200
direct_gbt_schedule_building,2027,Princeton,princeton,Ivy,Mitch Henderson,0.4779547078422925,251_300,71,2159,1.0,1.0,1.0,1.0,19.0,0.8947368421052632,0.10526315789473684,0.10526315789473684,0.0,0.9289617486338798,0.07103825136612023,0.07103825136612023,0.0,0.558990639344546,1.0,5.2099509878473995,0.926765822280815,,30.439698248441708,,0.21416489269892414,,,0.0,0.21416489269892414,,0.558990639344546,126.0,,,,,,166.0,166.0,0.5467032967032968,91,False,99,False,122,False,146,False,167,True,181,True,209,True,241,True,257,True,101_135,161_200,161_200
direct_gbt_schedule_building,2027,Pacific,pacific,WCC,Dave Smart,0.4770879639497627,136_160,71,2159,0.12870641379465445,0.12870641379465445,0.12870641379465445,0.09204347148780799,9.0,0.2222222222222222,0.7777777777777777,0.1111111111111111,0.6666666666666666,0.20942408376963353,0.7905759162303666,0.06806282722513089,0.7225130890052357,0.5999398012713557,0.12248841449289023,9.441519145656518,0.10659082219816159,-0.2054723724844558,55.10346868131869,0.5585186873583617,0.4852425061849146,,0.5585186873583617,0.0,0.4852425061849146,0.0,0.5999398012713557,98.0,,6,0.5585186873583617,0.4878684988666665,2752.66,167.0,167.0,0.543956043956044,91,False,99,False,122,False,146,False,167,True,181,True,209,True,241,True,257,True,101_135,161_200,161_200
direct_gbt_schedule_building,2027,Arkansas St.,arkansas state,SB,Ryan Pannone,0.47380631263161316,136_160,71,2159,0.14130416890261369,0.14130416890261369,0.14130416890261369,0.11024896112970248,8.0,0.25,0.75,0.25,0.5,0.25316455696202533,0.7468354430379747,0.16455696202531647,0.5822784810126582,0.5298823178704938,0.12714629320394785,3.6230786522331746,0.11506704548821561,3.3761408458465705,24.06402117522053,0.6795326717751244,0.15739887240301187,,0.6795326717751244,0.0,0.15739887240301187,0.0,0.5298823178704938,117.0,,4,0.6795326717751244,4.7541653574166665,1724.83,168.0,168.0,0.5412087912087913,91,False,99,False,122,False,146,False,167,False,181,True,209,True,241,True,257,True,136_160,161_200,161_200
direct_gbt_schedule_building,2027,Troy,troy,SB,Adam Howard,0.4718596468227162,136_160,71,2159,0.08930182618738271,0.08930182618738271,0.08930182618738271,0.08711464839814631,5.0,0.8,0.2,0.0,0.2,0.7766990291262136,0.2233009708737864,0.0,0.2233009708737864,0.4191643133968213,0.07713842748570497,2.0907610646627974,0.08366040493720225,-4.210384306875416,,0.28814070437208816,,,0.28814070437208816,0.06497895529103087,,0.06434209903454395,0.4191643133968213,,,1,0.28814070437208816,-0.5822925899999999,763.31,169.0,169.0,0.5384615384615384,91,False,99,False,122,False,146,False,167,False,181,True,209,True,241,True,257,True,136_160,161_200,161_200
direct_gbt_schedule_building,2027,Ohio,ohio,MAC,Jeff Boals,0.4684316365927813,201_250,71,2159,0.20607335831392573,0.20607335831392573,0.20607335831392573,0.15222059181788825,5.0,0.6,0.4,0.0,0.4,0.5660377358490566,0.43396226415094336,0.0,0.43396226415094336,0.4972408039573585,0.22270480119284666,5.4599880654702195,0.16965122486995932,1.8493149881531126,,0.6615938967669048,,,0.6615938967669048,0.09602899520941093,,0.2871067853894115,0.4972408039573585,,,2,0.6615938967669048,4.4918934625,1863.1599999999999,170.0,170.0,0.5357142857142857,91,False,99,False,122,False,146,False,167,False,181,True,209,True,241,True,257,True,136_160,161_200,161_200
direct_gbt_schedule_building,2027,Cornell,cornell,Ivy,Jon Jaques,0.4648538269149448,161_200,71,2159,0.4110380952380952,0.4110380952380952,0.4110380952380952,0.37300770821205614,11.0,0.9090909090909091,0.09090909090909091,0.0,0.09090909090909091,0.8968609865470851,0.10313901345291479,0.0,0.10313901345291479,0.3652432801322682,0.3766572348479758,5.431200462360109,0.3470971428571429,0.02669683257918552,,0.1334841628959276,,,0.1334841628959276,0.3112978859705317,,0.013767424872674147,0.3652432801322682,,,1,0.1334841628959276,0.0,0.0,171.0,171.0,0.532967032967033,91,False,99,False,122,False,146,False,167,False,181,True,209,True,241,True,257,True,136_160,161_200,161_200
direct_gbt_schedule_building,2027,Eastern Washington,eastern washington,BSky,Dan Monson,0.46362842201929233,161_200,71,2159,0.24711357931668526,0.24711357931668526,0.24711357931668526,0.1692538054642177,4.0,0.75,0.25,0.0,0.25,0.7228915662650601,0.2771084337349397,0.0,0.2771084337349397,0.45181682078780006,0.252827833834316,7.194220753157367,0.1933053024559575,0.029864253393665163,,0.14932126696832582,,,0.14932126696832582,0.1397387728597283,,0.04137818241290955,0.45181682078780006,,,1,0.14932126696832582,0.0,0.0,172.0,172.0,0.5302197802197802,91,False,99,False,122,False,146,False,167,False,181,True,209,True,241,True,257,True,136_160,161_200,161_200
direct_gbt_schedule_building,2027,Harvard,harvard,Ivy,Tommy Amaker,0.461716338749741,136_160,71,2159,0.8327703387306805,0.8327703387306805,0.8327703387306805,0.8158394034942219,16.0,0.875,0.125,0.125,0.0,0.9150326797385621,0.08496732026143791,0.08496732026143791,0.0,0.6063513451577286,0.8267828511287597,10.899923240343801,0.7838673412029229,,64.63741245452553,,0.5839364823658018,,,0.0,0.5839364823658018,,0.6063513451577286,94.0,,,,,,173.0,173.0,0.5274725274725275,91,False,99,False,122,False,146,False,167,False,181,True,209,True,241,True,257,True,136_160,161_200,161_200
direct_gbt_schedule_building,2027,Winthrop,winthrop,BSth,Mark Prosser,0.459462184878833,136_160,71,2159,0.09897767725187306,0.09897767725187306,0.09897767725187306,0.0,11.0,0.2727272727272727,0.7272727272727273,0.0,0.7272727272727273,0.24590163934426232,0.7540983606557378,0.0,0.7540983606557378,0.4319069481607167,0.09085886251675467,0.8460083022527343,0.04948883862593653,-3.152923774796631,,0.5192781373495153,,,0.5192781373495153,0.012169386547361443,,0.39158679209963454,0.4319069481607167,,,8,0.5192781373495153,0.9061187798000001,2870.72,174.0,174.0,0.5247252747252747,91,False,99,False,122,False,146,False,167,False,181,True,209,True,241,True,257,True,136_160,161_200,161_200
direct_gbt_schedule_building,2027,Missouri St.,missouri state,CUSA,Cuonzo Martin,0.4566132202667605,201_250,71,2159,0.22306771681539536,0.22306771681539536,0.22306771681539536,0.1705209281901588,8.0,0.375,0.625,0.0,0.625,0.34285714285714286,0.6571428571428571,0.0,0.6571428571428571,0.37415229860105725,0.20536429591892,3.8883655645608903,0.18673314222404228,0.03947963800904978,,0.1973981900452489,,,0.1973981900452489,0.06402279161967164,,0.12971881060116355,0.37415229860105725,,,5,0.1973981900452489,0.0,0.0,175.0,175.0,0.5219780219780219,91,False,99,False,122,False,146,False,167,False,181,True,209,True,241,True,257,True,136_160,161_200,161_200
direct_gbt_schedule_building,2027,South Alabama,south alabama,SB,Richie Riley,0.45540923383625975,161_200,71,2159,0.07509699574072493,0.07509699574072493,0.07509699574072493,0.08619350577236451,2.0,0.5,0.5,0.0,0.5,0.46511627906976744,0.5348837209302325,0.0,0.5348837209302325,0.503460438477037,0.07758367839063003,15.509687499999998,0.07509699574072493,0.05203619909502262,,0.2601809954751131,,,0.2601809954751131,0.03492883522824415,,0.13916657897506046,0.503460438477037,,,1,0.2601809954751131,0.0,0.0,176.0,176.0,0.5192307692307692,91,False,99,False,122,False,146,False,167,False,181,True,209,True,241,True,257,True,136_160,161_200,161_200
direct_gbt_schedule_building,2027,Central Arkansas,central arkansas,ASun,John Shulman,0.4553314678602308,136_160,71,2159,0.5804436515891334,0.5804436515891334,0.5804436515891334,0.589497481969946,11.0,0.8181818181818182,0.18181818181818182,0.0,0.18181818181818182,0.7964601769911505,0.20353982300884954,0.0,0.20353982300884954,0.5166279685165169,0.5568383160471486,8.430774903283554,0.5351880630319972,3.027232195108737,,0.47618215902319794,,,0.47618215902319794,0.42625597940601545,,0.09692203236755355,0.5166279685165169,,,2,0.47618215902319794,0.6102408040666667,550.87,177.0,177.0,0.5164835164835164,91,False,99,False,122,False,146,False,167,False,181,True,209,True,241,True,257,True,136_160,161_200,161_200
direct_gbt_schedule_building,2027,Tulane,tulane,Amer,Ron Hunter,0.4527262983064312,201_250,71,2159,0.2935632458344896,0.2935632458344896,0.2935632458344896,0.21571673349395076,15.0,0.5333333333333333,0.4666666666666667,0.06666666666666667,0.4,0.5144694533762058,0.48553054662379425,0.041800643086816726,0.4437299035369775,0.5544880805528208,0.2822697337409197,1.3861660572860535,0.24291200451473566,1.4064832082037266,38.85240641025648,0.6588487384713122,0.2935964559001208,,0.6588487384713122,0.0,0.2935964559001208,0.0,0.5544880805528208,132.0,,6,0.6588487384713122,5.383576976433334,2710.66,178.0,178.0,0.5137362637362637,91,False,99,False,122,False,146,False,167,False,181,True,209,True,241,True,257,True,136_160,161_200,161_200
direct_gbt_schedule_building,2027,Texas St.,texas state,SB,Terrence Johnson,0.45140545846682006,201_250,71,2159,0.4812042080450631,0.4812042080450631,0.4812042080450631,0.5466855853003029,12.0,0.5,0.5,0.16666666666666666,0.3333333333333333,0.5042016806722689,0.49579831932773105,0.1092436974789916,0.38655462184873945,0.4871756228012741,0.4883470480178868,9.82532444285284,0.46226109171477336,1.7910699289146437,46.68520761329076,0.6782592499530675,0.42592539646957805,,0.6782592499530675,0.0,0.42592539646957805,0.0,0.4871756228012741,70.0,,4,0.6782592499530675,5.0696097898333345,2925.72,179.0,179.0,0.510989010989011,91,False,99,False,122,False,146,False,167,False,181,True,209,True,241,True,257,True,136_160,161_200,161_200
direct_gbt_schedule_building,2027,Appalachian St.,appalachian state,SB,Dustin Kerns,0.4481434745715829,161_200,71,2159,0.2169508966730566,0.2169508966730566,0.2169508966730566,0.2020125563775458,9.0,0.4444444444444444,0.5555555555555556,0.1111111111111111,0.4444444444444444,0.43243243243243246,0.5675675675675675,0.07027027027027027,0.4972972972972973,0.534078165089039,0.19202534659272477,1.3849505114601368,0.19950456842681796,-2.481867583518285,22.80134413919407,0.34176709255190874,0.1145158506415051,,0.34176709255190874,0.0,0.1145158506415051,0.0,0.534078165089039,154.0,,4,0.34176709255190874,-0.161240341,1089.5900000000001,180.0,180.0,0.5082417582417582,91,False,99,False,122,False,146,False,167,False,181,True,209,True,241,True,257,True,136_160,161_200,161_200
direct_gbt_schedule_building,2027,Samford,samford,SC,Lennie Acuff,0.4481434745715829,201_250,71,2159,0.418853631516656,0.418853631516656,0.418853631516656,0.3905795920841748,14.0,0.5714285714285714,0.4285714285714286,0.07142857142857142,0.35714285714285715,0.5555555555555556,0.4444444444444445,0.045138888888888895,0.3993055555555556,0.3511281382474246,0.3850300010318571,2.1388368713795027,0.3791129561926647,-3.424429907512978,73.31075,0.3424158746854768,0.08376963350785337,,0.3424158746854768,0.21061830899592485,0.0037812681791739374,0.1367285610723258,0.3511281382474246,176.0,,5,0.3424158746854768,-2.957059467633333,1722.56,181.0,181.0,0.5054945054945055,91,False,99,False,122,False,146,False,167,False,181,True,209,True,241,True,257,True,136_160,161_200,161_200
direct_gbt_schedule_building,2027,Robert Morris,robert morris,Horz,Andrew Toole,0.4477919044167161,136_160,71,2159,0.33644211158716864,0.33644211158716864,0.33644211158716864,0.3437495873427893,9.0,0.5555555555555556,0.4444444444444444,0.0,0.4444444444444444,0.5208333333333334,0.47916666666666663,0.0,0.47916666666666663,0.5483682941816915,0.3117468271635941,2.5617587705412994,0.3122677902325655,8.2784721908001,,0.8283961658139702,,,0.8283961658139702,0.16263947407946122,,0.39693982945252737,0.5483682941816915,,,4,0.8283961658139702,12.352420313266666,2870.1899999999996,182.0,182.0,0.5027472527472527,91,False,99,False,122,False,146,False,167,False,181,False,209,True,241,True,257,True,161_200,161_200,161_200
direct_gbt_schedule_building,2027,Oakland,oakland,Horz,Greg Kampe,0.4464368993177105,161_200,71,2159,0.09445952506528213,0.09445952506528213,0.09445952506528213,0.0,7.0,0.2857142857142857,0.7142857142857143,0.0,0.7142857142857143,0.25806451612903225,0.7419354838709676,0.0,0.7419354838709676,0.5135849283701579,0.08569632838673302,2.3654674564586378,0.047229762532641065,-0.16025605329790465,,0.5582845061198249,,,0.5582845061198249,0.012188325814875113,,0.4142110851856765,0.5135849283701579,,,5,0.5582845061198249,2.8567045415833334,1975.42,183.0,183.0,0.5,91,False,99,False,122,False,146,False,167,False,181,False,209,True,241,True,257,True,161_200,161_200,161_200
direct_gbt_schedule_building,2027,UNC Greensboro,unc greensboro,SC,Jerod Haase,0.44257875144825,251_300,71,2159,0.1277609782766492,0.1277609782766492,0.1277609782766492,0.13871598509484384,10.0,0.2,0.7999999999999999,0.1,0.7,0.18691588785046734,0.8130841121495328,0.06074766355140188,0.7523364485981309,0.6702793126348302,0.12549302047130467,1.3366616080192477,0.1248505805351611,-0.9903496277774947,63.48055420449122,0.36324949306370746,0.5801737529486221,,0.36324949306370746,0.0,0.5801737529486221,0.0,0.6702793126348302,85.0,,7,0.36324949306370746,-0.5166224842833332,815.21,184.0,184.0,0.49725274725274726,91,False,99,False,122,False,146,False,167,False,181,False,209,True,241,True,257,True,161_200,161_200,161_200
direct_gbt_schedule_building,2027,Jacksonville St.,jacksonville state,CUSA,Ray Harper,0.44236461850245123,201_250,71,2159,0.3521209582987889,0.3521209582987889,0.3521209582987889,0.40147970264686667,9.0,0.4444444444444444,0.5555555555555556,0.0,0.5555555555555556,0.41025641025641024,0.5897435897435898,0.0,0.5897435897435898,0.4632361963967351,0.3506613719815442,8.684073974022887,0.3509619740339661,-0.6482679281267816,,0.4766052765570941,,,0.4766052765570941,0.1439843996036784,,0.28107490668751706,0.4632361963967351,,,5,0.4766052765570941,0.13221473450000004,1387.54,185.0,185.0,0.4945054945054945,91,False,99,False,122,False,146,False,167,False,181,False,209,True,241,True,257,True,161_200,161_200,161_200
direct_gbt_schedule_building,2027,Kansas City,umkc,Sum,Mark Turgeon,0.4382653481364398,301_plus,71,2159,0.0,0.0,0.0,0.0,7.0,0.0,1.0,0.5714285714285714,0.42857142857142855,0.0,1.0,0.42975206611570255,0.5702479338842975,0.5593076982014128,0.0,0.0,0.0,0.39735265348285864,80.0,0.5434673832503095,0.3717277486910995,,0.5434673832503095,0.0,0.15975076803253865,0.3099111524319947,0.5593076982014128,121.0,,3,0.5434673832503095,2.2034482584333333,1372.0500000000002,186.0,186.0,0.4917582417582418,91,False,99,False,122,False,146,False,167,False,181,False,209,True,241,True,257,True,161_200,161_200,161_200
direct_gbt_schedule_building,2027,Northern Colorado,northern colorado,BSky,Steve Smiley,0.43819838136199185,136_160,71,2159,0.15428539467529037,0.15428539467529037,0.15428539467529037,0.10642896023195779,7.0,0.5714285714285714,0.42857142857142855,0.0,0.42857142857142855,0.5369127516778525,0.46308724832214765,0.0,0.46308724832214765,0.395746944610576,0.14320348160660112,-4.539856547364026,0.12734913661602298,-3.3133866384982227,,0.3273180474203197,,,0.3273180474203197,0.06837537536430766,,0.1515768139060541,0.395746944610576,,,3,0.3273180474203197,0.06779110471666666,927.71,187.0,187.0,0.48901098901098905,91,False,99,False,122,False,146,False,167,False,181,False,209,True,241,True,257,True,161_200,161_200,161_200
direct_gbt_schedule_building,2027,UT Arlington,ut arlington,WAC,K.T. Turner,0.43819838136199185,136_160,71,2159,0.21683692785819872,0.21683692785819872,0.21683692785819872,0.23134234950941396,7.0,0.5714285714285714,0.42857142857142855,0.14285714285714285,0.2857142857142857,0.5755395683453237,0.4244604316546763,0.09352517985611512,0.33093525179856115,0.595514045123892,0.20938118247449397,1.9556685257120767,0.1981710227852602,-3.1156657204032996,40.41086794871802,0.4699792070498889,0.31107531212243256,,0.4699792070498889,0.0,0.31107531212243256,0.0,0.595514045123892,130.0,,2,0.4699792070498889,1.2409667752000002,880.2299999999999,188.0,188.0,0.4862637362637363,91,False,99,False,122,False,146,False,167,False,181,False,209,True,241,True,257,True,161_200,161_200,161_200
direct_gbt_schedule_building,2027,South Dakota St.,south dakota state,Sum,Bryan Petersen,0.43715912193207906,201_250,71,2159,0.5418403433476394,0.5418403433476394,0.5418403433476394,0.5769456107801972,9.0,0.7777777777777778,0.2222222222222222,0.0,0.2222222222222222,0.7526881720430109,0.24731182795698925,0.0,0.24731182795698925,0.47212594417459075,0.56683221185929,7.687540603807719,0.5245038626609442,-3.459129338628816,,0.29547648421007017,,,0.29547648421007017,0.3947878536157645,,0.07307482942829692,0.47212594417459075,,,2,0.29547648421007017,-1.2723031243166667,831.98,189.0,189.0,0.48351648351648346,91,False,99,False,122,False,146,False,167,False,181,False,209,True,241,True,257,True,161_200,161_200,161_200
direct_gbt_schedule_building,2027,Austin Peay,austin peay,ASun,Corey Gipson,0.43535350142314955,161_200,71,2159,0.30067724838532806,0.30067724838532806,0.30067724838532806,0.3431920872823452,7.0,0.2857142857142857,0.7142857142857142,0.5714285714285714,0.14285714285714285,0.34782608695652173,0.6521739130434783,0.4521739130434783,0.19999999999999998,0.40805151645617443,0.32676619029984444,12.988464888153638,0.30067724838532806,-0.39434716755160604,27.572663899576597,0.3819379285720844,0.2295748539589654,,0.3819379285720844,0.0,0.2295748539589654,0.0,0.40805151645617443,76.0,,1,0.3819379285720844,0.0508949064,311.14,190.0,190.0,0.4807692307692307,91,False,99,False,122,False,146,False,167,False,181,False,209,True,241,True,257,True,161_200,161_200,161_200
direct_gbt_schedule_building,2027,Colgate,colgate,PL,Matt Langel,0.4341469070570685,201_250,71,2159,0.5302109284695169,0.5302109284695169,0.5302109284695169,0.5148487571560546,10.0,0.9,0.1,0.0,0.1,0.8866995073891625,0.11330049261083741,0.0,0.11330049261083741,0.4676713498837962,0.5257385780039728,7.410215146130659,0.49021892844432,0.025339366515837104,,0.12669683257918551,,,0.12669683257918551,0.43467688236442165,,0.014354813543454513,0.4676713498837962,,,1,0.12669683257918551,0.0,0.0,191.0,191.0,0.478021978021978,91,False,99,False,122,False,146,False,167,False,181,False,209,True,241,True,257,True,161_200,161_200,161_200
direct_gbt_schedule_building,2027,Little Rock,little rock,OVC,Travis Ford,0.4340497868349284,301_plus,71,2159,0.019718366197276994,0.019718366197276994,0.019718366197276994,0.0,5.0,0.2,0.8,0.0,0.8,0.1785714285714286,0.8214285714285714,0.0,0.8214285714285714,0.5442172778330889,0.019076233400908412,6.630289999999997,0.009859183098638497,0.9256081291222619,,0.5956174487058734,,,0.5956174487058734,0.0017605684104711604,,0.489257190008396,0.5442172778330889,,,4,0.5956174487058734,2.1875251818833332,2218.9,192.0,192.0,0.47527472527472525,91,False,99,False,122,False,146,False,167,False,181,False,209,True,241,True,257,True,161_200,161_200,161_200
direct_gbt_schedule_building,2027,Massachusetts,massachusetts,MAC,Frank Martin,0.4340136327710026,161_200,71,2159,0.413675505939069,0.413675505939069,0.413675505939069,0.3849028505352418,10.0,0.6,0.4,0.1,0.3,0.594059405940594,0.4059405940594059,0.06435643564356436,0.34158415841584155,0.5939508127461209,0.3588317036840039,1.7960976250987075,0.3745231418369668,2.918800278819534,15.34859688644682,0.6209180657117047,0.03465853518209539,,0.6209180657117047,0.0,0.03465853518209539,0.0,0.5939508127461209,161.0,,3,0.6209180657117047,1.2927100337166668,1465.52,193.0,193.0,0.4725274725274725,91,False,99,False,122,False,146,False,167,False,181,False,209,True,241,True,257,True,161_200,161_200,161_200
direct_gbt_schedule_building,2027,Western Carolina,western carolina,SC,Tim Craft,0.43233354958900705,201_250,71,2159,0.2212258377720494,0.2212258377720494,0.2212258377720494,0.12419340637224689,9.0,0.4444444444444444,0.5555555555555556,0.1111111111111111,0.4444444444444444,0.43243243243243246,0.5675675675675675,0.07027027027027027,0.4972972972972973,0.41338880273365797,0.2063831484018336,6.2634595723933355,0.16124590601089905,1.1995629532582979,73.31075,0.6350310506886887,0.12565445026178013,,0.6350310506886887,0.06972795935606446,0.008829772180557523,0.31579922520734793,0.41338880273365797,168.0,,4,0.6350310506886887,2.5135631009,2103.49,194.0,194.0,0.4697802197802198,91,False,99,False,122,False,146,False,167,False,181,False,209,True,241,True,257,True,161_200,161_200,161_200
direct_gbt_schedule_building,2027,William & Mary,william and mary,CAA,Brian Earl,0.43098645929987,136_160,71,2159,0.00123348340714787,0.00123348340714787,0.00123348340714787,0.0,8.0,0.125,0.875,0.0,0.875,0.11049723756906078,0.8895027624309392,0.0,0.8895027624309392,0.5609484242403345,0.0010787233123473092,-28.502200000000002,0.000616741703573935,2.0972067462854524,,0.6124186707664749,,,0.6124186707664749,6.814825453855636e-05,,0.5447480994110633,0.5609484242403345,,,7,0.6124186707664749,1.7019078006,1975.79,195.0,195.0,0.46703296703296704,91,False,99,False,122,False,146,False,167,False,181,False,209,True,241,True,257,True,161_200,161_200,161_200
direct_gbt_schedule_building,2027,Montana,montana,BSky,Travis DeCuire,0.430814727077731,161_200,71,2159,0.3280566930498682,0.3280566930498682,0.3280566930498682,0.30547896116633033,12.0,0.4166666666666667,0.5833333333333334,0.16666666666666666,0.4166666666666667,0.4149377593360996,0.5850622406639003,0.1078838174273859,0.4771784232365145,0.27380651074364415,0.30732013960792803,4.434637114143827,0.29900100499497506,0.04049773755656109,77.387685381403,0.20248868778280543,0.23036649214659688,,0.20248868778280543,0.12406680705185688,0.024852816580130783,0.09662323275942997,0.27380651074364415,148.0,,5,0.20248868778280543,0.0,0.0,196.0,196.0,0.4642857142857143,91,False,99,False,122,False,146,False,167,False,181,False,209,True,241,True,257,True,161_200,161_200,161_200
direct_gbt_schedule_building,2027,San Diego,san diego,WCC,JR Blount,0.4301787850623426,201_250,71,2159,0.05264466326379382,0.05264466326379382,0.05264466326379382,0.0,13.0,0.38461538461538464,0.6153846153846154,0.0,0.6153846153846154,0.352112676056338,0.6478873239436619,0.0,0.6478873239436619,0.5118516496445722,0.04687367180505214,-3.176126526789769,0.02632233163189691,5.750587917124416,,0.7757262789992871,,,0.7757262789992871,0.009268426630949615,,0.5025832230136226,0.5118516496445722,,,8,0.7757262789992871,10.297657625983334,4995.030000000001,197.0,197.0,0.46153846153846156,91,False,99,False,122,False,146,False,167,False,181,False,209,True,241,True,257,True,161_200,161_200,161_200
direct_gbt_schedule_building,2027,San Jose St.,san jose state,MWC,Tim Miles,0.4301787850623426,201_250,71,2159,0.24552100470195284,0.24552100470195284,0.24552100470195284,0.29679409954190633,9.0,0.3333333333333333,0.6666666666666667,0.1111111111111111,0.5555555555555556,0.3191489361702128,0.6808510638297873,0.06914893617021277,0.6117021276595745,0.5536693315187073,0.22738121874743708,-2.523053080518171,0.24507820245634626,3.531092572947261,50.13497051282046,0.6416683799680191,0.42432541280708824,,0.6416683799680191,0.0,0.42432541280708824,0.0,0.5536693315187073,110.0,,5,0.6416683799680191,3.157939836366667,1248.9799999999998,198.0,198.0,0.4587912087912088,91,False,99,False,122,False,146,False,167,False,181,False,209,True,241,True,257,True,161_200,161_200,161_200
direct_gbt_schedule_building,2027,Buffalo,buffalo,MAC,George Halcovage,0.42103517293927195,201_250,71,2159,0.005578530838118473,0.005578530838118473,0.005578530838118473,0.0,9.0,0.2222222222222222,0.7777777777777778,0.0,0.7777777777777778,0.1990049751243781,0.8009950248756218,0.0,0.8009950248756218,0.5369774040456454,0.004144557696986726,-28.313674466666665,0.0027892654190592365,3.4448072208537357,,0.7045598563214777,,,0.7045598563214777,0.0005550776953351713,,0.5643489396405865,0.5369774040456454,,,7,0.7045598563214777,6.252115932366666,3907.63,199.0,199.0,0.4560439560439561,91,False,99,False,122,False,146,False,167,False,181,False,209,True,241,True,257,True,161_200,161_200,161_200
direct_gbt_schedule_building,2027,Fairfield,fairfield,MAAC,Chris Casey,0.4206231974032767,251_300,71,2159,0.49739547562947073,0.49739547562947073,0.49739547562947073,0.5067895488556182,10.0,0.8,0.2,0.0,0.2,0.7766990291262136,0.2233009708737864,0.0,0.2233009708737864,0.4715778995772861,0.47181898185673715,6.12733527558607,0.46400609206627613,2.9093625746436778,,0.6388509954045479,,,0.6388509954045479,0.36039308121652514,,0.1426560475175204,0.4715778995772861,,,2,0.6388509954045479,3.961185371500001,1190.34,200.0,200.0,0.45329670329670335,91,False,99,False,122,False,146,False,167,False,181,False,209,True,241,True,257,True,161_200,161_200,161_200
direct_gbt_schedule_building,2027,Howard,howard,MEAC,Kenny Blakeney,0.41858887151720514,161_200,71,2159,0.3978959420821232,0.3978959420821232,0.3978959420821232,0.33822574287162355,11.0,0.8181818181818182,0.18181818181818182,0.0,0.18181818181818182,0.7964601769911505,0.20353982300884954,0.0,0.20353982300884954,0.37442931635101717,0.3693978495073156,6.366191223376303,0.3438254809068483,2.364981094314011,,0.48230103611637976,,,0.48230103611637976,0.2738433033771358,,0.09816746752811269,0.37442931635101717,,,2,0.48230103611637976,0.038954659700000005,384.04999999999995,201.0,201.0,0.4505494505494505,91,False,99,False,122,False,146,False,167,False,181,False,209,True,241,True,257,True,161_200,201_250,201_250
direct_gbt_schedule_building,2027,UMBC,umbc,AE,Jim Ferry,0.4095509235608899,161_200,71,2159,0.07343484751273192,0.07343484751273192,0.07343484751273192,0.0840574480906433,6.0,0.3333333333333333,0.6666666666666666,0.16666666666666666,0.5,0.32786885245901637,0.6721311475409836,0.10655737704918034,0.5655737704918032,0.5024234265197818,0.0674625100416635,4.389791627557358,0.07287325020839899,-4.6742718735397135,15.28193021978022,0.32517377892821925,0.03256429434439906,,0.32517377892821925,0.0,0.03256429434439906,0.0,0.5024234265197818,163.0,,3,0.32517377892821925,-1.2231831462666665,1415.4099999999999,202.0,202.0,0.44780219780219777,91,False,99,False,122,False,146,False,167,False,181,False,209,True,241,True,257,True,161_200,201_250,201_250
direct_gbt_schedule_building,2027,Bowling Green,bowling green,MAC,Todd Simon,0.4076087627835332,136_160,71,2159,0.19166549355014822,0.19166549355014822,0.19166549355014822,0.12820373902662754,12.0,0.5,0.5,0.0,0.5,0.46511627906976744,0.5348837209302325,0.0,0.5348837209302325,0.35701427080764014,0.19625830923432477,2.2510535507058194,0.15473807455527444,-1.9795268611299757,,0.49781018496368307,,,0.49781018496368307,0.07197119746756951,,0.2662705640503421,0.35701427080764014,,,6,0.49781018496368307,1.4160621040166665,1912.4699999999998,203.0,203.0,0.44505494505494503,91,False,99,False,122,False,146,False,167,False,181,False,209,True,241,True,257,True,161_200,201_250,201_250
direct_gbt_schedule_building,2027,Portland St.,portland state,BSky,Jase Coburn,0.4076087627835332,136_160,71,2159,0.025692035398230093,0.025692035398230093,0.025692035398230093,0.0,11.0,0.2727272727272727,0.7272727272727273,0.0,0.7272727272727273,0.24590163934426232,0.7540983606557378,0.0,0.7540983606557378,0.34182928091736137,0.02076483304685817,-17.984258461008544,0.012846017699115047,0.8050199367704293,,0.40409609732947027,,,0.40409609732947027,0.0031588568112577986,,0.304728204543535,0.34182928091736137,,,8,0.40409609732947027,-0.337913019,565.06,204.0,204.0,0.4423076923076923,91,False,99,False,122,False,146,False,167,False,181,False,209,True,241,True,257,True,161_200,201_250,201_250
direct_gbt_schedule_building,2027,UT Rio Grande Valley,ut rio grande valley,Slnd,Brandon Chambers,0.4076087627835332,136_160,71,2159,0.00036334719258516746,0.00036334719258516746,0.00036334719258516746,0.0,6.0,0.16666666666666666,0.8333333333333334,0.0,0.8333333333333334,0.14814814814814814,0.8518518518518517,0.0,0.8518518518518517,0.48375237784972347,0.00024822906334893735,-21.611130000000003,0.00018167359629258373,0.42612242768127995,,0.47525132247028956,,,0.47525132247028956,2.6914606858160552e-05,,0.40484371914135775,0.48375237784972347,,,5,0.47525132247028956,-0.03626423779999999,970.6700000000001,205.0,205.0,0.43956043956043955,91,False,99,False,122,False,146,False,167,False,181,False,209,True,241,True,257,True,161_200,201_250,201_250
direct_gbt_schedule_building,2027,Merrimack,merrimack,MAAC,Joe Gallo,0.40750334565627144,161_200,71,2159,0.37680364526200316,0.37680364526200316,0.37680364526200316,0.382257968296604,7.0,0.5714285714285714,0.42857142857142855,0.0,0.42857142857142855,0.5369127516778525,0.46308724832214765,0.0,0.46308724832214765,0.4242734140690955,0.3494818989893562,6.017754223964184,0.37018482362902594,-1.5074587453817974,,0.4267268701277489,,,0.4267268701277489,0.1987569522840408,,0.1976117720725817,0.4242734140690955,,,3,0.4267268701277489,0.10997098003333328,1248.2399999999998,206.0,206.0,0.4368131868131868,91,False,99,False,122,False,146,False,167,False,181,False,209,True,241,True,257,True,161_200,201_250,201_250
direct_gbt_schedule_building,2027,Queens,queens,ASun,Grant Leonard,0.40750334565627144,161_200,71,2159,0.24835984922583718,0.24835984922583718,0.24835984922583718,0.2413928654953301,7.0,0.7142857142857143,0.2857142857142857,0.0,0.2857142857142857,0.6849315068493151,0.3150684931506849,0.0,0.3150684931506849,0.34853345349062226,0.2649620455289433,10.153578302287723,0.23041089171063273,-3.9219432269224654,,0.29415491154276097,,,0.29415491154276097,0.15781567925385806,,0.09267894473265072,0.34853345349062226,,,2,0.29415491154276097,0.011687500000000002,313.62,207.0,207.0,0.4340659340659341,91,False,99,False,122,False,146,False,167,False,181,False,209,True,241,True,257,True,161_200,201_250,201_250
direct_gbt_schedule_building,2027,Western Michigan,western michigan,MAC,Kahil Fennell,0.40035437259095324,251_300,71,2159,0.0,0.0,0.0,0.0,11.0,0.0,1.0,0.18181818181818182,0.8181818181818182,0.0,1.0,0.11158798283261803,0.8884120171673819,0.49689976379842477,0.0,0.0,0.0,7.816195784676734,29.976804475548068,0.8338510418894065,0.20872216788447157,,0.8338510418894065,0.0,0.20872216788447157,0.0,0.49689976379842477,127.0,,9,0.8338510418894065,8.771040629766665,5937.0599999999995,208.0,208.0,0.43131868131868134,91,False,99,False,122,False,146,False,167,False,181,False,209,True,241,True,257,True,161_200,201_250,201_250
direct_gbt_schedule_building,2027,UC Davis,uc davis,BW,Jim Les,0.40029664381304014,161_200,71,2159,0.47674392558056194,0.47674392558056194,0.47674392558056194,0.4696996501720605,7.0,0.8571428571428571,0.14285714285714285,0.0,0.14285714285714285,0.8391608391608392,0.16083916083916083,0.0,0.16083916083916083,0.4752073397884704,0.46451378330036147,3.899628362923033,0.43590459489470373,-0.970618768007796,,0.2841651239454364,,,0.2841651239454364,0.3657940656459052,,0.04570488007514012,0.4752073397884704,,,1,0.2841651239454364,-0.22151649999999998,41.73,209.0,209.0,0.4285714285714286,91,False,99,False,122,False,146,False,167,False,181,False,209,True,241,True,257,True,161_200,201_250,201_250
direct_gbt_schedule_building,2027,Weber St.,weber state,BSky,Kaleb Canales,0.39866294421404724,201_250,71,2159,0.08689783455007859,0.08689783455007859,0.08689783455007859,0.0,12.0,0.3333333333333333,0.6666666666666666,0.0,0.6666666666666666,0.30303030303030304,0.696969696969697,0.0,0.696969696969697,0.40127605038864367,0.07584189223802802,-2.5267873820799345,0.043448917275039294,2.0436883346770314,,0.5415851869118821,,,0.5415851869118821,0.013166338568193726,,0.37746846360525116,0.40127605038864367,,,8,0.5415851869118821,0.21455090400000001,367.90999999999997,210.0,210.0,0.42582417582417587,91,False,99,False,122,False,146,False,167,False,181,False,209,False,241,True,257,True,201_250,201_250,201_250
direct_gbt_schedule_building,2027,Florida Gulf Coast,florida gulf coast,ASun,Pat Chambers,0.39677227136050647,201_250,71,2159,0.30710400405254723,0.30710400405254723,0.30710400405254723,0.24989861215290363,8.0,0.75,0.25,0.0,0.25,0.7228915662650601,0.2771084337349397,0.0,0.2771084337349397,0.3916266447791008,0.2855410155837614,4.266335205232141,0.26108967805107075,-2.2295967908590346,,0.3002641182534206,,,0.3002641182534206,0.18873952630197882,,0.0832057195160081,0.3916266447791008,,,2,0.3002641182534206,0.016632483733333335,112.54,211.0,211.0,0.42307692307692313,91,False,99,False,122,False,146,False,167,False,181,False,209,False,241,True,257,True,201_250,201_250,201_250
direct_gbt_schedule_building,2027,Mercer,mercer,SC,Ryan Ridder,0.3965384489645086,161_200,71,2159,0.2510361997503465,0.2510361997503465,0.2510361997503465,0.27532735325723356,9.0,0.3333333333333333,0.6666666666666667,0.1111111111111111,0.5555555555555556,0.3191489361702128,0.6808510638297873,0.06914893617021277,0.6117021276595745,0.3485993516122138,0.2353815287403116,5.2488170773753104,0.2507534430797028,-1.6622709183563802,73.31075,0.3503381967346641,0.07853403141361259,,0.3503381967346641,0.08002769459990516,0.005430544725409382,0.21430262034301265,0.3485993516122138,177.0,,5,0.3503381967346641,-0.2316896946,724.67,212.0,212.0,0.4203296703296703,91,False,99,False,122,False,146,False,167,False,181,False,209,False,241,True,257,True,201_250,201_250,201_250
direct_gbt_schedule_building,2027,Stony Brook,stony brook,CAA,Geno Ford,0.3965384489645086,201_250,71,2159,0.2678490005744865,0.2678490005744865,0.2678490005744865,0.22031326645919924,9.0,0.5555555555555556,0.4444444444444444,0.0,0.4444444444444444,0.5208333333333334,0.47916666666666663,0.0,0.47916666666666663,0.3820117758346537,0.24287999649881864,5.169830652816529,0.2252291773319791,-1.6196354888113849,,0.49035007368783606,,,0.49035007368783606,0.11730686319373913,,0.23495941030875475,0.3820117758346537,,,4,0.49035007368783606,0.5710894622333335,1747.5,213.0,213.0,0.41758241758241754,91,False,99,False,122,False,146,False,167,False,181,False,209,False,241,True,257,True,201_250,201_250,201_250
direct_gbt_schedule_building,2027,Chattanooga,chattanooga,SC,Dan Earl,0.39454446356451844,301_plus,71,2159,0.23012810565699404,0.23012810565699404,0.23012810565699404,0.17114532104622787,10.0,0.5,0.5,0.1,0.4,0.48780487804878053,0.5121951219512195,0.06341463414634146,0.44878048780487806,0.36169629223989774,0.21354383698064228,3.2353847112503056,0.18139536888567043,-0.5175534806700389,73.31075,0.5411750286480296,0.010471204188481686,,0.5411750286480296,0.08848554579788802,0.0006640275826842045,0.24286879334448158,0.36169629223989774,190.0,,4,0.5411750286480296,2.0085986783666665,1456.88,214.0,214.0,0.4148351648351648,91,False,99,False,122,False,146,False,167,False,181,False,209,False,241,True,257,True,201_250,201_250,201_250
direct_gbt_schedule_building,2027,CSUN,cal state northridge,BW,Andy Newman,0.39314687028024964,161_200,71,2159,0.08174065947745979,0.08174065947745979,0.08174065947745979,0.09020224584391931,9.0,0.3333333333333333,0.6666666666666666,0.0,0.6666666666666666,0.30303030303030304,0.696969696969697,0.0,0.696969696969697,0.3987003913259042,0.07254209720724149,-4.078078777056483,0.08067628339791169,-2.1609752744996493,,0.4448970545173368,,,0.4448970545173368,0.024447358605427787,,0.310079765269659,0.3987003913259042,,,6,0.4448970545173368,-0.4611676498666666,2753.0299999999997,215.0,215.0,0.41208791208791207,91,False,99,False,122,False,146,False,167,False,181,False,209,False,241,True,257,True,201_250,201_250,201_250
direct_gbt_schedule_building,2027,Cal St. Fullerton,cal state fullerton,BW,Dedrique Taylor,0.39314687028024964,161_200,71,2159,0.33915831513026523,0.33915831513026523,0.33915831513026523,0.27252509189799606,10.0,0.6,0.4,0.0,0.4,0.5660377358490566,0.43396226415094336,0.0,0.43396226415094336,0.2775612063182847,0.30800292222494496,2.922524052643949,0.28043818613066834,0.01990950226244344,,0.0995475113122172,,,0.0995475113122172,0.1587385959230198,,0.04319986339964142,0.2775612063182847,,,4,0.0995475113122172,0.0,0.0,216.0,216.0,0.40934065934065933,91,False,99,False,122,False,146,False,167,False,181,False,209,False,241,True,257,True,201_250,201_250,201_250
direct_gbt_schedule_building,2027,Marshall,marshall,SB,Cornelius Jackson,0.39314687028024964,201_250,71,2159,0.10305823073908185,0.10305823073908185,0.10305823073908185,0.0,9.0,0.3333333333333333,0.6666666666666666,0.0,0.6666666666666666,0.30303030303030304,0.696969696969697,0.0,0.696969696969697,0.39133343853274793,0.09074087995787901,2.2649045915237283,0.051529115369540926,-1.196072640785313,,0.4522451904232842,,,0.4522451904232842,0.015614883445315433,,0.3152011933253193,0.39133343853274793,,,6,0.4522451904232842,0.8913457109333331,1376.2800000000002,217.0,217.0,0.4065934065934066,91,False,99,False,122,False,146,False,167,False,181,False,209,False,241,True,257,True,201_250,201_250,201_250
direct_gbt_schedule_building,2027,Monmouth,monmouth,CAA,King Rice,0.39314687028024964,161_200,71,2159,0.13970999120595298,0.13970999120595298,0.13970999120595298,0.1265881091189088,10.0,0.7,0.3,0.0,0.3,0.6698564593301436,0.33014354066985646,0.0,0.33014354066985646,0.31945268846266417,0.14771607428346034,2.2471374645063023,0.12502528101249893,-1.7099229473798714,,0.48005650682172246,,,0.48005650682172246,0.08374899206578877,,0.15848755488372657,0.31945268846266417,,,3,0.48005650682172246,0.27592124433333326,1824.84,218.0,218.0,0.40384615384615385,91,False,99,False,122,False,146,False,167,False,181,False,209,False,241,True,257,True,201_250,201_250,201_250
direct_gbt_schedule_building,2027,Northern Kentucky,northern kentucky,Horz,Darrin Horn,0.39314687028024964,161_200,71,2159,0.2443088364234469,0.2443088364234469,0.2443088364234469,0.21084847347037095,9.0,0.5555555555555556,0.4444444444444444,0.0,0.4444444444444444,0.5208333333333334,0.47916666666666663,0.0,0.47916666666666663,0.4392859705503094,0.1990867134342784,1.1098961859339607,0.2173922086898644,-0.17868111781876678,,0.5639859099271273,,,0.5639859099271273,0.11322510869263772,,0.27024324850674847,0.4392859705503094,,,4,0.5639859099271273,0.9086532224833332,2063.7,219.0,219.0,0.4010989010989011,91,False,99,False,122,False,146,False,167,False,181,False,209,False,241,True,257,True,201_250,201_250,201_250
direct_gbt_schedule_building,2027,Rice,rice,Amer,Rob Lanier,0.39314687028024964,201_250,71,2159,0.35119637823756034,0.35119637823756034,0.35119637823756034,0.34566175988459774,12.0,0.5833333333333334,0.41666666666666663,0.16666666666666666,0.25,0.5957446808510639,0.40425531914893614,0.11063829787234043,0.2936170212765957,0.38010132062692853,0.32608175252671523,-6.148619595612013,0.31856187149251936,-0.26782504215088665,77.387685381403,0.5098548187386851,0.25130890052356025,,0.5098548187386851,0.18978154046362858,0.02780438899409603,0.14970205316157137,0.38010132062692853,144.0,,3,0.5098548187386851,0.8214863840833333,1659.62,220.0,220.0,0.3983516483516484,91,False,99,False,122,False,146,False,167,False,181,False,209,False,241,True,257,True,201_250,201_250,201_250
direct_gbt_schedule_building,2027,Siena,siena,MAAC,Nevada Smith,0.39314687028024964,161_200,71,2159,0.06507160823512498,0.06507160823512498,0.06507160823512498,0.0,6.0,0.8333333333333334,0.16666666666666666,0.0,0.16666666666666666,0.8130081300813009,0.18699186991869918,0.0,0.18699186991869918,0.31318608063757364,0.06005952815048687,-1.7952595596985537,0.03253580411756249,0.05113122171945701,,0.25565610859728505,,,0.25565610859728505,0.02645187326631097,,0.047805613802744354,0.31318608063757364,,,1,0.25565610859728505,0.0,0.0,221.0,221.0,0.39560439560439564,91,False,99,False,122,False,146,False,167,False,181,False,209,False,241,True,257,True,201_250,201_250,201_250
direct_gbt_schedule_building,2027,Texas A&M Corpus Chris,texas a and m corpus chris,Slnd,Jim Shaw,0.39314687028024964,161_200,71,2159,0.22754849785407727,0.22754849785407727,0.22754849785407727,0.12419701744231744,11.0,0.6363636363636364,0.36363636363636365,0.09090909090909091,0.2727272727272727,0.6306306306306306,0.36936936936936937,0.058558558558558564,0.3108108108108108,0.28370826083839373,0.20956580990245702,2.4353107740084594,0.15853218884120174,-1.6417615891783097,73.31075,0.44177076346741284,0.026178010471204164,,0.44177076346741284,0.09997525422418127,0.0015329465591245684,0.1373071291858175,0.28370826083839373,187.0,,3,0.44177076346741284,-0.07481290259999995,1432.4,222.0,222.0,0.3928571428571429,91,False,99,False,122,False,146,False,167,False,181,False,209,False,241,True,257,True,201_250,201_250,201_250
direct_gbt_schedule_building,2027,Marist,marist,MAAC,John Dunne,0.39180899406656644,201_250,71,2159,0.269314841585851,0.269314841585851,0.269314841585851,0.27151808509781494,6.0,0.6666666666666666,0.3333333333333333,0.0,0.3333333333333333,0.634920634920635,0.3650793650793651,0.0,0.3650793650793651,0.381699355634058,0.25644394982866764,7.043399291597595,0.2465655772668352,-4.340302208385843,,0.34721054129908724,,,0.34721054129908724,0.1565495728678319,,0.12675940396633345,0.381699355634058,,,2,0.34721054129908724,0.33955900000000006,792.28,223.0,223.0,0.39010989010989006,91,False,99,False,122,False,146,False,167,False,181,False,209,False,241,True,257,True,201_250,201_250,201_250
direct_gbt_schedule_building,2027,Quinnipiac,quinnipiac,MAAC,Tom Pecora,0.39180899406656644,201_250,71,2159,0.33664112488379794,0.33664112488379794,0.33664112488379794,0.3115003483494167,11.0,0.6363636363636364,0.36363636363636365,0.0,0.36363636363636365,0.6034482758620691,0.39655172413793105,0.0,0.39655172413793105,0.28520080571899453,0.3099417674590444,6.370910736144055,0.30281332951459944,-6.252688659793317,,0.18385435614971365,,,0.18385435614971365,0.18273218160363763,,0.07290776192143818,0.28520080571899453,,,4,0.18385435614971365,-1.3178685342999998,632.28,224.0,224.0,0.3873626373626373,91,False,99,False,122,False,146,False,167,False,181,False,209,False,241,True,257,True,201_250,201_250,201_250
direct_gbt_schedule_building,2027,Columbia,columbia,Ivy,Kevin Hovde,0.38829436385260435,161_200,71,2159,0.549296552669976,0.549296552669976,0.549296552669976,0.5106989823841667,11.0,0.8181818181818182,0.18181818181818182,0.09090909090909091,0.09090909090909091,0.8333333333333334,0.16666666666666666,0.06018518518518519,0.10648148148148147,0.44157670118618353,0.5332110021831424,5.411961052100929,0.4932731539507721,-4.62150766222165,73.31075,0.21189197864844647,0.015706806282722474,,0.21189197864844647,0.41106096162564343,0.0009453170447934823,0.022562571800529018,0.44157670118618353,189.0,,1,0.21189197864844647,-0.2155912182,284.51,225.0,225.0,0.3846153846153846,91,False,99,False,122,False,146,False,167,False,181,False,209,False,241,True,257,True,201_250,201_250,201_250
direct_gbt_schedule_building,2027,Old Dominion,old dominion,SB,Mike K. Jones,0.38773574278616857,201_250,71,2159,0.28776143005534793,0.28776143005534793,0.28776143005534793,0.23456073417773166,11.0,0.5454545454545454,0.45454545454545453,0.0,0.45454545454545453,0.5106382978723404,0.48936170212765956,0.0,0.48936170212765956,0.38132453165620955,0.2612728900893205,4.432851877144968,0.24191485403327073,-0.5217864581968124,,0.5173328297968346,,,0.5173328297968346,0.12353098929358504,,0.2531628741558978,0.38132453165620955,,,5,0.5173328297968346,0.3010216124666667,1640.4,226.0,226.0,0.38186813186813184,91,False,99,False,122,False,146,False,167,False,181,False,209,False,241,True,257,True,201_250,201_250,201_250
direct_gbt_schedule_building,2027,Lehigh,lehigh,PL,Brett Reed,0.3835912826211837,251_300,71,2159,0.8063704122643403,0.8063704122643403,0.8063704122643403,0.7999886872398921,9.0,1.0,0.0,0.0,0.0,1.0,0.0,0.0,0.0,0.6387206513038199,0.7751028668816845,6.722714248651302,0.7451073188385624,,,,,,,0.7451073188385624,,,0.6387206513038199,,,,,,,227.0,227.0,0.3791208791208791,91,False,99,False,122,False,146,False,167,False,181,False,209,False,241,True,257,True,201_250,201_250,201_250
direct_gbt_schedule_building,2027,Tarleton St.,tarleton state,WAC,Eric Haut,0.38290573607643874,201_250,71,2159,0.30440543926640035,0.30440543926640035,0.30440543926640035,0.2862911205981458,15.0,0.6,0.4,0.0,0.4,0.5660377358490566,0.43396226415094336,0.0,0.43396226415094336,0.4662201633158666,0.27651518393463165,-1.4604646212033523,0.25034052683421937,4.0149307322166505,,0.7478022978571456,,,0.7478022978571456,0.14170218500050152,,0.32451797831536505,0.4662201633158666,,,6,0.7478022978571456,5.286215497716667,3749.8199999999997,228.0,228.0,0.37637362637362637,91,False,99,False,122,False,146,False,167,False,181,False,209,False,241,True,257,True,201_250,201_250,201_250
direct_gbt_schedule_building,2027,Idaho,idaho,BSky,Alex Pribble,0.3812760029647472,136_160,71,2159,0.13215205388059204,0.13215205388059204,0.13215205388059204,0.09901338783089392,7.0,0.42857142857142855,0.5714285714285714,0.0,0.5714285714285714,0.39473684210526316,0.6052631578947368,0.0,0.6052631578947368,0.34261727125715846,0.12185258535452075,4.76901813417323,0.10808948501287541,-1.936780310034025,,0.2835390672107958,,,0.2835390672107958,0.04266690197876661,,0.1716157512065343,0.34261727125715846,,,4,0.2835390672107958,-0.20342010348333345,372.62,229.0,229.0,0.37362637362637363,91,False,99,False,122,False,146,False,167,False,181,False,209,False,241,True,257,True,201_250,201_250,201_250
direct_gbt_schedule_building,2027,Pepperdine,pepperdine,WCC,Griff Aldrich,0.374688024631056,251_300,71,2159,0.15734432179941096,0.15734432179941096,0.15734432179941096,0.09269097185556657,12.0,0.3333333333333333,0.6666666666666667,0.08333333333333333,0.5833333333333334,0.3149606299212599,0.6850393700787403,0.05118110236220474,0.6338582677165355,0.5349090448112418,0.1392929234248948,-3.800401340014496,0.11857146635195492,5.9268638780560545,73.31075,0.7831080410274308,0.10471204188481675,,0.7831080410274308,0.037345343732899196,0.005359277734262276,0.4963795063205369,0.5349090448112418,172.0,,7,0.7831080410274308,9.197423777500001,3736.4900000000002,230.0,230.0,0.3708791208791209,91,False,99,False,122,False,146,False,167,False,181,False,209,False,241,True,257,True,201_250,201_250,201_250
direct_gbt_schedule_building,2027,Longwood,longwood,BSth,Ronnie Thomas,0.3726263859294209,251_300,71,2159,0.26204642335326633,0.26204642335326633,0.26204642335326633,0.2499416972923419,11.0,0.36363636363636365,0.6363636363636364,0.0,0.6363636363636364,0.33195020746887977,0.6680497925311204,0.0,0.6680497925311204,0.3971447780641517,0.2499649888157688,5.531170092225357,0.2350581840030393,-1.5907771277642357,,0.5003672543192165,,,0.5003672543192165,0.078027612947067,,0.3342702404373189,0.3971447780641517,,,7,0.5003672543192165,1.0719589101000002,1632.1799999999998,231.0,231.0,0.36813186813186816,91,False,99,False,122,False,146,False,167,False,181,False,209,False,241,True,257,True,201_250,201_250,201_250
direct_gbt_schedule_building,2027,Nebraska Omaha,nebraska omaha,Sum,Chris Crutchfield,0.3726263859294209,251_300,71,2159,0.20020635051433125,0.20020635051433125,0.20020635051433125,0.24584197021695278,10.0,0.3,0.7,0.2,0.5,0.2985074626865672,0.7014925373134329,0.1293532338308458,0.5721393034825871,0.2970241229798244,0.18853911207037302,5.1563317210236495,0.19854627607707415,-3.5433178530572866,77.387685381403,0.31361877289720386,0.23560209424083767,,0.31361877289720386,0.05926754509763408,0.03047589278737204,0.17943362628446988,0.2970241229798244,147.0,,5,0.31361877289720386,-0.29342076683333335,892.83,232.0,232.0,0.3653846153846154,91,False,99,False,122,False,146,False,167,False,181,False,209,False,241,True,257,True,201_250,201_250,201_250
direct_gbt_schedule_building,2027,FIU,fiu,CUSA,Joey Cantens,0.37254737118192655,161_200,71,2159,0.0002604277483212623,0.0002604277483212623,0.0002604277483212623,0.0,8.0,0.125,0.875,0.375,0.5,0.13245033112582782,0.8675496688741722,0.2582781456953643,0.609271523178808,0.5042122597499158,0.0004715576026266386,-16.2469375,0.00013021387416063115,-2.218202533933073,67.72663854550504,0.3629457712427353,0.6436626201024107,,0.3629457712427353,0.0,0.6436626201024107,0.0,0.5042122597499158,59.0,,4,0.3629457712427353,-0.6258770679333336,1457.92,233.0,233.0,0.3626373626373627,91,False,99,False,122,False,146,False,167,False,181,False,209,False,241,True,257,True,201_250,201_250,201_250
direct_gbt_schedule_building,2027,Southeast Missouri,southeast missouri state,OVC,Brad Korn,0.37247919998293594,201_250,71,2159,0.24433793067978016,0.24433793067978016,0.24433793067978016,0.2389481692137955,7.0,0.5714285714285714,0.42857142857142855,0.0,0.42857142857142855,0.5369127516778525,0.46308724832214765,0.0,0.46308724832214765,0.37204651546570267,0.2309681660079865,5.114840528036558,0.2217012670492535,1.627303109419992,,0.5649774496732948,,,0.5649774496732948,0.1190342373418811,,0.2616338525332707,0.37204651546570267,,,3,0.5649774496732948,1.6979034815999998,408.23,234.0,234.0,0.35989010989010994,91,False,99,False,122,False,146,False,167,False,181,False,209,False,241,True,257,True,201_250,201_250,201_250
direct_gbt_schedule_building,2027,Elon,elon,CAA,Billy Taylor,0.3714770928656872,201_250,71,2159,0.27833405463534905,0.27833405463534905,0.27833405463534905,0.31585801487011594,7.0,0.5714285714285714,0.42857142857142855,0.0,0.42857142857142855,0.5369127516778525,0.46308724832214765,0.0,0.46308724832214765,0.38770345285895313,0.2886744440771671,2.8747133501584337,0.27455131735977234,2.0060704552999216,,0.5158809271821058,,,0.5158809271821058,0.1474101032804147,,0.23889787903063958,0.38770345285895313,,,3,0.5158809271821058,1.065547372,730.65,235.0,235.0,0.3571428571428571,91,False,99,False,122,False,146,False,167,False,181,False,209,False,241,True,257,True,201_250,201_250,201_250
direct_gbt_schedule_building,2027,La Salle,la salle,A10,Darris Nichols,0.36925151781068255,201_250,71,2159,0.109379914354148,0.109379914354148,0.109379914354148,0.12593320192194696,10.0,0.4,0.6,0.0,0.6,0.36697247706422026,0.6330275229357798,0.0,0.6330275229357798,0.4358423143864315,0.09398452780008126,-6.676321577084719,0.1004935523673578,1.5720846456615776,,0.6151516884234157,,,0.6151516884234157,0.036878367841232225,,0.38940794955243746,0.4358423143864315,,,6,0.6151516884234157,1.6052366493999997,2363.5499999999997,236.0,236.0,0.35439560439560436,91,False,99,False,122,False,146,False,167,False,181,False,209,False,241,True,257,True,201_250,201_250,201_250
direct_gbt_schedule_building,2027,Ball St.,ball state,MAC,Chris Capko,0.36810167238101904,251_300,71,2159,0.1802921355229821,0.1802921355229821,0.1802921355229821,0.18689352679073978,13.0,0.3076923076923077,0.6923076923076923,0.07692307692307693,0.6153846153846154,0.2888086642599278,0.7111913357400722,0.04693140794223827,0.6642599277978339,0.4191573537551186,0.15156771769063504,1.73969028093856,0.16820017301097218,3.841484533397707,26.89072142857143,0.7392957219347954,0.15721765145848915,,0.7392957219347954,0.0,0.15721765145848915,0.0,0.4191573537551186,151.0,,8,0.7392957219347954,4.643080498650001,3783.85,237.0,237.0,0.3516483516483516,91,False,99,False,122,False,146,False,167,False,181,False,209,False,241,True,257,True,201_250,201_250,201_250
direct_gbt_schedule_building,2027,East Carolina,east carolina,Amer,Mike Schwartz,0.36810167238101904,201_250,71,2159,0.05549291276886787,0.05549291276886787,0.05549291276886787,0.0,9.0,0.1111111111111111,0.8888888888888888,0.2222222222222222,0.6666666666666666,0.10869565217391304,0.8913043478260869,0.14130434782608695,0.75,0.4294163008256342,0.05434147109895985,-2.676802499999999,0.027746456384433935,2.113913754209211,44.69425550278157,0.6736450987423132,0.3632011967090501,,0.6736450987423132,0.0,0.3632011967090501,0.0,0.4294163008256342,118.0,,6,0.6736450987423132,5.1057708715,3376.4799999999996,238.0,238.0,0.3489010989010989,91,False,99,False,122,False,146,False,167,False,181,False,209,False,241,True,257,True,201_250,201_250,201_250
direct_gbt_schedule_building,2027,Portland,portland,WCC,Shantay Legans,0.36596203676051364,201_250,71,2159,0.38228098517523973,0.38228098517523973,0.38228098517523973,0.4100603374656032,7.0,0.5714285714285714,0.42857142857142855,0.0,0.42857142857142855,0.5369127516778525,0.46308724832214765,0.0,0.46308724832214765,0.46340885904176743,0.36605900138700903,2.634857826760536,0.3619911256089128,-0.7983673330115131,,0.5115616699777833,,,0.5115616699777833,0.1943576513336445,,0.23689768609709427,0.46340885904176743,,,3,0.5115616699777833,1.73667471085,1558.51,239.0,239.0,0.34615384615384615,91,False,99,False,122,False,146,False,167,False,181,False,209,False,241,True,257,True,201_250,201_250,201_250
direct_gbt_schedule_building,2027,Green Bay,green bay,Horz,Doug Gottlieb,0.3659610189318896,201_250,71,2159,0.28591498420897854,0.28591498420897854,0.28591498420897854,0.18738563479907133,8.0,0.75,0.25,0.0,0.25,0.7228915662650601,0.2771084337349397,0.0,0.2771084337349397,0.33639266677413826,0.27630826938260994,0.0066816087070762364,0.22332068559884416,-2.0534702380178698,,0.47154651754158083,,,0.47154651754158083,0.16143664019193552,,0.13066951690911274,0.33639266677413826,,,2,0.47154651754158083,1.2241053493333334,653.48,240.0,240.0,0.3434065934065934,91,False,99,False,122,False,146,False,167,False,181,False,209,False,241,True,257,True,201_250,201_250,201_250
direct_gbt_schedule_building,2027,Abilene Christian,abilene christian,WAC,Brette Tanner,0.36432965973654385,201_250,71,2159,0.2125154771270468,0.2125154771270468,0.2125154771270468,0.23500467118725835,5.0,0.6,0.4,0.0,0.4,0.5660377358490566,0.43396226415094336,0.0,0.43396226415094336,0.39400999276471793,0.20514612662809642,0.6855003368647621,0.20165742188407665,0.06266009812930966,,0.29213548194424216,,,0.29213548194424216,0.11414571050042074,,0.12677577518335037,0.39400999276471793,,,2,0.29213548194424216,-0.1350710145,127.59,241.0,241.0,0.34065934065934067,91,False,99,False,122,False,146,False,167,False,181,False,209,False,241,True,257,True,201_250,201_250,201_250
direct_gbt_schedule_building,2027,Iona,iona,MAAC,Dan Geriot,0.3641245993897374,251_300,71,2159,0.19891372313426434,0.19891372313426434,0.19891372313426434,0.23816902580412536,8.0,0.375,0.625,0.0,0.625,0.34285714285714286,0.6571428571428571,0.0,0.6571428571428571,0.44680731638265125,0.18910485242508004,1.7926004096554529,0.19815587337395635,1.2569553360858283,,0.6237642220568385,,,0.6237642220568385,0.06793915658535646,,0.4099022030659224,0.44680731638265125,,,5,0.6237642220568385,1.6316521669666666,3046.72,242.0,242.0,0.33791208791208793,91,False,99,False,122,False,146,False,167,False,181,False,209,False,241,False,257,True,251_300,201_250,201_250
direct_gbt_schedule_building,2027,Northeastern,northeastern,CAA,Bill Coen,0.36278879491242394,251_300,71,2159,0.34005854435972327,0.34005854435972327,0.34005854435972327,0.3001074245189914,9.0,0.5555555555555556,0.4444444444444444,0.1111111111111111,0.3333333333333333,0.5494505494505495,0.4505494505494505,0.07142857142857142,0.3791208791208791,0.3388803273180515,0.3281586632821994,4.198155054756587,0.2804409784812526,-2.841759700411962,73.977416666667,0.28985461690535486,0.1465968586387435,,0.28985461690535486,0.15408844971497396,0.010471204188481678,0.10988993717840376,0.3388803273180515,164.0,,3,0.28985461690535486,-0.1357459243166667,383.47,243.0,243.0,0.3351648351648352,91,False,99,False,122,False,146,False,167,False,181,False,209,False,241,False,257,True,251_300,201_250,201_250
direct_gbt_schedule_building,2027,UTEP,utep,CUSA,Joe Golding,0.3624863137816987,251_300,71,2159,0.0024035568393404555,0.0024035568393404555,0.0024035568393404555,0.0,10.0,0.1,0.8999999999999999,0.3,0.6,0.10152284263959392,0.8984771573604061,0.19796954314720813,0.700507614213198,0.46575141376151363,0.0016061181375251832,-27.0638,0.0012017784196702277,0.8839514234832416,48.91365121622581,0.6368950408564565,0.4603451604980632,,0.6368950408564565,0.0,0.4603451604980632,0.0,0.46575141376151363,54.0,,6,0.6368950408564565,2.058032371933333,3167.34,244.0,244.0,0.33241758241758246,91,False,99,False,122,False,146,False,167,False,181,False,209,False,241,False,257,True,251_300,201_250,201_250
direct_gbt_schedule_building,2027,UC Riverside,uc riverside,BW,Gus Argenal,0.3600156023007298,251_300,71,2159,0.06995344992241655,0.06995344992241655,0.06995344992241655,0.0,10.0,0.2,0.8,0.0,0.8,0.1785714285714286,0.8214285714285714,0.0,0.8214285714285714,0.43652265018385134,0.06672929043831033,1.738539144429621,0.03497672496120827,1.4222516638852223,,0.5525142415292548,,,0.5525142415292548,0.006245843743072907,,0.4538509841133164,0.43652265018385134,,,8,0.5525142415292548,2.3202500493000002,1298.7400000000002,245.0,245.0,0.3296703296703297,91,False,99,False,122,False,146,False,167,False,181,False,209,False,241,False,257,True,251_300,201_250,201_250
direct_gbt_schedule_building,2027,American,american,PL,Duane Simpkins,0.35812365305315186,201_250,71,2159,0.8621776442215545,0.8621776442215545,0.8621776442215545,0.8466868011561574,12.0,1.0,0.0,0.0,0.0,1.0,0.0,0.0,0.0,0.7747787024367639,0.8640999359459397,8.043007829409785,0.8116573916202916,,,,,,,0.8116573916202916,,,0.7747787024367639,,,,,,,246.0,246.0,0.32692307692307687,91,False,99,False,122,False,146,False,167,False,181,False,209,False,241,False,257,True,251_300,201_250,201_250
direct_gbt_schedule_building,2027,Denver,denver,Sum,Tim Bergstraser,0.35812365305315186,201_250,71,2159,0.395577226128366,0.395577226128366,0.395577226128366,0.4260095944502543,11.0,0.45454545454545453,0.5454545454545454,0.0,0.5454545454545454,0.42016806722689076,0.5798319327731092,0.0,0.5798319327731092,0.3655430651028087,0.3916236457133165,7.136251109011735,0.3951470522312146,-2.910496545138708,,0.34530485837815755,,,0.34530485837815755,0.16602817320639268,,0.20021878342935184,0.3655430651028087,,,6,0.34530485837815755,-0.7228561834,1979.6699999999998,247.0,247.0,0.32417582417582413,91,False,99,False,122,False,146,False,167,False,181,False,209,False,241,False,257,True,251_300,201_250,201_250
direct_gbt_schedule_building,2027,Presbyterian,presbyterian,BSth,Quinton Ferrell,0.35812365305315186,251_300,71,2159,0.5287631996971167,0.5287631996971167,0.5287631996971167,0.4689503442953817,10.0,0.9,0.1,0.0,0.1,0.8866995073891625,0.11330049261083741,0.0,0.11330049261083741,0.41102420516862864,0.5141736767432729,6.022327776678666,0.4724475098560481,0.047511312217194575,,0.23755656108597287,,,0.23755656108597287,0.41891897425659436,,0.026915275393977214,0.41102420516862864,,,1,0.23755656108597287,0.0,0.0,248.0,248.0,0.3214285714285714,91,False,99,False,122,False,146,False,167,False,181,False,209,False,241,False,257,True,251_300,201_250,201_250
direct_gbt_schedule_building,2027,Saint Peter's,saint peters,MAAC,Bashir Mason,0.35774330748650685,251_300,71,2159,0.16890649363981175,0.16890649363981175,0.16890649363981175,0.17117186894895828,3.0,0.6666666666666666,0.3333333333333333,0.0,0.3333333333333333,0.634920634920635,0.3650793650793651,0.0,0.3650793650793651,0.3815714113659071,0.17553169783480752,3.0609074113504953,0.15290469540654056,0.05056561085972851,,0.2528280542986425,,,0.2528280542986425,0.09708234628986703,,0.09230230553759966,0.3815714113659071,,,1,0.2528280542986425,0.0,0.0,249.0,249.0,0.31868131868131866,91,False,99,False,122,False,146,False,167,False,181,False,209,False,241,False,257,True,251_300,201_250,201_250
direct_gbt_schedule_building,2027,Tennessee St.,tennessee state,OVC,Nolan Smith,0.35746047953671234,161_200,71,2159,0.07415294324628463,0.07415294324628463,0.07415294324628463,0.0,8.0,0.5,0.5,0.0,0.5,0.46511627906976744,0.5348837209302325,0.0,0.5348837209302325,0.38318991621448306,0.06441074439705834,1.7743884000156669,0.037076471623142315,0.9611601859528796,,0.5830376071314417,,,0.5830376071314417,0.017244870522391775,,0.3118573247447246,0.38318991621448306,,,4,0.5830376071314417,1.5289044337833333,903.3000000000001,250.0,250.0,0.3159340659340659,91,False,99,False,122,False,146,False,167,False,181,False,209,False,241,False,257,True,251_300,201_250,201_250
direct_gbt_schedule_building,2027,Radford,radford,BSth,Zach Chu,0.3544474541152628,251_300,71,2159,0.07957261161826568,0.07957261161826568,0.07957261161826568,0.0,8.0,0.375,0.625,0.0,0.625,0.34285714285714286,0.6571428571428571,0.0,0.6571428571428571,0.4002261076191755,0.0745544695373077,-2.241307594679221,0.03978630580913284,2.633046032518988,,0.6238101228625929,,,0.6238101228625929,0.013641019134559831,,0.40993236645256104,0.4002261076191755,,,5,0.6238101228625929,2.2646409400833334,1343.37,251.0,251.0,0.3131868131868132,91,False,99,False,122,False,146,False,167,False,181,False,209,False,241,False,257,True,251_300,251_300,251_300
direct_gbt_schedule_building,2027,Eastern Michigan,eastern michigan,MAC,Billy Donlon,0.3492427680913296,201_250,71,2159,0.17103792982618526,0.17103792982618526,0.17103792982618526,0.2248949200871066,7.0,0.2857142857142857,0.7142857142857143,0.0,0.7142857142857143,0.25806451612903225,0.7419354838709676,0.0,0.7419354838709676,0.4784494439122785,0.16315932029884328,-0.6766766070738308,0.17103792982618526,0.3401107576787497,,0.5968043684775364,,,0.5968043684775364,0.04413882060030588,,0.44279033790268824,0.4784494439122785,,,5,0.5968043684775364,2.8339963777500006,2426.21,252.0,252.0,0.31043956043956045,91,False,99,False,122,False,146,False,167,False,181,False,209,False,241,False,257,True,251_300,251_300,251_300
direct_gbt_schedule_building,2027,Southern Utah,southern utah,WAC,Rob Jeter,0.34817248977509024,251_300,71,2159,0.11483855683129152,0.11483855683129152,0.11483855683129152,0.09083024880906933,7.0,0.5714285714285714,0.42857142857142855,0.0,0.42857142857142855,0.5369127516778525,0.46308724832214765,0.0,0.46308724832214765,0.38343557937035977,0.1066147785375844,-6.002443046245496,0.09499721886502223,1.997924256901898,,0.5961959769466123,,,0.5961959769466123,0.05100521818256228,,0.27609075442494124,0.38343557937035977,,,3,0.5961959769466123,2.5062971857,510.47,253.0,253.0,0.3076923076923077,91,False,99,False,122,False,146,False,167,False,181,False,209,False,241,False,257,True,251_300,251_300,251_300
direct_gbt_schedule_building,2027,Oral Roberts,oral roberts,Sum,Kory Barnett,0.34597972413044586,301_plus,71,2159,0.4356656903516719,0.4356656903516719,0.4356656903516719,0.5424981887637489,8.0,0.5,0.5,0.125,0.375,0.4938271604938272,0.5061728395061729,0.08024691358024692,0.42592592592592593,0.26851875470481995,0.4202937778971802,3.0792513749355024,0.4356656903516719,3.7531668967439344,33.684128021978026,0.5228348035075454,0.23885852367527763,,0.5228348035075454,0.0,0.23885852367527763,0.0,0.26851875470481995,136.0,,3,0.5228348035075454,0.3794564637,342.93,254.0,254.0,0.30494505494505497,91,False,99,False,122,False,146,False,167,False,181,False,209,False,241,False,257,True,251_300,251_300,251_300
direct_gbt_schedule_building,2027,Drexel,drexel,CAA,Zach Spiker,0.34587382129434574,201_250,71,2159,0.22082049487190702,0.22082049487190702,0.22082049487190702,0.10846760954780525,5.0,1.0,0.0,0.0,0.0,1.0,0.0,0.0,0.0,0.3636479500263645,0.2201559227650077,1.3149992910009494,0.1571263617102393,,,,,,,0.1571263617102393,,,0.3636479500263645,,,,,,,255.0,255.0,0.30219780219780223,91,False,99,False,122,False,146,False,167,False,181,False,209,False,241,False,257,True,251_300,251_300,251_300
direct_gbt_schedule_building,2027,Southern Miss,southern miss,SB,Jay Ladner,0.34587382129434574,201_250,71,2159,0.21609754043633347,0.21609754043633347,0.21609754043633347,0.19000284268991355,11.0,0.36363636363636365,0.6363636363636364,0.0,0.6363636363636364,0.33195020746887977,0.6680497925311204,0.0,0.6680497925311204,0.4337584095121369,0.19598188994704158,0.9588469881144546,0.1864469861472851,-1.1482025774131597,,0.5421204473718108,,,0.5421204473718108,0.06189111573353864,,0.36216345239361636,0.4337584095121369,,,7,0.5421204473718108,0.9592392708666666,1842.33,256.0,256.0,0.2994505494505495,91,False,99,False,122,False,146,False,167,False,181,False,209,False,241,False,257,True,251_300,251_300,251_300
direct_gbt_schedule_building,2027,New Orleans,new orleans,Slnd,Stacy Hollowell,0.3448569209714448,161_200,71,2159,0.22570341999485707,0.22570341999485707,0.22570341999485707,0.2042807623463077,9.0,0.4444444444444444,0.5555555555555556,0.2222222222222222,0.3333333333333333,0.4571428571428572,0.5428571428571429,0.14857142857142858,0.3942857142857143,0.36754169174011775,0.20658715882792453,0.6016216178635867,0.19805985254157507,-0.045363820876704306,77.387685381403,0.5719046367004363,0.24083769633507857,,0.5719046367004363,0.09054164687614862,0.03578160059835453,0.22549382818474348,0.36754169174011775,146.0,,3,0.5719046367004363,2.4940340986000002,1921.5500000000002,257.0,257.0,0.29670329670329665,91,False,99,False,122,False,146,False,167,False,181,False,209,False,241,False,257,True,251_300,251_300,251_300
direct_gbt_schedule_building,2027,Campbell,campbell,CAA,Jimmie WIlliams,0.3392874690443088,161_200,71,2159,0.017931446125191996,0.017931446125191996,0.017931446125191996,0.0,4.0,0.25,0.75,0.0,0.75,0.22471910112359555,0.7752808988764046,0.0,0.7752808988764046,0.3383278385526465,0.01505865122190772,-6.940882500000002,0.008965723062595998,0.021380090497737557,,0.10690045248868779,,,0.10690045248868779,0.0020147692275496627,,0.08287787889572426,0.3383278385526465,,,3,0.10690045248868779,0.0,0.0,258.0,258.0,0.2939560439560439,91,False,99,False,122,False,146,False,167,False,181,False,209,False,241,False,257,False,301_plus,251_300,251_300
direct_gbt_schedule_building,2027,Georgia Southern,georgia southern,SB,Charlie Henry,0.3392874690443088,201_250,71,2159,0.12338957369551053,0.12338957369551053,0.12338957369551053,0.0,8.0,0.375,0.625,0.125,0.5,0.36363636363636365,0.6363636363636362,0.0787878787878788,0.5575757575757575,0.2692455997835898,0.1078970561713714,-3.093563815665876,0.06169478684775526,-4.690753219855819,73.31075,0.28100393334670654,0.05759162303664922,,0.28100393334670654,0.022434467944638277,0.004537521815008727,0.15668098101755756,0.2692455997835898,181.0,,4,0.28100393334670654,-1.9096753274166667,1104.53,259.0,259.0,0.2912087912087912,91,False,99,False,122,False,146,False,167,False,181,False,209,False,241,False,257,False,301_plus,251_300,251_300
direct_gbt_schedule_building,2027,Long Beach St.,long beach state,BW,Chris Acker,0.3392874690443088,201_250,71,2159,0.065832640597865,0.065832640597865,0.065832640597865,0.0,11.0,0.2727272727272727,0.7272727272727273,0.09090909090909091,0.6363636363636364,0.25641025641025644,0.7435897435897436,0.055555555555555566,0.688034188034188,0.38975674320645126,0.05644497530741216,-6.201761532455677,0.0329163202989325,0.31173084365035303,41.296655494505494,0.5260931287901257,0.32091364133248945,,0.5260931287901257,0.0,0.32091364133248945,0.0,0.38975674320645126,129.0,,7,0.5260931287901257,0.49058379826666676,1768.23,260.0,260.0,0.28846153846153844,91,False,99,False,122,False,146,False,167,False,181,False,209,False,241,False,257,False,301_plus,251_300,251_300
direct_gbt_schedule_building,2027,Utah Tech,dixie state,WAC,Jon Judkins,0.3392874690443088,161_200,71,2159,0.055695686274509805,0.055695686274509805,0.055695686274509805,0.05424736269334466,6.0,0.6666666666666666,0.3333333333333333,0.0,0.3333333333333333,0.634920634920635,0.3650793650793651,0.0,0.3650793650793651,0.3028320635502798,0.0564369309224681,-2.2800030234326614,0.05298666666666667,-6.00222521991474,,0.2238347718059251,,,0.2238347718059251,0.03364232804232805,,0.08171745637359171,0.3028320635502798,,,2,0.2238347718059251,-1.4898677572666665,1143.5,261.0,261.0,0.2857142857142857,91,False,99,False,122,False,146,False,167,False,181,False,209,False,241,False,257,False,301_plus,251_300,251_300
direct_gbt_schedule_building,2027,Youngstown St.,youngstown state,Horz,Ethan Faulkner,0.3392874690443088,201_250,71,2159,0.05051313128538615,0.05051313128538615,0.05051313128538615,0.0,7.0,0.14285714285714285,0.8571428571428571,0.0,0.8571428571428571,0.12658227848101267,0.8734177215189873,0.0,0.8734177215189873,0.3918236606917167,0.04482879357518325,0.6514625000000027,0.025256565642693074,-2.6321570211682856,,0.38576552820955434,,,0.38576552820955434,0.003197033625657351,,0.33693444868935757,0.3918236606917167,,,6,0.38576552820955434,-0.6742547648666666,1832.75,262.0,262.0,0.28296703296703296,91,False,99,False,122,False,146,False,167,False,181,False,209,False,241,False,257,False,301_plus,251_300,251_300
direct_gbt_schedule_building,2027,Wofford,wofford,SC,Kevin Giltner,0.3386095758833007,251_300,71,2159,0.3907807315862765,0.3907807315862765,0.3907807315862765,0.4508187019901473,14.0,0.5,0.5,0.21428571428571427,0.2857142857142857,0.5166051660516606,0.4833948339483395,0.14391143911439117,0.3394833948339483,0.4102155479773281,0.36416297350027516,3.6638928989254334,0.3882097729622789,-2.393385685186298,24.248487300614734,0.40715254619592,0.15775847189459757,,0.40715254619592,0.0,0.15775847189459757,0.0,0.4102155479773281,119.0,,4,0.40715254619592,0.5796771191666668,512.69,263.0,263.0,0.2802197802197802,91,False,99,False,122,False,146,False,167,False,181,False,209,False,241,False,257,False,301_plus,251_300,251_300
direct_gbt_schedule_building,2027,Georgia St.,georgia state,SB,Jon Cremins,0.33730314260637706,301_plus,71,2159,0.19726874995850677,0.19726874995850677,0.19726874995850677,0.127689045764658,10.0,0.4,0.6,0.1,0.5,0.38461538461538464,0.6153846153846153,0.0625,0.5528846153846153,0.45292140652340007,0.18409464999519112,-0.3946129881116667,0.15096065114488105,1.196697477239321,48.28339542124549,0.6263824398262123,0.4015073931304298,,0.6263824398262123,0.0,0.4015073931304298,0.0,0.45292140652340007,115.0,,5,0.6263824398262123,1.313024432516667,3089.5999999999995,264.0,264.0,0.2774725274725275,91,False,99,False,122,False,146,False,167,False,181,False,209,False,241,False,257,False,301_plus,251_300,251_300
direct_gbt_schedule_building,2027,West Georgia,west georgia,ASun,Dave Moore,0.3353835878687417,301_plus,71,2159,0.28142057613168714,0.28142057613168714,0.28142057613168714,0.2259344209710674,9.0,0.7777777777777778,0.2222222222222222,0.0,0.2222222222222222,0.7526881720430109,0.24731182795698925,0.0,0.24731182795698925,0.20940107637869995,0.26667086391032274,5.416439531813903,0.2369440329218106,-4.549027691161937,,0.24680658356961221,,,0.24680658356961221,0.1783449710164166,,0.06103818733442023,0.20940107637869995,,,2,0.24680658356961221,-0.1607710664,353.59999999999997,265.0,265.0,0.27472527472527475,91,False,99,False,122,False,146,False,167,False,181,False,209,False,241,False,257,False,301_plus,251_300,251_300
direct_gbt_schedule_building,2027,Milwaukee,milwaukee,Horz,Bart Lundy,0.3310697575989261,251_300,71,2159,0.2282182505568522,0.2282182505568522,0.2282182505568522,0.2735320600704955,11.0,0.45454545454545453,0.5454545454545454,0.18181818181818182,0.36363636363636365,0.4587155963302752,0.5412844036697247,0.11926605504587157,0.4220183486238532,0.4031582354918541,0.21249651276625092,0.06761934111211865,0.21161268574506903,-0.6028113760118153,15.89731729606082,0.3127227784452842,0.06188366607214776,,0.3127227784452842,0.0,0.06188366607214776,0.0,0.4031582354918541,135.0,,4,0.3127227784452842,-0.5651598537333333,274.98,266.0,266.0,0.271978021978022,91,False,99,False,122,False,146,False,167,False,181,False,209,False,241,False,257,False,301_plus,251_300,251_300
direct_gbt_schedule_building,2027,Morehead St.,morehead state,OVC,Jonathan Mattox,0.3310697575989261,251_300,71,2159,0.3870086379879735,0.3870086379879735,0.3870086379879735,0.41019826073081217,7.0,0.7142857142857143,0.2857142857142857,0.0,0.2857142857142857,0.6849315068493151,0.3150684931506849,0.0,0.3150684931506849,0.3066643496929691,0.3704154354894585,0.4175300074741237,0.36346821993976874,0.04106334841628959,,0.20531674208144796,,,0.20531674208144796,0.2489508355751841,,0.06468883654620963,0.3066643496929691,,,2,0.20531674208144796,0.0,0.0,267.0,267.0,0.2692307692307693,91,False,99,False,122,False,146,False,167,False,181,False,209,False,241,False,257,False,301_plus,251_300,251_300
direct_gbt_schedule_building,2027,South Dakota,south dakota,Sum,Eric Peterson,0.3310697575989261,251_300,71,2159,0.2160333962705464,0.2160333962705464,0.2160333962705464,0.2131580878021018,11.0,0.36363636363636365,0.6363636363636364,0.09090909090909091,0.5454545454545454,0.34632034632034636,0.6536796536796537,0.056277056277056293,0.5974025974025975,0.3311626328849697,0.1908921961130574,1.8653834884788325,0.1892701091175344,-1.1226849635427911,28.056289194139126,0.48126314076924015,0.1786778666359818,,0.48126314076924015,0.0,0.1786778666359818,0.0,0.3311626328849697,141.0,,6,0.48126314076924015,0.20597637051666623,1658.97,268.0,268.0,0.26648351648351654,91,False,99,False,122,False,146,False,167,False,181,False,209,False,241,False,257,False,301_plus,251_300,251_300
direct_gbt_schedule_building,2027,UNC Asheville,unc asheville,BSth,Mike Morrell,0.3310697575989261,201_250,71,2159,0.2623862143153795,0.2623862143153795,0.2623862143153795,0.22763691083603235,9.0,0.4444444444444444,0.5555555555555556,0.0,0.5555555555555556,0.41025641025641024,0.5897435897435898,0.0,0.5897435897435898,0.37584653673730806,0.20855830323600041,-1.4909023170660514,0.2359891269565691,-1.1753715372299354,,0.4128145120768764,,,0.4128145120768764,0.09681605208474629,,0.24345471225046558,0.37584653673730806,,,5,0.4128145120768764,-0.9242313133333332,1364.3899999999999,269.0,269.0,0.2637362637362637,91,False,99,False,122,False,146,False,167,False,181,False,209,False,241,False,257,False,301_plus,251_300,251_300
direct_gbt_schedule_building,2027,Jacksonville,jacksonville,ASun,Jordan Mincy,0.3281679845711365,251_300,71,2159,0.3868565723749673,0.3868565723749673,0.3868565723749673,0.47112291170172266,10.0,0.4,0.6,0.0,0.6,0.36697247706422026,0.6330275229357798,0.0,0.6330275229357798,0.44490737840341754,0.3880688239376326,3.7599844421467283,0.3867036803184121,-1.2386184399857907,,0.5185812091580131,,,0.5185812091580131,0.14190960745629805,,0.3282761782743385,0.44490737840341754,,,6,0.5185812091580131,2.1031267304166668,2389.37,270.0,270.0,0.26098901098901095,91,False,99,False,122,False,146,False,167,False,181,False,209,False,241,False,257,False,301_plus,251_300,251_300
direct_gbt_schedule_building,2027,Sacramento St.,sacramento state,BSky,Mike Bibby,0.32693969122328215,251_300,71,2159,0.36923621197548795,0.36923621197548795,0.36923621197548795,0.3509697168656977,11.0,0.45454545454545453,0.5454545454545454,0.09090909090909091,0.45454545454545453,0.43859649122807015,0.5614035087719298,0.05701754385964913,0.5043859649122807,0.3086374920220067,0.36089595137234287,0.8324830465947635,0.3309668106076633,2.1516059513456645,48.989402747252754,0.6871673621794079,0.41228928139922905,,0.6871673621794079,0.0,0.41228928139922905,0.0,0.3086374920220067,111.0,,5,0.6871673621794079,3.6183413141,3411.02,271.0,271.0,0.2582417582417582,91,False,99,False,122,False,146,False,167,False,181,False,209,False,241,False,257,False,301_plus,251_300,251_300
direct_gbt_schedule_building,2027,Le Moyne,le moyne,NEC,Nate Champion,0.3260699613529636,251_300,71,2159,0.02779027775761652,0.02779027775761652,0.02779027775761652,0.0,8.0,0.25,0.75,0.125,0.625,0.23809523809523808,0.7619047619047619,0.07738095238095238,0.6845238095238095,0.1616971044024075,0.02628570161870475,2.7182906746952917,0.01389513887880826,-5.861621251262528,73.31075,0.22963492841058905,0.0,,0.22963492841058905,0.0033083663997162524,0.0,0.1571905759953437,0.1616971044024075,192.0,,5,0.22963492841058905,-1.0595554149166668,1758.07,272.0,272.0,0.2554945054945055,91,False,99,False,122,False,146,False,167,False,181,False,209,False,241,False,257,False,301_plus,251_300,251_300
direct_gbt_schedule_building,2027,Hampton,hampton,CAA,Ivan Thomas,0.32441512564839936,251_300,71,2159,0.1780289819618941,0.1780289819618941,0.1780289819618941,0.1277846009784696,10.0,0.5,0.5,0.1,0.4,0.48780487804878053,0.5121951219512195,0.06341463414634146,0.44878048780487806,0.35551109104769457,0.17052133433598213,-1.8921821601660027,0.13570563159817325,1.227510943375626,73.31075,0.6424130712320091,0.10994764397905754,,0.6424130712320091,0.06619786907227965,0.006972289618184137,0.28830245147973094,0.35551109104769457,171.0,,4,0.6424130712320091,3.38628007765,2565.83,273.0,273.0,0.25274725274725274,91,False,99,False,122,False,146,False,167,False,181,False,209,False,241,False,257,False,301_plus,251_300,251_300
direct_gbt_schedule_building,2027,Evansville,evansville,MVC,David Ragland,0.32405959691600794,301_plus,71,2159,0.17676917940224599,0.17676917940224599,0.17676917940224599,0.1584086319822165,4.0,0.5,0.5,0.0,0.5,0.46511627906976744,0.5348837209302325,0.0,0.5348837209302325,0.31563444211992003,0.1684439567775088,-5.453109544391981,0.15652448437846078,-2.7721827077748142,,0.36248574348643964,,,0.36248574348643964,0.07280208575742361,,0.19388772326018863,0.31563444211992003,,,2,0.36248574348643964,-0.015835471033333354,707.98,274.0,274.0,0.25,91,False,99,False,122,False,146,False,167,False,181,False,209,False,241,False,257,False,301_plus,251_300,251_300
direct_gbt_schedule_building,2027,Louisiana,louisiana,SB,Quannas White,0.32405959691600794,301_plus,71,2159,0.42392383064925465,0.42392383064925465,0.42392383064925465,0.37975159882576776,13.0,0.6153846153846154,0.38461538461538464,0.07692307692307693,0.3076923076923077,0.6037735849056604,0.3962264150943396,0.0490566037735849,0.3471698113207547,0.28912952629160343,0.4125417045543953,2.515089544052527,0.36180517361284725,-1.4003769855559587,64.62880312947932,0.5335818395041848,0.5953512456130257,,0.5335818395041848,0.0,0.5953512456130257,0.0,0.28912952629160343,81.0,,4,0.5335818395041848,1.414240476133333,2759.74,275.0,275.0,0.24725274725274726,91,False,99,False,122,False,146,False,167,False,181,False,209,False,241,False,257,False,301_plus,251_300,251_300
direct_gbt_schedule_building,2027,Cal Poly,cal poly,BW,Mike DeGeorge,0.32359311745460373,201_250,71,2159,0.5078196916463041,0.5078196916463041,0.5078196916463041,0.43227555122426603,11.0,0.9090909090909091,0.09090909090909091,0.0,0.09090909090909091,0.8968609865470851,0.10313901345291479,0.0,0.10313901345291479,0.3964746822671985,0.47465343991215986,1.933997213904732,0.4249333699617811,0.019230769230769235,,0.09615384615384617,,,0.09615384615384617,0.3811061614007005,,0.00991721283201104,0.3964746822671985,,,1,0.09615384615384617,0.0,0.0,276.0,276.0,0.24450549450549453,91,False,99,False,122,False,146,False,167,False,181,False,209,False,241,False,257,False,301_plus,251_300,251_300
direct_gbt_schedule_building,2027,Detroit Mercy,detroit,Horz,Mark Montgomery,0.32359311745460373,201_250,71,2159,0.3829893616843972,0.3829893616843972,0.3829893616843972,0.37277634570398416,8.0,0.75,0.25,0.0,0.25,0.7228915662650601,0.2771084337349397,0.0,0.2771084337349397,0.3499363952577717,0.3815045515712329,2.4932707319599254,0.3426160956398406,0.028959276018099545,,0.14479638009049772,,,0.14479638009049772,0.24767428600470398,,0.04012429809736683,0.3499363952577717,,,2,0.14479638009049772,0.0,0.0,277.0,277.0,0.2417582417582418,91,False,99,False,122,False,146,False,167,False,181,False,209,False,241,False,257,False,301_plus,251_300,251_300
direct_gbt_schedule_building,2027,Boston University,boston university,PL,Joe Jones,0.3208914799430187,251_300,71,2159,0.4073035946757353,0.4073035946757353,0.4073035946757353,0.41240621426379936,9.0,0.7777777777777778,0.2222222222222222,0.1111111111111111,0.1111111111111111,0.7954545454545455,0.20454545454545453,0.07386363636363635,0.13068181818181818,0.3848998249825373,0.3750760178474232,1.5484600954977186,0.38915826078742205,3.8459934741488735,73.31075,0.5209811683087854,0.041884816753926746,,0.5209811683087854,0.3095577074445403,0.003093764873869589,0.0680827663130799,0.3848998249825373,184.0,,1,0.5209811683087854,0.22172516006666665,47.08,278.0,278.0,0.23901098901098905,91,False,99,False,122,False,146,False,167,False,181,False,209,False,241,False,257,False,301_plus,251_300,251_300
direct_gbt_schedule_building,2027,Prairie View A&M,prairie view a and m,SWAC,Byron Smith,0.3199002117408508,251_300,71,2159,0.08713988570531532,0.08713988570531532,0.08713988570531532,0.0,8.0,0.375,0.625,0.0,0.625,0.34285714285714286,0.6571428571428571,0.0,0.6571428571428571,0.3003826260797875,0.0754724348512774,4.392206436861251,0.04356994285265766,-0.2059576878764458,,0.435364436647414,,,0.435364436647414,0.014938266120911198,,0.28609662979687206,0.3003826260797875,,,5,0.435364436647414,0.9299274795000001,625.3599999999999,279.0,279.0,0.2362637362637363,91,False,99,False,122,False,146,False,167,False,181,False,209,False,241,False,257,False,301_plus,251_300,251_300
direct_gbt_schedule_building,2027,Brown,brown,Ivy,Mike Martin,0.31537540600922104,251_300,71,2159,0.8732777129635985,0.8732777129635985,0.8732777129635985,0.8532658484604217,11.0,1.0,0.0,0.0,0.0,1.0,0.0,0.0,0.0,0.725338501119357,0.8503229550895918,2.6452481529875858,0.7863648395603965,,,,,,,0.7863648395603965,,,0.725338501119357,,,,,,,280.0,280.0,0.23351648351648346,91,False,99,False,122,False,146,False,167,False,181,False,209,False,241,False,257,False,301_plus,251_300,251_300
direct_gbt_schedule_building,2027,Central Michigan,central michigan,MAC,Andy Bronkema,0.31537540600922104,251_300,71,2159,0.41530419250669387,0.41530419250669387,0.41530419250669387,0.41333508444120753,6.0,0.8333333333333334,0.16666666666666666,0.0,0.16666666666666666,0.8130081300813009,0.18699186991869918,0.0,0.18699186991869918,0.3290922429715226,0.4065896699343187,1.370839929996552,0.3867150795415949,0.022511312217194566,,0.11255656108597284,,,0.11255656108597284,0.3144025036923536,,0.02104716182908435,0.3290922429715226,,,1,0.11255656108597284,0.0,0.0,281.0,281.0,0.23076923076923073,91,False,99,False,122,False,146,False,167,False,181,False,209,False,241,False,257,False,301_plus,251_300,251_300
direct_gbt_schedule_building,2027,Charleston Southern,charleston southern,BSth,Saah Nimley,0.31537540600922104,201_250,71,2159,0.19642184873949578,0.19642184873949578,0.19642184873949578,0.13001702178922875,11.0,0.36363636363636365,0.6363636363636364,0.0,0.6363636363636364,0.33195020746887977,0.6680497925311204,0.0,0.6680497925311204,0.32924465805403763,0.173627603924027,2.167523456824189,0.14718571428571425,-0.6545304891742888,,0.415442012456008,,,0.415442012456008,0.048858328393598105,,0.27753595022994726,0.32924465805403763,,,7,0.415442012456008,0.8779498038,261.20000000000005,282.0,282.0,0.228021978021978,91,False,99,False,122,False,146,False,167,False,181,False,209,False,241,False,257,False,301_plus,251_300,251_300
direct_gbt_schedule_building,2027,Coastal Carolina,coastal carolina,SB,Justin Gray,0.31537540600922104,201_250,71,2159,0.20554734042301898,0.20554734042301898,0.20554734042301898,0.1738892671791814,7.0,0.42857142857142855,0.5714285714285714,0.0,0.5714285714285714,0.39473684210526316,0.6052631578947368,0.0,0.6052631578947368,0.3978623065806193,0.1832227896188229,2.0362838727360444,0.18039013743155588,1.2226136270396428,,0.4741994529416734,,,0.4741994529416734,0.0712066331966668,,0.28701545835943393,0.3978623065806193,,,4,0.4741994529416734,0.8519880207499999,917.75,283.0,283.0,0.22527472527472525,91,False,99,False,122,False,146,False,167,False,181,False,209,False,241,False,257,False,301_plus,251_300,251_300
direct_gbt_schedule_building,2027,Delaware,delaware,CUSA,Martin Ingelsby,0.31537540600922104,251_300,71,2159,0.2511889815330311,0.2511889815330311,0.2511889815330311,0.2294054469136059,13.0,0.46153846153846156,0.5384615384615384,0.0,0.5384615384615384,0.4270462633451958,0.5729537366548042,0.0,0.5729537366548042,0.4293640339199484,0.2175748533865629,-0.901770549534296,0.23387385122261423,-0.4873163347779609,,0.5750710023900111,,,0.5750710023900111,0.09987495425876766,,0.3294890796611807,0.4293640339199484,,,7,0.5750710023900111,1.1977826615,3147.3199999999997,284.0,284.0,0.22252747252747251,91,False,99,False,122,False,146,False,167,False,181,False,209,False,241,False,257,False,301_plus,251_300,251_300
direct_gbt_schedule_building,2027,Lamar,lamar,Slnd,Jordan Fee,0.31537540600922104,201_250,71,2159,0.008039484978540772,0.008039484978540772,0.008039484978540772,0.0,9.0,0.1111111111111111,0.8888888888888888,0.0,0.8888888888888888,0.09803921568627451,0.9019607843137254,0.0,0.9019607843137254,0.39785220079794004,0.008109045158173546,-23.537775000000003,0.004019742489270386,-1.9449782139595422,,0.43709120791704453,,,0.43709120791704453,0.00039409240090886136,,0.3942391287094911,0.39785220079794004,,,8,0.43709120791704453,-1.6309913561833338,2390.56,285.0,285.0,0.21978021978021978,91,False,99,False,122,False,146,False,167,False,181,False,209,False,241,False,257,False,301_plus,251_300,251_300
direct_gbt_schedule_building,2027,Nicholls,nicholls state,Slnd,Tevon Saddler,0.31537540600922104,201_250,71,2159,0.04912820176281524,0.04912820176281524,0.04912820176281524,0.0,7.0,0.2857142857142857,0.7142857142857143,0.0,0.7142857142857143,0.25806451612903225,0.7419354838709676,0.0,0.7419354838709676,0.29695161751760046,0.039599419461259194,-1.0583305844093926,0.02456410088140762,-3.6514168871163264,,0.24011831722590696,,,0.24011831722590696,0.006339122808105192,,0.17815229987728579,0.29695161751760046,,,5,0.24011831722590696,-0.5547645703166667,466.32000000000005,286.0,286.0,0.21703296703296704,91,False,99,False,122,False,146,False,167,False,181,False,209,False,241,False,257,False,301_plus,251_300,251_300
direct_gbt_schedule_building,2027,Purdue Fort Wayne,purdue fort wayne,Horz,Jon Coffman,0.31537540600922104,251_300,71,2159,0.12375495904317406,0.12375495904317406,0.12375495904317406,0.07055885358425565,6.0,0.5,0.5,0.0,0.5,0.46511627906976744,0.5348837209302325,0.0,0.5348837209302325,0.3808057229589127,0.10468535183819183,-3.3694653258658684,0.0921757031453394,-1.6568936791689732,,0.5004572654737635,,,0.5004572654737635,0.042872420067599726,,0.2676864443231758,0.3808057229589127,,,3,0.5004572654737635,0.9704770527666663,1273.98,287.0,287.0,0.2142857142857143,91,False,99,False,122,False,146,False,167,False,181,False,209,False,241,False,257,False,301_plus,251_300,251_300
direct_gbt_schedule_building,2027,Tennessee Tech,tennessee tech,OVC,Tobin Anderson,0.31516452273063467,301_plus,71,2159,0.2843165791367485,0.2843165791367485,0.2843165791367485,0.19301367412015288,15.0,0.3333333333333333,0.6666666666666666,0.06666666666666667,0.6,0.3125,0.6875,0.040625,0.646875,0.5003498650408407,0.2625840836094514,0.44844924064327607,0.21247002226789696,2.5043631685159204,73.31075,0.6705163853094405,0.005235602094240788,,0.6705163853094405,0.0663968819587178,0.00021269633507853202,0.4337402867470443,0.5003498650408407,191.0,,9,0.6705163853094405,4.838946591066667,3527.78,288.0,288.0,0.21153846153846156,91,False,99,False,122,False,146,False,167,False,181,False,209,False,241,False,257,False,301_plus,251_300,251_300
direct_gbt_schedule_building,2027,Bellarmine,bellarmine,ASun,Doug Davenport,0.31504046150465004,251_300,71,2159,0.48124211775556636,0.48124211775556636,0.48124211775556636,0.4884880959726748,9.0,0.8888888888888888,0.1111111111111111,0.0,0.1111111111111111,0.8743169398907104,0.12568306010928962,0.0,0.12568306010928962,0.38055744550405823,0.4469552704100974,4.108485119413986,0.44344205527612435,-1.6928549804323219,,0.2787025833737535,,,0.2787025833737535,0.3877089007878683,,0.03502819353877776,0.38055744550405823,,,1,0.2787025833737535,-0.2826996117333333,218.2,289.0,289.0,0.20879120879120883,91,False,99,False,122,False,146,False,167,False,181,False,209,False,241,False,257,False,301_plus,251_300,251_300
direct_gbt_schedule_building,2027,Eastern Kentucky,eastern kentucky,ASun,A.W. Hamilton,0.31388131926010054,251_300,71,2159,0.2959868852459017,0.2959868852459017,0.2959868852459017,0.24002153412196256,9.0,0.5555555555555556,0.4444444444444444,0.0,0.4444444444444444,0.5208333333333334,0.47916666666666663,0.0,0.47916666666666663,0.3937732077326726,0.2787780059408364,1.3154181976937425,0.2441057377049181,2.1679472380015077,,0.5634842516528048,,,0.5634842516528048,0.12713840505464485,,0.2700028705836356,0.3937732077326726,,,4,0.5634842516528048,1.2682733657499998,925.23,290.0,290.0,0.2060439560439561,91,False,99,False,122,False,146,False,167,False,181,False,209,False,241,False,257,False,301_plus,251_300,251_300
direct_gbt_schedule_building,2027,Arkansas Pine Bluff,arkansas pine bluff,SWAC,Solomon Bozeman,0.31353478961894315,301_plus,71,2159,0.20068614335649243,0.20068614335649243,0.20068614335649243,0.19724261343157337,5.0,0.6,0.4,0.0,0.4,0.5660377358490566,0.43396226415094336,0.0,0.43396226415094336,0.1367279720583645,0.21681266110892092,4.383993009043689,0.19071764553575277,-1.6281148944822748,,0.12397947423968557,,,0.12397947423968557,0.10795338426552042,,0.05380241334929751,0.1367279720583645,,,2,0.12397947423968557,-0.22080884113333335,65.89,291.0,291.0,0.20329670329670335,91,False,99,False,122,False,146,False,167,False,181,False,209,False,241,False,257,False,301_plus,251_300,251_300
direct_gbt_schedule_building,2027,SIUE,siu edwardsville,OVC,Brian Barone,0.31324225435231257,251_300,71,2159,0.43046424407771705,0.43046424407771705,0.43046424407771705,0.49860091443789945,10.0,0.7,0.3,0.0,0.3,0.6698564593301436,0.33014354066985646,0.0,0.33014354066985646,0.3645923283787938,0.43062026864568476,4.94847467312832,0.4078905082787174,-5.008210012931819,,0.329969537050352,,,0.329969537050352,0.27322809166995426,,0.10893731127499659,0.3645923283787938,,,3,0.329969537050352,-0.9511085515000001,1529.08,292.0,292.0,0.2005494505494505,91,False,99,False,122,False,146,False,167,False,181,False,209,False,241,False,257,False,301_plus,251_300,251_300
direct_gbt_schedule_building,2027,Houston Christian,houston baptist,Slnd,Craig Doty,0.3118163185190407,251_300,71,2159,0.20750905810632056,0.20750905810632056,0.20750905810632056,0.23143335258489198,8.0,0.25,0.75,0.0,0.75,0.22471910112359555,0.7752808988764046,0.0,0.7752808988764046,0.31375454266960323,0.20862635487723394,1.726381542143912,0.20750905810632056,-2.5841161798597136,,0.4076981185389936,,,0.4076981185389936,0.04663124901265631,,0.3160805638111299,0.31375454266960323,,,6,0.4076981185389936,-0.05570465348333331,2229.3900000000003,293.0,293.0,0.19780219780219777,91,False,99,False,122,False,146,False,167,False,181,False,209,False,241,False,257,False,301_plus,251_300,251_300
direct_gbt_schedule_building,2027,Lindenwood,lindenwood,OVC,Kyle Gerdeman,0.3118163185190407,251_300,71,2159,0.017629794319066278,0.017629794319066278,0.017629794319066278,0.0,6.0,0.3333333333333333,0.6666666666666666,0.0,0.6666666666666666,0.30303030303030304,0.696969696969697,0.0,0.696969696969697,0.2648794561153387,0.01652742249464689,3.2247888528077144,0.008814897159533139,-1.5632399499342247,,0.4551530696604281,,,0.4551530696604281,0.0026711809574342846,,0.317227897036056,0.2648794561153387,,,4,0.4551530696604281,1.0569541661333333,1053.85,294.0,294.0,0.19505494505494503,91,False,99,False,122,False,146,False,167,False,181,False,209,False,241,False,257,False,301_plus,251_300,251_300
direct_gbt_schedule_building,2027,Mercyhurst,mercyhurst,NEC,Gary Manchel,0.3118163185190407,251_300,71,2159,0.21602520750076848,0.21602520750076848,0.21602520750076848,0.18189483861563527,5.0,1.0,0.0,0.0,0.0,1.0,0.0,0.0,0.0,0.18987089165888615,0.22815382590723532,2.0515463175045863,0.18377420842299413,,,,,,,0.18377420842299413,,,0.18987089165888615,,,,,,,295.0,295.0,0.1923076923076923,91,False,99,False,122,False,146,False,167,False,181,False,209,False,241,False,257,False,301_plus,251_300,251_300
direct_gbt_schedule_building,2027,Albany,albany,AE,Dwayne Killings,0.30836524532630294,301_plus,71,2159,0.40497931034482754,0.40497931034482754,0.40497931034482754,0.4435613569211205,8.0,0.625,0.375,0.125,0.25,0.6289308176100629,0.3710691823899371,0.08176100628930817,0.2893081761006289,0.35097284741482127,0.3893009492310102,0.8668354910425347,0.38651637931034477,0.4057909624503324,73.31075,0.4894177770029131,0.1413612565445026,,0.4894177770029131,0.24309206245933632,0.011557838585399584,0.14159256441593712,0.35097284741482127,165.0,,2,0.4894177770029131,0.5694387203166668,907.22,296.0,296.0,0.18956043956043955,91,False,99,False,122,False,146,False,167,False,181,False,209,False,241,False,257,False,301_plus,251_300,251_300
direct_gbt_schedule_building,2027,Bucknell,bucknell,PL,John Griffin,0.30836524532630294,301_plus,71,2159,0.3476972600688726,0.3476972600688726,0.3476972600688726,0.3200094457008437,9.0,0.6666666666666666,0.3333333333333333,0.0,0.3333333333333333,0.634920634920635,0.3650793650793651,0.0,0.3650793650793651,0.29238438507970743,0.3131096104742807,-3.2603181567281085,0.30573214553076805,-5.2482200604006035,,0.24471778573210892,,,0.24471778573210892,0.19411564795604322,,0.08934141383870645,0.29238438507970743,,,3,0.24471778573210892,-0.3164338108666667,666.97,297.0,297.0,0.18681318681318682,91,False,99,False,122,False,146,False,167,False,181,False,209,False,241,False,257,False,301_plus,251_300,251_300
direct_gbt_schedule_building,2027,Cal St. Bakersfield,cal state bakersfield,BW,Todd Lee,0.30836524532630294,301_plus,71,2159,0.02326496122506462,0.02326496122506462,0.02326496122506462,0.0,4.0,0.5,0.5,0.0,0.5,0.46511627906976744,0.5348837209302325,0.0,0.5348837209302325,0.38620183998927027,0.02153695821287394,-9.491931414678703,0.01163248061253231,-1.902834806820924,,0.40563755630352827,,,0.40563755630352827,0.005410456098852237,,0.2169689254646779,0.38620183998927027,,,2,0.40563755630352827,-0.11870144754999999,682.0,298.0,298.0,0.18406593406593408,91,False,99,False,122,False,146,False,167,False,181,False,209,False,241,False,257,False,301_plus,251_300,251_300
direct_gbt_schedule_building,2027,North Carolina A&T,north carolina a and t,CAA,Monte Ross,0.3064065721483009,251_300,71,2159,0.053575936427796844,0.053575936427796844,0.053575936427796844,0.0,3.0,0.3333333333333333,0.6666666666666666,0.0,0.6666666666666666,0.30303030303030304,0.696969696969697,0.0,0.696969696969697,0.231772923695581,0.050886309239481876,-1.4528199999999996,0.026787968213898422,-2.6892253216115347,,0.48987530099185284,,,0.48987530099185284,0.008117566125423765,,0.34142824008523076,0.231772923695581,,,2,0.48987530099185284,2.088768,1673.63,299.0,299.0,0.18131868131868134,91,False,99,False,122,False,146,False,167,False,181,False,209,False,241,False,257,False,301_plus,251_300,251_300
direct_gbt_schedule_building,2027,USC Upstate,usc upstate,BSth,Marty Richter,0.3048061578361225,301_plus,71,2159,0.16399911185085878,0.16399911185085878,0.16399911185085878,0.11170422262073985,9.0,0.4444444444444444,0.5555555555555556,0.0,0.5555555555555556,0.41025641025641024,0.5897435897435898,0.0,0.5897435897435898,0.26315937892714397,0.14886906331536595,1.967038545908347,0.12935027822458312,-3.7947127268292116,,0.4162647034934812,,,0.4162647034934812,0.05306678081008538,,0.2454894405217966,0.26315937892714397,,,5,0.4162647034934812,0.26561442555,604.94,300.0,300.0,0.1785714285714286,91,False,99,False,122,False,146,False,167,False,181,False,209,False,241,False,257,False,301_plus,251_300,251_300
direct_gbt_schedule_building,2027,Northern Illinois,northern illinois,MAC,Matt Majkrzak,0.3041614192751121,301_plus,71,2159,0.0519537569777035,0.0519537569777035,0.0519537569777035,0.0,14.0,0.14285714285714285,0.8571428571428571,0.0,0.8571428571428571,0.12658227848101267,0.8734177215189873,0.0,0.8734177215189873,0.5188478083148075,0.053194448185924816,-1.096746409568981,0.02597687848885175,0.30143594943752916,,0.5902783778548011,,,0.5902783778548011,0.0032882124669432597,,0.5155595958478643,0.5188478083148075,,,12,0.5902783778548011,1.629380203466667,2867.67,301.0,301.0,0.17582417582417587,91,False,99,False,122,False,146,False,167,False,181,False,209,False,241,False,257,False,301_plus,301_plus,301_plus
direct_gbt_schedule_building,2027,UTSA,utsa,Amer,Austin Claunch,0.30075923834081014,301_plus,71,2159,0.15670441091648704,0.15670441091648704,0.15670441091648704,0.15570225310591704,9.0,0.3333333333333333,0.6666666666666667,0.1111111111111111,0.5555555555555556,0.3191489361702128,0.6808510638297873,0.06914893617021277,0.6117021276595745,0.3259191511363423,0.15288371102661866,-5.130138534710665,0.1443730948558653,0.6334509162398794,53.97790091575098,0.6199589073850327,0.4711121339393591,,0.6199589073850327,0.0,0.4711121339393591,0.0,0.3259191511363423,101.0,,5,0.6199589073850327,1.8062213308333332,2622.71,302.0,302.0,0.17307692307692313,91,False,99,False,122,False,146,False,167,False,181,False,209,False,241,False,257,False,301_plus,301_plus,301_plus
direct_gbt_schedule_building,2027,LIU,liu,NEC,Rod Strickland,0.29812548788657184,201_250,71,2159,0.21751490037708235,0.21751490037708235,0.21751490037708235,0.21566508745768828,7.0,0.7142857142857143,0.2857142857142857,0.0,0.2857142857142857,0.6849315068493151,0.3150684931506849,0.0,0.3150684931506849,0.2736769839511519,0.20509293583387445,1.1817745924517662,0.2040778705734812,-4.3480394357873715,,0.2507084680217349,,,0.2507084680217349,0.139779363406494,,0.07899033923972469,0.2736769839511519,,,2,0.2507084680217349,-1.527576183866667,824.14,303.0,303.0,0.17032967032967028,91,False,99,False,122,False,146,False,167,False,181,False,209,False,241,False,257,False,301_plus,301_plus,301_plus
direct_gbt_schedule_building,2027,Tennessee Martin,tennessee martin,OVC,Jeremy Shulman,0.29812548788657184,201_250,71,2159,0.06187385892116182,0.06187385892116182,0.06187385892116182,0.07959135744480979,2.0,0.5,0.5,0.0,0.5,0.46511627906976744,0.5348837209302325,0.0,0.5348837209302325,0.3267821415908309,0.050782022487016916,-1.4591600000000025,0.06187385892116182,-4.029724183951543,,0.2529964757391981,,,0.2529964757391981,0.02877853903309852,,0.13532369632561758,0.3267821415908309,,,1,0.2529964757391981,-0.3120555507333334,118.28,304.0,304.0,0.16758241758241754,91,False,99,False,122,False,146,False,167,False,181,False,209,False,241,False,257,False,301_plus,301_plus,301_plus
direct_gbt_schedule_building,2027,IU Indy,iupui,Horz,Ben Howlett,0.2968690397236988,301_plus,71,2159,0.13129106839656696,0.13129106839656696,0.13129106839656696,0.09573576839945855,7.0,0.42857142857142855,0.5714285714285714,0.0,0.5714285714285714,0.39473684210526316,0.6052631578947368,0.0,0.6052631578947368,0.274312218419001,0.12467375912852514,0.6106382576514178,0.10538073795728138,0.01182773430201792,,0.5062744936547019,,,0.5062744936547019,0.041597659719979495,,0.3064292987910038,0.274312218419001,,,4,0.5062744936547019,1.820777827683333,684.6,305.0,305.0,0.1648351648351648,91,False,99,False,122,False,146,False,167,False,181,False,209,False,241,False,257,False,301_plus,301_plus,301_plus
direct_gbt_schedule_building,2027,East Texas A&M,texas a and m commerce,Slnd,Jaret Von Rosenberg,0.2967294268738264,251_300,71,2159,0.09825284206912299,0.09825284206912299,0.09825284206912299,0.0,5.0,0.6,0.4,0.0,0.4,0.5660377358490566,0.43396226415094336,0.0,0.43396226415094336,0.2210112483066196,0.07678209583564288,-14.149345263180216,0.049126421034561496,0.14229471547569308,,0.566231114233634,,,0.566231114233634,0.027807408132770658,,0.24572293636553927,0.2210112483066196,,,2,0.566231114233634,1.71012822795,803.5,306.0,306.0,0.16208791208791207,91,False,99,False,122,False,146,False,167,False,181,False,209,False,241,False,257,False,301_plus,301_plus,301_plus
direct_gbt_schedule_building,2027,Incarnate Word,incarnate word,Slnd,Shane Heirman,0.29229254216425044,251_300,71,2159,0.15862171182448534,0.15862171182448534,0.15862171182448534,0.18263947668932964,7.0,0.42857142857142855,0.5714285714285714,0.0,0.5714285714285714,0.39473684210526316,0.6052631578947368,0.0,0.6052631578947368,0.286679533583196,0.14545166385568023,2.1452976024451713,0.15656635101134103,-3.079138043806258,,0.37063931693549873,,,0.37063931693549873,0.061802506978160934,,0.22433432340832818,0.286679533583196,,,4,0.37063931693549873,0.38641552738333335,1089.76,307.0,307.0,0.15934065934065933,91,False,99,False,122,False,146,False,167,False,181,False,209,False,241,False,257,False,301_plus,301_plus,301_plus
direct_gbt_schedule_building,2027,Bethune Cookman,bethune cookman,SWAC,Reggie Theus,0.28990777644118915,201_250,71,2159,0.11831151114907507,0.11831151114907507,0.11831151114907507,0.0,8.0,0.375,0.625,0.0,0.625,0.34285714285714286,0.6571428571428571,0.0,0.6571428571428571,0.31987379940926913,0.10888397852919642,-4.826759975754312,0.05915575557453753,-3.269130003747158,,0.4858159855846576,,,0.4858159855846576,0.02028197333984144,,0.319250504812775,0.31987379940926913,,,5,0.4858159855846576,0.6506361128666667,2642.49,308.0,308.0,0.1565934065934066,91,False,99,False,122,False,146,False,167,False,181,False,209,False,241,False,257,False,301_plus,301_plus,301_plus
direct_gbt_schedule_building,2027,Dartmouth,dartmouth,Ivy,Brett MacConnell,0.28990777644118915,251_300,71,2159,0.30882402692123234,0.30882402692123234,0.30882402692123234,0.19925208995209134,10.0,0.9,0.1,0.0,0.1,0.8866995073891625,0.11330049261083741,0.0,0.11330049261083741,0.2613293120395168,0.282902691259541,-2.0716546818313626,0.24040552991723435,-5.508013259906584,,0.23310393398724968,,,0.23310393398724968,0.21316746495124225,,0.026410790550279513,0.2613293120395168,,,1,0.23310393398724968,-0.24637171733333332,531.67,309.0,309.0,0.15384615384615385,91,False,99,False,122,False,146,False,167,False,181,False,209,False,241,False,257,False,301_plus,301_plus,301_plus
direct_gbt_schedule_building,2027,Idaho St.,idaho state,BSky,Ryan Looney,0.28990777644118915,251_300,71,2159,0.176700398142004,0.176700398142004,0.176700398142004,0.1797075074728876,9.0,0.3333333333333333,0.6666666666666666,0.0,0.6666666666666666,0.30303030303030304,0.696969696969697,0.0,0.696969696969697,0.2559463478372348,0.157606410268091,-1.5457018324883824,0.160757299270073,0.9155232532450402,,0.25018702057024084,,,0.25018702057024084,0.048714333112143335,,0.17437277191259212,0.2559463478372348,,,6,0.25018702057024084,-0.009767501100000001,1.3,310.0,310.0,0.15109890109890112,91,False,99,False,122,False,146,False,167,False,181,False,209,False,241,False,257,False,301_plus,301_plus,301_plus
direct_gbt_schedule_building,2027,Mount St. Mary's,mount st marys,MAAC,Donny Lind,0.28990777644118915,251_300,71,2159,0.3535169364917703,0.3535169364917703,0.3535169364917703,0.20186996009329675,9.0,0.7777777777777778,0.2222222222222222,0.0,0.2222222222222222,0.7526881720430109,0.24731182795698925,0.0,0.24731182795698925,0.30435409632906335,0.3274587299973995,-1.9965078278576822,0.25732929372114466,-1.5301489764855134,,0.4450346468262843,,,0.4450346468262843,0.1936887157040874,,0.1100623320108015,0.30435409632906335,,,2,0.4450346468262843,0.4704701995666667,946.9300000000001,311.0,311.0,0.14835164835164838,91,False,99,False,122,False,146,False,167,False,181,False,209,False,241,False,257,False,301_plus,301_plus,301_plus
direct_gbt_schedule_building,2027,North Dakota,north dakota,Sum,Paul Sather,0.28990777644118915,251_300,71,2159,0.20509639865659005,0.20509639865659005,0.20509639865659005,0.23591816929092818,6.0,0.6666666666666666,0.3333333333333333,0.0,0.3333333333333333,0.634920634920635,0.3650793650793651,0.0,0.3650793650793651,0.28065283098621713,0.18142427450463794,0.39821148444115106,0.19904376626155557,-1.0514674481387523,,0.30585211049539923,,,0.30585211049539923,0.12637699445178133,,0.11166029430784417,0.28065283098621713,,,2,0.30585211049539923,-0.0359312128,126.64,312.0,312.0,0.14560439560439564,91,False,99,False,122,False,146,False,167,False,181,False,209,False,241,False,257,False,301_plus,301_plus,301_plus
direct_gbt_schedule_building,2027,Northwestern St.,northwestern state,Slnd,Rick Cabrera,0.28990777644118915,251_300,71,2159,0.2637878981515444,0.2637878981515444,0.2637878981515444,0.34086994940558535,6.0,0.5,0.5,0.0,0.5,0.46511627906976744,0.5348837209302325,0.0,0.5348837209302325,0.2659894198551638,0.2588983322800912,-1.3998968696557679,0.2637878981515444,-4.953208139378829,,0.23236187574820397,,,0.23236187574820397,0.12269204565188112,,0.1242865847025277,0.2659894198551638,,,3,0.23236187574820397,-0.29430865940000006,425.26,313.0,313.0,0.1428571428571429,91,False,99,False,122,False,146,False,167,False,181,False,209,False,241,False,257,False,301_plus,301_plus,301_plus
direct_gbt_schedule_building,2027,Sacred Heart,sacred heart,MAAC,Anthony Latina,0.28990777644118915,251_300,71,2159,0.3488793048437128,0.3488793048437128,0.3488793048437128,0.3459742861445677,9.0,0.5555555555555556,0.4444444444444444,0.0,0.4444444444444444,0.5208333333333334,0.47916666666666663,0.0,0.47916666666666663,0.3664036191824167,0.33580354184664635,2.1936887805813843,0.3281899072844796,1.0526758874244146,,0.48177871577722237,,,0.48177871577722237,0.17093224337733315,,0.23085230130991904,0.3664036191824167,,,4,0.48177871577722237,0.3601156422833333,517.38,314.0,314.0,0.14010989010989006,91,False,99,False,122,False,146,False,167,False,181,False,209,False,241,False,257,False,301_plus,301_plus,301_plus
direct_gbt_schedule_building,2027,Southeastern Louisiana,southeastern louisiana,Slnd,David Kiefer,0.28990777644118915,251_300,71,2159,0.3391773555343106,0.3391773555343106,0.3391773555343106,0.375383456103508,11.0,0.45454545454545453,0.5454545454545454,0.0,0.5454545454545454,0.42016806722689076,0.5798319327731092,0.0,0.5798319327731092,0.35629912726066776,0.3199905178634535,-2.6547094565164215,0.315111635595921,-3.6178481760026244,,0.3986025397239446,,,0.3986025397239446,0.13239984688904244,,0.23112248101640484,0.35629912726066776,,,6,0.3986025397239446,-2.1052038458666664,2948.5600000000004,315.0,315.0,0.13736263736263732,91,False,99,False,122,False,146,False,167,False,181,False,209,False,241,False,257,False,301_plus,301_plus,301_plus
direct_gbt_schedule_building,2027,Southern,southern,SWAC,Kevin Johnson,0.28990777644118915,251_300,71,2159,0.060052631327275376,0.060052631327275376,0.060052631327275376,0.0,8.0,0.375,0.625,0.0,0.625,0.34285714285714286,0.6571428571428571,0.0,0.6571428571428571,0.232469196955935,0.05047215862081666,-6.361573509130483,0.030026315663637688,-3.8532446857934004,,0.27253371231785845,,,0.27253371231785845,0.010294736798961493,,0.17909358238030698,0.232469196955935,,,5,0.27253371231785845,-0.29560179666666664,585.22,316.0,316.0,0.13461538461538458,91,False,99,False,122,False,146,False,167,False,181,False,209,False,241,False,257,False,301_plus,301_plus,301_plus
direct_gbt_schedule_building,2027,Northern Arizona,northern arizona,BSky,Shane Burcar,0.28528238148133234,301_plus,71,2159,0.5663705218367302,0.5663705218367302,0.5663705218367302,0.7532861916874429,6.0,1.0,0.0,0.0,0.0,1.0,0.0,0.0,0.0,0.39645776418842404,0.5636043484690428,1.936069674277019,0.5663067297231594,,,,,,,0.5663067297231594,,,0.39645776418842404,,,,,,,317.0,317.0,0.13186813186813184,91,False,99,False,122,False,146,False,167,False,181,False,209,False,241,False,257,False,301_plus,301_plus,301_plus
direct_gbt_schedule_building,2027,Air Force,air force,MWC,Joe Crispin,0.28289761575827105,301_plus,71,2159,1.0,1.0,1.0,1.0,17.0,1.0,0.0,0.0,0.0,1.0,0.0,0.0,0.0,0.9069670421360033,1.0,-6.73981523068786,0.9069670421360033,,,,,,,0.9069670421360033,,,0.9069670421360033,,,,,,,318.0,318.0,0.1291208791208791,91,False,99,False,122,False,146,False,167,False,181,False,209,False,241,False,257,False,301_plus,301_plus,301_plus
direct_gbt_schedule_building,2027,Bryant,bryant,AE,Jamion Christian,0.28289761575827105,301_plus,71,2159,0.23001453612072806,0.23001453612072806,0.23001453612072806,0.1619761839460639,13.0,0.6923076923076923,0.3076923076923077,0.07692307692307693,0.23076923076923078,0.6870229007633588,0.31297709923664124,0.04961832061068703,0.2633587786259542,0.23226896099085986,0.21488609244316526,-7.034413192275812,0.18235852814118075,-2.1179754930187076,73.31075,0.4003124021861154,0.03141361256544506,,0.4003124021861154,0.1252844849824906,0.0015586906998121596,0.1054257853085571,0.23226896099085986,186.0,,3,0.4003124021861154,0.6225942165833332,1102.6000000000001,319.0,319.0,0.12637362637362637,91,False,99,False,122,False,146,False,167,False,181,False,209,False,241,False,257,False,301_plus,301_plus,301_plus
direct_gbt_schedule_building,2027,Canisius,canisius,MAAC,Jim Christian,0.28289761575827105,301_plus,71,2159,0.0021348579472826213,0.0021348579472826213,0.0021348579472826213,0.0,11.0,0.09090909090909091,0.9090909090909092,0.09090909090909091,0.8181818181818182,0.08333333333333334,0.9166666666666667,0.054166666666666675,0.8625,0.3114649259903628,0.002167524278592287,-0.6750900000000009,0.0010674289736413106,-4.289487503830402,73.31075,0.34152373402461184,0.03664921465968585,,0.34152373402461184,8.895241447010923e-05,0.001985165794066317,0.2945642205962277,0.3114649259903628,185.0,,9,0.34152373402461184,-1.80347975585,2112.66,320.0,320.0,0.12362637362637363,91,False,99,False,122,False,146,False,167,False,181,False,209,False,241,False,257,False,301_plus,301_plus,301_plus
direct_gbt_schedule_building,2027,Cleveland St.,cleveland state,Horz,Rob Summers,0.28289761575827105,301_plus,71,2159,0.017451812098434154,0.017451812098434154,0.017451812098434154,0.0,9.0,0.1111111111111111,0.8888888888888888,0.0,0.8888888888888888,0.09803921568627451,0.9019607843137254,0.0,0.9019607843137254,0.3711948923780665,0.015199362673895392,-31.3932675,0.008725906049217077,-0.44881986584640743,,0.4874189998945928,,,0.4874189998945928,0.0008554809852173604,,0.43963282343433857,0.3711948923780665,,,8,0.4874189998945928,0.27716195370000024,2194.07,321.0,321.0,0.1208791208791209,91,False,99,False,122,False,146,False,167,False,181,False,209,False,241,False,257,False,301_plus,301_plus,301_plus
direct_gbt_schedule_building,2027,Gardner Webb,gardner webb,BSth,Jeremy Luther,0.28289761575827105,301_plus,71,2159,0.22176833333333335,0.22176833333333335,0.22176833333333335,0.26933753389592907,11.0,0.5454545454545454,0.45454545454545453,0.0,0.45454545454545453,0.5106382978723404,0.48936170212765956,0.0,0.48936170212765956,0.3030380800991788,0.21512955701216332,-7.644668208603574,0.21575500000000003,0.02395283081960439,,0.4270448677312366,,,0.4270448677312366,0.11017276595744682,,0.20897940335783918,0.3030380800991788,,,5,0.4270448677312366,0.39972897309999994,446.61,322.0,322.0,0.11813186813186816,91,False,99,False,122,False,146,False,167,False,181,False,209,False,241,False,257,False,301_plus,301_plus,301_plus
direct_gbt_schedule_building,2027,Grambling St.,grambling state,SWAC,Patrick Crarey,0.28289761575827105,251_300,71,2159,0.04369354838709676,0.04369354838709676,0.04369354838709676,0.0,6.0,0.3333333333333333,0.6666666666666666,0.0,0.6666666666666666,0.30303030303030304,0.696969696969697,0.0,0.696969696969697,0.16009388088116838,0.040513040440416544,-4.758589767441858,0.02184677419354838,-6.882949061362226,,0.1146198939817772,,,0.1146198939817772,0.00662023460410557,,0.07988659277517805,0.16009388088116838,,,4,0.1146198939817772,-1.2209933545499998,570.66,323.0,323.0,0.11538461538461542,91,False,99,False,122,False,146,False,167,False,181,False,209,False,241,False,257,False,301_plus,301_plus,301_plus
direct_gbt_schedule_building,2027,Louisiana Monroe,louisiana monroe,SB,Ryan Cross,0.28289761575827105,301_plus,71,2159,0.08542342288734837,0.08542342288734837,0.08542342288734837,0.0,10.0,0.3,0.7,0.1,0.6,0.2843601895734597,0.7156398104265402,0.06161137440758294,0.6540284360189573,0.25921523108745526,0.07499460832136355,-4.261966397999265,0.04271171144367419,-1.6348543966511588,73.31075,0.3406567650822134,0.09424083769633507,,0.3406567650822134,0.0121455103631301,0.0058063075357931565,0.22279921128599736,0.25921523108745526,174.0,,6,0.3406567650822134,-0.5136703366833333,1120.9099999999999,324.0,324.0,0.11263736263736268,91,False,99,False,122,False,146,False,167,False,181,False,209,False,241,False,257,False,301_plus,301_plus,301_plus
direct_gbt_schedule_building,2027,Norfolk St.,norfolk state,MEAC,Robert Jones,0.28289761575827105,301_plus,71,2159,0.15179626924574194,0.15179626924574194,0.15179626924574194,0.10535392541069111,8.0,0.375,0.625,0.25,0.375,0.3870967741935484,0.6129032258064516,0.16774193548387098,0.4451612903225806,0.33960750200933454,0.13772867306973913,-1.2925145939944733,0.11855216305888994,-0.9376339016937321,59.04823304697665,0.46307822580191915,0.5227087049076579,,0.46307822580191915,0.0,0.5227087049076579,0.0,0.33960750200933454,100.0,,3,0.46307822580191915,0.5512859237666667,903.36,325.0,325.0,0.10989010989010994,91,False,99,False,122,False,146,False,167,False,181,False,209,False,241,False,257,False,301_plus,301_plus,301_plus
direct_gbt_schedule_building,2027,North Alabama,north alabama,ASun,Tony Pujol,0.28289761575827105,301_plus,71,2159,0.14819246188019364,0.14819246188019364,0.14819246188019364,0.15359395259633943,9.0,0.3333333333333333,0.6666666666666666,0.0,0.6666666666666666,0.30303030303030304,0.696969696969697,0.0,0.696969696969697,0.3352659763388323,0.14194547150453918,-6.491724131831644,0.14192160992575156,-2.05933905130981,,0.41472158332004927,,,0.41472158332004927,0.043006548462348956,,0.2890483762533677,0.3352659763388323,,,6,0.41472158332004927,1.2876161372500001,967.78,326.0,326.0,0.1071428571428571,91,False,99,False,122,False,146,False,167,False,181,False,209,False,241,False,257,False,301_plus,301_plus,301_plus
direct_gbt_schedule_building,2027,North Carolina Central,north carolina central,MEAC,LeVelle Moton,0.28289761575827105,301_plus,71,2159,0.03979583854818523,0.03979583854818523,0.03979583854818523,0.0,7.0,0.5714285714285714,0.42857142857142855,0.0,0.42857142857142855,0.5369127516778525,0.46308724832214765,0.0,0.46308724832214765,0.1642943152459798,0.04155314788549902,-11.455427000223366,0.019897919274092617,-7.2618704821363425,,0.12268755900788426,,,0.12268755900788426,0.010683446590116843,,0.05681504410432224,0.1642943152459798,,,3,0.12268755900788426,-0.7631415000000001,530.0,327.0,327.0,0.10439560439560436,91,False,99,False,122,False,146,False,167,False,181,False,209,False,241,False,257,False,301_plus,301_plus,301_plus
direct_gbt_schedule_building,2027,North Florida,north florida,ASun,Bobby Kennen,0.28289761575827105,301_plus,71,2159,0.4327442382316524,0.4327442382316524,0.4327442382316524,0.4906852821761307,6.0,0.6666666666666666,0.3333333333333333,0.0,0.3333333333333333,0.634920634920635,0.3650793650793651,0.0,0.3650793650793651,0.27254109756694667,0.4187646390506057,-1.919619889339967,0.4307998592545136,-3.140135960099151,,0.3009549282524161,,,0.3009549282524161,0.273523720161596,,0.10987243412389795,0.27254109756694667,,,2,0.3009549282524161,-0.6795318746166665,922.1700000000001,328.0,328.0,0.10164835164835162,91,False,99,False,122,False,146,False,167,False,181,False,209,False,241,False,257,False,301_plus,301_plus,301_plus
direct_gbt_schedule_building,2027,Rider,rider,MAAC,Kevin Baggett,0.28289761575827105,301_plus,71,2159,0.16207378728161423,0.16207378728161423,0.16207378728161423,0.07768874007992921,7.0,0.42857142857142855,0.5714285714285714,0.0,0.5714285714285714,0.39473684210526316,0.6052631578947368,0.0,0.6052631578947368,0.23680702681296673,0.1460343178067498,-6.736568706131894,0.11153455329924761,-4.93454430439145,,0.19348238526897799,,,0.19348238526897799,0.04402679735496616,,0.11710775950490773,0.23680702681296673,,,4,0.19348238526897799,-0.8916276720166667,481.13,329.0,329.0,0.09890109890109888,91,False,99,False,122,False,146,False,167,False,181,False,209,False,241,False,257,False,301_plus,301_plus,301_plus
direct_gbt_schedule_building,2027,Stetson,stetson,ASun,Donnie Jones,0.28289761575827105,301_plus,71,2159,0.2758304939348521,0.2758304939348521,0.2758304939348521,0.2315676456840296,10.0,0.6,0.4,0.1,0.3,0.594059405940594,0.4059405940594059,0.06435643564356436,0.34158415841584155,0.3260271501848601,0.2597987287535937,-1.4087065637266951,0.22903945599213482,0.07766561287626017,44.76669212454219,0.46896624405531184,0.3580691559749152,,0.46896624405531184,0.0,0.3580691559749152,0.0,0.3260271501848601,125.0,,3,0.46896624405531184,-0.18248352845000004,1416.85,330.0,330.0,0.09615384615384615,91,False,99,False,122,False,146,False,167,False,181,False,209,False,241,False,257,False,301_plus,301_plus,301_plus
direct_gbt_schedule_building,2027,Texas Southern,texas southern,SWAC,Johnny Jones,0.28289761575827105,301_plus,71,2159,0.1079682141128778,0.1079682141128778,0.1079682141128778,0.0,4.0,0.75,0.25,0.0,0.25,0.7228915662650601,0.2771084337349397,0.0,0.2771084337349397,0.3057748402404533,0.09311160032823208,-4.833283888040794,0.0539841070564389,0.19495392577830115,,0.26900128993647365,,,0.26900128993647365,0.0390246557034498,,0.07454252612697461,0.3057748402404533,,,1,0.26900128993647365,-0.2339377352666667,35.95,331.0,331.0,0.09340659340659341,91,False,99,False,122,False,146,False,167,False,181,False,209,False,241,False,257,False,301_plus,301_plus,301_plus
direct_gbt_schedule_building,2027,UMass Lowell,umass lowell,AE,Pat Duquette,0.28289761575827105,301_plus,71,2159,0.1060231566280723,0.1060231566280723,0.1060231566280723,0.09359996578977037,7.0,0.5714285714285714,0.42857142857142855,0.0,0.42857142857142855,0.5369127516778525,0.46308724832214765,0.0,0.46308724832214765,0.3013717787304564,0.09384040616467604,-3.39042162912252,0.09313984476692538,-1.7141887305403027,,0.43941756205233123,,,0.43941756205233123,0.05000797034465793,,0.20348866967524062,0.3013717787304564,,,3,0.43941756205233123,0.33060854108333343,1223.5100000000002,332.0,332.0,0.09065934065934067,91,False,99,False,122,False,146,False,167,False,181,False,209,False,241,False,257,False,301_plus,301_plus,301_plus
direct_gbt_schedule_building,2027,Wagner,wagner,NEC,Dwan McMillan,0.28289761575827105,301_plus,71,2159,0.046380376278061214,0.046380376278061214,0.046380376278061214,0.0,6.0,0.3333333333333333,0.6666666666666666,0.0,0.6666666666666666,0.30303030303030304,0.696969696969697,0.0,0.696969696969697,0.19336784597732534,0.04275210764511473,1.930286182339143,0.023190188139030607,-5.733678143413617,,0.19338022868846125,,,0.19338022868846125,0.007027329739100184,,0.13478015938892754,0.19336784597732534,,,4,0.19338022868846125,-0.9023663442500002,434.78,333.0,333.0,0.08791208791208793,91,False,99,False,122,False,146,False,167,False,181,False,209,False,241,False,257,False,301_plus,301_plus,301_plus
direct_gbt_schedule_building,2027,Alabama A&M,alabama a and m,SWAC,Donte Jackson,0.27813260794854167,301_plus,71,2159,0.38585844505623057,0.38585844505623057,0.38585844505623057,0.29759091910508884,12.0,0.75,0.25,0.0,0.25,0.7228915662650601,0.2771084337349397,0.0,0.2771084337349397,0.2685311895408828,0.36039387590734545,2.739811267251127,0.3150934190940363,-6.816481195161058,,0.15673140343073194,,,0.15673140343073194,0.22777837524870093,,0.043431593721769086,0.2685311895408828,,,3,0.15673140343073194,-1.6373807973333332,835.03,334.0,334.0,0.0851648351648352,91,False,99,False,122,False,146,False,167,False,181,False,209,False,241,False,257,False,301_plus,301_plus,301_plus
direct_gbt_schedule_building,2027,Alabama St.,alabama state,SWAC,Chris Wright,0.27813260794854167,301_plus,71,2159,0.3136763123811491,0.3136763123811491,0.3136763123811491,0.3896578254545163,8.0,0.375,0.625,0.0,0.625,0.34285714285714286,0.6571428571428571,0.0,0.6571428571428571,0.305375299423137,0.30060244722551116,2.8793531301837234,0.3136763123811491,-4.692143513787932,,0.42924693830183924,,,0.42924693830183924,0.10754616424496541,,0.28207655945549437,0.305375299423137,,,5,0.42924693830183924,1.14531767755,1874.22,335.0,335.0,0.08241758241758246,91,False,99,False,122,False,146,False,167,False,181,False,209,False,241,False,257,False,301_plus,301_plus,301_plus
direct_gbt_schedule_building,2027,Alcorn St.,alcorn state,SWAC,Jake Morton,0.27813260794854167,301_plus,71,2159,0.18985989557666752,0.18985989557666752,0.18985989557666752,0.16230275305989342,8.0,0.375,0.625,0.125,0.5,0.36363636363636365,0.6363636363636362,0.0787878787878788,0.5575757575757575,0.13116653324891192,0.18171357254824172,-5.0143560029159335,0.1661400794715206,-5.818547244621073,73.31075,0.1413418178524855,0.1361256544502618,,0.1413418178524855,0.060414574353280216,0.010725051562747901,0.07880877116623433,0.13116653324891192,166.0,,4,0.1413418178524855,-0.7271294562,379.31,336.0,336.0,0.07967032967032972,91,False,99,False,122,False,146,False,167,False,181,False,209,False,241,False,257,False,301_plus,301_plus,301_plus
direct_gbt_schedule_building,2027,Army,army,PL,Kevin Kuwik,0.27813260794854167,301_plus,71,2159,0.6892919358499006,0.6892919358499006,0.6892919358499006,0.7501240017379469,12.0,1.0,0.0,0.0,0.0,1.0,0.0,0.0,0.0,0.6246362396734961,0.6782086744632445,0.21356764440112963,0.6631597336167614,,,,,,,0.6631597336167614,,,0.6246362396734961,,,,,,,337.0,337.0,0.07692307692307687,91,False,99,False,122,False,146,False,167,False,181,False,209,False,241,False,257,False,301_plus,301_plus,301_plus
direct_gbt_schedule_building,2027,Binghamton,binghamton,AE,Levell Sanders,0.27813260794854167,301_plus,71,2159,0.204842952513703,0.204842952513703,0.204842952513703,0.17884119219678485,8.0,0.625,0.375,0.0,0.375,0.591715976331361,0.40828402366863903,0.0,0.40828402366863903,0.17665371781044073,0.1762251960802468,-6.907961436647827,0.18269543163167987,-5.19965613507929,,0.24569203368537004,,,0.24569203368537004,0.10810380569921886,,0.10031213209639368,0.17665371781044073,,,3,0.24569203368537004,-0.9671994693500001,885.9300000000001,338.0,338.0,0.07417582417582413,91,False,99,False,122,False,146,False,167,False,181,False,209,False,241,False,257,False,301_plus,301_plus,301_plus
direct_gbt_schedule_building,2027,Central Connecticut,central connecticut,NEC,Patrick Sellers,0.27813260794854167,301_plus,71,2159,0.3491223578276578,0.3491223578276578,0.3491223578276578,0.304416815890596,7.0,0.8571428571428571,0.14285714285714285,0.0,0.14285714285714285,0.8391608391608392,0.16083916083916083,0.0,0.16083916083916083,0.2974753370940223,0.29977727170969465,-3.3195069945557036,0.3019668714972547,-3.690357628824862,,0.34402959822595774,,,0.34402959822595774,0.2533987732844096,,0.055333431882496696,0.2974753370940223,,,1,0.34402959822595774,0.36296700000000004,687.97,339.0,339.0,0.0714285714285714,91,False,99,False,122,False,146,False,167,False,181,False,209,False,241,False,257,False,301_plus,301_plus,301_plus
direct_gbt_schedule_building,2027,Chicago St.,chicago state,NEC,Landon Bussie,0.27813260794854167,301_plus,71,2159,0.10960519319461466,0.10960519319461466,0.10960519319461466,0.10151551753994026,6.0,0.3333333333333333,0.6666666666666666,0.0,0.6666666666666666,0.30303030303030304,0.696969696969697,0.0,0.696969696969697,0.14371799321896891,0.09773723269365081,-3.2463015011725083,0.09294272996126951,-6.026647712961605,,0.147990478713712,,,0.147990478713712,0.028164463624627125,,0.10314487910349623,0.14371799321896891,,,4,0.147990478713712,-1.3867689275333333,632.25,340.0,340.0,0.06868131868131866,91,False,99,False,122,False,146,False,167,False,181,False,209,False,241,False,257,False,301_plus,301_plus,301_plus
direct_gbt_schedule_building,2027,Coppin St.,coppin state,MEAC,Larry Stewart,0.27813260794854167,301_plus,71,2159,0.4887237263155101,0.4887237263155101,0.4887237263155101,0.4075488865506708,9.0,0.8888888888888888,0.1111111111111111,0.0,0.1111111111111111,0.8743169398907104,0.12568306010928962,0.0,0.12568306010928962,0.2552187599139082,0.4829406932148297,-5.3535447307765445,0.3774356684768899,-8.426200951011642,,0.15456102011850317,,,0.15456102011850317,0.32999839866831904,,0.019425701982106955,0.2552187599139082,,,1,0.15456102011850317,-0.3105332585333333,36.96,341.0,341.0,0.06593406593406592,91,False,99,False,122,False,146,False,167,False,181,False,209,False,241,False,257,False,301_plus,301_plus,301_plus
direct_gbt_schedule_building,2027,Delaware St.,delaware state,MEAC,Stan Waterman,0.27813260794854167,301_plus,71,2159,0.35859736809271126,0.35859736809271126,0.35859736809271126,0.1928809866636467,9.0,0.6666666666666666,0.3333333333333333,0.0,0.3333333333333333,0.634920634920635,0.3650793650793651,0.0,0.3650793650793651,0.17380803955931756,0.3468955643586993,-3.1182715029011874,0.2449248078913182,0.02850678733031674,,0.1425339366515837,,,0.1425339366515837,0.1555078145341703,,0.05203619909502263,0.17380803955931756,,,3,0.1425339366515837,0.0,0.0,342.0,342.0,0.06318681318681318,91,False,99,False,122,False,146,False,167,False,181,False,209,False,241,False,257,False,301_plus,301_plus,301_plus
direct_gbt_schedule_building,2027,Eastern Illinois,eastern illinois,OVC,Marty Simmons,0.27813260794854167,301_plus,71,2159,0.0924017981922604,0.0924017981922604,0.0924017981922604,0.06557982942094814,4.0,0.75,0.25,0.0,0.25,0.7228915662650601,0.2771084337349397,0.0,0.2771084337349397,0.26291779995723935,0.08545862963961781,-6.893431044910396,0.07292604596879995,0.02941176470588235,,0.14705882352941174,,,0.14705882352941174,0.05271762359190357,,0.04075124025513818,0.26291779995723935,,,1,0.14705882352941174,0.0,0.0,343.0,343.0,0.06043956043956045,91,False,99,False,122,False,146,False,167,False,181,False,209,False,241,False,257,False,301_plus,301_plus,301_plus
direct_gbt_schedule_building,2027,Fairleigh Dickinson,fairleigh dickinson,NEC,Jack Castleberry,0.27813260794854167,301_plus,71,2159,0.25063370649220934,0.25063370649220934,0.25063370649220934,0.21305763431811578,9.0,0.6666666666666666,0.3333333333333333,0.0,0.3333333333333333,0.634920634920635,0.3650793650793651,0.0,0.3650793650793651,0.2424557335696362,0.22659566526432542,-3.648367958949599,0.21656372332812182,0.9957611205396476,,0.3810069819108601,,,0.3810069819108601,0.13750077671626784,,0.13909778704682194,0.2424557335696362,,,3,0.3810069819108601,-0.1694297941333333,169.01,344.0,344.0,0.05769230769230771,91,False,99,False,122,False,146,False,167,False,181,False,209,False,241,False,257,False,301_plus,301_plus,301_plus
direct_gbt_schedule_building,2027,Florida A&M,florida a and m,SWAC,Charlie Ward,0.27813260794854167,301_plus,71,2159,0.37427167632042474,0.37427167632042474,0.37427167632042474,0.4237325153130616,7.0,1.0,0.0,0.0,0.0,1.0,0.0,0.0,0.0,0.27404600177356586,0.37855029892894504,0.48933063940847354,0.37032405038952665,,,,,,,0.37032405038952665,,,0.27404600177356586,,,,,,,345.0,345.0,0.05494505494505497,91,False,99,False,122,False,146,False,167,False,181,False,209,False,241,False,257,False,301_plus,301_plus,301_plus
direct_gbt_schedule_building,2027,Holy Cross,holy cross,PL,Dave Paulsen,0.27813260794854167,301_plus,71,2159,0.39277770698890485,0.39277770698890485,0.39277770698890485,0.3442372067218004,13.0,0.6923076923076923,0.3076923076923077,0.07692307692307693,0.23076923076923078,0.6870229007633588,0.31297709923664124,0.04961832061068703,0.2633587786259542,0.295865888206303,0.3712703264282582,-1.2982031476443465,0.34549925241573753,0.03371040723981901,16.73394487179494,0.16855203619909503,0.04993958920660492,,0.16855203619909503,0.0,0.04993958920660492,0.0,0.295865888206303,159.0,,3,0.16855203619909503,0.0,0.0,346.0,346.0,0.052197802197802234,91,False,99,False,122,False,146,False,167,False,181,False,209,False,241,False,257,False,301_plus,301_plus,301_plus
direct_gbt_schedule_building,2027,Jackson St.,jackson state,SWAC,Trey Johnson,0.27813260794854167,301_plus,71,2159,0.27988096186900097,0.27988096186900097,0.27988096186900097,0.22213323812473243,10.0,0.7,0.3,0.0,0.3,0.6698564593301436,0.33014354066985646,0.0,0.33014354066985646,0.24567597457598866,0.2420648245609958,-6.5291067160971386,0.22461153960093055,-2.1224303120916166,,0.3287408431411199,,,0.3287408431411199,0.15045749064177166,,0.10853166591740322,0.24567597457598866,,,3,0.3287408431411199,0.05101747290000003,471.97,347.0,347.0,0.0494505494505495,91,False,99,False,122,False,146,False,167,False,181,False,209,False,241,False,257,False,301_plus,301_plus,301_plus
direct_gbt_schedule_building,2027,Lafayette,lafayette,PL,Mike McGarvey,0.27813260794854167,301_plus,71,2159,0.24713234585354885,0.24713234585354885,0.24713234585354885,0.16556933977549,9.0,0.8888888888888888,0.1111111111111111,0.0,0.1111111111111111,0.8743169398907104,0.12568306010928962,0.0,0.12568306010928962,0.19045711530068818,0.24169537886079007,-0.10702936878371982,0.19703354432413328,0.03518099547511312,,0.1759049773755656,,,0.1759049773755656,0.17226976552929685,,0.022108275845016442,0.19045711530068818,,,1,0.1759049773755656,0.0,0.0,348.0,348.0,0.04670329670329665,91,False,99,False,122,False,146,False,167,False,181,False,209,False,241,False,257,False,301_plus,301_plus,301_plus
direct_gbt_schedule_building,2027,Loyola MD,loyola md,PL,Josh Loeffler,0.27813260794854167,301_plus,71,2159,0.3688631549957049,0.3688631549957049,0.3688631549957049,0.1978544200552771,10.0,0.6,0.4,0.0,0.4,0.5660377358490566,0.43396226415094336,0.0,0.43396226415094336,0.2394015297438286,0.3378030615464218,0.39246231582877833,0.26118107422246406,-3.1398944452111683,,0.2499147594079202,,,0.2499147594079202,0.14783834389950795,,0.10845357483739933,0.2394015297438286,,,4,0.2499147594079202,-0.1834695923166667,341.66999999999996,349.0,349.0,0.04395604395604391,91,False,99,False,122,False,146,False,167,False,181,False,209,False,241,False,257,False,301_plus,301_plus,301_plus
direct_gbt_schedule_building,2027,Maine,maine,AE,Chris Markwood,0.27813260794854167,301_plus,71,2159,0.1694080379867292,0.1694080379867292,0.1694080379867292,0.14697638098124113,8.0,0.375,0.625,0.125,0.5,0.36363636363636365,0.6363636363636362,0.0787878787878788,0.5575757575757575,0.20897508707618778,0.16172092200660504,-0.49334021269303996,0.1457219768840947,-5.108421620540603,73.31075,0.2555093964473944,0.0732984293193717,,0.2555093964473944,0.05298980977603444,0.005775027764556558,0.1424658452918805,0.20897508707618778,178.0,,4,0.2555093964473944,-0.9128631443666668,872.3100000000001,350.0,350.0,0.04120879120879117,91,False,99,False,122,False,146,False,167,False,181,False,209,False,241,False,257,False,301_plus,301_plus,301_plus
direct_gbt_schedule_building,2027,Manhattan,manhattan,MAAC,John Gallagher,0.27813260794854167,301_plus,71,2159,0.17243132292805444,0.17243132292805444,0.17243132292805444,0.10686350516034804,7.0,0.7142857142857143,0.2857142857142857,0.0,0.2857142857142857,0.6849315068493151,0.3150684931506849,0.0,0.3150684931506849,0.24084883746304464,0.15889564629489397,-2.463937864737847,0.13542108232324362,-2.7104429260258462,,0.4089023157416086,,,0.4089023157416086,0.09275416597482442,,0.12883223646653422,0.24084883746304464,,,2,0.4089023157416086,0.5711817925333333,632.43,351.0,351.0,0.038461538461538436,91,False,99,False,122,False,146,False,167,False,181,False,209,False,241,False,257,False,301_plus,301_plus,301_plus
direct_gbt_schedule_building,2027,Maryland Eastern Shore,maryland eastern shore,MEAC,Cleo Hill,0.27813260794854167,301_plus,71,2159,0.09848082872792877,0.09848082872792877,0.09848082872792877,0.09051265596533767,4.0,0.5,0.5,0.0,0.5,0.46511627906976744,0.5348837209302325,0.0,0.5348837209302325,0.1065862458620433,0.08270697695712319,-6.692494838776526,0.08355115468445157,-4.004415696812415,,0.23227497156309124,,,0.23227497156309124,0.038861002178814684,,0.12424010106863019,0.1065862458620433,,,2,0.23227497156309124,-0.15456834775000003,102.15,352.0,352.0,0.0357142857142857,91,False,99,False,122,False,146,False,167,False,181,False,209,False,241,False,257,False,301_plus,301_plus,301_plus
direct_gbt_schedule_building,2027,Mississippi Valley St.,mississippi valley state,SWAC,Mike Davis,0.27813260794854167,301_plus,71,2159,0.20665933623453253,0.20665933623453253,0.20665933623453253,0.08029923115864078,8.0,0.875,0.125,0.0,0.125,0.8588957055214723,0.1411042944785276,0.0,0.1411042944785276,0.1666752091820081,0.18249839429917172,-10.341784763605165,0.1347733502655991,0.039027149321266975,,0.19513574660633487,,,0.19513574660633487,0.11575625176186426,,0.02753449185242762,0.1666752091820081,,,1,0.19513574660633487,0.0,0.0,353.0,353.0,0.03296703296703296,91,False,99,False,122,False,146,False,167,False,181,False,209,False,241,False,257,False,301_plus,301_plus,301_plus
direct_gbt_schedule_building,2027,Morgan St.,morgan state,MEAC,Kevin Broadus,0.27813260794854167,301_plus,71,2159,0.08160947468790151,0.08160947468790151,0.08160947468790151,0.0,7.0,0.7142857142857143,0.2857142857142857,0.0,0.2857142857142857,0.6849315068493151,0.3150684931506849,0.0,0.3150684931506849,0.149780418461435,0.06976259793665278,-8.40356386263674,0.04080473734395076,0.5635210926389155,,0.27755672283349303,,,0.27755672283349303,0.027948450235582713,,0.08744937842699095,0.149780418461435,,,2,0.27755672283349303,-0.233080167,55.97,354.0,354.0,0.030219780219780223,91,False,99,False,122,False,146,False,167,False,181,False,209,False,241,False,257,False,301_plus,301_plus,301_plus
direct_gbt_schedule_building,2027,NJIT,njit,AE,Grant Billmeier,0.27813260794854167,301_plus,71,2159,0.42510861287624385,0.42510861287624385,0.42510861287624385,0.3800596148425365,9.0,0.6666666666666666,0.3333333333333333,0.0,0.3333333333333333,0.634920634920635,0.3650793650793651,0.0,0.3650793650793651,0.264837044312037,0.42173383400700065,-0.021580847398990244,0.36089046953221565,-7.384000578844332,,0.23073810841439038,,,0.23073810841439038,0.22913680605220044,,0.08423772211953935,0.264837044312037,,,3,0.23073810841439038,-1.560494791966667,1051.49,355.0,355.0,0.027472527472527486,91,False,99,False,122,False,146,False,167,False,181,False,209,False,241,False,257,False,301_plus,301_plus,301_plus
direct_gbt_schedule_building,2027,New Hampshire,new hampshire,AE,Nathan Davis,0.27813260794854167,301_plus,71,2159,0.5747567412457284,0.5747567412457284,0.5747567412457284,0.6143953264443875,9.0,0.7777777777777778,0.2222222222222222,0.0,0.2222222222222222,0.7526881720430109,0.24731182795698925,0.0,0.24731182795698925,0.4248522212971978,0.5485750498791538,1.8673192234362572,0.5520378083668839,-5.728124588458948,,0.18320413303340338,,,0.18320413303340338,0.41551232887829975,,0.04530854902976643,0.4248522212971978,,,2,0.18320413303340338,-1.1199587451666668,630.0,356.0,356.0,0.02472527472527475,91,False,99,False,122,False,146,False,167,False,181,False,209,False,241,False,257,False,301_plus,301_plus,301_plus
direct_gbt_schedule_building,2027,New Haven,new haven,NEC,Ted Hotaling,0.27813260794854167,301_plus,71,2159,0.13936403684993423,0.13936403684993423,0.13936403684993423,0.08153776229682931,5.0,0.8,0.2,0.0,0.2,0.7766990291262136,0.2233009708737864,0.0,0.2233009708737864,0.11259385555817693,0.12740258332690432,0.4748129981164473,0.10588195378222541,0.042873303167420815,,0.2143665158371041,,,0.2143665158371041,0.0822384107046411,,0.04786825110925625,0.11259385555817693,,,1,0.2143665158371041,0.0,0.0,357.0,357.0,0.02197802197802201,91,False,99,False,122,False,146,False,167,False,181,False,209,False,241,False,257,False,301_plus,301_plus,301_plus
direct_gbt_schedule_building,2027,Niagara,niagara,MAAC,Greg Paulus,0.27813260794854167,301_plus,71,2159,0.104731330472103,0.104731330472103,0.104731330472103,0.12604187751613702,5.0,0.4,0.6,0.0,0.6,0.36697247706422026,0.6330275229357798,0.0,0.6330275229357798,0.2593362975331877,0.10488854082812199,-3.905574055994486,0.10047038626609442,-3.1913381060041166,,0.3288045671320875,,,0.3288045671320875,0.036869866519667685,,0.20814234066159668,0.2593362975331877,,,3,0.3288045671320875,-1.3314053741333332,1167.5900000000001,358.0,358.0,0.019230769230769273,91,False,99,False,122,False,146,False,167,False,181,False,209,False,241,False,257,False,301_plus,301_plus,301_plus
direct_gbt_schedule_building,2027,Saint Francis,saint francis pa,NEC,Luke McConnell,0.27813260794854167,301_plus,71,2159,0.00974922232827704,0.00974922232827704,0.00974922232827704,0.0,2.0,1.0,0.0,0.0,0.0,1.0,0.0,0.0,0.0,0.10121485987478718,0.008722120516464373,-5.243381518753306,0.00487461116413852,,,,,,,0.00487461116413852,,,0.10121485987478718,,,,,,,359.0,359.0,0.016483516483516536,91,False,99,False,122,False,146,False,167,False,181,False,209,False,241,False,257,False,301_plus,301_plus,301_plus
direct_gbt_schedule_building,2027,South Carolina St.,south carolina state,MEAC,Erik Martin,0.27813260794854167,301_plus,71,2159,0.23611569449027822,0.23611569449027822,0.23611569449027822,0.0,5.0,0.8,0.2,0.0,0.2,0.7766990291262136,0.2233009708737864,0.0,0.2233009708737864,0.20377162268075036,0.20907793389682924,-4.6376184726967296,0.11805784724513911,-2.056743262571595,,0.3773590838321726,,,0.3773590838321726,0.09169541533603037,,0.0842646497877667,0.20377162268075036,,,1,0.3773590838321726,-0.1530071235,721.89,360.0,360.0,0.013736263736263687,91,False,99,False,122,False,146,False,167,False,181,False,209,False,241,False,257,False,301_plus,301_plus,301_plus
direct_gbt_schedule_building,2027,Southern Indiana,southern indiana,OVC,Stan Gouard,0.27813260794854167,301_plus,71,2159,0.30163753371705293,0.30163753371705293,0.30163753371705293,0.20345446440326417,12.0,0.5,0.5,0.0,0.5,0.46511627906976744,0.5348837209302325,0.0,0.5348837209302325,0.3291721695954127,0.28362480791707795,-2.100696692572636,0.2287706461638667,-1.8135250538947472,,0.4468248931463424,,,0.4468248931463424,0.10640495170412403,,0.23899936145036915,0.3291721695954127,,,6,0.4468248931463424,1.0200887390833335,1573.2399999999998,361.0,361.0,0.01098901098901095,91,False,99,False,122,False,146,False,167,False,181,False,209,False,241,False,257,False,301_plus,301_plus,301_plus
direct_gbt_schedule_building,2027,Stonehill,stonehill,NEC,Chris Kraus,0.27813260794854167,301_plus,71,2159,0.08553913943403531,0.08553913943403531,0.08553913943403531,0.0,11.0,0.36363636363636365,0.6363636363636364,0.0,0.6363636363636364,0.33195020746887977,0.6680497925311204,0.0,0.6680497925311204,0.17656461632437573,0.07997879218427133,-6.754049101874187,0.042769569717017654,-5.001711100010579,,0.26555451586709183,,,0.26555451586709183,0.014197367540918727,,0.1774036392307128,0.17656461632437573,,,7,0.26555451586709183,-3.081141546283334,1601.92,362.0,362.0,0.008241758241758212,91,False,99,False,122,False,146,False,167,False,181,False,209,False,241,False,257,False,301_plus,301_plus,301_plus
direct_gbt_schedule_building,2027,The Citadel,the citadel,SC,Ed Conroy,0.27813260794854167,301_plus,71,2159,0.26198289627068183,0.26198289627068183,0.26198289627068183,0.23780950229529887,13.0,0.6153846153846154,0.38461538461538464,0.0,0.38461538461538464,0.5818181818181818,0.41818181818181815,0.0,0.41818181818181815,0.33406919570529703,0.2526435424028759,-4.4223378016252815,0.22724074201058628,-0.29828553979327666,,0.4827000878022859,,,0.4827000878022859,0.13221279535161382,,0.20185640035368319,0.33406919570529703,,,5,0.4827000878022859,0.09574155740000001,1312.31,363.0,363.0,0.005494505494505475,91,False,99,False,122,False,146,False,167,False,181,False,209,False,241,False,257,False,301_plus,301_plus,301_plus
direct_gbt_schedule_building,2027,VMI,vmi,SC,Andrew Wilson,0.27813260794854167,301_plus,71,2159,0.27298510705061674,0.27298510705061674,0.27298510705061674,0.22954142778667533,7.0,0.8571428571428571,0.14285714285714285,0.0,0.14285714285714285,0.8391608391608392,0.16083916083916083,0.0,0.16083916083916083,0.21871038592523556,0.24991713656082037,-2.2534891390929266,0.2387949435005845,0.9247431813340731,,0.38883228417183097,,,0.38883228417183097,0.20038736517531566,,0.06253945829337142,0.21871038592523556,,,1,0.38883228417183097,-0.25896486983333333,196.59,364.0,364.0,0.0027472527472527375,91,False,99,False,122,False,146,False,167,False,181,False,209,False,241,False,257,False,301_plus,301_plus,301_plus
direct_gbt_schedule_building,2027,Western Illinois,western illinois,OVC,Chad Boudreau,0.27813260794854167,301_plus,71,2159,0.17236360405189263,0.17236360405189263,0.17236360405189263,0.1574884700841839,5.0,0.4,0.6,0.0,0.6,0.36697247706422026,0.6330275229357798,0.0,0.6330275229357798,0.22921912766859961,0.1570716695096426,-5.622169726592706,0.14941620757064153,-0.4245637846539389,,0.4778571650224256,,,0.4778571650224256,0.05483163580574002,,0.3024967374912602,0.22921912766859961,,,3,0.4778571650224256,0.5592461824,399.22,365.0,365.0,0.0,91,False,99,False,122,False,146,False,167,False,181,False,209,False,241,False,257,False,301_plus,301_plus,301_plus
direct_ridge_schedule_building,2027,Texas,texas,SEC,Sean Miller,0.949773746363914,26_50,81,2159,0.13215924016805722,0.13215924016805722,0.13215924016805722,0.14700838246500622,11.0,0.18181818181818182,0.8181818181818181,0.36363636363636365,0.45454545454545453,0.1932367149758454,0.8067632850241546,0.25120772946859904,0.5555555555555556,0.8627017779272039,0.15209324169103436,10.983206542523508,0.1310684569317927,16.425650118394962,72.41464169541408,0.9579484756465922,0.7191870438740455,0.9871794871794872,0.9579484756465922,0.0,0.7191870438740455,0.0,0.8627017779272039,21.0,2.0,5,0.9579484756465922,26.42490272385,4369.39,1.0,1.0,1.0,38,True,79,True,119,True,143,True,173,True,193,True,210,True,244,True,297,True,top_25,top_25,top_25
direct_ridge_schedule_building,2027,Tennessee,tennessee,SEC,Rick Barnes,0.9448160673330546,top_25,81,2159,0.13972398219101845,0.13972398219101845,0.13972398219101845,0.08599745103300242,17.0,0.29411764705882354,0.7058823529411764,0.23529411764705882,0.47058823529411764,0.2976190476190476,0.7023809523809523,0.15476190476190477,0.5476190476190476,0.8743833569421962,0.12724206450377404,6.547895877281172,0.10416488291450833,17.20355268805064,71.08182738568246,0.9348676662248516,0.7039549752378088,0.717948717948718,0.9348676662248516,0.0,0.7039549752378088,0.0,0.8743833569421962,24.0,23.0,8,0.9348676662248516,29.605132029750003,6868.779999999999,2.0,2.0,0.9972527472527473,38,True,79,True,119,True,143,True,173,True,193,True,210,True,244,True,297,True,top_25,top_25,top_25
direct_ridge_schedule_building,2027,Iowa St.,iowa state,B12,T.J. Otzelberger,0.924122794250198,top_25,81,2159,0.2584083664073448,0.2584083664073448,0.2584083664073448,0.224123268779653,14.0,0.35714285714285715,0.6428571428571428,0.2857142857142857,0.35714285714285715,0.3745318352059925,0.6254681647940075,0.1947565543071161,0.4307116104868913,0.832662780245664,0.25201431428459004,13.334592373080788,0.2294579645868215,13.826706526972075,63.81581169451481,0.9191789690129443,0.6259334346854929,0.41025641025641024,0.9191789690129443,0.0,0.6259334346854929,0.0,0.832662780245664,32.0,47.0,5,0.9191789690129443,20.9619728246,4724.18,3.0,3.0,0.9945054945054945,38,True,79,True,119,True,143,True,173,True,193,True,210,True,244,True,297,True,top_25,top_25,top_25
direct_ridge_schedule_building,2027,Houston,houston,B12,Kelvin Sampson,0.9061458270093379,top_25,81,2159,0.11723858354781058,0.11723858354781058,0.11723858354781058,0.0,10.0,0.3,0.7,0.3,0.4,0.31413612565445026,0.6858638743455497,0.2041884816753927,0.4816753926701571,0.9426058551830016,0.11687946599427466,13.931346837449741,0.05861929177390529,9.198673104678601,81.50073803964094,0.8360169586338664,0.8171204642262835,0.8205128205128205,0.8360169586338664,0.0,0.8171204642262835,0.0,0.9426058551830016,12.0,15.0,4,0.8360169586338664,17.12871504115,3204.9800000000005,4.0,4.0,0.9917582417582418,38,True,79,True,119,True,143,True,173,True,193,True,210,True,244,True,297,True,top_25,top_25,top_25
direct_ridge_schedule_building,2027,Gonzaga,gonzaga,WCC,Mark Few,0.8799838799994762,top_25,81,2159,0.13910810472253538,0.13910810472253538,0.13910810472253538,0.0,8.0,0.375,0.625,0.375,0.25,0.41379310344827586,0.5862068965517242,0.26896551724137935,0.3172413793103448,0.948246630349782,0.15916710756385696,18.485515159633255,0.06955405236126769,6.087180051278706,80.37301014355432,0.7250066546114976,0.7844991223337564,,0.7250066546114976,0.0,0.7844991223337564,0.0,0.948246630349782,42.0,,2,0.7250066546114976,5.464172286866667,1421.64,5.0,5.0,0.989010989010989,38,True,79,True,119,True,143,True,173,True,193,True,210,True,244,True,297,True,top_25,top_25,top_25
direct_ridge_schedule_building,2027,Cincinnati,cincinnati,B12,Jerrod Calhoun,0.8786686503042572,26_50,81,2159,0.09697859796198381,0.09697859796198381,0.09697859796198381,0.0,14.0,0.21428571428571427,0.7857142857142857,0.0,0.7857142857142857,0.1916932907348243,0.8083067092651758,0.0,0.8083067092651758,0.7691469260833913,0.08328150981497569,3.8793619313919225,0.048489298980991906,20.462763908100865,,0.9400538732223002,,0.23076923076923073,0.9400538732223002,0.009295073287091102,,0.7598518527963002,0.7691469260833913,,61.0,11,0.9400538732223002,33.544165927933335,8233.970000000001,6.0,6.0,0.9862637362637363,38,True,79,True,119,True,143,True,173,True,193,True,210,True,244,True,297,True,top_25,top_25,top_25
direct_ridge_schedule_building,2027,Kansas,kansas,B12,Bill Self,0.8572434662028298,top_25,81,2159,0.04899176732917633,0.04899176732917633,0.04899176732917633,0.0,10.0,0.2,0.8,0.4,0.4,0.2173913043478261,0.782608695652174,0.28260869565217395,0.5,0.8311356115150752,0.04513407745594377,3.0798275239584236,0.024495883664588165,11.104841783139703,69.56603858113122,0.8804615292507385,0.7000880565435875,0.1282051282051282,0.8804615292507385,0.0,0.7000880565435875,0.0,0.8311356115150752,5.0,69.0,4,0.8804615292507385,20.022563840083333,3593.89,7.0,7.0,0.9835164835164835,38,True,79,True,119,True,143,True,173,True,193,True,210,True,244,True,297,True,top_25,top_25,top_25
direct_ridge_schedule_building,2027,Michigan,michigan,B10,Dusty May,0.8567456614390432,top_25,81,2159,0.3228041943844869,0.3228041943844869,0.3228041943844869,0.2931803232928537,12.0,0.4166666666666667,0.5833333333333333,0.3333333333333333,0.25,0.4524886877828055,0.5475113122171946,0.23529411764705885,0.31221719457013575,0.9007260782800599,0.31811876862422545,11.770644866267453,0.2843708236442919,10.947910725013816,83.81438941531356,0.8526442047681095,0.8421665786414108,0.42307692307692313,0.8526442047681095,0.0,0.8421665786414108,0.0,0.9007260782800599,6.0,46.0,3,0.8526442047681095,11.869566694216667,1553.7400000000002,8.0,8.0,0.9807692307692307,38,True,79,True,119,True,143,True,173,True,193,True,210,True,244,True,297,True,top_25,top_25,top_25
direct_ridge_schedule_building,2027,Duke,duke,ACC,Jon Scheyer,0.8561156940115117,top_25,81,2159,0.11630627287822928,0.11630627287822928,0.11630627287822928,0.12726000685661454,10.0,0.3,0.7,0.4,0.3,0.3314917127071823,0.6685082872928176,0.287292817679558,0.38121546961325964,0.9668047706851226,0.10840232382802299,6.949384487120021,0.11212404704198148,10.017637985445031,92.68658891984983,0.8650788182612555,0.9295245483495419,0.34615384615384615,0.8650788182612555,0.0,0.9295245483495419,0.0,0.9668047706851226,2.0,52.0,3,0.8650788182612555,16.008218003333333,2383.2799999999997,9.0,9.0,0.978021978021978,38,True,79,True,119,True,143,True,173,True,193,True,210,True,244,True,297,True,top_25,top_25,top_25
direct_ridge_schedule_building,2027,Connecticut,connecticut,BE,Dan Hurley,0.8390708728662791,top_25,81,2159,0.15314954956745558,0.15314954956745558,0.15314954956745558,0.09797628612614316,11.0,0.36363636363636365,0.6363636363636364,0.18181818181818182,0.45454545454545453,0.3619909502262444,0.6380090497737557,0.11764705882352944,0.5203619909502263,0.9479941289653677,0.1366609493361152,7.206769936245802,0.11777767563887882,10.1013231864896,90.72082771665636,0.8691645213657097,0.9107306435784902,0.7307692307692308,0.8691645213657097,0.0,0.9107306435784902,0.0,0.9479941289653677,10.0,22.0,5,0.8691645213657097,14.06672018276667,3576.6000000000004,10.0,10.0,0.9752747252747253,38,True,79,True,119,True,143,True,173,True,193,True,210,True,244,True,297,True,top_25,top_25,top_25
direct_ridge_schedule_building,2027,Kentucky,kentucky,SEC,Mark Pope,0.8356633959187252,26_50,81,2159,0.03978109463753834,0.03978109463753834,0.03978109463753834,0.0,9.0,0.1111111111111111,0.8888888888888888,0.3333333333333333,0.5555555555555556,0.1149425287356322,0.8850574712643678,0.2241379310344828,0.6609195402298851,0.8373298777188335,0.03570302362587068,7.525417499999996,0.01989054731876917,7.787764613659824,44.766794090443135,0.8503285407140961,0.4024969638260669,0.0,0.8503285407140961,0.0,0.4024969638260669,0.0,0.8373298777188335,75.0,79.0,5,0.8503285407140961,11.353551076566667,4151.31,11.0,11.0,0.9725274725274725,38,True,79,True,119,True,143,True,173,True,193,True,210,True,244,True,297,True,top_25,top_25,top_25
direct_ridge_schedule_building,2027,South Florida,south florida,Amer,Chris Mack,0.8353155392424549,136_160,81,2159,0.13435470248150172,0.13435470248150172,0.13435470248150172,0.15729321894628356,14.0,0.07142857142857142,0.9285714285714286,0.21428571428571427,0.7142857142857143,0.06920415224913495,0.9307958477508651,0.13494809688581316,0.795847750865052,0.7396352604190904,0.1494054091033822,19.340937500000006,0.13435470248150172,9.3394029354241,51.81401233113959,0.8525185999036352,0.45541683447442616,,0.8525185999036352,0.0,0.45541683447442616,0.0,0.7396352604190904,95.0,,10,0.8525185999036352,14.046984199366666,5886.33,12.0,12.0,0.9697802197802198,38,True,79,True,119,True,143,True,173,True,193,True,210,True,244,True,297,True,top_25,top_25,top_25
direct_ridge_schedule_building,2027,Miami FL,miami fl,ACC,Jai Lucas,0.8315971629090579,26_50,81,2159,0.2928256117944542,0.2928256117944542,0.2928256117944542,0.2618807245369892,12.0,0.3333333333333333,0.6666666666666666,0.16666666666666666,0.5,0.32786885245901637,0.6721311475409836,0.10655737704918034,0.5655737704918032,0.9113035097202434,0.2547998787991994,13.085586238138797,0.2640702010028715,14.455595093566037,95.12484240536021,0.9253437756357891,0.921477475404177,0.9102564102564102,0.9253437756357891,0.0,0.921477475404177,0.0,0.9113035097202434,55.0,8.0,6,0.9253437756357891,24.166570008516665,4815.07,13.0,13.0,0.967032967032967,38,True,79,True,119,True,143,True,173,True,193,True,210,True,244,True,297,True,top_25,top_25,top_25
direct_ridge_schedule_building,2027,Villanova,villanova,BE,Kevin Willard,0.831323236878743,26_50,81,2159,0.38527028889541404,0.38527028889541404,0.38527028889541404,0.3922024630533793,10.0,0.4,0.6,0.1,0.5,0.38461538461538464,0.6153846153846153,0.0625,0.5528846153846153,0.9269825556374086,0.38001902570933305,11.257806502473064,0.37176258561695147,11.609528840023803,84.0322232600732,0.9111307596475158,0.8177665266670503,0.6923076923076923,0.9111307596475158,0.0,0.8177665266670503,0.0,0.9269825556374086,47.0,25.0,5,0.9111307596475158,18.74663790095,4346.870000000001,14.0,14.0,0.9642857142857143,38,True,79,True,119,True,143,True,173,True,193,True,210,True,244,True,297,True,top_25,top_25,top_25
direct_ridge_schedule_building,2027,Texas Tech,texas tech,B12,Grant McCasland,0.8269638521949354,top_25,81,2159,0.0931477986684171,0.0931477986684171,0.0931477986684171,0.057296726367056336,7.0,0.42857142857142855,0.5714285714285714,0.14285714285714285,0.42857142857142855,0.4225352112676056,0.5774647887323944,0.09154929577464789,0.48591549295774644,0.9260006333946628,0.08428606088665584,8.31285335126547,0.0723264312171793,11.166166131802653,90.95708619283937,0.8913853130309046,0.8993038375237328,0.3076923076923077,0.8913853130309046,0.0,0.8993038375237328,0.0,0.9260006333946628,30.0,55.0,3,0.8913853130309046,17.02285381356667,3186.4300000000003,15.0,15.0,0.9615384615384616,38,True,79,True,119,True,143,True,173,True,193,True,210,True,244,True,297,True,top_25,top_25,top_25
direct_ridge_schedule_building,2027,Clemson,clemson,ACC,Brad Brownell,0.8213658575375623,26_50,81,2159,0.28400141843971627,0.28400141843971627,0.28400141843971627,0.11911929205516553,12.0,0.5,0.5,0.25,0.25,0.5263157894736842,0.4736842105263158,0.17105263157894737,0.3026315789473684,0.8741458786213117,0.2976101688658712,11.65489858492615,0.19041205673758863,9.100560571474949,71.22929475403086,0.8546283518323763,0.6861055175191302,0.6538461538461539,0.8546283518323763,0.0,0.6861055175191302,0.0,0.8741458786213117,51.0,28.0,3,0.8546283518323763,11.093715428666666,2385.45,16.0,16.0,0.9587912087912088,38,True,79,True,119,True,143,True,173,True,193,True,210,True,244,True,297,True,top_25,top_25,top_25
direct_ridge_schedule_building,2027,Indiana,indiana,B10,Darian DeVries,0.8116341069992021,26_50,81,2159,0.06959131069992851,0.06959131069992851,0.06959131069992851,0.0,15.0,0.26666666666666666,0.7333333333333334,0.26666666666666666,0.4666666666666667,0.27303754266211605,0.7269624573378839,0.17747440273037546,0.5494880546075085,0.849807207787933,0.06514216288531778,1.3163677266372251,0.034795655349964254,11.25282155290012,80.11756941693545,0.8888468471934313,0.7882328769980971,0.9230769230769231,0.8888468471934313,0.0,0.7882328769980971,0.0,0.849807207787933,33.0,7.0,7,0.8888468471934313,16.851682355366663,4830.57,17.0,17.0,0.9560439560439561,38,True,79,True,119,True,143,True,173,True,193,True,210,True,244,True,297,True,top_25,top_25,top_25
direct_ridge_schedule_building,2027,Iowa,iowa,B10,Ben McCollum,0.8104917777608447,26_50,81,2159,0.6796519888754957,0.6796519888754957,0.6796519888754957,0.6633225112604549,13.0,0.6923076923076923,0.3076923076923077,0.15384615384615385,0.15384615384615385,0.7142857142857143,0.28571428571428575,0.10317460317460318,0.18253968253968256,0.8811379451532491,0.6499584825544359,14.999190923991115,0.6268233883946909,8.39125037527428,65.55328321420062,0.8166560150435151,0.6341464817904608,0.17948717948717952,0.8166560150435151,0.0,0.6341464817904608,0.0,0.8811379451532491,45.0,65.0,2,0.8166560150435151,9.094227116483333,1519.58,18.0,18.0,0.9532967032967032,38,True,79,True,119,True,143,True,173,True,193,True,210,True,244,True,297,True,top_25,top_25,top_25
direct_ridge_schedule_building,2027,Arizona,arizona,B12,Tommy Lloyd,0.8099493269604578,top_25,81,2159,0.14859487022198367,0.14859487022198367,0.14859487022198367,0.15615699601817598,10.0,0.3,0.7,0.3,0.4,0.31413612565445026,0.6858638743455497,0.2041884816753927,0.4816753926701571,0.9239392653686427,0.13998160811811164,10.200521068725598,0.1449398714360567,3.279552418516393,73.80911951945981,0.612407243438217,0.734883887549601,0.14102564102564108,0.612407243438217,0.0,0.734883887549601,0.0,0.9239392653686427,19.0,68.0,4,0.612407243438217,1.7112200531833333,1614.0,19.0,19.0,0.9505494505494505,38,True,79,True,119,True,143,True,173,True,193,True,210,True,244,True,297,True,top_25,top_25,top_25
direct_ridge_schedule_building,2027,Louisville,louisville,ACC,Pat Kelsey,0.8098306346860839,26_50,81,2159,0.03656846694723728,0.03656846694723728,0.03656846694723728,0.0,11.0,0.18181818181818182,0.8181818181818181,0.2727272727272727,0.5454545454545454,0.18433179723502305,0.8156682027649769,0.17972350230414746,0.6359447004608294,0.8479507995779894,0.03260118100310912,5.502897997695138,0.01828423347361864,17.980023710899843,73.82366757694876,0.9410156454246438,0.7340940444954205,0.8717948717948718,0.9410156454246438,0.0,0.7340940444954205,0.0,0.8479507995779894,20.0,11.0,6,0.9410156454246438,31.23430886345,4214.38,20.0,20.0,0.9478021978021978,38,True,79,True,119,True,143,True,173,True,193,True,210,True,244,True,297,True,top_25,top_25,top_25
direct_ridge_schedule_building,2027,USC,usc,B10,Eric Musselman,0.8038622901946471,76_100,81,2159,0.08560840337197315,0.08560840337197315,0.08560840337197315,0.0,15.0,0.3333333333333333,0.6666666666666667,0.2,0.4666666666666667,0.3333333333333333,0.6666666666666666,0.13,0.5366666666666666,0.8914867430832777,0.08421861785414941,5.484374071618531,0.04280420168598657,10.757533972079985,95.50553369004139,0.8868230802847317,0.9586902448770436,0.9743589743589743,0.8868230802847317,0.0,0.9586902448770436,0.0,0.8914867430832777,3.0,3.0,7,0.8868230802847317,17.716700835216667,5074.17,21.0,21.0,0.945054945054945,38,True,79,True,119,True,143,True,173,True,193,True,210,True,244,True,297,True,top_25,top_25,top_25
direct_ridge_schedule_building,2027,Baylor,baylor,B12,Scott Drew,0.8022762866156803,26_50,81,2159,0.13076363636363636,0.13076363636363636,0.13076363636363636,0.12813102421440326,11.0,0.36363636363636365,0.6363636363636364,0.2727272727272727,0.36363636363636365,0.37914691943127965,0.6208530805687205,0.18483412322274884,0.43601895734597157,0.9342467590806294,0.1319795960562498,6.546541232040232,0.12731666666666666,11.268758430964382,93.22741820530285,0.8946175091314023,0.9243714400782463,0.782051282051282,0.8946175091314023,0.0,0.9243714400782463,0.0,0.9342467590806294,26.0,18.0,4,0.8946175091314023,17.90993627981667,3783.71,22.0,22.0,0.9423076923076923,38,True,79,True,119,True,143,True,173,True,193,True,210,True,244,True,297,True,top_25,top_25,top_25
direct_ridge_schedule_building,2027,Ohio St.,ohio state,B10,Jake Diebler,0.7985550083824396,26_50,81,2159,0.19200458476728527,0.19200458476728527,0.19200458476728527,0.1661562415334017,10.0,0.3,0.7,0.3,0.4,0.31413612565445026,0.6858638743455497,0.2041884816753927,0.4816753926701571,0.8491279800940549,0.17817918164816904,7.409782070612568,0.1664741801382994,7.810746095573729,60.00694070869248,0.8225039873811658,0.5860806788534553,0.5256410256410257,0.8225039873811658,0.0,0.5860806788534553,0.0,0.8491279800940549,34.0,38.0,4,0.8225039873811658,13.168619925733335,3037.44,23.0,23.0,0.9395604395604396,38,True,79,True,119,True,143,True,173,True,193,True,210,True,244,True,297,True,top_25,top_25,top_25
direct_ridge_schedule_building,2027,Nebraska,nebraska,B10,Fred Hoiberg,0.7983975911611123,26_50,81,2159,0.10735947437999648,0.10735947437999648,0.10735947437999648,0.10534497317816935,10.0,0.2,0.8,0.2,0.6,0.19607843137254902,0.8039215686274509,0.12745098039215685,0.676470588235294,0.8752728865021023,0.09510798541409797,9.28669189937639,0.10260767436978366,11.209260250515106,78.30945378276253,0.9014711581655117,0.7718830907312583,0.8076923076923077,0.9014711581655117,0.0,0.7718830907312583,0.0,0.8752728865021023,31.0,16.0,6,0.9014711581655117,16.977346329066663,4007.91,24.0,24.0,0.9368131868131868,38,True,79,True,119,True,143,True,173,True,193,True,210,True,244,True,297,True,top_25,top_25,top_25
direct_ridge_schedule_building,2027,Utah St.,utah state,MWC,Ben Jacobson,0.7958490039979982,51_75,81,2159,0.1618002095385597,0.1618002095385597,0.1618002095385597,0.2003394688000677,7.0,0.14285714285714285,0.8571428571428572,0.14285714285714285,0.7142857142857143,0.13513513513513511,0.8648648648648648,0.08783783783783784,0.777027027027027,0.7578137193723179,0.17426849777492381,14.967254999999998,0.1618002095385597,5.743225133730491,21.196215934065933,0.7921617308092765,0.0959898740003452,,0.7921617308092765,0.0,0.0959898740003452,0.0,0.7578137193723179,157.0,,5,0.7921617308092765,8.39394721525,3566.44,25.0,25.0,0.9340659340659341,38,True,79,True,119,True,143,True,173,True,193,True,210,True,244,True,297,True,top_25,top_25,top_25
direct_ridge_schedule_building,2027,Auburn,auburn,SEC,Steven Pearl,0.7945173135893628,26_50,81,2159,0.33541757328281474,0.33541757328281474,0.33541757328281474,0.31528490564977146,15.0,0.4666666666666667,0.5333333333333333,0.2,0.3333333333333333,0.4761904761904762,0.5238095238095238,0.1326530612244898,0.391156462585034,0.859106252352829,0.3173931494863942,6.773831560830897,0.31386920753713976,12.56000493633518,37.3349647120921,0.8806507384232284,0.2947586444968644,0.6025641025641026,0.8806507384232284,0.0,0.2947586444968644,0.0,0.859106252352829,112.0,32.0,5,0.8806507384232284,20.9445477615,3187.06,26.0,26.0,0.9313186813186813,38,True,79,True,119,True,143,True,173,True,193,True,210,True,244,True,297,True,top_25,26_50,26_50
direct_ridge_schedule_building,2027,Florida,florida,SEC,Todd Golden,0.7936259045176688,top_25,81,2159,0.20591310906794819,0.20591310906794819,0.20591310906794819,0.11563985428736916,11.0,0.6363636363636364,0.36363636363636365,0.2727272727272727,0.09090909090909091,0.6930693069306931,0.306930693069307,0.1930693069306931,0.11386138613861387,0.9088625450504083,0.20479668065885537,10.013594738275282,0.15472268729892974,6.0774325150139985,44.429091165348936,0.7031266050979902,0.36822967608307927,0.5128205128205128,0.7031266050979902,0.0,0.36822967608307927,0.0,0.9088625450504083,109.0,39.0,1,0.7031266050979902,3.091951,1100.3,27.0,27.0,0.9285714285714286,38,True,79,True,119,True,143,True,173,True,193,True,210,True,244,True,297,True,top_25,26_50,26_50
direct_ridge_schedule_building,2027,Wisconsin,wisconsin,B10,Greg Gard,0.7917121626859726,top_25,81,2159,0.2253173970484257,0.2253173970484257,0.2253173970484257,0.11331850979381358,11.0,0.45454545454545453,0.5454545454545454,0.2727272727272727,0.2727272727272727,0.4807692307692308,0.5192307692307692,0.1875,0.3317307692307692,0.8871298296615454,0.20222632519494343,4.221012636709711,0.16157671754972575,9.512035494379687,37.55474493187232,0.8545927198239041,0.29590932627581845,0.3717948717948718,0.8545927198239041,0.0,0.29590932627581845,0.0,0.8871298296615454,113.0,50.0,3,0.8545927198239041,11.192798873466668,2507.12,28.0,28.0,0.9258241758241759,38,True,79,True,119,True,143,True,173,True,193,True,210,True,244,True,297,True,top_25,26_50,26_50
direct_ridge_schedule_building,2027,Arizona St.,arizona state,B12,Randy Bennett,0.7896663875121844,51_75,81,2159,0.20664117187168565,0.20664117187168565,0.20664117187168565,0.21771301262252213,13.0,0.23076923076923078,0.7692307692307692,0.23076923076923078,0.5384615384615384,0.23076923076923078,0.7692307692307692,0.15000000000000002,0.6192307692307691,0.8692690464992117,0.19510846395060813,0.2842248595143184,0.19874576517718073,16.825154837382147,67.37099486551357,0.947565926899319,0.6165928312525171,0.28205128205128205,0.947565926899319,0.0,0.6165928312525171,0.0,0.8692690464992117,88.0,57.0,7,0.947565926899319,26.1098141668,5003.46,29.0,29.0,0.9230769230769231,38,True,79,True,119,True,143,True,173,True,193,True,210,True,244,True,297,True,top_25,26_50,26_50
direct_ridge_schedule_building,2027,Xavier,xavier,BE,Richard Pitino,0.783996227035876,76_100,81,2159,0.0009278251297752167,0.0009278251297752167,0.0009278251297752167,0.0,11.0,0.09090909090909091,0.9090909090909091,0.2727272727272727,0.6363636363636364,0.09090909090909093,0.9090909090909092,0.1772727272727273,0.7318181818181818,0.7999620261601735,0.0010153490493051167,12.170919999999999,0.00046391256488760834,16.174979101531886,65.75277115685506,0.9541709944421057,0.624929520741039,1.0,0.9541709944421057,0.0,0.624929520741039,0.0,0.7999620261601735,58.0,1.0,7,0.9541709944421057,27.48761610455,5183.3,30.0,30.0,0.9203296703296704,38,True,79,True,119,True,143,True,173,True,193,True,210,True,244,True,297,True,top_25,26_50,26_50
direct_ridge_schedule_building,2027,Virginia,virginia,ACC,Ryan Odom,0.7812001880137881,top_25,81,2159,0.4110621160409556,0.4110621160409556,0.4110621160409556,0.4598744805865072,12.0,0.6666666666666666,0.3333333333333333,0.08333333333333333,0.25,0.6611570247933884,0.33884297520661155,0.05371900826446281,0.28512396694214875,0.8741386411782607,0.42696406348690846,15.017987554375082,0.39529692832764507,5.2325954643983845,67.81637838031538,0.7542840345115464,0.6344974397330418,0.5512820512820513,0.7542840345115464,0.0,0.6344974397330418,0.0,0.8741386411782607,73.0,36.0,3,0.7542840345115464,6.742209602400001,1854.04,31.0,31.0,0.9175824175824175,38,True,79,True,119,True,143,True,173,True,193,True,210,True,244,True,297,True,top_25,26_50,26_50
direct_ridge_schedule_building,2027,Texas A&M,texas a and m,SEC,Bucky McMillan,0.7803482680639563,26_50,81,2159,0.06192734472121184,0.06192734472121184,0.06192734472121184,0.0,14.0,0.35714285714285715,0.6428571428571428,0.21428571428571427,0.42857142857142855,0.36101083032490977,0.6389891696750902,0.1407942238267148,0.4981949458483754,0.8340110503672726,0.06575892682419614,6.843389725836433,0.03096367236060592,7.943507545383662,80.82570288696058,0.8510826534200682,0.7910304355330533,0.7948717948717949,0.8510826534200682,0.0,0.7910304355330533,0.0,0.8340110503672726,40.0,17.0,6,0.8510826534200682,11.6167408064,4323.75,32.0,32.0,0.9148351648351648,38,True,79,True,119,True,143,True,173,True,193,True,210,True,244,True,297,True,top_25,26_50,26_50
direct_ridge_schedule_building,2027,St. John's,saint johns,BE,Rick Pitino,0.7780829271190943,26_50,81,2159,0.1661515130700865,0.1661515130700865,0.1661515130700865,0.1154330715982576,11.0,0.45454545454545453,0.5454545454545454,0.36363636363636365,0.18181818181818182,0.505050505050505,0.4949494949494949,0.26262626262626265,0.2323232323232323,0.862292622571582,0.1575395997317995,9.95418966504413,0.1332375753706749,2.993586087279322,25.194322344322416,0.6655128863065286,0.16969104194235085,0.2948717948717948,0.6655128863065286,0.0,0.16969104194235085,0.0,0.862292622571582,116.0,56.0,2,0.6655128863065286,3.0711176285833335,763.59,33.0,33.0,0.9120879120879121,38,True,79,True,119,True,143,True,173,True,193,True,210,True,244,True,297,True,top_25,26_50,26_50
direct_ridge_schedule_building,2027,Alabama,alabama,SEC,Nate Oats,0.7761910012833027,top_25,81,2159,0.11287407907540166,0.11287407907540166,0.11287407907540166,0.0,13.0,0.5384615384615384,0.46153846153846156,0.23076923076923078,0.23076923076923078,0.5645161290322581,0.435483870967742,0.15725806451612906,0.27822580645161293,0.9434477620647577,0.10464995608267647,3.913856067658597,0.05643703953770083,7.979855570525392,91.69620459335235,0.8311819492907928,0.9222708324004529,0.07692307692307687,0.8311819492907928,0.0,0.9222708324004529,0.0,0.9434477620647577,4.0,73.0,3,0.8311819492907928,8.520623195383335,1939.5300000000002,34.0,34.0,0.9093406593406593,38,True,79,True,119,True,143,True,173,True,193,True,210,True,244,True,297,True,top_25,26_50,26_50
direct_ridge_schedule_building,2027,Creighton,creighton,BE,Alan Huss,0.7752337436777924,76_100,81,2159,0.3917042858796449,0.3917042858796449,0.3917042858796449,0.4093391931037275,13.0,0.46153846153846156,0.5384615384615385,0.23076923076923078,0.3076923076923077,0.4780876494023904,0.5219123505976095,0.1553784860557769,0.3665338645418326,0.7985663467288517,0.39677640539506526,7.706151229337873,0.3587986467339783,10.366941956960902,74.40604874882834,0.8642327938354587,0.7221103503826019,0.641025641025641,0.8642327938354587,0.0,0.7221103503826019,0.0,0.7985663467288517,46.0,29.0,4,0.8642327938354587,12.840341394683334,2721.17,35.0,35.0,0.9065934065934066,38,True,79,True,119,True,143,True,173,True,193,True,210,True,244,True,297,True,top_25,26_50,26_50
direct_ridge_schedule_building,2027,Arkansas,arkansas,SEC,John Calipari,0.7667568310451744,26_50,81,2159,0.1602737607300286,0.1602737607300286,0.1602737607300286,0.149774305453649,11.0,0.45454545454545453,0.5454545454545454,0.36363636363636365,0.18181818181818182,0.505050505050505,0.4949494949494949,0.26262626262626265,0.2323232323232323,0.9580447302257038,0.1548727399974981,9.040151699596521,0.14817972847927594,8.460144373025217,97.06144975951884,0.8153702706647195,0.9741403040468004,0.3205128205128205,0.8153702706647195,0.0,0.9741403040468004,0.0,0.9580447302257038,1.0,54.0,2,0.8153702706647195,9.073712316583332,1455.1100000000001,36.0,36.0,0.9038461538461539,38,True,79,True,119,True,143,True,173,True,193,True,210,True,244,True,297,True,top_25,26_50,26_50
direct_ridge_schedule_building,2027,UCLA,ucla,B10,Mick Cronin,0.7635171168657862,26_50,81,2159,0.3778180373635225,0.3778180373635225,0.3778180373635225,0.32582572627527717,11.0,0.45454545454545453,0.5454545454545454,0.18181818181818182,0.36363636363636365,0.4587155963302752,0.5412844036697247,0.11926605504587157,0.4220183486238532,0.8844711548289441,0.3712149089613009,9.204414533349343,0.3273892407020746,7.034760778975261,62.03747367716619,0.7919184345171149,0.5948937263548617,0.8974358974358975,0.7919184345171149,0.0,0.5948937263548617,0.0,0.8844711548289441,50.0,9.0,4,0.7919184345171149,4.640547916566668,2599.4900000000002,37.0,37.0,0.9010989010989011,38,True,79,True,119,True,143,True,173,True,193,True,210,True,244,True,297,True,top_25,26_50,26_50
direct_ridge_schedule_building,2027,Mississippi,mississippi,SEC,Chris Beard,0.7603239658204394,51_75,81,2159,0.23706393227266095,0.23706393227266095,0.23706393227266095,0.27560347235493876,14.0,0.2857142857142857,0.7142857142857143,0.21428571428571427,0.5,0.2857142857142857,0.7142857142857142,0.1392857142857143,0.575,0.7850984263605236,0.21893907061579856,8.461878780571197,0.22377979632395048,9.429674315270889,50.558653816050835,0.86746949480227,0.48211100079684055,0.3589743589743589,0.86746949480227,0.0,0.48211100079684055,0.0,0.7850984263605236,48.0,51.0,7,0.86746949480227,14.574774164400003,5172.43,38.0,38.0,0.8983516483516484,38,True,79,True,119,True,143,True,173,True,193,True,210,True,244,True,297,True,top_25,26_50,26_50
direct_ridge_schedule_building,2027,Virginia Tech,virginia tech,ACC,Mike Young,0.7602251457420482,51_75,81,2159,0.3723934964790339,0.3723934964790339,0.3723934964790339,0.3383666353291145,10.0,0.4,0.6,0.0,0.6,0.36697247706422026,0.6330275229357798,0.0,0.6330275229357798,0.6883350709812233,0.3799867246626972,13.331165780697994,0.33290240155743817,6.79485096733617,,0.8141697357604357,,0.5897435897435898,0.8141697357604357,0.12216601892016082,,0.515391851077707,0.6883350709812233,,33.0,6,0.8141697357604357,7.356434849649999,3491.9199999999996,39.0,39.0,0.8956043956043956,38,False,79,True,119,True,143,True,173,True,193,True,210,True,244,True,297,True,26_50,26_50,26_50
direct_ridge_schedule_building,2027,TCU,tcu,B12,Jamie Dixon,0.7598241114119385,26_50,81,2159,0.5075166502708143,0.5075166502708143,0.5075166502708143,0.5549781795173659,10.0,0.5,0.5,0.2,0.3,0.5128205128205129,0.4871794871794871,0.13333333333333333,0.3538461538461538,0.6319974289851883,0.507737665905839,12.004452278174487,0.5072890871467824,4.648831705313239,77.387685381403,0.7502150343598745,0.21989528795811522,0.4487179487179487,0.7502150343598745,0.2601482498188628,0.029319371727748695,0.2654607044658017,0.6319974289851883,150.0,44.0,3,0.7502150343598745,4.144386766833334,1813.03,40.0,40.0,0.8928571428571429,38,False,79,True,119,True,143,True,173,True,193,True,210,True,244,True,297,True,26_50,26_50,26_50
direct_ridge_schedule_building,2027,Georgia,georgia,SEC,Mike White,0.757714761071668,51_75,81,2159,0.33046717701264017,0.33046717701264017,0.33046717701264017,0.34307208749056967,13.0,0.38461538461538464,0.6153846153846154,0.3076923076923077,0.3076923076923077,0.4098360655737705,0.5901639344262295,0.21311475409836067,0.3770491803278689,0.7197982926620751,0.33177982495111774,12.58908548684817,0.2979232928807781,8.003559970192129,37.98614522867067,0.8344581743556755,0.3448204400703025,0.10256410256410253,0.8344581743556755,0.0,0.3448204400703025,0.0,0.7197982926620751,62.0,71.0,4,0.8344581743556755,10.829250565216666,2443.05,41.0,41.0,0.8901098901098901,38,False,79,True,119,True,143,True,173,True,193,True,210,True,244,True,297,True,26_50,26_50,26_50
direct_ridge_schedule_building,2027,Michigan St.,michigan state,B10,Tom Izzo,0.7538781929297163,top_25,81,2159,0.3959532201899276,0.3959532201899276,0.3959532201899276,0.31418831114036416,13.0,0.6153846153846154,0.38461538461538464,0.3076923076923077,0.07692307692307693,0.6808510638297872,0.3191489361702128,0.22127659574468087,0.09787234042553192,0.9394596875307409,0.3800517036987565,7.898189550383481,0.3300082978134906,4.116656756220779,87.0385343561169,0.6994121202121228,0.8737656689321778,0.16666666666666663,0.6994121202121228,0.0,0.8737656689321778,0.0,0.9394596875307409,8.0,66.0,1,0.6994121202121228,5.239737141333333,846.42,42.0,42.0,0.8873626373626373,38,False,79,True,119,True,143,True,173,True,193,True,210,True,244,True,297,True,26_50,26_50,26_50
direct_ridge_schedule_building,2027,BYU,byu,B12,Kevin Young,0.7536124285542354,26_50,81,2159,0.13390842639449393,0.13390842639449393,0.13390842639449393,0.16072621527095532,10.0,0.2,0.8,0.4,0.4,0.2173913043478261,0.782608695652174,0.28260869565217395,0.5,0.8691326215934018,0.10955223171002726,1.7128116022642654,0.13390842639449393,7.859940363851377,68.6960394116999,0.7759573293317992,0.671537954550387,0.47435897435897434,0.7759573293317992,0.0,0.671537954550387,0.0,0.8691326215934018,37.0,42.0,4,0.7759573293317992,7.6650219689500005,2256.13,43.0,43.0,0.8846153846153846,38,False,79,True,119,True,143,True,173,True,193,True,210,True,244,True,297,True,26_50,26_50,26_50
direct_ridge_schedule_building,2027,Memphis,memphis,Amer,Penny Hardaway,0.7533920633561461,101_135,81,2159,0.19706112172252127,0.19706112172252127,0.19706112172252127,0.23940266917514258,14.0,0.21428571428571427,0.7857142857142857,0.21428571428571427,0.5714285714285714,0.21201413427561838,0.7879858657243816,0.13780918727915195,0.6501766784452296,0.777428513349652,0.20222191150568605,8.07813800595566,0.18375741076079677,9.20245180241937,67.63558901532514,0.8591964969163782,0.6446579598412059,,0.8591964969163782,0.0,0.6446579598412059,0.0,0.777428513349652,57.0,,8,0.8591964969163782,14.728418734250003,5475.52,44.0,44.0,0.8818681318681318,38,False,79,True,119,True,143,True,173,True,193,True,210,True,244,True,297,True,26_50,26_50,26_50
direct_ridge_schedule_building,2027,Oklahoma,oklahoma,SEC,Porter Moser,0.7424070426193851,26_50,81,2159,0.3949872601528781,0.3949872601528781,0.3949872601528781,0.4327764890751272,12.0,0.4166666666666667,0.5833333333333333,0.25,0.3333333333333333,0.4329004329004329,0.5670995670995671,0.16883116883116883,0.3982683982683982,0.8871566260964167,0.39785159127128855,7.718960760977434,0.38256740919108967,7.735721053622544,82.76033233963366,0.7974512289816271,0.8107588746332204,0.6282051282051282,0.7974512289816271,0.0,0.8107588746332204,0.0,0.8871566260964167,39.0,30.0,4,0.7974512289816271,8.188435176183333,2370.64,45.0,45.0,0.8791208791208791,38,False,79,True,119,True,143,True,173,True,193,True,210,True,244,True,297,True,26_50,26_50,26_50
direct_ridge_schedule_building,2027,Oregon,oregon,B10,Dana Altman,0.740892962947992,101_135,81,2159,0.1248507789068689,0.1248507789068689,0.1248507789068689,0.1463974208977993,12.0,0.16666666666666666,0.8333333333333334,0.25,0.5833333333333334,0.16666666666666666,0.8333333333333333,0.1625,0.6708333333333333,0.8306517272435077,0.11560966110072907,2.569253961909572,0.11977998546310288,11.136143037768752,73.51550074417227,0.878618593707888,0.7273965262940787,0.6153846153846154,0.878618593707888,0.0,0.7273965262940787,0.0,0.8306517272435077,25.0,31.0,7,0.878618593707888,11.746631228816666,4256.79,46.0,46.0,0.8763736263736264,38,False,79,True,119,True,143,True,173,True,193,True,210,True,244,True,297,True,26_50,26_50,26_50
direct_ridge_schedule_building,2027,Illinois,illinois,B10,Brad Underwood,0.7373793455576643,top_25,81,2159,0.11841984210687721,0.11841984210687721,0.11841984210687721,0.11043257927928338,9.0,0.4444444444444444,0.5555555555555556,0.4444444444444444,0.1111111111111111,0.5161290322580645,0.48387096774193544,0.3354838709677419,0.14838709677419354,0.8638365685506664,0.10536660611000888,12.77308343368237,0.10752918996108007,3.5828097975832836,71.6768478958266,0.6571119329829853,0.7164739052963556,0.2692307692307693,0.6571119329829853,0.0,0.7164739052963556,0.0,0.8638365685506664,15.0,58.0,1,0.6571119329829853,4.195128342266667,976.07,47.0,47.0,0.8736263736263736,38,False,79,True,119,True,143,True,173,True,193,True,210,True,244,True,297,True,26_50,26_50,26_50
direct_ridge_schedule_building,2027,N.C. State,nc state,ACC,Justin Gainey,0.7360847718840638,51_75,81,2159,0.07596059858499347,0.07596059858499347,0.07596059858499347,0.0,10.0,0.2,0.8,0.2,0.6,0.19607843137254902,0.8039215686274509,0.12745098039215685,0.676470588235294,0.842017800631373,0.06617510104569067,6.182685715215807,0.03798029929249674,13.252318005235125,72.20980813855161,0.9176338142293284,0.7073068292963581,0.858974358974359,0.9176338142293284,0.0,0.7073068292963581,0.0,0.842017800631373,36.0,12.0,6,0.9176338142293284,18.648665574650003,5497.43,48.0,48.0,0.8708791208791209,38,False,79,True,119,True,143,True,173,True,193,True,210,True,244,True,297,True,26_50,26_50,26_50
direct_ridge_schedule_building,2027,Dayton,dayton,A10,Anthony Grant,0.7315646914997547,51_75,81,2159,0.24496312984288712,0.24496312984288712,0.24496312984288712,0.23166369624176675,16.0,0.4375,0.5625,0.1875,0.375,0.441640378548896,0.5583596214511042,0.12302839116719246,0.4353312302839117,0.8160297302515135,0.25249331612982184,10.306322813750977,0.22247046106425789,6.380959298580634,65.53615788493093,0.7786341103632501,0.6404790417132775,,0.7786341103632501,0.0,0.6404790417132775,0.0,0.8160297302515135,35.0,,6,0.7786341103632501,8.943969470816665,2355.58,49.0,49.0,0.8681318681318682,38,False,79,True,119,True,143,True,173,True,193,True,210,True,244,True,297,True,26_50,26_50,26_50
direct_ridge_schedule_building,2027,Nevada,nevada,MWC,Steve Alford,0.7311555130657643,51_75,81,2159,0.3615493333333333,0.3615493333333333,0.3615493333333333,0.33754374943910975,12.0,0.4166666666666667,0.5833333333333334,0.16666666666666666,0.4166666666666667,0.4149377593360996,0.5850622406639003,0.1078838174273859,0.4771784232365145,0.7806470194458516,0.36296571895641344,12.206367580118158,0.3111646666666666,3.3272830074384716,46.80529189392669,0.7144226938179475,0.43083827167596805,,0.7144226938179475,0.0,0.43083827167596805,0.0,0.7806470194458516,66.0,,5,0.7144226938179475,5.139199139233332,3168.32,50.0,50.0,0.8653846153846154,38,False,79,True,119,True,143,True,173,True,193,True,210,True,244,True,297,True,26_50,26_50,26_50
direct_ridge_schedule_building,2027,Maryland,maryland,B10,Buzz Williams,0.730230191938539,101_135,81,2159,0.3103048438941388,0.3103048438941388,0.3103048438941388,0.24071450878914968,15.0,0.3333333333333333,0.6666666666666667,0.26666666666666666,0.4,0.3448275862068966,0.6551724137931034,0.17931034482758623,0.47586206896551725,0.8215837232831105,0.2940664659348424,-0.5533093388824804,0.25290372452777204,13.802702563778254,79.32722788112007,0.9309952237789229,0.7960461190359971,0.7435897435897436,0.9309952237789229,0.0,0.7960461190359971,0.0,0.8215837232831105,11.0,21.0,6,0.9309952237789229,20.85434917006667,4559.6900000000005,51.0,51.0,0.8626373626373627,38,False,79,True,119,True,143,True,173,True,193,True,210,True,244,True,297,True,26_50,51_75,51_75
direct_ridge_schedule_building,2027,Purdue,purdue,B10,Matt Painter,0.7282009986449253,top_25,81,2159,0.3470654238093899,0.3470654238093899,0.3470654238093899,0.3210043502503018,11.0,0.5454545454545454,0.4545454545454546,0.36363636363636365,0.09090909090909091,0.6153846153846154,0.3846153846153847,0.2666666666666667,0.11794871794871796,0.8995495344896218,0.3245226033565745,9.481039834835665,0.30927810678110357,,76.39245524314052,-1.0,0.7651520421878351,0.15384615384615385,,0.0,0.7651520421878351,0.0,0.8995495344896218,13.0,67.0,,,,,52.0,52.0,0.8598901098901099,38,False,79,True,119,True,143,True,173,True,193,True,210,True,244,True,297,True,26_50,51_75,51_75
direct_ridge_schedule_building,2027,Grand Canyon,grand canyon,MWC,Bryce Drew,0.7279864342003252,101_135,81,2159,0.12477354085603114,0.12477354085603114,0.12477354085603114,0.12850759606791778,10.0,0.3,0.7,0.0,0.7,0.27149321266968324,0.7285067873303167,0.0,0.7285067873303167,0.6998139552671002,0.12342466234016662,10.261929211739245,0.11834007782101169,9.242976299692447,,0.8651936468727309,,,0.8651936468727309,0.03212852791520679,,0.6302994441018537,0.6998139552671002,,,7,0.8651936468727309,11.416613246116668,5063.21,53.0,53.0,0.8571428571428572,38,False,79,True,119,True,143,True,173,True,193,True,210,True,244,True,297,True,26_50,51_75,51_75
direct_ridge_schedule_building,2027,Providence,providence,BE,Brian Hodgson,0.7242958951894801,51_75,81,2159,0.1370150936823803,0.1370150936823803,0.1370150936823803,0.15045613911138978,11.0,0.18181818181818182,0.8181818181818182,0.09090909090909091,0.7272727272727273,0.1687763713080169,0.8312236286919832,0.054852320675105495,0.7763713080168777,0.7538634484699194,0.1316290917067198,4.385340196330848,0.13137304391721355,14.564149629005742,73.31075,0.9112343380615024,0.09947643979057598,0.5641025641025641,0.9112343380615024,0.022172665640036046,0.005456513575010498,0.7074561949507023,0.7538634484699194,173.0,35.0,8,0.9112343380615024,27.070445198083334,5945.370000000001,54.0,54.0,0.8543956043956044,38,False,79,True,119,True,143,True,173,True,193,True,210,True,244,True,297,True,26_50,51_75,51_75
direct_ridge_schedule_building,2027,VCU,vcu,A10,Phil Martelli Jr.,0.7219051710337459,26_50,81,2159,0.7297464508797887,0.7297464508797887,0.7297464508797887,0.7248990293791936,14.0,0.6428571428571429,0.3571428571428571,0.14285714285714285,0.21428571428571427,0.6545454545454545,0.3454545454545454,0.09454545454545454,0.25090909090909086,0.8340556099470908,0.7107706849539001,16.972668803087373,0.6729113927554626,3.6443703264522394,80.78156139964658,0.7504558795451791,0.7986741513450493,,0.7504558795451791,0.0,0.7986741513450493,0.0,0.8340556099470908,28.0,,3,0.7504558795451791,4.8559291688499995,2429.9100000000003,55.0,55.0,0.8516483516483516,38,False,79,True,119,True,143,True,173,True,193,True,210,True,244,True,297,True,26_50,51_75,51_75
direct_ridge_schedule_building,2027,Northwestern,northwestern,B10,Chris Collins,0.7193708729864812,51_75,81,2159,0.26782231820905755,0.26782231820905755,0.26782231820905755,0.26007509745471225,13.0,0.3076923076923077,0.6923076923076923,0.15384615384615385,0.5384615384615384,0.2996254681647941,0.7003745318352059,0.09737827715355807,0.6029962546816479,0.8174730977842133,0.24382662830922439,3.4819252190914174,0.24026704722776962,7.181839032474184,66.64338115973341,0.8212134030237908,0.6482250733559634,0.3846153846153846,0.8212134030237908,0.0,0.6482250733559634,0.0,0.8174730977842133,41.0,49.0,7,0.8212134030237908,11.130157168016666,4202.64,56.0,56.0,0.8489010989010989,38,False,79,True,119,True,143,True,173,True,193,True,210,True,244,True,297,True,26_50,51_75,51_75
direct_ridge_schedule_building,2027,Marquette,marquette,BE,Shaka Smart,0.7187112711387232,76_100,81,2159,0.4581225858961508,0.4581225858961508,0.4581225858961508,0.4798986765542686,12.0,0.5833333333333334,0.41666666666666663,0.25,0.16666666666666666,0.6222222222222222,0.37777777777777777,0.17333333333333334,0.20444444444444443,0.8428949711140987,0.43959197519549625,5.954055451239405,0.43094948702465025,11.82167160766476,69.14660706941045,0.8605327427136037,0.6635568636033458,0.5769230769230769,0.8605327427136037,0.0,0.6635568636033458,0.0,0.8428949711140987,53.0,34.0,2,0.8605327427136037,14.899161650700002,1751.83,57.0,57.0,0.8461538461538461,38,False,79,True,119,True,143,True,173,True,193,True,210,True,244,True,297,True,26_50,51_75,51_75
direct_ridge_schedule_building,2027,UCF,ucf,B12,Johnny Dawkins,0.7154746281729317,51_75,81,2159,0.37655621470838124,0.37655621470838124,0.37655621470838124,0.28233647962813646,14.0,0.5,0.5,0.07142857142857142,0.42857142857142855,0.4810996563573884,0.5189003436426116,0.04467353951890035,0.4742268041237113,0.8118006800220855,0.3665113714915163,9.406637522922589,0.30464364393717247,9.062151010318148,51.25387161172154,0.8373295167812301,0.4374086646337955,0.46153846153846156,0.8373295167812301,0.0,0.4374086646337955,0.0,0.8118006800220855,108.0,43.0,6,0.8373295167812301,15.284087765116666,3885.56,58.0,58.0,0.8434065934065934,38,False,79,True,119,True,143,True,173,True,193,True,210,True,244,True,297,True,26_50,51_75,51_75
direct_ridge_schedule_building,2027,San Diego St.,san diego state,MWC,Brian Dutcher,0.7144050884476982,26_50,81,2159,0.14550194408215872,0.14550194408215872,0.14550194408215872,0.09864150720578994,9.0,0.5555555555555556,0.4444444444444444,0.1111111111111111,0.3333333333333333,0.5494505494505495,0.4505494505494505,0.07142857142857142,0.3791208791208791,0.8524370749400954,0.14499698869762065,6.429772531098914,0.10859503473600482,3.0120300248162715,31.199878937729004,0.7059512185117625,0.21154133824290894,,0.7059512185117625,0.0,0.21154133824290894,0.0,0.8524370749400954,139.0,,3,0.7059512185117625,5.6169486054,2074.37,59.0,59.0,0.8406593406593407,38,False,79,True,119,True,143,True,173,True,193,True,210,True,244,True,297,True,26_50,51_75,51_75
direct_ridge_schedule_building,2027,North Carolina,north carolina,ACC,Michael Malone,0.7133376678330944,26_50,81,2159,0.13186494710911462,0.13186494710911462,0.13186494710911462,0.15504076897943392,13.0,0.3076923076923077,0.6923076923076923,0.3076923076923077,0.38461538461538464,0.3238866396761134,0.6761133603238867,0.2105263157894737,0.46558704453441296,0.8701389352316788,0.12266738691713802,8.69808259214744,0.13003701154422065,6.119866888551498,70.1309375648961,0.7986571591933871,0.6995656932204144,0.2564102564102564,0.7986571591933871,0.0,0.6995656932204144,0.0,0.8701389352316788,17.0,59.0,5,0.7986571591933871,9.4917567292,3025.67,60.0,60.0,0.8379120879120879,38,False,79,True,119,True,143,True,173,True,193,True,210,True,244,True,297,True,26_50,51_75,51_75
direct_ridge_schedule_building,2027,Kansas St.,kansas state,B12,Casey Alexander,0.7112788142723006,101_135,81,2159,0.09716033024793595,0.09716033024793595,0.09716033024793595,0.0,14.0,0.14285714285714285,0.8571428571428572,0.14285714285714285,0.7142857142857143,0.13513513513513511,0.8648648648648648,0.08783783783783784,0.777027027027027,0.7554164941649839,0.09051241323382207,1.4248637717704202,0.048580165123967976,9.139276475931357,34.8786359773795,0.8356023385895629,0.26126229791151256,0.5,0.8356023385895629,0.0,0.26126229791151256,0.0,0.7554164941649839,123.0,40.0,10,0.8356023385895629,11.280679643266668,5142.81,61.0,61.0,0.8351648351648352,38,False,79,True,119,True,143,True,173,True,193,True,210,True,244,True,297,True,26_50,51_75,51_75
direct_ridge_schedule_building,2027,Syracuse,syracuse,ACC,Gerry McNamara,0.7107770683640992,76_100,81,2159,0.08387778028098213,0.08387778028098213,0.08387778028098213,0.09635220662940759,12.0,0.25,0.75,0.25,0.5,0.25316455696202533,0.7468354430379747,0.16455696202531647,0.5822784810126582,0.6179321555240301,0.08865042656451168,-1.03249007491321,0.08343410008015362,16.585540924564935,65.58205262418002,0.93765535505427,0.5948219319947069,0.8333333333333334,0.93765535505427,0.0,0.5948219319947069,0.0,0.6179321555240301,92.0,14.0,6,0.93765535505427,26.86075670165,5309.650000000001,62.0,62.0,0.8324175824175825,38,False,79,True,119,True,143,True,173,True,193,True,210,True,244,True,297,True,26_50,51_75,51_75
direct_ridge_schedule_building,2027,Wichita St.,wichita state,Amer,Paul Mills,0.7079902855416486,51_75,81,2159,0.3179791498253161,0.3179791498253161,0.3179791498253161,0.24566215276357237,11.0,0.5454545454545454,0.4545454545454546,0.09090909090909091,0.36363636363636365,0.5333333333333333,0.4666666666666666,0.05777777777777778,0.40888888888888886,0.5232105829869509,0.32020111651315836,13.918402751894604,0.2639663163665759,5.847531954872197,73.31075,0.8012653140201559,0.13089005235602091,,0.8012653140201559,0.14078203539550715,0.007562536358347876,0.3276284839549082,0.5232105829869509,167.0,,4,0.8012653140201559,5.907656829666666,2876.3,63.0,63.0,0.8296703296703296,38,False,79,True,119,True,143,True,173,True,193,True,210,True,244,True,297,True,26_50,51_75,51_75
direct_ridge_schedule_building,2027,Oklahoma St.,oklahoma state,B12,Steve Lutz,0.7078037278164955,76_100,81,2159,0.25372547855597155,0.25372547855597155,0.25372547855597155,0.17027691607946815,14.0,0.35714285714285715,0.6428571428571428,0.2857142857142857,0.35714285714285715,0.3745318352059925,0.6254681647940075,0.1947565543071161,0.4307116104868913,0.7891547042822429,0.23796125743263918,2.6126648758836613,0.19459415146156922,10.45311912754947,81.50754525664551,0.8947933664737662,0.8194019604639158,0.8461538461538461,0.8947933664737662,0.0,0.8194019604639158,0.0,0.7891547042822429,9.0,13.0,5,0.8947933664737662,13.658580061950001,3728.7100000000005,64.0,64.0,0.8269230769230769,38,False,79,True,119,True,143,True,173,True,193,True,210,True,244,True,297,True,26_50,51_75,51_75
direct_ridge_schedule_building,2027,Pittsburgh,pittsburgh,ACC,Jeff Capel III,0.7037600882554815,76_100,81,2159,0.019705292789913967,0.019705292789913967,0.019705292789913967,0.0,14.0,0.07142857142857142,0.9285714285714286,0.14285714285714285,0.7857142857142857,0.06688963210702341,0.9331103678929764,0.08695652173913043,0.846153846153846,0.7914114259934587,0.01742127265985789,0.19922249999999853,0.009852646394956983,7.86370151861451,78.64879921993415,0.8082238484060879,0.7782693746044532,0.2435897435897436,0.8082238484060879,0.0,0.7782693746044532,0.0,0.7914114259934587,27.0,60.0,11,0.8082238484060879,15.627975524566668,6379.01,65.0,65.0,0.8241758241758241,38,False,79,True,119,True,143,True,173,True,193,True,210,True,244,True,297,True,26_50,51_75,51_75
direct_ridge_schedule_building,2027,Mississippi St.,mississippi state,SEC,Chris Jans,0.7021123055802347,101_135,81,2159,0.044889783273127135,0.044889783273127135,0.044889783273127135,0.0,8.0,0.125,0.875,0.375,0.5,0.13245033112582782,0.8675496688741722,0.2582781456953643,0.609271523178808,0.8101908009568853,0.04641238793020273,3.341272499999995,0.022444891636563567,4.946456537176425,77.85617987006401,0.7600949242833465,0.7729594598598746,0.7564102564102564,0.7600949242833465,0.0,0.7729594598598746,0.0,0.8101908009568853,22.0,20.0,4,0.7600949242833465,5.035875234466667,3015.07,66.0,66.0,0.8214285714285714,38,False,79,True,119,True,143,True,173,True,193,True,210,True,244,True,297,True,26_50,51_75,51_75
direct_ridge_schedule_building,2027,West Virginia,west virginia,B12,Ross Hodge,0.7013343089845478,51_75,81,2159,0.07223729436813246,0.07223729436813246,0.07223729436813246,0.0,11.0,0.09090909090909091,0.9090909090909091,0.36363636363636365,0.5454545454545454,0.09523809523809525,0.9047619047619048,0.24761904761904766,0.6571428571428571,0.8398649353974911,0.06288443612931659,1.1303099999999988,0.03611864718406623,8.053011233346279,78.04134206123672,0.8329108892155138,0.780899727303853,0.7051282051282051,0.8329108892155138,0.0,0.780899727303853,0.0,0.8398649353974911,14.0,24.0,6,0.8329108892155138,9.215080978133335,4736.05,67.0,67.0,0.8186813186813187,38,False,79,True,119,True,143,True,173,True,193,True,210,True,244,True,297,True,26_50,51_75,51_75
direct_ridge_schedule_building,2027,New Mexico,new mexico,MWC,Eric Olen,0.6998861960951267,101_135,81,2159,0.1348355492963224,0.1348355492963224,0.1348355492963224,0.1547231997144023,5.0,0.2,0.8,0.0,0.8,0.1785714285714286,0.8214285714285714,0.0,0.8214285714285714,0.7509175547198967,0.1323685966094029,9.765967499999997,0.1348355492963224,7.373172338160393,,0.7986656614702977,,,0.7986656614702977,0.024077776660057577,,0.6560467933506017,0.7509175547198967,,,4,0.7986656614702977,8.7544938275,1716.22,68.0,68.0,0.8159340659340659,38,False,79,True,119,True,143,True,173,True,193,True,210,True,244,True,297,True,26_50,51_75,51_75
direct_ridge_schedule_building,2027,Florida St.,florida state,ACC,Luke Loucks,0.6965737026464711,51_75,81,2159,0.1598795763049562,0.1598795763049562,0.1598795763049562,0.11392947503557675,12.0,0.25,0.75,0.3333333333333333,0.4166666666666667,0.2643171806167401,0.7356828193832599,0.2290748898678414,0.5066079295154184,0.7992291300341207,0.1459374836711627,2.4100682910510756,0.1282782047960388,6.776322351199314,72.5580898976753,0.8092456487898412,0.7243519912447546,0.9615384615384616,0.8092456487898412,0.0,0.7243519912447546,0.0,0.7992291300341207,16.0,4.0,5,0.8092456487898412,9.731628110416667,3810.41,69.0,69.0,0.8131868131868132,38,False,79,True,119,True,143,True,173,True,193,True,210,True,244,True,297,True,26_50,51_75,51_75
direct_ridge_schedule_building,2027,Vanderbilt,vanderbilt,SEC,Mark Byington,0.6793915308194978,51_75,81,2159,0.0894676877410385,0.0894676877410385,0.0894676877410385,0.08522135873972708,11.0,0.2727272727272727,0.7272727272727273,0.2727272727272727,0.45454545454545453,0.2803738317757009,0.719626168224299,0.18224299065420563,0.5373831775700935,0.8594476541443353,0.07579327798808712,3.4749275493347556,0.08155031531556386,9.339657589378275,80.26274453940123,0.8726047599480256,0.8002759070692194,0.9487179487179487,0.8726047599480256,0.0,0.8002759070692194,0.0,0.8594476541443353,18.0,5.0,5,0.8726047599480256,12.50059076365,4312.9,70.0,70.0,0.8104395604395604,38,False,79,True,119,True,143,True,173,True,193,True,210,True,244,True,297,True,26_50,51_75,51_75
direct_ridge_schedule_building,2027,Butler,butler,BE,Ronald Nored,0.6779470651321395,76_100,81,2159,0.09694620082767957,0.09694620082767957,0.09694620082767957,0.11894268921876013,9.0,0.2222222222222222,0.7777777777777778,0.2222222222222222,0.5555555555555556,0.22099447513812154,0.7790055248618784,0.143646408839779,0.6353591160220994,0.8294221963095301,0.09137246828566974,12.023147530230414,0.09638851709973692,4.834233759190153,72.23113557922701,0.7669078140913195,0.6659916000230137,0.05128205128205132,0.7669078140913195,0.0,0.6659916000230137,0.0,0.8294221963095301,87.0,75.0,5,0.7669078140913195,9.331657223466667,2768.2400000000002,71.0,71.0,0.8076923076923077,38,False,79,True,119,True,143,True,173,True,193,True,210,True,244,True,297,True,26_50,51_75,51_75
direct_ridge_schedule_building,2027,Wake Forest,wake forest,ACC,Steve Forbes,0.6765942131339455,76_100,81,2159,0.04344900889899025,0.04344900889899025,0.04344900889899025,0.0,12.0,0.25,0.75,0.16666666666666666,0.5833333333333334,0.24291497975708504,0.757085020242915,0.10526315789473685,0.6518218623481782,0.8167303403340015,0.036121070419973623,-1.2846901846128835,0.021724504449495124,8.783030398851345,78.64020819747263,0.8556848937834387,0.7770374119479395,0.33333333333333337,0.8556848937834387,0.0,0.7770374119479395,0.0,0.8167303403340015,29.0,53.0,7,0.8556848937834387,10.916116461983334,4341.6,72.0,72.0,0.804945054945055,38,False,79,True,119,True,143,True,173,True,193,True,210,True,244,True,297,True,26_50,51_75,51_75
direct_ridge_schedule_building,2027,Missouri,missouri,SEC,Dennis Gates,0.675398555908379,51_75,81,2159,0.19380567702662874,0.19380567702662874,0.19380567702662874,0.1047172141269449,13.0,0.38461538461538464,0.6153846153846154,0.23076923076923078,0.38461538461538464,0.39370078740157477,0.6062992125984251,0.15354330708661418,0.45275590551181094,0.8426166199979326,0.17577974330876964,3.5267448682883322,0.13962189246251105,7.948842713032219,88.18128768132486,0.8350073802731721,0.8852668845388275,0.39743589743589747,0.8350073802731721,0.0,0.8852668845388275,0.0,0.8426166199979326,7.0,48.0,5,0.8350073802731721,7.628282346416667,4250.8099999999995,73.0,73.0,0.8021978021978022,38,False,79,True,119,True,143,True,173,True,193,True,210,True,244,True,297,True,26_50,51_75,51_75
direct_ridge_schedule_building,2027,Seton Hall,seton hall,BE,Shaheen Holloway,0.6748873035155751,51_75,81,2159,0.38818552614832635,0.38818552614832635,0.38818552614832635,0.25372841260787854,15.0,0.4666666666666667,0.5333333333333333,0.06666666666666667,0.4666666666666667,0.445859872611465,0.554140127388535,0.04140127388535032,0.5127388535031847,0.7984929810213615,0.3685951744570725,9.207553801404352,0.2968800189089763,4.217853545349046,65.07017516324255,0.7645684097269456,0.6007939704274783,0.02564102564102566,0.7645684097269456,0.0,0.6007939704274783,0.0,0.7984929810213615,80.0,77.0,7,0.7645684097269456,6.350835252666667,5130.0,74.0,74.0,0.7994505494505495,38,False,79,True,119,True,143,True,173,True,193,True,210,True,244,True,297,True,26_50,51_75,51_75
direct_ridge_schedule_building,2027,SMU,smu,ACC,Andy Enfield,0.6727785172468865,51_75,81,2159,0.19053604457816728,0.19053604457816728,0.19053604457816728,0.16882970082468202,12.0,0.4166666666666667,0.5833333333333334,0.08333333333333333,0.5,0.398406374501992,0.6015936254980079,0.05179282868525896,0.549800796812749,0.8764212210799001,0.1748790531400469,4.372208340618464,0.17158273223756532,7.7587193070435925,69.85874818442437,0.8432092625489801,0.6584661411886543,0.9358974358974359,0.8432092625489801,0.0,0.6584661411886543,0.0,0.8764212210799001,69.0,6.0,6,0.8432092625489801,10.581975605833332,3732.13,75.0,75.0,0.7967032967032968,38,False,79,True,119,True,143,True,173,True,193,True,210,True,244,True,297,True,26_50,51_75,51_75
direct_ridge_schedule_building,2027,South Carolina,south carolina,SEC,Lamont Paris,0.6644522365174659,76_100,81,2159,0.1022383115288565,0.1022383115288565,0.1022383115288565,0.07410732191800445,10.0,0.3,0.7,0.1,0.6,0.2843601895734597,0.7156398104265402,0.06161137440758294,0.6540284360189573,0.7626652939958417,0.09288524729553364,1.5959097666883175,0.08108068454371217,8.941531554342822,81.75710222169141,0.8464338372390939,0.7905529025947875,0.8846153846153846,0.8464338372390939,0.0,0.7905529025947875,0.0,0.7626652939958417,52.0,10.0,6,0.8464338372390939,9.972526353000001,4516.870000000001,76.0,76.0,0.793956043956044,38,False,79,True,119,True,143,True,173,True,193,True,210,True,244,True,297,True,26_50,76_100,76_100
direct_ridge_schedule_building,2027,Notre Dame,notre dame,ACC,Micah Shrewsberry,0.6607669715058656,76_100,81,2159,0.3464120862724681,0.3464120862724681,0.3464120862724681,0.32826390896273444,13.0,0.38461538461538464,0.6153846153846154,0.23076923076923078,0.38461538461538464,0.39370078740157477,0.6062992125984251,0.15354330708661418,0.45275590551181094,0.7396662495311106,0.3305302224502578,2.9423205645593677,0.3056932971854147,9.675846453826,54.190819471796175,0.8837390229549126,0.5223682594485347,0.038461538461538436,0.8837390229549126,0.0,0.5223682594485347,0.0,0.7396662495311106,43.0,76.0,5,0.8837390229549126,12.35459977035,3224.1400000000003,77.0,77.0,0.7912087912087912,38,False,79,True,119,True,143,True,173,True,193,True,210,True,244,True,297,True,26_50,76_100,76_100
direct_ridge_schedule_building,2027,Washington,washington,B10,Danny Sprinkle,0.657744439065387,51_75,81,2159,0.15113535410433843,0.15113535410433843,0.15113535410433843,0.08574866686938658,11.0,0.45454545454545453,0.5454545454545454,0.18181818181818182,0.36363636363636365,0.4587155963302752,0.5412844036697247,0.11926605504587157,0.4220183486238532,0.7594007637118649,0.13807672418410655,2.578582746126703,0.11020957271974124,7.874027433148874,34.658855757599284,0.8282298926824035,0.25801737529486224,0.012820512820512775,0.8282298926824035,0.0,0.25801737529486224,0.0,0.7594007637118649,124.0,78.0,4,0.8282298926824035,8.54651599665,3156.8599999999997,78.0,78.0,0.7884615384615384,38,False,79,True,119,True,143,True,173,True,193,True,210,True,244,True,297,True,26_50,76_100,76_100
direct_ridge_schedule_building,2027,Saint Mary's,saint marys,WCC,Mickey McConnell,0.6533510335267968,26_50,81,2159,0.2655522951490777,0.2655522951490777,0.2655522951490777,0.20505033462684888,10.0,0.4,0.6,0.1,0.5,0.38461538461538464,0.6153846153846153,0.0625,0.5528846153846153,0.9287631434882744,0.25108983468092666,9.984639606746526,0.22392586273167897,5.8051285610676775,83.57548890746936,0.7124350711607544,0.8112766814337495,,0.7124350711607544,0.0,0.8112766814337495,0.0,0.9287631434882744,49.0,,5,0.7124350711607544,2.5274345444,1122.03,79.0,79.0,0.7857142857142857,38,False,79,True,119,True,143,True,173,True,193,True,210,True,244,True,297,True,26_50,76_100,76_100
direct_ridge_schedule_building,2027,Saint Louis,saint louis,A10,Josh Schertz,0.6511077578286947,76_100,81,2159,0.5881885815209639,0.5881885815209639,0.5881885815209639,0.5863203472630533,13.0,0.6923076923076923,0.3076923076923077,0.07692307692307693,0.23076923076923078,0.6870229007633588,0.31297709923664124,0.04961832061068703,0.2633587786259542,0.8153892808091359,0.5872422775839506,17.56919218485136,0.5316616250222426,0.7196235450556218,64.18561950151307,0.5982264125893979,0.588861400379725,,0.5982264125893979,0.0,0.588861400379725,0.0,0.8153892808091359,83.0,,3,0.5982264125893979,1.2235742323500003,1089.94,80.0,80.0,0.782967032967033,38,False,79,False,119,True,143,True,173,True,193,True,210,True,244,True,297,True,51_75,76_100,76_100
direct_ridge_schedule_building,2027,Washington St.,washington state,WCC,David Riley,0.6510123760103842,136_160,81,2159,0.0009709630437272077,0.0009709630437272077,0.0009709630437272077,0.0,11.0,0.09090909090909091,0.9090909090909092,0.09090909090909091,0.8181818181818182,0.08333333333333334,0.9166666666666667,0.054166666666666675,0.8625,0.49372307202045607,0.001225886025960332,9.610662499999995,0.0004854815218636038,-0.875170339297326,73.31075,0.533422014890072,0.04712041884816753,,0.533422014890072,4.045679348863366e-05,0.0025523560209424084,0.4600764878426871,0.49372307202045607,183.0,,9,0.533422014890072,-0.2696705146,3216.58,81.0,81.0,0.7802197802197802,38,False,79,False,119,True,143,True,173,True,193,True,210,True,244,True,297,True,51_75,76_100,76_100
direct_ridge_schedule_building,2027,Colorado,colorado,B12,Tad Boyle,0.6474628678501885,51_75,81,2159,0.36497023974495924,0.36497023974495924,0.36497023974495924,0.41087708502326287,11.0,0.45454545454545453,0.5454545454545454,0.2727272727272727,0.2727272727272727,0.4807692307692308,0.5192307692307692,0.1875,0.3317307692307692,0.8338714078242873,0.3539283411560194,5.359475301106646,0.34753281268492486,5.5732179703275175,47.142733995948376,0.7464004370783108,0.4019331453886428,0.0641025641025641,0.7464004370783108,0.0,0.4019331453886428,0.0,0.8338714078242873,102.0,74.0,3,0.7464004370783108,7.989338085833334,1776.46,82.0,82.0,0.7774725274725275,38,False,79,False,119,True,143,True,173,True,193,True,210,True,244,True,297,True,51_75,76_100,76_100
direct_ridge_schedule_building,2027,DePaul,depaul,BE,Chris Holtmann,0.6435324260573658,101_135,81,2159,0.48498513278927,0.48498513278927,0.48498513278927,0.4361939021813716,15.0,0.4,0.6000000000000001,0.2,0.4,0.4040404040404041,0.595959595959596,0.13131313131313133,0.46464646464646464,0.6767361495020954,0.45702895124983267,5.085471396227323,0.42475613243145693,12.530534641950004,35.639413047949105,0.8930824555889358,0.31726531517364376,0.7692307692307692,0.8930824555889358,0.0,0.31726531517364376,0.0,0.6767361495020954,68.0,19.0,6,0.8930824555889358,22.29024630391667,4855.66,83.0,83.0,0.7747252747252747,38,False,79,False,119,True,143,True,173,True,193,True,210,True,244,True,297,True,51_75,76_100,76_100
direct_ridge_schedule_building,2027,Colorado St.,colorado state,MWC,Ali Farokhmanesh,0.6316530699188115,76_100,81,2159,0.6071423701335597,0.6071423701335597,0.6071423701335597,0.5607264926187185,13.0,0.6153846153846154,0.38461538461538464,0.23076923076923078,0.15384615384615385,0.6530612244897959,0.34693877551020413,0.15918367346938778,0.18775510204081633,0.6601434815226725,0.6121423956927038,12.684508138611534,0.5372224452845055,3.2911293747719097,35.45325308268987,0.6374507096533616,0.3163952803843437,,0.6374507096533616,0.0,0.3163952803843437,0.0,0.6601434815226725,67.0,,2,0.6374507096533616,3.7127387064166664,881.53,84.0,84.0,0.771978021978022,38,False,79,False,119,True,143,True,173,True,193,True,210,True,244,True,297,True,51_75,76_100,76_100
direct_ridge_schedule_building,2027,Penn St.,penn state,B10,Mike Rhoades,0.6295225355828684,136_160,81,2159,0.20160375501173447,0.20160375501173447,0.20160375501173447,0.1447515852082568,13.0,0.3076923076923077,0.6923076923076923,0.3076923076923077,0.38461538461538464,0.3238866396761134,0.6761133603238867,0.2105263157894737,0.46558704453441296,0.7362281906910382,0.19370950875686088,0.2518341762900489,0.16267082084631518,6.118278187967854,51.136941391941335,0.8106748690915052,0.4446349462056268,0.4871794871794872,0.8106748690915052,0.0,0.4446349462056268,0.0,0.7362281906910382,99.0,41.0,5,0.8106748690915052,9.9925382773,3168.63,85.0,85.0,0.7692307692307692,38,False,79,False,119,True,143,True,173,True,193,True,210,True,244,True,297,True,51_75,76_100,76_100
direct_ridge_schedule_building,2027,High Point,high point,BSth,Flynn Clayman,0.6271992779849658,136_160,81,2159,0.2357222448620533,0.2357222448620533,0.2357222448620533,0.26647328699518563,10.0,0.4,0.6,0.1,0.5,0.38461538461538464,0.6153846153846153,0.0625,0.5528846153846153,0.7140761775477845,0.22150656609378402,10.866313073279485,0.22402380139638473,12.279591697057375,65.96784676700103,0.9055573830876364,0.6106322996375353,,0.9055573830876364,0.0,0.6106322996375353,0.0,0.7140761775477845,79.0,,5,0.9055573830876364,18.093332393883333,4147.92,86.0,86.0,0.7664835164835164,38,False,79,False,119,True,143,True,173,True,193,True,210,True,244,True,297,True,51_75,76_100,76_100
direct_ridge_schedule_building,2027,George Mason,george mason,A10,Tony Skinn,0.6238367939124844,101_135,81,2159,0.14430758701939528,0.14430758701939528,0.14430758701939528,0.17516991722920222,13.0,0.3076923076923077,0.6923076923076923,0.15384615384615385,0.5384615384615384,0.2996254681647941,0.7003745318352059,0.09737827715355807,0.6029962546816479,0.6791411334000943,0.13158091468389846,6.859951425446905,0.14314977632847448,6.428366837303018,44.6436841538408,0.7897624418830357,0.40367642828375816,,0.7897624418830357,0.0,0.40367642828375816,0.0,0.6791411334000943,72.0,,7,0.7897624418830357,11.378605599066667,5272.9800000000005,87.0,87.0,0.7637362637362637,38,False,79,False,119,True,143,True,173,True,193,True,210,True,244,True,297,True,51_75,76_100,76_100
direct_ridge_schedule_building,2027,Boise St.,boise state,MWC,Leon Rice,0.6224047954189139,51_75,81,2159,0.2720700622443073,0.2720700622443073,0.2720700622443073,0.22389328694316615,13.0,0.6153846153846154,0.38461538461538464,0.07692307692307693,0.3076923076923077,0.6037735849056604,0.3962264150943396,0.0490566037735849,0.3471698113207547,0.7983755949044914,0.2593707381440464,0.5479559937425997,0.22895189562208534,4.127385124434169,33.24456758241759,0.7320992051797709,0.23341579886082506,,0.7320992051797709,0.0,0.23341579886082506,0.0,0.7983755949044914,137.0,,4,0.7320992051797709,7.13710538005,2662.68,88.0,88.0,0.760989010989011,38,False,79,False,119,True,143,True,173,True,193,True,210,True,244,True,297,True,51_75,76_100,76_100
direct_ridge_schedule_building,2027,LSU,lsu,SEC,Will Wade,0.6217988661628921,51_75,81,2159,0.11573355153590989,0.11573355153590989,0.11573355153590989,0.1368028750644966,6.0,0.16666666666666666,0.8333333333333333,0.3333333333333333,0.5,0.17391304347826086,0.8260869565217391,0.22608695652173916,0.6,0.8702366652678774,0.10058496225677653,-0.46949500000000377,0.11573355153590989,8.710291752971147,68.88522938397291,0.7883328338086072,0.6298832057994362,0.08974358974358976,0.7883328338086072,0.0,0.6298832057994362,0.0,0.8702366652678774,90.0,72.0,3,0.7883328338086072,8.496516276,1467.54,89.0,89.0,0.7582417582417582,38,False,79,False,119,True,143,True,173,True,193,True,210,True,244,True,297,True,51_75,76_100,76_100
direct_ridge_schedule_building,2027,Georgetown,georgetown,BE,Ed Cooley,0.6136669617048205,51_75,81,2159,0.32021236363636363,0.32021236363636363,0.32021236363636363,0.29691386154378296,11.0,0.5454545454545454,0.4545454545454546,0.09090909090909091,0.36363636363636365,0.5333333333333333,0.4666666666666666,0.05777777777777778,0.40888888888888886,0.7996612789479282,0.316572888014987,10.075989338098355,0.2780967272727273,5.498294369660876,68.05202816531302,0.7797126883394364,0.6387894827685403,0.1923076923076923,0.7797126883394364,0.0,0.6387894827685403,0.0,0.7996612789479282,71.0,64.0,4,0.7797126883394364,5.225769353416667,2055.45,90.0,90.0,0.7554945054945055,38,False,79,False,119,True,143,True,173,True,193,True,210,True,244,True,297,True,51_75,76_100,76_100
direct_ridge_schedule_building,2027,Stanford,stanford,ACC,Kyle Smith,0.6099085716285046,76_100,81,2159,0.17004271633635715,0.17004271633635715,0.17004271633635715,0.13487475552880998,11.0,0.5454545454545454,0.4545454545454546,0.36363636363636365,0.09090909090909091,0.6153846153846154,0.3846153846153847,0.2666666666666667,0.11794871794871796,0.7876301669033829,0.15076049430492558,4.558798649971147,0.13914959774192087,5.143255256661059,72.91921584893599,0.7024074158774142,0.7227669223181782,0.11538461538461542,0.7024074158774142,0.0,0.7227669223181782,0.0,0.7876301669033829,23.0,70.0,1,0.7024074158774142,3.3062545607500002,601.21,91.0,91.0,0.7527472527472527,38,False,79,False,119,True,143,True,173,True,193,True,210,True,244,True,297,True,51_75,76_100,76_100
direct_ridge_schedule_building,2027,Utah,utah,B12,Alex Jensen,0.6065567556152742,101_135,81,2159,0.08625978792250907,0.08625978792250907,0.08625978792250907,0.08442053375218596,10.0,0.3,0.7,0.3,0.4,0.31413612565445026,0.6858638743455497,0.2041884816753927,0.4816753926701571,0.6296536980940928,0.07001769466892376,-11.712113181949409,0.08002088712702393,9.038514254217093,33.27491587204331,0.8595797121540747,0.272792129336632,0.20512820512820518,0.8595797121540747,0.0,0.272792129336632,0.0,0.6296536980940928,91.0,63.0,4,0.8595797121540747,15.079721553233334,2914.16,92.0,92.0,0.75,38,False,79,False,119,True,143,True,173,True,193,True,210,True,244,True,297,True,51_75,76_100,76_100
direct_ridge_schedule_building,2027,UNLV,unlv,MWC,Josh Pastner,0.6036882134991413,101_135,81,2159,0.2308440835894534,0.2308440835894534,0.2308440835894534,0.2735475553150159,9.0,0.2222222222222222,0.7777777777777778,0.0,0.7777777777777778,0.1990049751243781,0.8009950248756218,0.0,0.8009950248756218,0.6880655240741056,0.23374367505008323,4.762495704321194,0.2308440835894534,5.350724214697251,,0.7620142606354412,,,0.7620142606354412,0.045939121112329034,,0.6103696316532637,0.6880655240741056,,,7,0.7620142606354412,7.094023823850001,3052.21,93.0,93.0,0.7472527472527473,38,False,79,False,119,True,143,True,173,True,193,True,210,True,244,True,297,True,51_75,76_100,76_100
direct_ridge_schedule_building,2027,San Francisco,san francisco,WCC,Chris Gerlufsen,0.5712690228872879,101_135,81,2159,0.011446511627906976,0.011446511627906976,0.011446511627906976,0.0,7.0,0.14285714285714285,0.8571428571428571,0.42857142857142855,0.42857142857142855,0.15625000000000003,0.84375,0.30468750000000006,0.5390625,0.701961149517602,0.008289331004229898,-14.275627499999995,0.005723255813953488,4.744143211669212,54.62876661223427,0.6679392858150587,0.5259078568108795,,0.6679392858150587,0.0,0.5259078568108795,0.0,0.701961149517602,44.0,,3,0.6679392858150587,2.5310694715,1011.8900000000001,94.0,94.0,0.7445054945054945,38,False,79,False,119,True,143,True,173,True,193,True,210,True,244,True,297,True,51_75,76_100,76_100
direct_ridge_schedule_building,2027,Minnesota,minnesota,B10,Niko Medved,0.5694914278498595,76_100,81,2159,0.7969800794305925,0.7969800794305925,0.7969800794305925,0.8137406274273576,15.0,0.4666666666666667,0.5333333333333333,0.2,0.3333333333333333,0.4761904761904762,0.5238095238095238,0.1326530612244898,0.391156462585034,0.7167364100944699,0.7683132202684627,7.9683674131789495,0.783007815718628,4.043190866570834,47.42020025535294,0.5358060418462729,0.44338863227386016,0.4358974358974359,0.5358060418462729,0.0,0.44338863227386016,0.0,0.7167364100944699,56.0,45.0,5,0.5358060418462729,-0.9393341589166669,1434.0000000000002,95.0,95.0,0.7417582417582418,38,False,79,False,119,True,143,True,173,True,193,True,210,True,244,True,297,True,51_75,76_100,76_100
direct_ridge_schedule_building,2027,UC Santa Barbara,uc santa barbara,BW,Joe Pasternack,0.5646242150136362,101_135,81,2159,0.3601756042543704,0.3601756042543704,0.3601756042543704,0.36609195948837436,12.0,0.5833333333333334,0.4166666666666667,0.0,0.4166666666666667,0.5490196078431373,0.4509803921568627,0.0,0.4509803921568627,0.5372110137997999,0.3517458515690688,9.853075510559378,0.3378578641591585,5.017737598279391,,0.7504180980308889,,,0.7504180980308889,0.18549059208738117,,0.3384238481315773,0.5372110137997999,,,5,0.7504180980308889,5.0047806818166665,3421.6200000000003,96.0,96.0,0.739010989010989,38,False,79,False,119,True,143,True,173,True,193,True,210,True,244,True,297,True,51_75,76_100,76_100
direct_ridge_schedule_building,2027,California,california,ACC,Mark Madsen,0.5639642887948225,101_135,81,2159,0.1145622337410019,0.1145622337410019,0.1145622337410019,0.0907571719872498,14.0,0.5,0.5,0.21428571428571427,0.2857142857142857,0.5166051660516606,0.4833948339483395,0.14391143911439117,0.3394833948339483,0.6990058215282599,0.09784773328363101,2.2281729267300276,0.0956652696762862,5.160526153140732,44.116309671480565,0.7309148418359628,0.39404522179391294,0.6666666666666667,0.7309148418359628,0.0,0.39404522179391294,0.0,0.6990058215282599,77.0,27.0,4,0.7309148418359628,3.9984878855500003,1857.43,97.0,97.0,0.7362637362637363,38,False,79,False,119,True,143,True,173,True,193,True,210,True,244,True,297,True,51_75,76_100,76_100
direct_ridge_schedule_building,2027,UAB,uab,Amer,Andy Kennedy,0.5552199647668449,101_135,81,2159,0.19361886579570553,0.19361886579570553,0.19361886579570553,0.2261945321008685,10.0,0.2,0.8,0.2,0.6,0.19607843137254902,0.8039215686274509,0.12745098039215685,0.676470588235294,0.7319763994451871,0.1892495234755082,7.264687980279345,0.19361886579570553,0.4966099633439355,55.69819641693994,0.6552275775641035,0.48660031068408033,,0.6552275775641035,0.0,0.48660031068408033,0.0,0.7319763994451871,103.0,,6,0.6552275775641035,3.687463939216667,3785.8499999999995,98.0,98.0,0.7335164835164836,38,False,79,False,119,True,143,True,173,True,193,True,210,True,244,True,297,True,51_75,76_100,76_100
direct_ridge_schedule_building,2027,Murray St.,murray state,MVC,Ryan Miller,0.5552107928283552,136_160,81,2159,0.27557465996160596,0.27557465996160596,0.27557465996160596,0.15887149274446505,8.0,0.375,0.625,0.125,0.5,0.36363636363636365,0.6363636363636362,0.0787878787878788,0.5575757575757575,0.6390449948091913,0.2816142116158134,8.12240052522556,0.2008313648960074,6.092502523097833,27.11050164835165,0.7970583289994542,0.15732121281859504,,0.7970583289994542,0.0,0.15732121281859504,0.0,0.6390449948091913,153.0,,4,0.7970583289994542,5.2391048937499995,2474.57,99.0,99.0,0.7307692307692308,38,False,79,False,119,True,143,True,173,True,193,True,210,True,244,True,297,True,51_75,76_100,76_100
direct_ridge_schedule_building,2027,Santa Clara,santa clara,WCC,Herb Sendek,0.5507958589193296,101_135,81,2159,0.2983469693950511,0.2983469693950511,0.2983469693950511,0.1580998983648543,7.0,0.5714285714285714,0.42857142857142855,0.14285714285714285,0.2857142857142857,0.5755395683453237,0.4244604316546763,0.09352517985611512,0.33093525179856115,0.5214295856135136,0.2681574605891026,9.648478209423791,0.21492841067598134,0.01648940975270869,73.31075,0.424671880330529,0.06282722513089001,,0.424671880330529,0.12369980470560077,0.005875927530227124,0.14053889564895203,0.5214295856135136,180.0,,2,0.424671880330529,-1.4834631733333332,990.75,100.0,100.0,0.7280219780219781,38,False,79,False,119,True,143,True,173,True,193,True,210,True,244,True,297,True,51_75,76_100,76_100
direct_ridge_schedule_building,2027,Tulsa,tulsa,Amer,Eric Konkol,0.5443293766515718,101_135,81,2159,0.1880195442140744,0.1880195442140744,0.1880195442140744,0.09669576565789058,13.0,0.38461538461538464,0.6153846153846154,0.15384615384615385,0.46153846153846156,0.37878787878787884,0.6212121212121212,0.0984848484848485,0.5227272727272727,0.7141314887287501,0.18350957251958486,9.007135055382907,0.13386339528159313,1.6231613014124113,26.64676784551137,0.6668085883069317,0.1747080144985904,,0.6668085883069317,0.0,0.1747080144985904,0.0,0.7141314887287501,128.0,,6,0.6668085883069317,3.2348954640833334,4349.79,101.0,101.0,0.7252747252747253,38,False,79,False,119,True,143,True,173,True,193,True,210,True,244,True,297,True,51_75,101_135,101_135
direct_ridge_schedule_building,2027,Georgia Tech,georgia tech,ACC,Scott Cross,0.5430149357849379,161_200,81,2159,0.14169431079767714,0.14169431079767714,0.14169431079767714,0.12105841245934773,12.0,0.16666666666666666,0.8333333333333333,0.3333333333333333,0.5,0.17391304347826086,0.8260869565217391,0.22608695652173916,0.6,0.6869544198564725,0.13073820201477468,1.7194964045848282,0.12068851958650274,5.108535492051402,73.33860295431924,0.7602206584054088,0.7171831537559542,0.6794871794871795,0.7602206584054088,0.0,0.7171831537559542,0.0,0.6869544198564725,38.0,26.0,6,0.7602206584054088,10.404596846016666,3235.4700000000003,102.0,102.0,0.7225274725274725,38,False,79,False,119,True,143,True,173,True,193,True,210,True,244,True,297,True,51_75,101_135,101_135
direct_ridge_schedule_building,2027,Oregon St.,oregon state,WCC,Justin Joyner,0.5425291332553568,161_200,81,2159,0.32516216466317804,0.32516216466317804,0.32516216466317804,0.32629432236329653,13.0,0.38461538461538464,0.6153846153846154,0.07692307692307693,0.5384615384615384,0.36496350364963515,0.635036496350365,0.047445255474452566,0.5875912408759124,0.6746849832607987,0.3336799770701882,8.391085138622412,0.289504595536106,6.482936326669338,71.20105269151149,0.8185555797719382,0.6758414360508602,,0.8185555797719382,0.0,0.6758414360508602,0.0,0.6746849832607987,65.0,,7,0.8185555797719382,9.101548184983335,3653.16,103.0,103.0,0.7197802197802198,38,False,79,False,119,True,143,True,173,True,193,True,210,True,244,True,297,True,51_75,101_135,101_135
direct_ridge_schedule_building,2027,UNC Wilmington,unc wilmington,CAA,Takayo Siddle,0.5423701260246495,101_135,81,2159,0.27579418092840763,0.27579418092840763,0.27579418092840763,0.2062598281912008,11.0,0.5454545454545454,0.45454545454545453,0.0,0.45454545454545453,0.5106382978723404,0.48936170212765956,0.0,0.48936170212765956,0.4660819560803999,0.28219374489999854,11.137898856454097,0.231762862129472,0.9887540373430532,,0.6324753122075816,,,0.6324753122075816,0.11834699342781548,,0.30950919533562504,0.4660819560803999,,,5,0.6324753122075816,3.085592373466667,1941.53,104.0,104.0,0.717032967032967,38,False,79,False,119,True,143,True,173,True,193,True,210,True,244,True,297,True,51_75,101_135,101_135
direct_ridge_schedule_building,2027,Richmond,richmond,A10,Chris Mooney,0.542363927589749,136_160,81,2159,0.3223743500031325,0.3223743500031325,0.3223743500031325,0.2648063904801967,13.0,0.46153846153846156,0.5384615384615385,0.07692307692307693,0.46153846153846156,0.44280442804428044,0.5571955719557196,0.04797047970479705,0.5092250922509225,0.6554167657419772,0.3188897966854202,8.278364518123473,0.2592790717474454,4.867083210668457,26.45116098901099,0.7762024831033763,0.1517749266440366,,0.7762024831033763,0.0,0.1517749266440366,0.0,0.6554167657419772,152.0,,6,0.7762024831033763,7.269825749683333,4420.65,105.0,105.0,0.7142857142857143,38,False,79,False,119,True,143,True,173,True,193,True,210,True,244,True,297,True,51_75,101_135,101_135
direct_ridge_schedule_building,2027,Western Kentucky,western kentucky,CUSA,Hank Plona,0.5413254383709195,161_200,81,2159,0.39509721439397816,0.39509721439397816,0.39509721439397816,0.4621599314662509,14.0,0.35714285714285715,0.6428571428571428,0.21428571428571427,0.42857142857142855,0.36101083032490977,0.6389891696750902,0.1407942238267148,0.4981949458483754,0.5634616004883826,0.4204201978791529,6.464346223251827,0.36830974391862514,2.2061868605139203,42.131790108917386,0.6692306122067361,0.37321788159484504,,0.6692306122067361,0.0,0.37321788159484504,0.0,0.5634616004883826,78.0,,6,0.6692306122067361,2.9905196812499995,2615.3500000000004,106.0,106.0,0.7115384615384616,38,False,79,False,119,True,143,True,173,True,193,True,210,True,244,True,297,True,51_75,101_135,101_135
direct_ridge_schedule_building,2027,Rutgers,rutgers,B10,Steve Pikiell,0.5361160991789334,101_135,81,2159,0.5778447247303108,0.5778447247303108,0.5778447247303108,0.6007722781259688,12.0,0.5833333333333334,0.41666666666666663,0.08333333333333333,0.3333333333333333,0.5714285714285714,0.42857142857142844,0.05306122448979591,0.37551020408163255,0.7553159972662591,0.6009827579490369,4.727206396789381,0.5198886219730362,3.9721356070133202,55.543029120879126,0.7384966802486391,0.4906852309993671,0.21794871794871795,0.7384966802486391,0.0,0.4906852309993671,0.0,0.7553159972662591,97.0,62.0,4,0.7384966802486391,5.133307135066667,1815.4,107.0,107.0,0.7087912087912087,38,False,79,False,119,True,143,True,173,True,193,True,210,True,244,True,297,True,51_75,101_135,101_135
direct_ridge_schedule_building,2027,George Washington,george washington,A10,Chris Caputo,0.5341563485784375,136_160,81,2159,0.12087419395958697,0.12087419395958697,0.12087419395958697,0.14744745176046475,10.0,0.2,0.8,0.0,0.8,0.1785714285714286,0.8214285714285714,0.0,0.8214285714285714,0.6013412528624769,0.11417514739427466,6.483997173109326,0.12060533067253915,2.826163517308786,,0.6684641769440253,,,0.6684641769440253,0.02153666619152485,,0.5490955739183064,0.6013412528624769,,,8,0.6684641769440253,1.8927007306666659,4368.69,108.0,108.0,0.706043956043956,38,False,79,False,119,True,143,True,173,True,193,True,210,True,244,True,297,True,51_75,101_135,101_135
direct_ridge_schedule_building,2027,Florida Atlantic,florida atlantic,Amer,John Jakus,0.5314672287061225,101_135,81,2159,0.19811410959646347,0.19811410959646347,0.19811410959646347,0.16213810514038413,12.0,0.4166666666666667,0.5833333333333334,0.08333333333333333,0.5,0.398406374501992,0.6015936254980079,0.05179282868525896,0.549800796812749,0.6952469600476043,0.21043152922338618,5.73313655700749,0.16640345369417153,3.5577775729885457,76.24549288899513,0.7092220339072143,0.7283815660779013,,0.7092220339072143,0.0,0.7283815660779013,0.0,0.6952469600476043,61.0,,6,0.7092220339072143,6.165637607766667,2798.58,109.0,109.0,0.7032967032967032,38,False,79,False,119,True,143,True,173,True,193,True,210,True,244,True,297,True,51_75,101_135,101_135
direct_ridge_schedule_building,2027,Liberty,liberty,CUSA,Ritchie McKay,0.5299004498969189,101_135,81,2159,0.08632118565830886,0.08632118565830886,0.08632118565830886,0.0636933379408913,15.0,0.4666666666666667,0.5333333333333333,0.2,0.3333333333333333,0.4761904761904762,0.5238095238095238,0.1326530612244898,0.391156462585034,0.638947312986215,0.07633521591928467,-2.6637568460269443,0.07353564702889427,4.056213070497404,38.5480330462303,0.6992954149719601,0.35019846990770054,,0.6992954149719601,0.0,0.35019846990770054,0.0,0.638947312986215,63.0,,5,0.6992954149719601,4.1446609626,2001.3000000000002,110.0,110.0,0.7005494505494505,38,False,79,False,119,True,143,True,173,True,193,True,210,True,244,True,297,True,51_75,101_135,101_135
direct_ridge_schedule_building,2027,North Texas,north texas,Amer,Daniyal Robinson,0.5177917662581298,136_160,81,2159,0.6328111835692115,0.6328111835692115,0.6328111835692115,0.7210228113286211,11.0,0.5454545454545454,0.45454545454545453,0.18181818181818182,0.2727272727272727,0.5581395348837209,0.4418604651162791,0.12093023255813956,0.3209302325581395,0.6410202786373245,0.6379637041824134,10.30934994117018,0.6119026209324996,1.8448435850957015,60.160467479210936,0.5917758126517921,0.5378861975720615,,0.5917758126517921,0.0,0.5378861975720615,0.0,0.6410202786373245,96.0,,3,0.5917758126517921,0.9311406349,1241.6100000000001,111.0,111.0,0.6978021978021978,38,False,79,False,119,True,143,True,173,True,193,True,210,True,244,True,297,True,51_75,101_135,101_135
direct_ridge_schedule_building,2027,Utah Valley,utah valley,WAC,Todd Phillips,0.5174140689590656,101_135,81,2159,0.38165806362162963,0.38165806362162963,0.38165806362162963,0.24869521559591967,9.0,0.7777777777777778,0.2222222222222222,0.0,0.2222222222222222,0.7526881720430109,0.24731182795698925,0.0,0.24731182795698925,0.4666673514485409,0.37766362580398,9.088126833366738,0.2926623648785401,0.5559642615526245,,0.53506474957812,,,0.53506474957812,0.220283500446213,,0.13232784129351355,0.4666673514485409,,,2,0.53506474957812,0.581297916,887.47,112.0,112.0,0.695054945054945,38,False,79,False,119,True,143,True,173,True,193,True,210,True,244,True,297,True,51_75,101_135,101_135
direct_ridge_schedule_building,2027,Davidson,davidson,A10,Matt McKillop,0.5128155957298947,101_135,81,2159,0.4527452467254877,0.4527452467254877,0.4527452467254877,0.43433691061070956,9.0,0.6666666666666666,0.3333333333333333,0.0,0.3333333333333333,0.634920634920635,0.3650793650793651,0.0,0.3650793650793651,0.5708583488755106,0.44654313899816955,5.870404303077241,0.38891600167412876,4.469217503465718,,0.7022388256838964,,,0.7022388256838964,0.24693079471373258,,0.25637290461475587,0.5708583488755106,,,3,0.7022388256838964,4.462297572666667,1221.82,113.0,113.0,0.6923076923076923,38,False,79,False,119,True,143,True,173,True,193,True,210,True,244,True,297,True,51_75,101_135,101_135
direct_ridge_schedule_building,2027,Yale,yale,Ivy,James Jones,0.5124594086101302,76_100,81,2159,0.35427464557386473,0.35427464557386473,0.35427464557386473,0.3560110794932817,9.0,1.0,0.0,0.0,0.0,1.0,0.0,0.0,0.0,0.4774639425044067,0.3611850219797503,7.492019873640314,0.3371707866736794,,,,,,,0.3371707866736794,,,0.4774639425044067,,,,,,,114.0,114.0,0.6895604395604396,38,False,79,False,119,True,143,True,173,True,193,True,210,True,244,True,297,True,51_75,101_135,101_135
direct_ridge_schedule_building,2027,Fresno St.,fresno state,MWC,Vance Walberg,0.5106640000417356,101_135,81,2159,0.04619369739902386,0.04619369739902386,0.04619369739902386,0.0,10.0,0.1,0.8999999999999999,0.2,0.7,0.09661835748792272,0.9033816425120773,0.12560386473429952,0.7777777777777778,0.5806407706604042,0.0414534699641452,3.7113575000000014,0.02309684869951193,4.2368287259000414,15.93065062939422,0.6988579785696855,0.06293078649099591,,0.6988579785696855,0.0,0.06293078649099591,0.0,0.5806407706604042,134.0,,7,0.6988579785696855,3.57758353745,1767.44,115.0,115.0,0.6868131868131868,38,False,79,False,119,True,143,True,173,True,193,True,210,True,244,True,297,True,51_75,101_135,101_135
direct_ridge_schedule_building,2027,Northern Iowa,northern iowa,MVC,Kyle Green,0.5101662077981861,101_135,81,2159,0.09395452417764792,0.09395452417764792,0.09395452417764792,0.06569838913233146,8.0,0.375,0.625,0.125,0.5,0.36363636363636365,0.6363636363636362,0.0787878787878788,0.5575757575757575,0.7098299639681033,0.08369742878218561,0.43890623677099017,0.07544291408388773,2.72368156470924,15.28193021978022,0.6838146453462369,0.033611414763247235,,0.6838146453462369,0.0,0.033611414763247235,0.0,0.7098299639681033,162.0,,4,0.6838146453462369,3.9029110604333335,2719.37,116.0,116.0,0.6840659340659341,38,False,79,False,119,True,143,True,173,True,193,True,210,True,244,True,297,True,51_75,101_135,101_135
direct_ridge_schedule_building,2027,Loyola Marymount,loyola marymount,WCC,Stan Johnson,0.5094558568682133,161_200,81,2159,0.2157535829313343,0.2157535829313343,0.2157535829313343,0.2379288522907494,13.0,0.38461538461538464,0.6153846153846154,0.0,0.6153846153846154,0.352112676056338,0.6478873239436619,0.0,0.6478873239436619,0.5736350487899317,0.20231989250587767,5.6973935079552085,0.2061406654140551,5.097581875830563,,0.7733602571463865,,,0.7733602571463865,0.07258474134297714,,0.5010503074469546,0.5736350487899317,,,8,0.7733602571463865,7.4321888333,4390.48,117.0,117.0,0.6813186813186813,38,False,79,False,119,True,143,True,173,True,193,True,210,True,244,True,297,True,51_75,101_135,101_135
direct_ridge_schedule_building,2027,UC San Diego,uc san diego,BW,Clint Allard,0.5078256906225912,101_135,81,2159,0.6158015625,0.6158015625,0.6158015625,0.6237229911737735,9.0,0.6666666666666666,0.3333333333333333,0.0,0.3333333333333333,0.634920634920635,0.3650793650793651,0.0,0.3650793650793651,0.6068452297493762,0.6033393005389903,9.2376330988511,0.5799687499999999,-0.5952911858027649,,0.5644100375851385,,,0.5644100375851385,0.368234126984127,,0.20605445816600299,0.6068452297493762,,,3,0.5644100375851385,0.12889595340000004,2353.15,118.0,118.0,0.6785714285714286,38,False,79,False,119,True,143,True,173,True,193,True,210,True,244,True,297,True,51_75,101_135,101_135
direct_ridge_schedule_building,2027,Hawaii,hawaii,BW,Eran Ganot,0.5063086192380349,136_160,81,2159,0.09883326506579286,0.09883326506579286,0.09883326506579286,0.11502193554153603,9.0,0.1111111111111111,0.8888888888888888,0.0,0.8888888888888888,0.09803921568627451,0.9019607843137254,0.0,0.9019607843137254,0.6748303229503858,0.09314335758025317,5.314307500000004,0.09883326506579286,3.8730931529623427,,0.7306726418396415,,,0.7306726418396415,0.009689535790764005,,0.6590380691102649,0.6748303229503858,,,8,0.7306726418396415,5.367285299183334,3002.48,119.0,119.0,0.6758241758241759,38,False,79,False,119,True,143,True,173,True,193,True,210,True,244,True,297,True,51_75,101_135,101_135
direct_ridge_schedule_building,2027,Rhode Island,rhode island,A10,Archie Miller,0.5030839332879067,101_135,81,2159,0.2991272908808176,0.2991272908808176,0.2991272908808176,0.28188517488097264,8.0,0.5,0.5,0.125,0.375,0.4938271604938272,0.5061728395061729,0.08024691358024692,0.42592592592592593,0.7293434305994717,0.31346558505767413,4.7948826299899405,0.2738956252916653,3.0152478005557186,62.78077876254176,0.6851316700613699,0.5725332259363672,,0.6851316700613699,0.0,0.5725332259363672,0.0,0.7293434305994717,86.0,,3,0.6851316700613699,4.213363090466666,2108.66,120.0,120.0,0.6730769230769231,38,False,79,False,119,False,143,True,173,True,193,True,210,True,244,True,297,True,76_100,101_135,101_135
direct_ridge_schedule_building,2027,St. Bonaventure,saint bonaventure,A10,Mike MacDonald,0.4991312344064782,136_160,81,2159,0.18964503492507465,0.18964503492507465,0.18964503492507465,0.15538157686327622,12.0,0.4166666666666667,0.5833333333333334,0.0,0.5833333333333334,0.38314176245210735,0.6168582375478927,0.0,0.6168582375478927,0.46770482616282727,0.1712314827354046,5.746162496233535,0.16710727148324425,1.3609866000252264,,0.6161402743943275,,,0.6161402743943275,0.06402577451465298,,0.38007120374515985,0.46770482616282727,,,7,0.6161402743943275,2.648030146533333,1844.9899999999998,121.0,121.0,0.6703296703296704,38,False,79,False,119,False,143,True,173,True,193,True,210,True,244,True,297,True,76_100,101_135,101_135
direct_ridge_schedule_building,2027,Illinois Chicago,illinois chicago,MVC,Rob Ehsan,0.49668705774335237,136_160,81,2159,0.5901546121710629,0.5901546121710629,0.5901546121710629,0.7285150492305879,10.0,0.5,0.5,0.2,0.3,0.5128205128205129,0.4871794871794871,0.13333333333333333,0.3538461538461538,0.5501542540557843,0.5998467306920356,10.460925685003657,0.590154612171063,4.9709852046370395,23.550064548808074,0.6985290323697481,0.1501179448823428,,0.6985290323697481,0.0,0.1501179448823428,0.0,0.5501542540557843,120.0,,3,0.6985290323697481,3.67529077835,1543.16,122.0,122.0,0.6675824175824177,38,False,79,False,119,False,143,True,173,True,193,True,210,True,244,True,297,True,76_100,101_135,101_135
direct_ridge_schedule_building,2027,Boston College,boston college,ACC,Luke Murray,0.4928967704734317,136_160,81,2159,0.0002380963718874852,0.0002380963718874852,0.0002380963718874852,0.0,14.0,0.14285714285714285,0.8571428571428572,0.14285714285714285,0.7142857142857143,0.13513513513513511,0.8648648648648648,0.08783783783783784,0.777027027027027,0.6870850034704692,0.00015863107145949474,-46.7431725,0.0001190481859437426,12.566709469675263,77.387685381403,0.8587782432976517,0.22513089005235598,0.5384615384615384,0.8587782432976517,1.608759269510035e-05,0.019775010612706947,0.6672939052650672,0.6870850034704692,149.0,37.0,10,0.8587782432976517,21.544650417750002,7396.74,123.0,123.0,0.6648351648351649,38,False,79,False,119,False,143,True,173,True,193,True,210,True,244,True,297,True,76_100,101_135,101_135
direct_ridge_schedule_building,2027,Illinois St.,illinois state,MVC,Ryan Pedon,0.4923843541204211,136_160,81,2159,0.5368407267219648,0.5368407267219648,0.5368407267219648,0.5589211155489568,11.0,0.6363636363636364,0.36363636363636365,0.0,0.36363636363636365,0.6034482758620691,0.39655172413793105,0.0,0.39655172413793105,0.5281995215366698,0.5399413350699901,11.028990094483582,0.4967046122616895,-0.15780343486243176,,0.5036257998184285,,,0.5036257998184285,0.29973554188205404,,0.19971367923834232,0.5281995215366698,,,4,0.5036257998184285,-0.5306614864,2401.36,124.0,124.0,0.6620879120879121,38,False,79,False,119,False,143,True,173,True,193,True,210,True,244,True,297,True,76_100,101_135,101_135
direct_ridge_schedule_building,2027,UC Irvine,uc irvine,BW,Russell Turner,0.49228989380005744,101_135,81,2159,0.4027895131086142,0.4027895131086142,0.4027895131086142,0.3482648769131003,8.0,0.875,0.125,0.0,0.125,0.8588957055214723,0.1411042944785276,0.0,0.1411042944785276,0.5207773017134698,0.37700611758300523,5.773312396173504,0.34863071161048687,6.442819792875157,,0.5677000501260927,,,0.5677000501260927,0.2994374210151421,,0.08010491504846706,0.5207773017134698,,,1,0.5677000501260927,0.040063499999999995,16.24,125.0,125.0,0.6593406593406593,38,False,79,False,119,False,143,True,173,True,193,True,210,True,244,True,297,True,76_100,101_135,101_135
direct_ridge_schedule_building,2027,McNeese,mcneese state,Slnd,Bill Armstrong,0.4892554891400067,136_160,81,2159,0.11893388683744369,0.11893388683744369,0.11893388683744369,0.0,10.0,0.3,0.7,0.1,0.6,0.2843601895734597,0.7156398104265402,0.06161137440758294,0.6540284360189573,0.6966879811019964,0.10155774304055665,9.771292274123178,0.05946694341872184,2.552026368143395,15.34859688644682,0.5306964750239727,0.03570565560094355,,0.5306964750239727,0.0,0.03570565560094355,0.0,0.6966879811019964,160.0,,6,0.5306964750239727,1.5415669397833331,757.85,126.0,126.0,0.6565934065934066,38,False,79,False,119,False,143,True,173,True,193,True,210,True,244,True,297,True,76_100,101_135,101_135
direct_ridge_schedule_building,2027,Drake,drake,MVC,Eric Henderson,0.4886544005970194,201_250,81,2159,0.4625253489944123,0.4625253489944123,0.4625253489944123,0.5457427503091591,9.0,0.4444444444444444,0.5555555555555556,0.2222222222222222,0.3333333333333333,0.4571428571428572,0.5428571428571429,0.14857142857142858,0.3942857142857143,0.5788306975219,0.42871338596233327,6.759287143403048,0.4625253489944123,5.315892452339044,39.977336302211974,0.7648681437119569,0.3459536641615818,,0.7648681437119569,0.0,0.3459536641615818,0.0,0.5788306975219,84.0,,3,0.7648681437119569,4.773615689,2088.0199999999995,127.0,127.0,0.6538461538461539,38,False,79,False,119,False,143,True,173,True,193,True,210,True,244,True,297,True,76_100,101_135,101_135
direct_ridge_schedule_building,2027,Saint Joseph's,saint josephs,A10,Steve Donahue,0.48308182253997856,101_135,81,2159,0.28944572974984645,0.28944572974984645,0.28944572974984645,0.3135162518320813,10.0,0.5,0.5,0.1,0.4,0.48780487804878053,0.5121951219512195,0.06341463414634146,0.44878048780487806,0.6344970005159293,0.297281485956533,5.498083967663391,0.2848200955016915,-0.24635123753558652,27.836508974358907,0.5266689330468768,0.1775271848570278,,0.5266689330468768,0.0,0.1775271848570278,0.0,0.6344970005159293,140.0,,4,0.5266689330468768,3.1256368036,1192.62,128.0,128.0,0.6510989010989011,38,False,79,False,119,False,143,True,173,True,193,True,210,True,244,True,297,True,76_100,101_135,101_135
direct_ridge_schedule_building,2027,Wyoming,wyoming,MWC,Sundance Wicks,0.4812057652308686,136_160,81,2159,0.43264062500000006,0.43264062500000006,0.43264062500000006,0.5493546345715274,10.0,0.5,0.5,0.1,0.4,0.48780487804878053,0.5121951219512195,0.06341463414634146,0.44878048780487806,0.44629233269374535,0.43871448415071274,10.423805496677378,0.4319875,-4.229863972877072,73.31075,0.3482125509098964,0.11518324607329844,,0.3482125509098964,0.21072560975609758,0.007304303409526243,0.15627099845712425,0.44629233269374535,170.0,,4,0.3482125509098964,0.027207764450000005,1047.3,129.0,129.0,0.6483516483516483,38,False,79,False,119,False,143,True,173,True,193,True,210,True,244,True,297,True,76_100,101_135,101_135
direct_ridge_schedule_building,2027,Akron,akron,MAC,Dustin Ford,0.4795459755652705,76_100,81,2159,0.09657181641613313,0.09657181641613313,0.09657181641613313,0.0,9.0,0.2222222222222222,0.7777777777777777,0.1111111111111111,0.6666666666666666,0.20942408376963353,0.7905759162303666,0.06806282722513089,0.7225130890052357,0.704907649405233,0.0804327497817885,10.76116869393502,0.048285908208066566,4.0444904430266355,16.514164652014717,0.7300052370387409,0.04878890742765088,,0.7300052370387409,0.0,0.04878890742765088,0.0,0.704907649405233,158.0,,6,0.7300052370387409,4.913871082383333,3161.58,130.0,130.0,0.6456043956043955,38,False,79,False,119,False,143,True,173,True,193,True,210,True,244,True,297,True,76_100,101_135,101_135
direct_ridge_schedule_building,2027,Hofstra,hofstra,CAA,Speedy Claxton,0.478333373418687,101_135,81,2159,0.11407768085256759,0.11407768085256759,0.11407768085256759,0.12518440533199562,8.0,0.125,0.875,0.25,0.625,0.12422360248447203,0.8757763975155278,0.16149068322981366,0.7142857142857142,0.582910241803605,0.10248945573078273,3.2316325000000052,0.11407768085256759,-1.3684586470027236,85.176634656765,0.5229259396818411,0.6701570680628273,,0.5229259396818411,0.014171140478579822,0.10822412279275472,0.37351852834417215,0.582910241803605,64.0,,5,0.5229259396818411,1.1307997987,2341.77,131.0,131.0,0.6428571428571428,38,False,79,False,119,False,143,True,173,True,193,True,210,True,244,True,297,True,76_100,101_135,101_135
direct_ridge_schedule_building,2027,Charlotte,charlotte,Amer,Wes Miller,0.4750081577528231,161_200,81,2159,0.09148888396528164,0.09148888396528164,0.09148888396528164,0.12532438168878096,9.0,0.1111111111111111,0.8888888888888888,0.0,0.8888888888888888,0.09803921568627451,0.9019607843137254,0.0,0.9019607843137254,0.6718686992132973,0.09303322177975111,3.1107425,0.09148888396528164,3.944000266901513,,0.7083831138614488,,,0.7083831138614488,0.008969498427968788,,0.6389337889730714,0.6718686992132973,,,8,0.7083831138614488,1.4917794366500001,3969.33,132.0,132.0,0.6401098901098901,38,False,79,False,119,False,143,True,173,True,193,True,210,True,244,True,297,True,76_100,101_135,101_135
direct_ridge_schedule_building,2027,East Tennessee St.,east tennessee state,SC,Brooks Savage,0.4737335393383042,161_200,81,2159,0.24090226916135918,0.24090226916135918,0.24090226916135918,0.24658894570585876,11.0,0.36363636363636365,0.6363636363636364,0.09090909090909091,0.5454545454545454,0.34632034632034636,0.6536796536796537,0.056277056277056293,0.5974025974025975,0.588397438747318,0.2258235707593936,9.751791165570435,0.22998127120168188,1.1484852691866045,38.58595952380946,0.6196216456135897,0.29035153328347046,,0.6196216456135897,0.0,0.29035153328347046,0.0,0.588397438747318,133.0,,6,0.6196216456135897,1.5958899391999999,3214.9799999999996,133.0,133.0,0.6373626373626373,38,False,79,False,119,False,143,True,173,True,193,True,210,True,244,True,297,True,76_100,101_135,101_135
direct_ridge_schedule_building,2027,Stephen F. Austin,stephen f austin,Slnd,Matt Braeuer,0.4729512796005039,101_135,81,2159,0.23947636286665025,0.23947636286665025,0.23947636286665025,0.1333784206354401,12.0,0.4166666666666667,0.5833333333333334,0.08333333333333333,0.5,0.398406374501992,0.6015936254980079,0.05179282868525896,0.549800796812749,0.3505682754455833,0.23523429030446488,8.773713510869914,0.17683025528166274,-3.1060025986185025,73.31075,0.4430486374952844,0.0680628272251309,,0.4430486374952844,0.07045030090902897,0.0035251663503055846,0.24358849392171011,0.3505682754455833,179.0,,6,0.4430486374952844,0.3958684413499998,2062.08,134.0,134.0,0.6346153846153846,38,False,79,False,119,False,143,True,173,True,193,True,210,True,244,True,297,True,76_100,101_135,101_135
direct_ridge_schedule_building,2027,Southern Illinois,southern illinois,MVC,Scott Nagy,0.4695212308443059,136_160,81,2159,0.30070405925699284,0.30070405925699284,0.30070405925699284,0.2684184409703012,7.0,0.7142857142857143,0.2857142857142857,0.2857142857142857,0.0,0.7936507936507936,0.20634920634920634,0.20634920634920634,0.0,0.4523491940722361,0.289635121088768,7.594177587615867,0.26284772686707975,,77.387685381403,,0.24607329842931935,,,0.20860930703736486,0.05077702983462145,,0.4523491940722361,145.0,,,,,,135.0,135.0,0.6318681318681318,38,False,79,False,119,False,143,True,173,True,193,True,210,True,244,True,297,True,76_100,101_135,101_135
direct_ridge_schedule_building,2027,FIU,fiu,CUSA,Joey Cantens,0.46951637835394666,161_200,81,2159,0.0002604277483212623,0.0002604277483212623,0.0002604277483212623,0.0,8.0,0.125,0.875,0.375,0.5,0.13245033112582782,0.8675496688741722,0.2582781456953643,0.609271523178808,0.5042122597499158,0.0004715576026266386,-16.2469375,0.00013021387416063115,-2.218202533933073,67.72663854550504,0.3629457712427353,0.6436626201024107,,0.3629457712427353,0.0,0.6436626201024107,0.0,0.5042122597499158,59.0,,4,0.3629457712427353,-0.6258770679333336,1457.92,136.0,136.0,0.6291208791208791,38,False,79,False,119,False,143,True,173,True,193,True,210,True,244,True,297,True,76_100,136_160,136_160
direct_ridge_schedule_building,2027,Belmont,belmont,MVC,Evan Bradds,0.4680120273498618,76_100,81,2159,0.38777476066200184,0.38777476066200184,0.38777476066200184,0.3768104814947003,12.0,0.5833333333333334,0.4166666666666667,0.0,0.4166666666666667,0.5490196078431373,0.4509803921568627,0.0,0.4509803921568627,0.383047756619263,0.37556558158071834,7.815424137052748,0.3391711056671462,-0.9018466713444643,,0.3585650592362154,,,0.3585650592362154,0.18621158742509988,,0.1617058110280971,0.383047756619263,,,5,0.3585650592362154,-0.15048088018333333,591.63,137.0,137.0,0.6263736263736264,38,False,79,False,119,False,143,True,173,True,193,True,210,True,244,True,297,True,76_100,136_160,136_160
direct_ridge_schedule_building,2027,Temple,temple,Amer,Adam Fisher,0.4632211248115312,136_160,81,2159,0.18812720984290737,0.18812720984290737,0.18812720984290737,0.15145671140461991,11.0,0.2727272727272727,0.7272727272727273,0.09090909090909091,0.6363636363636364,0.25641025641025644,0.7435897435897436,0.055555555555555566,0.688034188034188,0.5729995269866394,0.1791513228306295,5.192891597998445,0.1624428312334638,-0.5754243727076724,33.46434780219781,0.563034823018739,0.23456648063977908,,0.563034823018739,0.0,0.23456648063977908,0.0,0.5729995269866394,138.0,,7,0.563034823018739,1.7335300507333333,2385.0899999999997,138.0,138.0,0.6236263736263736,38,False,79,False,119,False,143,True,173,True,193,True,210,True,244,True,297,True,76_100,136_160,136_160
direct_ridge_schedule_building,2027,Indiana St.,indiana state,MVC,Matthew Graves,0.4630451787773279,201_250,81,2159,0.24596651744168962,0.24596651744168962,0.24596651744168962,0.2889376283485372,11.0,0.2727272727272727,0.7272727272727273,0.09090909090909091,0.6363636363636364,0.25641025641025644,0.7435897435897436,0.055555555555555566,0.688034188034188,0.497043458622194,0.25411257188157776,7.787497270301485,0.24117139974334612,0.4197377492160249,45.00647234432242,0.6135689914914133,0.3634083194292619,,0.6135689914914133,0.0,0.3634083194292619,0.0,0.497043458622194,122.0,,7,0.6135689914914133,3.979898774933334,3268.78,139.0,139.0,0.6208791208791209,38,False,79,False,119,False,143,True,173,True,193,True,210,True,244,True,297,True,76_100,136_160,136_160
direct_ridge_schedule_building,2027,Furman,furman,SC,Bob Richey,0.4614402792284579,161_200,81,2159,0.1516423064567941,0.1516423064567941,0.1516423064567941,0.0,10.0,0.5,0.5,0.1,0.4,0.48780487804878053,0.5121951219512195,0.06341463414634146,0.44878048780487806,0.39950922753175633,0.13788396087648852,1.2053639390104762,0.07582115322839705,0.6047572542685095,73.31075,0.6127679965794803,0.05235602094240843,,0.6127679965794803,0.036985928404096126,0.0033201379134210228,0.274998320416157,0.39950922753175633,182.0,,4,0.6127679965794803,1.8536128779333336,2453.63,140.0,140.0,0.6181318681318682,38,False,79,False,119,False,143,True,173,True,193,True,210,True,244,True,297,True,76_100,136_160,136_160
direct_ridge_schedule_building,2027,Miami OH,miami oh,MAC,Travis Steele,0.46127666454363353,136_160,81,2159,0.3611285714285714,0.3611285714285714,0.3611285714285714,0.2608506298409548,12.0,0.75,0.25,0.0,0.25,0.7228915662650601,0.2771084337349397,0.0,0.2771084337349397,0.42397409274805087,0.357450873731443,11.212209737737954,0.2932238095238095,2.831768380558222,,0.6764348126072797,,,0.6764348126072797,0.21196901893287431,,0.18744579144539072,0.42397409274805087,,,3,0.6764348126072797,4.3216117411166675,1947.0,141.0,141.0,0.6153846153846154,38,False,79,False,119,False,143,True,173,True,193,True,210,True,244,True,297,True,76_100,136_160,136_160
direct_ridge_schedule_building,2027,Arkansas St.,arkansas state,SB,Ryan Pannone,0.45987762564924867,136_160,81,2159,0.14130416890261369,0.14130416890261369,0.14130416890261369,0.11024896112970248,8.0,0.25,0.75,0.25,0.5,0.25316455696202533,0.7468354430379747,0.16455696202531647,0.5822784810126582,0.5298823178704938,0.12714629320394785,3.6230786522331746,0.11506704548821561,3.3761408458465705,24.06402117522053,0.6795326717751244,0.15739887240301187,,0.6795326717751244,0.0,0.15739887240301187,0.0,0.5298823178704938,117.0,,4,0.6795326717751244,4.7541653574166665,1724.83,142.0,142.0,0.6126373626373627,38,False,79,False,119,False,143,True,173,True,193,True,210,True,244,True,297,True,76_100,136_160,136_160
direct_ridge_schedule_building,2027,Charleston,charleston,CAA,John Groce,0.4581730078237447,161_200,81,2159,0.149026723114486,0.149026723114486,0.149026723114486,0.17122690386055628,12.0,0.3333333333333333,0.6666666666666667,0.08333333333333333,0.5833333333333334,0.3149606299212599,0.6850393700787403,0.05118110236220474,0.6338582677165355,0.520100726061641,0.14139415300320515,2.2520178548882366,0.1412731479259266,1.5954032702184529,82.777416666667,0.6816166727199112,0.5183246073298429,,0.6816166727199112,0.04449547966170917,0.026528424784598263,0.4320483634169517,0.520100726061641,93.0,,7,0.6816166727199112,1.9465140271,3356.14,143.0,143.0,0.6098901098901099,38,False,79,False,119,False,143,True,173,True,193,True,210,True,244,True,297,True,76_100,136_160,136_160
direct_ridge_schedule_building,2027,Western Michigan,western michigan,MAC,Kahil Fennell,0.4445159557103836,251_300,81,2159,0.0,0.0,0.0,0.0,11.0,0.0,1.0,0.18181818181818182,0.8181818181818182,0.0,1.0,0.11158798283261803,0.8884120171673819,0.49689976379842477,0.0,0.0,0.0,7.816195784676734,29.976804475548068,0.8338510418894065,0.20872216788447157,,0.8338510418894065,0.0,0.20872216788447157,0.0,0.49689976379842477,127.0,,9,0.8338510418894065,8.771040629766665,5937.0599999999995,144.0,144.0,0.6071428571428572,38,False,79,False,119,False,143,False,173,True,193,True,210,True,244,True,297,True,101_135,136_160,136_160
direct_ridge_schedule_building,2027,Bradley,bradley,MVC,Brian Wardle,0.44325648825017505,101_135,81,2159,0.12999063740379166,0.12999063740379166,0.12999063740379166,0.1308032165063164,7.0,0.42857142857142855,0.5714285714285714,0.0,0.5714285714285714,0.39473684210526316,0.6052631578947368,0.0,0.6052631578947368,0.4954968238598354,0.11986797315650921,0.920088104605552,0.12080166680586021,-0.9857882413694318,,0.45725918322742815,,,0.45725918322742815,0.047684868475997455,,0.27676213721660126,0.4954968238598354,,,4,0.45725918322742815,1.16251285965,1406.1200000000001,145.0,145.0,0.6043956043956045,38,False,79,False,119,False,143,False,173,True,193,True,210,True,244,True,297,True,101_135,136_160,136_160
direct_ridge_schedule_building,2027,Seattle,seattle,WCC,Chris Victor,0.4418914121889563,136_160,81,2159,0.19993726322901334,0.19993726322901334,0.19993726322901334,0.18041951376226142,8.0,0.5,0.5,0.0,0.5,0.46511627906976744,0.5348837209302325,0.0,0.5348837209302325,0.48678226426300686,0.19894991874817267,2.4144055390870127,0.17703984991434019,-0.14182755235026892,,0.5499013376829501,,,0.5499013376829501,0.082344116239228,,0.29413327364436864,0.48678226426300686,,,4,0.5499013376829501,1.1952245253666667,1192.54,146.0,146.0,0.6016483516483517,38,False,79,False,119,False,143,False,173,True,193,True,210,True,244,True,297,True,101_135,136_160,136_160
direct_ridge_schedule_building,2027,Kent St.,kent state,MAC,Rob Senderoff,0.4334811614985055,161_200,81,2159,0.14751872393706125,0.14751872393706125,0.14751872393706125,0.11132304795627311,11.0,0.45454545454545453,0.5454545454545454,0.09090909090909091,0.45454545454545453,0.43859649122807015,0.5614035087719298,0.05701754385964913,0.5043859649122807,0.6600454645032775,0.14546515412642544,6.09052365926633,0.1223274233073362,1.9948331469399976,78.31090617136489,0.6396666203605346,0.7492089062769691,,0.6396666203605346,0.0,0.7492089062769691,0.0,0.6600454645032775,60.0,,5,0.6396666203605346,2.174528415466667,1493.4099999999999,147.0,147.0,0.5989010989010989,38,False,79,False,119,False,143,False,173,True,193,True,210,True,244,True,297,True,101_135,136_160,136_160
direct_ridge_schedule_building,2027,Loyola Chicago,loyola chicago,A10,Drew Valentine,0.4245944163563907,251_300,81,2159,0.31619821312937835,0.31619821312937835,0.31619821312937835,0.3414928442523188,13.0,0.3076923076923077,0.6923076923076923,0.15384615384615385,0.5384615384615384,0.2996254681647941,0.7003745318352059,0.09737827715355807,0.6029962546816479,0.5649094800236012,0.3154202525223564,-0.03767627840949972,0.2809181598764678,3.4755676886106506,43.37224073540129,0.7327668062607128,0.38927391268195666,,0.7327668062607128,0.0,0.38927391268195666,0.0,0.5649094800236012,74.0,,7,0.7327668062607128,3.72749782895,3779.95,148.0,148.0,0.5961538461538461,38,False,79,False,119,False,143,False,173,True,193,True,210,True,244,True,297,True,101_135,136_160,136_160
direct_ridge_schedule_building,2027,San Diego,san diego,WCC,JR Blount,0.42448302418022266,201_250,81,2159,0.05264466326379382,0.05264466326379382,0.05264466326379382,0.0,13.0,0.38461538461538464,0.6153846153846154,0.0,0.6153846153846154,0.352112676056338,0.6478873239436619,0.0,0.6478873239436619,0.5118516496445722,0.04687367180505214,-3.176126526789769,0.02632233163189691,5.750587917124416,,0.7757262789992871,,,0.7757262789992871,0.009268426630949615,,0.5025832230136226,0.5118516496445722,,,8,0.7757262789992871,10.297657625983334,4995.030000000001,149.0,149.0,0.5934065934065934,38,False,79,False,119,False,143,False,173,True,193,True,210,True,244,True,297,True,101_135,136_160,136_160
direct_ridge_schedule_building,2027,Wright St.,wright state,Horz,Clint Sargent,0.42356513866327716,136_160,81,2159,0.4576772886656915,0.4576772886656915,0.4576772886656915,0.4625082036968922,8.0,0.5,0.5,0.0,0.5,0.46511627906976744,0.5348837209302325,0.0,0.5348837209302325,0.5720941451189838,0.4439001424380264,10.96504678146685,0.42244068993936534,1.6272945018466174,,0.6435307998954565,,,0.6435307998954565,0.19648404183226295,,0.34421414878129064,0.5720941451189838,,,4,0.6435307998954565,0.8798941571833334,1729.97,150.0,150.0,0.5906593406593407,38,False,79,False,119,False,143,False,173,True,193,True,210,True,244,True,297,True,101_135,136_160,136_160
direct_ridge_schedule_building,2027,Toledo,toledo,MAC,Tod Kowalczyk,0.4207465159954434,101_135,81,2159,0.5180241342618708,0.5180241342618708,0.5180241342618708,0.5007140543688213,11.0,0.6363636363636364,0.36363636363636365,0.09090909090909091,0.2727272727272727,0.6306306306306306,0.36936936936936937,0.058558558558558564,0.3108108108108108,0.5175472965337775,0.4987695039150975,8.795791439432097,0.4921140994651589,-0.6287384638071813,73.31075,0.5463598473232348,0.020942408376963373,,0.5463598473232348,0.31034222488793806,0.001226357247299657,0.1698145471410054,0.5175472965337775,188.0,,3,0.5463598473232348,1.8072433418666667,1001.0,151.0,151.0,0.5879120879120879,38,False,79,False,119,False,143,False,173,True,193,True,210,True,244,True,297,True,101_135,136_160,136_160
direct_ridge_schedule_building,2027,Kennesaw St.,kennesaw state,CUSA,Antoine Pettway,0.42010591925118945,136_160,81,2159,0.30596604081987117,0.30596604081987117,0.30596604081987117,0.3899348391583176,12.0,0.3333333333333333,0.6666666666666667,0.25,0.4166666666666667,0.3418803418803419,0.6581196581196581,0.16666666666666669,0.49145299145299143,0.4778512566772736,0.2895553213531248,5.099372146915563,0.30559617761497937,2.6435956668807514,17.42263259976001,0.6682494274295766,0.09376330475806915,,0.6682494274295766,0.0,0.09376330475806915,0.0,0.4778512566772736,114.0,,5,0.6682494274295766,3.8201452493999994,2678.87,152.0,152.0,0.5851648351648351,38,False,79,False,119,False,143,False,173,True,193,True,210,True,244,True,297,True,101_135,136_160,136_160
direct_ridge_schedule_building,2027,Vermont,vermont,AE,John Becker,0.4162589165217156,201_250,81,2159,0.1773527208704314,0.1773527208704314,0.1773527208704314,0.14863102998696218,8.0,0.25,0.75,0.0,0.75,0.22471910112359555,0.7752808988764046,0.0,0.7752808988764046,0.4474014626359178,0.20157711887868635,10.254501882048158,0.1496822369284705,-2.2062760171831557,,0.39143017977595373,,,0.39143017977595373,0.03363645773673495,,0.30346834162405406,0.4474014626359178,,,6,0.39143017977595373,-0.5372298438833334,2030.18,153.0,153.0,0.5824175824175823,38,False,79,False,119,False,143,False,173,True,193,True,210,True,244,True,297,True,101_135,136_160,136_160
direct_ridge_schedule_building,2027,Duquesne,duquesne,A10,Dru Joyce,0.41603441648934975,101_135,81,2159,0.06861237168711892,0.06861237168711892,0.06861237168711892,0.0,9.0,0.5555555555555556,0.4444444444444444,0.0,0.4444444444444444,0.5208333333333334,0.47916666666666663,0.0,0.47916666666666663,0.41224382304495444,0.062490101629201496,0.18548104508859753,0.03430618584355946,0.013871023873063873,,0.5929972202629059,,,0.5929972202629059,0.01786780512685389,,0.28414450137597574,0.41224382304495444,,,4,0.5929972202629059,2.3380226933333335,2102.27,154.0,154.0,0.5796703296703296,38,False,79,False,119,False,143,False,173,True,193,True,210,True,244,True,297,True,101_135,136_160,136_160
direct_ridge_schedule_building,2027,Sam Houston St.,sam houston state,CUSA,Chris Mudge,0.41506275348131466,136_160,81,2159,0.23132655266629892,0.23132655266629892,0.23132655266629892,0.22307968549179708,6.0,0.5,0.5,0.0,0.5,0.46511627906976744,0.5348837209302325,0.0,0.5348837209302325,0.5614436442222817,0.22500697090979868,3.1969040177936474,0.21084664789241253,2.2061903062699213,,0.6231111504862704,,,0.6231111504862704,0.09806820832205233,,0.33329201072521436,0.5614436442222817,,,3,0.6231111504862704,1.9504931654999997,539.0500000000001,155.0,155.0,0.5769230769230769,38,False,79,False,119,False,143,False,173,True,193,True,210,True,244,True,297,True,101_135,136_160,136_160
direct_ridge_schedule_building,2027,St. Thomas,saint thomas,Sum,Johnny Tauer,0.4110788164080209,101_135,81,2159,0.4188947472834808,0.4188947472834808,0.4188947472834808,0.40587530200588096,12.0,0.75,0.25,0.0,0.25,0.7228915662650601,0.2771084337349397,0.0,0.2771084337349397,0.4243733833761546,0.3802710417390955,10.628073055799412,0.3842118505878197,-0.41853690061637666,,0.468120760596458,,,0.468120760596458,0.27774350644902623,,0.12972021076769316,0.4243733833761546,,,3,0.468120760596458,0.7032887704999999,763.14,156.0,156.0,0.5741758241758241,38,False,79,False,119,False,143,False,173,True,193,True,210,True,244,True,297,True,101_135,136_160,136_160
direct_ridge_schedule_building,2027,Valparaiso,valparaiso,MVC,Roger Powell,0.4039614594458622,161_200,81,2159,0.4752606501426046,0.4752606501426046,0.4752606501426046,0.5355297218430837,10.0,0.7,0.30000000000000004,0.1,0.2,0.7035175879396985,0.2964824120603015,0.06532663316582915,0.23115577889447236,0.4755922545166622,0.4868270244973251,7.763298057981222,0.4556063343770066,-0.17717195793680104,77.644083333333,0.48856384392764746,0.26178010471204194,,0.48856384392764746,0.32052706941095943,0.017101212870635908,0.11293435588277279,0.4755922545166622,142.0,,2,0.48856384392764746,0.41671315961666655,892.28,157.0,157.0,0.5714285714285714,38,False,79,False,119,False,143,False,173,True,193,True,210,True,244,True,297,True,101_135,136_160,136_160
direct_ridge_schedule_building,2027,Pepperdine,pepperdine,WCC,Griff Aldrich,0.40230792692980233,251_300,81,2159,0.15734432179941096,0.15734432179941096,0.15734432179941096,0.09269097185556657,12.0,0.3333333333333333,0.6666666666666667,0.08333333333333333,0.5833333333333334,0.3149606299212599,0.6850393700787403,0.05118110236220474,0.6338582677165355,0.5349090448112418,0.1392929234248948,-3.800401340014496,0.11857146635195492,5.9268638780560545,73.31075,0.7831080410274308,0.10471204188481675,,0.7831080410274308,0.037345343732899196,0.005359277734262276,0.4963795063205369,0.5349090448112418,172.0,,7,0.7831080410274308,9.197423777500001,3736.4900000000002,158.0,158.0,0.5686813186813187,38,False,79,False,119,False,143,False,173,True,193,True,210,True,244,True,297,True,101_135,136_160,136_160
direct_ridge_schedule_building,2027,Kansas City,umkc,Sum,Mark Turgeon,0.39987141891419314,301_plus,81,2159,0.0,0.0,0.0,0.0,7.0,0.0,1.0,0.5714285714285714,0.42857142857142855,0.0,1.0,0.42975206611570255,0.5702479338842975,0.5593076982014128,0.0,0.0,0.0,0.39735265348285864,80.0,0.5434673832503095,0.3717277486910995,,0.5434673832503095,0.0,0.15975076803253865,0.3099111524319947,0.5593076982014128,121.0,,3,0.5434673832503095,2.2034482584333333,1372.0500000000002,159.0,159.0,0.5659340659340659,38,False,79,False,119,False,143,False,173,True,193,True,210,True,244,True,297,True,101_135,136_160,136_160
direct_ridge_schedule_building,2027,Fordham,fordham,A10,Mike Magpayo,0.3956306860081592,136_160,81,2159,0.3685889292507571,0.3685889292507571,0.3685889292507571,0.26711026228880685,12.0,0.6666666666666666,0.3333333333333333,0.08333333333333333,0.25,0.6611570247933884,0.33884297520661155,0.05371900826446281,0.28512396694214875,0.5697372213469174,0.35132593815397944,6.179349578516675,0.2969006434246397,3.015016308666314,52.17965915750922,0.6923949651162973,0.450388355100397,,0.6923949651162973,0.0,0.450388355100397,0.0,0.5697372213469174,104.0,,3,0.6923949651162973,5.138406699633333,2067.05,160.0,160.0,0.5631868131868132,38,False,79,False,119,False,143,False,173,True,193,True,210,True,244,True,297,True,101_135,136_160,136_160
direct_ridge_schedule_building,2027,Pacific,pacific,WCC,Dave Smart,0.3936707578153245,136_160,81,2159,0.12870641379465445,0.12870641379465445,0.12870641379465445,0.09204347148780799,9.0,0.2222222222222222,0.7777777777777777,0.1111111111111111,0.6666666666666666,0.20942408376963353,0.7905759162303666,0.06806282722513089,0.7225130890052357,0.5999398012713557,0.12248841449289023,9.441519145656518,0.10659082219816159,-0.2054723724844558,55.10346868131869,0.5585186873583617,0.4852425061849146,,0.5585186873583617,0.0,0.4852425061849146,0.0,0.5999398012713557,98.0,,6,0.5585186873583617,0.4878684988666665,2752.66,161.0,161.0,0.5604395604395604,38,False,79,False,119,False,143,False,173,True,193,True,210,True,244,True,297,True,101_135,161_200,161_200
direct_ridge_schedule_building,2027,Austin Peay,austin peay,ASun,Corey Gipson,0.39137280501302024,161_200,81,2159,0.30067724838532806,0.30067724838532806,0.30067724838532806,0.3431920872823452,7.0,0.2857142857142857,0.7142857142857142,0.5714285714285714,0.14285714285714285,0.34782608695652173,0.6521739130434783,0.4521739130434783,0.19999999999999998,0.40805151645617443,0.32676619029984444,12.988464888153638,0.30067724838532806,-0.39434716755160604,27.572663899576597,0.3819379285720844,0.2295748539589654,,0.3819379285720844,0.0,0.2295748539589654,0.0,0.40805151645617443,76.0,,1,0.3819379285720844,0.0508949064,311.14,162.0,162.0,0.5576923076923077,38,False,79,False,119,False,143,False,173,True,193,True,210,True,244,True,297,True,101_135,161_200,161_200
direct_ridge_schedule_building,2027,Penn,penn,Ivy,Fran McCaffery,0.3907013630010776,136_160,81,2159,0.6314230330049025,0.6314230330049025,0.6314230330049025,0.5837341744148563,12.0,0.75,0.25,0.16666666666666666,0.08333333333333333,0.7860262008733624,0.21397379912663755,0.11353711790393013,0.10043668122270741,0.5165177046710585,0.6130350029422348,8.830769875807082,0.5525098973682231,-1.585045319165832,77.387685381403,0.36529540610584693,0.25654450261780104,,0.36529540610584693,0.43428725557327574,0.02912732344132239,0.036689058255172394,0.5165177046710585,143.0,,1,0.36529540610584693,-0.8074581482666666,506.73,163.0,163.0,0.554945054945055,38,False,79,False,119,False,143,False,173,True,193,True,210,True,244,True,297,True,101_135,161_200,161_200
direct_ridge_schedule_building,2027,New Mexico St.,new mexico state,CUSA,Jason Hooten,0.3900369454560675,161_200,81,2159,0.21810478943050407,0.21810478943050407,0.21810478943050407,0.2664814262113843,10.0,0.4,0.6,0.1,0.5,0.38461538461538464,0.6153846153846153,0.0625,0.5528846153846153,0.5816909672754417,0.19466680226430666,1.6473437167445693,0.21695500611061752,0.6300593649368835,22.581563919413853,0.6467423435057557,0.11127092802485475,,0.6467423435057557,0.0,0.11127092802485475,0.0,0.5816909672754417,155.0,,5,0.6467423435057557,1.8638933995833336,4106.530000000001,164.0,164.0,0.5521978021978022,38,False,79,False,119,False,143,False,173,True,193,True,210,True,244,True,297,True,101_135,161_200,161_200
direct_ridge_schedule_building,2027,Buffalo,buffalo,MAC,George Halcovage,0.38600617269226184,201_250,81,2159,0.005578530838118473,0.005578530838118473,0.005578530838118473,0.0,9.0,0.2222222222222222,0.7777777777777778,0.0,0.7777777777777778,0.1990049751243781,0.8009950248756218,0.0,0.8009950248756218,0.5369774040456454,0.004144557696986726,-28.313674466666665,0.0027892654190592365,3.4448072208537357,,0.7045598563214777,,,0.7045598563214777,0.0005550776953351713,,0.5643489396405865,0.5369774040456454,,,7,0.7045598563214777,6.252115932366666,3907.63,165.0,165.0,0.5494505494505495,38,False,79,False,119,False,143,False,173,True,193,True,210,True,244,True,297,True,101_135,161_200,161_200
direct_ridge_schedule_building,2027,Tulane,tulane,Amer,Ron Hunter,0.3833443207125422,201_250,81,2159,0.2935632458344896,0.2935632458344896,0.2935632458344896,0.21571673349395076,15.0,0.5333333333333333,0.4666666666666667,0.06666666666666667,0.4,0.5144694533762058,0.48553054662379425,0.041800643086816726,0.4437299035369775,0.5544880805528208,0.2822697337409197,1.3861660572860535,0.24291200451473566,1.4064832082037266,38.85240641025648,0.6588487384713122,0.2935964559001208,,0.6588487384713122,0.0,0.2935964559001208,0.0,0.5544880805528208,132.0,,6,0.6588487384713122,5.383576976433334,2710.66,166.0,166.0,0.5467032967032968,38,False,79,False,119,False,143,False,173,True,193,True,210,True,244,True,297,True,101_135,161_200,161_200
direct_ridge_schedule_building,2027,Ohio,ohio,MAC,Jeff Boals,0.37984416442445645,201_250,81,2159,0.20607335831392573,0.20607335831392573,0.20607335831392573,0.15222059181788825,5.0,0.6,0.4,0.0,0.4,0.5660377358490566,0.43396226415094336,0.0,0.43396226415094336,0.4972408039573585,0.22270480119284666,5.4599880654702195,0.16965122486995932,1.8493149881531126,,0.6615938967669048,,,0.6615938967669048,0.09602899520941093,,0.2871067853894115,0.4972408039573585,,,2,0.6615938967669048,4.4918934625,1863.1599999999999,167.0,167.0,0.543956043956044,38,False,79,False,119,False,143,False,173,True,193,True,210,True,244,True,297,True,101_135,161_200,161_200
direct_ridge_schedule_building,2027,James Madison,james madison,SB,Preston Spradlin,0.3787741025572109,201_250,81,2159,0.14700465116279068,0.14700465116279068,0.14700465116279068,0.14032905395569886,10.0,0.2,0.7999999999999999,0.1,0.7,0.18691588785046734,0.8130841121495328,0.06074766355140188,0.7523364485981309,0.5180372734226439,0.13280516105331747,3.1211025300575823,0.13104496124031006,-0.2933923686283804,39.0721866300367,0.5968463819810096,0.29684137851677117,,0.5968463819810096,0.0,0.29684137851677117,0.0,0.5180372734226439,131.0,,7,0.5968463819810096,2.495400692383334,3350.75,168.0,168.0,0.5412087912087913,38,False,79,False,119,False,143,False,173,True,193,True,210,True,244,True,297,True,101_135,161_200,161_200
direct_ridge_schedule_building,2027,Oakland,oakland,Horz,Greg Kampe,0.377701943321384,161_200,81,2159,0.09445952506528213,0.09445952506528213,0.09445952506528213,0.0,7.0,0.2857142857142857,0.7142857142857143,0.0,0.7142857142857143,0.25806451612903225,0.7419354838709676,0.0,0.7419354838709676,0.5135849283701579,0.08569632838673302,2.3654674564586378,0.047229762532641065,-0.16025605329790465,,0.5582845061198249,,,0.5582845061198249,0.012188325814875113,,0.4142110851856765,0.5135849283701579,,,5,0.5582845061198249,2.8567045415833334,1975.42,169.0,169.0,0.5384615384615384,38,False,79,False,119,False,143,False,173,True,193,True,210,True,244,True,297,True,101_135,161_200,161_200
direct_ridge_schedule_building,2027,Winthrop,winthrop,BSth,Mark Prosser,0.37649921377766976,136_160,81,2159,0.09897767725187306,0.09897767725187306,0.09897767725187306,0.0,11.0,0.2727272727272727,0.7272727272727273,0.0,0.7272727272727273,0.24590163934426232,0.7540983606557378,0.0,0.7540983606557378,0.4319069481607167,0.09085886251675467,0.8460083022527343,0.04948883862593653,-3.152923774796631,,0.5192781373495153,,,0.5192781373495153,0.012169386547361443,,0.39158679209963454,0.4319069481607167,,,8,0.5192781373495153,0.9061187798000001,2870.72,170.0,170.0,0.5357142857142857,38,False,79,False,119,False,143,False,173,True,193,True,210,True,244,True,297,True,101_135,161_200,161_200
direct_ridge_schedule_building,2027,Jacksonville St.,jacksonville state,CUSA,Ray Harper,0.376309920647603,201_250,81,2159,0.3521209582987889,0.3521209582987889,0.3521209582987889,0.40147970264686667,9.0,0.4444444444444444,0.5555555555555556,0.0,0.5555555555555556,0.41025641025641024,0.5897435897435898,0.0,0.5897435897435898,0.4632361963967351,0.3506613719815442,8.684073974022887,0.3509619740339661,-0.6482679281267816,,0.4766052765570941,,,0.4766052765570941,0.1439843996036784,,0.28107490668751706,0.4632361963967351,,,5,0.4766052765570941,0.13221473450000004,1387.54,171.0,171.0,0.532967032967033,38,False,79,False,119,False,143,False,173,True,193,True,210,True,244,True,297,True,101_135,161_200,161_200
direct_ridge_schedule_building,2027,Texas St.,texas state,SB,Terrence Johnson,0.37184425135114474,201_250,81,2159,0.4812042080450631,0.4812042080450631,0.4812042080450631,0.5466855853003029,12.0,0.5,0.5,0.16666666666666666,0.3333333333333333,0.5042016806722689,0.49579831932773105,0.1092436974789916,0.38655462184873945,0.4871756228012741,0.4883470480178868,9.82532444285284,0.46226109171477336,1.7910699289146437,46.68520761329076,0.6782592499530675,0.42592539646957805,,0.6782592499530675,0.0,0.42592539646957805,0.0,0.4871756228012741,70.0,,4,0.6782592499530675,5.0696097898333345,2925.72,172.0,172.0,0.5302197802197802,38,False,79,False,119,False,143,False,173,True,193,True,210,True,244,True,297,True,101_135,161_200,161_200
direct_ridge_schedule_building,2027,Towson,towson,CAA,Pat Skerry,0.36871199882404715,136_160,81,2159,0.2524280155642023,0.2524280155642023,0.2524280155642023,0.23280381876516157,9.0,0.4444444444444444,0.5555555555555556,0.1111111111111111,0.4444444444444444,0.43243243243243246,0.5675675675675675,0.07027027027027027,0.4972972972972973,0.6205821262909462,0.2292462342669815,4.659420307365048,0.22345136186770426,-2.8841846499861674,50.594530952380886,0.31252526327592484,0.4329094988780853,,0.31252526327592484,0.0,0.4329094988780853,0.0,0.6205821262909462,106.0,,4,0.31252526327592484,-0.6483743559333335,626.3199999999999,173.0,173.0,0.5274725274725275,38,False,79,False,119,False,143,False,173,True,193,True,210,True,244,True,297,True,101_135,161_200,161_200
direct_ridge_schedule_building,2027,UT Arlington,ut arlington,WAC,K.T. Turner,0.36681555199072463,136_160,81,2159,0.21683692785819872,0.21683692785819872,0.21683692785819872,0.23134234950941396,7.0,0.5714285714285714,0.42857142857142855,0.14285714285714285,0.2857142857142857,0.5755395683453237,0.4244604316546763,0.09352517985611512,0.33093525179856115,0.595514045123892,0.20938118247449397,1.9556685257120767,0.1981710227852602,-3.1156657204032996,40.41086794871802,0.4699792070498889,0.31107531212243256,,0.4699792070498889,0.0,0.31107531212243256,0.0,0.595514045123892,130.0,,2,0.4699792070498889,1.2409667752000002,880.2299999999999,174.0,174.0,0.5247252747252747,38,False,79,False,119,False,143,False,173,False,193,True,210,True,244,True,297,True,136_160,161_200,161_200
direct_ridge_schedule_building,2027,North Dakota St.,north dakota state,Sum,Dave Richman,0.36679954606172477,136_160,81,2159,0.22825643810663745,0.22825643810663745,0.22825643810663745,0.18576154926038702,8.0,0.5,0.5,0.0,0.5,0.46511627906976744,0.5348837209302325,0.0,0.5348837209302325,0.4642600523157096,0.20299729898486474,4.614739703570897,0.19545628672132337,-1.541793410455032,,0.4943739868778271,,,0.4943739868778271,0.09090990080061552,,0.26443259763232607,0.4642600523157096,,,4,0.4943739868778271,0.1967919678333332,1769.1599999999999,175.0,175.0,0.5219780219780219,38,False,79,False,119,False,143,False,173,False,193,True,210,True,244,True,297,True,136_160,161_200,161_200
direct_ridge_schedule_building,2027,Cal Baptist,cal baptist,WAC,Kyle Getter,0.3649353798708852,136_160,81,2159,0.2162960980477147,0.2162960980477147,0.2162960980477147,0.21920297099420857,8.0,0.5,0.5,0.125,0.375,0.4938271604938272,0.5061728395061729,0.08024691358024692,0.42592592592592593,0.6373150530290961,0.1941415767111716,5.953822911992949,0.19984014591957544,0.6277426245418827,64.4068489966555,0.5362727144000642,0.5921063229963753,,0.5362727144000642,0.0,0.5921063229963753,0.0,0.6373150530290961,82.0,,3,0.5362727144000642,1.2499130044666666,763.87,176.0,176.0,0.5192307692307692,38,False,79,False,119,False,143,False,173,False,193,True,210,True,244,True,297,True,136_160,161_200,161_200
direct_ridge_schedule_building,2027,Robert Morris,robert morris,Horz,Andrew Toole,0.3647046042181757,136_160,81,2159,0.33644211158716864,0.33644211158716864,0.33644211158716864,0.3437495873427893,9.0,0.5555555555555556,0.4444444444444444,0.0,0.4444444444444444,0.5208333333333334,0.47916666666666663,0.0,0.47916666666666663,0.5483682941816915,0.3117468271635941,2.5617587705412994,0.3122677902325655,8.2784721908001,,0.8283961658139702,,,0.8283961658139702,0.16263947407946122,,0.39693982945252737,0.5483682941816915,,,4,0.8283961658139702,12.352420313266666,2870.1899999999996,177.0,177.0,0.5164835164835164,38,False,79,False,119,False,143,False,173,False,193,True,210,True,244,True,297,True,136_160,161_200,161_200
direct_ridge_schedule_building,2027,Louisiana Tech,louisiana tech,CUSA,Talvin Hester,0.36407919258847354,161_200,81,2159,0.1088148628599021,0.1088148628599021,0.1088148628599021,0.12332149117315637,10.0,0.3,0.7,0.4,0.3,0.3314917127071823,0.6685082872928176,0.287292817679558,0.38121546961325964,0.5469547081513768,0.0977877650847412,0.32669156185468795,0.10463715364376243,0.036538461538461534,25.072163437269445,0.18269230769230768,0.17832111081248503,,0.18269230769230768,0.0,0.17832111081248503,0.0,0.5469547081513768,105.0,,3,0.18269230769230768,0.0,0.0,178.0,178.0,0.5137362637362637,38,False,79,False,119,False,143,False,173,False,193,True,210,True,244,True,297,True,136_160,161_200,161_200
direct_ridge_schedule_building,2027,Middle Tennessee,middle tennessee,CUSA,Nicholas McDevitt,0.3607590251688093,161_200,81,2159,0.24126508200881688,0.24126508200881688,0.24126508200881688,0.15243535308514547,8.0,0.5,0.5,0.125,0.375,0.4938271604938272,0.5061728395061729,0.08024691358024692,0.42592592592592593,0.6069171339132072,0.23122521516185626,4.434819685828129,0.18616060249043276,-3.4086628767302023,60.9942036709668,0.3831854222794181,0.5518094470974052,,0.3831854222794181,0.0,0.5518094470974052,0.0,0.6069171339132072,89.0,,3,0.3831854222794181,-0.08182858116666666,1452.38,179.0,179.0,0.510989010989011,38,False,79,False,119,False,143,False,173,False,193,True,210,True,244,True,297,True,136_160,161_200,161_200
direct_ridge_schedule_building,2027,William & Mary,william and mary,CAA,Brian Earl,0.36033693763869007,136_160,81,2159,0.00123348340714787,0.00123348340714787,0.00123348340714787,0.0,8.0,0.125,0.875,0.0,0.875,0.11049723756906078,0.8895027624309392,0.0,0.8895027624309392,0.5609484242403345,0.0010787233123473092,-28.502200000000002,0.000616741703573935,2.0972067462854524,,0.6124186707664749,,,0.6124186707664749,6.814825453855636e-05,,0.5447480994110633,0.5609484242403345,,,7,0.6124186707664749,1.7019078006,1975.79,180.0,180.0,0.5082417582417582,38,False,79,False,119,False,143,False,173,False,193,True,210,True,244,True,297,True,136_160,161_200,161_200
direct_ridge_schedule_building,2027,Harvard,harvard,Ivy,Tommy Amaker,0.35929091756819226,136_160,81,2159,0.8327703387306805,0.8327703387306805,0.8327703387306805,0.8158394034942219,16.0,0.875,0.125,0.125,0.0,0.9150326797385621,0.08496732026143791,0.08496732026143791,0.0,0.6063513451577286,0.8267828511287597,10.899923240343801,0.7838673412029229,,64.63741245452553,,0.5839364823658018,,,0.0,0.5839364823658018,,0.6063513451577286,94.0,,,,,,181.0,181.0,0.5054945054945055,38,False,79,False,119,False,143,False,173,False,193,True,210,True,244,True,297,True,136_160,161_200,161_200
direct_ridge_schedule_building,2027,UT Rio Grande Valley,ut rio grande valley,Slnd,Brandon Chambers,0.35831807817705563,136_160,81,2159,0.00036334719258516746,0.00036334719258516746,0.00036334719258516746,0.0,6.0,0.16666666666666666,0.8333333333333334,0.0,0.8333333333333334,0.14814814814814814,0.8518518518518517,0.0,0.8518518518518517,0.48375237784972347,0.00024822906334893735,-21.611130000000003,0.00018167359629258373,0.42612242768127995,,0.47525132247028956,,,0.47525132247028956,2.6914606858160552e-05,,0.40484371914135775,0.48375237784972347,,,5,0.47525132247028956,-0.03626423779999999,970.6700000000001,182.0,182.0,0.5027472527472527,38,False,79,False,119,False,143,False,173,False,193,True,210,True,244,True,297,True,136_160,161_200,161_200
direct_ridge_schedule_building,2027,East Carolina,east carolina,Amer,Mike Schwartz,0.35640975028217264,201_250,81,2159,0.05549291276886787,0.05549291276886787,0.05549291276886787,0.0,9.0,0.1111111111111111,0.8888888888888888,0.2222222222222222,0.6666666666666666,0.10869565217391304,0.8913043478260869,0.14130434782608695,0.75,0.4294163008256342,0.05434147109895985,-2.676802499999999,0.027746456384433935,2.113913754209211,44.69425550278157,0.6736450987423132,0.3632011967090501,,0.6736450987423132,0.0,0.3632011967090501,0.0,0.4294163008256342,118.0,,6,0.6736450987423132,5.1057708715,3376.4799999999996,183.0,183.0,0.5,38,False,79,False,119,False,143,False,173,False,193,True,210,True,244,True,297,True,136_160,161_200,161_200
direct_ridge_schedule_building,2027,Iona,iona,MAAC,Dan Geriot,0.3456951725489736,251_300,81,2159,0.19891372313426434,0.19891372313426434,0.19891372313426434,0.23816902580412536,8.0,0.375,0.625,0.0,0.625,0.34285714285714286,0.6571428571428571,0.0,0.6571428571428571,0.44680731638265125,0.18910485242508004,1.7926004096554529,0.19815587337395635,1.2569553360858283,,0.6237642220568385,,,0.6237642220568385,0.06793915658535646,,0.4099022030659224,0.44680731638265125,,,5,0.6237642220568385,1.6316521669666666,3046.72,184.0,184.0,0.49725274725274726,38,False,79,False,119,False,143,False,173,False,193,True,210,True,244,True,297,True,136_160,161_200,161_200
direct_ridge_schedule_building,2027,Tarleton St.,tarleton state,WAC,Eric Haut,0.3431488080028857,201_250,81,2159,0.30440543926640035,0.30440543926640035,0.30440543926640035,0.2862911205981458,15.0,0.6,0.4,0.0,0.4,0.5660377358490566,0.43396226415094336,0.0,0.43396226415094336,0.4662201633158666,0.27651518393463165,-1.4604646212033523,0.25034052683421937,4.0149307322166505,,0.7478022978571456,,,0.7478022978571456,0.14170218500050152,,0.32451797831536505,0.4662201633158666,,,6,0.7478022978571456,5.286215497716667,3749.8199999999997,185.0,185.0,0.4945054945054945,38,False,79,False,119,False,143,False,173,False,193,True,210,True,244,True,297,True,136_160,161_200,161_200
direct_ridge_schedule_building,2027,Massachusetts,massachusetts,MAC,Frank Martin,0.3316746354634002,161_200,81,2159,0.413675505939069,0.413675505939069,0.413675505939069,0.3849028505352418,10.0,0.6,0.4,0.1,0.3,0.594059405940594,0.4059405940594059,0.06435643564356436,0.34158415841584155,0.5939508127461209,0.3588317036840039,1.7960976250987075,0.3745231418369668,2.918800278819534,15.34859688644682,0.6209180657117047,0.03465853518209539,,0.6209180657117047,0.0,0.03465853518209539,0.0,0.5939508127461209,161.0,,3,0.6209180657117047,1.2927100337166668,1465.52,186.0,186.0,0.4917582417582418,38,False,79,False,119,False,143,False,173,False,193,True,210,True,244,True,297,True,136_160,161_200,161_200
direct_ridge_schedule_building,2027,UTEP,utep,CUSA,Joe Golding,0.3295160454431345,251_300,81,2159,0.0024035568393404555,0.0024035568393404555,0.0024035568393404555,0.0,10.0,0.1,0.8999999999999999,0.3,0.6,0.10152284263959392,0.8984771573604061,0.19796954314720813,0.700507614213198,0.46575141376151363,0.0016061181375251832,-27.0638,0.0012017784196702277,0.8839514234832416,48.91365121622581,0.6368950408564565,0.4603451604980632,,0.6368950408564565,0.0,0.4603451604980632,0.0,0.46575141376151363,54.0,,6,0.6368950408564565,2.058032371933333,3167.34,187.0,187.0,0.48901098901098905,38,False,79,False,119,False,143,False,173,False,193,True,210,True,244,True,297,True,136_160,161_200,161_200
direct_ridge_schedule_building,2027,Western Carolina,western carolina,SC,Tim Craft,0.3274736832971899,201_250,81,2159,0.2212258377720494,0.2212258377720494,0.2212258377720494,0.12419340637224689,9.0,0.4444444444444444,0.5555555555555556,0.1111111111111111,0.4444444444444444,0.43243243243243246,0.5675675675675675,0.07027027027027027,0.4972972972972973,0.41338880273365797,0.2063831484018336,6.2634595723933355,0.16124590601089905,1.1995629532582979,73.31075,0.6350310506886887,0.12565445026178013,,0.6350310506886887,0.06972795935606446,0.008829772180557523,0.31579922520734793,0.41338880273365797,168.0,,4,0.6350310506886887,2.5135631009,2103.49,188.0,188.0,0.4862637362637363,38,False,79,False,119,False,143,False,173,False,193,True,210,True,244,True,297,True,136_160,161_200,161_200
direct_ridge_schedule_building,2027,Texas A&M Corpus Chris,texas a and m corpus chris,Slnd,Jim Shaw,0.3274062926597098,161_200,81,2159,0.22754849785407727,0.22754849785407727,0.22754849785407727,0.12419701744231744,11.0,0.6363636363636364,0.36363636363636365,0.09090909090909091,0.2727272727272727,0.6306306306306306,0.36936936936936937,0.058558558558558564,0.3108108108108108,0.28370826083839373,0.20956580990245702,2.4353107740084594,0.15853218884120174,-1.6417615891783097,73.31075,0.44177076346741284,0.026178010471204164,,0.44177076346741284,0.09997525422418127,0.0015329465591245684,0.1373071291858175,0.28370826083839373,187.0,,3,0.44177076346741284,-0.07481290259999995,1432.4,189.0,189.0,0.48351648351648346,38,False,79,False,119,False,143,False,173,False,193,True,210,True,244,True,297,True,136_160,161_200,161_200
direct_ridge_schedule_building,2027,CSUN,cal state northridge,BW,Andy Newman,0.32710027982277823,161_200,81,2159,0.08174065947745979,0.08174065947745979,0.08174065947745979,0.09020224584391931,9.0,0.3333333333333333,0.6666666666666666,0.0,0.6666666666666666,0.30303030303030304,0.696969696969697,0.0,0.696969696969697,0.3987003913259042,0.07254209720724149,-4.078078777056483,0.08067628339791169,-2.1609752744996493,,0.4448970545173368,,,0.4448970545173368,0.024447358605427787,,0.310079765269659,0.3987003913259042,,,6,0.4448970545173368,-0.4611676498666666,2753.0299999999997,190.0,190.0,0.4807692307692307,38,False,79,False,119,False,143,False,173,False,193,True,210,True,244,True,297,True,136_160,161_200,161_200
direct_ridge_schedule_building,2027,UC Riverside,uc riverside,BW,Gus Argenal,0.32630194769729826,251_300,81,2159,0.06995344992241655,0.06995344992241655,0.06995344992241655,0.0,10.0,0.2,0.8,0.0,0.8,0.1785714285714286,0.8214285714285714,0.0,0.8214285714285714,0.43652265018385134,0.06672929043831033,1.738539144429621,0.03497672496120827,1.4222516638852223,,0.5525142415292548,,,0.5525142415292548,0.006245843743072907,,0.4538509841133164,0.43652265018385134,,,8,0.5525142415292548,2.3202500493000002,1298.7400000000002,191.0,191.0,0.478021978021978,38,False,79,False,119,False,143,False,173,False,193,True,210,True,244,True,297,True,136_160,161_200,161_200
direct_ridge_schedule_building,2027,Marshall,marshall,SB,Cornelius Jackson,0.3262008389013373,201_250,81,2159,0.10305823073908185,0.10305823073908185,0.10305823073908185,0.0,9.0,0.3333333333333333,0.6666666666666666,0.0,0.6666666666666666,0.30303030303030304,0.696969696969697,0.0,0.696969696969697,0.39133343853274793,0.09074087995787901,2.2649045915237283,0.051529115369540926,-1.196072640785313,,0.4522451904232842,,,0.4522451904232842,0.015614883445315433,,0.3152011933253193,0.39133343853274793,,,6,0.4522451904232842,0.8913457109333331,1376.2800000000002,192.0,192.0,0.47527472527472525,38,False,79,False,119,False,143,False,173,False,193,True,210,True,244,True,297,True,136_160,161_200,161_200
direct_ridge_schedule_building,2027,Little Rock,little rock,OVC,Travis Ford,0.32176942656982155,301_plus,81,2159,0.019718366197276994,0.019718366197276994,0.019718366197276994,0.0,5.0,0.2,0.8,0.0,0.8,0.1785714285714286,0.8214285714285714,0.0,0.8214285714285714,0.5442172778330889,0.019076233400908412,6.630289999999997,0.009859183098638497,0.9256081291222619,,0.5956174487058734,,,0.5956174487058734,0.0017605684104711604,,0.489257190008396,0.5442172778330889,,,4,0.5956174487058734,2.1875251818833332,2218.9,193.0,193.0,0.4725274725274725,38,False,79,False,119,False,143,False,173,False,193,True,210,True,244,True,297,True,136_160,161_200,161_200
direct_ridge_schedule_building,2027,South Alabama,south alabama,SB,Richie Riley,0.32158956983243076,161_200,81,2159,0.07509699574072493,0.07509699574072493,0.07509699574072493,0.08619350577236451,2.0,0.5,0.5,0.0,0.5,0.46511627906976744,0.5348837209302325,0.0,0.5348837209302325,0.503460438477037,0.07758367839063003,15.509687499999998,0.07509699574072493,0.05203619909502262,,0.2601809954751131,,,0.2601809954751131,0.03492883522824415,,0.13916657897506046,0.503460438477037,,,1,0.2601809954751131,0.0,0.0,194.0,194.0,0.4697802197802198,38,False,79,False,119,False,143,False,173,False,193,False,210,True,244,True,297,True,161_200,161_200,161_200
direct_ridge_schedule_building,2027,Monmouth,monmouth,CAA,King Rice,0.3174349631863088,161_200,81,2159,0.13970999120595298,0.13970999120595298,0.13970999120595298,0.1265881091189088,10.0,0.7,0.3,0.0,0.3,0.6698564593301436,0.33014354066985646,0.0,0.33014354066985646,0.31945268846266417,0.14771607428346034,2.2471374645063023,0.12502528101249893,-1.7099229473798714,,0.48005650682172246,,,0.48005650682172246,0.08374899206578877,,0.15848755488372657,0.31945268846266417,,,3,0.48005650682172246,0.27592124433333326,1824.84,195.0,195.0,0.46703296703296704,38,False,79,False,119,False,143,False,173,False,193,False,210,True,244,True,297,True,161_200,161_200,161_200
direct_ridge_schedule_building,2027,La Salle,la salle,A10,Darris Nichols,0.3157942025665903,201_250,81,2159,0.109379914354148,0.109379914354148,0.109379914354148,0.12593320192194696,10.0,0.4,0.6,0.0,0.6,0.36697247706422026,0.6330275229357798,0.0,0.6330275229357798,0.4358423143864315,0.09398452780008126,-6.676321577084719,0.1004935523673578,1.5720846456615776,,0.6151516884234157,,,0.6151516884234157,0.036878367841232225,,0.38940794955243746,0.4358423143864315,,,6,0.6151516884234157,1.6052366493999997,2363.5499999999997,196.0,196.0,0.4642857142857143,38,False,79,False,119,False,143,False,173,False,193,False,210,True,244,True,297,True,161_200,161_200,161_200
direct_ridge_schedule_building,2027,Lipscomb,lipscomb,ASun,Kevin Carroll,0.31514880620642394,161_200,81,2159,0.42709735456233855,0.42709735456233855,0.42709735456233855,0.444845159235412,6.0,0.6666666666666666,0.3333333333333333,0.16666666666666666,0.16666666666666666,0.6896551724137931,0.3103448275862069,0.1120689655172414,0.19827586206896552,0.48055043945851433,0.39967900466422907,5.844600200715036,0.3966737426328902,-0.22805105707993237,21.635776373626374,0.4014668830904658,0.10143259881479777,,0.4014668830904658,0.0,0.10143259881479777,0.0,0.48055043945851433,156.0,,1,0.4014668830904658,-0.17419846648333334,520.34,197.0,197.0,0.46153846153846156,38,False,79,False,119,False,143,False,173,False,193,False,210,True,244,True,297,True,161_200,161_200,161_200
direct_ridge_schedule_building,2027,Troy,troy,SB,Adam Howard,0.31065870075359725,136_160,81,2159,0.08930182618738271,0.08930182618738271,0.08930182618738271,0.08711464839814631,5.0,0.8,0.2,0.0,0.2,0.7766990291262136,0.2233009708737864,0.0,0.2233009708737864,0.4191643133968213,0.07713842748570497,2.0907610646627974,0.08366040493720225,-4.210384306875416,,0.28814070437208816,,,0.28814070437208816,0.06497895529103087,,0.06434209903454395,0.4191643133968213,,,1,0.28814070437208816,-0.5822925899999999,763.31,198.0,198.0,0.4587912087912088,38,False,79,False,119,False,143,False,173,False,193,False,210,True,244,True,297,True,161_200,161_200,161_200
direct_ridge_schedule_building,2027,Montana,montana,BSky,Travis DeCuire,0.3101970980588112,161_200,81,2159,0.3280566930498682,0.3280566930498682,0.3280566930498682,0.30547896116633033,12.0,0.4166666666666667,0.5833333333333334,0.16666666666666666,0.4166666666666667,0.4149377593360996,0.5850622406639003,0.1078838174273859,0.4771784232365145,0.27380651074364415,0.30732013960792803,4.434637114143827,0.29900100499497506,0.04049773755656109,77.387685381403,0.20248868778280543,0.23036649214659688,,0.20248868778280543,0.12406680705185688,0.024852816580130783,0.09662323275942997,0.27380651074364415,148.0,,5,0.20248868778280543,0.0,0.0,199.0,199.0,0.4560439560439561,38,False,79,False,119,False,143,False,173,False,193,False,210,True,244,True,297,True,161_200,161_200,161_200
direct_ridge_schedule_building,2027,Eastern Washington,eastern washington,BSky,Dan Monson,0.30914978875986776,161_200,81,2159,0.24711357931668526,0.24711357931668526,0.24711357931668526,0.1692538054642177,4.0,0.75,0.25,0.0,0.25,0.7228915662650601,0.2771084337349397,0.0,0.2771084337349397,0.45181682078780006,0.252827833834316,7.194220753157367,0.1933053024559575,0.029864253393665163,,0.14932126696832582,,,0.14932126696832582,0.1397387728597283,,0.04137818241290955,0.45181682078780006,,,1,0.14932126696832582,0.0,0.0,200.0,200.0,0.45329670329670335,38,False,79,False,119,False,143,False,173,False,193,False,210,True,244,True,297,True,161_200,161_200,161_200
direct_ridge_schedule_building,2027,Ball St.,ball state,MAC,Chris Capko,0.30858473250216806,251_300,81,2159,0.1802921355229821,0.1802921355229821,0.1802921355229821,0.18689352679073978,13.0,0.3076923076923077,0.6923076923076923,0.07692307692307693,0.6153846153846154,0.2888086642599278,0.7111913357400722,0.04693140794223827,0.6642599277978339,0.4191573537551186,0.15156771769063504,1.73969028093856,0.16820017301097218,3.841484533397707,26.89072142857143,0.7392957219347954,0.15721765145848915,,0.7392957219347954,0.0,0.15721765145848915,0.0,0.4191573537551186,151.0,,8,0.7392957219347954,4.643080498650001,3783.85,201.0,201.0,0.4505494505494505,38,False,79,False,119,False,143,False,173,False,193,False,210,True,244,True,297,True,161_200,201_250,201_250
direct_ridge_schedule_building,2027,Montana St.,montana state,BSky,Matt Logie,0.3076400476990096,136_160,81,2159,0.4854946486356201,0.4854946486356201,0.4854946486356201,0.3861017806927683,10.0,0.8,0.2,0.0,0.2,0.7766990291262136,0.2233009708737864,0.0,0.2233009708737864,0.413132872643386,0.4757279681240747,6.875373096897995,0.4044617780444486,-4.373725136994809,,0.2047455133039522,,,0.2047455133039522,0.3141450703257853,,0.04571987190282427,0.413132872643386,,,2,0.2047455133039522,-0.9174219670666668,184.23000000000002,202.0,202.0,0.44780219780219777,38,False,79,False,119,False,143,False,173,False,193,False,210,True,244,True,297,True,161_200,201_250,201_250
direct_ridge_schedule_building,2027,Long Beach St.,long beach state,BW,Chris Acker,0.30631337770156475,201_250,81,2159,0.065832640597865,0.065832640597865,0.065832640597865,0.0,11.0,0.2727272727272727,0.7272727272727273,0.09090909090909091,0.6363636363636364,0.25641025641025644,0.7435897435897436,0.055555555555555566,0.688034188034188,0.38975674320645126,0.05644497530741216,-6.201761532455677,0.0329163202989325,0.31173084365035303,41.296655494505494,0.5260931287901257,0.32091364133248945,,0.5260931287901257,0.0,0.32091364133248945,0.0,0.38975674320645126,129.0,,7,0.5260931287901257,0.49058379826666676,1768.23,203.0,203.0,0.44505494505494503,38,False,79,False,119,False,143,False,173,False,193,False,210,True,244,True,297,True,161_200,201_250,201_250
direct_ridge_schedule_building,2027,UNC Greensboro,unc greensboro,SC,Jerod Haase,0.30363687963395164,251_300,81,2159,0.1277609782766492,0.1277609782766492,0.1277609782766492,0.13871598509484384,10.0,0.2,0.7999999999999999,0.1,0.7,0.18691588785046734,0.8130841121495328,0.06074766355140188,0.7523364485981309,0.6702793126348302,0.12549302047130467,1.3366616080192477,0.1248505805351611,-0.9903496277774947,63.48055420449122,0.36324949306370746,0.5801737529486221,,0.36324949306370746,0.0,0.5801737529486221,0.0,0.6702793126348302,85.0,,7,0.36324949306370746,-0.5166224842833332,815.21,204.0,204.0,0.4423076923076923,38,False,79,False,119,False,143,False,173,False,193,False,210,True,244,True,297,True,161_200,201_250,201_250
direct_ridge_schedule_building,2027,Bowling Green,bowling green,MAC,Todd Simon,0.3016963410798311,136_160,81,2159,0.19166549355014822,0.19166549355014822,0.19166549355014822,0.12820373902662754,12.0,0.5,0.5,0.0,0.5,0.46511627906976744,0.5348837209302325,0.0,0.5348837209302325,0.35701427080764014,0.19625830923432477,2.2510535507058194,0.15473807455527444,-1.9795268611299757,,0.49781018496368307,,,0.49781018496368307,0.07197119746756951,,0.2662705640503421,0.35701427080764014,,,6,0.49781018496368307,1.4160621040166665,1912.4699999999998,205.0,205.0,0.43956043956043955,38,False,79,False,119,False,143,False,173,False,193,False,210,True,244,True,297,True,161_200,201_250,201_250
direct_ridge_schedule_building,2027,Lamar,lamar,Slnd,Jordan Fee,0.30086793080039936,201_250,81,2159,0.008039484978540772,0.008039484978540772,0.008039484978540772,0.0,9.0,0.1111111111111111,0.8888888888888888,0.0,0.8888888888888888,0.09803921568627451,0.9019607843137254,0.0,0.9019607843137254,0.39785220079794004,0.008109045158173546,-23.537775000000003,0.004019742489270386,-1.9449782139595422,,0.43709120791704453,,,0.43709120791704453,0.00039409240090886136,,0.3942391287094911,0.39785220079794004,,,8,0.43709120791704453,-1.6309913561833338,2390.56,206.0,206.0,0.4368131868131868,38,False,79,False,119,False,143,False,173,False,193,False,210,True,244,True,297,True,161_200,201_250,201_250
direct_ridge_schedule_building,2027,South Dakota St.,south dakota state,Sum,Bryan Petersen,0.300245323212008,201_250,81,2159,0.5418403433476394,0.5418403433476394,0.5418403433476394,0.5769456107801972,9.0,0.7777777777777778,0.2222222222222222,0.0,0.2222222222222222,0.7526881720430109,0.24731182795698925,0.0,0.24731182795698925,0.47212594417459075,0.56683221185929,7.687540603807719,0.5245038626609442,-3.459129338628816,,0.29547648421007017,,,0.29547648421007017,0.3947878536157645,,0.07307482942829692,0.47212594417459075,,,2,0.29547648421007017,-1.2723031243166667,831.98,207.0,207.0,0.4340659340659341,38,False,79,False,119,False,143,False,173,False,193,False,210,True,244,True,297,True,161_200,201_250,201_250
direct_ridge_schedule_building,2027,Navy,navy,PL,Jon Perry,0.300074245498491,136_160,81,2159,0.40114009130614736,0.40114009130614736,0.40114009130614736,0.38705909571442804,10.0,1.0,0.0,0.0,0.0,1.0,0.0,0.0,0.0,0.4320184495336763,0.38084298837686176,7.000772405913718,0.38660400437379916,,,,,,,0.38660400437379916,,,0.4320184495336763,,,,,,,208.0,208.0,0.43131868131868134,38,False,79,False,119,False,143,False,173,False,193,False,210,True,244,True,297,True,161_200,201_250,201_250
direct_ridge_schedule_building,2027,UC Davis,uc davis,BW,Jim Les,0.2986211116214157,161_200,81,2159,0.47674392558056194,0.47674392558056194,0.47674392558056194,0.4696996501720605,7.0,0.8571428571428571,0.14285714285714285,0.0,0.14285714285714285,0.8391608391608392,0.16083916083916083,0.0,0.16083916083916083,0.4752073397884704,0.46451378330036147,3.899628362923033,0.43590459489470373,-0.970618768007796,,0.2841651239454364,,,0.2841651239454364,0.3657940656459052,,0.04570488007514012,0.4752073397884704,,,1,0.2841651239454364,-0.22151649999999998,41.73,209.0,209.0,0.4285714285714286,38,False,79,False,119,False,143,False,173,False,193,False,210,True,244,True,297,True,161_200,201_250,201_250
direct_ridge_schedule_building,2027,Old Dominion,old dominion,SB,Mike K. Jones,0.29849436993815287,201_250,81,2159,0.28776143005534793,0.28776143005534793,0.28776143005534793,0.23456073417773166,11.0,0.5454545454545454,0.45454545454545453,0.0,0.45454545454545453,0.5106382978723404,0.48936170212765956,0.0,0.48936170212765956,0.38132453165620955,0.2612728900893205,4.432851877144968,0.24191485403327073,-0.5217864581968124,,0.5173328297968346,,,0.5173328297968346,0.12353098929358504,,0.2531628741558978,0.38132453165620955,,,5,0.5173328297968346,0.3010216124666667,1640.4,210.0,210.0,0.42582417582417587,38,False,79,False,119,False,143,False,173,False,193,False,210,True,244,True,297,True,161_200,201_250,201_250
direct_ridge_schedule_building,2027,Queens,queens,ASun,Grant Leonard,0.2967453814464218,161_200,81,2159,0.24835984922583718,0.24835984922583718,0.24835984922583718,0.2413928654953301,7.0,0.7142857142857143,0.2857142857142857,0.0,0.2857142857142857,0.6849315068493151,0.3150684931506849,0.0,0.3150684931506849,0.34853345349062226,0.2649620455289433,10.153578302287723,0.23041089171063273,-3.9219432269224654,,0.29415491154276097,,,0.29415491154276097,0.15781567925385806,,0.09267894473265072,0.34853345349062226,,,2,0.29415491154276097,0.011687500000000002,313.62,211.0,211.0,0.42307692307692313,38,False,79,False,119,False,143,False,173,False,193,False,210,False,244,True,297,True,201_250,201_250,201_250
direct_ridge_schedule_building,2027,Northern Colorado,northern colorado,BSky,Steve Smiley,0.2962808054308308,136_160,81,2159,0.15428539467529037,0.15428539467529037,0.15428539467529037,0.10642896023195779,7.0,0.5714285714285714,0.42857142857142855,0.0,0.42857142857142855,0.5369127516778525,0.46308724832214765,0.0,0.46308724832214765,0.395746944610576,0.14320348160660112,-4.539856547364026,0.12734913661602298,-3.3133866384982227,,0.3273180474203197,,,0.3273180474203197,0.06837537536430766,,0.1515768139060541,0.395746944610576,,,3,0.3273180474203197,0.06779110471666666,927.71,212.0,212.0,0.4203296703296703,38,False,79,False,119,False,143,False,173,False,193,False,210,False,244,True,297,True,201_250,201_250,201_250
direct_ridge_schedule_building,2027,Northern Kentucky,northern kentucky,Horz,Darrin Horn,0.28858255756430695,161_200,81,2159,0.2443088364234469,0.2443088364234469,0.2443088364234469,0.21084847347037095,9.0,0.5555555555555556,0.4444444444444444,0.0,0.4444444444444444,0.5208333333333334,0.47916666666666663,0.0,0.47916666666666663,0.4392859705503094,0.1990867134342784,1.1098961859339607,0.2173922086898644,-0.17868111781876678,,0.5639859099271273,,,0.5639859099271273,0.11322510869263772,,0.27024324850674847,0.4392859705503094,,,4,0.5639859099271273,0.9086532224833332,2063.7,213.0,213.0,0.41758241758241754,38,False,79,False,119,False,143,False,173,False,193,False,210,False,244,True,297,True,201_250,201_250,201_250
direct_ridge_schedule_building,2027,Radford,radford,BSth,Zach Chu,0.286850597087415,251_300,81,2159,0.07957261161826568,0.07957261161826568,0.07957261161826568,0.0,8.0,0.375,0.625,0.0,0.625,0.34285714285714286,0.6571428571428571,0.0,0.6571428571428571,0.4002261076191755,0.0745544695373077,-2.241307594679221,0.03978630580913284,2.633046032518988,,0.6238101228625929,,,0.6238101228625929,0.013641019134559831,,0.40993236645256104,0.4002261076191755,,,5,0.6238101228625929,2.2646409400833334,1343.37,214.0,214.0,0.4148351648351648,38,False,79,False,119,False,143,False,173,False,193,False,210,False,244,True,297,True,201_250,201_250,201_250
direct_ridge_schedule_building,2027,Missouri St.,missouri state,CUSA,Cuonzo Martin,0.2861082667113499,201_250,81,2159,0.22306771681539536,0.22306771681539536,0.22306771681539536,0.1705209281901588,8.0,0.375,0.625,0.0,0.625,0.34285714285714286,0.6571428571428571,0.0,0.6571428571428571,0.37415229860105725,0.20536429591892,3.8883655645608903,0.18673314222404228,0.03947963800904978,,0.1973981900452489,,,0.1973981900452489,0.06402279161967164,,0.12971881060116355,0.37415229860105725,,,5,0.1973981900452489,0.0,0.0,215.0,215.0,0.41208791208791207,38,False,79,False,119,False,143,False,173,False,193,False,210,False,244,True,297,True,201_250,201_250,201_250
direct_ridge_schedule_building,2027,Chattanooga,chattanooga,SC,Dan Earl,0.28548433222579006,301_plus,81,2159,0.23012810565699404,0.23012810565699404,0.23012810565699404,0.17114532104622787,10.0,0.5,0.5,0.1,0.4,0.48780487804878053,0.5121951219512195,0.06341463414634146,0.44878048780487806,0.36169629223989774,0.21354383698064228,3.2353847112503056,0.18139536888567043,-0.5175534806700389,73.31075,0.5411750286480296,0.010471204188481686,,0.5411750286480296,0.08848554579788802,0.0006640275826842045,0.24286879334448158,0.36169629223989774,190.0,,4,0.5411750286480296,2.0085986783666665,1456.88,216.0,216.0,0.40934065934065933,38,False,79,False,119,False,143,False,173,False,193,False,210,False,244,True,297,True,201_250,201_250,201_250
direct_ridge_schedule_building,2027,Portland St.,portland state,BSky,Jase Coburn,0.2835788389803272,136_160,81,2159,0.025692035398230093,0.025692035398230093,0.025692035398230093,0.0,11.0,0.2727272727272727,0.7272727272727273,0.0,0.7272727272727273,0.24590163934426232,0.7540983606557378,0.0,0.7540983606557378,0.34182928091736137,0.02076483304685817,-17.984258461008544,0.012846017699115047,0.8050199367704293,,0.40409609732947027,,,0.40409609732947027,0.0031588568112577986,,0.304728204543535,0.34182928091736137,,,8,0.40409609732947027,-0.337913019,565.06,217.0,217.0,0.4065934065934066,38,False,79,False,119,False,143,False,173,False,193,False,210,False,244,True,297,True,201_250,201_250,201_250
direct_ridge_schedule_building,2027,Central Arkansas,central arkansas,ASun,John Shulman,0.28349481127071896,136_160,81,2159,0.5804436515891334,0.5804436515891334,0.5804436515891334,0.589497481969946,11.0,0.8181818181818182,0.18181818181818182,0.0,0.18181818181818182,0.7964601769911505,0.20353982300884954,0.0,0.20353982300884954,0.5166279685165169,0.5568383160471486,8.430774903283554,0.5351880630319972,3.027232195108737,,0.47618215902319794,,,0.47618215902319794,0.42625597940601545,,0.09692203236755355,0.5166279685165169,,,2,0.47618215902319794,0.6102408040666667,550.87,218.0,218.0,0.40384615384615385,38,False,79,False,119,False,143,False,173,False,193,False,210,False,244,True,297,True,201_250,201_250,201_250
direct_ridge_schedule_building,2027,Abilene Christian,abilene christian,WAC,Brette Tanner,0.28026815738438626,201_250,81,2159,0.2125154771270468,0.2125154771270468,0.2125154771270468,0.23500467118725835,5.0,0.6,0.4,0.0,0.4,0.5660377358490566,0.43396226415094336,0.0,0.43396226415094336,0.39400999276471793,0.20514612662809642,0.6855003368647621,0.20165742188407665,0.06266009812930966,,0.29213548194424216,,,0.29213548194424216,0.11414571050042074,,0.12677577518335037,0.39400999276471793,,,2,0.29213548194424216,-0.1350710145,127.59,219.0,219.0,0.4010989010989011,38,False,79,False,119,False,143,False,173,False,193,False,210,False,244,True,297,True,201_250,201_250,201_250
direct_ridge_schedule_building,2027,Georgia St.,georgia state,SB,Jon Cremins,0.2773280605119963,301_plus,81,2159,0.19726874995850677,0.19726874995850677,0.19726874995850677,0.127689045764658,10.0,0.4,0.6,0.1,0.5,0.38461538461538464,0.6153846153846153,0.0625,0.5528846153846153,0.45292140652340007,0.18409464999519112,-0.3946129881116667,0.15096065114488105,1.196697477239321,48.28339542124549,0.6263824398262123,0.4015073931304298,,0.6263824398262123,0.0,0.4015073931304298,0.0,0.45292140652340007,115.0,,5,0.6263824398262123,1.313024432516667,3089.5999999999995,220.0,220.0,0.3983516483516484,38,False,79,False,119,False,143,False,173,False,193,False,210,False,244,True,297,True,201_250,201_250,201_250
direct_ridge_schedule_building,2027,Northern Illinois,northern illinois,MAC,Matt Majkrzak,0.27606682670094546,301_plus,81,2159,0.0519537569777035,0.0519537569777035,0.0519537569777035,0.0,14.0,0.14285714285714285,0.8571428571428571,0.0,0.8571428571428571,0.12658227848101267,0.8734177215189873,0.0,0.8734177215189873,0.5188478083148075,0.053194448185924816,-1.096746409568981,0.02597687848885175,0.30143594943752916,,0.5902783778548011,,,0.5902783778548011,0.0032882124669432597,,0.5155595958478643,0.5188478083148075,,,12,0.5902783778548011,1.629380203466667,2867.67,221.0,221.0,0.39560439560439564,38,False,79,False,119,False,143,False,173,False,193,False,210,False,244,True,297,True,201_250,201_250,201_250
direct_ridge_schedule_building,2027,Tennessee St.,tennessee state,OVC,Nolan Smith,0.2760424971261853,161_200,81,2159,0.07415294324628463,0.07415294324628463,0.07415294324628463,0.0,8.0,0.5,0.5,0.0,0.5,0.46511627906976744,0.5348837209302325,0.0,0.5348837209302325,0.38318991621448306,0.06441074439705834,1.7743884000156669,0.037076471623142315,0.9611601859528796,,0.5830376071314417,,,0.5830376071314417,0.017244870522391775,,0.3118573247447246,0.38318991621448306,,,4,0.5830376071314417,1.5289044337833333,903.3000000000001,222.0,222.0,0.3928571428571429,38,False,79,False,119,False,143,False,173,False,193,False,210,False,244,True,297,True,201_250,201_250,201_250
direct_ridge_schedule_building,2027,Wofford,wofford,SC,Kevin Giltner,0.27479809429183455,251_300,81,2159,0.3907807315862765,0.3907807315862765,0.3907807315862765,0.4508187019901473,14.0,0.5,0.5,0.21428571428571427,0.2857142857142857,0.5166051660516606,0.4833948339483395,0.14391143911439117,0.3394833948339483,0.4102155479773281,0.36416297350027516,3.6638928989254334,0.3882097729622789,-2.393385685186298,24.248487300614734,0.40715254619592,0.15775847189459757,,0.40715254619592,0.0,0.15775847189459757,0.0,0.4102155479773281,119.0,,4,0.40715254619592,0.5796771191666668,512.69,223.0,223.0,0.39010989010989006,38,False,79,False,119,False,143,False,173,False,193,False,210,False,244,True,297,True,201_250,201_250,201_250
direct_ridge_schedule_building,2027,Cornell,cornell,Ivy,Jon Jaques,0.2745450140165041,161_200,81,2159,0.4110380952380952,0.4110380952380952,0.4110380952380952,0.37300770821205614,11.0,0.9090909090909091,0.09090909090909091,0.0,0.09090909090909091,0.8968609865470851,0.10313901345291479,0.0,0.10313901345291479,0.3652432801322682,0.3766572348479758,5.431200462360109,0.3470971428571429,0.02669683257918552,,0.1334841628959276,,,0.1334841628959276,0.3112978859705317,,0.013767424872674147,0.3652432801322682,,,1,0.1334841628959276,0.0,0.0,224.0,224.0,0.3873626373626373,38,False,79,False,119,False,143,False,173,False,193,False,210,False,244,True,297,True,201_250,201_250,201_250
direct_ridge_schedule_building,2027,Portland,portland,WCC,Shantay Legans,0.27189264547091685,201_250,81,2159,0.38228098517523973,0.38228098517523973,0.38228098517523973,0.4100603374656032,7.0,0.5714285714285714,0.42857142857142855,0.0,0.42857142857142855,0.5369127516778525,0.46308724832214765,0.0,0.46308724832214765,0.46340885904176743,0.36605900138700903,2.634857826760536,0.3619911256089128,-0.7983673330115131,,0.5115616699777833,,,0.5115616699777833,0.1943576513336445,,0.23689768609709427,0.46340885904176743,,,3,0.5115616699777833,1.73667471085,1558.51,225.0,225.0,0.3846153846153846,38,False,79,False,119,False,143,False,173,False,193,False,210,False,244,True,297,True,201_250,201_250,201_250
direct_ridge_schedule_building,2027,Appalachian St.,appalachian state,SB,Dustin Kerns,0.27134814405636,161_200,81,2159,0.2169508966730566,0.2169508966730566,0.2169508966730566,0.2020125563775458,9.0,0.4444444444444444,0.5555555555555556,0.1111111111111111,0.4444444444444444,0.43243243243243246,0.5675675675675675,0.07027027027027027,0.4972972972972973,0.534078165089039,0.19202534659272477,1.3849505114601368,0.19950456842681796,-2.481867583518285,22.80134413919407,0.34176709255190874,0.1145158506415051,,0.34176709255190874,0.0,0.1145158506415051,0.0,0.534078165089039,154.0,,4,0.34176709255190874,-0.161240341,1089.5900000000001,226.0,226.0,0.38186813186813184,38,False,79,False,119,False,143,False,173,False,193,False,210,False,244,True,297,True,201_250,201_250,201_250
direct_ridge_schedule_building,2027,Merrimack,merrimack,MAAC,Joe Gallo,0.2708129576280852,161_200,81,2159,0.37680364526200316,0.37680364526200316,0.37680364526200316,0.382257968296604,7.0,0.5714285714285714,0.42857142857142855,0.0,0.42857142857142855,0.5369127516778525,0.46308724832214765,0.0,0.46308724832214765,0.4242734140690955,0.3494818989893562,6.017754223964184,0.37018482362902594,-1.5074587453817974,,0.4267268701277489,,,0.4267268701277489,0.1987569522840408,,0.1976117720725817,0.4242734140690955,,,3,0.4267268701277489,0.10997098003333328,1248.2399999999998,227.0,227.0,0.3791208791208791,38,False,79,False,119,False,143,False,173,False,193,False,210,False,244,True,297,True,201_250,201_250,201_250
direct_ridge_schedule_building,2027,Weber St.,weber state,BSky,Kaleb Canales,0.26927039703186156,201_250,81,2159,0.08689783455007859,0.08689783455007859,0.08689783455007859,0.0,12.0,0.3333333333333333,0.6666666666666666,0.0,0.6666666666666666,0.30303030303030304,0.696969696969697,0.0,0.696969696969697,0.40127605038864367,0.07584189223802802,-2.5267873820799345,0.043448917275039294,2.0436883346770314,,0.5415851869118821,,,0.5415851869118821,0.013166338568193726,,0.37746846360525116,0.40127605038864367,,,8,0.5415851869118821,0.21455090400000001,367.90999999999997,228.0,228.0,0.37637362637362637,38,False,79,False,119,False,143,False,173,False,193,False,210,False,244,True,297,True,201_250,201_250,201_250
direct_ridge_schedule_building,2027,Stony Brook,stony brook,CAA,Geno Ford,0.2672013135907446,201_250,81,2159,0.2678490005744865,0.2678490005744865,0.2678490005744865,0.22031326645919924,9.0,0.5555555555555556,0.4444444444444444,0.0,0.4444444444444444,0.5208333333333334,0.47916666666666663,0.0,0.47916666666666663,0.3820117758346537,0.24287999649881864,5.169830652816529,0.2252291773319791,-1.6196354888113849,,0.49035007368783606,,,0.49035007368783606,0.11730686319373913,,0.23495941030875475,0.3820117758346537,,,4,0.49035007368783606,0.5710894622333335,1747.5,229.0,229.0,0.37362637362637363,38,False,79,False,119,False,143,False,173,False,193,False,210,False,244,True,297,True,201_250,201_250,201_250
direct_ridge_schedule_building,2027,Princeton,princeton,Ivy,Mitch Henderson,0.2657794275779768,251_300,81,2159,1.0,1.0,1.0,1.0,19.0,0.8947368421052632,0.10526315789473684,0.10526315789473684,0.0,0.9289617486338798,0.07103825136612023,0.07103825136612023,0.0,0.558990639344546,1.0,5.2099509878473995,0.926765822280815,,30.439698248441708,,0.21416489269892414,,,0.0,0.21416489269892414,,0.558990639344546,126.0,,,,,,230.0,230.0,0.3708791208791209,38,False,79,False,119,False,143,False,173,False,193,False,210,False,244,True,297,True,201_250,201_250,201_250
direct_ridge_schedule_building,2027,Eastern Michigan,eastern michigan,MAC,Billy Donlon,0.26303277062225366,201_250,81,2159,0.17103792982618526,0.17103792982618526,0.17103792982618526,0.2248949200871066,7.0,0.2857142857142857,0.7142857142857143,0.0,0.7142857142857143,0.25806451612903225,0.7419354838709676,0.0,0.7419354838709676,0.4784494439122785,0.16315932029884328,-0.6766766070738308,0.17103792982618526,0.3401107576787497,,0.5968043684775364,,,0.5968043684775364,0.04413882060030588,,0.44279033790268824,0.4784494439122785,,,5,0.5968043684775364,2.8339963777500006,2426.21,231.0,231.0,0.36813186813186816,38,False,79,False,119,False,143,False,173,False,193,False,210,False,244,True,297,True,201_250,201_250,201_250
direct_ridge_schedule_building,2027,Mercer,mercer,SC,Ryan Ridder,0.259800174608342,161_200,81,2159,0.2510361997503465,0.2510361997503465,0.2510361997503465,0.27532735325723356,9.0,0.3333333333333333,0.6666666666666667,0.1111111111111111,0.5555555555555556,0.3191489361702128,0.6808510638297873,0.06914893617021277,0.6117021276595745,0.3485993516122138,0.2353815287403116,5.2488170773753104,0.2507534430797028,-1.6622709183563802,73.31075,0.3503381967346641,0.07853403141361259,,0.3503381967346641,0.08002769459990516,0.005430544725409382,0.21430262034301265,0.3485993516122138,177.0,,5,0.3503381967346641,-0.2316896946,724.67,232.0,232.0,0.3653846153846154,38,False,79,False,119,False,143,False,173,False,193,False,210,False,244,True,297,True,201_250,201_250,201_250
direct_ridge_schedule_building,2027,Marist,marist,MAAC,John Dunne,0.2596170873300863,201_250,81,2159,0.269314841585851,0.269314841585851,0.269314841585851,0.27151808509781494,6.0,0.6666666666666666,0.3333333333333333,0.0,0.3333333333333333,0.634920634920635,0.3650793650793651,0.0,0.3650793650793651,0.381699355634058,0.25644394982866764,7.043399291597595,0.2465655772668352,-4.340302208385843,,0.34721054129908724,,,0.34721054129908724,0.1565495728678319,,0.12675940396633345,0.381699355634058,,,2,0.34721054129908724,0.33955900000000006,792.28,233.0,233.0,0.3626373626373627,38,False,79,False,119,False,143,False,173,False,193,False,210,False,244,True,297,True,201_250,201_250,201_250
direct_ridge_schedule_building,2027,Longwood,longwood,BSth,Ronnie Thomas,0.25934543957575135,251_300,81,2159,0.26204642335326633,0.26204642335326633,0.26204642335326633,0.2499416972923419,11.0,0.36363636363636365,0.6363636363636364,0.0,0.6363636363636364,0.33195020746887977,0.6680497925311204,0.0,0.6680497925311204,0.3971447780641517,0.2499649888157688,5.531170092225357,0.2350581840030393,-1.5907771277642357,,0.5003672543192165,,,0.5003672543192165,0.078027612947067,,0.3342702404373189,0.3971447780641517,,,7,0.5003672543192165,1.0719589101000002,1632.1799999999998,234.0,234.0,0.35989010989010994,38,False,79,False,119,False,143,False,173,False,193,False,210,False,244,True,297,True,201_250,201_250,201_250
direct_ridge_schedule_building,2027,San Jose St.,san jose state,MWC,Tim Miles,0.25825419015414786,201_250,81,2159,0.24552100470195284,0.24552100470195284,0.24552100470195284,0.29679409954190633,9.0,0.3333333333333333,0.6666666666666667,0.1111111111111111,0.5555555555555556,0.3191489361702128,0.6808510638297873,0.06914893617021277,0.6117021276595745,0.5536693315187073,0.22738121874743708,-2.523053080518171,0.24507820245634626,3.531092572947261,50.13497051282046,0.6416683799680191,0.42432541280708824,,0.6416683799680191,0.0,0.42432541280708824,0.0,0.5536693315187073,110.0,,5,0.6416683799680191,3.157939836366667,1248.9799999999998,235.0,235.0,0.3571428571428571,38,False,79,False,119,False,143,False,173,False,193,False,210,False,244,True,297,True,201_250,201_250,201_250
direct_ridge_schedule_building,2027,Drexel,drexel,CAA,Zach Spiker,0.2571319219560323,201_250,81,2159,0.22082049487190702,0.22082049487190702,0.22082049487190702,0.10846760954780525,5.0,1.0,0.0,0.0,0.0,1.0,0.0,0.0,0.0,0.3636479500263645,0.2201559227650077,1.3149992910009494,0.1571263617102393,,,,,,,0.1571263617102393,,,0.3636479500263645,,,,,,,236.0,236.0,0.35439560439560436,38,False,79,False,119,False,143,False,173,False,193,False,210,False,244,True,297,True,201_250,201_250,201_250
direct_ridge_schedule_building,2027,Idaho,idaho,BSky,Alex Pribble,0.25591555460300053,136_160,81,2159,0.13215205388059204,0.13215205388059204,0.13215205388059204,0.09901338783089392,7.0,0.42857142857142855,0.5714285714285714,0.0,0.5714285714285714,0.39473684210526316,0.6052631578947368,0.0,0.6052631578947368,0.34261727125715846,0.12185258535452075,4.76901813417323,0.10808948501287541,-1.936780310034025,,0.2835390672107958,,,0.2835390672107958,0.04266690197876661,,0.1716157512065343,0.34261727125715846,,,4,0.2835390672107958,-0.20342010348333345,372.62,237.0,237.0,0.3516483516483516,38,False,79,False,119,False,143,False,173,False,193,False,210,False,244,True,297,True,201_250,201_250,201_250
direct_ridge_schedule_building,2027,Youngstown St.,youngstown state,Horz,Ethan Faulkner,0.2508985953563962,201_250,81,2159,0.05051313128538615,0.05051313128538615,0.05051313128538615,0.0,7.0,0.14285714285714285,0.8571428571428571,0.0,0.8571428571428571,0.12658227848101267,0.8734177215189873,0.0,0.8734177215189873,0.3918236606917167,0.04482879357518325,0.6514625000000027,0.025256565642693074,-2.6321570211682856,,0.38576552820955434,,,0.38576552820955434,0.003197033625657351,,0.33693444868935757,0.3918236606917167,,,6,0.38576552820955434,-0.6742547648666666,1832.75,238.0,238.0,0.3489010989010989,38,False,79,False,119,False,143,False,173,False,193,False,210,False,244,True,297,True,201_250,201_250,201_250
direct_ridge_schedule_building,2027,Columbia,columbia,Ivy,Kevin Hovde,0.24933417526295987,161_200,81,2159,0.549296552669976,0.549296552669976,0.549296552669976,0.5106989823841667,11.0,0.8181818181818182,0.18181818181818182,0.09090909090909091,0.09090909090909091,0.8333333333333334,0.16666666666666666,0.06018518518518519,0.10648148148148147,0.44157670118618353,0.5332110021831424,5.411961052100929,0.4932731539507721,-4.62150766222165,73.31075,0.21189197864844647,0.015706806282722474,,0.21189197864844647,0.41106096162564343,0.0009453170447934823,0.022562571800529018,0.44157670118618353,189.0,,1,0.21189197864844647,-0.2155912182,284.51,239.0,239.0,0.34615384615384615,38,False,79,False,119,False,143,False,173,False,193,False,210,False,244,True,297,True,201_250,201_250,201_250
direct_ridge_schedule_building,2027,Rice,rice,Amer,Rob Lanier,0.24916273684612888,201_250,81,2159,0.35119637823756034,0.35119637823756034,0.35119637823756034,0.34566175988459774,12.0,0.5833333333333334,0.41666666666666663,0.16666666666666666,0.25,0.5957446808510639,0.40425531914893614,0.11063829787234043,0.2936170212765957,0.38010132062692853,0.32608175252671523,-6.148619595612013,0.31856187149251936,-0.26782504215088665,77.387685381403,0.5098548187386851,0.25130890052356025,,0.5098548187386851,0.18978154046362858,0.02780438899409603,0.14970205316157137,0.38010132062692853,144.0,,3,0.5098548187386851,0.8214863840833333,1659.62,240.0,240.0,0.3434065934065934,38,False,79,False,119,False,143,False,173,False,193,False,210,False,244,True,297,True,201_250,201_250,201_250
direct_ridge_schedule_building,2027,Samford,samford,SC,Lennie Acuff,0.24323724357134135,201_250,81,2159,0.418853631516656,0.418853631516656,0.418853631516656,0.3905795920841748,14.0,0.5714285714285714,0.4285714285714286,0.07142857142857142,0.35714285714285715,0.5555555555555556,0.4444444444444445,0.045138888888888895,0.3993055555555556,0.3511281382474246,0.3850300010318571,2.1388368713795027,0.3791129561926647,-3.424429907512978,73.31075,0.3424158746854768,0.08376963350785337,,0.3424158746854768,0.21061830899592485,0.0037812681791739374,0.1367285610723258,0.3511281382474246,176.0,,5,0.3424158746854768,-2.957059467633333,1722.56,241.0,241.0,0.34065934065934067,38,False,79,False,119,False,143,False,173,False,193,False,210,False,244,True,297,True,201_250,201_250,201_250
direct_ridge_schedule_building,2027,Utah Tech,dixie state,WAC,Jon Judkins,0.2407266371941772,161_200,81,2159,0.055695686274509805,0.055695686274509805,0.055695686274509805,0.05424736269334466,6.0,0.6666666666666666,0.3333333333333333,0.0,0.3333333333333333,0.634920634920635,0.3650793650793651,0.0,0.3650793650793651,0.3028320635502798,0.0564369309224681,-2.2800030234326614,0.05298666666666667,-6.00222521991474,,0.2238347718059251,,,0.2238347718059251,0.03364232804232805,,0.08171745637359171,0.3028320635502798,,,2,0.2238347718059251,-1.4898677572666665,1143.5,242.0,242.0,0.33791208791208793,38,False,79,False,119,False,143,False,173,False,193,False,210,False,244,True,297,True,201_250,201_250,201_250
direct_ridge_schedule_building,2027,Elon,elon,CAA,Billy Taylor,0.2402569295456991,201_250,81,2159,0.27833405463534905,0.27833405463534905,0.27833405463534905,0.31585801487011594,7.0,0.5714285714285714,0.42857142857142855,0.0,0.42857142857142855,0.5369127516778525,0.46308724832214765,0.0,0.46308724832214765,0.38770345285895313,0.2886744440771671,2.8747133501584337,0.27455131735977234,2.0060704552999216,,0.5158809271821058,,,0.5158809271821058,0.1474101032804147,,0.23889787903063958,0.38770345285895313,,,3,0.5158809271821058,1.065547372,730.65,243.0,243.0,0.3351648351648352,38,False,79,False,119,False,143,False,173,False,193,False,210,False,244,True,297,True,201_250,201_250,201_250
direct_ridge_schedule_building,2027,Hampton,hampton,CAA,Ivan Thomas,0.23918847504870935,251_300,81,2159,0.1780289819618941,0.1780289819618941,0.1780289819618941,0.1277846009784696,10.0,0.5,0.5,0.1,0.4,0.48780487804878053,0.5121951219512195,0.06341463414634146,0.44878048780487806,0.35551109104769457,0.17052133433598213,-1.8921821601660027,0.13570563159817325,1.227510943375626,73.31075,0.6424130712320091,0.10994764397905754,,0.6424130712320091,0.06619786907227965,0.006972289618184137,0.28830245147973094,0.35551109104769457,171.0,,4,0.6424130712320091,3.38628007765,2565.83,244.0,244.0,0.33241758241758246,38,False,79,False,119,False,143,False,173,False,193,False,210,False,244,True,297,True,201_250,201_250,201_250
direct_ridge_schedule_building,2027,New Orleans,new orleans,Slnd,Stacy Hollowell,0.23897869486469042,161_200,81,2159,0.22570341999485707,0.22570341999485707,0.22570341999485707,0.2042807623463077,9.0,0.4444444444444444,0.5555555555555556,0.2222222222222222,0.3333333333333333,0.4571428571428572,0.5428571428571429,0.14857142857142858,0.3942857142857143,0.36754169174011775,0.20658715882792453,0.6016216178635867,0.19805985254157507,-0.045363820876704306,77.387685381403,0.5719046367004363,0.24083769633507857,,0.5719046367004363,0.09054164687614862,0.03578160059835453,0.22549382818474348,0.36754169174011775,146.0,,3,0.5719046367004363,2.4940340986000002,1921.5500000000002,245.0,245.0,0.3296703296703297,38,False,79,False,119,False,143,False,173,False,193,False,210,False,244,False,297,True,251_300,201_250,201_250
direct_ridge_schedule_building,2027,Tennessee Tech,tennessee tech,OVC,Tobin Anderson,0.2380017478457808,301_plus,81,2159,0.2843165791367485,0.2843165791367485,0.2843165791367485,0.19301367412015288,15.0,0.3333333333333333,0.6666666666666666,0.06666666666666667,0.6,0.3125,0.6875,0.040625,0.646875,0.5003498650408407,0.2625840836094514,0.44844924064327607,0.21247002226789696,2.5043631685159204,73.31075,0.6705163853094405,0.005235602094240788,,0.6705163853094405,0.0663968819587178,0.00021269633507853202,0.4337402867470443,0.5003498650408407,191.0,,9,0.6705163853094405,4.838946591066667,3527.78,246.0,246.0,0.32692307692307687,38,False,79,False,119,False,143,False,173,False,193,False,210,False,244,False,297,True,251_300,201_250,201_250
direct_ridge_schedule_building,2027,Howard,howard,MEAC,Kenny Blakeney,0.23681558497568397,161_200,81,2159,0.3978959420821232,0.3978959420821232,0.3978959420821232,0.33822574287162355,11.0,0.8181818181818182,0.18181818181818182,0.0,0.18181818181818182,0.7964601769911505,0.20353982300884954,0.0,0.20353982300884954,0.37442931635101717,0.3693978495073156,6.366191223376303,0.3438254809068483,2.364981094314011,,0.48230103611637976,,,0.48230103611637976,0.2738433033771358,,0.09816746752811269,0.37442931635101717,,,2,0.48230103611637976,0.038954659700000005,384.04999999999995,247.0,247.0,0.32417582417582413,38,False,79,False,119,False,143,False,173,False,193,False,210,False,244,False,297,True,251_300,201_250,201_250
direct_ridge_schedule_building,2027,Florida Gulf Coast,florida gulf coast,ASun,Pat Chambers,0.2366554149113173,201_250,81,2159,0.30710400405254723,0.30710400405254723,0.30710400405254723,0.24989861215290363,8.0,0.75,0.25,0.0,0.25,0.7228915662650601,0.2771084337349397,0.0,0.2771084337349397,0.3916266447791008,0.2855410155837614,4.266335205232141,0.26108967805107075,-2.2295967908590346,,0.3002641182534206,,,0.3002641182534206,0.18873952630197882,,0.0832057195160081,0.3916266447791008,,,2,0.3002641182534206,0.016632483733333335,112.54,248.0,248.0,0.3214285714285714,38,False,79,False,119,False,143,False,173,False,193,False,210,False,244,False,297,True,251_300,201_250,201_250
direct_ridge_schedule_building,2027,Nebraska Omaha,nebraska omaha,Sum,Chris Crutchfield,0.23453414717702037,251_300,81,2159,0.20020635051433125,0.20020635051433125,0.20020635051433125,0.24584197021695278,10.0,0.3,0.7,0.2,0.5,0.2985074626865672,0.7014925373134329,0.1293532338308458,0.5721393034825871,0.2970241229798244,0.18853911207037302,5.1563317210236495,0.19854627607707415,-3.5433178530572866,77.387685381403,0.31361877289720386,0.23560209424083767,,0.31361877289720386,0.05926754509763408,0.03047589278737204,0.17943362628446988,0.2970241229798244,147.0,,5,0.31361877289720386,-0.29342076683333335,892.83,249.0,249.0,0.31868131868131866,38,False,79,False,119,False,143,False,173,False,193,False,210,False,244,False,297,True,251_300,201_250,201_250
direct_ridge_schedule_building,2027,Quinnipiac,quinnipiac,MAAC,Tom Pecora,0.23344554795967018,201_250,81,2159,0.33664112488379794,0.33664112488379794,0.33664112488379794,0.3115003483494167,11.0,0.6363636363636364,0.36363636363636365,0.0,0.36363636363636365,0.6034482758620691,0.39655172413793105,0.0,0.39655172413793105,0.28520080571899453,0.3099417674590444,6.370910736144055,0.30281332951459944,-6.252688659793317,,0.18385435614971365,,,0.18385435614971365,0.18273218160363763,,0.07290776192143818,0.28520080571899453,,,4,0.18385435614971365,-1.3178685342999998,632.28,250.0,250.0,0.3159340659340659,38,False,79,False,119,False,143,False,173,False,193,False,210,False,244,False,297,True,251_300,201_250,201_250
direct_ridge_schedule_building,2027,Cal St. Bakersfield,cal state bakersfield,BW,Todd Lee,0.23003895088023318,301_plus,81,2159,0.02326496122506462,0.02326496122506462,0.02326496122506462,0.0,4.0,0.5,0.5,0.0,0.5,0.46511627906976744,0.5348837209302325,0.0,0.5348837209302325,0.38620183998927027,0.02153695821287394,-9.491931414678703,0.01163248061253231,-1.902834806820924,,0.40563755630352827,,,0.40563755630352827,0.005410456098852237,,0.2169689254646779,0.38620183998927027,,,2,0.40563755630352827,-0.11870144754999999,682.0,251.0,251.0,0.3131868131868132,38,False,79,False,119,False,143,False,173,False,193,False,210,False,244,False,297,True,251_300,251_300,251_300
direct_ridge_schedule_building,2027,Tennessee Martin,tennessee martin,OVC,Jeremy Shulman,0.22909989204970285,201_250,81,2159,0.06187385892116182,0.06187385892116182,0.06187385892116182,0.07959135744480979,2.0,0.5,0.5,0.0,0.5,0.46511627906976744,0.5348837209302325,0.0,0.5348837209302325,0.3267821415908309,0.050782022487016916,-1.4591600000000025,0.06187385892116182,-4.029724183951543,,0.2529964757391981,,,0.2529964757391981,0.02877853903309852,,0.13532369632561758,0.3267821415908309,,,1,0.2529964757391981,-0.3120555507333334,118.28,252.0,252.0,0.31043956043956045,38,False,79,False,119,False,143,False,173,False,193,False,210,False,244,False,297,True,251_300,251_300,251_300
direct_ridge_schedule_building,2027,Southeast Missouri,southeast missouri state,OVC,Brad Korn,0.2279821616919172,201_250,81,2159,0.24433793067978016,0.24433793067978016,0.24433793067978016,0.2389481692137955,7.0,0.5714285714285714,0.42857142857142855,0.0,0.42857142857142855,0.5369127516778525,0.46308724832214765,0.0,0.46308724832214765,0.37204651546570267,0.2309681660079865,5.114840528036558,0.2217012670492535,1.627303109419992,,0.5649774496732948,,,0.5649774496732948,0.1190342373418811,,0.2616338525332707,0.37204651546570267,,,3,0.5649774496732948,1.6979034815999998,408.23,253.0,253.0,0.3076923076923077,38,False,79,False,119,False,143,False,173,False,193,False,210,False,244,False,297,True,251_300,251_300,251_300
direct_ridge_schedule_building,2027,Coastal Carolina,coastal carolina,SB,Justin Gray,0.22477440921415714,201_250,81,2159,0.20554734042301898,0.20554734042301898,0.20554734042301898,0.1738892671791814,7.0,0.42857142857142855,0.5714285714285714,0.0,0.5714285714285714,0.39473684210526316,0.6052631578947368,0.0,0.6052631578947368,0.3978623065806193,0.1832227896188229,2.0362838727360444,0.18039013743155588,1.2226136270396428,,0.4741994529416734,,,0.4741994529416734,0.0712066331966668,,0.28701545835943393,0.3978623065806193,,,4,0.4741994529416734,0.8519880207499999,917.75,254.0,254.0,0.30494505494505497,38,False,79,False,119,False,143,False,173,False,193,False,210,False,244,False,297,True,251_300,251_300,251_300
direct_ridge_schedule_building,2027,Southern Miss,southern miss,SB,Jay Ladner,0.22408099274280482,201_250,81,2159,0.21609754043633347,0.21609754043633347,0.21609754043633347,0.19000284268991355,11.0,0.36363636363636365,0.6363636363636364,0.0,0.6363636363636364,0.33195020746887977,0.6680497925311204,0.0,0.6680497925311204,0.4337584095121369,0.19598188994704158,0.9588469881144546,0.1864469861472851,-1.1482025774131597,,0.5421204473718108,,,0.5421204473718108,0.06189111573353864,,0.36216345239361636,0.4337584095121369,,,7,0.5421204473718108,0.9592392708666666,1842.33,255.0,255.0,0.30219780219780223,38,False,79,False,119,False,143,False,173,False,193,False,210,False,244,False,297,True,251_300,251_300,251_300
direct_ridge_schedule_building,2027,Sacramento St.,sacramento state,BSky,Mike Bibby,0.2231723791196252,251_300,81,2159,0.36923621197548795,0.36923621197548795,0.36923621197548795,0.3509697168656977,11.0,0.45454545454545453,0.5454545454545454,0.09090909090909091,0.45454545454545453,0.43859649122807015,0.5614035087719298,0.05701754385964913,0.5043859649122807,0.3086374920220067,0.36089595137234287,0.8324830465947635,0.3309668106076633,2.1516059513456645,48.989402747252754,0.6871673621794079,0.41228928139922905,,0.6871673621794079,0.0,0.41228928139922905,0.0,0.3086374920220067,111.0,,5,0.6871673621794079,3.6183413141,3411.02,256.0,256.0,0.2994505494505495,38,False,79,False,119,False,143,False,173,False,193,False,210,False,244,False,297,True,251_300,251_300,251_300
direct_ridge_schedule_building,2027,Jacksonville,jacksonville,ASun,Jordan Mincy,0.21689320813566537,251_300,81,2159,0.3868565723749673,0.3868565723749673,0.3868565723749673,0.47112291170172266,10.0,0.4,0.6,0.0,0.6,0.36697247706422026,0.6330275229357798,0.0,0.6330275229357798,0.44490737840341754,0.3880688239376326,3.7599844421467283,0.3867036803184121,-1.2386184399857907,,0.5185812091580131,,,0.5185812091580131,0.14190960745629805,,0.3282761782743385,0.44490737840341754,,,6,0.5185812091580131,2.1031267304166668,2389.37,257.0,257.0,0.29670329670329665,38,False,79,False,119,False,143,False,173,False,193,False,210,False,244,False,297,True,251_300,251_300,251_300
direct_ridge_schedule_building,2027,Milwaukee,milwaukee,Horz,Bart Lundy,0.2147434437354029,251_300,81,2159,0.2282182505568522,0.2282182505568522,0.2282182505568522,0.2735320600704955,11.0,0.45454545454545453,0.5454545454545454,0.18181818181818182,0.36363636363636365,0.4587155963302752,0.5412844036697247,0.11926605504587157,0.4220183486238532,0.4031582354918541,0.21249651276625092,0.06761934111211865,0.21161268574506903,-0.6028113760118153,15.89731729606082,0.3127227784452842,0.06188366607214776,,0.3127227784452842,0.0,0.06188366607214776,0.0,0.4031582354918541,135.0,,4,0.3127227784452842,-0.5651598537333333,274.98,258.0,258.0,0.2939560439560439,38,False,79,False,119,False,143,False,173,False,193,False,210,False,244,False,297,True,251_300,251_300,251_300
direct_ridge_schedule_building,2027,Southern Utah,southern utah,WAC,Rob Jeter,0.2107226231481772,251_300,81,2159,0.11483855683129152,0.11483855683129152,0.11483855683129152,0.09083024880906933,7.0,0.5714285714285714,0.42857142857142855,0.0,0.42857142857142855,0.5369127516778525,0.46308724832214765,0.0,0.46308724832214765,0.38343557937035977,0.1066147785375844,-6.002443046245496,0.09499721886502223,1.997924256901898,,0.5961959769466123,,,0.5961959769466123,0.05100521818256228,,0.27609075442494124,0.38343557937035977,,,3,0.5961959769466123,2.5062971857,510.47,259.0,259.0,0.2912087912087912,38,False,79,False,119,False,143,False,173,False,193,False,210,False,244,False,297,True,251_300,251_300,251_300
direct_ridge_schedule_building,2027,Eastern Kentucky,eastern kentucky,ASun,A.W. Hamilton,0.21053158861689084,251_300,81,2159,0.2959868852459017,0.2959868852459017,0.2959868852459017,0.24002153412196256,9.0,0.5555555555555556,0.4444444444444444,0.0,0.4444444444444444,0.5208333333333334,0.47916666666666663,0.0,0.47916666666666663,0.3937732077326726,0.2787780059408364,1.3154181976937425,0.2441057377049181,2.1679472380015077,,0.5634842516528048,,,0.5634842516528048,0.12713840505464485,,0.2700028705836356,0.3937732077326726,,,4,0.5634842516528048,1.2682733657499998,925.23,260.0,260.0,0.28846153846153844,38,False,79,False,119,False,143,False,173,False,193,False,210,False,244,False,297,True,251_300,251_300,251_300
direct_ridge_schedule_building,2027,Colgate,colgate,PL,Matt Langel,0.2094980613978246,201_250,81,2159,0.5302109284695169,0.5302109284695169,0.5302109284695169,0.5148487571560546,10.0,0.9,0.1,0.0,0.1,0.8866995073891625,0.11330049261083741,0.0,0.11330049261083741,0.4676713498837962,0.5257385780039728,7.410215146130659,0.49021892844432,0.025339366515837104,,0.12669683257918551,,,0.12669683257918551,0.43467688236442165,,0.014354813543454513,0.4676713498837962,,,1,0.12669683257918551,0.0,0.0,261.0,261.0,0.2857142857142857,38,False,79,False,119,False,143,False,173,False,193,False,210,False,244,False,297,True,251_300,251_300,251_300
direct_ridge_schedule_building,2027,Northeastern,northeastern,CAA,Bill Coen,0.20942835317786412,251_300,81,2159,0.34005854435972327,0.34005854435972327,0.34005854435972327,0.3001074245189914,9.0,0.5555555555555556,0.4444444444444444,0.1111111111111111,0.3333333333333333,0.5494505494505495,0.4505494505494505,0.07142857142857142,0.3791208791208791,0.3388803273180515,0.3281586632821994,4.198155054756587,0.2804409784812526,-2.841759700411962,73.977416666667,0.28985461690535486,0.1465968586387435,,0.28985461690535486,0.15408844971497396,0.010471204188481678,0.10988993717840376,0.3388803273180515,164.0,,3,0.28985461690535486,-0.1357459243166667,383.47,262.0,262.0,0.28296703296703296,38,False,79,False,119,False,143,False,173,False,193,False,210,False,244,False,297,True,251_300,251_300,251_300
direct_ridge_schedule_building,2027,Fairfield,fairfield,MAAC,Chris Casey,0.2054867507884711,251_300,81,2159,0.49739547562947073,0.49739547562947073,0.49739547562947073,0.5067895488556182,10.0,0.8,0.2,0.0,0.2,0.7766990291262136,0.2233009708737864,0.0,0.2233009708737864,0.4715778995772861,0.47181898185673715,6.12733527558607,0.46400609206627613,2.9093625746436778,,0.6388509954045479,,,0.6388509954045479,0.36039308121652514,,0.1426560475175204,0.4715778995772861,,,2,0.6388509954045479,3.961185371500001,1190.34,263.0,263.0,0.2802197802197802,38,False,79,False,119,False,143,False,173,False,193,False,210,False,244,False,297,True,251_300,251_300,251_300
direct_ridge_schedule_building,2027,Saint Peter's,saint peters,MAAC,Bashir Mason,0.20381973252780844,251_300,81,2159,0.16890649363981175,0.16890649363981175,0.16890649363981175,0.17117186894895828,3.0,0.6666666666666666,0.3333333333333333,0.0,0.3333333333333333,0.634920634920635,0.3650793650793651,0.0,0.3650793650793651,0.3815714113659071,0.17553169783480752,3.0609074113504953,0.15290469540654056,0.05056561085972851,,0.2528280542986425,,,0.2528280542986425,0.09708234628986703,,0.09230230553759966,0.3815714113659071,,,1,0.2528280542986425,0.0,0.0,264.0,264.0,0.2774725274725275,38,False,79,False,119,False,143,False,173,False,193,False,210,False,244,False,297,True,251_300,251_300,251_300
direct_ridge_schedule_building,2027,Cal St. Fullerton,cal state fullerton,BW,Dedrique Taylor,0.20303825113286317,161_200,81,2159,0.33915831513026523,0.33915831513026523,0.33915831513026523,0.27252509189799606,10.0,0.6,0.4,0.0,0.4,0.5660377358490566,0.43396226415094336,0.0,0.43396226415094336,0.2775612063182847,0.30800292222494496,2.922524052643949,0.28043818613066834,0.01990950226244344,,0.0995475113122172,,,0.0995475113122172,0.1587385959230198,,0.04319986339964142,0.2775612063182847,,,4,0.0995475113122172,0.0,0.0,265.0,265.0,0.27472527472527475,38,False,79,False,119,False,143,False,173,False,193,False,210,False,244,False,297,True,251_300,251_300,251_300
direct_ridge_schedule_building,2027,UNC Asheville,unc asheville,BSth,Mike Morrell,0.20286103596440408,201_250,81,2159,0.2623862143153795,0.2623862143153795,0.2623862143153795,0.22763691083603235,9.0,0.4444444444444444,0.5555555555555556,0.0,0.5555555555555556,0.41025641025641024,0.5897435897435898,0.0,0.5897435897435898,0.37584653673730806,0.20855830323600041,-1.4909023170660514,0.2359891269565691,-1.1753715372299354,,0.4128145120768764,,,0.4128145120768764,0.09681605208474629,,0.24345471225046558,0.37584653673730806,,,5,0.4128145120768764,-0.9242313133333332,1364.3899999999999,266.0,266.0,0.271978021978022,38,False,79,False,119,False,143,False,173,False,193,False,210,False,244,False,297,True,251_300,251_300,251_300
direct_ridge_schedule_building,2027,UMBC,umbc,AE,Jim Ferry,0.2009974191556413,161_200,81,2159,0.07343484751273192,0.07343484751273192,0.07343484751273192,0.0840574480906433,6.0,0.3333333333333333,0.6666666666666666,0.16666666666666666,0.5,0.32786885245901637,0.6721311475409836,0.10655737704918034,0.5655737704918032,0.5024234265197818,0.0674625100416635,4.389791627557358,0.07287325020839899,-4.6742718735397135,15.28193021978022,0.32517377892821925,0.03256429434439906,,0.32517377892821925,0.0,0.03256429434439906,0.0,0.5024234265197818,163.0,,3,0.32517377892821925,-1.2231831462666665,1415.4099999999999,267.0,267.0,0.2692307692307693,38,False,79,False,119,False,143,False,173,False,193,False,210,False,244,False,297,True,251_300,251_300,251_300
direct_ridge_schedule_building,2027,Oral Roberts,oral roberts,Sum,Kory Barnett,0.19572486835711853,301_plus,81,2159,0.4356656903516719,0.4356656903516719,0.4356656903516719,0.5424981887637489,8.0,0.5,0.5,0.125,0.375,0.4938271604938272,0.5061728395061729,0.08024691358024692,0.42592592592592593,0.26851875470481995,0.4202937778971802,3.0792513749355024,0.4356656903516719,3.7531668967439344,33.684128021978026,0.5228348035075454,0.23885852367527763,,0.5228348035075454,0.0,0.23885852367527763,0.0,0.26851875470481995,136.0,,3,0.5228348035075454,0.3794564637,342.93,268.0,268.0,0.26648351648351654,38,False,79,False,119,False,143,False,173,False,193,False,210,False,244,False,297,True,251_300,251_300,251_300
direct_ridge_schedule_building,2027,Houston Christian,houston baptist,Slnd,Craig Doty,0.195718324857677,251_300,81,2159,0.20750905810632056,0.20750905810632056,0.20750905810632056,0.23143335258489198,8.0,0.25,0.75,0.0,0.75,0.22471910112359555,0.7752808988764046,0.0,0.7752808988764046,0.31375454266960323,0.20862635487723394,1.726381542143912,0.20750905810632056,-2.5841161798597136,,0.4076981185389936,,,0.4076981185389936,0.04663124901265631,,0.3160805638111299,0.31375454266960323,,,6,0.4076981185389936,-0.05570465348333331,2229.3900000000003,269.0,269.0,0.2637362637362637,38,False,79,False,119,False,143,False,173,False,193,False,210,False,244,False,297,True,251_300,251_300,251_300
direct_ridge_schedule_building,2027,Delaware,delaware,CUSA,Martin Ingelsby,0.19567676782134522,251_300,81,2159,0.2511889815330311,0.2511889815330311,0.2511889815330311,0.2294054469136059,13.0,0.46153846153846156,0.5384615384615384,0.0,0.5384615384615384,0.4270462633451958,0.5729537366548042,0.0,0.5729537366548042,0.4293640339199484,0.2175748533865629,-0.901770549534296,0.23387385122261423,-0.4873163347779609,,0.5750710023900111,,,0.5750710023900111,0.09987495425876766,,0.3294890796611807,0.4293640339199484,,,7,0.5750710023900111,1.1977826615,3147.3199999999997,270.0,270.0,0.26098901098901095,38,False,79,False,119,False,143,False,173,False,193,False,210,False,244,False,297,True,251_300,251_300,251_300
direct_ridge_schedule_building,2027,Purdue Fort Wayne,purdue fort wayne,Horz,Jon Coffman,0.1950753816713631,251_300,81,2159,0.12375495904317406,0.12375495904317406,0.12375495904317406,0.07055885358425565,6.0,0.5,0.5,0.0,0.5,0.46511627906976744,0.5348837209302325,0.0,0.5348837209302325,0.3808057229589127,0.10468535183819183,-3.3694653258658684,0.0921757031453394,-1.6568936791689732,,0.5004572654737635,,,0.5004572654737635,0.042872420067599726,,0.2676864443231758,0.3808057229589127,,,3,0.5004572654737635,0.9704770527666663,1273.98,271.0,271.0,0.2582417582417582,38,False,79,False,119,False,143,False,173,False,193,False,210,False,244,False,297,True,251_300,251_300,251_300
direct_ridge_schedule_building,2027,Norfolk St.,norfolk state,MEAC,Robert Jones,0.19493330499915348,301_plus,81,2159,0.15179626924574194,0.15179626924574194,0.15179626924574194,0.10535392541069111,8.0,0.375,0.625,0.25,0.375,0.3870967741935484,0.6129032258064516,0.16774193548387098,0.4451612903225806,0.33960750200933454,0.13772867306973913,-1.2925145939944733,0.11855216305888994,-0.9376339016937321,59.04823304697665,0.46307822580191915,0.5227087049076579,,0.46307822580191915,0.0,0.5227087049076579,0.0,0.33960750200933454,100.0,,3,0.46307822580191915,0.5512859237666667,903.36,272.0,272.0,0.2554945054945055,38,False,79,False,119,False,143,False,173,False,193,False,210,False,244,False,297,True,251_300,251_300,251_300
direct_ridge_schedule_building,2027,UMass Lowell,umass lowell,AE,Pat Duquette,0.19451657168621891,301_plus,81,2159,0.1060231566280723,0.1060231566280723,0.1060231566280723,0.09359996578977037,7.0,0.5714285714285714,0.42857142857142855,0.0,0.42857142857142855,0.5369127516778525,0.46308724832214765,0.0,0.46308724832214765,0.3013717787304564,0.09384040616467604,-3.39042162912252,0.09313984476692538,-1.7141887305403027,,0.43941756205233123,,,0.43941756205233123,0.05000797034465793,,0.20348866967524062,0.3013717787304564,,,3,0.43941756205233123,0.33060854108333343,1223.5100000000002,273.0,273.0,0.25274725274725274,38,False,79,False,119,False,143,False,173,False,193,False,210,False,244,False,297,True,251_300,251_300,251_300
direct_ridge_schedule_building,2027,South Dakota,south dakota,Sum,Eric Peterson,0.1887281194472287,251_300,81,2159,0.2160333962705464,0.2160333962705464,0.2160333962705464,0.2131580878021018,11.0,0.36363636363636365,0.6363636363636364,0.09090909090909091,0.5454545454545454,0.34632034632034636,0.6536796536796537,0.056277056277056293,0.5974025974025975,0.3311626328849697,0.1908921961130574,1.8653834884788325,0.1892701091175344,-1.1226849635427911,28.056289194139126,0.48126314076924015,0.1786778666359818,,0.48126314076924015,0.0,0.1786778666359818,0.0,0.3311626328849697,141.0,,6,0.48126314076924015,0.20597637051666623,1658.97,274.0,274.0,0.25,38,False,79,False,119,False,143,False,173,False,193,False,210,False,244,False,297,True,251_300,251_300,251_300
direct_ridge_schedule_building,2027,Green Bay,green bay,Horz,Doug Gottlieb,0.18124004269202865,201_250,81,2159,0.28591498420897854,0.28591498420897854,0.28591498420897854,0.18738563479907133,8.0,0.75,0.25,0.0,0.25,0.7228915662650601,0.2771084337349397,0.0,0.2771084337349397,0.33639266677413826,0.27630826938260994,0.0066816087070762364,0.22332068559884416,-2.0534702380178698,,0.47154651754158083,,,0.47154651754158083,0.16143664019193552,,0.13066951690911274,0.33639266677413826,,,2,0.47154651754158083,1.2241053493333334,653.48,275.0,275.0,0.24725274725274726,38,False,79,False,119,False,143,False,173,False,193,False,210,False,244,False,297,True,251_300,251_300,251_300
direct_ridge_schedule_building,2027,Denver,denver,Sum,Tim Bergstraser,0.17991860452030264,201_250,81,2159,0.395577226128366,0.395577226128366,0.395577226128366,0.4260095944502543,11.0,0.45454545454545453,0.5454545454545454,0.0,0.5454545454545454,0.42016806722689076,0.5798319327731092,0.0,0.5798319327731092,0.3655430651028087,0.3916236457133165,7.136251109011735,0.3951470522312146,-2.910496545138708,,0.34530485837815755,,,0.34530485837815755,0.16602817320639268,,0.20021878342935184,0.3655430651028087,,,6,0.34530485837815755,-0.7228561834,1979.6699999999998,276.0,276.0,0.24450549450549453,38,False,79,False,119,False,143,False,173,False,193,False,210,False,244,False,297,True,251_300,251_300,251_300
direct_ridge_schedule_building,2027,Charleston Southern,charleston southern,BSth,Saah Nimley,0.17951423142698686,201_250,81,2159,0.19642184873949578,0.19642184873949578,0.19642184873949578,0.13001702178922875,11.0,0.36363636363636365,0.6363636363636364,0.0,0.6363636363636364,0.33195020746887977,0.6680497925311204,0.0,0.6680497925311204,0.32924465805403763,0.173627603924027,2.167523456824189,0.14718571428571425,-0.6545304891742888,,0.415442012456008,,,0.415442012456008,0.048858328393598105,,0.27753595022994726,0.32924465805403763,,,7,0.415442012456008,0.8779498038,261.20000000000005,277.0,277.0,0.2417582417582418,38,False,79,False,119,False,143,False,173,False,193,False,210,False,244,False,297,True,251_300,251_300,251_300
direct_ridge_schedule_building,2027,Incarnate Word,incarnate word,Slnd,Shane Heirman,0.17821046148043726,251_300,81,2159,0.15862171182448534,0.15862171182448534,0.15862171182448534,0.18263947668932964,7.0,0.42857142857142855,0.5714285714285714,0.0,0.5714285714285714,0.39473684210526316,0.6052631578947368,0.0,0.6052631578947368,0.286679533583196,0.14545166385568023,2.1452976024451713,0.15656635101134103,-3.079138043806258,,0.37063931693549873,,,0.37063931693549873,0.061802506978160934,,0.22433432340832818,0.286679533583196,,,4,0.37063931693549873,0.38641552738333335,1089.76,278.0,278.0,0.23901098901098905,38,False,79,False,119,False,143,False,173,False,193,False,210,False,244,False,297,True,251_300,251_300,251_300
direct_ridge_schedule_building,2027,Campbell,campbell,CAA,Jimmie WIlliams,0.17712290753886833,161_200,81,2159,0.017931446125191996,0.017931446125191996,0.017931446125191996,0.0,4.0,0.25,0.75,0.0,0.75,0.22471910112359555,0.7752808988764046,0.0,0.7752808988764046,0.3383278385526465,0.01505865122190772,-6.940882500000002,0.008965723062595998,0.021380090497737557,,0.10690045248868779,,,0.10690045248868779,0.0020147692275496627,,0.08287787889572426,0.3383278385526465,,,3,0.10690045248868779,0.0,0.0,279.0,279.0,0.2362637362637363,38,False,79,False,119,False,143,False,173,False,193,False,210,False,244,False,297,True,251_300,251_300,251_300
direct_ridge_schedule_building,2027,Louisiana,louisiana,SB,Quannas White,0.1767199254228825,301_plus,81,2159,0.42392383064925465,0.42392383064925465,0.42392383064925465,0.37975159882576776,13.0,0.6153846153846154,0.38461538461538464,0.07692307692307693,0.3076923076923077,0.6037735849056604,0.3962264150943396,0.0490566037735849,0.3471698113207547,0.28912952629160343,0.4125417045543953,2.515089544052527,0.36180517361284725,-1.4003769855559587,64.62880312947932,0.5335818395041848,0.5953512456130257,,0.5335818395041848,0.0,0.5953512456130257,0.0,0.28912952629160343,81.0,,4,0.5335818395041848,1.414240476133333,2759.74,280.0,280.0,0.23351648351648346,38,False,79,False,119,False,143,False,173,False,193,False,210,False,244,False,297,True,251_300,251_300,251_300
direct_ridge_schedule_building,2027,Cleveland St.,cleveland state,Horz,Rob Summers,0.17392471815927316,301_plus,81,2159,0.017451812098434154,0.017451812098434154,0.017451812098434154,0.0,9.0,0.1111111111111111,0.8888888888888888,0.0,0.8888888888888888,0.09803921568627451,0.9019607843137254,0.0,0.9019607843137254,0.3711948923780665,0.015199362673895392,-31.3932675,0.008725906049217077,-0.44881986584640743,,0.4874189998945928,,,0.4874189998945928,0.0008554809852173604,,0.43963282343433857,0.3711948923780665,,,8,0.4874189998945928,0.27716195370000024,2194.07,281.0,281.0,0.23076923076923073,38,False,79,False,119,False,143,False,173,False,193,False,210,False,244,False,297,True,251_300,251_300,251_300
direct_ridge_schedule_building,2027,UTSA,utsa,Amer,Austin Claunch,0.17225813583771338,301_plus,81,2159,0.15670441091648704,0.15670441091648704,0.15670441091648704,0.15570225310591704,9.0,0.3333333333333333,0.6666666666666667,0.1111111111111111,0.5555555555555556,0.3191489361702128,0.6808510638297873,0.06914893617021277,0.6117021276595745,0.3259191511363423,0.15288371102661866,-5.130138534710665,0.1443730948558653,0.6334509162398794,53.97790091575098,0.6199589073850327,0.4711121339393591,,0.6199589073850327,0.0,0.4711121339393591,0.0,0.3259191511363423,101.0,,5,0.6199589073850327,1.8062213308333332,2622.71,282.0,282.0,0.228021978021978,38,False,79,False,119,False,143,False,173,False,193,False,210,False,244,False,297,True,251_300,251_300,251_300
direct_ridge_schedule_building,2027,Lindenwood,lindenwood,OVC,Kyle Gerdeman,0.17008775660952188,251_300,81,2159,0.017629794319066278,0.017629794319066278,0.017629794319066278,0.0,6.0,0.3333333333333333,0.6666666666666666,0.0,0.6666666666666666,0.30303030303030304,0.696969696969697,0.0,0.696969696969697,0.2648794561153387,0.01652742249464689,3.2247888528077144,0.008814897159533139,-1.5632399499342247,,0.4551530696604281,,,0.4551530696604281,0.0026711809574342846,,0.317227897036056,0.2648794561153387,,,4,0.4551530696604281,1.0569541661333333,1053.85,283.0,283.0,0.22527472527472525,38,False,79,False,119,False,143,False,173,False,193,False,210,False,244,False,297,True,251_300,251_300,251_300
direct_ridge_schedule_building,2027,Siena,siena,MAAC,Nevada Smith,0.1699176630627201,161_200,81,2159,0.06507160823512498,0.06507160823512498,0.06507160823512498,0.0,6.0,0.8333333333333334,0.16666666666666666,0.0,0.16666666666666666,0.8130081300813009,0.18699186991869918,0.0,0.18699186991869918,0.31318608063757364,0.06005952815048687,-1.7952595596985537,0.03253580411756249,0.05113122171945701,,0.25565610859728505,,,0.25565610859728505,0.02645187326631097,,0.047805613802744354,0.31318608063757364,,,1,0.25565610859728505,0.0,0.0,284.0,284.0,0.22252747252747251,38,False,79,False,119,False,143,False,173,False,193,False,210,False,244,False,297,True,251_300,251_300,251_300
direct_ridge_schedule_building,2027,Evansville,evansville,MVC,David Ragland,0.16886453842383498,301_plus,81,2159,0.17676917940224599,0.17676917940224599,0.17676917940224599,0.1584086319822165,4.0,0.5,0.5,0.0,0.5,0.46511627906976744,0.5348837209302325,0.0,0.5348837209302325,0.31563444211992003,0.1684439567775088,-5.453109544391981,0.15652448437846078,-2.7721827077748142,,0.36248574348643964,,,0.36248574348643964,0.07280208575742361,,0.19388772326018863,0.31563444211992003,,,2,0.36248574348643964,-0.015835471033333354,707.98,285.0,285.0,0.21978021978021978,38,False,79,False,119,False,143,False,173,False,193,False,210,False,244,False,297,True,251_300,251_300,251_300
direct_ridge_schedule_building,2027,Nicholls,nicholls state,Slnd,Tevon Saddler,0.1679980250216399,201_250,81,2159,0.04912820176281524,0.04912820176281524,0.04912820176281524,0.0,7.0,0.2857142857142857,0.7142857142857143,0.0,0.7142857142857143,0.25806451612903225,0.7419354838709676,0.0,0.7419354838709676,0.29695161751760046,0.039599419461259194,-1.0583305844093926,0.02456410088140762,-3.6514168871163264,,0.24011831722590696,,,0.24011831722590696,0.006339122808105192,,0.17815229987728579,0.29695161751760046,,,5,0.24011831722590696,-0.5547645703166667,466.32000000000005,286.0,286.0,0.21703296703296704,38,False,79,False,119,False,143,False,173,False,193,False,210,False,244,False,297,True,251_300,251_300,251_300
direct_ridge_schedule_building,2027,Dartmouth,dartmouth,Ivy,Brett MacConnell,0.16790075134440913,251_300,81,2159,0.30882402692123234,0.30882402692123234,0.30882402692123234,0.19925208995209134,10.0,0.9,0.1,0.0,0.1,0.8866995073891625,0.11330049261083741,0.0,0.11330049261083741,0.2613293120395168,0.282902691259541,-2.0716546818313626,0.24040552991723435,-5.508013259906584,,0.23310393398724968,,,0.23310393398724968,0.21316746495124225,,0.026410790550279513,0.2613293120395168,,,1,0.23310393398724968,-0.24637171733333332,531.67,287.0,287.0,0.2142857142857143,38,False,79,False,119,False,143,False,173,False,193,False,210,False,244,False,297,True,251_300,251_300,251_300
direct_ridge_schedule_building,2027,Georgia Southern,georgia southern,SB,Charlie Henry,0.16690437194004587,201_250,81,2159,0.12338957369551053,0.12338957369551053,0.12338957369551053,0.0,8.0,0.375,0.625,0.125,0.5,0.36363636363636365,0.6363636363636362,0.0787878787878788,0.5575757575757575,0.2692455997835898,0.1078970561713714,-3.093563815665876,0.06169478684775526,-4.690753219855819,73.31075,0.28100393334670654,0.05759162303664922,,0.28100393334670654,0.022434467944638277,0.004537521815008727,0.15668098101755756,0.2692455997835898,181.0,,4,0.28100393334670654,-1.9096753274166667,1104.53,288.0,288.0,0.21153846153846156,38,False,79,False,119,False,143,False,173,False,193,False,210,False,244,False,297,True,251_300,251_300,251_300
direct_ridge_schedule_building,2027,North Dakota,north dakota,Sum,Paul Sather,0.1620055723200708,251_300,81,2159,0.20509639865659005,0.20509639865659005,0.20509639865659005,0.23591816929092818,6.0,0.6666666666666666,0.3333333333333333,0.0,0.3333333333333333,0.634920634920635,0.3650793650793651,0.0,0.3650793650793651,0.28065283098621713,0.18142427450463794,0.39821148444115106,0.19904376626155557,-1.0514674481387523,,0.30585211049539923,,,0.30585211049539923,0.12637699445178133,,0.11166029430784417,0.28065283098621713,,,2,0.30585211049539923,-0.0359312128,126.64,289.0,289.0,0.20879120879120883,38,False,79,False,119,False,143,False,173,False,193,False,210,False,244,False,297,True,251_300,251_300,251_300
direct_ridge_schedule_building,2027,Prairie View A&M,prairie view a and m,SWAC,Byron Smith,0.1594191451790299,251_300,81,2159,0.08713988570531532,0.08713988570531532,0.08713988570531532,0.0,8.0,0.375,0.625,0.0,0.625,0.34285714285714286,0.6571428571428571,0.0,0.6571428571428571,0.3003826260797875,0.0754724348512774,4.392206436861251,0.04356994285265766,-0.2059576878764458,,0.435364436647414,,,0.435364436647414,0.014938266120911198,,0.28609662979687206,0.3003826260797875,,,5,0.435364436647414,0.9299274795000001,625.3599999999999,290.0,290.0,0.2060439560439561,38,False,79,False,119,False,143,False,173,False,193,False,210,False,244,False,297,True,251_300,251_300,251_300
direct_ridge_schedule_building,2027,Canisius,canisius,MAAC,Jim Christian,0.15801852606516528,301_plus,81,2159,0.0021348579472826213,0.0021348579472826213,0.0021348579472826213,0.0,11.0,0.09090909090909091,0.9090909090909092,0.09090909090909091,0.8181818181818182,0.08333333333333334,0.9166666666666667,0.054166666666666675,0.8625,0.3114649259903628,0.002167524278592287,-0.6750900000000009,0.0010674289736413106,-4.289487503830402,73.31075,0.34152373402461184,0.03664921465968585,,0.34152373402461184,8.895241447010923e-05,0.001985165794066317,0.2945642205962277,0.3114649259903628,185.0,,9,0.34152373402461184,-1.80347975585,2112.66,291.0,291.0,0.20329670329670335,38,False,79,False,119,False,143,False,173,False,193,False,210,False,244,False,297,True,251_300,251_300,251_300
direct_ridge_schedule_building,2027,USC Upstate,usc upstate,BSth,Marty Richter,0.1543148377998265,301_plus,81,2159,0.16399911185085878,0.16399911185085878,0.16399911185085878,0.11170422262073985,9.0,0.4444444444444444,0.5555555555555556,0.0,0.5555555555555556,0.41025641025641024,0.5897435897435898,0.0,0.5897435897435898,0.26315937892714397,0.14886906331536595,1.967038545908347,0.12935027822458312,-3.7947127268292116,,0.4162647034934812,,,0.4162647034934812,0.05306678081008538,,0.2454894405217966,0.26315937892714397,,,5,0.4162647034934812,0.26561442555,604.94,292.0,292.0,0.2005494505494505,38,False,79,False,119,False,143,False,173,False,193,False,210,False,244,False,297,True,251_300,251_300,251_300
direct_ridge_schedule_building,2027,Albany,albany,AE,Dwayne Killings,0.15171767464700273,301_plus,81,2159,0.40497931034482754,0.40497931034482754,0.40497931034482754,0.4435613569211205,8.0,0.625,0.375,0.125,0.25,0.6289308176100629,0.3710691823899371,0.08176100628930817,0.2893081761006289,0.35097284741482127,0.3893009492310102,0.8668354910425347,0.38651637931034477,0.4057909624503324,73.31075,0.4894177770029131,0.1413612565445026,,0.4894177770029131,0.24309206245933632,0.011557838585399584,0.14159256441593712,0.35097284741482127,165.0,,2,0.4894177770029131,0.5694387203166668,907.22,293.0,293.0,0.19780219780219777,38,False,79,False,119,False,143,False,173,False,193,False,210,False,244,False,297,True,251_300,251_300,251_300
direct_ridge_schedule_building,2027,Idaho St.,idaho state,BSky,Ryan Looney,0.15077912731771778,251_300,81,2159,0.176700398142004,0.176700398142004,0.176700398142004,0.1797075074728876,9.0,0.3333333333333333,0.6666666666666666,0.0,0.6666666666666666,0.30303030303030304,0.696969696969697,0.0,0.696969696969697,0.2559463478372348,0.157606410268091,-1.5457018324883824,0.160757299270073,0.9155232532450402,,0.25018702057024084,,,0.25018702057024084,0.048714333112143335,,0.17437277191259212,0.2559463478372348,,,6,0.25018702057024084,-0.009767501100000001,1.3,294.0,294.0,0.19505494505494503,38,False,79,False,119,False,143,False,173,False,193,False,210,False,244,False,297,True,251_300,251_300,251_300
direct_ridge_schedule_building,2027,American,american,PL,Duane Simpkins,0.14879385112829951,201_250,81,2159,0.8621776442215545,0.8621776442215545,0.8621776442215545,0.8466868011561574,12.0,1.0,0.0,0.0,0.0,1.0,0.0,0.0,0.0,0.7747787024367639,0.8640999359459397,8.043007829409785,0.8116573916202916,,,,,,,0.8116573916202916,,,0.7747787024367639,,,,,,,295.0,295.0,0.1923076923076923,38,False,79,False,119,False,143,False,173,False,193,False,210,False,244,False,297,True,251_300,251_300,251_300
direct_ridge_schedule_building,2027,SIUE,siu edwardsville,OVC,Brian Barone,0.14616419175960083,251_300,81,2159,0.43046424407771705,0.43046424407771705,0.43046424407771705,0.49860091443789945,10.0,0.7,0.3,0.0,0.3,0.6698564593301436,0.33014354066985646,0.0,0.33014354066985646,0.3645923283787938,0.43062026864568476,4.94847467312832,0.4078905082787174,-5.008210012931819,,0.329969537050352,,,0.329969537050352,0.27322809166995426,,0.10893731127499659,0.3645923283787938,,,3,0.329969537050352,-0.9511085515000001,1529.08,296.0,296.0,0.18956043956043955,38,False,79,False,119,False,143,False,173,False,193,False,210,False,244,False,297,True,251_300,251_300,251_300
direct_ridge_schedule_building,2027,Mount St. Mary's,mount st marys,MAAC,Donny Lind,0.14348360779642602,251_300,81,2159,0.3535169364917703,0.3535169364917703,0.3535169364917703,0.20186996009329675,9.0,0.7777777777777778,0.2222222222222222,0.0,0.2222222222222222,0.7526881720430109,0.24731182795698925,0.0,0.24731182795698925,0.30435409632906335,0.3274587299973995,-1.9965078278576822,0.25732929372114466,-1.5301489764855134,,0.4450346468262843,,,0.4450346468262843,0.1936887157040874,,0.1100623320108015,0.30435409632906335,,,2,0.4450346468262843,0.4704701995666667,946.9300000000001,297.0,297.0,0.18681318681318682,38,False,79,False,119,False,143,False,173,False,193,False,210,False,244,False,297,True,251_300,251_300,251_300
direct_ridge_schedule_building,2027,Cal Poly,cal poly,BW,Mike DeGeorge,0.14347377216739926,201_250,81,2159,0.5078196916463041,0.5078196916463041,0.5078196916463041,0.43227555122426603,11.0,0.9090909090909091,0.09090909090909091,0.0,0.09090909090909091,0.8968609865470851,0.10313901345291479,0.0,0.10313901345291479,0.3964746822671985,0.47465343991215986,1.933997213904732,0.4249333699617811,0.019230769230769235,,0.09615384615384617,,,0.09615384615384617,0.3811061614007005,,0.00991721283201104,0.3964746822671985,,,1,0.09615384615384617,0.0,0.0,298.0,298.0,0.18406593406593408,38,False,79,False,119,False,143,False,173,False,193,False,210,False,244,False,297,False,301_plus,251_300,251_300
direct_ridge_schedule_building,2027,Stetson,stetson,ASun,Donnie Jones,0.13792867631280797,301_plus,81,2159,0.2758304939348521,0.2758304939348521,0.2758304939348521,0.2315676456840296,10.0,0.6,0.4,0.1,0.3,0.594059405940594,0.4059405940594059,0.06435643564356436,0.34158415841584155,0.3260271501848601,0.2597987287535937,-1.4087065637266951,0.22903945599213482,0.07766561287626017,44.76669212454219,0.46896624405531184,0.3580691559749152,,0.46896624405531184,0.0,0.3580691559749152,0.0,0.3260271501848601,125.0,,3,0.46896624405531184,-0.18248352845000004,1416.85,299.0,299.0,0.18131868131868134,38,False,79,False,119,False,143,False,173,False,193,False,210,False,244,False,297,False,301_plus,251_300,251_300
direct_ridge_schedule_building,2027,North Carolina A&T,north carolina a and t,CAA,Monte Ross,0.13753884996970117,251_300,81,2159,0.053575936427796844,0.053575936427796844,0.053575936427796844,0.0,3.0,0.3333333333333333,0.6666666666666666,0.0,0.6666666666666666,0.30303030303030304,0.696969696969697,0.0,0.696969696969697,0.231772923695581,0.050886309239481876,-1.4528199999999996,0.026787968213898422,-2.6892253216115347,,0.48987530099185284,,,0.48987530099185284,0.008117566125423765,,0.34142824008523076,0.231772923695581,,,2,0.48987530099185284,2.088768,1673.63,300.0,300.0,0.1785714285714286,38,False,79,False,119,False,143,False,173,False,193,False,210,False,244,False,297,False,301_plus,251_300,251_300
direct_ridge_schedule_building,2027,Louisiana Monroe,louisiana monroe,SB,Ryan Cross,0.13514175736270465,301_plus,81,2159,0.08542342288734837,0.08542342288734837,0.08542342288734837,0.0,10.0,0.3,0.7,0.1,0.6,0.2843601895734597,0.7156398104265402,0.06161137440758294,0.6540284360189573,0.25921523108745526,0.07499460832136355,-4.261966397999265,0.04271171144367419,-1.6348543966511588,73.31075,0.3406567650822134,0.09424083769633507,,0.3406567650822134,0.0121455103631301,0.0058063075357931565,0.22279921128599736,0.25921523108745526,174.0,,6,0.3406567650822134,-0.5136703366833333,1120.9099999999999,301.0,301.0,0.17582417582417587,38,False,79,False,119,False,143,False,173,False,193,False,210,False,244,False,297,False,301_plus,301_plus,301_plus
direct_ridge_schedule_building,2027,Lehigh,lehigh,PL,Brett Reed,0.13481937122372553,251_300,81,2159,0.8063704122643403,0.8063704122643403,0.8063704122643403,0.7999886872398921,9.0,1.0,0.0,0.0,0.0,1.0,0.0,0.0,0.0,0.6387206513038199,0.7751028668816845,6.722714248651302,0.7451073188385624,,,,,,,0.7451073188385624,,,0.6387206513038199,,,,,,,302.0,302.0,0.17307692307692313,38,False,79,False,119,False,143,False,173,False,193,False,210,False,244,False,297,False,301_plus,301_plus,301_plus
direct_ridge_schedule_building,2027,Presbyterian,presbyterian,BSth,Quinton Ferrell,0.13479518003841298,251_300,81,2159,0.5287631996971167,0.5287631996971167,0.5287631996971167,0.4689503442953817,10.0,0.9,0.1,0.0,0.1,0.8866995073891625,0.11330049261083741,0.0,0.11330049261083741,0.41102420516862864,0.5141736767432729,6.022327776678666,0.4724475098560481,0.047511312217194575,,0.23755656108597287,,,0.23755656108597287,0.41891897425659436,,0.026915275393977214,0.41102420516862864,,,1,0.23755656108597287,0.0,0.0,303.0,303.0,0.17032967032967028,38,False,79,False,119,False,143,False,173,False,193,False,210,False,244,False,297,False,301_plus,301_plus,301_plus
direct_ridge_schedule_building,2027,Sacred Heart,sacred heart,MAAC,Anthony Latina,0.13393370973916777,251_300,81,2159,0.3488793048437128,0.3488793048437128,0.3488793048437128,0.3459742861445677,9.0,0.5555555555555556,0.4444444444444444,0.0,0.4444444444444444,0.5208333333333334,0.47916666666666663,0.0,0.47916666666666663,0.3664036191824167,0.33580354184664635,2.1936887805813843,0.3281899072844796,1.0526758874244146,,0.48177871577722237,,,0.48177871577722237,0.17093224337733315,,0.23085230130991904,0.3664036191824167,,,4,0.48177871577722237,0.3601156422833333,517.38,304.0,304.0,0.16758241758241754,38,False,79,False,119,False,143,False,173,False,193,False,210,False,244,False,297,False,301_plus,301_plus,301_plus
direct_ridge_schedule_building,2027,LIU,liu,NEC,Rod Strickland,0.13314494169658878,201_250,81,2159,0.21751490037708235,0.21751490037708235,0.21751490037708235,0.21566508745768828,7.0,0.7142857142857143,0.2857142857142857,0.0,0.2857142857142857,0.6849315068493151,0.3150684931506849,0.0,0.3150684931506849,0.2736769839511519,0.20509293583387445,1.1817745924517662,0.2040778705734812,-4.3480394357873715,,0.2507084680217349,,,0.2507084680217349,0.139779363406494,,0.07899033923972469,0.2736769839511519,,,2,0.2507084680217349,-1.527576183866667,824.14,305.0,305.0,0.1648351648351648,38,False,79,False,119,False,143,False,173,False,193,False,210,False,244,False,297,False,301_plus,301_plus,301_plus
direct_ridge_schedule_building,2027,Boston University,boston university,PL,Joe Jones,0.1218632468218857,251_300,81,2159,0.4073035946757353,0.4073035946757353,0.4073035946757353,0.41240621426379936,9.0,0.7777777777777778,0.2222222222222222,0.1111111111111111,0.1111111111111111,0.7954545454545455,0.20454545454545453,0.07386363636363635,0.13068181818181818,0.3848998249825373,0.3750760178474232,1.5484600954977186,0.38915826078742205,3.8459934741488735,73.31075,0.5209811683087854,0.041884816753926746,,0.5209811683087854,0.3095577074445403,0.003093764873869589,0.0680827663130799,0.3848998249825373,184.0,,1,0.5209811683087854,0.22172516006666665,47.08,306.0,306.0,0.16208791208791207,38,False,79,False,119,False,143,False,173,False,193,False,210,False,244,False,297,False,301_plus,301_plus,301_plus
direct_ridge_schedule_building,2027,Detroit Mercy,detroit,Horz,Mark Montgomery,0.11991903030558315,201_250,81,2159,0.3829893616843972,0.3829893616843972,0.3829893616843972,0.37277634570398416,8.0,0.75,0.25,0.0,0.25,0.7228915662650601,0.2771084337349397,0.0,0.2771084337349397,0.3499363952577717,0.3815045515712329,2.4932707319599254,0.3426160956398406,0.028959276018099545,,0.14479638009049772,,,0.14479638009049772,0.24767428600470398,,0.04012429809736683,0.3499363952577717,,,2,0.14479638009049772,0.0,0.0,307.0,307.0,0.15934065934065933,38,False,79,False,119,False,143,False,173,False,193,False,210,False,244,False,297,False,301_plus,301_plus,301_plus
direct_ridge_schedule_building,2027,Brown,brown,Ivy,Mike Martin,0.11979308761127275,251_300,81,2159,0.8732777129635985,0.8732777129635985,0.8732777129635985,0.8532658484604217,11.0,1.0,0.0,0.0,0.0,1.0,0.0,0.0,0.0,0.725338501119357,0.8503229550895918,2.6452481529875858,0.7863648395603965,,,,,,,0.7863648395603965,,,0.725338501119357,,,,,,,308.0,308.0,0.1565934065934066,38,False,79,False,119,False,143,False,173,False,193,False,210,False,244,False,297,False,301_plus,301_plus,301_plus
direct_ridge_schedule_building,2027,IU Indy,iupui,Horz,Ben Howlett,0.11897494352834073,301_plus,81,2159,0.13129106839656696,0.13129106839656696,0.13129106839656696,0.09573576839945855,7.0,0.42857142857142855,0.5714285714285714,0.0,0.5714285714285714,0.39473684210526316,0.6052631578947368,0.0,0.6052631578947368,0.274312218419001,0.12467375912852514,0.6106382576514178,0.10538073795728138,0.01182773430201792,,0.5062744936547019,,,0.5062744936547019,0.041597659719979495,,0.3064292987910038,0.274312218419001,,,4,0.5062744936547019,1.820777827683333,684.6,309.0,309.0,0.15384615384615385,38,False,79,False,119,False,143,False,173,False,193,False,210,False,244,False,297,False,301_plus,301_plus,301_plus
direct_ridge_schedule_building,2027,Niagara,niagara,MAAC,Greg Paulus,0.1172302452938609,301_plus,81,2159,0.104731330472103,0.104731330472103,0.104731330472103,0.12604187751613702,5.0,0.4,0.6,0.0,0.6,0.36697247706422026,0.6330275229357798,0.0,0.6330275229357798,0.2593362975331877,0.10488854082812199,-3.905574055994486,0.10047038626609442,-3.1913381060041166,,0.3288045671320875,,,0.3288045671320875,0.036869866519667685,,0.20814234066159668,0.2593362975331877,,,3,0.3288045671320875,-1.3314053741333332,1167.5900000000001,310.0,310.0,0.15109890109890112,38,False,79,False,119,False,143,False,173,False,193,False,210,False,244,False,297,False,301_plus,301_plus,301_plus
direct_ridge_schedule_building,2027,Morehead St.,morehead state,OVC,Jonathan Mattox,0.11323106511727045,251_300,81,2159,0.3870086379879735,0.3870086379879735,0.3870086379879735,0.41019826073081217,7.0,0.7142857142857143,0.2857142857142857,0.0,0.2857142857142857,0.6849315068493151,0.3150684931506849,0.0,0.3150684931506849,0.3066643496929691,0.3704154354894585,0.4175300074741237,0.36346821993976874,0.04106334841628959,,0.20531674208144796,,,0.20531674208144796,0.2489508355751841,,0.06468883654620963,0.3066643496929691,,,2,0.20531674208144796,0.0,0.0,311.0,311.0,0.14835164835164838,38,False,79,False,119,False,143,False,173,False,193,False,210,False,244,False,297,False,301_plus,301_plus,301_plus
direct_ridge_schedule_building,2027,North Alabama,north alabama,ASun,Tony Pujol,0.11294495751629964,301_plus,81,2159,0.14819246188019364,0.14819246188019364,0.14819246188019364,0.15359395259633943,9.0,0.3333333333333333,0.6666666666666666,0.0,0.6666666666666666,0.30303030303030304,0.696969696969697,0.0,0.696969696969697,0.3352659763388323,0.14194547150453918,-6.491724131831644,0.14192160992575156,-2.05933905130981,,0.41472158332004927,,,0.41472158332004927,0.043006548462348956,,0.2890483762533677,0.3352659763388323,,,6,0.41472158332004927,1.2876161372500001,967.78,312.0,312.0,0.14560439560439564,38,False,79,False,119,False,143,False,173,False,193,False,210,False,244,False,297,False,301_plus,301_plus,301_plus
direct_ridge_schedule_building,2027,Bethune Cookman,bethune cookman,SWAC,Reggie Theus,0.11194499739638401,201_250,81,2159,0.11831151114907507,0.11831151114907507,0.11831151114907507,0.0,8.0,0.375,0.625,0.0,0.625,0.34285714285714286,0.6571428571428571,0.0,0.6571428571428571,0.31987379940926913,0.10888397852919642,-4.826759975754312,0.05915575557453753,-3.269130003747158,,0.4858159855846576,,,0.4858159855846576,0.02028197333984144,,0.319250504812775,0.31987379940926913,,,5,0.4858159855846576,0.6506361128666667,2642.49,313.0,313.0,0.1428571428571429,38,False,79,False,119,False,143,False,173,False,193,False,210,False,244,False,297,False,301_plus,301_plus,301_plus
direct_ridge_schedule_building,2027,Bryant,bryant,AE,Jamion Christian,0.10622051281556032,301_plus,81,2159,0.23001453612072806,0.23001453612072806,0.23001453612072806,0.1619761839460639,13.0,0.6923076923076923,0.3076923076923077,0.07692307692307693,0.23076923076923078,0.6870229007633588,0.31297709923664124,0.04961832061068703,0.2633587786259542,0.23226896099085986,0.21488609244316526,-7.034413192275812,0.18235852814118075,-2.1179754930187076,73.31075,0.4003124021861154,0.03141361256544506,,0.4003124021861154,0.1252844849824906,0.0015586906998121596,0.1054257853085571,0.23226896099085986,186.0,,3,0.4003124021861154,0.6225942165833332,1102.6000000000001,314.0,314.0,0.14010989010989006,38,False,79,False,119,False,143,False,173,False,193,False,210,False,244,False,297,False,301_plus,301_plus,301_plus
direct_ridge_schedule_building,2027,Alabama St.,alabama state,SWAC,Chris Wright,0.10154616100849105,301_plus,81,2159,0.3136763123811491,0.3136763123811491,0.3136763123811491,0.3896578254545163,8.0,0.375,0.625,0.0,0.625,0.34285714285714286,0.6571428571428571,0.0,0.6571428571428571,0.305375299423137,0.30060244722551116,2.8793531301837234,0.3136763123811491,-4.692143513787932,,0.42924693830183924,,,0.42924693830183924,0.10754616424496541,,0.28207655945549437,0.305375299423137,,,5,0.42924693830183924,1.14531767755,1874.22,315.0,315.0,0.13736263736263732,38,False,79,False,119,False,143,False,173,False,193,False,210,False,244,False,297,False,301_plus,301_plus,301_plus
direct_ridge_schedule_building,2027,Maine,maine,AE,Chris Markwood,0.10033363502818207,301_plus,81,2159,0.1694080379867292,0.1694080379867292,0.1694080379867292,0.14697638098124113,8.0,0.375,0.625,0.125,0.5,0.36363636363636365,0.6363636363636362,0.0787878787878788,0.5575757575757575,0.20897508707618778,0.16172092200660504,-0.49334021269303996,0.1457219768840947,-5.108421620540603,73.31075,0.2555093964473944,0.0732984293193717,,0.2555093964473944,0.05298980977603444,0.005775027764556558,0.1424658452918805,0.20897508707618778,178.0,,4,0.2555093964473944,-0.9128631443666668,872.3100000000001,316.0,316.0,0.13461538461538458,38,False,79,False,119,False,143,False,173,False,193,False,210,False,244,False,297,False,301_plus,301_plus,301_plus
direct_ridge_schedule_building,2027,Le Moyne,le moyne,NEC,Nate Champion,0.09971884325189499,251_300,81,2159,0.02779027775761652,0.02779027775761652,0.02779027775761652,0.0,8.0,0.25,0.75,0.125,0.625,0.23809523809523808,0.7619047619047619,0.07738095238095238,0.6845238095238095,0.1616971044024075,0.02628570161870475,2.7182906746952917,0.01389513887880826,-5.861621251262528,73.31075,0.22963492841058905,0.0,,0.22963492841058905,0.0033083663997162524,0.0,0.1571905759953437,0.1616971044024075,192.0,,5,0.22963492841058905,-1.0595554149166668,1758.07,317.0,317.0,0.13186813186813184,38,False,79,False,119,False,143,False,173,False,193,False,210,False,244,False,297,False,301_plus,301_plus,301_plus
direct_ridge_schedule_building,2027,Southeastern Louisiana,southeastern louisiana,Slnd,David Kiefer,0.09740803220999893,251_300,81,2159,0.3391773555343106,0.3391773555343106,0.3391773555343106,0.375383456103508,11.0,0.45454545454545453,0.5454545454545454,0.0,0.5454545454545454,0.42016806722689076,0.5798319327731092,0.0,0.5798319327731092,0.35629912726066776,0.3199905178634535,-2.6547094565164215,0.315111635595921,-3.6178481760026244,,0.3986025397239446,,,0.3986025397239446,0.13239984688904244,,0.23112248101640484,0.35629912726066776,,,6,0.3986025397239446,-2.1052038458666664,2948.5600000000004,318.0,318.0,0.1291208791208791,38,False,79,False,119,False,143,False,173,False,193,False,210,False,244,False,297,False,301_plus,301_plus,301_plus
direct_ridge_schedule_building,2027,Mercyhurst,mercyhurst,NEC,Gary Manchel,0.09716447273168824,251_300,81,2159,0.21602520750076848,0.21602520750076848,0.21602520750076848,0.18189483861563527,5.0,1.0,0.0,0.0,0.0,1.0,0.0,0.0,0.0,0.18987089165888615,0.22815382590723532,2.0515463175045863,0.18377420842299413,,,,,,,0.18377420842299413,,,0.18987089165888615,,,,,,,319.0,319.0,0.12637362637362637,38,False,79,False,119,False,143,False,173,False,193,False,210,False,244,False,297,False,301_plus,301_plus,301_plus
direct_ridge_schedule_building,2027,Arkansas Pine Bluff,arkansas pine bluff,SWAC,Solomon Bozeman,0.09681007879230835,301_plus,81,2159,0.20068614335649243,0.20068614335649243,0.20068614335649243,0.19724261343157337,5.0,0.6,0.4,0.0,0.4,0.5660377358490566,0.43396226415094336,0.0,0.43396226415094336,0.1367279720583645,0.21681266110892092,4.383993009043689,0.19071764553575277,-1.6281148944822748,,0.12397947423968557,,,0.12397947423968557,0.10795338426552042,,0.05380241334929751,0.1367279720583645,,,2,0.12397947423968557,-0.22080884113333335,65.89,320.0,320.0,0.12362637362637363,38,False,79,False,119,False,143,False,173,False,193,False,210,False,244,False,297,False,301_plus,301_plus,301_plus
direct_ridge_schedule_building,2027,Grambling St.,grambling state,SWAC,Patrick Crarey,0.09593405039447919,251_300,81,2159,0.04369354838709676,0.04369354838709676,0.04369354838709676,0.0,6.0,0.3333333333333333,0.6666666666666666,0.0,0.6666666666666666,0.30303030303030304,0.696969696969697,0.0,0.696969696969697,0.16009388088116838,0.040513040440416544,-4.758589767441858,0.02184677419354838,-6.882949061362226,,0.1146198939817772,,,0.1146198939817772,0.00662023460410557,,0.07988659277517805,0.16009388088116838,,,4,0.1146198939817772,-1.2209933545499998,570.66,321.0,321.0,0.1208791208791209,38,False,79,False,119,False,143,False,173,False,193,False,210,False,244,False,297,False,301_plus,301_plus,301_plus
direct_ridge_schedule_building,2027,Bellarmine,bellarmine,ASun,Doug Davenport,0.09446806637744498,251_300,81,2159,0.48124211775556636,0.48124211775556636,0.48124211775556636,0.4884880959726748,9.0,0.8888888888888888,0.1111111111111111,0.0,0.1111111111111111,0.8743169398907104,0.12568306010928962,0.0,0.12568306010928962,0.38055744550405823,0.4469552704100974,4.108485119413986,0.44344205527612435,-1.6928549804323219,,0.2787025833737535,,,0.2787025833737535,0.3877089007878683,,0.03502819353877776,0.38055744550405823,,,1,0.2787025833737535,-0.2826996117333333,218.2,322.0,322.0,0.11813186813186816,38,False,79,False,119,False,143,False,173,False,193,False,210,False,244,False,297,False,301_plus,301_plus,301_plus
direct_ridge_schedule_building,2027,Texas Southern,texas southern,SWAC,Johnny Jones,0.09239373500545306,301_plus,81,2159,0.1079682141128778,0.1079682141128778,0.1079682141128778,0.0,4.0,0.75,0.25,0.0,0.25,0.7228915662650601,0.2771084337349397,0.0,0.2771084337349397,0.3057748402404533,0.09311160032823208,-4.833283888040794,0.0539841070564389,0.19495392577830115,,0.26900128993647365,,,0.26900128993647365,0.0390246557034498,,0.07454252612697461,0.3057748402404533,,,1,0.26900128993647365,-0.2339377352666667,35.95,323.0,323.0,0.11538461538461542,38,False,79,False,119,False,143,False,173,False,193,False,210,False,244,False,297,False,301_plus,301_plus,301_plus
direct_ridge_schedule_building,2027,Wagner,wagner,NEC,Dwan McMillan,0.09184555817654429,301_plus,81,2159,0.046380376278061214,0.046380376278061214,0.046380376278061214,0.0,6.0,0.3333333333333333,0.6666666666666666,0.0,0.6666666666666666,0.30303030303030304,0.696969696969697,0.0,0.696969696969697,0.19336784597732534,0.04275210764511473,1.930286182339143,0.023190188139030607,-5.733678143413617,,0.19338022868846125,,,0.19338022868846125,0.007027329739100184,,0.13478015938892754,0.19336784597732534,,,4,0.19338022868846125,-0.9023663442500002,434.78,324.0,324.0,0.11263736263736268,38,False,79,False,119,False,143,False,173,False,193,False,210,False,244,False,297,False,301_plus,301_plus,301_plus
direct_ridge_schedule_building,2027,West Georgia,west georgia,ASun,Dave Moore,0.09184187140965802,301_plus,81,2159,0.28142057613168714,0.28142057613168714,0.28142057613168714,0.2259344209710674,9.0,0.7777777777777778,0.2222222222222222,0.0,0.2222222222222222,0.7526881720430109,0.24731182795698925,0.0,0.24731182795698925,0.20940107637869995,0.26667086391032274,5.416439531813903,0.2369440329218106,-4.549027691161937,,0.24680658356961221,,,0.24680658356961221,0.1783449710164166,,0.06103818733442023,0.20940107637869995,,,2,0.24680658356961221,-0.1607710664,353.59999999999997,325.0,325.0,0.10989010989010994,38,False,79,False,119,False,143,False,173,False,193,False,210,False,244,False,297,False,301_plus,301_plus,301_plus
direct_ridge_schedule_building,2027,Southern,southern,SWAC,Kevin Johnson,0.09148385865695342,251_300,81,2159,0.060052631327275376,0.060052631327275376,0.060052631327275376,0.0,8.0,0.375,0.625,0.0,0.625,0.34285714285714286,0.6571428571428571,0.0,0.6571428571428571,0.232469196955935,0.05047215862081666,-6.361573509130483,0.030026315663637688,-3.8532446857934004,,0.27253371231785845,,,0.27253371231785845,0.010294736798961493,,0.17909358238030698,0.232469196955935,,,5,0.27253371231785845,-0.29560179666666664,585.22,326.0,326.0,0.1071428571428571,38,False,79,False,119,False,143,False,173,False,193,False,210,False,244,False,297,False,301_plus,301_plus,301_plus
direct_ridge_schedule_building,2027,Central Connecticut,central connecticut,NEC,Patrick Sellers,0.09025903176114697,301_plus,81,2159,0.3491223578276578,0.3491223578276578,0.3491223578276578,0.304416815890596,7.0,0.8571428571428571,0.14285714285714285,0.0,0.14285714285714285,0.8391608391608392,0.16083916083916083,0.0,0.16083916083916083,0.2974753370940223,0.29977727170969465,-3.3195069945557036,0.3019668714972547,-3.690357628824862,,0.34402959822595774,,,0.34402959822595774,0.2533987732844096,,0.055333431882496696,0.2974753370940223,,,1,0.34402959822595774,0.36296700000000004,687.97,327.0,327.0,0.10439560439560436,38,False,79,False,119,False,143,False,173,False,193,False,210,False,244,False,297,False,301_plus,301_plus,301_plus
direct_ridge_schedule_building,2027,East Texas A&M,texas a and m commerce,Slnd,Jaret Von Rosenberg,0.08964079854162797,251_300,81,2159,0.09825284206912299,0.09825284206912299,0.09825284206912299,0.0,5.0,0.6,0.4,0.0,0.4,0.5660377358490566,0.43396226415094336,0.0,0.43396226415094336,0.2210112483066196,0.07678209583564288,-14.149345263180216,0.049126421034561496,0.14229471547569308,,0.566231114233634,,,0.566231114233634,0.027807408132770658,,0.24572293636553927,0.2210112483066196,,,2,0.566231114233634,1.71012822795,803.5,328.0,328.0,0.10164835164835162,38,False,79,False,119,False,143,False,173,False,193,False,210,False,244,False,297,False,301_plus,301_plus,301_plus
direct_ridge_schedule_building,2027,Southern Indiana,southern indiana,OVC,Stan Gouard,0.0843242616828635,301_plus,81,2159,0.30163753371705293,0.30163753371705293,0.30163753371705293,0.20345446440326417,12.0,0.5,0.5,0.0,0.5,0.46511627906976744,0.5348837209302325,0.0,0.5348837209302325,0.3291721695954127,0.28362480791707795,-2.100696692572636,0.2287706461638667,-1.8135250538947472,,0.4468248931463424,,,0.4468248931463424,0.10640495170412403,,0.23899936145036915,0.3291721695954127,,,6,0.4468248931463424,1.0200887390833335,1573.2399999999998,329.0,329.0,0.09890109890109888,38,False,79,False,119,False,143,False,173,False,193,False,210,False,244,False,297,False,301_plus,301_plus,301_plus
direct_ridge_schedule_building,2027,Manhattan,manhattan,MAAC,John Gallagher,0.0842389353285391,301_plus,81,2159,0.17243132292805444,0.17243132292805444,0.17243132292805444,0.10686350516034804,7.0,0.7142857142857143,0.2857142857142857,0.0,0.2857142857142857,0.6849315068493151,0.3150684931506849,0.0,0.3150684931506849,0.24084883746304464,0.15889564629489397,-2.463937864737847,0.13542108232324362,-2.7104429260258462,,0.4089023157416086,,,0.4089023157416086,0.09275416597482442,,0.12883223646653422,0.24084883746304464,,,2,0.4089023157416086,0.5711817925333333,632.43,330.0,330.0,0.09615384615384615,38,False,79,False,119,False,143,False,173,False,193,False,210,False,244,False,297,False,301_plus,301_plus,301_plus
direct_ridge_schedule_building,2027,North Carolina Central,north carolina central,MEAC,LeVelle Moton,0.08397662020785246,301_plus,81,2159,0.03979583854818523,0.03979583854818523,0.03979583854818523,0.0,7.0,0.5714285714285714,0.42857142857142855,0.0,0.42857142857142855,0.5369127516778525,0.46308724832214765,0.0,0.46308724832214765,0.1642943152459798,0.04155314788549902,-11.455427000223366,0.019897919274092617,-7.2618704821363425,,0.12268755900788426,,,0.12268755900788426,0.010683446590116843,,0.05681504410432224,0.1642943152459798,,,3,0.12268755900788426,-0.7631415000000001,530.0,331.0,331.0,0.09340659340659341,38,False,79,False,119,False,143,False,173,False,193,False,210,False,244,False,297,False,301_plus,301_plus,301_plus
direct_ridge_schedule_building,2027,Northwestern St.,northwestern state,Slnd,Rick Cabrera,0.08212500193158931,251_300,81,2159,0.2637878981515444,0.2637878981515444,0.2637878981515444,0.34086994940558535,6.0,0.5,0.5,0.0,0.5,0.46511627906976744,0.5348837209302325,0.0,0.5348837209302325,0.2659894198551638,0.2588983322800912,-1.3998968696557679,0.2637878981515444,-4.953208139378829,,0.23236187574820397,,,0.23236187574820397,0.12269204565188112,,0.1242865847025277,0.2659894198551638,,,3,0.23236187574820397,-0.29430865940000006,425.26,332.0,332.0,0.09065934065934067,38,False,79,False,119,False,143,False,173,False,193,False,210,False,244,False,297,False,301_plus,301_plus,301_plus
direct_ridge_schedule_building,2027,Northern Arizona,northern arizona,BSky,Shane Burcar,0.08088247173559224,301_plus,81,2159,0.5663705218367302,0.5663705218367302,0.5663705218367302,0.7532861916874429,6.0,1.0,0.0,0.0,0.0,1.0,0.0,0.0,0.0,0.39645776418842404,0.5636043484690428,1.936069674277019,0.5663067297231594,,,,,,,0.5663067297231594,,,0.39645776418842404,,,,,,,333.0,333.0,0.08791208791208793,38,False,79,False,119,False,143,False,173,False,193,False,210,False,244,False,297,False,301_plus,301_plus,301_plus
direct_ridge_schedule_building,2027,Central Michigan,central michigan,MAC,Andy Bronkema,0.07845386744413656,251_300,81,2159,0.41530419250669387,0.41530419250669387,0.41530419250669387,0.41333508444120753,6.0,0.8333333333333334,0.16666666666666666,0.0,0.16666666666666666,0.8130081300813009,0.18699186991869918,0.0,0.18699186991869918,0.3290922429715226,0.4065896699343187,1.370839929996552,0.3867150795415949,0.022511312217194566,,0.11255656108597284,,,0.11255656108597284,0.3144025036923536,,0.02104716182908435,0.3290922429715226,,,1,0.11255656108597284,0.0,0.0,334.0,334.0,0.0851648351648352,38,False,79,False,119,False,143,False,173,False,193,False,210,False,244,False,297,False,301_plus,301_plus,301_plus
direct_ridge_schedule_building,2027,Gardner Webb,gardner webb,BSth,Jeremy Luther,0.07845299905079642,301_plus,81,2159,0.22176833333333335,0.22176833333333335,0.22176833333333335,0.26933753389592907,11.0,0.5454545454545454,0.45454545454545453,0.0,0.45454545454545453,0.5106382978723404,0.48936170212765956,0.0,0.48936170212765956,0.3030380800991788,0.21512955701216332,-7.644668208603574,0.21575500000000003,0.02395283081960439,,0.4270448677312366,,,0.4270448677312366,0.11017276595744682,,0.20897940335783918,0.3030380800991788,,,5,0.4270448677312366,0.39972897309999994,446.61,335.0,335.0,0.08241758241758246,38,False,79,False,119,False,143,False,173,False,193,False,210,False,244,False,297,False,301_plus,301_plus,301_plus
direct_ridge_schedule_building,2027,Rider,rider,MAAC,Kevin Baggett,0.0783671242581638,301_plus,81,2159,0.16207378728161423,0.16207378728161423,0.16207378728161423,0.07768874007992921,7.0,0.42857142857142855,0.5714285714285714,0.0,0.5714285714285714,0.39473684210526316,0.6052631578947368,0.0,0.6052631578947368,0.23680702681296673,0.1460343178067498,-6.736568706131894,0.11153455329924761,-4.93454430439145,,0.19348238526897799,,,0.19348238526897799,0.04402679735496616,,0.11710775950490773,0.23680702681296673,,,4,0.19348238526897799,-0.8916276720166667,481.13,336.0,336.0,0.07967032967032972,38,False,79,False,119,False,143,False,173,False,193,False,210,False,244,False,297,False,301_plus,301_plus,301_plus
direct_ridge_schedule_building,2027,Chicago St.,chicago state,NEC,Landon Bussie,0.07428949260880725,301_plus,81,2159,0.10960519319461466,0.10960519319461466,0.10960519319461466,0.10151551753994026,6.0,0.3333333333333333,0.6666666666666666,0.0,0.6666666666666666,0.30303030303030304,0.696969696969697,0.0,0.696969696969697,0.14371799321896891,0.09773723269365081,-3.2463015011725083,0.09294272996126951,-6.026647712961605,,0.147990478713712,,,0.147990478713712,0.028164463624627125,,0.10314487910349623,0.14371799321896891,,,4,0.147990478713712,-1.3867689275333333,632.25,337.0,337.0,0.07692307692307687,38,False,79,False,119,False,143,False,173,False,193,False,210,False,244,False,297,False,301_plus,301_plus,301_plus
direct_ridge_schedule_building,2027,The Citadel,the citadel,SC,Ed Conroy,0.060456192315623866,301_plus,81,2159,0.26198289627068183,0.26198289627068183,0.26198289627068183,0.23780950229529887,13.0,0.6153846153846154,0.38461538461538464,0.0,0.38461538461538464,0.5818181818181818,0.41818181818181815,0.0,0.41818181818181815,0.33406919570529703,0.2526435424028759,-4.4223378016252815,0.22724074201058628,-0.29828553979327666,,0.4827000878022859,,,0.4827000878022859,0.13221279535161382,,0.20185640035368319,0.33406919570529703,,,5,0.4827000878022859,0.09574155740000001,1312.31,338.0,338.0,0.07417582417582413,38,False,79,False,119,False,143,False,173,False,193,False,210,False,244,False,297,False,301_plus,301_plus,301_plus
direct_ridge_schedule_building,2027,VMI,vmi,SC,Andrew Wilson,0.05731791373438322,301_plus,81,2159,0.27298510705061674,0.27298510705061674,0.27298510705061674,0.22954142778667533,7.0,0.8571428571428571,0.14285714285714285,0.0,0.14285714285714285,0.8391608391608392,0.16083916083916083,0.0,0.16083916083916083,0.21871038592523556,0.24991713656082037,-2.2534891390929266,0.2387949435005845,0.9247431813340731,,0.38883228417183097,,,0.38883228417183097,0.20038736517531566,,0.06253945829337142,0.21871038592523556,,,1,0.38883228417183097,-0.25896486983333333,196.59,339.0,339.0,0.0714285714285714,38,False,79,False,119,False,143,False,173,False,193,False,210,False,244,False,297,False,301_plus,301_plus,301_plus
direct_ridge_schedule_building,2027,Florida A&M,florida a and m,SWAC,Charlie Ward,0.05435894625472107,301_plus,81,2159,0.37427167632042474,0.37427167632042474,0.37427167632042474,0.4237325153130616,7.0,1.0,0.0,0.0,0.0,1.0,0.0,0.0,0.0,0.27404600177356586,0.37855029892894504,0.48933063940847354,0.37032405038952665,,,,,,,0.37032405038952665,,,0.27404600177356586,,,,,,,340.0,340.0,0.06868131868131866,38,False,79,False,119,False,143,False,173,False,193,False,210,False,244,False,297,False,301_plus,301_plus,301_plus
direct_ridge_schedule_building,2027,Saint Francis,saint francis pa,NEC,Luke McConnell,0.05119269215741916,301_plus,81,2159,0.00974922232827704,0.00974922232827704,0.00974922232827704,0.0,2.0,1.0,0.0,0.0,0.0,1.0,0.0,0.0,0.0,0.10121485987478718,0.008722120516464373,-5.243381518753306,0.00487461116413852,,,,,,,0.00487461116413852,,,0.10121485987478718,,,,,,,341.0,341.0,0.06593406593406592,38,False,79,False,119,False,143,False,173,False,193,False,210,False,244,False,297,False,301_plus,301_plus,301_plus
direct_ridge_schedule_building,2027,Lafayette,lafayette,PL,Mike McGarvey,0.0502580591616048,301_plus,81,2159,0.24713234585354885,0.24713234585354885,0.24713234585354885,0.16556933977549,9.0,0.8888888888888888,0.1111111111111111,0.0,0.1111111111111111,0.8743169398907104,0.12568306010928962,0.0,0.12568306010928962,0.19045711530068818,0.24169537886079007,-0.10702936878371982,0.19703354432413328,0.03518099547511312,,0.1759049773755656,,,0.1759049773755656,0.17226976552929685,,0.022108275845016442,0.19045711530068818,,,1,0.1759049773755656,0.0,0.0,342.0,342.0,0.06318681318681318,38,False,79,False,119,False,143,False,173,False,193,False,210,False,244,False,297,False,301_plus,301_plus,301_plus
direct_ridge_schedule_building,2027,Morgan St.,morgan state,MEAC,Kevin Broadus,0.050093053670226984,301_plus,81,2159,0.08160947468790151,0.08160947468790151,0.08160947468790151,0.0,7.0,0.7142857142857143,0.2857142857142857,0.0,0.2857142857142857,0.6849315068493151,0.3150684931506849,0.0,0.3150684931506849,0.149780418461435,0.06976259793665278,-8.40356386263674,0.04080473734395076,0.5635210926389155,,0.27755672283349303,,,0.27755672283349303,0.027948450235582713,,0.08744937842699095,0.149780418461435,,,2,0.27755672283349303,-0.233080167,55.97,343.0,343.0,0.06043956043956045,38,False,79,False,119,False,143,False,173,False,193,False,210,False,244,False,297,False,301_plus,301_plus,301_plus
direct_ridge_schedule_building,2027,Bucknell,bucknell,PL,John Griffin,0.0491254022804283,301_plus,81,2159,0.3476972600688726,0.3476972600688726,0.3476972600688726,0.3200094457008437,9.0,0.6666666666666666,0.3333333333333333,0.0,0.3333333333333333,0.634920634920635,0.3650793650793651,0.0,0.3650793650793651,0.29238438507970743,0.3131096104742807,-3.2603181567281085,0.30573214553076805,-5.2482200604006035,,0.24471778573210892,,,0.24471778573210892,0.19411564795604322,,0.08934141383870645,0.29238438507970743,,,3,0.24471778573210892,-0.3164338108666667,666.97,344.0,344.0,0.05769230769230771,38,False,79,False,119,False,143,False,173,False,193,False,210,False,244,False,297,False,301_plus,301_plus,301_plus
direct_ridge_schedule_building,2027,Fairleigh Dickinson,fairleigh dickinson,NEC,Jack Castleberry,0.044438106742721396,301_plus,81,2159,0.25063370649220934,0.25063370649220934,0.25063370649220934,0.21305763431811578,9.0,0.6666666666666666,0.3333333333333333,0.0,0.3333333333333333,0.634920634920635,0.3650793650793651,0.0,0.3650793650793651,0.2424557335696362,0.22659566526432542,-3.648367958949599,0.21656372332812182,0.9957611205396476,,0.3810069819108601,,,0.3810069819108601,0.13750077671626784,,0.13909778704682194,0.2424557335696362,,,3,0.3810069819108601,-0.1694297941333333,169.01,345.0,345.0,0.05494505494505497,38,False,79,False,119,False,143,False,173,False,193,False,210,False,244,False,297,False,301_plus,301_plus,301_plus
direct_ridge_schedule_building,2027,Loyola MD,loyola md,PL,Josh Loeffler,0.04137361060489178,301_plus,81,2159,0.3688631549957049,0.3688631549957049,0.3688631549957049,0.1978544200552771,10.0,0.6,0.4,0.0,0.4,0.5660377358490566,0.43396226415094336,0.0,0.43396226415094336,0.2394015297438286,0.3378030615464218,0.39246231582877833,0.26118107422246406,-3.1398944452111683,,0.2499147594079202,,,0.2499147594079202,0.14783834389950795,,0.10845357483739933,0.2394015297438286,,,4,0.2499147594079202,-0.1834695923166667,341.66999999999996,346.0,346.0,0.052197802197802234,38,False,79,False,119,False,143,False,173,False,193,False,210,False,244,False,297,False,301_plus,301_plus,301_plus
direct_ridge_schedule_building,2027,Jackson St.,jackson state,SWAC,Trey Johnson,0.03873864679722189,301_plus,81,2159,0.27988096186900097,0.27988096186900097,0.27988096186900097,0.22213323812473243,10.0,0.7,0.3,0.0,0.3,0.6698564593301436,0.33014354066985646,0.0,0.33014354066985646,0.24567597457598866,0.2420648245609958,-6.5291067160971386,0.22461153960093055,-2.1224303120916166,,0.3287408431411199,,,0.3287408431411199,0.15045749064177166,,0.10853166591740322,0.24567597457598866,,,3,0.3287408431411199,0.05101747290000003,471.97,347.0,347.0,0.0494505494505495,38,False,79,False,119,False,143,False,173,False,193,False,210,False,244,False,297,False,301_plus,301_plus,301_plus
direct_ridge_schedule_building,2027,Western Illinois,western illinois,OVC,Chad Boudreau,0.038274221605489864,301_plus,81,2159,0.17236360405189263,0.17236360405189263,0.17236360405189263,0.1574884700841839,5.0,0.4,0.6,0.0,0.6,0.36697247706422026,0.6330275229357798,0.0,0.6330275229357798,0.22921912766859961,0.1570716695096426,-5.622169726592706,0.14941620757064153,-0.4245637846539389,,0.4778571650224256,,,0.4778571650224256,0.05483163580574002,,0.3024967374912602,0.22921912766859961,,,3,0.4778571650224256,0.5592461824,399.22,348.0,348.0,0.04670329670329665,38,False,79,False,119,False,143,False,173,False,193,False,210,False,244,False,297,False,301_plus,301_plus,301_plus
direct_ridge_schedule_building,2027,Alabama A&M,alabama a and m,SWAC,Donte Jackson,0.037403431739345766,301_plus,81,2159,0.38585844505623057,0.38585844505623057,0.38585844505623057,0.29759091910508884,12.0,0.75,0.25,0.0,0.25,0.7228915662650601,0.2771084337349397,0.0,0.2771084337349397,0.2685311895408828,0.36039387590734545,2.739811267251127,0.3150934190940363,-6.816481195161058,,0.15673140343073194,,,0.15673140343073194,0.22777837524870093,,0.043431593721769086,0.2685311895408828,,,3,0.15673140343073194,-1.6373807973333332,835.03,349.0,349.0,0.04395604395604391,38,False,79,False,119,False,143,False,173,False,193,False,210,False,244,False,297,False,301_plus,301_plus,301_plus
direct_ridge_schedule_building,2027,South Carolina St.,south carolina state,MEAC,Erik Martin,0.0297791757285521,301_plus,81,2159,0.23611569449027822,0.23611569449027822,0.23611569449027822,0.0,5.0,0.8,0.2,0.0,0.2,0.7766990291262136,0.2233009708737864,0.0,0.2233009708737864,0.20377162268075036,0.20907793389682924,-4.6376184726967296,0.11805784724513911,-2.056743262571595,,0.3773590838321726,,,0.3773590838321726,0.09169541533603037,,0.0842646497877667,0.20377162268075036,,,1,0.3773590838321726,-0.1530071235,721.89,350.0,350.0,0.04120879120879117,38,False,79,False,119,False,143,False,173,False,193,False,210,False,244,False,297,False,301_plus,301_plus,301_plus
direct_ridge_schedule_building,2027,North Florida,north florida,ASun,Bobby Kennen,0.028326077057744863,301_plus,81,2159,0.4327442382316524,0.4327442382316524,0.4327442382316524,0.4906852821761307,6.0,0.6666666666666666,0.3333333333333333,0.0,0.3333333333333333,0.634920634920635,0.3650793650793651,0.0,0.3650793650793651,0.27254109756694667,0.4187646390506057,-1.919619889339967,0.4307998592545136,-3.140135960099151,,0.3009549282524161,,,0.3009549282524161,0.273523720161596,,0.10987243412389795,0.27254109756694667,,,2,0.3009549282524161,-0.6795318746166665,922.1700000000001,351.0,351.0,0.038461538461538436,38,False,79,False,119,False,143,False,173,False,193,False,210,False,244,False,297,False,301_plus,301_plus,301_plus
direct_ridge_schedule_building,2027,New Hampshire,new hampshire,AE,Nathan Davis,0.025563861902418175,301_plus,81,2159,0.5747567412457284,0.5747567412457284,0.5747567412457284,0.6143953264443875,9.0,0.7777777777777778,0.2222222222222222,0.0,0.2222222222222222,0.7526881720430109,0.24731182795698925,0.0,0.24731182795698925,0.4248522212971978,0.5485750498791538,1.8673192234362572,0.5520378083668839,-5.728124588458948,,0.18320413303340338,,,0.18320413303340338,0.41551232887829975,,0.04530854902976643,0.4248522212971978,,,2,0.18320413303340338,-1.1199587451666668,630.0,352.0,352.0,0.0357142857142857,38,False,79,False,119,False,143,False,173,False,193,False,210,False,244,False,297,False,301_plus,301_plus,301_plus
direct_ridge_schedule_building,2027,New Haven,new haven,NEC,Ted Hotaling,0.017749049432915436,301_plus,81,2159,0.13936403684993423,0.13936403684993423,0.13936403684993423,0.08153776229682931,5.0,0.8,0.2,0.0,0.2,0.7766990291262136,0.2233009708737864,0.0,0.2233009708737864,0.11259385555817693,0.12740258332690432,0.4748129981164473,0.10588195378222541,0.042873303167420815,,0.2143665158371041,,,0.2143665158371041,0.0822384107046411,,0.04786825110925625,0.11259385555817693,,,1,0.2143665158371041,0.0,0.0,353.0,353.0,0.03296703296703296,38,False,79,False,119,False,143,False,173,False,193,False,210,False,244,False,297,False,301_plus,301_plus,301_plus
direct_ridge_schedule_building,2027,Maryland Eastern Shore,maryland eastern shore,MEAC,Cleo Hill,0.017428590752919172,301_plus,81,2159,0.09848082872792877,0.09848082872792877,0.09848082872792877,0.09051265596533767,4.0,0.5,0.5,0.0,0.5,0.46511627906976744,0.5348837209302325,0.0,0.5348837209302325,0.1065862458620433,0.08270697695712319,-6.692494838776526,0.08355115468445157,-4.004415696812415,,0.23227497156309124,,,0.23227497156309124,0.038861002178814684,,0.12424010106863019,0.1065862458620433,,,2,0.23227497156309124,-0.15456834775000003,102.15,354.0,354.0,0.030219780219780223,38,False,79,False,119,False,143,False,173,False,193,False,210,False,244,False,297,False,301_plus,301_plus,301_plus
direct_ridge_schedule_building,2027,Eastern Illinois,eastern illinois,OVC,Marty Simmons,0.016798396113397916,301_plus,81,2159,0.0924017981922604,0.0924017981922604,0.0924017981922604,0.06557982942094814,4.0,0.75,0.25,0.0,0.25,0.7228915662650601,0.2771084337349397,0.0,0.2771084337349397,0.26291779995723935,0.08545862963961781,-6.893431044910396,0.07292604596879995,0.02941176470588235,,0.14705882352941174,,,0.14705882352941174,0.05271762359190357,,0.04075124025513818,0.26291779995723935,,,1,0.14705882352941174,0.0,0.0,355.0,355.0,0.027472527472527486,38,False,79,False,119,False,143,False,173,False,193,False,210,False,244,False,297,False,301_plus,301_plus,301_plus
direct_ridge_schedule_building,2027,NJIT,njit,AE,Grant Billmeier,0.013028191462031295,301_plus,81,2159,0.42510861287624385,0.42510861287624385,0.42510861287624385,0.3800596148425365,9.0,0.6666666666666666,0.3333333333333333,0.0,0.3333333333333333,0.634920634920635,0.3650793650793651,0.0,0.3650793650793651,0.264837044312037,0.42173383400700065,-0.021580847398990244,0.36089046953221565,-7.384000578844332,,0.23073810841439038,,,0.23073810841439038,0.22913680605220044,,0.08423772211953935,0.264837044312037,,,3,0.23073810841439038,-1.560494791966667,1051.49,356.0,356.0,0.02472527472527475,38,False,79,False,119,False,143,False,173,False,193,False,210,False,244,False,297,False,301_plus,301_plus,301_plus
direct_ridge_schedule_building,2027,Holy Cross,holy cross,PL,Dave Paulsen,0.009184292815696935,301_plus,81,2159,0.39277770698890485,0.39277770698890485,0.39277770698890485,0.3442372067218004,13.0,0.6923076923076923,0.3076923076923077,0.07692307692307693,0.23076923076923078,0.6870229007633588,0.31297709923664124,0.04961832061068703,0.2633587786259542,0.295865888206303,0.3712703264282582,-1.2982031476443465,0.34549925241573753,0.03371040723981901,16.73394487179494,0.16855203619909503,0.04993958920660492,,0.16855203619909503,0.0,0.04993958920660492,0.0,0.295865888206303,159.0,,3,0.16855203619909503,0.0,0.0,357.0,357.0,0.02197802197802201,38,False,79,False,119,False,143,False,173,False,193,False,210,False,244,False,297,False,301_plus,301_plus,301_plus
direct_ridge_schedule_building,2027,Stonehill,stonehill,NEC,Chris Kraus,0.0030489709707741293,301_plus,81,2159,0.08553913943403531,0.08553913943403531,0.08553913943403531,0.0,11.0,0.36363636363636365,0.6363636363636364,0.0,0.6363636363636364,0.33195020746887977,0.6680497925311204,0.0,0.6680497925311204,0.17656461632437573,0.07997879218427133,-6.754049101874187,0.042769569717017654,-5.001711100010579,,0.26555451586709183,,,0.26555451586709183,0.014197367540918727,,0.1774036392307128,0.17656461632437573,,,7,0.26555451586709183,-3.081141546283334,1601.92,358.0,358.0,0.019230769230769273,38,False,79,False,119,False,143,False,173,False,193,False,210,False,244,False,297,False,301_plus,301_plus,301_plus
direct_ridge_schedule_building,2027,Army,army,PL,Kevin Kuwik,-0.013745465812184861,301_plus,81,2159,0.6892919358499006,0.6892919358499006,0.6892919358499006,0.7501240017379469,12.0,1.0,0.0,0.0,0.0,1.0,0.0,0.0,0.0,0.6246362396734961,0.6782086744632445,0.21356764440112963,0.6631597336167614,,,,,,,0.6631597336167614,,,0.6246362396734961,,,,,,,359.0,359.0,0.016483516483516536,38,False,79,False,119,False,143,False,173,False,193,False,210,False,244,False,297,False,301_plus,301_plus,301_plus
direct_ridge_schedule_building,2027,Binghamton,binghamton,AE,Levell Sanders,-0.025482429091868312,301_plus,81,2159,0.204842952513703,0.204842952513703,0.204842952513703,0.17884119219678485,8.0,0.625,0.375,0.0,0.375,0.591715976331361,0.40828402366863903,0.0,0.40828402366863903,0.17665371781044073,0.1762251960802468,-6.907961436647827,0.18269543163167987,-5.19965613507929,,0.24569203368537004,,,0.24569203368537004,0.10810380569921886,,0.10031213209639368,0.17665371781044073,,,3,0.24569203368537004,-0.9671994693500001,885.9300000000001,360.0,360.0,0.013736263736263687,38,False,79,False,119,False,143,False,173,False,193,False,210,False,244,False,297,False,301_plus,301_plus,301_plus
direct_ridge_schedule_building,2027,Air Force,air force,MWC,Joe Crispin,-0.031239817004888273,301_plus,81,2159,1.0,1.0,1.0,1.0,17.0,1.0,0.0,0.0,0.0,1.0,0.0,0.0,0.0,0.9069670421360033,1.0,-6.73981523068786,0.9069670421360033,,,,,,,0.9069670421360033,,,0.9069670421360033,,,,,,,361.0,361.0,0.01098901098901095,38,False,79,False,119,False,143,False,173,False,193,False,210,False,244,False,297,False,301_plus,301_plus,301_plus
direct_ridge_schedule_building,2027,Alcorn St.,alcorn state,SWAC,Jake Morton,-0.05638490134279898,301_plus,81,2159,0.18985989557666752,0.18985989557666752,0.18985989557666752,0.16230275305989342,8.0,0.375,0.625,0.125,0.5,0.36363636363636365,0.6363636363636362,0.0787878787878788,0.5575757575757575,0.13116653324891192,0.18171357254824172,-5.0143560029159335,0.1661400794715206,-5.818547244621073,73.31075,0.1413418178524855,0.1361256544502618,,0.1413418178524855,0.060414574353280216,0.010725051562747901,0.07880877116623433,0.13116653324891192,166.0,,4,0.1413418178524855,-0.7271294562,379.31,362.0,362.0,0.008241758241758212,38,False,79,False,119,False,143,False,173,False,193,False,210,False,244,False,297,False,301_plus,301_plus,301_plus
direct_ridge_schedule_building,2027,Delaware St.,delaware state,MEAC,Stan Waterman,-0.062065450606058156,301_plus,81,2159,0.35859736809271126,0.35859736809271126,0.35859736809271126,0.1928809866636467,9.0,0.6666666666666666,0.3333333333333333,0.0,0.3333333333333333,0.634920634920635,0.3650793650793651,0.0,0.3650793650793651,0.17380803955931756,0.3468955643586993,-3.1182715029011874,0.2449248078913182,0.02850678733031674,,0.1425339366515837,,,0.1425339366515837,0.1555078145341703,,0.05203619909502263,0.17380803955931756,,,3,0.1425339366515837,0.0,0.0,363.0,363.0,0.005494505494505475,38,False,79,False,119,False,143,False,173,False,193,False,210,False,244,False,297,False,301_plus,301_plus,301_plus
direct_ridge_schedule_building,2027,Mississippi Valley St.,mississippi valley state,SWAC,Mike Davis,-0.07804068125280181,301_plus,81,2159,0.20665933623453253,0.20665933623453253,0.20665933623453253,0.08029923115864078,8.0,0.875,0.125,0.0,0.125,0.8588957055214723,0.1411042944785276,0.0,0.1411042944785276,0.1666752091820081,0.18249839429917172,-10.341784763605165,0.1347733502655991,0.039027149321266975,,0.19513574660633487,,,0.19513574660633487,0.11575625176186426,,0.02753449185242762,0.1666752091820081,,,1,0.19513574660633487,0.0,0.0,364.0,364.0,0.0027472527472527375,38,False,79,False,119,False,143,False,173,False,193,False,210,False,244,False,297,False,301_plus,301_plus,301_plus
direct_ridge_schedule_building,2027,Coppin St.,coppin state,MEAC,Larry Stewart,-0.10860227365697435,301_plus,81,2159,0.4887237263155101,0.4887237263155101,0.4887237263155101,0.4075488865506708,9.0,0.8888888888888888,0.1111111111111111,0.0,0.1111111111111111,0.8743169398907104,0.12568306010928962,0.0,0.12568306010928962,0.2552187599139082,0.4829406932148297,-5.3535447307765445,0.3774356684768899,-8.426200951011642,,0.15456102011850317,,,0.15456102011850317,0.32999839866831904,,0.019425701982106955,0.2552187599139082,,,1,0.15456102011850317,-0.3105332585333333,36.96,365.0,365.0,0.0,38,False,79,False,119,False,143,False,173,False,193,False,210,False,244,False,297,False,301_plus,301_plus,301_plus
