season,team,team_key,ranking_year,on3_hs_teams_ranked,on3_hs_rank_percentile,on3_hs_source_file,on3_hs_source_url,on3_hs_captured_at,on3_hs_ranking_date_updated,on3_hs_rank,on3_hs_score,on3_hs_on3_score,on3_hs_commits,on3_hs_applied_commits,on3_hs_avg_rating,on3_hs_on3_avg_rating,on3_hs_total_rating,on3_hs_on3_total_rating,on3_hs_five_stars,on3_hs_on3_five_stars,on3_hs_four_stars,on3_hs_on3_four_stars,on3_hs_three_stars,on3_hs_on3_three_stars,on3_hs_avg_nil_value,on3_hs_conference_rank,on3_transfer_teams_ranked,on3_transfer_rank_percentile,on3_transfer_source_file,on3_transfer_source_url,on3_transfer_captured_at,on3_transfer_ranking_date_updated,on3_transfer_rank,on3_transfer_index_score,on3_transfer_raw_score,on3_transfer_transfers_in,on3_transfer_transfers_in_avg_rating,on3_transfer_raw_score_in,on3_transfer_transfers_out,on3_transfer_transfers_out_avg_rating,on3_transfer_raw_score_out,on3_transfer_five_stars_net,on3_transfer_five_stars_in,on3_transfer_five_stars_out,on3_transfer_four_stars_net,on3_transfer_four_stars_in,on3_transfer_four_stars_out,on3_transfer_three_stars_net,on3_transfer_three_stars_in,on3_transfer_three_stars_out,on3_transfer_original_nil_valuation,on3_transfer_adjusted_nil_valuation,on3_transfer_nil_valuation_change
2027,Akron,akron,2026,184,0.19672131147540983,/home/runner/work/ncaa-net-predictor/ncaa-net-predictor/data/raw/on3/hs/2026/on3_hs_2026_2026-05-06.json,https://www.on3.com/rivals/rankings/industry-team/basketball/2026/,2026-05-06T16:40:39+00:00,2026-05-06T16:27:56+00:00,148.0,78.897053717569,84.230387050902,1.0,1.0,82.666666666667,88.0,82.666666666667,88.0,0.0,0.0,0.0,0.0,1.0,1.0,,4.0,,,,,,,,,,,,,,,,,,,,,,,,,,,
2027,Alabama,alabama,2026,184,0.9781420765027322,/home/runner/work/ncaa-net-predictor/ncaa-net-predictor/data/raw/on3/hs/2026/on3_hs_2026_2026-05-06.json,https://www.on3.com/rivals/rankings/industry-team/basketball/2026/,2026-05-06T16:40:39+00:00,2026-05-06T16:27:56+00:00,5.0,96.397475455821,94.666666666667,3.0,3.0,96.397475455821,94.666666666667,96.397475455821,94.666666666667,0.0,0.0,3.0,3.0,0.0,0.0,377100.0,2.0,79,0.07692307692307687,/home/runner/work/ncaa-net-predictor/ncaa-net-predictor/data/raw/on3/transfer/2026/on3_transfer_2026_2026-05-06.json,https://www.on3.com/transfer-portal/team-rankings/basketball/2026/?page=2,2026-05-06T16:40:40+00:00,2026-05-06T02:01:34+00:00,73.0,-9.0,-103.422,4.0,86.25,185.113,4.0,93.75,288.535,0.0,0.0,0.0,-1.0,3.0,4.0,1.0,1.0,0.0,1740343.0,930459.0,-809884.0
2027,Albany,albany,2026,184,0.1584699453551912,/home/runner/work/ncaa-net-predictor/ncaa-net-predictor/data/raw/on3/hs/2026/on3_hs_2026_2026-05-06.json,https://www.on3.com/rivals/rankings/industry-team/basketball/2026/,2026-05-06T16:40:39+00:00,2026-05-06T16:27:56+00:00,155.0,76.230387050902,76.230387050902,1.0,1.0,80.0,80.0,80.0,80.0,0.0,0.0,0.0,0.0,0.0,0.0,,,,,,,,,,,,,,,,,,,,,,,,,,,,,
2027,Alcorn State,alcorn state,2026,184,0.15300546448087426,/home/runner/work/ncaa-net-predictor/ncaa-net-predictor/data/raw/on3/hs/2026/on3_hs_2026_2026-05-06.json,https://www.on3.com/rivals/rankings/industry-team/basketball/2026/,2026-05-06T16:40:39+00:00,2026-05-06T16:27:56+00:00,156.0,76.230387050902,76.230387050902,1.0,1.0,80.0,80.0,80.0,80.0,0.0,0.0,0.0,0.0,0.0,0.0,,,,,,,,,,,,,,,,,,,,,,,,,,,,,
2027,Appalachian State,appalachian state,2026,184,0.2404371584699454,/home/runner/work/ncaa-net-predictor/ncaa-net-predictor/data/raw/on3/hs/2026/on3_hs_2026_2026-05-06.json,https://www.on3.com/rivals/rankings/industry-team/basketball/2026/,2026-05-06T16:40:39+00:00,2026-05-06T16:27:56+00:00,140.0,79.563720384235,82.230387050902,1.0,1.0,83.333333333333,86.0,83.333333333333,86.0,0.0,0.0,0.0,0.0,1.0,1.0,,5.0,,,,,,,,,,,,,,,,,,,,,,,,,,,
2027,Arizona,arizona,2026,184,0.9672131147540983,/home/runner/work/ncaa-net-predictor/ncaa-net-predictor/data/raw/on3/hs/2026/on3_hs_2026_2026-05-06.json,https://www.on3.com/rivals/rankings/industry-team/basketball/2026/,2026-05-06T16:40:39+00:00,2026-05-06T16:27:56+00:00,7.0,96.353493290866,95.181666502647,2.0,2.0,97.171826788219,96.0,97.171826788219,96.0,1.0,1.0,1.0,1.0,0.0,0.0,846084.0,3.0,79,0.1923076923076923,/home/runner/work/ncaa-net-predictor/ncaa-net-predictor/data/raw/on3/transfer/2026/on3_transfer_2026_2026-05-06.json,https://www.on3.com/transfer-portal/team-rankings/basketball/2026/?page=2,2026-05-06T16:40:40+00:00,2026-05-06T02:01:34+00:00,64.0,0.0,0.0,2.0,93.0,141.667,2.0,93.0,141.667,0.0,0.0,0.0,0.0,2.0,2.0,0.0,0.0,0.0,0.0,138282.0,138282.0
2027,Arizona State,arizona state,2026,184,0.5245901639344263,/home/runner/work/ncaa-net-predictor/ncaa-net-predictor/data/raw/on3/hs/2026/on3_hs_2026_2026-05-06.json,https://www.on3.com/rivals/rankings/industry-team/basketball/2026/,2026-05-06T16:40:39+00:00,2026-05-06T16:27:56+00:00,88.0,84.569347662067,83.681666502647,2.0,2.0,85.38768115942,84.5,85.38768115942,84.5,0.0,0.0,0.0,0.0,1.0,1.0,,10.0,79,0.4487179487179487,/home/runner/work/ncaa-net-predictor/ncaa-net-predictor/data/raw/on3/transfer/2026/on3_transfer_2026_2026-05-06.json,https://www.on3.com/transfer-portal/team-rankings/basketball/2026/,2026-05-06T16:40:40+00:00,2026-05-06T02:01:34+00:00,44.0,9.0,102.726,7.0,80.429,298.889,9.0,72.889,196.163,0.0,0.0,0.0,2.0,5.0,3.0,-1.0,0.0,1.0,1922570.0,2806518.0,883948.0
2027,Arkansas,arkansas,2026,184,0.994535519125683,/home/runner/work/ncaa-net-predictor/ncaa-net-predictor/data/raw/on3/hs/2026/on3_hs_2026_2026-05-06.json,https://www.on3.com/rivals/rankings/industry-team/basketball/2026/,2026-05-06T16:40:39+00:00,2026-05-06T16:27:56+00:00,2.0,98.178853046595,97.666666666667,4.0,3.0,98.178853046595,97.666666666667,98.097311827957,97.25,1.0,2.0,3.0,2.0,0.0,0.0,904628.25,1.0,79,0.3205128205128205,/home/runner/work/ncaa-net-predictor/ncaa-net-predictor/data/raw/on3/transfer/2026/on3_transfer_2026_2026-05-06.json,https://www.on3.com/transfer-portal/team-rankings/basketball/2026/?page=2,2026-05-06T16:40:40+00:00,2026-05-06T02:01:34+00:00,54.0,5.0,49.933,2.0,93.0,145.277,5.0,74.8,95.343,0.0,0.0,0.0,0.0,2.0,2.0,0.0,0.0,0.0,0.0,100205.0,100205.0
2027,Arkansas State,arkansas state,2026,184,0.40437158469945356,/home/runner/work/ncaa-net-predictor/ncaa-net-predictor/data/raw/on3/hs/2026/on3_hs_2026_2026-05-06.json,https://www.on3.com/rivals/rankings/industry-team/basketball/2026/,2026-05-06T16:40:39+00:00,2026-05-06T16:27:56+00:00,110.0,82.681666502647,86.681666502647,2.0,2.0,83.5,87.5,83.5,87.5,0.0,0.0,0.0,0.0,2.0,2.0,,3.0,,,,,,,,,,,,,,,,,,,,,,,,,,,
2027,Auburn,auburn,2026,184,0.3715846994535519,/home/runner/work/ncaa-net-predictor/ncaa-net-predictor/data/raw/on3/hs/2026/on3_hs_2026_2026-05-06.json,https://www.on3.com/rivals/rankings/industry-team/basketball/2026/,2026-05-06T16:40:39+00:00,2026-05-06T16:27:56+00:00,116.0,81.848333169314,83.181666502647,2.0,2.0,82.666666666667,84.0,82.666666666667,84.0,0.0,0.0,0.0,0.0,1.0,1.0,,16.0,79,0.5512820512820513,/home/runner/work/ncaa-net-predictor/ncaa-net-predictor/data/raw/on3/transfer/2026/on3_transfer_2026_2026-05-06.json,https://www.on3.com/transfer-portal/team-rankings/basketball/2026/,2026-05-06T16:40:40+00:00,2026-05-06T02:01:34+00:00,36.0,13.0,147.841,5.0,91.4,321.509,6.0,79.5,173.669,0.0,0.0,0.0,2.0,5.0,3.0,-1.0,0.0,1.0,0.0,-2517640.0,-2517640.0
2027,Austin Peay,austin peay,2026,184,0.48633879781420764,/home/runner/work/ncaa-net-predictor/ncaa-net-predictor/data/raw/on3/hs/2026/on3_hs_2026_2026-05-06.json,https://www.on3.com/rivals/rankings/industry-team/basketball/2026/,2026-05-06T16:40:39+00:00,2026-05-06T16:27:56+00:00,95.0,84.18961352657,88.333333333333,5.0,3.0,84.18961352657,88.333333333333,83.047101449275,86.4,0.0,0.0,0.0,0.0,4.0,4.0,,,,,,,,,,,,,,,,,,,,,,,,,,,,,
2027,BYU,byu,2026,184,0.8360655737704918,/home/runner/work/ncaa-net-predictor/ncaa-net-predictor/data/raw/on3/hs/2026/on3_hs_2026_2026-05-06.json,https://www.on3.com/rivals/rankings/industry-team/basketball/2026/,2026-05-06T16:40:39+00:00,2026-05-06T16:27:56+00:00,31.0,91.822837774661,93.333333333333,4.0,3.0,91.822837774661,93.333333333333,88.867128330996,90.0,1.0,1.0,1.0,1.0,1.0,1.0,627393.5,7.0,79,0.6538461538461539,/home/runner/work/ncaa-net-predictor/ncaa-net-predictor/data/raw/on3/transfer/2026/on3_transfer_2026_2026-05-06.json,https://www.on3.com/transfer-portal/team-rankings/basketball/2026/,2026-05-06T16:40:40+00:00,2026-05-06T02:01:34+00:00,28.0,15.0,170.167,3.0,82.333,146.645,9.0,63.667,-23.522,0.0,0.0,0.0,1.0,2.0,1.0,0.0,1.0,1.0,4206384.0,4219686.0,13302.0
2027,Ball State,ball state,2026,184,0.2622950819672131,/home/runner/work/ncaa-net-predictor/ncaa-net-predictor/data/raw/on3/hs/2026/on3_hs_2026_2026-05-06.json,https://www.on3.com/rivals/rankings/industry-team/basketball/2026/,2026-05-06T16:40:39+00:00,2026-05-06T16:27:56+00:00,136.0,80.230387050902,84.230387050902,1.0,1.0,84.0,88.0,84.0,88.0,0.0,0.0,0.0,0.0,1.0,1.0,,3.0,,,,,,,,,,,,,,,,,,,,,,,,,,,
2027,Baylor,baylor,2026,184,0.9726775956284153,/home/runner/work/ncaa-net-predictor/ncaa-net-predictor/data/raw/on3/hs/2026/on3_hs_2026_2026-05-06.json,https://www.on3.com/rivals/rankings/industry-team/basketball/2026/,2026-05-06T16:40:39+00:00,2026-05-06T16:27:56+00:00,6.0,96.395627465714,95.181666502647,2.0,2.0,97.213960963067,96.0,97.213960963067,96.0,1.0,1.0,1.0,1.0,0.0,0.0,701037.5,2.0,79,0.7948717948717949,/home/runner/work/ncaa-net-predictor/ncaa-net-predictor/data/raw/on3/transfer/2026/on3_transfer_2026_2026-05-06.json,https://www.on3.com/transfer-portal/team-rankings/basketball/2026/,2026-05-06T16:40:40+00:00,2026-05-06T02:01:34+00:00,17.0,21.0,233.183,4.0,93.25,316.229,3.0,75.333,83.046,0.0,0.0,0.0,3.0,4.0,1.0,0.0,0.0,0.0,0.0,-449540.0,-449540.0
2027,Boise State,boise state,2026,184,0.3224043715846995,/home/runner/work/ncaa-net-predictor/ncaa-net-predictor/data/raw/on3/hs/2026/on3_hs_2026_2026-05-06.json,https://www.on3.com/rivals/rankings/industry-team/basketball/2026/,2026-05-06T16:40:39+00:00,2026-05-06T16:27:56+00:00,125.0,81.230387050902,85.230387050902,1.0,1.0,85.0,89.0,85.0,89.0,0.0,0.0,0.0,0.0,1.0,1.0,,4.0,,,,,,,,,,,,,,,,,,,,,,,,,,,
2027,Boston College,boston college,2026,184,0.03825136612021862,/home/runner/work/ncaa-net-predictor/ncaa-net-predictor/data/raw/on3/hs/2026/on3_hs_2026_2026-05-06.json,https://www.on3.com/rivals/rankings/industry-team/basketball/2026/,2026-05-06T16:40:39+00:00,2026-05-06T16:27:56+00:00,177.0,76.230387050902,76.230387050902,1.0,1.0,80.0,80.0,80.0,80.0,0.0,0.0,0.0,0.0,0.0,0.0,,16.0,79,0.5256410256410257,/home/runner/work/ncaa-net-predictor/ncaa-net-predictor/data/raw/on3/transfer/2026/on3_transfer_2026_2026-05-06.json,https://www.on3.com/transfer-portal/team-rankings/basketball/2026/,2026-05-06T16:40:40+00:00,2026-05-06T02:01:34+00:00,38.0,13.0,144.929,8.0,79.25,300.023,12.0,71.833,155.093,0.0,0.0,0.0,2.0,5.0,3.0,1.0,2.0,1.0,0.0,-25777.0,-25777.0
2027,Bryant University,bryant,2026,184,0.02732240437158473,/home/runner/work/ncaa-net-predictor/ncaa-net-predictor/data/raw/on3/hs/2026/on3_hs_2026_2026-05-06.json,https://www.on3.com/rivals/rankings/industry-team/basketball/2026/,2026-05-06T16:40:39+00:00,2026-05-06T16:27:56+00:00,179.0,76.230387050902,76.230387050902,1.0,1.0,80.0,80.0,80.0,80.0,0.0,0.0,0.0,0.0,0.0,0.0,,,,,,,,,,,,,,,,,,,,,,,,,,,,,
2027,Butler,butler,2026,184,0.5464480874316939,/home/runner/work/ncaa-net-predictor/ncaa-net-predictor/data/raw/on3/hs/2026/on3_hs_2026_2026-05-06.json,https://www.on3.com/rivals/rankings/industry-team/basketball/2026/,2026-05-06T16:40:39+00:00,2026-05-06T16:27:56+00:00,84.0,84.921340415691,84.181666502647,2.0,2.0,85.739673913044,85.0,85.739673913044,85.0,0.0,0.0,1.0,1.0,0.0,0.0,,9.0,79,0.05128205128205132,/home/runner/work/ncaa-net-predictor/ncaa-net-predictor/data/raw/on3/transfer/2026/on3_transfer_2026_2026-05-06.json,https://www.on3.com/transfer-portal/team-rankings/basketball/2026/?page=2,2026-05-06T16:40:40+00:00,2026-05-06T02:01:34+00:00,75.0,-10.0,-113.207,5.0,67.4,32.755,7.0,74.286,145.962,0.0,0.0,0.0,-1.0,1.0,2.0,0.0,1.0,1.0,0.0,-9477.0,-9477.0
2027,California,california,2026,184,0.47540983606557374,/home/runner/work/ncaa-net-predictor/ncaa-net-predictor/data/raw/on3/hs/2026/on3_hs_2026_2026-05-06.json,https://www.on3.com/rivals/rankings/industry-team/basketball/2026/,2026-05-06T16:40:39+00:00,2026-05-06T16:27:56+00:00,97.0,83.947065053372,88.181666502647,2.0,2.0,84.765398550725,89.0,84.765398550725,89.0,0.0,0.0,0.0,1.0,2.0,1.0,,14.0,79,0.6666666666666667,/home/runner/work/ncaa-net-predictor/ncaa-net-predictor/data/raw/on3/transfer/2026/on3_transfer_2026_2026-05-06.json,https://www.on3.com/transfer-portal/team-rankings/basketball/2026/,2026-05-06T16:40:40+00:00,2026-05-06T02:01:34+00:00,27.0,16.0,174.039,5.0,87.8,315.152,4.0,77.5,141.113,0.0,0.0,0.0,2.0,4.0,2.0,0.0,0.0,0.0,0.0,-248543.0,-248543.0
2027,California Baptist University,cal baptist,2026,184,0.6502732240437159,/home/runner/work/ncaa-net-predictor/ncaa-net-predictor/data/raw/on3/hs/2026/on3_hs_2026_2026-05-06.json,https://www.on3.com/rivals/rankings/industry-team/basketball/2026/,2026-05-06T16:40:39+00:00,2026-05-06T16:27:56+00:00,65.0,86.526763862496,84.230387050902,1.0,1.0,90.296376811594,88.0,90.296376811594,88.0,0.0,0.0,0.0,0.0,1.0,1.0,6885.0,,,,,,,,,,,,,,,,,,,,,,,,,,,,
2027,California State University-Long Beach,long beach state,2026,184,0.3825136612021858,/home/runner/work/ncaa-net-predictor/ncaa-net-predictor/data/raw/on3/hs/2026/on3_hs_2026_2026-05-06.json,https://www.on3.com/rivals/rankings/industry-team/basketball/2026/,2026-05-06T16:40:39+00:00,2026-05-06T16:27:56+00:00,114.0,81.930387050902,82.230387050902,1.0,1.0,85.7,86.0,85.7,86.0,0.0,0.0,0.0,0.0,1.0,1.0,,,,,,,,,,,,,,,,,,,,,,,,,,,,,
2027,Canisius University,canisius,2026,184,0.032786885245901676,/home/runner/work/ncaa-net-predictor/ncaa-net-predictor/data/raw/on3/hs/2026/on3_hs_2026_2026-05-06.json,https://www.on3.com/rivals/rankings/industry-team/basketball/2026/,2026-05-06T16:40:39+00:00,2026-05-06T16:27:56+00:00,178.0,76.230387050902,76.230387050902,1.0,1.0,80.0,80.0,80.0,80.0,0.0,0.0,0.0,0.0,0.0,0.0,,,,,,,,,,,,,,,,,,,,,,,,,,,,,
2027,Chattanooga,chattanooga,2026,184,0.010928961748633892,/home/runner/work/ncaa-net-predictor/ncaa-net-predictor/data/raw/on3/hs/2026/on3_hs_2026_2026-05-06.json,https://www.on3.com/rivals/rankings/industry-team/basketball/2026/,2026-05-06T16:40:39+00:00,2026-05-06T16:27:56+00:00,182.0,76.230387050902,76.230387050902,1.0,1.0,80.0,80.0,80.0,80.0,0.0,0.0,0.0,0.0,0.0,0.0,,,,,,,,,,,,,,,,,,,,,,,,,,,,,
2027,Cincinnati,cincinnati,2026,,,,,,,,,,,,,,,,,,,,,,,,79,0.2948717948717948,/home/runner/work/ncaa-net-predictor/ncaa-net-predictor/data/raw/on3/transfer/2026/on3_transfer_2026_2026-05-06.json,https://www.on3.com/transfer-portal/team-rankings/basketball/2026/?page=2,2026-05-06T16:40:40+00:00,2026-05-06T02:01:34+00:00,56.0,4.0,43.442,10.0,79.7,364.485,10.0,78.6,321.043,0.0,0.0,0.0,3.0,8.0,5.0,1.0,1.0,0.0,1742311.0,729480.0,-1012831.0
2027,Clemson,clemson,2026,184,0.7213114754098361,/home/runner/work/ncaa-net-predictor/ncaa-net-predictor/data/raw/on3/hs/2026/on3_hs_2026_2026-05-06.json,https://www.on3.com/rivals/rankings/industry-team/basketball/2026/,2026-05-06T16:40:39+00:00,2026-05-06T16:27:56+00:00,52.0,87.500483091787,87.0,3.0,3.0,87.500483091787,87.0,87.500483091787,87.0,0.0,0.0,1.0,1.0,1.0,1.0,,12.0,79,0.641025641025641,/home/runner/work/ncaa-net-predictor/ncaa-net-predictor/data/raw/on3/transfer/2026/on3_transfer_2026_2026-05-06.json,https://www.on3.com/transfer-portal/team-rankings/basketball/2026/,2026-05-06T16:40:40+00:00,2026-05-06T02:01:34+00:00,29.0,15.0,168.902,3.0,92.667,234.165,3.0,71.667,65.263,0.0,0.0,0.0,2.0,3.0,1.0,-1.0,0.0,1.0,0.0,113119.0,113119.0
2027,College of Charleston,charleston,2026,184,0.6338797814207651,/home/runner/work/ncaa-net-predictor/ncaa-net-predictor/data/raw/on3/hs/2026/on3_hs_2026_2026-05-06.json,https://www.on3.com/rivals/rankings/industry-team/basketball/2026/,2026-05-06T16:40:39+00:00,2026-05-06T16:27:56+00:00,68.0,86.159010239308,83.230387050902,1.0,1.0,89.928623188406,87.0,89.928623188406,87.0,0.0,0.0,0.0,0.0,1.0,1.0,,,,,,,,,,,,,,,,,,,,,,,,,,,,,
2027,Colorado,colorado,2026,184,0.3989071038251366,/home/runner/work/ncaa-net-predictor/ncaa-net-predictor/data/raw/on3/hs/2026/on3_hs_2026_2026-05-06.json,https://www.on3.com/rivals/rankings/industry-team/basketball/2026/,2026-05-06T16:40:39+00:00,2026-05-06T16:27:56+00:00,111.0,82.467995169082,83.0,3.0,3.0,82.467995169082,83.0,82.467995169082,83.0,0.0,0.0,0.0,0.0,1.0,1.0,,12.0,79,0.0641025641025641,/home/runner/work/ncaa-net-predictor/ncaa-net-predictor/data/raw/on3/transfer/2026/on3_transfer_2026_2026-05-06.json,https://www.on3.com/transfer-portal/team-rankings/basketball/2026/?page=2,2026-05-06T16:40:40+00:00,2026-05-06T02:01:34+00:00,74.0,-10.0,-111.098,2.0,76.0,60.101,10.0,72.0,171.199,0.0,0.0,0.0,-2.0,1.0,3.0,1.0,1.0,0.0,0.0,-1894627.0,-1894627.0
2027,Colorado State,colorado state,2026,184,0.5683060109289617,/home/runner/work/ncaa-net-predictor/ncaa-net-predictor/data/raw/on3/hs/2026/on3_hs_2026_2026-05-06.json,https://www.on3.com/rivals/rankings/industry-team/basketball/2026/,2026-05-06T16:40:39+00:00,2026-05-06T16:27:56+00:00,80.0,85.111111111111,88.666666666667,3.0,3.0,85.111111111111,88.666666666667,85.111111111111,88.666666666667,0.0,0.0,0.0,0.0,3.0,3.0,,3.0,,,,,,,,,,,,,,,,,,,,,,,,,,,
2027,Connecticut,connecticut,2026,184,0.9508196721311475,/home/runner/work/ncaa-net-predictor/ncaa-net-predictor/data/raw/on3/hs/2026/on3_hs_2026_2026-05-06.json,https://www.on3.com/rivals/rankings/industry-team/basketball/2026/,2026-05-06T16:40:39+00:00,2026-05-06T16:27:56+00:00,10.0,95.585161126303,94.681666502647,2.0,2.0,96.403494623656,95.5,96.403494623656,95.5,0.0,0.0,2.0,2.0,0.0,0.0,364781.0,1.0,79,0.7307692307692308,/home/runner/work/ncaa-net-predictor/ncaa-net-predictor/data/raw/on3/transfer/2026/on3_transfer_2026_2026-05-06.json,https://www.on3.com/transfer-portal/team-rankings/basketball/2026/,2026-05-06T16:40:40+00:00,2026-05-06T02:01:34+00:00,22.0,19.0,212.641,4.0,93.75,301.575,5.0,74.0,88.934,0.0,0.0,0.0,2.0,4.0,2.0,0.0,0.0,0.0,0.0,-1150419.0,-1150419.0
2027,Creighton,creighton,2026,184,0.7377049180327868,/home/runner/work/ncaa-net-predictor/ncaa-net-predictor/data/raw/on3/hs/2026/on3_hs_2026_2026-05-06.json,https://www.on3.com/rivals/rankings/industry-team/basketball/2026/,2026-05-06T16:40:39+00:00,2026-05-06T16:27:56+00:00,49.0,88.019565217391,86.0,3.0,3.0,88.019565217391,86.0,88.019565217391,86.0,0.0,0.0,1.0,0.0,1.0,2.0,6643.0,3.0,79,0.6153846153846154,/home/runner/work/ncaa-net-predictor/ncaa-net-predictor/data/raw/on3/transfer/2026/on3_transfer_2026_2026-05-06.json,https://www.on3.com/transfer-portal/team-rankings/basketball/2026/,2026-05-06T16:40:40+00:00,2026-05-06T02:01:34+00:00,31.0,15.0,165.279,4.0,88.25,254.264,8.0,68.75,88.984,0.0,0.0,0.0,2.0,4.0,2.0,0.0,0.0,0.0,0.0,2110128.0,2110128.0
2027,Dayton,dayton,2026,184,0.7978142076502732,/home/runner/work/ncaa-net-predictor/ncaa-net-predictor/data/raw/on3/hs/2026/on3_hs_2026_2026-05-06.json,https://www.on3.com/rivals/rankings/industry-team/basketball/2026/,2026-05-06T16:40:39+00:00,2026-05-06T16:27:56+00:00,38.0,90.081280193237,89.666666666667,3.0,3.0,90.081280193237,89.666666666667,90.081280193237,89.666666666667,0.0,0.0,2.0,1.0,1.0,2.0,,,,,,,,,,,,,,,,,,,,,,,,,,,,,
2027,DePaul,depaul,2026,184,0.5628415300546448,/home/runner/work/ncaa-net-predictor/ncaa-net-predictor/data/raw/on3/hs/2026/on3_hs_2026_2026-05-06.json,https://www.on3.com/rivals/rankings/industry-team/basketball/2026/,2026-05-06T16:40:39+00:00,2026-05-06T16:27:56+00:00,81.0,85.083333333333,88.333333333333,3.0,3.0,85.083333333333,88.333333333333,85.083333333333,88.333333333333,0.0,0.0,0.0,0.0,3.0,3.0,7163.0,8.0,79,0.7564102564102564,/home/runner/work/ncaa-net-predictor/ncaa-net-predictor/data/raw/on3/transfer/2026/on3_transfer_2026_2026-05-06.json,https://www.on3.com/transfer-portal/team-rankings/basketball/2026/,2026-05-06T16:40:40+00:00,2026-05-06T02:01:34+00:00,20.0,21.0,228.392,6.0,76.167,224.441,6.0,61.833,-3.951,0.0,0.0,0.0,3.0,3.0,0.0,1.0,1.0,0.0,0.0,1083273.0,1083273.0
2027,Drake,drake,2026,184,0.5737704918032787,/home/runner/work/ncaa-net-predictor/ncaa-net-predictor/data/raw/on3/hs/2026/on3_hs_2026_2026-05-06.json,https://www.on3.com/rivals/rankings/industry-team/basketball/2026/,2026-05-06T16:40:39+00:00,2026-05-06T16:27:56+00:00,79.0,85.248333169314,86.681666502647,2.0,2.0,86.066666666667,87.5,86.066666666667,87.5,0.0,0.0,0.0,0.0,2.0,2.0,7540.0,,,,,,,,,,,,,,,,,,,,,,,,,,,,
2027,Duke,duke,2026,184,1.0,/home/runner/work/ncaa-net-predictor/ncaa-net-predictor/data/raw/on3/hs/2026/on3_hs_2026_2026-05-06.json,https://www.on3.com/rivals/rankings/industry-team/basketball/2026/,2026-05-06T16:40:39+00:00,2026-05-06T16:27:56+00:00,1.0,98.450716845878,98.0,5.0,3.0,98.450716845878,98.0,96.885203366059,96.0,3.0,3.0,2.0,1.0,0.0,1.0,919356.25,1.0,79,0.20512820512820518,/home/runner/work/ncaa-net-predictor/ncaa-net-predictor/data/raw/on3/transfer/2026/on3_transfer_2026_2026-05-06.json,https://www.on3.com/transfer-portal/team-rankings/basketball/2026/?page=2,2026-05-06T16:40:40+00:00,2026-05-06T02:01:34+00:00,63.0,0.0,3.961,3.0,83.333,135.987,2.0,92.0,132.026,0.0,0.0,0.0,0.0,2.0,2.0,1.0,1.0,0.0,2190090.0,3692894.0,1502804.0
2027,East Carolina,east carolina,2026,184,0.4098360655737705,/home/runner/work/ncaa-net-predictor/ncaa-net-predictor/data/raw/on3/hs/2026/on3_hs_2026_2026-05-06.json,https://www.on3.com/rivals/rankings/industry-team/basketball/2026/,2026-05-06T16:40:39+00:00,2026-05-06T16:27:56+00:00,109.0,82.72314067409,84.230387050902,1.0,1.0,86.492753623188,88.0,86.492753623188,88.0,0.0,0.0,0.0,0.0,1.0,1.0,,7.0,,,,,,,,,,,,,,,,,,,,,,,,,,,
2027,FIU,fiu,2026,184,0.5027322404371585,/home/runner/work/ncaa-net-predictor/ncaa-net-predictor/data/raw/on3/hs/2026/on3_hs_2026_2026-05-06.json,https://www.on3.com/rivals/rankings/industry-team/basketball/2026/,2026-05-06T16:40:39+00:00,2026-05-06T16:27:56+00:00,92.0,84.349782444676,83.181666502647,2.0,2.0,85.168115942029,84.0,85.168115942029,84.0,0.0,0.0,0.0,0.0,1.0,1.0,,3.0,,,,,,,,,,,,,,,,,,,,,,,,,,,
2027,Florida,florida,2026,184,0.3879781420765027,/home/runner/work/ncaa-net-predictor/ncaa-net-predictor/data/raw/on3/hs/2026/on3_hs_2026_2026-05-06.json,https://www.on3.com/rivals/rankings/industry-team/basketball/2026/,2026-05-06T16:40:39+00:00,2026-05-06T16:27:56+00:00,113.0,82.083574879227,83.0,3.0,3.0,82.083574879227,83.0,82.083574879227,83.0,0.0,0.0,0.0,0.0,1.0,1.0,,15.0,79,0.4871794871794872,/home/runner/work/ncaa-net-predictor/ncaa-net-predictor/data/raw/on3/transfer/2026/on3_transfer_2026_2026-05-06.json,https://www.on3.com/transfer-portal/team-rankings/basketball/2026/,2026-05-06T16:40:40+00:00,2026-05-06T02:01:34+00:00,41.0,10.0,108.015,1.0,93.0,74.294,2.0,60.5,-33.721,0.0,0.0,0.0,1.0,1.0,0.0,-1.0,0.0,1.0,0.0,2091310.0,2091310.0
2027,Florida Atlantic,florida atlantic,2026,184,0.7595628415300546,/home/runner/work/ncaa-net-predictor/ncaa-net-predictor/data/raw/on3/hs/2026/on3_hs_2026_2026-05-06.json,https://www.on3.com/rivals/rankings/industry-team/basketball/2026/,2026-05-06T16:40:39+00:00,2026-05-06T16:27:56+00:00,45.0,88.517343572641,86.230387050902,1.0,1.0,92.286956521739,90.0,92.286956521739,90.0,0.0,0.0,1.0,1.0,0.0,0.0,18340.0,1.0,,,,,,,,,,,,,,,,,,,,,,,,,,,
2027,Florida State,florida state,2026,184,0.9016393442622951,/home/runner/work/ncaa-net-predictor/ncaa-net-predictor/data/raw/on3/hs/2026/on3_hs_2026_2026-05-06.json,https://www.on3.com/rivals/rankings/industry-team/basketball/2026/,2026-05-06T16:40:39+00:00,2026-05-06T16:27:56+00:00,19.0,93.104347826087,92.0,5.0,3.0,93.104347826087,92.0,90.110652173913,89.0,0.0,0.0,4.0,3.0,0.0,1.0,62823.333333333336,3.0,79,0.9871794871794872,/home/runner/work/ncaa-net-predictor/ncaa-net-predictor/data/raw/on3/transfer/2026/on3_transfer_2026_2026-05-06.json,https://www.on3.com/transfer-portal/team-rankings/basketball/2026/,2026-05-06T16:40:40+00:00,2026-05-06T02:01:34+00:00,2.0,36.0,397.931,5.0,92.4,402.372,8.0,61.0,4.44,0.0,0.0,0.0,5.0,5.0,0.0,-2.0,0.0,2.0,0.0,1267505.0,1267505.0
2027,Fordham,fordham,2026,184,0.53551912568306,/home/runner/work/ncaa-net-predictor/ncaa-net-predictor/data/raw/on3/hs/2026/on3_hs_2026_2026-05-06.json,https://www.on3.com/rivals/rankings/industry-team/basketball/2026/,2026-05-06T16:40:39+00:00,2026-05-06T16:27:56+00:00,86.0,84.697053717569,84.230387050902,1.0,1.0,88.466666666667,88.0,88.466666666667,88.0,0.0,0.0,0.0,0.0,1.0,1.0,,,,,,,,,,,,,,,,,,,,,,,,,,,,,
2027,Fresno State,fresno state,2026,184,0.26775956284153,/home/runner/work/ncaa-net-predictor/ncaa-net-predictor/data/raw/on3/hs/2026/on3_hs_2026_2026-05-06.json,https://www.on3.com/rivals/rankings/industry-team/basketball/2026/,2026-05-06T16:40:39+00:00,2026-05-06T16:27:56+00:00,135.0,80.348333169314,82.681666502647,2.0,2.0,81.166666666667,83.5,81.166666666667,83.5,0.0,0.0,0.0,0.0,1.0,1.0,,6.0,,,,,,,,,,,,,,,,,,,,,,,,,,,
2027,Furman,furman,2026,184,0.049180327868852514,/home/runner/work/ncaa-net-predictor/ncaa-net-predictor/data/raw/on3/hs/2026/on3_hs_2026_2026-05-06.json,https://www.on3.com/rivals/rankings/industry-team/basketball/2026/,2026-05-06T16:40:39+00:00,2026-05-06T16:27:56+00:00,175.0,76.230387050902,76.230387050902,1.0,1.0,80.0,80.0,80.0,80.0,0.0,0.0,0.0,0.0,0.0,0.0,,,,,,,,,,,,,,,,,,,,,,,,,,,,,
2027,George Mason,george mason,2026,184,0.6120218579234973,/home/runner/work/ncaa-net-predictor/ncaa-net-predictor/data/raw/on3/hs/2026/on3_hs_2026_2026-05-06.json,https://www.on3.com/rivals/rankings/industry-team/basketball/2026/,2026-05-06T16:40:39+00:00,2026-05-06T16:27:56+00:00,72.0,85.992354908444,88.181666502647,2.0,2.0,86.810688405797,89.0,86.810688405797,89.0,0.0,0.0,1.0,1.0,1.0,1.0,7570.0,,,,,,,,,,,,,,,,,,,,,,,,,,,,
2027,Georgetown,georgetown,2026,184,0.6885245901639344,/home/runner/work/ncaa-net-predictor/ncaa-net-predictor/data/raw/on3/hs/2026/on3_hs_2026_2026-05-06.json,https://www.on3.com/rivals/rankings/industry-team/basketball/2026/,2026-05-06T16:40:39+00:00,2026-05-06T16:27:56+00:00,58.0,87.152126181337,85.230387050902,1.0,1.0,90.921739130435,89.0,90.921739130435,89.0,0.0,0.0,0.0,0.0,1.0,1.0,,5.0,79,0.3717948717948718,/home/runner/work/ncaa-net-predictor/ncaa-net-predictor/data/raw/on3/transfer/2026/on3_transfer_2026_2026-05-06.json,https://www.on3.com/transfer-portal/team-rankings/basketball/2026/,2026-05-06T16:40:40+00:00,2026-05-06T02:01:34+00:00,50.0,6.0,70.921,4.0,91.75,288.608,10.0,75.0,217.687,0.0,0.0,0.0,1.0,4.0,3.0,-1.0,0.0,1.0,0.0,-1917139.0,-1917139.0
2027,Georgia,georgia,2026,184,0.6229508196721312,/home/runner/work/ncaa-net-predictor/ncaa-net-predictor/data/raw/on3/hs/2026/on3_hs_2026_2026-05-06.json,https://www.on3.com/rivals/rankings/industry-team/basketball/2026/,2026-05-06T16:40:39+00:00,2026-05-06T16:27:56+00:00,70.0,86.111111111111,90.666666666667,4.0,3.0,86.111111111111,90.666666666667,84.583333333333,88.0,0.0,0.0,0.0,1.0,3.0,2.0,,11.0,79,0.1282051282051282,/home/runner/work/ncaa-net-predictor/ncaa-net-predictor/data/raw/on3/transfer/2026/on3_transfer_2026_2026-05-06.json,https://www.on3.com/transfer-portal/team-rankings/basketball/2026/?page=2,2026-05-06T16:40:40+00:00,2026-05-06T02:01:34+00:00,69.0,-7.0,-74.111,4.0,85.5,181.836,6.0,84.333,255.947,0.0,0.0,0.0,-1.0,3.0,4.0,0.0,1.0,1.0,1912145.0,-877117.0,-2789262.0
2027,Georgia Southern,georgia southern,2026,184,0.05464480874316935,/home/runner/work/ncaa-net-predictor/ncaa-net-predictor/data/raw/on3/hs/2026/on3_hs_2026_2026-05-06.json,https://www.on3.com/rivals/rankings/industry-team/basketball/2026/,2026-05-06T16:40:39+00:00,2026-05-06T16:27:56+00:00,174.0,76.230387050902,76.230387050902,1.0,1.0,80.0,80.0,80.0,80.0,0.0,0.0,0.0,0.0,0.0,0.0,,7.0,,,,,,,,,,,,,,,,,,,,,,,,,,,
2027,Georgia State,georgia state,2026,184,0.46448087431693985,/home/runner/work/ncaa-net-predictor/ncaa-net-predictor/data/raw/on3/hs/2026/on3_hs_2026_2026-05-06.json,https://www.on3.com/rivals/rankings/industry-team/basketball/2026/,2026-05-06T16:40:39+00:00,2026-05-06T16:27:56+00:00,99.0,83.897053717569,83.230387050902,1.0,1.0,87.666666666667,87.0,87.666666666667,87.0,0.0,0.0,0.0,0.0,1.0,1.0,,2.0,,,,,,,,,,,,,,,,,,,,,,,,,,,
2027,Georgia Tech,georgia tech,2026,184,0.8415300546448088,/home/runner/work/ncaa-net-predictor/ncaa-net-predictor/data/raw/on3/hs/2026/on3_hs_2026_2026-05-06.json,https://www.on3.com/rivals/rankings/industry-team/basketball/2026/,2026-05-06T16:40:39+00:00,2026-05-06T16:27:56+00:00,30.0,91.828019323672,90.666666666667,3.0,3.0,91.828019323672,90.666666666667,91.828019323672,90.666666666667,0.0,0.0,2.0,2.0,1.0,1.0,8567.0,7.0,79,0.5,/home/runner/work/ncaa-net-predictor/ncaa-net-predictor/data/raw/on3/transfer/2026/on3_transfer_2026_2026-05-06.json,https://www.on3.com/transfer-portal/team-rankings/basketball/2026/,2026-05-06T16:40:40+00:00,2026-05-06T02:01:34+00:00,40.0,11.0,115.51,4.0,92.0,283.473,9.0,74.333,167.964,0.0,0.0,0.0,1.0,4.0,3.0,-1.0,0.0,1.0,1543664.0,-1519895.0,-3063559.0
2027,Gonzaga University,gonzaga,2026,184,0.7704918032786885,/home/runner/work/ncaa-net-predictor/ncaa-net-predictor/data/raw/on3/hs/2026/on3_hs_2026_2026-05-06.json,https://www.on3.com/rivals/rankings/industry-team/basketball/2026/,2026-05-06T16:40:39+00:00,2026-05-06T16:27:56+00:00,43.0,88.924516908213,88.333333333333,3.0,3.0,88.924516908213,88.333333333333,88.924516908213,88.333333333333,0.0,0.0,2.0,2.0,0.0,0.0,90230.5,,,,,,,,,,,,,,,,,,,,,,,,,,,,
2027,Hampton,hampton,2026,184,0.1202185792349727,/home/runner/work/ncaa-net-predictor/ncaa-net-predictor/data/raw/on3/hs/2026/on3_hs_2026_2026-05-06.json,https://www.on3.com/rivals/rankings/industry-team/basketball/2026/,2026-05-06T16:40:39+00:00,2026-05-06T16:27:56+00:00,162.0,76.230387050902,76.230387050902,1.0,1.0,80.0,80.0,80.0,80.0,0.0,0.0,0.0,0.0,0.0,0.0,,,,,,,,,,,,,,,,,,,,,,,,,,,,,
2027,Harvard,harvard,2026,184,0.4972677595628415,/home/runner/work/ncaa-net-predictor/ncaa-net-predictor/data/raw/on3/hs/2026/on3_hs_2026_2026-05-06.json,https://www.on3.com/rivals/rankings/industry-team/basketball/2026/,2026-05-06T16:40:39+00:00,2026-05-06T16:27:56+00:00,93.0,84.343441864966,83.181666502647,2.0,2.0,85.161775362319,84.0,85.161775362319,84.0,0.0,0.0,0.0,0.0,1.0,1.0,,,,,,,,,,,,,,,,,,,,,,,,,,,,,
2027,High Point,high point,2026,184,0.6666666666666667,/home/runner/work/ncaa-net-predictor/ncaa-net-predictor/data/raw/on3/hs/2026/on3_hs_2026_2026-05-06.json,https://www.on3.com/rivals/rankings/industry-team/basketball/2026/,2026-05-06T16:40:39+00:00,2026-05-06T16:27:56+00:00,62.0,86.634010239308,85.230387050902,1.0,1.0,90.403623188406,89.0,90.403623188406,89.0,0.0,0.0,0.0,0.0,1.0,1.0,,,,,,,,,,,,,,,,,,,,,,,,,,,,,
2027,Hofstra,hofstra,2026,184,0.6775956284153005,/home/runner/work/ncaa-net-predictor/ncaa-net-predictor/data/raw/on3/hs/2026/on3_hs_2026_2026-05-06.json,https://www.on3.com/rivals/rankings/industry-team/basketball/2026/,2026-05-06T16:40:39+00:00,2026-05-06T16:27:56+00:00,60.0,86.970615778009,88.181666502647,2.0,2.0,87.788949275362,89.0,87.788949275362,89.0,0.0,0.0,0.0,0.0,2.0,2.0,,,,,,,,,,,,,,,,,,,,,,,,,,,,,
2027,Holy Cross,holy cross,2026,184,0.1912568306010929,/home/runner/work/ncaa-net-predictor/ncaa-net-predictor/data/raw/on3/hs/2026/on3_hs_2026_2026-05-06.json,https://www.on3.com/rivals/rankings/industry-team/basketball/2026/,2026-05-06T16:40:39+00:00,2026-05-06T16:27:56+00:00,149.0,78.897053717569,82.230387050902,1.0,1.0,82.666666666667,86.0,82.666666666667,86.0,0.0,0.0,0.0,0.0,1.0,1.0,,,,,,,,,,,,,,,,,,,,,,,,,,,,,
2027,Houston,houston,2026,184,0.9398907103825137,/home/runner/work/ncaa-net-predictor/ncaa-net-predictor/data/raw/on3/hs/2026/on3_hs_2026_2026-05-06.json,https://www.on3.com/rivals/rankings/industry-team/basketball/2026/,2026-05-06T16:40:39+00:00,2026-05-06T16:27:56+00:00,12.0,95.209138452156,94.681666502647,2.0,2.0,96.027471949509,95.5,96.027471949509,95.5,0.0,0.0,2.0,2.0,0.0,0.0,319695.0,4.0,79,0.8717948717948718,/home/runner/work/ncaa-net-predictor/ncaa-net-predictor/data/raw/on3/transfer/2026/on3_transfer_2026_2026-05-06.json,https://www.on3.com/transfer-portal/team-rankings/basketball/2026/,2026-05-06T16:40:40+00:00,2026-05-06T02:01:34+00:00,11.0,23.0,252.162,4.0,93.75,293.617,3.0,74.667,41.455,0.0,0.0,0.0,3.0,4.0,1.0,0.0,0.0,0.0,0.0,914500.0,914500.0
2027,Illinois,illinois,2026,184,0.8743169398907104,/home/runner/work/ncaa-net-predictor/ncaa-net-predictor/data/raw/on3/hs/2026/on3_hs_2026_2026-05-06.json,https://www.on3.com/rivals/rankings/industry-team/basketball/2026/,2026-05-06T16:40:39+00:00,2026-05-06T16:27:56+00:00,24.0,92.53546439146,93.666666666667,5.0,3.0,92.53546439146,93.666666666667,89.633959794296,91.6,0.0,0.0,2.0,2.0,3.0,3.0,274578.5,8.0,79,0.28205128205128205,/home/runner/work/ncaa-net-predictor/ncaa-net-predictor/data/raw/on3/transfer/2026/on3_transfer_2026_2026-05-06.json,https://www.on3.com/transfer-portal/team-rankings/basketball/2026/?page=2,2026-05-06T16:40:40+00:00,2026-05-06T02:01:34+00:00,57.0,3.0,33.81,1.0,96.0,86.667,4.0,72.25,52.857,0.0,0.0,0.0,-1.0,1.0,2.0,0.0,0.0,0.0,1531727.0,2792910.0,1261183.0
2027,Illinois-Chicago,illinois chicago,2026,184,0.39344262295081966,/home/runner/work/ncaa-net-predictor/ncaa-net-predictor/data/raw/on3/hs/2026/on3_hs_2026_2026-05-06.json,https://www.on3.com/rivals/rankings/industry-team/basketball/2026/,2026-05-06T16:40:39+00:00,2026-05-06T16:27:56+00:00,112.0,82.181666502647,83.181666502647,2.0,2.0,83.0,84.0,83.0,84.0,0.0,0.0,0.0,0.0,2.0,2.0,,,,,,,,,,,,,,,,,,,,,,,,,,,,,
2027,Indiana,indiana,2026,184,0.8961748633879781,/home/runner/work/ncaa-net-predictor/ncaa-net-predictor/data/raw/on3/hs/2026/on3_hs_2026_2026-05-06.json,https://www.on3.com/rivals/rankings/industry-team/basketball/2026/,2026-05-06T16:40:39+00:00,2026-05-06T16:27:56+00:00,20.0,92.972946859903,90.666666666667,3.0,3.0,92.972946859903,90.666666666667,92.972946859903,90.666666666667,0.0,0.0,3.0,3.0,0.0,0.0,,7.0,79,0.9743589743589743,/home/runner/work/ncaa-net-predictor/ncaa-net-predictor/data/raw/on3/transfer/2026/on3_transfer_2026_2026-05-06.json,https://www.on3.com/transfer-portal/team-rankings/basketball/2026/,2026-05-06T16:40:40+00:00,2026-05-06T02:01:34+00:00,3.0,35.0,383.088,6.0,93.5,476.039,7.0,69.571,92.951,0.0,0.0,0.0,4.0,6.0,2.0,0.0,0.0,0.0,0.0,4611237.0,4611237.0
2027,Indiana State,indiana state,2026,184,0.4316939890710383,/home/runner/work/ncaa-net-predictor/ncaa-net-predictor/data/raw/on3/hs/2026/on3_hs_2026_2026-05-06.json,https://www.on3.com/rivals/rankings/industry-team/basketball/2026/,2026-05-06T16:40:39+00:00,2026-05-06T16:27:56+00:00,105.0,82.897053717569,84.230387050902,1.0,1.0,86.666666666667,88.0,86.666666666667,88.0,0.0,0.0,0.0,0.0,1.0,1.0,,,,,,,,,,,,,,,,,,,,,,,,,,,,,
2027,Iowa,iowa,2026,184,0.7759562841530054,/home/runner/work/ncaa-net-predictor/ncaa-net-predictor/data/raw/on3/hs/2026/on3_hs_2026_2026-05-06.json,https://www.on3.com/rivals/rankings/industry-team/basketball/2026/,2026-05-06T16:40:39+00:00,2026-05-06T16:27:56+00:00,42.0,89.016630270763,89.181666502647,2.0,2.0,89.834963768116,90.0,89.834963768116,90.0,0.0,0.0,1.0,1.0,1.0,1.0,,13.0,79,0.21794871794871795,/home/runner/work/ncaa-net-predictor/ncaa-net-predictor/data/raw/on3/transfer/2026/on3_transfer_2026_2026-05-06.json,https://www.on3.com/transfer-portal/team-rankings/basketball/2026/?page=2,2026-05-06T16:40:40+00:00,2026-05-06T02:01:34+00:00,62.0,1.0,5.515,1.0,91.0,71.875,2.0,76.5,66.36,0.0,0.0,0.0,0.0,1.0,1.0,0.0,0.0,0.0,0.0,-1117562.0,-1117562.0
2027,Iowa State,iowa state,2026,184,0.8087431693989071,/home/runner/work/ncaa-net-predictor/ncaa-net-predictor/data/raw/on3/hs/2026/on3_hs_2026_2026-05-06.json,https://www.on3.com/rivals/rankings/industry-team/basketball/2026/,2026-05-06T16:40:39+00:00,2026-05-06T16:27:56+00:00,36.0,90.497222222222,90.333333333333,4.0,3.0,90.497222222222,90.333333333333,89.876539855073,89.75,0.0,0.0,2.0,3.0,2.0,1.0,,9.0,79,0.5897435897435898,/home/runner/work/ncaa-net-predictor/ncaa-net-predictor/data/raw/on3/transfer/2026/on3_transfer_2026_2026-05-06.json,https://www.on3.com/transfer-portal/team-rankings/basketball/2026/,2026-05-06T16:40:40+00:00,2026-05-06T02:01:34+00:00,33.0,15.0,162.147,5.0,81.8,207.297,4.0,69.25,45.15,0.0,0.0,0.0,2.0,3.0,1.0,1.0,1.0,0.0,1988422.0,1147508.0,-840914.0
2027,James Madison,james madison,2026,184,0.36612021857923494,/home/runner/work/ncaa-net-predictor/ncaa-net-predictor/data/raw/on3/hs/2026/on3_hs_2026_2026-05-06.json,https://www.on3.com/rivals/rankings/industry-team/basketball/2026/,2026-05-06T16:40:39+00:00,2026-05-06T16:27:56+00:00,117.0,81.797053717569,76.230387050902,1.0,1.0,85.566666666667,80.0,85.566666666667,80.0,0.0,0.0,0.0,0.0,1.0,0.0,,,,,,,,,,,,,,,,,,,,,,,,,,,,,
2027,Kansas,kansas,2026,184,0.9836065573770492,/home/runner/work/ncaa-net-predictor/ncaa-net-predictor/data/raw/on3/hs/2026/on3_hs_2026_2026-05-06.json,https://www.on3.com/rivals/rankings/industry-team/basketball/2026/,2026-05-06T16:40:39+00:00,2026-05-06T16:27:56+00:00,4.0,96.970878136201,96.0,6.0,3.0,96.970878136201,96.0,92.335197522207,91.0,1.0,1.0,4.0,2.0,0.0,2.0,486610.0,1.0,79,0.02564102564102566,/home/runner/work/ncaa-net-predictor/ncaa-net-predictor/data/raw/on3/transfer/2026/on3_transfer_2026_2026-05-06.json,https://www.on3.com/transfer-portal/team-rankings/basketball/2026/?page=2,2026-05-06T16:40:40+00:00,2026-05-06T02:01:34+00:00,77.0,-14.0,-154.687,3.0,85.0,140.079,9.0,79.444,294.766,-1.0,0.0,1.0,-1.0,3.0,4.0,0.0,0.0,0.0,2063514.0,1001849.0,-1061665.0
2027,Kansas State,kansas state,2026,184,0.3497267759562842,/home/runner/work/ncaa-net-predictor/ncaa-net-predictor/data/raw/on3/hs/2026/on3_hs_2026_2026-05-06.json,https://www.on3.com/rivals/rankings/industry-team/basketball/2026/,2026-05-06T16:40:39+00:00,2026-05-06T16:27:56+00:00,120.0,81.681666502647,83.181666502647,2.0,2.0,82.5,84.0,82.5,84.0,0.0,0.0,0.0,0.0,1.0,1.0,,13.0,79,0.47435897435897434,/home/runner/work/ncaa-net-predictor/ncaa-net-predictor/data/raw/on3/transfer/2026/on3_transfer_2026_2026-05-06.json,https://www.on3.com/transfer-portal/team-rankings/basketball/2026/,2026-05-06T16:40:40+00:00,2026-05-06T02:01:34+00:00,42.0,10.0,106.135,10.0,74.0,238.418,9.0,69.778,132.283,0.0,0.0,0.0,2.0,4.0,2.0,2.0,3.0,1.0,2564638.0,39593.0,-2525045.0
2027,Kennesaw State,kennesaw state,2026,184,0.34426229508196726,/home/runner/work/ncaa-net-predictor/ncaa-net-predictor/data/raw/on3/hs/2026/on3_hs_2026_2026-05-06.json,https://www.on3.com/rivals/rankings/industry-team/basketball/2026/,2026-05-06T16:40:39+00:00,2026-05-06T16:27:56+00:00,121.0,81.666666666667,85.0,3.0,3.0,81.666666666667,85.0,81.666666666667,85.0,0.0,0.0,0.0,0.0,2.0,2.0,,6.0,,,,,,,,,,,,,,,,,,,,,,,,,,,
2027,Kent State,kent state,2026,184,0.6721311475409837,/home/runner/work/ncaa-net-predictor/ncaa-net-predictor/data/raw/on3/hs/2026/on3_hs_2026_2026-05-06.json,https://www.on3.com/rivals/rankings/industry-team/basketball/2026/,2026-05-06T16:40:39+00:00,2026-05-06T16:27:56+00:00,61.0,86.774952268293,86.230387050902,1.0,1.0,90.544565217391,90.0,90.544565217391,90.0,0.0,0.0,0.0,1.0,1.0,0.0,6669.0,1.0,,,,,,,,,,,,,,,,,,,,,,,,,,,
2027,Kentucky,kentucky,2026,184,0.4590163934426229,/home/runner/work/ncaa-net-predictor/ncaa-net-predictor/data/raw/on3/hs/2026/on3_hs_2026_2026-05-06.json,https://www.on3.com/rivals/rankings/industry-team/basketball/2026/,2026-05-06T16:40:39+00:00,2026-05-06T16:27:56+00:00,100.0,83.667149758454,83.0,3.0,3.0,83.667149758454,83.0,83.667149758454,83.0,0.0,0.0,0.0,0.0,1.0,1.0,8129.0,14.0,79,0.0,/home/runner/work/ncaa-net-predictor/ncaa-net-predictor/data/raw/on3/transfer/2026/on3_transfer_2026_2026-05-06.json,https://www.on3.com/transfer-portal/team-rankings/basketball/2026/?page=2,2026-05-06T16:40:40+00:00,2026-05-06T02:01:34+00:00,79.0,-23.0,-249.69,4.0,85.5,173.63,7.0,92.857,423.32,0.0,0.0,0.0,-3.0,4.0,7.0,0.0,0.0,0.0,4185767.0,2392698.0,-1793069.0
2027,LSU,lsu,2026,184,0.5300546448087431,/home/runner/work/ncaa-net-predictor/ncaa-net-predictor/data/raw/on3/hs/2026/on3_hs_2026_2026-05-06.json,https://www.on3.com/rivals/rankings/industry-team/basketball/2026/,2026-05-06T16:40:39+00:00,2026-05-06T16:27:56+00:00,87.0,84.681666502647,84.681666502647,2.0,2.0,85.5,85.5,85.5,85.5,0.0,0.0,0.0,1.0,1.0,0.0,,13.0,79,0.012820512820512775,/home/runner/work/ncaa-net-predictor/ncaa-net-predictor/data/raw/on3/transfer/2026/on3_transfer_2026_2026-05-06.json,https://www.on3.com/transfer-portal/team-rankings/basketball/2026/?page=2,2026-05-06T16:40:40+00:00,2026-05-06T02:01:34+00:00,78.0,-21.0,-230.153,1.0,93.0,73.867,11.0,77.545,304.02,0.0,0.0,0.0,-5.0,1.0,6.0,0.0,0.0,0.0,0.0,-2041984.0,-2041984.0
2027,Lane College,lane college,2026,184,0.09836065573770492,/home/runner/work/ncaa-net-predictor/ncaa-net-predictor/data/raw/on3/hs/2026/on3_hs_2026_2026-05-06.json,https://www.on3.com/rivals/rankings/industry-team/basketball/2026/,2026-05-06T16:40:39+00:00,2026-05-06T16:27:56+00:00,166.0,76.230387050902,76.230387050902,1.0,1.0,80.0,80.0,80.0,80.0,0.0,0.0,0.0,0.0,0.0,0.0,,,,,,,,,,,,,,,,,,,,,,,,,,,,,
2027,Le Moyne College,le moyne,2026,184,0.0,/home/runner/work/ncaa-net-predictor/ncaa-net-predictor/data/raw/on3/hs/2026/on3_hs_2026_2026-05-06.json,https://www.on3.com/rivals/rankings/industry-team/basketball/2026/,2026-05-06T16:40:39+00:00,2026-05-06T16:27:56+00:00,184.0,76.230387050902,76.230387050902,1.0,1.0,80.0,80.0,80.0,80.0,0.0,0.0,0.0,0.0,0.0,0.0,,,,,,,,,,,,,,,,,,,,,,,,,,,,,
2027,Liberty,liberty,2026,184,0.5956284153005464,/home/runner/work/ncaa-net-predictor/ncaa-net-predictor/data/raw/on3/hs/2026/on3_hs_2026_2026-05-06.json,https://www.on3.com/rivals/rankings/industry-team/basketball/2026/,2026-05-06T16:40:39+00:00,2026-05-06T16:27:56+00:00,75.0,85.784903381643,87.666666666667,3.0,3.0,85.784903381643,87.666666666667,85.784903381643,87.666666666667,0.0,0.0,1.0,0.0,2.0,3.0,,2.0,,,,,,,,,,,,,,,,,,,,,,,,,,,
2027,Lipscomb,lipscomb,2026,184,0.2295081967213115,/home/runner/work/ncaa-net-predictor/ncaa-net-predictor/data/raw/on3/hs/2026/on3_hs_2026_2026-05-06.json,https://www.on3.com/rivals/rankings/industry-team/basketball/2026/,2026-05-06T16:40:39+00:00,2026-05-06T16:27:56+00:00,142.0,79.230387050902,84.230387050902,1.0,1.0,83.0,88.0,83.0,88.0,0.0,0.0,0.0,0.0,1.0,1.0,,,,,,,,,,,,,,,,,,,,,,,,,,,,,
2027,Louisiana,louisiana,2026,184,0.6557377049180328,/home/runner/work/ncaa-net-predictor/ncaa-net-predictor/data/raw/on3/hs/2026/on3_hs_2026_2026-05-06.json,https://www.on3.com/rivals/rankings/industry-team/basketball/2026/,2026-05-06T16:40:39+00:00,2026-05-06T16:27:56+00:00,64.0,86.544879804525,84.230387050902,1.0,1.0,90.314492753623,88.0,90.314492753623,88.0,0.0,0.0,0.0,0.0,1.0,1.0,,1.0,,,,,,,,,,,,,,,,,,,,,,,,,,,
2027,Louisiana Tech,louisiana tech,2026,184,0.42622950819672134,/home/runner/work/ncaa-net-predictor/ncaa-net-predictor/data/raw/on3/hs/2026/on3_hs_2026_2026-05-06.json,https://www.on3.com/rivals/rankings/industry-team/basketball/2026/,2026-05-06T16:40:39+00:00,2026-05-06T16:27:56+00:00,106.0,82.888888888889,85.333333333333,6.0,3.0,82.888888888889,85.333333333333,81.444444444444,82.666666666667,0.0,0.0,0.0,0.0,2.0,2.0,8263.0,5.0,,,,,,,,,,,,,,,,,,,,,,,,,,,
2027,Louisiana-Monroe,louisiana monroe,2026,184,0.10382513661202186,/home/runner/work/ncaa-net-predictor/ncaa-net-predictor/data/raw/on3/hs/2026/on3_hs_2026_2026-05-06.json,https://www.on3.com/rivals/rankings/industry-team/basketball/2026/,2026-05-06T16:40:39+00:00,2026-05-06T16:27:56+00:00,165.0,76.230387050902,76.230387050902,1.0,1.0,80.0,80.0,80.0,80.0,0.0,0.0,0.0,0.0,0.0,0.0,,6.0,,,,,,,,,,,,,,,,,,,,,,,,,,,
2027,Louisville,louisville,2026,184,0.9180327868852459,/home/runner/work/ncaa-net-predictor/ncaa-net-predictor/data/raw/on3/hs/2026/on3_hs_2026_2026-05-06.json,https://www.on3.com/rivals/rankings/industry-team/basketball/2026/,2026-05-06T16:40:39+00:00,2026-05-06T16:27:56+00:00,16.0,94.431462319719,93.230387050902,1.0,1.0,98.201075268817,97.0,98.201075268817,97.0,1.0,0.0,0.0,1.0,0.0,0.0,824395.0,2.0,79,0.9102564102564102,/home/runner/work/ncaa-net-predictor/ncaa-net-predictor/data/raw/on3/transfer/2026/on3_transfer_2026_2026-05-06.json,https://www.on3.com/transfer-portal/team-rankings/basketball/2026/,2026-05-06T16:40:40+00:00,2026-05-06T02:01:34+00:00,8.0,26.0,287.986,6.0,88.833,400.172,6.0,71.833,112.186,1.0,1.0,0.0,3.0,5.0,2.0,-1.0,0.0,1.0,0.0,3738560.0,3738560.0
2027,Loyola (Chi),loyola chicago,2026,184,0.6065573770491803,/home/runner/work/ncaa-net-predictor/ncaa-net-predictor/data/raw/on3/hs/2026/on3_hs_2026_2026-05-06.json,https://www.on3.com/rivals/rankings/industry-team/basketball/2026/,2026-05-06T16:40:39+00:00,2026-05-06T16:27:56+00:00,73.0,85.96499983598,87.181666502647,2.0,2.0,86.783333333333,88.0,86.783333333333,88.0,0.0,0.0,0.0,0.0,2.0,2.0,,,,,,,,,,,,,,,,,,,,,,,,,,,,,
2027,Maine,maine,2026,184,0.08196721311475408,/home/runner/work/ncaa-net-predictor/ncaa-net-predictor/data/raw/on3/hs/2026/on3_hs_2026_2026-05-06.json,https://www.on3.com/rivals/rankings/industry-team/basketball/2026/,2026-05-06T16:40:39+00:00,2026-05-06T16:27:56+00:00,169.0,76.230387050902,76.230387050902,1.0,1.0,80.0,80.0,80.0,80.0,0.0,0.0,0.0,0.0,0.0,0.0,,,,,,,,,,,,,,,,,,,,,,,,,,,,,
2027,Marquette,marquette,2026,184,0.7158469945355191,/home/runner/work/ncaa-net-predictor/ncaa-net-predictor/data/raw/on3/hs/2026/on3_hs_2026_2026-05-06.json,https://www.on3.com/rivals/rankings/industry-team/basketball/2026/,2026-05-06T16:40:39+00:00,2026-05-06T16:27:56+00:00,53.0,87.480314009662,86.0,3.0,3.0,87.480314009662,86.0,87.480314009662,86.0,0.0,0.0,1.0,1.0,1.0,1.0,7153.0,4.0,79,0.5384615384615384,/home/runner/work/ncaa-net-predictor/ncaa-net-predictor/data/raw/on3/transfer/2026/on3_transfer_2026_2026-05-06.json,https://www.on3.com/transfer-portal/team-rankings/basketball/2026/,2026-05-06T16:40:40+00:00,2026-05-06T02:01:34+00:00,37.0,13.0,145.93,2.0,94.5,168.023,4.0,67.5,22.093,0.0,0.0,0.0,2.0,2.0,0.0,-1.0,0.0,1.0,0.0,1779941.0,1779941.0
2027,Maryland,maryland,2026,184,0.9344262295081968,/home/runner/work/ncaa-net-predictor/ncaa-net-predictor/data/raw/on3/hs/2026/on3_hs_2026_2026-05-06.json,https://www.on3.com/rivals/rankings/industry-team/basketball/2026/,2026-05-06T16:40:39+00:00,2026-05-06T16:27:56+00:00,13.0,94.975705158174,94.333333333333,4.0,3.0,94.975705158174,94.333333333333,93.373445535297,92.75,1.0,1.0,2.0,2.0,1.0,1.0,630276.0,4.0,79,0.7435897435897436,/home/runner/work/ncaa-net-predictor/ncaa-net-predictor/data/raw/on3/transfer/2026/on3_transfer_2026_2026-05-06.json,https://www.on3.com/transfer-portal/team-rankings/basketball/2026/,2026-05-06T16:40:40+00:00,2026-05-06T02:01:34+00:00,21.0,20.0,215.546,6.0,81.833,292.888,6.0,69.333,77.342,0.0,0.0,0.0,3.0,4.0,1.0,1.0,1.0,0.0,0.0,61989.0,61989.0
2027,Massachusetts,massachusetts,2026,184,0.180327868852459,/home/runner/work/ncaa-net-predictor/ncaa-net-predictor/data/raw/on3/hs/2026/on3_hs_2026_2026-05-06.json,https://www.on3.com/rivals/rankings/industry-team/basketball/2026/,2026-05-06T16:40:39+00:00,2026-05-06T16:27:56+00:00,151.0,78.563720384235,83.230387050902,1.0,1.0,82.333333333333,87.0,82.333333333333,87.0,0.0,0.0,0.0,0.0,1.0,1.0,,5.0,,,,,,,,,,,,,,,,,,,,,,,,,,,
2027,McNeese State,mcneese state,2026,184,0.18579234972677594,/home/runner/work/ncaa-net-predictor/ncaa-net-predictor/data/raw/on3/hs/2026/on3_hs_2026_2026-05-06.json,https://www.on3.com/rivals/rankings/industry-team/basketball/2026/,2026-05-06T16:40:39+00:00,2026-05-06T16:27:56+00:00,150.0,78.563720384235,83.230387050902,1.0,1.0,82.333333333333,87.0,82.333333333333,87.0,0.0,0.0,0.0,0.0,1.0,1.0,,,,,,,,,,,,,,,,,,,,,,,,,,,,,
2027,Memphis,memphis,2026,184,0.6830601092896175,/home/runner/work/ncaa-net-predictor/ncaa-net-predictor/data/raw/on3/hs/2026/on3_hs_2026_2026-05-06.json,https://www.on3.com/rivals/rankings/industry-team/basketball/2026/,2026-05-06T16:40:39+00:00,2026-05-06T16:27:56+00:00,59.0,87.129468599034,85.666666666667,3.0,3.0,87.129468599034,85.666666666667,87.129468599034,85.666666666667,0.0,0.0,1.0,0.0,1.0,2.0,13129.0,2.0,,,,,,,,,,,,,,,,,,,,,,,,,,,
2027,Mercer,mercer,2026,184,0.08743169398907102,/home/runner/work/ncaa-net-predictor/ncaa-net-predictor/data/raw/on3/hs/2026/on3_hs_2026_2026-05-06.json,https://www.on3.com/rivals/rankings/industry-team/basketball/2026/,2026-05-06T16:40:39+00:00,2026-05-06T16:27:56+00:00,168.0,76.230387050902,76.230387050902,1.0,1.0,80.0,80.0,80.0,80.0,0.0,0.0,0.0,0.0,0.0,0.0,25082.0,,,,,,,,,,,,,,,,,,,,,,,,,,,,
2027,Miami,miami fl,2026,184,0.7431693989071038,/home/runner/work/ncaa-net-predictor/ncaa-net-predictor/data/raw/on3/hs/2026/on3_hs_2026_2026-05-06.json,https://www.on3.com/rivals/rankings/industry-team/basketball/2026/,2026-05-06T16:40:39+00:00,2026-05-06T16:27:56+00:00,48.0,88.274139620927,88.181666502647,2.0,2.0,89.09247311828,89.0,89.09247311828,89.0,0.0,1.0,1.0,0.0,0.0,0.0,401406.0,10.0,79,0.717948717948718,/home/runner/work/ncaa-net-predictor/ncaa-net-predictor/data/raw/on3/transfer/2026/on3_transfer_2026_2026-05-06.json,https://www.on3.com/transfer-portal/team-rankings/basketball/2026/,2026-05-06T16:40:40+00:00,2026-05-06T02:01:34+00:00,23.0,19.0,211.315,6.0,82.667,278.873,8.0,70.75,67.558,0.0,0.0,0.0,2.0,4.0,2.0,-1.0,0.0,1.0,0.0,2613210.0,2613210.0
2027,Michigan,michigan,2026,184,0.9617486338797814,/home/runner/work/ncaa-net-predictor/ncaa-net-predictor/data/raw/on3/hs/2026/on3_hs_2026_2026-05-06.json,https://www.on3.com/rivals/rankings/industry-team/basketball/2026/,2026-05-06T16:40:39+00:00,2026-05-06T16:27:56+00:00,8.0,96.307234689107,96.333333333333,6.0,3.0,96.307234689107,96.333333333333,91.640211547452,91.5,1.0,1.0,3.0,3.0,1.0,1.0,296742.0,2.0,79,0.39743589743589747,/home/runner/work/ncaa-net-predictor/ncaa-net-predictor/data/raw/on3/transfer/2026/on3_transfer_2026_2026-05-06.json,https://www.on3.com/transfer-portal/team-rankings/basketball/2026/,2026-05-06T16:40:40+00:00,2026-05-06T02:01:34+00:00,48.0,8.0,90.038,3.0,93.667,205.364,2.0,91.5,115.326,0.0,0.0,0.0,1.0,3.0,2.0,0.0,0.0,0.0,4047954.0,6432278.0,2384324.0
2027,Michigan State,michigan state,2026,184,0.9453551912568307,/home/runner/work/ncaa-net-predictor/ncaa-net-predictor/data/raw/on3/hs/2026/on3_hs_2026_2026-05-06.json,https://www.on3.com/rivals/rankings/industry-team/basketball/2026/,2026-05-06T16:40:39+00:00,2026-05-06T16:27:56+00:00,11.0,95.464399251987,94.0,4.0,3.0,95.464399251987,94.0,94.783444366526,93.25,0.0,0.0,4.0,4.0,0.0,0.0,194917.0,3.0,79,0.41025641025641024,/home/runner/work/ncaa-net-predictor/ncaa-net-predictor/data/raw/on3/transfer/2026/on3_transfer_2026_2026-05-06.json,https://www.on3.com/transfer-portal/team-rankings/basketball/2026/,2026-05-06T16:40:40+00:00,2026-05-06T02:01:34+00:00,47.0,9.0,94.412,1.0,94.0,79.845,1.0,60.0,-14.567,0.0,0.0,0.0,1.0,1.0,0.0,0.0,0.0,0.0,0.0,-5960.0,-5960.0
2027,Middle Tennessee State,middle tennessee,2026,184,0.6010928961748634,/home/runner/work/ncaa-net-predictor/ncaa-net-predictor/data/raw/on3/hs/2026/on3_hs_2026_2026-05-06.json,https://www.on3.com/rivals/rankings/industry-team/basketball/2026/,2026-05-06T16:40:39+00:00,2026-05-06T16:27:56+00:00,74.0,85.912633427714,85.230387050902,1.0,1.0,89.682246376812,89.0,89.682246376812,89.0,0.0,0.0,0.0,0.0,1.0,1.0,7012.0,1.0,,,,,,,,,,,,,,,,,,,,,,,,,,,
2027,Minnesota,minnesota,2026,184,0.6939890710382514,/home/runner/work/ncaa-net-predictor/ncaa-net-predictor/data/raw/on3/hs/2026/on3_hs_2026_2026-05-06.json,https://www.on3.com/rivals/rankings/industry-team/basketball/2026/,2026-05-06T16:40:39+00:00,2026-05-06T16:27:56+00:00,57.0,87.213768115942,88.666666666667,3.0,3.0,87.213768115942,88.666666666667,87.213768115942,88.666666666667,0.0,0.0,0.0,0.0,3.0,3.0,,14.0,79,0.6282051282051282,/home/runner/work/ncaa-net-predictor/ncaa-net-predictor/data/raw/on3/transfer/2026/on3_transfer_2026_2026-05-06.json,https://www.on3.com/transfer-portal/team-rankings/basketball/2026/,2026-05-06T16:40:40+00:00,2026-05-06T02:01:34+00:00,30.0,15.0,166.904,5.0,79.6,220.483,6.0,65.833,53.579,0.0,0.0,0.0,2.0,3.0,1.0,0.0,1.0,1.0,0.0,567157.0,567157.0
2027,Mississippi State,mississippi state,2026,184,0.8688524590163934,/home/runner/work/ncaa-net-predictor/ncaa-net-predictor/data/raw/on3/hs/2026/on3_hs_2026_2026-05-06.json,https://www.on3.com/rivals/rankings/industry-team/basketball/2026/,2026-05-06T16:40:39+00:00,2026-05-06T16:27:56+00:00,25.0,92.396618357488,90.666666666667,3.0,3.0,92.396618357488,90.666666666667,92.396618357488,90.666666666667,0.0,0.0,3.0,2.0,0.0,1.0,,7.0,79,0.8205128205128205,/home/runner/work/ncaa-net-predictor/ncaa-net-predictor/data/raw/on3/transfer/2026/on3_transfer_2026_2026-05-06.json,https://www.on3.com/transfer-portal/team-rankings/basketball/2026/,2026-05-06T16:40:40+00:00,2026-05-06T02:01:34+00:00,15.0,22.0,239.348,5.0,85.2,275.553,8.0,68.875,36.205,0.0,0.0,0.0,3.0,4.0,1.0,-2.0,0.0,2.0,0.0,-34905.0,-34905.0
2027,Missouri,missouri,2026,184,0.9562841530054644,/home/runner/work/ncaa-net-predictor/ncaa-net-predictor/data/raw/on3/hs/2026/on3_hs_2026_2026-05-06.json,https://www.on3.com/rivals/rankings/industry-team/basketball/2026/,2026-05-06T16:40:39+00:00,2026-05-06T16:27:56+00:00,9.0,95.72796478105,94.0,3.0,3.0,95.72796478105,94.0,95.72796478105,94.0,1.0,1.0,2.0,1.0,0.0,1.0,584171.0,3.0,79,0.2564102564102564,/home/runner/work/ncaa-net-predictor/ncaa-net-predictor/data/raw/on3/transfer/2026/on3_transfer_2026_2026-05-06.json,https://www.on3.com/transfer-portal/team-rankings/basketball/2026/?page=2,2026-05-06T16:40:40+00:00,2026-05-06T02:01:34+00:00,59.0,3.0,28.02,4.0,85.25,205.108,5.0,80.2,177.089,0.0,0.0,0.0,0.0,3.0,3.0,0.0,0.0,0.0,0.0,1813884.0,1813884.0
2027,Montana,montana,2026,184,0.060109289617486295,/home/runner/work/ncaa-net-predictor/ncaa-net-predictor/data/raw/on3/hs/2026/on3_hs_2026_2026-05-06.json,https://www.on3.com/rivals/rankings/industry-team/basketball/2026/,2026-05-06T16:40:39+00:00,2026-05-06T16:27:56+00:00,173.0,76.230387050902,76.230387050902,1.0,1.0,80.0,80.0,80.0,80.0,0.0,0.0,0.0,0.0,0.0,0.0,,,,,,,,,,,,,,,,,,,,,,,,,,,,,
2027,Murray State,murray state,2026,184,0.2513661202185792,/home/runner/work/ncaa-net-predictor/ncaa-net-predictor/data/raw/on3/hs/2026/on3_hs_2026_2026-05-06.json,https://www.on3.com/rivals/rankings/industry-team/basketball/2026/,2026-05-06T16:40:39+00:00,2026-05-06T16:27:56+00:00,138.0,80.230387050902,83.230387050902,1.0,1.0,84.0,87.0,84.0,87.0,0.0,0.0,0.0,0.0,1.0,1.0,,,,,,,,,,,,,,,,,,,,,,,,,,,,,
2027,NC State,nc state,2026,184,0.8142076502732241,/home/runner/work/ncaa-net-predictor/ncaa-net-predictor/data/raw/on3/hs/2026/on3_hs_2026_2026-05-06.json,https://www.on3.com/rivals/rankings/industry-team/basketball/2026/,2026-05-06T16:40:39+00:00,2026-05-06T16:27:56+00:00,35.0,90.86499983598,91.181666502647,2.0,2.0,91.683333333333,92.0,91.683333333333,92.0,0.0,0.0,1.0,1.0,1.0,1.0,206050.0,8.0,79,0.8974358974358975,/home/runner/work/ncaa-net-predictor/ncaa-net-predictor/data/raw/on3/transfer/2026/on3_transfer_2026_2026-05-06.json,https://www.on3.com/transfer-portal/team-rankings/basketball/2026/,2026-05-06T16:40:40+00:00,2026-05-06T02:01:34+00:00,9.0,25.0,277.852,6.0,87.5,372.545,12.0,68.583,94.693,0.0,0.0,0.0,3.0,5.0,2.0,0.0,1.0,1.0,0.0,-973708.0,-973708.0
2027,Nebraska,nebraska,2026,184,0.825136612021858,/home/runner/work/ncaa-net-predictor/ncaa-net-predictor/data/raw/on3/hs/2026/on3_hs_2026_2026-05-06.json,https://www.on3.com/rivals/rankings/industry-team/basketball/2026/,2026-05-06T16:40:39+00:00,2026-05-06T16:27:56+00:00,33.0,91.716449111343,90.681666502647,2.0,2.0,92.534782608696,91.5,92.534782608696,91.5,0.0,0.0,2.0,2.0,0.0,0.0,7220.0,10.0,79,0.858974358974359,/home/runner/work/ncaa-net-predictor/ncaa-net-predictor/data/raw/on3/transfer/2026/on3_transfer_2026_2026-05-06.json,https://www.on3.com/transfer-portal/team-rankings/basketball/2026/,2026-05-06T16:40:40+00:00,2026-05-06T02:01:34+00:00,12.0,23.0,249.889,6.0,82.5,293.807,5.0,67.8,43.918,0.0,0.0,0.0,3.0,4.0,1.0,2.0,2.0,0.0,0.0,488122.0,488122.0
2027,Nevada,nevada,2026,184,0.5846994535519126,/home/runner/work/ncaa-net-predictor/ncaa-net-predictor/data/raw/on3/hs/2026/on3_hs_2026_2026-05-06.json,https://www.on3.com/rivals/rankings/industry-team/basketball/2026/,2026-05-06T16:40:39+00:00,2026-05-06T16:27:56+00:00,77.0,85.551956357719,87.181666502647,2.0,2.0,86.370289855072,88.0,86.370289855072,88.0,0.0,0.0,0.0,0.0,2.0,2.0,7171.0,2.0,,,,,,,,,,,,,,,,,,,,,,,,,,,
2027,New Mexico State,new mexico state,2026,184,0.23497267759562845,/home/runner/work/ncaa-net-predictor/ncaa-net-predictor/data/raw/on3/hs/2026/on3_hs_2026_2026-05-06.json,https://www.on3.com/rivals/rankings/industry-team/basketball/2026/,2026-05-06T16:40:39+00:00,2026-05-06T16:27:56+00:00,141.0,79.563720384235,82.230387050902,1.0,1.0,83.333333333333,86.0,83.333333333333,86.0,0.0,0.0,0.0,0.0,1.0,1.0,,7.0,,,,,,,,,,,,,,,,,,,,,,,,,,,
2027,New Orleans,new orleans,2026,184,0.21311475409836067,/home/runner/work/ncaa-net-predictor/ncaa-net-predictor/data/raw/on3/hs/2026/on3_hs_2026_2026-05-06.json,https://www.on3.com/rivals/rankings/industry-team/basketball/2026/,2026-05-06T16:40:39+00:00,2026-05-06T16:27:56+00:00,145.0,79.181666502647,79.181666502647,2.0,2.0,80.0,80.0,80.0,80.0,0.0,0.0,0.0,0.0,0.0,0.0,,,,,,,,,,,,,,,,,,,,,,,,,,,,,
2027,Norfolk State,norfolk state,2026,184,0.06557377049180324,/home/runner/work/ncaa-net-predictor/ncaa-net-predictor/data/raw/on3/hs/2026/on3_hs_2026_2026-05-06.json,https://www.on3.com/rivals/rankings/industry-team/basketball/2026/,2026-05-06T16:40:39+00:00,2026-05-06T16:27:56+00:00,172.0,76.230387050902,76.230387050902,1.0,1.0,80.0,80.0,80.0,80.0,0.0,0.0,0.0,0.0,0.0,0.0,,,,,,,,,,,,,,,,,,,,,,,,,,,,,
2027,North Carolina,north carolina,2026,184,0.7267759562841529,/home/runner/work/ncaa-net-predictor/ncaa-net-predictor/data/raw/on3/hs/2026/on3_hs_2026_2026-05-06.json,https://www.on3.com/rivals/rankings/industry-team/basketball/2026/,2026-05-06T16:40:39+00:00,2026-05-06T16:27:56+00:00,51.0,87.740053763441,91.666666666667,3.0,3.0,87.740053763441,91.666666666667,87.740053763441,91.666666666667,0.0,1.0,1.0,1.0,2.0,1.0,534265.0,11.0,79,0.34615384615384615,/home/runner/work/ncaa-net-predictor/ncaa-net-predictor/data/raw/on3/transfer/2026/on3_transfer_2026_2026-05-06.json,https://www.on3.com/transfer-portal/team-rankings/basketball/2026/?page=2,2026-05-06T16:40:40+00:00,2026-05-06T02:01:34+00:00,52.0,6.0,64.085,4.0,87.25,208.554,10.0,76.3,144.47,0.0,0.0,0.0,-1.0,3.0,4.0,0.0,1.0,1.0,1861978.0,4281035.0,2419057.0
2027,North Texas,north texas,2026,184,0.4699453551912568,/home/runner/work/ncaa-net-predictor/ncaa-net-predictor/data/raw/on3/hs/2026/on3_hs_2026_2026-05-06.json,https://www.on3.com/rivals/rankings/industry-team/basketball/2026/,2026-05-06T16:40:39+00:00,2026-05-06T16:27:56+00:00,98.0,83.91499983598,83.181666502647,2.0,2.0,84.733333333333,84.0,84.733333333333,84.0,0.0,0.0,0.0,0.0,1.0,1.0,19821.0,4.0,,,,,,,,,,,,,,,,,,,,,,,,,,,
2027,Northeastern,northeastern,2026,184,0.16393442622950816,/home/runner/work/ncaa-net-predictor/ncaa-net-predictor/data/raw/on3/hs/2026/on3_hs_2026_2026-05-06.json,https://www.on3.com/rivals/rankings/industry-team/basketball/2026/,2026-05-06T16:40:39+00:00,2026-05-06T16:27:56+00:00,154.0,76.897053717569,76.230387050902,1.0,1.0,80.666666666667,80.0,80.666666666667,80.0,0.0,0.0,0.0,0.0,1.0,1.0,,,,,,,,,,,,,,,,,,,,,,,,,,,,,
2027,Northern Iowa,northern iowa,2026,184,0.17486338797814205,/home/runner/work/ncaa-net-predictor/ncaa-net-predictor/data/raw/on3/hs/2026/on3_hs_2026_2026-05-06.json,https://www.on3.com/rivals/rankings/industry-team/basketball/2026/,2026-05-06T16:40:39+00:00,2026-05-06T16:27:56+00:00,152.0,78.230387050902,82.230387050902,1.0,1.0,82.0,86.0,82.0,86.0,0.0,0.0,0.0,0.0,1.0,1.0,,,,,,,,,,,,,,,,,,,,,,,,,,,,,
2027,Northwestern,northwestern,2026,184,0.7923497267759563,/home/runner/work/ncaa-net-predictor/ncaa-net-predictor/data/raw/on3/hs/2026/on3_hs_2026_2026-05-06.json,https://www.on3.com/rivals/rankings/industry-team/basketball/2026/,2026-05-06T16:40:39+00:00,2026-05-06T16:27:56+00:00,39.0,89.959565053372,90.181666502647,2.0,2.0,90.777898550725,91.0,90.777898550725,91.0,0.0,0.0,1.0,2.0,1.0,0.0,7732.0,11.0,79,0.23076923076923073,/home/runner/work/ncaa-net-predictor/ncaa-net-predictor/data/raw/on3/transfer/2026/on3_transfer_2026_2026-05-06.json,https://www.on3.com/transfer-portal/team-rankings/basketball/2026/?page=2,2026-05-06T16:40:40+00:00,2026-05-06T02:01:34+00:00,61.0,2.0,19.235,6.0,81.833,238.785,8.0,77.75,219.55,0.0,0.0,0.0,0.0,4.0,4.0,-2.0,0.0,2.0,0.0,-1957501.0,-1957501.0
2027,Notre Dame,notre dame,2026,184,0.7540983606557377,/home/runner/work/ncaa-net-predictor/ncaa-net-predictor/data/raw/on3/hs/2026/on3_hs_2026_2026-05-06.json,https://www.on3.com/rivals/rankings/industry-team/basketball/2026/,2026-05-06T16:40:39+00:00,2026-05-06T16:27:56+00:00,46.0,88.37729468599,89.333333333333,3.0,3.0,88.37729468599,89.333333333333,88.37729468599,89.333333333333,0.0,0.0,1.0,2.0,2.0,1.0,,9.0,79,0.08974358974358976,/home/runner/work/ncaa-net-predictor/ncaa-net-predictor/data/raw/on3/transfer/2026/on3_transfer_2026_2026-05-06.json,https://www.on3.com/transfer-portal/team-rankings/basketball/2026/?page=2,2026-05-06T16:40:40+00:00,2026-05-06T02:01:34+00:00,72.0,-9.0,-97.666,4.0,76.75,106.9,7.0,79.0,204.566,0.0,0.0,0.0,-1.0,2.0,3.0,-2.0,1.0,3.0,0.0,-1757955.0,-1757955.0
2027,Ohio State,ohio state,2026,184,0.907103825136612,/home/runner/work/ncaa-net-predictor/ncaa-net-predictor/data/raw/on3/hs/2026/on3_hs_2026_2026-05-06.json,https://www.on3.com/rivals/rankings/industry-team/basketball/2026/,2026-05-06T16:40:39+00:00,2026-05-06T16:27:56+00:00,18.0,93.574367531165,92.181666502647,2.0,2.0,94.392701028518,93.0,94.392701028518,93.0,1.0,1.0,0.0,0.0,1.0,1.0,999058.0,6.0,79,0.5128205128205128,/home/runner/work/ncaa-net-predictor/ncaa-net-predictor/data/raw/on3/transfer/2026/on3_transfer_2026_2026-05-06.json,https://www.on3.com/transfer-portal/team-rankings/basketball/2026/,2026-05-06T16:40:40+00:00,2026-05-06T02:01:34+00:00,39.0,11.0,119.873,4.0,87.5,226.074,6.0,73.5,106.201,0.0,0.0,0.0,2.0,4.0,2.0,0.0,0.0,0.0,0.0,-372389.0,-372389.0
2027,Oklahoma,oklahoma,2026,184,0.5901639344262295,/home/runner/work/ncaa-net-predictor/ncaa-net-predictor/data/raw/on3/hs/2026/on3_hs_2026_2026-05-06.json,https://www.on3.com/rivals/rankings/industry-team/basketball/2026/,2026-05-06T16:40:39+00:00,2026-05-06T16:27:56+00:00,76.0,85.572789691053,84.681666502647,2.0,2.0,86.391123188406,85.5,86.391123188406,85.5,0.0,0.0,1.0,1.0,0.0,0.0,,12.0,79,0.6025641025641026,/home/runner/work/ncaa-net-predictor/ncaa-net-predictor/data/raw/on3/transfer/2026/on3_transfer_2026_2026-05-06.json,https://www.on3.com/transfer-portal/team-rankings/basketball/2026/,2026-05-06T16:40:40+00:00,2026-05-06T02:01:34+00:00,32.0,15.0,164.626,4.0,83.75,214.63,4.0,68.75,50.004,0.0,0.0,0.0,2.0,3.0,1.0,0.0,0.0,0.0,0.0,328188.0,328188.0
2027,Oklahoma State,oklahoma state,2026,184,0.9289617486338798,/home/runner/work/ncaa-net-predictor/ncaa-net-predictor/data/raw/on3/hs/2026/on3_hs_2026_2026-05-06.json,https://www.on3.com/rivals/rankings/industry-team/basketball/2026/,2026-05-06T16:40:39+00:00,2026-05-06T16:27:56+00:00,14.0,94.861438366838,93.666666666667,4.0,3.0,94.861438366838,93.666666666667,93.713379499766,92.25,0.0,0.0,3.0,3.0,1.0,1.0,224061.0,5.0,79,0.8846153846153846,/home/runner/work/ncaa-net-predictor/ncaa-net-predictor/data/raw/on3/transfer/2026/on3_transfer_2026_2026-05-06.json,https://www.on3.com/transfer-portal/team-rankings/basketball/2026/,2026-05-06T16:40:40+00:00,2026-05-06T02:01:34+00:00,10.0,23.0,256.329,5.0,92.6,386.019,5.0,74.6,129.69,0.0,0.0,0.0,3.0,5.0,2.0,-1.0,0.0,1.0,0.0,1247065.0,1247065.0
2027,Ole Miss,mississippi,2026,184,0.7322404371584699,/home/runner/work/ncaa-net-predictor/ncaa-net-predictor/data/raw/on3/hs/2026/on3_hs_2026_2026-05-06.json,https://www.on3.com/rivals/rankings/industry-team/basketball/2026/,2026-05-06T16:40:39+00:00,2026-05-06T16:27:56+00:00,50.0,87.740579710145,87.333333333333,3.0,3.0,87.740579710145,87.333333333333,87.740579710145,87.333333333333,0.0,0.0,0.0,0.0,3.0,3.0,,10.0,79,0.16666666666666663,/home/runner/work/ncaa-net-predictor/ncaa-net-predictor/data/raw/on3/transfer/2026/on3_transfer_2026_2026-05-06.json,https://www.on3.com/transfer-portal/team-rankings/basketball/2026/?page=2,2026-05-06T16:40:40+00:00,2026-05-06T02:01:34+00:00,66.0,-2.0,-18.3,6.0,75.333,154.0,9.0,74.889,172.3,0.0,0.0,0.0,0.0,3.0,3.0,1.0,1.0,0.0,0.0,-101767.0,-101767.0
2027,Oral Roberts,oral roberts,2026,184,0.3278688524590164,/home/runner/work/ncaa-net-predictor/ncaa-net-predictor/data/raw/on3/hs/2026/on3_hs_2026_2026-05-06.json,https://www.on3.com/rivals/rankings/industry-team/basketball/2026/,2026-05-06T16:40:39+00:00,2026-05-06T16:27:56+00:00,124.0,81.230387050902,76.230387050902,1.0,1.0,85.0,80.0,85.0,80.0,0.0,0.0,0.0,0.0,1.0,0.0,,,,,,,,,,,,,,,,,,,,,,,,,,,,,
2027,Oregon,oregon,2026,184,0.8306010928961749,/home/runner/work/ncaa-net-predictor/ncaa-net-predictor/data/raw/on3/hs/2026/on3_hs_2026_2026-05-06.json,https://www.on3.com/rivals/rankings/industry-team/basketball/2026/,2026-05-06T16:40:39+00:00,2026-05-06T16:27:56+00:00,32.0,91.802559607293,90.666666666667,3.0,3.0,91.802559607293,90.666666666667,91.802559607293,90.666666666667,0.0,0.0,1.0,1.0,2.0,2.0,244108.33333333334,9.0,79,0.7692307692307692,/home/runner/work/ncaa-net-predictor/ncaa-net-predictor/data/raw/on3/transfer/2026/on3_transfer_2026_2026-05-06.json,https://www.on3.com/transfer-portal/team-rankings/basketball/2026/,2026-05-06T16:40:40+00:00,2026-05-06T02:01:34+00:00,19.0,21.0,229.563,8.0,85.0,406.349,8.0,74.75,176.786,0.0,0.0,0.0,3.0,6.0,3.0,0.0,0.0,0.0,1517603.0,-73764.0,-1591367.0
2027,Oregon State,oregon state,2026,184,0.7103825136612022,/home/runner/work/ncaa-net-predictor/ncaa-net-predictor/data/raw/on3/hs/2026/on3_hs_2026_2026-05-06.json,https://www.on3.com/rivals/rankings/industry-team/basketball/2026/,2026-05-06T16:40:39+00:00,2026-05-06T16:27:56+00:00,54.0,87.474589949453,86.230387050902,1.0,1.0,91.244202898551,90.0,91.244202898551,90.0,0.0,0.0,1.0,1.0,0.0,0.0,,1.0,,,,,,,,,,,,,,,,,,,,,,,,,,,
2027,Pacific,pacific,2026,184,0.5519125683060109,/home/runner/work/ncaa-net-predictor/ncaa-net-predictor/data/raw/on3/hs/2026/on3_hs_2026_2026-05-06.json,https://www.on3.com/rivals/rankings/industry-team/basketball/2026/,2026-05-06T16:40:39+00:00,2026-05-06T16:27:56+00:00,83.0,85.030387050902,84.230387050902,1.0,1.0,88.8,88.0,88.8,88.0,0.0,0.0,0.0,0.0,1.0,1.0,,,,,,,,,,,,,,,,,,,,,,,,,,,,,
2027,Penn State,penn state,2026,184,0.41530054644808745,/home/runner/work/ncaa-net-predictor/ncaa-net-predictor/data/raw/on3/hs/2026/on3_hs_2026_2026-05-06.json,https://www.on3.com/rivals/rankings/industry-team/basketball/2026/,2026-05-06T16:40:39+00:00,2026-05-06T16:27:56+00:00,108.0,82.744444444444,82.333333333333,3.0,3.0,82.744444444444,82.333333333333,82.744444444444,82.333333333333,0.0,0.0,0.0,0.0,1.0,1.0,,16.0,79,0.46153846153846156,/home/runner/work/ncaa-net-predictor/ncaa-net-predictor/data/raw/on3/transfer/2026/on3_transfer_2026_2026-05-06.json,https://www.on3.com/transfer-portal/team-rankings/basketball/2026/,2026-05-06T16:40:40+00:00,2026-05-06T02:01:34+00:00,43.0,9.0,103.245,4.0,83.5,207.623,10.0,69.0,104.378,0.0,0.0,0.0,1.0,3.0,2.0,1.0,1.0,0.0,0.0,-1490164.0,-1490164.0
2027,Pennsylvania,penn,2026,184,0.1311475409836066,/home/runner/work/ncaa-net-predictor/ncaa-net-predictor/data/raw/on3/hs/2026/on3_hs_2026_2026-05-06.json,https://www.on3.com/rivals/rankings/industry-team/basketball/2026/,2026-05-06T16:40:39+00:00,2026-05-06T16:27:56+00:00,160.0,76.230387050902,76.230387050902,1.0,1.0,80.0,80.0,80.0,80.0,0.0,0.0,0.0,0.0,0.0,0.0,,,,,,,,,,,,,,,,,,,,,,,,,,,,,
2027,Pepperdine,pepperdine,2026,184,0.11475409836065575,/home/runner/work/ncaa-net-predictor/ncaa-net-predictor/data/raw/on3/hs/2026/on3_hs_2026_2026-05-06.json,https://www.on3.com/rivals/rankings/industry-team/basketball/2026/,2026-05-06T16:40:39+00:00,2026-05-06T16:27:56+00:00,163.0,76.230387050902,76.230387050902,1.0,1.0,80.0,80.0,80.0,80.0,0.0,0.0,0.0,0.0,0.0,0.0,,,,,,,,,,,,,,,,,,,,,,,,,,,,,
2027,Pittsburgh,pittsburgh,2026,184,0.8633879781420765,/home/runner/work/ncaa-net-predictor/ncaa-net-predictor/data/raw/on3/hs/2026/on3_hs_2026_2026-05-06.json,https://www.on3.com/rivals/rankings/industry-team/basketball/2026/,2026-05-06T16:40:39+00:00,2026-05-06T16:27:56+00:00,26.0,92.319709980908,90.681666502647,2.0,2.0,93.138043478261,91.5,93.138043478261,91.5,0.0,0.0,1.0,1.0,1.0,1.0,249013.0,4.0,79,0.33333333333333337,/home/runner/work/ncaa-net-predictor/ncaa-net-predictor/data/raw/on3/transfer/2026/on3_transfer_2026_2026-05-06.json,https://www.on3.com/transfer-portal/team-rankings/basketball/2026/?page=2,2026-05-06T16:40:40+00:00,2026-05-06T02:01:34+00:00,53.0,6.0,62.043,8.0,76.125,234.372,8.0,74.75,172.329,0.0,0.0,0.0,0.0,4.0,4.0,3.0,3.0,0.0,0.0,2229843.0,2229843.0
2027,Princeton,princeton,2026,184,0.3387978142076503,/home/runner/work/ncaa-net-predictor/ncaa-net-predictor/data/raw/on3/hs/2026/on3_hs_2026_2026-05-06.json,https://www.on3.com/rivals/rankings/industry-team/basketball/2026/,2026-05-06T16:40:39+00:00,2026-05-06T16:27:56+00:00,122.0,81.46499983598,79.181666502647,2.0,2.0,82.283333333333,80.0,82.283333333333,80.0,0.0,0.0,0.0,0.0,1.0,0.0,,,,,,,,,,,,,,,,,,,,,,,,,,,,,
2027,Providence,providence,2026,184,0.10928961748633881,/home/runner/work/ncaa-net-predictor/ncaa-net-predictor/data/raw/on3/hs/2026/on3_hs_2026_2026-05-06.json,https://www.on3.com/rivals/rankings/industry-team/basketball/2026/,2026-05-06T16:40:39+00:00,2026-05-06T16:27:56+00:00,164.0,76.230387050902,76.230387050902,1.0,1.0,80.0,80.0,80.0,80.0,0.0,0.0,0.0,0.0,0.0,0.0,,11.0,79,0.5641025641025641,/home/runner/work/ncaa-net-predictor/ncaa-net-predictor/data/raw/on3/transfer/2026/on3_transfer_2026_2026-05-06.json,https://www.on3.com/transfer-portal/team-rankings/basketball/2026/,2026-05-06T16:40:40+00:00,2026-05-06T02:01:34+00:00,35.0,14.0,153.957,7.0,83.714,357.616,8.0,75.375,203.659,0.0,0.0,0.0,3.0,6.0,3.0,-2.0,0.0,2.0,0.0,-389017.0,-389017.0
2027,Purdue,purdue,2026,184,0.912568306010929,/home/runner/work/ncaa-net-predictor/ncaa-net-predictor/data/raw/on3/hs/2026/on3_hs_2026_2026-05-06.json,https://www.on3.com/rivals/rankings/industry-team/basketball/2026/,2026-05-06T16:40:39+00:00,2026-05-06T16:27:56+00:00,17.0,94.027536231884,93.0,5.0,3.0,94.027536231884,93.0,92.02731884058,90.8,0.0,0.0,3.0,3.0,2.0,2.0,98027.0,5.0,79,0.17948717948717952,/home/runner/work/ncaa-net-predictor/ncaa-net-predictor/data/raw/on3/transfer/2026/on3_transfer_2026_2026-05-06.json,https://www.on3.com/transfer-portal/team-rankings/basketball/2026/?page=2,2026-05-06T16:40:40+00:00,2026-05-06T02:01:34+00:00,65.0,-1.0,-14.097,1.0,60.0,-14.097,0.0,0.0,0.0,0.0,0.0,0.0,1.0,1.0,0.0,0.0,0.0,0.0,1719514.0,1719514.0,0.0
2027,Rhode Island,rhode island,2026,184,0.6174863387978142,/home/runner/work/ncaa-net-predictor/ncaa-net-predictor/data/raw/on3/hs/2026/on3_hs_2026_2026-05-06.json,https://www.on3.com/rivals/rankings/industry-team/basketball/2026/,2026-05-06T16:40:39+00:00,2026-05-06T16:27:56+00:00,71.0,86.05430009438,85.230387050902,1.0,1.0,89.823913043478,89.0,89.823913043478,89.0,0.0,0.0,0.0,0.0,1.0,1.0,,,,,,,,,,,,,,,,,,,,,,,,,,,,,
2027,Rice,rice,2026,184,0.12568306010928965,/home/runner/work/ncaa-net-predictor/ncaa-net-predictor/data/raw/on3/hs/2026/on3_hs_2026_2026-05-06.json,https://www.on3.com/rivals/rankings/industry-team/basketball/2026/,2026-05-06T16:40:39+00:00,2026-05-06T16:27:56+00:00,161.0,76.230387050902,76.230387050902,1.0,1.0,80.0,80.0,80.0,80.0,0.0,0.0,0.0,0.0,0.0,0.0,,12.0,,,,,,,,,,,,,,,,,,,,,,,,,,,
2027,Richmond,richmond,2026,184,0.2568306010928961,/home/runner/work/ncaa-net-predictor/ncaa-net-predictor/data/raw/on3/hs/2026/on3_hs_2026_2026-05-06.json,https://www.on3.com/rivals/rankings/industry-team/basketball/2026/,2026-05-06T16:40:39+00:00,2026-05-06T16:27:56+00:00,137.0,80.230387050902,83.230387050902,1.0,1.0,84.0,87.0,84.0,87.0,0.0,0.0,0.0,0.0,1.0,1.0,,,,,,,,,,,,,,,,,,,,,,,,,,,,,
2027,Rutgers,rutgers,2026,184,0.5573770491803278,/home/runner/work/ncaa-net-predictor/ncaa-net-predictor/data/raw/on3/hs/2026/on3_hs_2026_2026-05-06.json,https://www.on3.com/rivals/rankings/industry-team/basketball/2026/,2026-05-06T16:40:39+00:00,2026-05-06T16:27:56+00:00,82.0,85.030387050902,84.230387050902,1.0,1.0,88.8,88.0,88.8,88.0,0.0,0.0,0.0,0.0,1.0,1.0,,15.0,79,0.2692307692307693,/home/runner/work/ncaa-net-predictor/ncaa-net-predictor/data/raw/on3/transfer/2026/on3_transfer_2026_2026-05-06.json,https://www.on3.com/transfer-portal/team-rankings/basketball/2026/?page=2,2026-05-06T16:40:40+00:00,2026-05-06T02:01:34+00:00,58.0,3.0,30.138,5.0,67.6,63.492,8.0,65.0,33.354,0.0,0.0,0.0,4.0,4.0,0.0,0.0,0.0,0.0,0.0,1190586.0,1190586.0
2027,SMU,smu,2026,184,0.7049180327868853,/home/runner/work/ncaa-net-predictor/ncaa-net-predictor/data/raw/on3/hs/2026/on3_hs_2026_2026-05-06.json,https://www.on3.com/rivals/rankings/industry-team/basketball/2026/,2026-05-06T16:40:39+00:00,2026-05-06T16:27:56+00:00,55.0,87.381836326264,85.230387050902,1.0,1.0,91.151449275362,89.0,91.151449275362,89.0,0.0,0.0,1.0,0.0,0.0,1.0,,13.0,79,0.782051282051282,/home/runner/work/ncaa-net-predictor/ncaa-net-predictor/data/raw/on3/transfer/2026/on3_transfer_2026_2026-05-06.json,https://www.on3.com/transfer-portal/team-rankings/basketball/2026/,2026-05-06T16:40:40+00:00,2026-05-06T02:01:34+00:00,18.0,21.0,230.102,5.0,86.0,272.681,5.0,71.8,42.578,0.0,0.0,0.0,3.0,4.0,1.0,0.0,0.0,0.0,0.0,-517885.0,-517885.0
2027,Sacramento State,sacramento state,2026,184,0.4808743169398907,/home/runner/work/ncaa-net-predictor/ncaa-net-predictor/data/raw/on3/hs/2026/on3_hs_2026_2026-05-06.json,https://www.on3.com/rivals/rankings/industry-team/basketball/2026/,2026-05-06T16:40:39+00:00,2026-05-06T16:27:56+00:00,96.0,84.130387050902,83.230387050902,1.0,1.0,87.9,87.0,87.9,87.0,0.0,0.0,0.0,0.0,1.0,1.0,,,,,,,,,,,,,,,,,,,,,,,,,,,,,
2027,Saint Joseph's University,saint josephs,2026,184,0.28415300546448086,/home/runner/work/ncaa-net-predictor/ncaa-net-predictor/data/raw/on3/hs/2026/on3_hs_2026_2026-05-06.json,https://www.on3.com/rivals/rankings/industry-team/basketball/2026/,2026-05-06T16:40:39+00:00,2026-05-06T16:27:56+00:00,132.0,80.563720384235,82.230387050902,1.0,1.0,84.333333333333,86.0,84.333333333333,86.0,0.0,0.0,0.0,0.0,1.0,1.0,,,,,,,,,,,,,,,,,,,,,,,,,,,,,
2027,Saint Louis,saint louis,2026,184,0.644808743169399,/home/runner/work/ncaa-net-predictor/ncaa-net-predictor/data/raw/on3/hs/2026/on3_hs_2026_2026-05-06.json,https://www.on3.com/rivals/rankings/industry-team/basketball/2026/,2026-05-06T16:40:39+00:00,2026-05-06T16:27:56+00:00,66.0,86.515894297279,84.230387050902,1.0,1.0,90.285507246377,88.0,90.285507246377,88.0,0.0,0.0,0.0,0.0,1.0,1.0,48008.0,,,,,,,,,,,,,,,,,,,,,,,,,,,,
2027,Samford,samford,2026,184,0.09289617486338797,/home/runner/work/ncaa-net-predictor/ncaa-net-predictor/data/raw/on3/hs/2026/on3_hs_2026_2026-05-06.json,https://www.on3.com/rivals/rankings/industry-team/basketball/2026/,2026-05-06T16:40:39+00:00,2026-05-06T16:27:56+00:00,167.0,76.230387050902,76.230387050902,1.0,1.0,80.0,80.0,80.0,80.0,0.0,0.0,0.0,0.0,0.0,0.0,,,,,,,,,,,,,,,,,,,,,,,,,,,,,
2027,San Diego State,san diego state,2026,184,0.2896174863387978,/home/runner/work/ncaa-net-predictor/ncaa-net-predictor/data/raw/on3/hs/2026/on3_hs_2026_2026-05-06.json,https://www.on3.com/rivals/rankings/industry-team/basketball/2026/,2026-05-06T16:40:39+00:00,2026-05-06T16:27:56+00:00,131.0,80.897053717569,84.230387050902,1.0,1.0,84.666666666667,88.0,84.666666666667,88.0,0.0,0.0,0.0,0.0,1.0,1.0,,5.0,,,,,,,,,,,,,,,,,,,,,,,,,,,
2027,San Jose State,san jose state,2026,184,0.5081967213114754,/home/runner/work/ncaa-net-predictor/ncaa-net-predictor/data/raw/on3/hs/2026/on3_hs_2026_2026-05-06.json,https://www.on3.com/rivals/rankings/industry-team/basketball/2026/,2026-05-06T16:40:39+00:00,2026-05-06T16:27:56+00:00,91.0,84.363720384235,84.230387050902,1.0,1.0,88.133333333333,88.0,88.133333333333,88.0,0.0,0.0,0.0,0.0,1.0,1.0,,3.0,,,,,,,,,,,,,,,,,,,,,,,,,,,
2027,Santa Clara University,santa clara,2026,184,0.07103825136612019,/home/runner/work/ncaa-net-predictor/ncaa-net-predictor/data/raw/on3/hs/2026/on3_hs_2026_2026-05-06.json,https://www.on3.com/rivals/rankings/industry-team/basketball/2026/,2026-05-06T16:40:39+00:00,2026-05-06T16:27:56+00:00,171.0,76.230387050902,76.230387050902,1.0,1.0,80.0,80.0,80.0,80.0,0.0,0.0,0.0,0.0,0.0,0.0,,,,,,,,,,,,,,,,,,,,,,,,,,,,,
2027,Seton Hall,seton hall,2026,184,0.6612021857923498,/home/runner/work/ncaa-net-predictor/ncaa-net-predictor/data/raw/on3/hs/2026/on3_hs_2026_2026-05-06.json,https://www.on3.com/rivals/rankings/industry-team/basketball/2026/,2026-05-06T16:40:39+00:00,2026-05-06T16:27:56+00:00,63.0,86.548502992931,84.230387050902,1.0,1.0,90.318115942029,88.0,90.318115942029,88.0,0.0,0.0,0.0,0.0,1.0,1.0,,6.0,79,0.11538461538461542,/home/runner/work/ncaa-net-predictor/ncaa-net-predictor/data/raw/on3/transfer/2026/on3_transfer_2026_2026-05-06.json,https://www.on3.com/transfer-portal/team-rankings/basketball/2026/?page=2,2026-05-06T16:40:40+00:00,2026-05-06T02:01:34+00:00,70.0,-7.0,-76.327,5.0,68.4,43.027,10.0,69.3,119.354,0.0,0.0,0.0,0.0,2.0,2.0,1.0,1.0,0.0,0.0,-10640.0,-10640.0
2027,South Carolina,south carolina,2026,184,0.7868852459016393,/home/runner/work/ncaa-net-predictor/ncaa-net-predictor/data/raw/on3/hs/2026/on3_hs_2026_2026-05-06.json,https://www.on3.com/rivals/rankings/industry-team/basketball/2026/,2026-05-06T16:40:39+00:00,2026-05-06T16:27:56+00:00,40.0,89.719879804525,86.230387050902,1.0,1.0,93.489492753623,90.0,93.489492753623,90.0,0.0,0.0,1.0,1.0,0.0,0.0,40217.0,8.0,79,0.9230769230769231,/home/runner/work/ncaa-net-predictor/ncaa-net-predictor/data/raw/on3/transfer/2026/on3_transfer_2026_2026-05-06.json,https://www.on3.com/transfer-portal/team-rankings/basketball/2026/,2026-05-06T16:40:40+00:00,2026-05-06T02:01:34+00:00,7.0,27.0,296.235,6.0,83.167,320.743,8.0,64.875,24.508,0.0,0.0,0.0,4.0,5.0,1.0,0.0,1.0,1.0,0.0,645055.0,645055.0
2027,South Dakota,south dakota,2026,184,0.2786885245901639,/home/runner/work/ncaa-net-predictor/ncaa-net-predictor/data/raw/on3/hs/2026/on3_hs_2026_2026-05-06.json,https://www.on3.com/rivals/rankings/industry-team/basketball/2026/,2026-05-06T16:40:39+00:00,2026-05-06T16:27:56+00:00,133.0,80.563720384235,84.230387050902,1.0,1.0,84.333333333333,88.0,84.333333333333,88.0,0.0,0.0,0.0,0.0,1.0,1.0,,,,,,,,,,,,,,,,,,,,,,,,,,,,,
2027,Southern Illinois,southern illinois,2026,184,0.21857923497267762,/home/runner/work/ncaa-net-predictor/ncaa-net-predictor/data/raw/on3/hs/2026/on3_hs_2026_2026-05-06.json,https://www.on3.com/rivals/rankings/industry-team/basketball/2026/,2026-05-06T16:40:39+00:00,2026-05-06T16:27:56+00:00,144.0,79.181666502647,79.181666502647,2.0,2.0,80.0,80.0,80.0,80.0,0.0,0.0,0.0,0.0,0.0,0.0,,,,,,,,,,,,,,,,,,,,,,,,,,,,,
2027,St. John's,saint johns,2026,184,0.30601092896174864,/home/runner/work/ncaa-net-predictor/ncaa-net-predictor/data/raw/on3/hs/2026/on3_hs_2026_2026-05-06.json,https://www.on3.com/rivals/rankings/industry-team/basketball/2026/,2026-05-06T16:40:39+00:00,2026-05-06T16:27:56+00:00,128.0,81.222222222222,83.666666666667,3.0,3.0,81.222222222222,83.666666666667,81.222222222222,83.666666666667,0.0,0.0,0.0,1.0,1.0,0.0,,10.0,79,0.4358974358974359,/home/runner/work/ncaa-net-predictor/ncaa-net-predictor/data/raw/on3/transfer/2026/on3_transfer_2026_2026-05-06.json,https://www.on3.com/transfer-portal/team-rankings/basketball/2026/,2026-05-06T16:40:40+00:00,2026-05-06T02:01:34+00:00,45.0,9.0,99.32,2.0,79.5,81.152,5.0,64.0,-18.168,0.0,0.0,0.0,1.0,1.0,0.0,1.0,1.0,0.0,0.0,1561659.0,1561659.0
2027,Stanford,stanford,2026,184,0.8579234972677596,/home/runner/work/ncaa-net-predictor/ncaa-net-predictor/data/raw/on3/hs/2026/on3_hs_2026_2026-05-06.json,https://www.on3.com/rivals/rankings/industry-team/basketball/2026/,2026-05-06T16:40:39+00:00,2026-05-06T16:27:56+00:00,27.0,92.034420289855,90.666666666667,5.0,3.0,92.034420289855,90.666666666667,91.42847826087,89.8,0.0,0.0,2.0,2.0,3.0,3.0,7487.0,5.0,79,0.038461538461538436,/home/runner/work/ncaa-net-predictor/ncaa-net-predictor/data/raw/on3/transfer/2026/on3_transfer_2026_2026-05-06.json,https://www.on3.com/transfer-portal/team-rankings/basketball/2026/?page=2,2026-05-06T16:40:40+00:00,2026-05-06T02:01:34+00:00,76.0,-12.0,-127.99,0.0,0.0,0.0,5.0,75.6,127.99,0.0,0.0,0.0,-2.0,0.0,2.0,0.0,0.0,0.0,0.0,-21775.0,-21775.0
2027,Stephen F. Austin,stephen f austin,2026,184,0.07650273224043713,/home/runner/work/ncaa-net-predictor/ncaa-net-predictor/data/raw/on3/hs/2026/on3_hs_2026_2026-05-06.json,https://www.on3.com/rivals/rankings/industry-team/basketball/2026/,2026-05-06T16:40:39+00:00,2026-05-06T16:27:56+00:00,170.0,76.230387050902,76.230387050902,1.0,1.0,80.0,80.0,80.0,80.0,0.0,0.0,0.0,0.0,0.0,0.0,,,,,,,,,,,,,,,,,,,,,,,,,,,,,
2027,Stetson,stetson,2026,184,0.4207650273224044,/home/runner/work/ncaa-net-predictor/ncaa-net-predictor/data/raw/on3/hs/2026/on3_hs_2026_2026-05-06.json,https://www.on3.com/rivals/rankings/industry-team/basketball/2026/,2026-05-06T16:40:39+00:00,2026-05-06T16:27:56+00:00,107.0,82.797053717569,76.230387050902,1.0,1.0,86.566666666667,80.0,86.566666666667,80.0,0.0,0.0,0.0,0.0,1.0,0.0,,,,,,,,,,,,,,,,,,,,,,,,,,,,,
2027,Syracuse,syracuse,2026,184,0.4480874316939891,/home/runner/work/ncaa-net-predictor/ncaa-net-predictor/data/raw/on3/hs/2026/on3_hs_2026_2026-05-06.json,https://www.on3.com/rivals/rankings/industry-team/basketball/2026/,2026-05-06T16:40:39+00:00,2026-05-06T16:27:56+00:00,102.0,83.458212560387,83.0,3.0,3.0,83.458212560387,83.0,83.458212560387,83.0,0.0,0.0,0.0,0.0,1.0,1.0,,15.0,79,0.8333333333333334,/home/runner/work/ncaa-net-predictor/ncaa-net-predictor/data/raw/on3/transfer/2026/on3_transfer_2026_2026-05-06.json,https://www.on3.com/transfer-portal/team-rankings/basketball/2026/,2026-05-06T16:40:40+00:00,2026-05-06T02:01:34+00:00,14.0,22.0,242.333,6.0,86.333,352.336,7.0,71.143,110.003,0.0,0.0,0.0,3.0,5.0,2.0,0.0,0.0,0.0,1599869.0,489929.0,-1109940.0
2027,TCU,tcu,2026,184,0.20218579234972678,/home/runner/work/ncaa-net-predictor/ncaa-net-predictor/data/raw/on3/hs/2026/on3_hs_2026_2026-05-06.json,https://www.on3.com/rivals/rankings/industry-team/basketball/2026/,2026-05-06T16:40:39+00:00,2026-05-06T16:27:56+00:00,147.0,79.181666502647,79.181666502647,2.0,2.0,80.0,80.0,80.0,80.0,0.0,0.0,0.0,0.0,0.0,0.0,,14.0,79,0.14102564102564108,/home/runner/work/ncaa-net-predictor/ncaa-net-predictor/data/raw/on3/transfer/2026/on3_transfer_2026_2026-05-06.json,https://www.on3.com/transfer-portal/team-rankings/basketball/2026/?page=2,2026-05-06T16:40:40+00:00,2026-05-06T02:01:34+00:00,68.0,-6.0,-71.435,3.0,74.0,60.69,8.0,73.625,132.125,0.0,0.0,0.0,-2.0,1.0,3.0,-2.0,0.0,2.0,1772950.0,-55487.0,-1828437.0
2027,Temple,temple,2026,184,0.3114754098360656,/home/runner/work/ncaa-net-predictor/ncaa-net-predictor/data/raw/on3/hs/2026/on3_hs_2026_2026-05-06.json,https://www.on3.com/rivals/rankings/industry-team/basketball/2026/,2026-05-06T16:40:39+00:00,2026-05-06T16:27:56+00:00,127.0,81.230387050902,83.230387050902,1.0,1.0,85.0,87.0,85.0,87.0,0.0,0.0,0.0,0.0,1.0,1.0,,9.0,,,,,,,,,,,,,,,,,,,,,,,,,,,
2027,Tennessee,tennessee,2026,184,0.8852459016393442,/home/runner/work/ncaa-net-predictor/ncaa-net-predictor/data/raw/on3/hs/2026/on3_hs_2026_2026-05-06.json,https://www.on3.com/rivals/rankings/industry-team/basketball/2026/,2026-05-06T16:40:39+00:00,2026-05-06T16:27:56+00:00,22.0,92.74770531401,91.0,4.0,3.0,92.74770531401,91.0,91.402445652174,90.0,0.0,0.0,2.0,2.0,2.0,2.0,151081.0,6.0,79,0.7051282051282051,/home/runner/work/ncaa-net-predictor/ncaa-net-predictor/data/raw/on3/transfer/2026/on3_transfer_2026_2026-05-06.json,https://www.on3.com/transfer-portal/team-rankings/basketball/2026/,2026-05-06T16:40:40+00:00,2026-05-06T02:01:34+00:00,24.0,19.0,206.857,7.0,93.571,466.0,7.0,85.0,259.143,1.0,1.0,0.0,1.0,6.0,5.0,0.0,0.0,0.0,0.0,2168651.0,2168651.0
2027,Tennessee Tech,tennessee tech,2026,184,0.005464480874316946,/home/runner/work/ncaa-net-predictor/ncaa-net-predictor/data/raw/on3/hs/2026/on3_hs_2026_2026-05-06.json,https://www.on3.com/rivals/rankings/industry-team/basketball/2026/,2026-05-06T16:40:39+00:00,2026-05-06T16:27:56+00:00,183.0,76.230387050902,76.230387050902,1.0,1.0,80.0,80.0,80.0,80.0,0.0,0.0,0.0,0.0,0.0,0.0,,,,,,,,,,,,,,,,,,,,,,,,,,,,,
2027,Texas,texas,2026,184,0.9234972677595629,/home/runner/work/ncaa-net-predictor/ncaa-net-predictor/data/raw/on3/hs/2026/on3_hs_2026_2026-05-06.json,https://www.on3.com/rivals/rankings/industry-team/basketball/2026/,2026-05-06T16:40:39+00:00,2026-05-06T16:27:56+00:00,15.0,94.611691600436,92.666666666667,4.0,3.0,94.611691600436,92.666666666667,90.958768700327,89.5,0.0,0.0,3.0,2.0,0.0,1.0,453084.0,4.0,79,0.9487179487179487,/home/runner/work/ncaa-net-predictor/ncaa-net-predictor/data/raw/on3/transfer/2026/on3_transfer_2026_2026-05-06.json,https://www.on3.com/transfer-portal/team-rankings/basketball/2026/,2026-05-06T16:40:40+00:00,2026-05-06T02:01:34+00:00,5.0,28.0,304.122,5.0,94.2,403.085,6.0,72.5,98.963,0.0,0.0,0.0,2.0,5.0,3.0,0.0,0.0,0.0,0.0,3962776.0,3962776.0
2027,Texas A & M University-Corpus Christi,texas a and m corpus chris,2026,184,0.021857923497267784,/home/runner/work/ncaa-net-predictor/ncaa-net-predictor/data/raw/on3/hs/2026/on3_hs_2026_2026-05-06.json,https://www.on3.com/rivals/rankings/industry-team/basketball/2026/,2026-05-06T16:40:39+00:00,2026-05-06T16:27:56+00:00,180.0,76.230387050902,76.230387050902,1.0,1.0,80.0,80.0,80.0,80.0,0.0,0.0,0.0,0.0,0.0,0.0,,,,,,,,,,,,,,,,,,,,,,,,,,,,,
2027,Texas A&M,texas a and m,2026,184,0.7650273224043715,/home/runner/work/ncaa-net-predictor/ncaa-net-predictor/data/raw/on3/hs/2026/on3_hs_2026_2026-05-06.json,https://www.on3.com/rivals/rankings/industry-team/basketball/2026/,2026-05-06T16:40:39+00:00,2026-05-06T16:27:56+00:00,44.0,88.79190821256,89.0,3.0,3.0,88.79190821256,89.0,88.79190821256,89.0,0.0,0.0,2.0,2.0,0.0,0.0,21173.0,9.0,79,0.8461538461538461,/home/runner/work/ncaa-net-predictor/ncaa-net-predictor/data/raw/on3/transfer/2026/on3_transfer_2026_2026-05-06.json,https://www.on3.com/transfer-portal/team-rankings/basketball/2026/,2026-05-06T16:40:40+00:00,2026-05-06T02:01:34+00:00,13.0,22.0,243.862,6.0,87.167,359.864,5.0,74.6,116.003,0.0,0.0,0.0,3.0,5.0,2.0,1.0,1.0,0.0,0.0,2265155.0,2265155.0
2027,Texas State,texas state,2026,184,0.6284153005464481,/home/runner/work/ncaa-net-predictor/ncaa-net-predictor/data/raw/on3/hs/2026/on3_hs_2026_2026-05-06.json,https://www.on3.com/rivals/rankings/industry-team/basketball/2026/,2026-05-06T16:40:39+00:00,2026-05-06T16:27:56+00:00,69.0,86.131666502647,87.181666502647,2.0,2.0,86.95,88.0,86.95,88.0,0.0,0.0,0.0,0.0,2.0,2.0,9908.0,2.0,,,,,,,,,,,,,,,,,,,,,,,,,,,
2027,Texas Tech,texas tech,2026,184,0.819672131147541,/home/runner/work/ncaa-net-predictor/ncaa-net-predictor/data/raw/on3/hs/2026/on3_hs_2026_2026-05-06.json,https://www.on3.com/rivals/rankings/industry-team/basketball/2026/,2026-05-06T16:40:39+00:00,2026-05-06T16:27:56+00:00,34.0,91.578411828836,91.230387050902,1.0,1.0,95.348024777934,95.0,95.348024777934,95.0,0.0,0.0,1.0,1.0,0.0,0.0,216887.0,8.0,79,0.3076923076923077,/home/runner/work/ncaa-net-predictor/ncaa-net-predictor/data/raw/on3/transfer/2026/on3_transfer_2026_2026-05-06.json,https://www.on3.com/transfer-portal/team-rankings/basketball/2026/?page=2,2026-05-06T16:40:40+00:00,2026-05-06T02:01:34+00:00,55.0,5.0,49.833,3.0,93.667,224.82,5.0,80.6,174.987,0.0,0.0,0.0,0.0,3.0,3.0,0.0,0.0,0.0,2814572.0,3366933.0,552361.0
2027,The University of Texas at Arlington,ut arlington,2026,184,0.3770491803278688,/home/runner/work/ncaa-net-predictor/ncaa-net-predictor/data/raw/on3/hs/2026/on3_hs_2026_2026-05-06.json,https://www.on3.com/rivals/rankings/industry-team/basketball/2026/,2026-05-06T16:40:39+00:00,2026-05-06T16:27:56+00:00,115.0,81.897053717569,83.230387050902,1.0,1.0,85.666666666667,87.0,85.666666666667,87.0,0.0,0.0,0.0,0.0,1.0,1.0,7404.0,4.0,,,,,,,,,,,,,,,,,,,,,,,,,,,
2027,Toledo,toledo,2026,184,0.016393442622950838,/home/runner/work/ncaa-net-predictor/ncaa-net-predictor/data/raw/on3/hs/2026/on3_hs_2026_2026-05-06.json,https://www.on3.com/rivals/rankings/industry-team/basketball/2026/,2026-05-06T16:40:39+00:00,2026-05-06T16:27:56+00:00,181.0,76.230387050902,76.230387050902,1.0,1.0,80.0,80.0,80.0,80.0,0.0,0.0,0.0,0.0,0.0,0.0,,6.0,,,,,,,,,,,,,,,,,,,,,,,,,,,
2027,Towson,towson,2026,184,0.5191256830601093,/home/runner/work/ncaa-net-predictor/ncaa-net-predictor/data/raw/on3/hs/2026/on3_hs_2026_2026-05-06.json,https://www.on3.com/rivals/rankings/industry-team/basketball/2026/,2026-05-06T16:40:39+00:00,2026-05-06T16:27:56+00:00,89.0,84.463720384235,84.230387050902,1.0,1.0,88.233333333333,88.0,88.233333333333,88.0,0.0,0.0,0.0,0.0,1.0,1.0,,,,,,,,,,,,,,,,,,,,,,,,,,,,,
2027,Tulane,tulane,2026,184,0.360655737704918,/home/runner/work/ncaa-net-predictor/ncaa-net-predictor/data/raw/on3/hs/2026/on3_hs_2026_2026-05-06.json,https://www.on3.com/rivals/rankings/industry-team/basketball/2026/,2026-05-06T16:40:39+00:00,2026-05-06T16:27:56+00:00,118.0,81.797053717569,82.230387050902,1.0,1.0,85.566666666667,86.0,85.566666666667,86.0,0.0,0.0,0.0,0.0,1.0,1.0,,8.0,,,,,,,,,,,,,,,,,,,,,,,,,,,
2027,Tulsa,tulsa,2026,184,0.3005464480874317,/home/runner/work/ncaa-net-predictor/ncaa-net-predictor/data/raw/on3/hs/2026/on3_hs_2026_2026-05-06.json,https://www.on3.com/rivals/rankings/industry-team/basketball/2026/,2026-05-06T16:40:39+00:00,2026-05-06T16:27:56+00:00,129.0,81.181666502647,82.681666502647,2.0,2.0,82.0,83.5,82.0,83.5,0.0,0.0,0.0,0.0,1.0,1.0,,10.0,,,,,,,,,,,,,,,,,,,,,,,,,,,
2027,UAB,uab,2026,184,0.45355191256830596,/home/runner/work/ncaa-net-predictor/ncaa-net-predictor/data/raw/on3/hs/2026/on3_hs_2026_2026-05-06.json,https://www.on3.com/rivals/rankings/industry-team/basketball/2026/,2026-05-06T16:40:39+00:00,2026-05-06T16:27:56+00:00,101.0,83.581666502647,82.681666502647,2.0,2.0,84.4,83.5,84.4,83.5,0.0,0.0,0.0,0.0,1.0,1.0,,5.0,,,,,,,,,,,,,,,,,,,,,,,,,,,
2027,UCF,ucf,2026,,,,,,,,,,,,,,,,,,,,,,,,79,0.42307692307692313,/home/runner/work/ncaa-net-predictor/ncaa-net-predictor/data/raw/on3/transfer/2026/on3_transfer_2026_2026-05-06.json,https://www.on3.com/transfer-portal/team-rankings/basketball/2026/,2026-05-06T16:40:40+00:00,2026-05-06T02:01:34+00:00,46.0,9.0,97.945,7.0,70.143,141.113,6.0,65.833,43.168,0.0,0.0,0.0,2.0,2.0,0.0,2.0,2.0,0.0,0.0,257018.0,257018.0
2027,UCLA,ucla,2026,184,0.7814207650273224,/home/runner/work/ncaa-net-predictor/ncaa-net-predictor/data/raw/on3/hs/2026/on3_hs_2026_2026-05-06.json,https://www.on3.com/rivals/rankings/industry-team/basketball/2026/,2026-05-06T16:40:39+00:00,2026-05-06T16:27:56+00:00,41.0,89.034565053372,85.681666502647,2.0,2.0,89.852898550725,86.5,89.852898550725,86.5,0.0,0.0,1.0,1.0,1.0,0.0,121350.0,12.0,79,0.9358974358974359,/home/runner/work/ncaa-net-predictor/ncaa-net-predictor/data/raw/on3/transfer/2026/on3_transfer_2026_2026-05-06.json,https://www.on3.com/transfer-portal/team-rankings/basketball/2026/,2026-05-06T16:40:40+00:00,2026-05-06T02:01:34+00:00,6.0,27.0,298.327,4.0,92.0,303.03,2.0,66.0,4.704,0.0,0.0,0.0,4.0,4.0,0.0,0.0,0.0,0.0,0.0,1430013.0,1430013.0
2027,UNC Greensboro,unc greensboro,2026,184,0.5792349726775956,/home/runner/work/ncaa-net-predictor/ncaa-net-predictor/data/raw/on3/hs/2026/on3_hs_2026_2026-05-06.json,https://www.on3.com/rivals/rankings/industry-team/basketball/2026/,2026-05-06T16:40:39+00:00,2026-05-06T16:27:56+00:00,78.0,85.46661893496,85.230387050902,1.0,1.0,89.236231884058,89.0,89.236231884058,89.0,0.0,0.0,0.0,0.0,1.0,1.0,,,,,,,,,,,,,,,,,,,,,,,,,,,,,
2027,USC,usc,2026,184,0.9890710382513661,/home/runner/work/ncaa-net-predictor/ncaa-net-predictor/data/raw/on3/hs/2026/on3_hs_2026_2026-05-06.json,https://www.on3.com/rivals/rankings/industry-team/basketball/2026/,2026-05-06T16:40:39+00:00,2026-05-06T16:27:56+00:00,3.0,97.750806451613,97.0,3.0,3.0,97.750806451613,97.0,97.750806451613,97.0,1.0,1.0,2.0,2.0,0.0,0.0,923202.0,1.0,79,0.8076923076923077,/home/runner/work/ncaa-net-predictor/ncaa-net-predictor/data/raw/on3/transfer/2026/on3_transfer_2026_2026-05-06.json,https://www.on3.com/transfer-portal/team-rankings/basketball/2026/,2026-05-06T16:40:40+00:00,2026-05-06T02:01:34+00:00,16.0,21.0,235.925,3.0,93.333,234.272,6.0,65.0,-1.652,0.0,0.0,0.0,1.0,3.0,2.0,-1.0,0.0,1.0,0.0,2194157.0,2194157.0
2027,USF,south florida,2026,184,0.43715846994535523,/home/runner/work/ncaa-net-predictor/ncaa-net-predictor/data/raw/on3/hs/2026/on3_hs_2026_2026-05-06.json,https://www.on3.com/rivals/rankings/industry-team/basketball/2026/,2026-05-06T16:40:39+00:00,2026-05-06T16:27:56+00:00,104.0,83.298333169314,83.181666502647,2.0,2.0,84.116666666667,84.0,84.116666666667,84.0,0.0,0.0,0.0,0.0,1.0,1.0,9505.0,6.0,,,,,,,,,,,,,,,,,,,,,,,,,,,
2027,UTEP,utep,2026,184,0.6994535519125683,/home/runner/work/ncaa-net-predictor/ncaa-net-predictor/data/raw/on3/hs/2026/on3_hs_2026_2026-05-06.json,https://www.on3.com/rivals/rankings/industry-team/basketball/2026/,2026-05-06T16:40:39+00:00,2026-05-06T16:27:56+00:00,56.0,87.244444444444,87.666666666667,3.0,3.0,87.244444444444,87.666666666667,87.244444444444,87.666666666667,0.0,0.0,0.0,0.0,3.0,3.0,7025.666666666667,1.0,,,,,,,,,,,,,,,,,,,,,,,,,,,
2027,UTSA,utsa,2026,184,0.540983606557377,/home/runner/work/ncaa-net-predictor/ncaa-net-predictor/data/raw/on3/hs/2026/on3_hs_2026_2026-05-06.json,https://www.on3.com/rivals/rankings/industry-team/basketball/2026/,2026-05-06T16:40:39+00:00,2026-05-06T16:27:56+00:00,85.0,84.897053717569,84.230387050902,1.0,1.0,88.666666666667,88.0,88.666666666667,88.0,0.0,0.0,0.0,0.0,1.0,1.0,,3.0,,,,,,,,,,,,,,,,,,,,,,,,,,,
2027,University of Maryland-Baltimore County,umbc,2026,184,0.1693989071038251,/home/runner/work/ncaa-net-predictor/ncaa-net-predictor/data/raw/on3/hs/2026/on3_hs_2026_2026-05-06.json,https://www.on3.com/rivals/rankings/industry-team/basketball/2026/,2026-05-06T16:40:39+00:00,2026-05-06T16:27:56+00:00,153.0,78.230387050902,82.230387050902,1.0,1.0,82.0,86.0,82.0,86.0,0.0,0.0,0.0,0.0,1.0,1.0,,,,,,,,,,,,,,,,,,,,,,,,,,,,,
2027,University of Massachusetts-Lowell,university of massachusetts lowell,2026,184,0.5136612021857924,/home/runner/work/ncaa-net-predictor/ncaa-net-predictor/data/raw/on3/hs/2026/on3_hs_2026_2026-05-06.json,https://www.on3.com/rivals/rankings/industry-team/basketball/2026/,2026-05-06T16:40:39+00:00,2026-05-06T16:27:56+00:00,90.0,84.463720384235,84.230387050902,1.0,1.0,88.233333333333,88.0,88.233333333333,88.0,0.0,0.0,0.0,0.0,1.0,1.0,,,,,,,,,,,,,,,,,,,,,,,,,,,,,
2027,University of Nebraska at Omaha,nebraska omaha,2026,184,0.20765027322404372,/home/runner/work/ncaa-net-predictor/ncaa-net-predictor/data/raw/on3/hs/2026/on3_hs_2026_2026-05-06.json,https://www.on3.com/rivals/rankings/industry-team/basketball/2026/,2026-05-06T16:40:39+00:00,2026-05-06T16:27:56+00:00,146.0,79.181666502647,79.181666502647,2.0,2.0,80.0,80.0,80.0,80.0,0.0,0.0,0.0,0.0,0.0,0.0,,,,,,,,,,,,,,,,,,,,,,,,,,,,,
2027,University of San Francisco,san francisco,2026,184,0.7486338797814207,/home/runner/work/ncaa-net-predictor/ncaa-net-predictor/data/raw/on3/hs/2026/on3_hs_2026_2026-05-06.json,https://www.on3.com/rivals/rankings/industry-team/basketball/2026/,2026-05-06T16:40:39+00:00,2026-05-06T16:27:56+00:00,47.0,88.274275362319,88.333333333333,3.0,3.0,88.274275362319,88.333333333333,88.274275362319,88.333333333333,0.0,0.0,0.0,0.0,3.0,3.0,,,,,,,,,,,,,,,,,,,,,,,,,,,,,
2027,Utah,utah,2026,184,0.4426229508196722,/home/runner/work/ncaa-net-predictor/ncaa-net-predictor/data/raw/on3/hs/2026/on3_hs_2026_2026-05-06.json,https://www.on3.com/rivals/rankings/industry-team/basketball/2026/,2026-05-06T16:40:39+00:00,2026-05-06T16:27:56+00:00,103.0,83.455555555556,85.0,3.0,3.0,83.455555555556,85.0,83.455555555556,85.0,0.0,0.0,0.0,0.0,2.0,2.0,,11.0,79,0.2435897435897436,/home/runner/work/ncaa-net-predictor/ncaa-net-predictor/data/raw/on3/transfer/2026/on3_transfer_2026_2026-05-06.json,https://www.on3.com/transfer-portal/team-rankings/basketball/2026/?page=2,2026-05-06T16:40:40+00:00,2026-05-06T02:01:34+00:00,60.0,2.0,22.258,4.0,84.5,215.735,8.0,74.875,193.477,0.0,0.0,0.0,0.0,3.0,3.0,0.0,1.0,1.0,0.0,-1515940.0,-1515940.0
2027,Utah State,utah state,2026,184,0.22404371584699456,/home/runner/work/ncaa-net-predictor/ncaa-net-predictor/data/raw/on3/hs/2026/on3_hs_2026_2026-05-06.json,https://www.on3.com/rivals/rankings/industry-team/basketball/2026/,2026-05-06T16:40:39+00:00,2026-05-06T16:27:56+00:00,143.0,79.230387050902,85.230387050902,1.0,1.0,83.0,89.0,83.0,89.0,0.0,0.0,0.0,0.0,1.0,1.0,,7.0,,,,,,,,,,,,,,,,,,,,,,,,,,,
2027,VCU,vcu,2026,184,0.8524590163934427,/home/runner/work/ncaa-net-predictor/ncaa-net-predictor/data/raw/on3/hs/2026/on3_hs_2026_2026-05-06.json,https://www.on3.com/rivals/rankings/industry-team/basketball/2026/,2026-05-06T16:40:39+00:00,2026-05-06T16:27:56+00:00,28.0,91.909746212792,92.181666502647,2.0,2.0,92.728079710145,93.0,92.728079710145,93.0,0.0,0.0,2.0,2.0,0.0,0.0,7182.0,,,,,,,,,,,,,,,,,,,,,,,,,,,,
2027,Valparaiso,valparaiso,2026,184,0.27322404371584696,/home/runner/work/ncaa-net-predictor/ncaa-net-predictor/data/raw/on3/hs/2026/on3_hs_2026_2026-05-06.json,https://www.on3.com/rivals/rankings/industry-team/basketball/2026/,2026-05-06T16:40:39+00:00,2026-05-06T16:27:56+00:00,134.0,80.563720384235,83.230387050902,1.0,1.0,84.333333333333,87.0,84.333333333333,87.0,0.0,0.0,0.0,0.0,1.0,1.0,,,,,,,,,,,,,,,,,,,,,,,,,,,,,
2027,Vanderbilt,vanderbilt,2026,184,0.8907103825136612,/home/runner/work/ncaa-net-predictor/ncaa-net-predictor/data/raw/on3/hs/2026/on3_hs_2026_2026-05-06.json,https://www.on3.com/rivals/rankings/industry-team/basketball/2026/,2026-05-06T16:40:39+00:00,2026-05-06T16:27:56+00:00,21.0,92.874516908213,92.0,3.0,3.0,92.874516908213,92.0,92.874516908213,92.0,0.0,0.0,3.0,3.0,0.0,0.0,,5.0,79,0.9615384615384616,/home/runner/work/ncaa-net-predictor/ncaa-net-predictor/data/raw/on3/transfer/2026/on3_transfer_2026_2026-05-06.json,https://www.on3.com/transfer-portal/team-rankings/basketball/2026/,2026-05-06T16:40:40+00:00,2026-05-06T02:01:34+00:00,4.0,29.0,321.048,5.0,92.8,385.973,8.0,69.625,64.925,0.0,0.0,0.0,4.0,5.0,1.0,-1.0,0.0,1.0,0.0,1367769.0,1367769.0
2027,Villanova,villanova,2026,184,0.8032786885245902,/home/runner/work/ncaa-net-predictor/ncaa-net-predictor/data/raw/on3/hs/2026/on3_hs_2026_2026-05-06.json,https://www.on3.com/rivals/rankings/industry-team/basketball/2026/,2026-05-06T16:40:39+00:00,2026-05-06T16:27:56+00:00,37.0,90.124589949453,88.230387050902,1.0,1.0,93.894202898551,92.0,93.894202898551,92.0,0.0,0.0,1.0,1.0,0.0,0.0,110125.0,2.0,79,0.6794871794871795,/home/runner/work/ncaa-net-predictor/ncaa-net-predictor/data/raw/on3/transfer/2026/on3_transfer_2026_2026-05-06.json,https://www.on3.com/transfer-portal/team-rankings/basketball/2026/,2026-05-06T16:40:40+00:00,2026-05-06T02:01:34+00:00,26.0,18.0,201.765,4.0,92.75,308.049,8.0,70.375,106.284,0.0,0.0,0.0,2.0,4.0,2.0,0.0,0.0,0.0,0.0,1532200.0,1532200.0
2027,Virginia,virginia,2026,,,,,,,,,,,,,,,,,,,,,,,,79,0.3589743589743589,/home/runner/work/ncaa-net-predictor/ncaa-net-predictor/data/raw/on3/transfer/2026/on3_transfer_2026_2026-05-06.json,https://www.on3.com/transfer-portal/team-rankings/basketball/2026/?page=2,2026-05-06T16:40:40+00:00,2026-05-06T02:01:34+00:00,51.0,6.0,64.835,2.0,76.5,64.835,0.0,0.0,0.0,0.0,0.0,0.0,1.0,1.0,0.0,0.0,0.0,0.0,0.0,0.0,0.0
2027,Virginia Tech,virginia tech,2026,,,,,,,,,,,,,,,,,,,,,,,,79,0.5769230769230769,/home/runner/work/ncaa-net-predictor/ncaa-net-predictor/data/raw/on3/transfer/2026/on3_transfer_2026_2026-05-06.json,https://www.on3.com/transfer-portal/team-rankings/basketball/2026/,2026-05-06T16:40:40+00:00,2026-05-06T02:01:34+00:00,34.0,15.0,160.135,3.0,91.667,227.617,7.0,67.286,67.481,0.0,0.0,0.0,1.0,3.0,2.0,-3.0,0.0,3.0,0.0,-1715043.0,-1715043.0
2027,Wake Forest,wake forest,2026,184,0.8469945355191257,/home/runner/work/ncaa-net-predictor/ncaa-net-predictor/data/raw/on3/hs/2026/on3_hs_2026_2026-05-06.json,https://www.on3.com/rivals/rankings/industry-team/basketball/2026/,2026-05-06T16:40:39+00:00,2026-05-06T16:27:56+00:00,29.0,91.830217227285,89.681666502647,2.0,2.0,92.648550724638,90.5,92.648550724638,90.5,0.0,0.0,2.0,1.0,0.0,1.0,6892.0,6.0,79,0.10256410256410253,/home/runner/work/ncaa-net-predictor/ncaa-net-predictor/data/raw/on3/transfer/2026/on3_transfer_2026_2026-05-06.json,https://www.on3.com/transfer-portal/team-rankings/basketball/2026/?page=2,2026-05-06T16:40:40+00:00,2026-05-06T02:01:34+00:00,71.0,-9.0,-93.556,6.0,71.0,93.061,10.0,72.5,186.618,-1.0,0.0,1.0,0.0,2.0,2.0,0.0,2.0,2.0,0.0,-1811260.0,-1811260.0
2027,Washington,washington,2026,184,0.31693989071038253,/home/runner/work/ncaa-net-predictor/ncaa-net-predictor/data/raw/on3/hs/2026/on3_hs_2026_2026-05-06.json,https://www.on3.com/rivals/rankings/industry-team/basketball/2026/,2026-05-06T16:40:39+00:00,2026-05-06T16:27:56+00:00,126.0,81.230387050902,83.230387050902,1.0,1.0,85.0,87.0,85.0,87.0,0.0,0.0,0.0,0.0,1.0,1.0,,18.0,79,0.15384615384615385,/home/runner/work/ncaa-net-predictor/ncaa-net-predictor/data/raw/on3/transfer/2026/on3_transfer_2026_2026-05-06.json,https://www.on3.com/transfer-portal/team-rankings/basketball/2026/?page=2,2026-05-06T16:40:40+00:00,2026-05-06T02:01:34+00:00,67.0,-2.0,-19.734,4.0,75.75,103.051,6.0,76.0,122.785,0.0,0.0,0.0,0.0,2.0,2.0,2.0,2.0,0.0,0.0,-947373.0,-947373.0
2027,Washington State,washington state,2026,184,0.04371584699453557,/home/runner/work/ncaa-net-predictor/ncaa-net-predictor/data/raw/on3/hs/2026/on3_hs_2026_2026-05-06.json,https://www.on3.com/rivals/rankings/industry-team/basketball/2026/,2026-05-06T16:40:39+00:00,2026-05-06T16:27:56+00:00,176.0,76.230387050902,76.230387050902,1.0,1.0,80.0,80.0,80.0,80.0,0.0,0.0,0.0,0.0,0.0,0.0,,8.0,,,,,,,,,,,,,,,,,,,,,,,,,,,
2027,West Virginia,west virginia,2026,184,0.8797814207650273,/home/runner/work/ncaa-net-predictor/ncaa-net-predictor/data/raw/on3/hs/2026/on3_hs_2026_2026-05-06.json,https://www.on3.com/rivals/rankings/industry-team/basketball/2026/,2026-05-06T16:40:39+00:00,2026-05-06T16:27:56+00:00,23.0,92.562560386473,94.333333333333,4.0,3.0,92.562560386473,94.333333333333,91.705253623188,92.75,0.0,0.0,1.0,3.0,3.0,1.0,251848.5,6.0,79,0.6923076923076923,/home/runner/work/ncaa-net-predictor/ncaa-net-predictor/data/raw/on3/transfer/2026/on3_transfer_2026_2026-05-06.json,https://www.on3.com/transfer-portal/team-rankings/basketball/2026/,2026-05-06T16:40:40+00:00,2026-05-06T02:01:34+00:00,25.0,18.0,203.127,6.0,79.0,261.876,7.0,65.714,58.749,0.0,0.0,0.0,2.0,3.0,1.0,1.0,1.0,0.0,0.0,1517982.0,1517982.0
2027,Western Carolina,western carolina,2026,184,0.14207650273224048,/home/runner/work/ncaa-net-predictor/ncaa-net-predictor/data/raw/on3/hs/2026/on3_hs_2026_2026-05-06.json,https://www.on3.com/rivals/rankings/industry-team/basketball/2026/,2026-05-06T16:40:39+00:00,2026-05-06T16:27:56+00:00,158.0,76.230387050902,76.230387050902,1.0,1.0,80.0,80.0,80.0,80.0,0.0,0.0,0.0,0.0,0.0,0.0,,,,,,,,,,,,,,,,,,,,,,,,,,,,,
2027,Western Kentucky,western kentucky,2026,184,0.4918032786885246,/home/runner/work/ncaa-net-predictor/ncaa-net-predictor/data/raw/on3/hs/2026/on3_hs_2026_2026-05-06.json,https://www.on3.com/rivals/rankings/industry-team/basketball/2026/,2026-05-06T16:40:39+00:00,2026-05-06T16:27:56+00:00,94.0,84.333333333333,85.0,3.0,3.0,84.333333333333,85.0,84.333333333333,85.0,0.0,0.0,0.0,0.0,2.0,2.0,8441.0,4.0,,,,,,,,,,,,,,,,,,,,,,,,,,,
2027,Western Michigan,western michigan,2026,184,0.33333333333333337,/home/runner/work/ncaa-net-predictor/ncaa-net-predictor/data/raw/on3/hs/2026/on3_hs_2026_2026-05-06.json,https://www.on3.com/rivals/rankings/industry-team/basketball/2026/,2026-05-06T16:40:39+00:00,2026-05-06T16:27:56+00:00,123.0,81.348333169314,82.681666502647,2.0,2.0,82.166666666667,83.5,82.166666666667,83.5,0.0,0.0,0.0,0.0,1.0,1.0,8297.0,2.0,,,,,,,,,,,,,,,,,,,,,,,,,,,
2027,Wichita State,wichita state,2026,184,0.14754098360655743,/home/runner/work/ncaa-net-predictor/ncaa-net-predictor/data/raw/on3/hs/2026/on3_hs_2026_2026-05-06.json,https://www.on3.com/rivals/rankings/industry-team/basketball/2026/,2026-05-06T16:40:39+00:00,2026-05-06T16:27:56+00:00,157.0,76.230387050902,76.230387050902,1.0,1.0,80.0,80.0,80.0,80.0,0.0,0.0,0.0,0.0,0.0,0.0,,11.0,,,,,,,,,,,,,,,,,,,,,,,,,,,
2027,Wisconsin,wisconsin,2026,184,0.35519125683060104,/home/runner/work/ncaa-net-predictor/ncaa-net-predictor/data/raw/on3/hs/2026/on3_hs_2026_2026-05-06.json,https://www.on3.com/rivals/rankings/industry-team/basketball/2026/,2026-05-06T16:40:39+00:00,2026-05-06T16:27:56+00:00,119.0,81.777777777778,83.0,3.0,3.0,81.777777777778,83.0,81.777777777778,83.0,0.0,0.0,0.0,0.0,1.0,1.0,,17.0,79,0.3846153846153846,/home/runner/work/ncaa-net-predictor/ncaa-net-predictor/data/raw/on3/transfer/2026/on3_transfer_2026_2026-05-06.json,https://www.on3.com/transfer-portal/team-rankings/basketball/2026/,2026-05-06T16:40:40+00:00,2026-05-06T02:01:34+00:00,49.0,7.0,78.861,3.0,92.333,221.412,4.0,78.75,142.552,0.0,0.0,0.0,1.0,3.0,2.0,-1.0,0.0,1.0,1519445.0,176707.0,-1342738.0
2027,Wisconsin-Milwaukee,milwaukee,2026,184,0.24590163934426235,/home/runner/work/ncaa-net-predictor/ncaa-net-predictor/data/raw/on3/hs/2026/on3_hs_2026_2026-05-06.json,https://www.on3.com/rivals/rankings/industry-team/basketball/2026/,2026-05-06T16:40:39+00:00,2026-05-06T16:27:56+00:00,139.0,80.181666502647,82.181666502647,2.0,2.0,81.0,83.0,81.0,83.0,0.0,0.0,0.0,0.0,1.0,1.0,,,,,,,,,,,,,,,,,,,,,,,,,,,,,
2027,Wofford,wofford,2026,184,0.29508196721311475,/home/runner/work/ncaa-net-predictor/ncaa-net-predictor/data/raw/on3/hs/2026/on3_hs_2026_2026-05-06.json,https://www.on3.com/rivals/rankings/industry-team/basketball/2026/,2026-05-06T16:40:39+00:00,2026-05-06T16:27:56+00:00,130.0,80.95249983598,83.681666502647,2.0,2.0,81.770833333333,84.5,81.770833333333,84.5,0.0,0.0,0.0,0.0,1.0,1.0,,,,,,,,,,,,,,,,,,,,,,,,,,,,,
2027,Wyoming,wyoming,2026,184,0.13661202185792354,/home/runner/work/ncaa-net-predictor/ncaa-net-predictor/data/raw/on3/hs/2026/on3_hs_2026_2026-05-06.json,https://www.on3.com/rivals/rankings/industry-team/basketball/2026/,2026-05-06T16:40:39+00:00,2026-05-06T16:27:56+00:00,159.0,76.230387050902,76.230387050902,1.0,1.0,80.0,80.0,80.0,80.0,0.0,0.0,0.0,0.0,0.0,0.0,,4.0,,,,,,,,,,,,,,,,,,,,,,,,,,,
2027,Xavier,xavier,2026,184,0.639344262295082,/home/runner/work/ncaa-net-predictor/ncaa-net-predictor/data/raw/on3/hs/2026/on3_hs_2026_2026-05-06.json,https://www.on3.com/rivals/rankings/industry-team/basketball/2026/,2026-05-06T16:40:39+00:00,2026-05-06T16:27:56+00:00,67.0,86.260265700483,86.333333333333,3.0,3.0,86.260265700483,86.333333333333,86.260265700483,86.333333333333,0.0,0.0,1.0,1.0,1.0,1.0,,7.0,79,1.0,/home/runner/work/ncaa-net-predictor/ncaa-net-predictor/data/raw/on3/transfer/2026/on3_transfer_2026_2026-05-06.json,https://www.on3.com/transfer-portal/team-rankings/basketball/2026/,2026-05-06T16:40:40+00:00,2026-05-06T02:01:34+00:00,1.0,43.0,469.697,6.0,92.167,479.229,6.0,61.5,9.532,0.0,0.0,0.0,6.0,6.0,0.0,-2.0,0.0,2.0,0.0,1771711.0,1771711.0
