captured_at,class_year,height,high_school,hometown,industry_position_rank,industry_rank,industry_rating,industry_stars,industry_state_rank,nil_rank,nil_value,on3_position_rank,on3_rank,on3_rating,on3_stars,on3_state_rank,player_key,player_name,player_slug,position,position_abbr,ranking_year,recruitment_key,season,source,source_url,state,status_date,status_type,team,team_key,team_slug,weight,source_file
2026-09-05T13:15:06+00:00,2026,6-9,Ed W Clark,"Las Vegas, NV",69,372,82.66666666666667,3,3,,,39,,88,3,2,282109,Devan Christion,devan-christion-282109,PF,PF,2026,258503,2027,on3_hs_commits,https://www.on3.com/college/akron-zips/basketball/2026/commits/,NV,2025-10-07T13:14:00,Committed,Akron,akron,akron-zips,,/home/runner/work/ncaa-net-predictor/ncaa-net-predictor/data/raw/on3/hs_commits/2026/on3_hs_commits_2026_2026-09-05.json
2026-09-05T13:15:06+00:00,2026,6-1,Overtime Elite,"Bronx, NY",8,53,94.83115942028984,4,4,,,6,47,94,4,4,245266,Anderson Diaz,anderson-diaz-245266,PG,PG,2026,213709,2027,on3_hs_commits,https://www.on3.com/college/alabama-crimson-tide/basketball/2026/commits/,NY,2026-05-21T08:21:00,Committed,Alabama,alabama,alabama-crimson-tide,180,/home/runner/work/ncaa-net-predictor/ncaa-net-predictor/data/raw/on3/hs_commits/2026/on3_hs_commits_2026_2026-09-05.json
2026-09-05T13:15:06+00:00,2026,6-6,Southeastern Prep,"Las Vegas, NV",7,26,97.39139784946238,4,6,,,10,31,96,4,6,180962,Jaxon Richardson,jaxon-richardson-180962,SF,SF,2026,195106,2027,on3_hs_commits,https://www.on3.com/college/alabama-crimson-tide/basketball/2026/commits/,NV,2026-03-05T13:35:00,Enrolled,Alabama,alabama,alabama-crimson-tide,200,/home/runner/work/ncaa-net-predictor/ncaa-net-predictor/data/raw/on3/hs_commits/2026/on3_hs_commits_2026_2026-09-05.json
2026-09-05T13:15:06+00:00,2026,6-6,Bishop McNamara,"District Heights, MD",9,32,96.86263440860215,4,2,,,9,32,96,4,2,236474,Qayden Samuels,qayden-samuels-236474,SG,SG,2026,196114,2027,on3_hs_commits,https://www.on3.com/college/alabama-crimson-tide/basketball/2026/commits/,MD,2026-01-28T12:04:00,Enrolled,Alabama,alabama,alabama-crimson-tide,205,/home/runner/work/ncaa-net-predictor/ncaa-net-predictor/data/raw/on3/hs_commits/2026/on3_hs_commits_2026_2026-09-05.json
2026-09-05T13:15:06+00:00,2026,7-0,Fort Erie International Academy,"Brampton, ON",48,350,83,3,29,,,,,89,3,,291271,TJ St. Louis,tj-st-louis-291271,C,C,2026,275549,2027,on3_hs_commits,https://www.on3.com/college/alabama-crimson-tide/basketball/2026/commits/,ON,2026-07-20T14:30:00,Committed,Alabama,alabama,alabama-crimson-tide,266,/home/runner/work/ncaa-net-predictor/ncaa-net-predictor/data/raw/on3/hs_commits/2026/on3_hs_commits_2026_2026-09-05.json
2026-09-05T13:15:06+00:00,2026,6-6,SPIRE Academy,"Charlotte, NC",17,55,94.7804347826087,4,2,,,28,84,92,4,4,240811,Tarris Bouie,tarris-bouie-240811,SF,SF,2026,205030,2027,on3_hs_commits,https://www.on3.com/college/alabama-crimson-tide/basketball/2026/commits/,NC,2025-09-10T08:46:00,Enrolled,Alabama,alabama,alabama-crimson-tide,170,/home/runner/work/ncaa-net-predictor/ncaa-net-predictor/data/raw/on3/hs_commits/2026/on3_hs_commits_2026_2026-09-05.json
2026-09-05T13:15:06+00:00,2026,6-3,Christ School,"Arden, NC",,,,0,,,,,,,,,280535,Tyler Jones,tyler-jones-280535,SG,SG,2026,256659,2027,on3_hs_commits,https://www.on3.com/college/albany-great-danes/basketball/2026/commits/,NC,2025-08-30T12:46:00,Committed,Albany,albany,albany-great-danes,185,/home/runner/work/ncaa-net-predictor/ncaa-net-predictor/data/raw/on3/hs_commits/2026/on3_hs_commits_2026_2026-09-05.json
2026-09-05T13:15:06+00:00,2026,6-2,Mallard Creek,"Charlotte, NC",,,,0,,,,,,,,,280524,Rassell Young,rassell-young-280524,PG,PG,2026,256648,2027,on3_hs_commits,https://www.on3.com/college/alcorn-state-braves/basketball/2026/commits/,NC,2025-06-16T12:24:00,Committed,Alcorn State,alcorn state,alcorn-state-braves,160,/home/runner/work/ncaa-net-predictor/ncaa-net-predictor/data/raw/on3/hs_commits/2026/on3_hs_commits_2026_2026-09-05.json
2026-09-05T13:15:06+00:00,2026,6-0,Daviess County,"Owensboro, KY",59,338,83.33333333333333,3,4,,,57,,86,3,3,280519,Jonathan Moss,jonathan-moss-280519,PG,PG,2026,256643,2027,on3_hs_commits,https://www.on3.com/college/appalachian-state-mountaineers/basketball/2026/commits/,KY,2026-04-10T10:11:00,Committed,Appalachian State,appalachian state,appalachian-state-mountaineers,160,/home/runner/work/ncaa-net-predictor/ncaa-net-predictor/data/raw/on3/hs_commits/2026/on3_hs_commits_2026_2026-09-05.json
2026-09-05T13:15:06+00:00,2026,6-5,Prolific Prep,"Huntsville, AL",1,2,98.67311827956989,5,1,28,3200000,1,2,98,5,1,174844,Caleb Holt,caleb-holt-174844,SG,SG,2026,182638,2027,on3_hs_commits,https://www.on3.com/college/arizona-wildcats/basketball/2026/commits/,AL,2026-03-10T10:50:00,Signed,Arizona,arizona,arizona-wildcats,200,/home/runner/work/ncaa-net-predictor/ncaa-net-predictor/data/raw/on3/hs_commits/2026/on3_hs_commits_2026_2026-09-05.json
2026-09-05T13:15:06+00:00,2026,6-6,Millennium,"Goodyear, AZ",14,42,95.64166666666668,4,5,,,19,52,94,4,6,180963,Cameron Holmes,cameron-holmes-180963,SF,SF,2026,195107,2027,on3_hs_commits,https://www.on3.com/college/arizona-wildcats/basketball/2026/commits/,AZ,2025-11-09T15:46:00,Signed,Arizona,arizona,arizona-wildcats,200,/home/runner/work/ncaa-net-predictor/ncaa-net-predictor/data/raw/on3/hs_commits/2026/on3_hs_commits_2026_2026-09-05.json
2026-09-05T13:15:06+00:00,2026,6-11,Ratiopharm Ulm,Amsterdam,57,325,84,3,,,,,,92,4,,259509,Endurance Aiyamenkhue,endurance-aiyamenkhue-259509,PF,PF,2026,234808,2027,on3_hs_commits,https://www.on3.com/college/arizona-wildcats/basketball/2026/commits/,,2026-05-08T14:06:00,Committed,Arizona,arizona,arizona-wildcats,,/home/runner/work/ncaa-net-predictor/ncaa-net-predictor/data/raw/on3/hs_commits/2026/on3_hs_commits_2026_2026-09-05.json
2026-09-05T13:15:06+00:00,2026,6-10,Australia,Canberra,,,,,,,,,,,,,288426,Ajak Nyuon,ajak-nyuon-288426,PF,PF,2026,271550,2027,on3_hs_commits,https://www.on3.com/college/arizona-state-sun-devils/basketball/2026/commits/,,2026-05-06T09:25:00,Committed,Arizona State,arizona state,arizona-state-sun-devils,,/home/runner/work/ncaa-net-predictor/ncaa-net-predictor/data/raw/on3/hs_commits/2026/on3_hs_commits_2026_2026-09-05.json
2026-09-05T13:15:06+00:00,2026,7-1,Serbia,,,,,,,,,,,,,,288805,Filip Malesevic,filip-malesevic-288805,C,C,2026,271997,2027,on3_hs_commits,https://www.on3.com/college/arizona-state-sun-devils/basketball/2026/commits/,,2026-05-14T08:32:00,Committed,Arizona State,arizona state,arizona-state-sun-devils,,/home/runner/work/ncaa-net-predictor/ncaa-net-predictor/data/raw/on3/hs_commits/2026/on3_hs_commits_2026_2026-09-05.json
2026-09-05T13:15:06+00:00,2026,6-6,Polytechnic,"Riverside, CA",44,142,90.79891304347825,3,12,,,37,121,89,3,9,261396,JRob Croy,jrob-croy-261396,SF,SF,2026,237246,2027,on3_hs_commits,https://www.on3.com/college/arizona-state-sun-devils/basketball/2026/commits/,CA,2026-03-24T14:31:00,Committed,Arizona State,arizona state,arizona-state-sun-devils,190,/home/runner/work/ncaa-net-predictor/ncaa-net-predictor/data/raw/on3/hs_commits/2026/on3_hs_commits_2026_2026-09-05.json
2026-09-05T13:15:06+00:00,2026,6-5,Notre Dame,"West Haven, CT",4,14,98.39569892473119,5,1,,,3,9,98,5,1,244188,Abdou Toure,abdou-toure-244188,SG,SG,2026,211924,2027,on3_hs_commits,https://www.on3.com/college/arkansas-razorbacks/basketball/2026/commits/,CT,2025-10-03T11:39:00,Signed,Arkansas,arkansas,arkansas-razorbacks,200,/home/runner/work/ncaa-net-predictor/ncaa-net-predictor/data/raw/on3/hs_commits/2026/on3_hs_commits_2026_2026-09-05.json
2026-09-05T13:15:06+00:00,2026,6-10,Overtime Elite,"Woodmere, NY",12,86,93.10652173913044,4,6,,,9,56,93,4,5,260258,Caleb Ourigou,caleb-ourigou-260258,C,C,2026,235802,2027,on3_hs_commits,https://www.on3.com/college/arkansas-razorbacks/basketball/2026/commits/,NY,2026-07-14T08:21:00,Committed,Arkansas,arkansas,arkansas-razorbacks,230,/home/runner/work/ncaa-net-predictor/ncaa-net-predictor/data/raw/on3/hs_commits/2026/on3_hs_commits_2026_2026-09-05.json
2026-09-05T13:15:06+00:00,2026,6-2,Link Academy,"Bolingbrook, IL",6,48,95.13840579710146,4,3,,,9,58,93,4,4,244514,Davion Thompson,davion-thompson-244514,PG,PG,2026,212379,2027,on3_hs_commits,https://www.on3.com/college/arkansas-razorbacks/basketball/2026/commits/,IL,2026-06-10T21:03:00,Committed,Arkansas,arkansas,arkansas-razorbacks,175,/home/runner/work/ncaa-net-predictor/ncaa-net-predictor/data/raw/on3/hs_commits/2026/on3_hs_commits_2026_2026-09-05.json
2026-09-05T13:15:06+00:00,2026,6-11,Real Madrid,,44,333,83.66666666666667,3,,,,,,91,4,,290487,Ilia Frolov,ilia-frolov-290487,C,C,2026,274157,2027,on3_hs_commits,https://www.on3.com/college/arkansas-razorbacks/basketball/2026/commits/,,2026-06-18T11:38:00,Committed,Arkansas,arkansas,arkansas-razorbacks,225,/home/runner/work/ncaa-net-predictor/ncaa-net-predictor/data/raw/on3/hs_commits/2026/on3_hs_commits_2026_2026-09-05.json
2026-09-05T13:15:06+00:00,2026,6-5,Little Rock Christian Academy,"Little Rock, AR",5,20,97.847311827957,4,1,,,8,23,96,4,1,237634,JJ Andrews,jj-andrews-237634,SG,SG,2026,198074,2027,on3_hs_commits,https://www.on3.com/college/arkansas-razorbacks/basketball/2026/commits/,AR,2025-05-15T16:03:00,Signed,Arkansas,arkansas,arkansas-razorbacks,220,/home/runner/work/ncaa-net-predictor/ncaa-net-predictor/data/raw/on3/hs_commits/2026/on3_hs_commits_2026_2026-09-05.json
2026-09-05T13:15:06+00:00,2026,6-2,Paul VI Catholic,"Washington, DC",2,3,98.66774193548387,5,1,,,2,5,98,5,1,159438,Jordan Smith Jr.,jordan-smith-jr-159438,SG,SG,2026,178708,2027,on3_hs_commits,https://www.on3.com/college/arkansas-razorbacks/basketball/2026/commits/,DC,2026-02-13T19:09:00,Signed,Arkansas,arkansas,arkansas-razorbacks,200,/home/runner/work/ncaa-net-predictor/ncaa-net-predictor/data/raw/on3/hs_commits/2026/on3_hs_commits_2026_2026-09-05.json
2026-09-05T13:15:06+00:00,2026,6-10,Compass Prep,"Wichita, KS",3,19,98,4,2,,,,,97,4,,239209,Miikka Muurinen,miikka-muurinen-239209,PF,PF,2026,201692,2027,on3_hs_commits,https://www.on3.com/college/arkansas-razorbacks/basketball/2026/commits/,KS,2026-04-27T09:00:00,Committed,Arkansas,arkansas,arkansas-razorbacks,200,/home/runner/work/ncaa-net-predictor/ncaa-net-predictor/data/raw/on3/hs_commits/2026/on3_hs_commits_2026_2026-09-05.json
2026-09-05T13:15:06+00:00,2026,6-2,Gillion Academy,"Melbourne, FL",76,295,85.30797101449275,3,13,,,62,,88,3,13,280529,Aaron McGee,aaron-mcgee-280529,SG,SG,2026,256653,2027,on3_hs_commits,https://www.on3.com/college/arkansas-state-red-wolves/basketball/2026/commits/,FL,2025-09-01T11:52:00,Committed,Arkansas State,arkansas state,arkansas-state-red-wolves,160,/home/runner/work/ncaa-net-predictor/ncaa-net-predictor/data/raw/on3/hs_commits/2026/on3_hs_commits_2026_2026-09-05.json
2026-09-05T13:15:06+00:00,2026,6-6,Mills University Studies,"Little Rock, AR",94,393,82.33333333333333,3,4,,,81,,87,3,4,281010,Anthony Hester,anthony-hester-281010,SG,SG,2026,257188,2027,on3_hs_commits,https://www.on3.com/college/arkansas-state-red-wolves/basketball/2026/commits/,AR,2025-09-18T21:18:00,Committed,Arkansas State,arkansas state,arkansas-state-red-wolves,200,/home/runner/work/ncaa-net-predictor/ncaa-net-predictor/data/raw/on3/hs_commits/2026/on3_hs_commits_2026_2026-09-05.json
2026-09-05T13:15:06+00:00,2026,6-5,SFA Academy,"Tampa, FL",66,256,86.16304347826086,3,35,,,53,,88,3,32,245631,Caleb Williams,caleb-williams-245631,SF,SF,2026,214223,2027,on3_hs_commits,https://www.on3.com/college/auburn-tigers/basketball/2026/commits/,FL,2025-10-24T14:00:00,Committed,Auburn,auburn,auburn-tigers,195,/home/runner/work/ncaa-net-predictor/ncaa-net-predictor/data/raw/on3/hs_commits/2026/on3_hs_commits_2026_2026-09-05.json
2026-09-05T13:15:06+00:00,2026,7-0,France,,,,,,,,,,,,,,287104,Narcisse Ngoy,narcisse-ngoy-287104,C,C,2026,268948,2027,on3_hs_commits,https://www.on3.com/college/auburn-tigers/basketball/2026/commits/,,2026-03-31T09:54:00,Committed,Auburn,auburn,auburn-tigers,,/home/runner/work/ncaa-net-predictor/ncaa-net-predictor/data/raw/on3/hs_commits/2026/on3_hs_commits_2026_2026-09-05.json
2026-09-05T13:15:06+00:00,2026,6-8,Zephyrhills Christian Academy,"Daytona Beach, FL",68,365,82.66666666666667,3,46,,,35,,88,3,36,259463,Alex Davis,alex-davis-259463,PF,PF,2026,234746,2027,on3_hs_commits,https://www.on3.com/college/austin-peay-governors/basketball/2026/commits/,FL,2026-03-28T12:31:00,Committed,Austin Peay,austin peay,austin-peay-governors,240,/home/runner/work/ncaa-net-predictor/ncaa-net-predictor/data/raw/on3/hs_commits/2026/on3_hs_commits_2026_2026-09-05.json
2026-09-05T13:15:06+00:00,2026,6-5,Winston Salem Christian School,"Kings Mountain, NC",11,296,85.30615942028986,3,14,,,9,,88,3,9,237680,Bradley Floyd,bradley-floyd-237680,CG,CG,2026,198122,2027,on3_hs_commits,https://www.on3.com/college/austin-peay-governors/basketball/2026/commits/,NC,2025-11-07T09:28:00,Committed,Austin Peay,austin peay,austin-peay-governors,,/home/runner/work/ncaa-net-predictor/ncaa-net-predictor/data/raw/on3/hs_commits/2026/on3_hs_commits_2026_2026-09-05.json
2026-09-05T13:15:06+00:00,2026,6-5,Casademont Zaragoza,Buenos Aires,83,335,83.55253623188405,3,,,,36,141,89,3,,244711,Felipe Minzer,felipe-minzer-244711,SG,SG,2026,212922,2027,on3_hs_commits,https://www.on3.com/college/austin-peay-governors/basketball/2026/commits/,,2026-04-10T13:47:00,Committed,Austin Peay,austin peay,austin-peay-governors,195,/home/runner/work/ncaa-net-predictor/ncaa-net-predictor/data/raw/on3/hs_commits/2026/on3_hs_commits_2026_2026-09-05.json
2026-09-05T13:15:06+00:00,2026,6-0,William J. Brennan,"San Antonio, TX",,,,0,,,,,,,,,246694,Talon Todd,talon-todd-246694,PG,PG,2026,216172,2027,on3_hs_commits,https://www.on3.com/college/austin-peay-governors/basketball/2026/commits/,TX,2025-06-04T16:10:00,Committed,Austin Peay,austin peay,austin-peay-governors,160,/home/runner/work/ncaa-net-predictor/ncaa-net-predictor/data/raw/on3/hs_commits/2026/on3_hs_commits_2026_2026-09-05.json
2026-09-05T13:15:06+00:00,2026,6-7,Zephyrhills Christian Academy,"Zephyrhills, FL",60,332,83.66666666666667,3,42,,,56,,87,3,41,280545,Traymaine Belanger,traymaine-belanger-280545,PF,PF,2026,256669,2027,on3_hs_commits,https://www.on3.com/college/austin-peay-governors/basketball/2026/commits/,FL,2025-10-22T12:01:00,Committed,Austin Peay,austin peay,austin-peay-governors,190,/home/runner/work/ncaa-net-predictor/ncaa-net-predictor/data/raw/on3/hs_commits/2026/on3_hs_commits_2026_2026-09-05.json
2026-09-05T13:15:06+00:00,2026,6-7,Prolific Prep,"Gilbert, AZ",2,6,98.62473118279571,5,2,,,2,4,98,5,2,244995,Bruce Branch III,bruce-branch-iii-244995,SF,SF,2026,213202,2027,on3_hs_commits,https://www.on3.com/college/byu-cougars/basketball/2026/commits/,AZ,2026-03-03T14:47:00,Signed,BYU,byu,byu-cougars,190,/home/runner/work/ncaa-net-predictor/ncaa-net-predictor/data/raw/on3/hs_commits/2026/on3_hs_commits_2026_2026-09-05.json
2026-09-05T13:15:06+00:00,2026,6-7,Timpview,"Provo, UT",29,82,93.25869565217391,4,3,,,25,69,93,4,3,237665,Dean Rueckert,dean-rueckert-237665,SF,SF,2026,198105,2027,on3_hs_commits,https://www.on3.com/college/byu-cougars/basketball/2026/commits/,UT,2025-08-04T20:35:00,Signed,BYU,byu,byu-cougars,185,/home/runner/work/ncaa-net-predictor/ncaa-net-predictor/data/raw/on3/hs_commits/2026/on3_hs_commits_2026_2026-09-05.json
2026-09-05T13:15:06+00:00,2026,6-5,sostines krepšinio,Vilnius,54,310,84.66666666666667,3,,,,,,94,4,,244871,Dovydas Buikas,dovydas-buikas-244871,PG,PG,2026,212911,2027,on3_hs_commits,https://www.on3.com/college/byu-cougars/basketball/2026/commits/,,2026-07-08T12:46:00,Committed,BYU,byu,byu-cougars,190,/home/runner/work/ncaa-net-predictor/ncaa-net-predictor/data/raw/on3/hs_commits/2026/on3_hs_commits_2026_2026-09-05.json
2026-09-05T13:15:06+00:00,2026,6-10,Timpview,"Provo, UT",47,347,83,3,10,,,26,,89,3,8,284744,Will Openshaw,will-openshaw-284744,C,C,2026,265437,2027,on3_hs_commits,https://www.on3.com/college/byu-cougars/basketball/2026/commits/,UT,2025-11-12T09:36:00,Signed,BYU,byu,byu-cougars,195,/home/runner/work/ncaa-net-predictor/ncaa-net-predictor/data/raw/on3/hs_commits/2026/on3_hs_commits_2026_2026-09-05.json
2026-09-05T13:15:06+00:00,2026,6-0,Eastern Hills,"Fort Worth, TX",81,323,84,3,25,,,69,,88,3,15,244448,Kamden McGilveary,kamden-mcgilveary-244448,SG,SG,2026,212300,2027,on3_hs_commits,https://www.on3.com/college/ball-state-cardinals/basketball/2026/commits/,TX,2026-04-16T12:40:00,Committed,Ball State,ball state,ball-state-cardinals,165,/home/runner/work/ncaa-net-predictor/ncaa-net-predictor/data/raw/on3/hs_commits/2026/on3_hs_commits_2026_2026-09-05.json
2026-09-05T13:15:06+00:00,2026,6-5,Long Island Lutheran,"Farmingdale, NY",1,10,98.48870967741937,5,1,,,1,7,98,5,1,179195,Dylan Mingo,dylan-mingo-179195,PG,PG,2026,191721,2027,on3_hs_commits,https://www.on3.com/college/baylor-bears/basketball/2026/commits/,NY,2026-04-27T16:36:00,Committed,Baylor,baylor,baylor-bears,190,/home/runner/work/ncaa-net-predictor/ncaa-net-predictor/data/raw/on3/hs_commits/2026/on3_hs_commits_2026_2026-09-05.json
2026-09-05T13:15:06+00:00,2026,6-6,TMI Episcopal,"Scottsdale, AZ",13,41,95.86195652173912,4,5,,,15,46,94,4,5,180967,Elijah Williams,elijah-williams-180967,SF,SF,2026,195113,2027,on3_hs_commits,https://www.on3.com/college/baylor-bears/basketball/2026/commits/,AZ,2025-05-27T11:01:00,Signed,Baylor,baylor,baylor-bears,195,/home/runner/work/ncaa-net-predictor/ncaa-net-predictor/data/raw/on3/hs_commits/2026/on3_hs_commits_2026_2026-09-05.json
2026-09-05T13:15:06+00:00,2026,6-9,Northside Christian School,"Saint Petersburg, FL",,,,,,,,,,,,,288644,Tegra Makabu,tegra-makabu-288644,PF,PF,2026,271799,2027,on3_hs_commits,https://www.on3.com/college/baylor-bears/basketball/2026/commits/,FL,2026-05-11T09:48:00,Committed,Baylor,baylor,baylor-bears,,/home/runner/work/ncaa-net-predictor/ncaa-net-predictor/data/raw/on3/hs_commits/2026/on3_hs_commits_2026_2026-09-05.json
2026-09-05T13:15:06+00:00,2026,6-6,Mount Si,"Snoqualmie, WA",71,281,85.64311594202898,3,5,,,48,,89,3,4,280528,Brady Hennig,brady-hennig-280528,SF,SF,2026,256652,2027,on3_hs_commits,https://www.on3.com/college/boise-state-broncos/basketball/2026/commits/,WA,2024-11-06T11:37:00,Committed,Boise State,boise state,boise-state-broncos,180,/home/runner/work/ncaa-net-predictor/ncaa-net-predictor/data/raw/on3/hs_commits/2026/on3_hs_commits_2026_2026-09-05.json
2026-09-05T13:15:06+00:00,2026,6-5,The Hotchkiss School,"Lakeville, CT",,,,,,,,,,,,,288663,Jordan Ghee,jordan-ghee-288663,CG,CG,2026,271832,2027,on3_hs_commits,https://www.on3.com/college/boston-college-eagles/basketball/2026/commits/,CT,2026-05-10T17:35:00,Committed,Boston College,boston college,boston-college-eagles,,/home/runner/work/ncaa-net-predictor/ncaa-net-predictor/data/raw/on3/hs_commits/2026/on3_hs_commits_2026_2026-09-05.json
2026-09-05T13:15:06+00:00,2026,6-7,KK Krka,Novo Mesto,,,,,,,,,,,,,285004,Zak Smrekar,zak-smrekar-285004,SF,SF,2026,265764,2027,on3_hs_commits,https://www.on3.com/college/boston-college-eagles/basketball/2026/commits/,,2026-04-16T12:20:00,Committed,Boston College,boston college,boston-college-eagles,195,/home/runner/work/ncaa-net-predictor/ncaa-net-predictor/data/raw/on3/hs_commits/2026/on3_hs_commits_2026_2026-09-05.json
2026-09-05T13:15:06+00:00,2026,6-9,St Andrew's School,"Middletown, DE",,,,0,,,,,,,,,245655,Darnell Lloyd,darnell-lloyd-245655,C,C,2026,214246,2027,on3_hs_commits,https://www.on3.com/college/boston-university-terriers/basketball/2026/commits/,DE,2025-09-24T15:15:00,Committed,Boston University,boston university,boston-university-terriers,195,/home/runner/work/ncaa-net-predictor/ncaa-net-predictor/data/raw/on3/hs_commits/2026/on3_hs_commits_2026_2026-09-05.json
2026-09-05T13:15:06+00:00,2026,6-7,BigTyme Sports Prep Academy,"Rockwall, TX",,,,,,,,,,,,,287335,Elijah Hayeems,elijah-hayeems-287335,PG,PG,2026,269529,2027,on3_hs_commits,https://www.on3.com/college/bryant-bulldogs/basketball/2026/commits/,TX,2025-11-07T10:59:00,Signed,Bryant University,bryant,bryant-bulldogs,190,/home/runner/work/ncaa-net-predictor/ncaa-net-predictor/data/raw/on3/hs_commits/2026/on3_hs_commits_2026_2026-09-05.json
2026-09-05T13:15:06+00:00,2026,6-5,Villages Charter School,"Umatilla, FL",30,121,91.47028985507248,4,21,,,27,113,90,4,19,242294,Herly Brutus,herly-brutus-242294,SG,SG,2026,209299,2027,on3_hs_commits,https://www.on3.com/college/butler-bulldogs/basketball/2026/commits/,FL,2026-04-07T21:15:00,Committed,Butler,butler,butler-bulldogs,180,/home/runner/work/ncaa-net-predictor/ncaa-net-predictor/data/raw/on3/hs_commits/2026/on3_hs_commits_2026_2026-09-05.json
2026-09-05T13:15:06+00:00,2026,7-0,Croatia,Zagreb,,,,,,,,,,,,,288172,Marco Maric,marco-maric-288172,C,C,2026,271256,2027,on3_hs_commits,https://www.on3.com/college/butler-bulldogs/basketball/2026/commits/,,2026-04-30T10:32:00,Committed,Butler,butler,butler-bulldogs,,/home/runner/work/ncaa-net-predictor/ncaa-net-predictor/data/raw/on3/hs_commits/2026/on3_hs_commits_2026_2026-09-05.json
2026-09-05T13:15:06+00:00,2026,6-5,The Phelps School,"Malvern, PA",68,257,86.14311594202898,3,5,,,58,,88,3,3,260069,Dionycius Bakare,dionycius-bakare-260069,SG,SG,2026,235594,2027,on3_hs_commits,https://www.on3.com/college/california-golden-bears/basketball/2026/commits/,PA,2025-10-22T11:19:00,Signed,California,california,california-golden-bears,170,/home/runner/work/ncaa-net-predictor/ncaa-net-predictor/data/raw/on3/hs_commits/2026/on3_hs_commits_2026_2026-09-05.json
2026-09-05T13:15:06+00:00,2026,6-6,Layton Christian Academy,"Lisle, IL",57,193,89.23333333333333,3,8,,,49,,89,3,7,237653,Gabriel Sularski,gabriel-sularski-237653,SF,SF,2026,198093,2027,on3_hs_commits,https://www.on3.com/college/california-golden-bears/basketball/2026/commits/,IL,2026-05-21T10:03:00,Committed,California,california,california-golden-bears,180,/home/runner/work/ncaa-net-predictor/ncaa-net-predictor/data/raw/on3/hs_commits/2026/on3_hs_commits_2026_2026-09-05.json
2026-09-05T13:15:06+00:00,2026,6-11,"Cambridge Arts, Technology and Science","Braintree, MA",32,232,87.41630434782608,3,7,,,14,115,90,4,4,260260,Nicolas Mitrovic,nicolas-mitrovic-260260,PF,PF,2026,235804,2027,on3_hs_commits,https://www.on3.com/college/california-golden-bears/basketball/2026/commits/,MA,2026-03-03T17:34:00,Committed,California,california,california-golden-bears,200,/home/runner/work/ncaa-net-predictor/ncaa-net-predictor/data/raw/on3/hs_commits/2026/on3_hs_commits_2026_2026-09-05.json
2026-09-05T13:15:06+00:00,2026,6-5,Waxahachie Faith Family Academy,"South Bend, IN",41,161,90.25471014492753,3,10,,,59,,88,3,14,237642,Steven Reynolds,steven-reynolds-237642,SG,SG,2026,198081,2027,on3_hs_commits,https://www.on3.com/college/california-baptist-lancers/basketball/2026/commits/,IN,2026-04-30T14:00:00,Committed,California Baptist University,cal baptist,california-baptist-lancers,175,/home/runner/work/ncaa-net-predictor/ncaa-net-predictor/data/raw/on3/hs_commits/2026/on3_hs_commits_2026_2026-09-05.json
2026-09-05T13:15:06+00:00,2026,6-8,Woodcreek,"Roseville, CA",33,273,85.7,3,27,,,47,,86,3,31,242258,Max VanLaningham,max-vanlaningham-242258,C,C,2026,209259,2027,on3_hs_commits,https://www.on3.com/college/long-beach-state-49ers/basketball/2026/commits/,CA,2025-10-01T09:15:00,Committed,California State University-Long Beach,long beach state,long-beach-state-49ers,215,/home/runner/work/ncaa-net-predictor/ncaa-net-predictor/data/raw/on3/hs_commits/2026/on3_hs_commits_2026_2026-09-05.json
2026-09-05T13:15:06+00:00,2026,6-6,Gill St Bernard S School,"Bayonne, NJ",,,,,,,,,,,,,261596,Dorsett Mulcahy,dorsett-mulcahy-261596,CG,CG,2026,237582,2027,on3_hs_commits,https://www.on3.com/college/canisius-golden-griffins/basketball/2026/commits/,NJ,2025-09-04T19:00:00,Committed,Canisius University,canisius,canisius-golden-griffins,,/home/runner/work/ncaa-net-predictor/ncaa-net-predictor/data/raw/on3/hs_commits/2026/on3_hs_commits_2026_2026-09-05.json
2026-09-05T13:15:06+00:00,2026,6-3,Legacy Early College,"Greenville, SC",,,,0,,,,,,,,,280534,Lance Barnes,lance-barnes-280534,CG,CG,2026,256658,2027,on3_hs_commits,https://www.on3.com/college/charlotte-49ers/basketball/2026/commits/,SC,2026-05-15T15:39:00,Committed,Charlotte,charlotte,charlotte-49ers,170,/home/runner/work/ncaa-net-predictor/ncaa-net-predictor/data/raw/on3/hs_commits/2026/on3_hs_commits_2026_2026-09-05.json
2026-09-05T13:15:06+00:00,2026,6-2,Sunrise Christian Academy,"Wichita, KS",,,,0,,,,,,,,,283158,Christian Matos,christian-matos-283158,CG,CG,2026,260228,2027,on3_hs_commits,https://www.on3.com/college/chattanooga-mocs/basketball/2026/commits/,KS,2026-04-27T11:53:00,Committed,Chattanooga,chattanooga,chattanooga-mocs,170,/home/runner/work/ncaa-net-predictor/ncaa-net-predictor/data/raw/on3/hs_commits/2026/on3_hs_commits_2026_2026-09-05.json
2026-09-05T13:15:06+00:00,2026,6-6,Wheeler,"Marietta, GA",,,,0,,,,,,,,,282157,Amare James,amare-james-282157,SG,SG,2026,258580,2027,on3_hs_commits,https://www.on3.com/college/clemson-tigers/basketball/2026/commits/,GA,2025-11-04T14:16:00,Signed,Clemson,clemson,clemson-tigers,190,/home/runner/work/ncaa-net-predictor/ncaa-net-predictor/data/raw/on3/hs_commits/2026/on3_hs_commits_2026_2026-09-05.json
2026-09-05T13:15:06+00:00,2026,6-5,St. Pius X,"Atlanta, GA",28,116,91.60688405797102,4,7,,,18,77,92,4,6,260685,Harris Reynolds,harris-reynolds-260685,SG,SG,2026,236313,2027,on3_hs_commits,https://www.on3.com/college/clemson-tigers/basketball/2026/commits/,GA,2025-10-17T14:35:00,Committed,Clemson,clemson,clemson-tigers,170,/home/runner/work/ncaa-net-predictor/ncaa-net-predictor/data/raw/on3/hs_commits/2026/on3_hs_commits_2026_2026-09-05.json
2026-09-05T13:15:06+00:00,2026,6-9,Davidson Day,"Davidson, NC",18,153,90.36014492753623,3,4,,,21,,89,3,4,240829,Will Stevens,will-stevens-240829,PF,PF,2026,205052,2027,on3_hs_commits,https://www.on3.com/college/clemson-tigers/basketball/2026/commits/,NC,2025-10-11T13:22:00,Signed,Clemson,clemson,clemson-tigers,200,/home/runner/work/ncaa-net-predictor/ncaa-net-predictor/data/raw/on3/hs_commits/2026/on3_hs_commits_2026_2026-09-05.json
2026-09-05T13:15:06+00:00,2026,6-1,Greenfield School,"Wilson, NC",7,184,89.63333333333334,3,8,,,10,,87,3,13,239041,Kobe Edwards,kobe-edwards-239041,CG,CG,2026,211799,2027,on3_hs_commits,https://www.on3.com/college/college-of-charleston-cougars/basketball/2026/commits/,NC,2026-05-02T14:44:00,Committed,College of Charleston,charleston,college-of-charleston-cougars,155,/home/runner/work/ncaa-net-predictor/ncaa-net-predictor/data/raw/on3/hs_commits/2026/on3_hs_commits_2026_2026-09-05.json
2026-09-05T13:15:06+00:00,2026,6-3,UC Senior Secondary College Lake Ginninderra,"Melbourne, VIC",,,,,,,,,,,,,286876,Alex Dickeson,alex-dickeson-286876,PG,PG,2026,268580,2027,on3_hs_commits,https://www.on3.com/college/colorado-buffaloes/basketball/2026/commits/,VIC,2026-03-25T09:35:00,Committed,Colorado,colorado,colorado-buffaloes,,/home/runner/work/ncaa-net-predictor/ncaa-net-predictor/data/raw/on3/hs_commits/2026/on3_hs_commits_2026_2026-09-05.json
2026-09-05T13:15:06+00:00,2026,6-4,Sunnyslope,"Phoenix, AZ",62,233,87.37137681159419,3,17,,,38,146,89,3,12,261534,Rider Portela,rider-portela-261534,SG,SG,2026,238175,2027,on3_hs_commits,https://www.on3.com/college/colorado-buffaloes/basketball/2026/commits/,AZ,2025-09-14T14:14:00,Committed,Colorado,colorado,colorado-buffaloes,,/home/runner/work/ncaa-net-predictor/ncaa-net-predictor/data/raw/on3/hs_commits/2026/on3_hs_commits_2026_2026-09-05.json
2026-09-05T13:15:06+00:00,2026,6-8,Regis Jesuit,"Aurora, CO",52,313,84.66666666666667,3,2,,,23,,89,3,1,261257,Eric Fiedler,eric-fiedler-261257,PF,PF,2026,237041,2027,on3_hs_commits,https://www.on3.com/college/colorado-state-rams/basketball/2026/commits/,CO,2025-07-27T15:07:00,Signed,Colorado State,colorado state,colorado-state-rams,200,/home/runner/work/ncaa-net-predictor/ncaa-net-predictor/data/raw/on3/hs_commits/2026/on3_hs_commits_2026_2026-09-05.json
2026-09-05T13:15:06+00:00,2026,6-1,Alexander,"Douglasville, GA",46,266,85.86594202898551,3,20,,,35,,88,3,12,260632,Gregory Dunson,gregory-dunson-260632,PG,PG,2026,236253,2027,on3_hs_commits,https://www.on3.com/college/colorado-state-rams/basketball/2026/commits/,GA,2025-09-16T14:17:00,Committed,Colorado State,colorado state,colorado-state-rams,185,/home/runner/work/ncaa-net-predictor/ncaa-net-predictor/data/raw/on3/hs_commits/2026/on3_hs_commits_2026_2026-09-05.json
2026-09-05T13:15:06+00:00,2026,6-9,Mt Spokane,"Mead, WA",41,263,85.89673913043477,3,4,,,24,,89,3,5,284379,Jaden Ghoreishi,jaden-ghoreishi-284379,PF,PF,2026,264976,2027,on3_hs_commits,https://www.on3.com/college/colorado-state-rams/basketball/2026/commits/,WA,2025-09-09T11:48:00,Signed,Colorado State,colorado state,colorado-state-rams,215,/home/runner/work/ncaa-net-predictor/ncaa-net-predictor/data/raw/on3/hs_commits/2026/on3_hs_commits_2026_2026-09-05.json
2026-09-05T13:15:06+00:00,2026,6-4,Overtime Elite,"Atlanta, GA",,,,0,,,,,,,,,280550,Trae Nunn,trae-nunn-280550,SF,SF,2026,256674,2027,on3_hs_commits,https://www.on3.com/college/columbia-lions/basketball/2026/commits/,GA,2025-10-12T15:59:00,Committed,Columbia,columbia,columbia-lions,205,/home/runner/work/ncaa-net-predictor/ncaa-net-predictor/data/raw/on3/hs_commits/2026/on3_hs_commits_2026_2026-09-05.json
2026-09-05T13:15:06+00:00,2026,6-6,Wheeler,"Alabaster, AL",8,30,97.16277466105656,4,2,,,7,21,97,4,1,241003,Colben Landrew,colben-landrew-241003,SG,SG,2026,205254,2027,on3_hs_commits,https://www.on3.com/college/connecticut-huskies/basketball/2026/commits/,AL,2025-10-15T13:34:00,Signed,Connecticut,connecticut,connecticut-huskies,225,/home/runner/work/ncaa-net-predictor/ncaa-net-predictor/data/raw/on3/hs_commits/2026/on3_hs_commits_2026_2026-09-05.json
2026-09-05T13:15:06+00:00,2026,6-4,Wasatch Academy,"Salt Lake City, UT",7,49,95.07934782608696,4,2,,,7,49,94,4,2,237566,Junior County,junior-county-237566,PG,PG,2026,197904,2027,on3_hs_commits,https://www.on3.com/college/connecticut-huskies/basketball/2026/commits/,UT,2025-10-02T11:02:00,Signed,Connecticut,connecticut,connecticut-huskies,180,/home/runner/work/ncaa-net-predictor/ncaa-net-predictor/data/raw/on3/hs_commits/2026/on3_hs_commits_2026_2026-09-05.json
2026-09-05T13:15:06+00:00,2026,6-4,Wasatch Academy,"Seattle, WA",20,89,93.02826086956523,4,4,,,31,124,89,3,5,175808,Katrelle Harmon,katrelle-harmon-175808,SG,SG,2026,198112,2027,on3_hs_commits,https://www.on3.com/college/creighton-bluejays/basketball/2026/commits/,WA,2025-08-09T19:03:00,Signed,Creighton,creighton,creighton-bluejays,180,/home/runner/work/ncaa-net-predictor/ncaa-net-predictor/data/raw/on3/hs_commits/2026/on3_hs_commits_2026_2026-09-05.json
2026-09-05T13:15:06+00:00,2026,6-10,SoCal Academy,"Paso Robles, CA",22,140,90.95615942028986,3,11,,,23,145,89,3,14,250476,Trevon Carter-Givens,trevon-carter-givens-250476,C,C,2026,224442,2027,on3_hs_commits,https://www.on3.com/college/creighton-bluejays/basketball/2026/commits/,CA,2026-05-05T11:02:00,Committed,Creighton,creighton,creighton-bluejays,185,/home/runner/work/ncaa-net-predictor/ncaa-net-predictor/data/raw/on3/hs_commits/2026/on3_hs_commits_2026_2026-09-05.json
2026-09-05T13:15:06+00:00,2026,6-6,SPIRE Academy,"Colonia, NJ",19,78,93.46630434782608,4,5,,,22,85,92,4,5,163229,Aiden Derkack,aiden-derkack-163229,SG,SG,2026,180436,2027,on3_hs_commits,https://www.on3.com/college/dayton-flyers/basketball/2026/commits/,NJ,2026-03-22T12:01:00,Committed,Dayton,dayton,dayton-flyers,175,/home/runner/work/ncaa-net-predictor/ncaa-net-predictor/data/raw/on3/hs_commits/2026/on3_hs_commits_2026_2026-09-05.json
2026-09-05T13:15:06+00:00,2026,6-10,Davidson Day,"Matthews, NC",12,113,91.76920289855073,4,2,,,17,140,89,3,2,238804,Cody Peck,cody-peck-238804,PF,PF,2026,199900,2027,on3_hs_commits,https://www.on3.com/college/dayton-flyers/basketball/2026/commits/,NC,2026-04-02T15:15:00,Committed,Dayton,dayton,dayton-flyers,205,/home/runner/work/ncaa-net-predictor/ncaa-net-predictor/data/raw/on3/hs_commits/2026/on3_hs_commits_2026_2026-09-05.json
2026-09-05T13:15:06+00:00,2026,6-4,Margaretta,"Castalia, OH",71,267,85.85688405797102,3,9,,,51,,88,3,8,282052,Julian Washington,julian-washington-282052,SG,SG,2026,258442,2027,on3_hs_commits,https://www.on3.com/college/dayton-flyers/basketball/2026/commits/,OH,2025-10-24T17:01:00,Committed,Dayton,dayton,dayton-flyers,170,/home/runner/work/ncaa-net-predictor/ncaa-net-predictor/data/raw/on3/hs_commits/2026/on3_hs_commits_2026_2026-09-05.json
2026-09-05T13:15:06+00:00,2026,6-9,Kaukauna,"Kaukauna, WI",64,353,82.66666666666667,3,4,,,41,,88,3,4,244447,Andrew Jensen,andrew-jensen-244447,PF,PF,2026,212299,2027,on3_hs_commits,https://www.on3.com/college/depaul-blue-demons/basketball/2026/commits/,WI,2025-07-22T18:33:00,Signed,DePaul,depaul,depaul-blue-demons,205,/home/runner/work/ncaa-net-predictor/ncaa-net-predictor/data/raw/on3/hs_commits/2026/on3_hs_commits_2026_2026-09-05.json
2026-09-05T13:15:06+00:00,2026,6-4,Oswego East,"Oswego, IL",90,363,82.66666666666667,3,8,,,70,,88,3,2,247914,Mason Lockett,mason-lockett-247914,SG,SG,2026,219964,2027,on3_hs_commits,https://www.on3.com/college/depaul-blue-demons/basketball/2026/commits/,IL,2025-08-03T15:29:00,Signed,DePaul,depaul,depaul-blue-demons,,/home/runner/work/ncaa-net-predictor/ncaa-net-predictor/data/raw/on3/hs_commits/2026/on3_hs_commits_2026_2026-09-05.json
2026-09-05T13:15:06+00:00,2026,6-7,Plainfield,"Plainfield, IN",45,149,90.41847826086958,3,4,,,41,133,89,3,5,245486,Noah Smith,noah-smith-245486,SF,SF,2026,214021,2027,on3_hs_commits,https://www.on3.com/college/depaul-blue-demons/basketball/2026/commits/,IN,2025-08-04T14:42:00,Committed,DePaul,depaul,depaul-blue-demons,200,/home/runner/work/ncaa-net-predictor/ncaa-net-predictor/data/raw/on3/hs_commits/2026/on3_hs_commits_2026_2026-09-05.json
2026-09-05T13:15:06+00:00,2026,6-6,Totino-Grace,"Minneapolis, MN",22,190,89.38695652173914,3,2,,,34,,88,3,5,237647,Dothan Ijadimbola,dothan-ijadimbola-237647,PF,PF,2026,198086,2027,on3_hs_commits,https://www.on3.com/college/drake-bulldogs/basketball/2026/commits/,MN,2025-08-04T16:23:00,Committed,Drake,drake,drake-bulldogs,180,/home/runner/work/ncaa-net-predictor/ncaa-net-predictor/data/raw/on3/hs_commits/2026/on3_hs_commits_2026_2026-09-05.json
2026-09-05T13:15:06+00:00,2026,6-7,Union,"Tulsa, OK",45,340,83.33333333333333,3,4,,,37,,87,3,2,282047,Miles Flemons,miles-flemons-282047,C,C,2026,258437,2027,on3_hs_commits,https://www.on3.com/college/drake-bulldogs/basketball/2026/commits/,OK,2025-09-15T14:40:00,Committed,Drake,drake,drake-bulldogs,255,/home/runner/work/ncaa-net-predictor/ncaa-net-predictor/data/raw/on3/hs_commits/2026/on3_hs_commits_2026_2026-09-05.json
2026-09-05T13:15:06+00:00,2026,6-5,Heritage,"Frisco, TX",7,28,97.22016129032258,4,3,,,6,18,97,4,2,259054,Bryson Howard,bryson-howard-259054,SG,SG,2026,234156,2027,on3_hs_commits,https://www.on3.com/college/duke-blue-devils/basketball/2026/commits/,TX,2025-10-21T15:39:00,Signed,Duke,duke,duke-blue-devils,195,/home/runner/work/ncaa-net-predictor/ncaa-net-predictor/data/raw/on3/hs_commits/2026/on3_hs_commits_2026_2026-09-05.json
2026-09-05T13:15:06+00:00,2026,6-11,St. Mary's,"Phoenix, AZ",1,5,98.63548387096775,5,1,,,1,6,98,5,1,242281,Cam Williams,cam-williams-242281,PF,PF,2026,209283,2027,on3_hs_commits,https://www.on3.com/college/duke-blue-devils/basketball/2026/commits/,AZ,2025-11-14T13:49:00,Signed,Duke,duke,duke-blue-devils,200,/home/runner/work/ncaa-net-predictor/ncaa-net-predictor/data/raw/on3/hs_commits/2026/on3_hs_commits_2026_2026-09-05.json
2026-09-05T13:15:06+00:00,2026,6-1,Blair Academy,"Brooklyn, NY",2,16,98.34569892473118,4,1,,,2,12,98,5,1,180966,Deron Rippey Jr.,deron-rippey-jr-180966,PG,PG,2026,195112,2027,on3_hs_commits,https://www.on3.com/college/duke-blue-devils/basketball/2026/commits/,NY,2025-12-30T15:04:00,Committed,Duke,duke,duke-blue-devils,175,/home/runner/work/ncaa-net-predictor/ncaa-net-predictor/data/raw/on3/hs_commits/2026/on3_hs_commits_2026_2026-09-05.json
2026-09-05T13:15:06+00:00,2026,6-11,FC Barcelona Lassa B,Barcelona,1,4,98.66666666666667,5,,,,,,99,5,,249696,Joaquim Boumtje-Boumtje,joaquim-boumtje-boumtje-249696,C,C,2026,222605,2027,on3_hs_commits,https://www.on3.com/college/duke-blue-devils/basketball/2026/commits/,,2026-04-30T08:42:00,Committed,Duke,duke,duke-blue-devils,,/home/runner/work/ncaa-net-predictor/ncaa-net-predictor/data/raw/on3/hs_commits/2026/on3_hs_commits_2026_2026-09-05.json
2026-09-05T13:15:06+00:00,2026,7-1,IMG Academy,"Toronto, ON",19,127,91.25289855072464,3,23,,,21,132,89,3,22,246115,Maxime Meyer,maxime-meyer-246115,C,C,2026,215149,2027,on3_hs_commits,https://www.on3.com/college/duke-blue-devils/basketball/2026/commits/,ON,2025-10-30T12:21:00,Signed,Duke,duke,duke-blue-devils,,/home/runner/work/ncaa-net-predictor/ncaa-net-predictor/data/raw/on3/hs_commits/2026/on3_hs_commits_2026_2026-09-05.json
2026-09-05T13:15:06+00:00,2026,6-6,Blue Ridge School,"Dyke, VA",65,254,86.17753623188405,3,12,,,,,88,3,,260006,Dreylan Creasy,dreylan-creasy-260006,SF,SF,2026,235520,2027,on3_hs_commits,https://www.on3.com/college/east-carolina-pirates/basketball/2026/commits/,VA,2025-10-07T11:08:00,Committed,East Carolina,east carolina,east-carolina-pirates,185,/home/runner/work/ncaa-net-predictor/ncaa-net-predictor/data/raw/on3/hs_commits/2026/on3_hs_commits_2026_2026-09-05.json
2026-09-05T13:15:06+00:00,2026,7-1,AS Monaco,,,,,,,,,,,,,,286743,Maxim Klitschko,maxim-klitschko-286743,C,C,2026,268419,2027,on3_hs_commits,https://www.on3.com/college/east-carolina-pirates/basketball/2026/commits/,,2026-05-07T16:36:00,Committed,East Carolina,east carolina,east-carolina-pirates,240,/home/runner/work/ncaa-net-predictor/ncaa-net-predictor/data/raw/on3/hs_commits/2026/on3_hs_commits_2026_2026-09-05.json
2026-09-05T13:15:06+00:00,2026,6-7,Dynamic Prep,"Columbia, SC",47,288,85.33333333333333,3,20,,,67,,86,3,32,163211,Elton Smith,elton-smith-163211,PF,PF,2026,180411,2027,on3_hs_commits,https://www.on3.com/college/east-tennessee-state-buccaneers/basketball/2026/commits/,SC,2026-05-13T16:34:00,Committed,East Tennessee State,east tennessee state,east-tennessee-state-buccaneers,205,/home/runner/work/ncaa-net-predictor/ncaa-net-predictor/data/raw/on3/hs_commits/2026/on3_hs_commits_2026_2026-09-05.json
2026-09-05T13:15:06+00:00,2026,6-7,Tri-Cities,"Thomasville, GA",48,170,89.98297101449275,3,12,,,62,,88,3,16,237677,Jalan Wingfield,jalan-wingfield-237677,SF,SF,2026,198119,2027,on3_hs_commits,https://www.on3.com/college/fiu-golden-panthers/basketball/2026/commits/,GA,2026-05-04T09:26:00,Committed,FIU,fiu,fiu-golden-panthers,220,/home/runner/work/ncaa-net-predictor/ncaa-net-predictor/data/raw/on3/hs_commits/2026/on3_hs_commits_2026_2026-09-05.json
2026-09-05T13:15:06+00:00,2026,6-2,IMG Academy,"Martinsville, VA",4,123,91.28586956521738,4,22,,,5,,89,3,25,237668,Trey Beamer,trey-beamer-237668,CG,CG,2026,198108,2027,on3_hs_commits,https://www.on3.com/college/fiu-golden-panthers/basketball/2026/commits/,VA,2026-04-24T10:06:00,Committed,FIU,fiu,fiu-golden-panthers,165,/home/runner/work/ncaa-net-predictor/ncaa-net-predictor/data/raw/on3/hs_commits/2026/on3_hs_commits_2026_2026-09-05.json
2026-09-05T13:15:06+00:00,2026,7-0,Moravian Prep,"Tabor City, NC",35,275,85.7,3,13,,,25,,89,3,3,260399,Jones Lay,jones-lay-260399,C,C,2026,235981,2027,on3_hs_commits,https://www.on3.com/college/florida-gators/basketball/2026/commits/,NC,2025-09-09T18:59:00,Signed,Florida,florida,florida-gators,230,/home/runner/work/ncaa-net-predictor/ncaa-net-predictor/data/raw/on3/hs_commits/2026/on3_hs_commits_2026_2026-09-05.json
2026-09-05T13:15:06+00:00,2026,6-5,Columbus,"Bradenton, FL",24,103,92.28333333333333,4,18,,,28,116,90,4,20,237681,Felipe Quinones,felipe-quinones-237681,SG,SG,2026,198123,2027,on3_hs_commits,https://www.on3.com/college/florida-atlantic-owls/basketball/2026/commits/,FL,2025-10-27T09:03:00,Committed,Florida Atlantic,florida atlantic,florida-atlantic-owls,180,/home/runner/work/ncaa-net-predictor/ncaa-net-predictor/data/raw/on3/hs_commits/2026/on3_hs_commits_2026_2026-09-05.json
2026-09-05T13:15:06+00:00,2026,6-4,Windermere Prep,"Orlando, FL",3,112,91.78369565217392,4,20,,,3,101,91,4,16,237639,Brandon Bass Jr.,brandon-bass-jr-237639,CG,CG,2026,198079,2027,on3_hs_commits,https://www.on3.com/college/florida-state-seminoles/basketball/2026/commits/,FL,2025-09-04T14:00:00,Signed,Florida State,florida state,florida-state-seminoles,185,/home/runner/work/ncaa-net-predictor/ncaa-net-predictor/data/raw/on3/hs_commits/2026/on3_hs_commits_2026_2026-09-05.json
2026-09-05T13:15:06+00:00,2026,6-7,Calvary Christian Academy,"Palm Beach, FL",41,133,91.18949275362318,3,24,,,43,139,89,3,24,244073,Collin Paul,collin-paul-244073,SF,SF,2026,211796,2027,on3_hs_commits,https://www.on3.com/college/florida-state-seminoles/basketball/2026/commits/,FL,2025-09-03T19:14:00,Signed,Florida State,florida state,florida-state-seminoles,225,/home/runner/work/ncaa-net-predictor/ncaa-net-predictor/data/raw/on3/hs_commits/2026/on3_hs_commits_2026_2026-09-05.json
2026-09-05T13:15:06+00:00,2026,6-5,Italy,,,,,,,,,,,,,,287778,Elisee Assui,elisee-assui-287778,SF,SF,2026,270709,2027,on3_hs_commits,https://www.on3.com/college/florida-state-seminoles/basketball/2026/commits/,,2026-04-22T09:10:00,Committed,Florida State,florida state,florida-state-seminoles,,/home/runner/work/ncaa-net-predictor/ncaa-net-predictor/data/raw/on3/hs_commits/2026/on3_hs_commits_2026_2026-09-05.json
2026-09-05T13:15:06+00:00,2026,6-5,Phoenix Country Day School,"Phoenix, AZ",,,,,,,,,,,,,282065,JD Jones,jd-jones-282065,SF,SF,2026,258452,2027,on3_hs_commits,https://www.on3.com/college/florida-state-seminoles/basketball/2026/commits/,AZ,2026-04-16T12:34:00,Committed,Florida State,florida state,florida-state-seminoles,205,/home/runner/work/ncaa-net-predictor/ncaa-net-predictor/data/raw/on3/hs_commits/2026/on3_hs_commits_2026_2026-09-05.json
2026-09-05T13:15:06+00:00,2026,6-0,Chaminade-Madonna Prep,"Miami, FL",43,253,86.19094202898552,3,34,,,,,,,,179548,Jasen Lopez,jasen-lopez-179548,PG,PG,2026,214195,2027,on3_hs_commits,https://www.on3.com/college/florida-state-seminoles/basketball/2026/commits/,FL,2025-06-26T18:04:00,Committed,Florida State,florida state,florida-state-seminoles,170,/home/runner/work/ncaa-net-predictor/ncaa-net-predictor/data/raw/on3/hs_commits/2026/on3_hs_commits_2026_2026-09-05.json
2026-09-05T13:15:06+00:00,2026,6-10,Gillion Academy,"Miami, FL",7,46,95.14710144927537,4,3,,,8,55,94,4,3,180536,Marcis Ponder,marcis-ponder-180536,C,C,2026,194566,2027,on3_hs_commits,https://www.on3.com/college/florida-state-seminoles/basketball/2026/commits/,FL,2025-07-29T10:58:00,Signed,Florida State,florida state,florida-state-seminoles,275,/home/runner/work/ncaa-net-predictor/ncaa-net-predictor/data/raw/on3/hs_commits/2026/on3_hs_commits_2026_2026-09-05.json
2026-09-05T13:15:06+00:00,2026,6-2,Academy of Central Florida,"Melbourne, FL",2,91,92.83514492753623,4,15,,,2,93,91,4,15,242288,Martay Barnes,martay-barnes-242288,CG,CG,2026,209292,2027,on3_hs_commits,https://www.on3.com/college/florida-state-seminoles/basketball/2026/commits/,FL,2026-02-26T14:29:00,Signed,Florida State,florida state,florida-state-seminoles,170,/home/runner/work/ncaa-net-predictor/ncaa-net-predictor/data/raw/on3/hs_commits/2026/on3_hs_commits_2026_2026-09-05.json
2026-09-05T13:15:06+00:00,2026,6-3,Archbishop Stepinac,"White Plains, NY",9,202,89.08623188405797,3,9,,,6,,88,3,9,240253,Hassan Koureissi,hassan-koureissi-240253,CG,CG,2026,204091,2027,on3_hs_commits,https://www.on3.com/college/fordham-rams/basketball/2026/commits/,NY,2025-09-29T12:00:00,Committed,Fordham,fordham,fordham-rams,165,/home/runner/work/ncaa-net-predictor/ncaa-net-predictor/data/raw/on3/hs_commits/2026/on3_hs_commits_2026_2026-09-05.json
2026-09-05T13:15:06+00:00,2026,5-10,Spartanburg,"Spartanburg, SC",,,,,,,,,,,,,292462,Johnston Abrams,johnston-abrams-292462,PG,PG,2026,275789,2027,on3_hs_commits,https://www.on3.com/college/francis-marion-patriots/basketball/2026/commits/,SC,,Signed,Francis Marion University,francis marion university,francis-marion-patriots,160,/home/runner/work/ncaa-net-predictor/ncaa-net-predictor/data/raw/on3/hs_commits/2026/on3_hs_commits_2026_2026-09-05.json
2026-09-05T13:15:06+00:00,2026,6-8,PHHoenix Prep,"Phoenix, AZ",72,391,82.33333333333333,3,20,,,53,,87,3,17,247916,Anthony Granger,anthony-granger-247916,PF,PF,2026,219966,2027,on3_hs_commits,https://www.on3.com/college/fresno-state-bulldogs/basketball/2026/commits/,AZ,2026-02-22T09:57:00,Committed,Fresno State,fresno state,fresno-state-bulldogs,,/home/runner/work/ncaa-net-predictor/ncaa-net-predictor/data/raw/on3/hs_commits/2026/on3_hs_commits_2026_2026-09-05.json
2026-09-05T13:15:06+00:00,2026,6-7,Sandra Day O'Connor,"Glendale, AZ",,,,,,,,,,,,,287712,Rylan Parsley,rylan-parsley-287712,SF,SF,2026,270590,2027,on3_hs_commits,https://www.on3.com/college/fresno-state-bulldogs/basketball/2026/commits/,AZ,2026-04-20T09:04:00,Committed,Fresno State,fresno state,fresno-state-bulldogs,180,/home/runner/work/ncaa-net-predictor/ncaa-net-predictor/data/raw/on3/hs_commits/2026/on3_hs_commits_2026_2026-09-05.json
2026-09-05T13:15:06+00:00,2026,6-5,Winder-Barrow,"Athens, GA",,,,,,,,,,,,,260588,Jerrin Samuel,jerrin-samuel-260588,,,2026,236199,2027,on3_hs_commits,https://www.on3.com/college/furman-paladins/basketball/2026/commits/,GA,2026-05-02T02:54:44,Committed,Furman,furman,furman-paladins,183,/home/runner/work/ncaa-net-predictor/ncaa-net-predictor/data/raw/on3/hs_commits/2026/on3_hs_commits_2026_2026-09-05.json
2026-09-05T13:15:06+00:00,2026,6-3,Overtime Elite,"Atlanta, GA",96,396,82.33333333333333,3,26,,,84,,87,3,21,282049,Peyton Miller,peyton-miller-282049,SG,SG,2026,258439,2027,on3_hs_commits,https://www.on3.com/college/george-mason-patriots/basketball/2026/commits/,GA,2025-09-25T15:17:00,Committed,George Mason,george mason,george-mason-patriots,180,/home/runner/work/ncaa-net-predictor/ncaa-net-predictor/data/raw/on3/hs_commits/2026/on3_hs_commits_2026_2026-09-05.json
2026-09-05T13:15:06+00:00,2026,6-8,Hargrave Military Academy (HS),"Lanham, MD",40,124,91.28442028985506,4,8,,,35,95,91,4,7,244076,Shane Pendergrass,shane-pendergrass-244076,SF,SF,2026,211800,2027,on3_hs_commits,https://www.on3.com/college/george-mason-patriots/basketball/2026/commits/,MD,2025-09-19T15:00:00,Committed,George Mason,george mason,george-mason-patriots,200,/home/runner/work/ncaa-net-predictor/ncaa-net-predictor/data/raw/on3/hs_commits/2026/on3_hs_commits_2026_2026-09-05.json
2026-09-05T13:15:06+00:00,2026,6-9,The Fayetteville Academy,"Fayetteville, NC",19,154,90.35833333333333,3,5,,,22,,89,3,7,237650,Justin Caldwell,justin-caldwell-237650,PF,PF,2026,198090,2027,on3_hs_commits,https://www.on3.com/college/georgetown-hoyas/basketball/2026/commits/,NC,2025-08-01T12:00:00,Committed,Georgetown,georgetown,georgetown-hoyas,235,/home/runner/work/ncaa-net-predictor/ncaa-net-predictor/data/raw/on3/hs_commits/2026/on3_hs_commits_2026_2026-09-05.json
2026-09-05T13:15:06+00:00,2026,6-11,NBA Academy Africa,Owerri,40,300,85,3,,,,,,95,4,,246055,David Ugonna Ike,david-ugonna-ike-246055,C,C,2026,215067,2027,on3_hs_commits,https://www.on3.com/college/georgia-bulldogs/basketball/2026/commits/,,2026-04-16T12:46:00,Signed,Georgia,georgia,georgia-bulldogs,230,/home/runner/work/ncaa-net-predictor/ncaa-net-predictor/data/raw/on3/hs_commits/2026/on3_hs_commits_2026_2026-09-05.json
2026-09-05T13:15:06+00:00,2026,6-1,Oak Hill Academy,"Orlando, FL",31,192,89.24818840579711,3,9,,,23,,89,3,11,239409,Donovan Williams,donovan-williams-239409,PG,PG,2026,202255,2027,on3_hs_commits,https://www.on3.com/college/georgia-bulldogs/basketball/2026/commits/,FL,2026-05-05T15:30:00,Committed,Georgia,georgia,georgia-bulldogs,175,/home/runner/work/ncaa-net-predictor/ncaa-net-predictor/data/raw/on3/hs_commits/2026/on3_hs_commits_2026_2026-09-05.json
2026-09-05T13:15:06+00:00,2026,6-10,IMG Academy,"Marietta, GA",42,269,85.84782608695652,3,36,,,38,,88,3,37,245660,Hakeem Weems,hakeem-weems-245660,PF,PF,2026,214252,2027,on3_hs_commits,https://www.on3.com/college/georgia-bulldogs/basketball/2026/commits/,GA,2026-05-06T11:27:00,Committed,Georgia,georgia,georgia-bulldogs,175,/home/runner/work/ncaa-net-predictor/ncaa-net-predictor/data/raw/on3/hs_commits/2026/on3_hs_commits_2026_2026-09-05.json
2026-09-05T13:15:06+00:00,2026,6-8,Iowa United Prep,"Norwalk, IA",73,287,85.54166666666667,3,5,,,,,87,3,,288758,Mading Kuany,mading-kuany-288758,SF,SF,2026,271937,2027,on3_hs_commits,https://www.on3.com/college/georgia-bulldogs/basketball/2026/commits/,IA,2026-05-13T13:06:00,Committed,Georgia,georgia,georgia-bulldogs,190,/home/runner/work/ncaa-net-predictor/ncaa-net-predictor/data/raw/on3/hs_commits/2026/on3_hs_commits_2026_2026-09-05.json
2026-09-05T13:15:06+00:00,2026,6-7,Winston Salem Christian School,"Rock Hill, SC",,,,0,,,,,,,,,242270,Elton James,elton-james-242270,PF,PF,2026,209273,2027,on3_hs_commits,https://www.on3.com/college/georgia-southern-eagles/basketball/2026/commits/,SC,2025-11-19T15:35:00,Signed,Georgia Southern,georgia southern,georgia-southern-eagles,200,/home/runner/work/ncaa-net-predictor/ncaa-net-predictor/data/raw/on3/hs_commits/2026/on3_hs_commits_2026_2026-09-05.json
2026-09-05T13:15:06+00:00,2026,6-6,Tennessee Collegiate Academy,"Memphis, TN",30,220,88.29166666666667,3,8,,,55,,87,3,11,237615,Keeper Jackson,keeper-jackson-237615,PF,PF,2026,198016,2027,on3_hs_commits,https://www.on3.com/college/georgia-state-panthers/basketball/2026/commits/,TN,2026-04-12T16:52:00,Committed,Georgia State,georgia state,georgia-state-panthers,180,/home/runner/work/ncaa-net-predictor/ncaa-net-predictor/data/raw/on3/hs_commits/2026/on3_hs_commits_2026_2026-09-05.json
2026-09-05T13:15:06+00:00,2026,6-1,Lee-Scott Academy,"Opelika, AL",,,,,,,,,,,,,287399,Haiden Harper,haiden-harper-287399,PG,PG,2026,269869,2027,on3_hs_commits,https://www.on3.com/college/georgia-tech-yellow-jackets/basketball/2026/commits/,AL,2026-04-09T14:37:00,Committed,Georgia Tech,georgia tech,georgia-tech-yellow-jackets,165,/home/runner/work/ncaa-net-predictor/ncaa-net-predictor/data/raw/on3/hs_commits/2026/on3_hs_commits_2026_2026-09-05.json
2026-09-05T13:15:06+00:00,2026,6-2,Santa Margarita Catholic,"Irvine, CA",26,163,90.24565217391304,3,18,,,28,,88,3,18,241016,Kaiden Bailey,kaiden-bailey-241016,PG,PG,2026,205268,2027,on3_hs_commits,https://www.on3.com/college/georgia-tech-yellow-jackets/basketball/2026/commits/,CA,2026-04-18T15:19:00,Signed,Georgia Tech,georgia tech,georgia-tech-yellow-jackets,175,/home/runner/work/ncaa-net-predictor/ncaa-net-predictor/data/raw/on3/hs_commits/2026/on3_hs_commits_2026_2026-09-05.json
2026-09-05T13:15:06+00:00,2026,6-5,Long Island Lutheran,"Lilburn, GA",17,73,93.53768115942029,4,5,,,14,65,93,4,5,236697,Kayden Allen,kayden-allen-236697,SG,SG,2026,196361,2027,on3_hs_commits,https://www.on3.com/college/georgia-tech-yellow-jackets/basketball/2026/commits/,GA,2026-04-14T14:29:00,Signed,Georgia Tech,georgia tech,georgia-tech-yellow-jackets,200,/home/runner/work/ncaa-net-predictor/ncaa-net-predictor/data/raw/on3/hs_commits/2026/on3_hs_commits_2026_2026-09-05.json
2026-09-05T13:15:06+00:00,2026,6-10,Overtime Elite,"Marietta, GA",16,118,91.5358695652174,4,8,,,15,94,91,4,8,237645,Moustapha Diop,moustapha-diop-237645,C,C,2026,198084,2027,on3_hs_commits,https://www.on3.com/college/georgia-tech-yellow-jackets/basketball/2026/commits/,GA,2026-04-17T13:37:00,Signed,Georgia Tech,georgia tech,georgia-tech-yellow-jackets,215,/home/runner/work/ncaa-net-predictor/ncaa-net-predictor/data/raw/on3/hs_commits/2026/on3_hs_commits_2026_2026-09-05.json
2026-09-05T13:15:06+00:00,2026,6-5,Link Academy,"Downingtown, PA",21,62,94.34094202898552,4,6,,,21,59,93,4,5,241160,Luca Foster,luca-foster-241160,SF,SF,2026,205450,2027,on3_hs_commits,https://www.on3.com/college/gonzaga-bulldogs/basketball/2026/commits/,PA,2025-10-25T17:03:00,Signed,Gonzaga University,gonzaga,gonzaga-bulldogs,185,/home/runner/work/ncaa-net-predictor/ncaa-net-predictor/data/raw/on3/hs_commits/2026/on3_hs_commits_2026_2026-09-05.json
2026-09-05T13:15:06+00:00,2026,6-11,Germantown,"Gluckstadt, MS",15,110,91.85833333333333,4,1,,,13,82,92,4,1,158336,Sam Funches,sam-funches-158336,C,C,2026,177344,2027,on3_hs_commits,https://www.on3.com/college/gonzaga-bulldogs/basketball/2026/commits/,MS,2025-10-17T10:25:00,Signed,Gonzaga University,gonzaga,gonzaga-bulldogs,205,/home/runner/work/ncaa-net-predictor/ncaa-net-predictor/data/raw/on3/hs_commits/2026/on3_hs_commits_2026_2026-09-05.json
2026-09-05T13:15:06+00:00,2026,6-6,BigTyme Sports Prep Academy,"Rockwall, TX",,,,,,,,,,,,,287329,Zion Ibekwe,zion-ibekwe-287329,SF,SF,2026,269520,2027,on3_hs_commits,https://www.on3.com/college/hampton-pirates/basketball/2026/commits/,TX,2025-11-07T10:49:00,Signed,Hampton,hampton,hampton-pirates,190,/home/runner/work/ncaa-net-predictor/ncaa-net-predictor/data/raw/on3/hs_commits/2026/on3_hs_commits_2026_2026-09-05.json
2026-09-05T13:15:06+00:00,2026,6-4,Columbus Academy,"Columbus, OH",40,159,90.27282608695651,3,7,,,52,,88,3,9,249923,Jason Singleton,jason-singleton-249923,SG,SG,2026,222856,2027,on3_hs_commits,https://www.on3.com/college/harvard-crimson/basketball/2026/commits/,OH,2025-09-07T14:59:00,Committed,Harvard,harvard,harvard-crimson,,/home/runner/work/ncaa-net-predictor/ncaa-net-predictor/data/raw/on3/hs_commits/2026/on3_hs_commits_2026_2026-09-05.json
2026-09-05T13:15:06+00:00,2026,6-11,Greensboro Day School,"Chapel Hill, NC",,,,,,,,,,,,,282407,Julian Adigun,julian-adigun-282407,C,C,2026,258909,2027,on3_hs_commits,https://www.on3.com/college/harvard-crimson/basketball/2026/commits/,NC,2025-09-13T12:19:00,Committed,Harvard,harvard,harvard-crimson,220,/home/runner/work/ncaa-net-predictor/ncaa-net-predictor/data/raw/on3/hs_commits/2026/on3_hs_commits_2026_2026-09-05.json
2026-09-05T13:15:06+00:00,2026,6-2,Pope John Paul II,"Nashville, TN",23,152,90.36739130434782,3,5,,,25,,89,3,5,261101,Trey Pearson,trey-pearson-261101,PG,PG,2026,236861,2027,on3_hs_commits,https://www.on3.com/college/high-point-panthers/basketball/2026/commits/,TN,2025-09-24T14:58:00,Committed,High Point,high point,high-point-panthers,170,/home/runner/work/ncaa-net-predictor/ncaa-net-predictor/data/raw/on3/hs_commits/2026/on3_hs_commits_2026_2026-09-05.json
2026-09-05T13:15:06+00:00,2026,6-4,The Phelps School,"Malvern, PA",63,245,86.49456521739131,3,4,,,42,,89,3,2,261397,Xavier Blake,xavier-blake-261397,SG,SG,2026,237247,2027,on3_hs_commits,https://www.on3.com/college/hofstra-pride/basketball/2026/commits/,PA,2025-12-24T16:46:00,Committed,Hofstra,hofstra,hofstra-pride,170,/home/runner/work/ncaa-net-predictor/ncaa-net-predictor/data/raw/on3/hs_commits/2026/on3_hs_commits_2026_2026-09-05.json
2026-09-05T13:15:06+00:00,2026,6-2,Crowley,"Crowley, TX",64,371,82.66666666666667,3,35,,,53,,86,3,29,280523,Jaelon Germany,jaelon-germany-280523,PG,PG,2026,256647,2027,on3_hs_commits,https://www.on3.com/college/holy-cross-crusaders/basketball/2026/commits/,TX,2026-03-31T14:05:00,Committed,Holy Cross,holy cross,holy-cross-crusaders,165,/home/runner/work/ncaa-net-predictor/ncaa-net-predictor/data/raw/on3/hs_commits/2026/on3_hs_commits_2026_2026-09-05.json
2026-09-05T13:15:06+00:00,2026,7-0,Iowa United Prep,"Montreal, QC",5,31,96.90026881720429,4,1,,,3,25,96,4,1,241018,Arafan Diane,arafan-diane-241018,C,C,2026,205270,2027,on3_hs_commits,https://www.on3.com/college/houston-cougars/basketball/2026/commits/,QC,2025-11-19T14:03:00,Signed,Houston,houston,houston-cougars,280,/home/runner/work/ncaa-net-predictor/ncaa-net-predictor/data/raw/on3/hs_commits/2026/on3_hs_commits_2026_2026-09-05.json
2026-09-05T13:15:06+00:00,2026,6-1,Dream City Christian,Lagos,9,54,94.79673913043479,4,7,,,8,53,94,4,7,237702,Ikenna Alozie,ikenna-alozie-237702,PG,PG,2026,198145,2027,on3_hs_commits,https://www.on3.com/college/houston-cougars/basketball/2026/commits/,,2025-11-21T12:08:00,Signed,Houston,houston,houston-cougars,185,/home/runner/work/ncaa-net-predictor/ncaa-net-predictor/data/raw/on3/hs_commits/2026/on3_hs_commits_2026_2026-09-05.json
2026-09-05T13:15:06+00:00,2026,5-10,Liberty,"Henderson, NV",30,191,89.33333333333333,3,1,,,24,,89,3,1,245603,Tyus Thomas,tyus-thomas-245603,PG,PG,2026,214194,2027,on3_hs_commits,https://www.on3.com/college/houston-cougars/basketball/2026/commits/,NV,2026-05-05T23:39:00,Committed,Houston,houston,houston-cougars,180,/home/runner/work/ncaa-net-predictor/ncaa-net-predictor/data/raw/on3/hs_commits/2026/on3_hs_commits_2026_2026-09-05.json
2026-09-05T13:15:06+00:00,2026,6-4,Rolla,"Rolla, MO",49,196,89.18550724637682,3,9,,,41,,89,3,9,260483,Ethan Brown,ethan-brown-260483,SG,SG,2026,236079,2027,on3_hs_commits,https://www.on3.com/college/illinois-fighting-illini/basketball/2026/commits/,MO,2025-07-30T21:16:00,Signed,Illinois,illinois,illinois-fighting-illini,175,/home/runner/work/ncaa-net-predictor/ncaa-net-predictor/data/raw/on3/hs_commits/2026/on3_hs_commits_2026_2026-09-05.json
2026-09-05T13:15:06+00:00,2026,6-8,Waukee Northwest,"Waukee, IA",28,217,88.54963768115941,3,4,,,28,,88,3,4,260510,Landon Davis,landon-davis-260510,PF,PF,2026,236104,2027,on3_hs_commits,https://www.on3.com/college/illinois-fighting-illini/basketball/2026/commits/,IA,2025-08-06T10:57:00,Signed,Illinois,illinois,illinois-fighting-illini,210,/home/runner/work/ncaa-net-predictor/ncaa-net-predictor/data/raw/on3/hs_commits/2026/on3_hs_commits_2026_2026-09-05.json
2026-09-05T13:15:06+00:00,2026,6-5,Kankakee,"Kankakee, IL",52,175,89.97210144927536,3,1,,,61,,88,3,3,241013,Lincoln Williams,lincoln-williams-241013,SF,SF,2026,205265,2027,on3_hs_commits,https://www.on3.com/college/illinois-fighting-illini/basketball/2026/commits/,IL,2026-06-08T12:04:00,Signed,Illinois,illinois,illinois-fighting-illini,,/home/runner/work/ncaa-net-predictor/ncaa-net-predictor/data/raw/on3/hs_commits/2026/on3_hs_commits_2026_2026-09-05.json
2026-09-05T13:15:06+00:00,2026,6-6,The Newman School,Santo Domingo,16,52,94.88623188405798,4,2,,,12,36,95,4,2,244741,Lucas Morillo,lucas-morillo-244741,SF,SF,2026,212756,2027,on3_hs_commits,https://www.on3.com/college/illinois-fighting-illini/basketball/2026/commits/,,2025-10-24T13:12:00,Signed,Illinois,illinois,illinois-fighting-illini,200,/home/runner/work/ncaa-net-predictor/ncaa-net-predictor/data/raw/on3/hs_commits/2026/on3_hs_commits_2026_2026-09-05.json
2026-09-05T13:15:06+00:00,2026,6-4,The Principia School,"Saint Louis, MO",6,24,97.55080645161289,4,1,,,5,16,97,4,1,261195,Quentin Coleman,quentin-coleman-261195,SG,SG,2026,236968,2027,on3_hs_commits,https://www.on3.com/college/illinois-fighting-illini/basketball/2026/commits/,MO,2026-04-03T10:03:00,Signed,Illinois,illinois,illinois-fighting-illini,180,/home/runner/work/ncaa-net-predictor/ncaa-net-predictor/data/raw/on3/hs_commits/2026/on3_hs_commits_2026_2026-09-05.json
2026-09-05T13:15:06+00:00,2026,6-7,Wisconsin Lutheran,"Milwaukee, WI",47,166,90.0731884057971,3,1,,,44,144,89,3,1,246114,Zavier Zens,zavier-zens-246114,SF,SF,2026,215148,2027,on3_hs_commits,https://www.on3.com/college/illinois-fighting-illini/basketball/2026/commits/,WI,2026-04-17T15:38:00,Signed,Illinois,illinois,illinois-fighting-illini,,/home/runner/work/ncaa-net-predictor/ncaa-net-predictor/data/raw/on3/hs_commits/2026/on3_hs_commits_2026_2026-09-05.json
2026-09-05T13:15:06+00:00,2026,6-7,Crown Point,"Crown Point, IN",53,314,84.66666666666667,3,10,,,44,,88,3,7,280564,Dikembe Shaw,dikembe-shaw-280564,PF,PF,2026,256688,2027,on3_hs_commits,https://www.on3.com/college/illinois-chicago-flames/basketball/2026/commits/,IN,2025-08-16T14:25:00,Committed,Illinois-Chicago,illinois chicago,illinois-chicago-flames,210,/home/runner/work/ncaa-net-predictor/ncaa-net-predictor/data/raw/on3/hs_commits/2026/on3_hs_commits_2026_2026-09-05.json
2026-09-05T13:15:06+00:00,2026,6-3,West Brook,"Beaumont, TX",70,405,81.33333333333333,3,37,,,,,80,3,,280517,Elijah Garrett,elijah-garrett-280517,PG,PG,2026,256641,2027,on3_hs_commits,https://www.on3.com/college/illinois-chicago-flames/basketball/2026/commits/,TX,2026-03-29T09:39:00,Committed,Illinois-Chicago,illinois chicago,illinois-chicago-flames,175,/home/runner/work/ncaa-net-predictor/ncaa-net-predictor/data/raw/on3/hs_commits/2026/on3_hs_commits_2026_2026-09-05.json
2026-09-05T13:15:06+00:00,2026,7-0,Germany,Wurzburg,,,,,,,,,,,,,288650,Clemens Sokolov,clemens-sokolov-288650,C,C,2026,271815,2027,on3_hs_commits,https://www.on3.com/college/indiana-hoosiers/basketball/2026/commits/,,2026-05-08T13:49:00,Committed,Indiana,indiana,indiana-hoosiers,,/home/runner/work/ncaa-net-predictor/ncaa-net-predictor/data/raw/on3/hs_commits/2026/on3_hs_commits_2026_2026-09-05.json
2026-09-05T13:15:06+00:00,2026,6-4,Bishop McNamara,"District Heights, MD",26,111,91.8072463768116,4,5,,,25,109,90,4,5,240197,Prince-Alexander Moody,prince-alexander-moody-240197,SG,SG,2026,204027,2027,on3_hs_commits,https://www.on3.com/college/indiana-hoosiers/basketball/2026/commits/,MD,2025-06-27T17:53:00,Signed,Indiana,indiana,indiana-hoosiers,180,/home/runner/work/ncaa-net-predictor/ncaa-net-predictor/data/raw/on3/hs_commits/2026/on3_hs_commits_2026_2026-09-05.json
2026-09-05T13:15:06+00:00,2026,6-7,Christ School,"Cary, NC",30,84,93.20543478260869,4,1,,,29,86,91,4,1,250713,Trevor Manhertz,trevor-manhertz-250713,SF,SF,2026,225615,2027,on3_hs_commits,https://www.on3.com/college/indiana-hoosiers/basketball/2026/commits/,NC,2026-01-28T12:04:00,Committed,Indiana,indiana,indiana-hoosiers,185,/home/runner/work/ncaa-net-predictor/ncaa-net-predictor/data/raw/on3/hs_commits/2026/on3_hs_commits_2026_2026-09-05.json
2026-09-05T13:15:06+00:00,2026,6-6,Bella Vista College Preparatory School,"Oregon, WI",24,69,93.78297101449277,4,10,,,32,89,91,4,9,244192,Vaughn Karvala,vaughn-karvala-244192,SF,SF,2026,211928,2027,on3_hs_commits,https://www.on3.com/college/indiana-hoosiers/basketball/2026/commits/,WI,2025-11-01T14:30:00,Signed,Indiana,indiana,indiana-hoosiers,175,/home/runner/work/ncaa-net-predictor/ncaa-net-predictor/data/raw/on3/hs_commits/2026/on3_hs_commits_2026_2026-09-05.json
2026-09-05T13:15:06+00:00,2026,6-7,Franklin Central,"Indianapolis, IN",64,243,86.66666666666667,3,8,,,67,,88,3,6,242265,E.J. Hazelett,ej-hazelett-242265,SF,SF,2026,209266,2027,on3_hs_commits,https://www.on3.com/college/indiana-state-sycamores/basketball/2026/commits/,IN,2025-07-30T14:27:00,Committed,Indiana State,indiana state,indiana-state-sycamores,200,/home/runner/work/ncaa-net-predictor/ncaa-net-predictor/data/raw/on3/hs_commits/2026/on3_hs_commits_2026_2026-09-05.json
2026-09-05T13:15:06+00:00,2026,6-8,Lutheran-Parker,"Parker, CO",,,,0,,,,,,,,,280566,Kade Speckman,kade-speckman-280566,PF,PF,2026,256690,2027,on3_hs_commits,https://www.on3.com/college/indiana-state-sycamores/basketball/2026/commits/,CO,2025-10-24T18:03:00,Committed,Indiana State,indiana state,indiana-state-sycamores,210,/home/runner/work/ncaa-net-predictor/ncaa-net-predictor/data/raw/on3/hs_commits/2026/on3_hs_commits_2026_2026-09-05.json
2026-09-05T13:15:06+00:00,2026,6-8,Camas,"Camas, WA",13,117,91.56666666666666,4,2,,,10,100,91,4,2,260825,Ethan Harris,ethan-harris-260825,PF,PF,2026,236505,2027,on3_hs_commits,https://www.on3.com/college/iowa-hawkeyes/basketball/2026/commits/,WA,2025-09-13T20:04:00,Signed,Iowa,iowa,iowa-hawkeyes,200,/home/runner/work/ncaa-net-predictor/ncaa-net-predictor/data/raw/on3/hs_commits/2026/on3_hs_commits_2026_2026-09-05.json
2026-09-05T13:15:06+00:00,2026,6-6,Storm Lake,"Storm Lake, IA",53,205,88.92753623188405,3,3,,,30,123,89,3,3,244190,Jaidyn Coon,jaidyn-coon-244190,SG,SG,2026,211926,2027,on3_hs_commits,https://www.on3.com/college/iowa-hawkeyes/basketball/2026/commits/,IA,2026-04-02T17:08:00,Committed,Iowa,iowa,iowa-hawkeyes,180,/home/runner/work/ncaa-net-predictor/ncaa-net-predictor/data/raw/on3/hs_commits/2026/on3_hs_commits_2026_2026-09-05.json
2026-09-05T13:15:06+00:00,2026,6-3,Wayzata,"Minneapolis, MN",33,135,91.05978260869566,3,1,,,26,111,90,4,1,244187,Christian Wiggins,christian-wiggins-244187,SG,SG,2026,211923,2027,on3_hs_commits,https://www.on3.com/college/iowa-state-cyclones/basketball/2026/commits/,MN,2025-04-19T14:16:00,Signed,Iowa State,iowa state,iowa-state-cyclones,170,/home/runner/work/ncaa-net-predictor/ncaa-net-predictor/data/raw/on3/hs_commits/2026/on3_hs_commits_2026_2026-09-05.json
2026-09-05T13:15:06+00:00,2026,6-10,SPIRE Academy,Fort-de-France,31,226,88.0108695652174,3,8,,,11,102,91,4,6,282241,Dorian Rinaldo-Komlan,dorian-rinaldo-komlan-282241,PF,PF,2026,258675,2027,on3_hs_commits,https://www.on3.com/college/iowa-state-cyclones/basketball/2026/commits/,,2025-11-10T10:01:00,Signed,Iowa State,iowa state,iowa-state-cyclones,215,/home/runner/work/ncaa-net-predictor/ncaa-net-predictor/data/raw/on3/hs_commits/2026/on3_hs_commits_2026_2026-09-05.json
2026-09-05T13:15:06+00:00,2026,6-5,West Allis Central,"Milwaukee, WI",45,176,89.97028985507247,3,2,,,54,,88,3,3,237689,Yusef Gray Jr.,yusef-gray-jr-237689,SG,SG,2026,198132,2027,on3_hs_commits,https://www.on3.com/college/iowa-state-cyclones/basketball/2026/commits/,WI,2025-01-19T17:26:00,Signed,Iowa State,iowa state,iowa-state-cyclones,170,/home/runner/work/ncaa-net-predictor/ncaa-net-predictor/data/raw/on3/hs_commits/2026/on3_hs_commits_2026_2026-09-05.json
2026-09-05T13:15:06+00:00,2026,5-10,DeMatha Catholic,"Hyattsville, MD",44,255,86.17717391304348,3,8,,,,,,,,242272,Ashton Meeks,ashton-meeks-242272,PG,PG,2026,209275,2027,on3_hs_commits,https://www.on3.com/college/james-madison-dukes/basketball/2026/commits/,MD,2026-04-20T12:12:00,Committed,James Madison,james madison,james-madison-dukes,170,/home/runner/work/ncaa-net-predictor/ncaa-net-predictor/data/raw/on3/hs_commits/2026/on3_hs_commits_2026_2026-09-05.json
2026-09-05T13:15:06+00:00,2026,6-8,The Newman School,"Chicago, IL",71,379,82.66666666666667,3,11,,,43,,88,3,9,288610,Atticus Richmond,atticus-richmond-288610,PF,PF,2026,271759,2027,on3_hs_commits,https://www.on3.com/college/kansas-jayhawks/basketball/2026/commits/,IL,2026-05-09T16:19:00,Enrolled,Kansas,kansas,kansas-jayhawks,225,/home/runner/work/ncaa-net-predictor/ncaa-net-predictor/data/raw/on3/hs_commits/2026/on3_hs_commits_2026_2026-09-05.json
2026-09-05T13:15:06+00:00,2026,6-8,Prolific Prep,"Dallas, TX",9,67,93.93115942028984,4,11,,,7,63,93,4,9,237682,Davion Adkins,davion-adkins-237682,PF,PF,2026,198124,2027,on3_hs_commits,https://www.on3.com/college/kansas-jayhawks/basketball/2026/commits/,TX,2025-10-05T20:44:00,Enrolled,Kansas,kansas,kansas-jayhawks,205,/home/runner/work/ncaa-net-predictor/ncaa-net-predictor/data/raw/on3/hs_commits/2026/on3_hs_commits_2026_2026-09-05.json
2026-09-05T13:15:06+00:00,2026,6-11,Avon Old Farms,"Lake Forest, IL",52,376,82.66666666666667,3,5,,,36,,88,3,4,287945,Grant Mordini,grant-mordini-287945,C,C,2026,270986,2027,on3_hs_commits,https://www.on3.com/college/kansas-jayhawks/basketball/2026/commits/,IL,,Enrolled,Kansas,kansas,kansas-jayhawks,210,/home/runner/work/ncaa-net-predictor/ncaa-net-predictor/data/raw/on3/hs_commits/2026/on3_hs_commits_2026_2026-09-05.json
2026-09-05T13:15:06+00:00,2026,6-3,Mater Dei,"Santa Ana, CA",32,131,91.21847826086957,3,10,,,33,126,89,3,10,242295,Luke Barnett,luke-barnett-242295,SG,SG,2026,209300,2027,on3_hs_commits,https://www.on3.com/college/kansas-jayhawks/basketball/2026/commits/,CA,2025-10-24T13:21:00,Enrolled,Kansas,kansas,kansas-jayhawks,170,/home/runner/work/ncaa-net-predictor/ncaa-net-predictor/data/raw/on3/hs_commits/2026/on3_hs_commits_2026_2026-09-05.json
2026-09-05T13:15:06+00:00,2026,6-2,Overtime Elite,"Newport, KY",4,23,97.6505376344086,4,1,,,4,26,96,4,2,238308,Tay Kinney,tay-kinney-238308,PG,PG,2026,199057,2027,on3_hs_commits,https://www.on3.com/college/kansas-jayhawks/basketball/2026/commits/,KY,2025-09-28T13:32:00,Enrolled,Kansas,kansas,kansas-jayhawks,190,/home/runner/work/ncaa-net-predictor/ncaa-net-predictor/data/raw/on3/hs_commits/2026/on3_hs_commits_2026_2026-09-05.json
2026-09-05T13:15:06+00:00,2026,6-4,Link Academy,"Frisco, TX",39,109,91.86195652173912,4,8,,,42,137,89,3,8,179203,Trent Perry,trent-perry-179203,SF,SF,2026,191729,2027,on3_hs_commits,https://www.on3.com/college/kansas-jayhawks/basketball/2026/commits/,TX,2025-10-01T14:36:00,Enrolled,Kansas,kansas,kansas-jayhawks,175,/home/runner/work/ncaa-net-predictor/ncaa-net-predictor/data/raw/on3/hs_commits/2026/on3_hs_commits_2026_2026-09-05.json
2026-09-05T13:15:06+00:00,2026,6-7,Rainier Beach,"Louisville, KY",1,1,99.25,5,1,7,5000000,1,1,99,5,1,174854,Tyran Stokes,tyran-stokes-174854,SF,SF,2026,182650,2027,on3_hs_commits,https://www.on3.com/college/kansas-jayhawks/basketball/2026/commits/,KY,2026-04-28T18:47:00,Enrolled,Kansas,kansas,kansas-jayhawks,225,/home/runner/work/ncaa-net-predictor/ncaa-net-predictor/data/raw/on3/hs_commits/2026/on3_hs_commits_2026_2026-09-05.json
2026-09-05T13:15:06+00:00,2026,6-4,Holy Innocents Episcopal School,"Atlanta, GA",67,265,85.87318840579711,3,19,,,73,,88,3,19,237674,Devin Hutcherson,devin-hutcherson-237674,SF,SF,2026,198116,2027,on3_hs_commits,https://www.on3.com/college/kansas-state-wildcats/basketball/2026/commits/,GA,2026-03-27T10:58:00,Committed,Kansas State,kansas state,kansas-state-wildcats,180,/home/runner/work/ncaa-net-predictor/ncaa-net-predictor/data/raw/on3/hs_commits/2026/on3_hs_commits_2026_2026-09-05.json
2026-09-05T13:15:06+00:00,2026,6-1,Oxford,"Oxford, AL",,,,0,,,,,,,,,245777,Jaylen Alexander,jaylen-alexander-245777,PG,PG,2026,214473,2027,on3_hs_commits,https://www.on3.com/college/kansas-state-wildcats/basketball/2026/commits/,AL,2026-03-28T13:11:00,Committed,Kansas State,kansas state,kansas-state-wildcats,180,/home/runner/work/ncaa-net-predictor/ncaa-net-predictor/data/raw/on3/hs_commits/2026/on3_hs_commits_2026_2026-09-05.json
2026-09-05T13:15:06+00:00,2026,6-5,North Hardin,"Radcliff, KY",,,,0,,,,,,,,,280541,Keriawn Berry,keriawn-berry-280541,SF,SF,2026,256664,2027,on3_hs_commits,https://www.on3.com/college/kennesaw-state-owls/basketball/2026/commits/,KY,2026-04-21T21:01:00,Committed,Kennesaw State,kennesaw state,kennesaw-state-owls,200,/home/runner/work/ncaa-net-predictor/ncaa-net-predictor/data/raw/on3/hs_commits/2026/on3_hs_commits_2026_2026-09-05.json
2026-09-05T13:15:06+00:00,2026,6-5,Coral Glades,"Coral Springs, FL",85,368,82.66666666666667,3,47,,,71,,88,3,33,261072,Kyler Theophile,kyler-theophile-261072,SF,SF,2026,236829,2027,on3_hs_commits,https://www.on3.com/college/kennesaw-state-owls/basketball/2026/commits/,FL,2025-10-27T15:41:00,Committed,Kennesaw State,kennesaw state,kennesaw-state-owls,195,/home/runner/work/ncaa-net-predictor/ncaa-net-predictor/data/raw/on3/hs_commits/2026/on3_hs_commits_2026_2026-09-05.json
2026-09-05T13:15:06+00:00,2026,6-4,Gray Collegiate,"Columbia, SC",97,397,82.33333333333333,3,5,,,,,87,3,,283212,Levi Ball,levi-ball-283212,SG,SG,2026,260414,2027,on3_hs_commits,https://www.on3.com/college/kennesaw-state-owls/basketball/2026/commits/,SC,2025-12-12T19:01:00,Committed,Kennesaw State,kennesaw state,kennesaw-state-owls,185,/home/runner/work/ncaa-net-predictor/ncaa-net-predictor/data/raw/on3/hs_commits/2026/on3_hs_commits_2026_2026-09-05.json
2026-09-05T13:15:06+00:00,2026,6-3,Montverde Academy,"Montverde, FL",16,94,92.72210144927536,4,16,,,15,108,90,4,18,236695,Dhani Miller,dhani-miller-236695,PG,PG,2026,196359,2027,on3_hs_commits,https://www.on3.com/college/kent-state-golden-flashes/basketball/2026/commits/,FL,2025-09-20T10:06:00,Committed,Kent State,kent state,kent-state-golden-flashes,175,/home/runner/work/ncaa-net-predictor/ncaa-net-predictor/data/raw/on3/hs_commits/2026/on3_hs_commits_2026_2026-09-05.json
2026-09-05T13:15:06+00:00,2026,6-2,Tennessee Collegiate Academy,"Madison, MS",21,139,90.96159420289855,3,4,,,20,138,89,3,4,259915,Mason Williams,mason-williams-259915,PG,PG,2026,235405,2027,on3_hs_commits,https://www.on3.com/college/kentucky-wildcats/basketball/2026/commits/,MS,2026-03-27T13:57:00,Enrolled,Kentucky,kentucky,kentucky-wildcats,170,/home/runner/work/ncaa-net-predictor/ncaa-net-predictor/data/raw/on3/hs_commits/2026/on3_hs_commits_2026_2026-09-05.json
2026-09-05T13:15:06+00:00,2026,6-1,Huntington Prep,"Huntington, WV",69,398,82.33333333333333,3,2,,,48,,87,3,2,287766,Zyon Hawthorne,zyon-hawthorne-287766,PG,PG,2026,270680,2027,on3_hs_commits,https://www.on3.com/college/kentucky-wildcats/basketball/2026/commits/,WV,2026-04-21T16:06:00,Enrolled,Kentucky,kentucky,kentucky-wildcats,,/home/runner/work/ncaa-net-predictor/ncaa-net-predictor/data/raw/on3/hs_commits/2026/on3_hs_commits_2026_2026-09-05.json
2026-09-05T13:15:06+00:00,2026,7-0,Anadolu Efes Istanbul,Istanbul,,,,,,,,,,,,,259632,Brice Dessert,brice-dessert-259632,C,C,2026,234977,2027,on3_hs_commits,https://www.on3.com/college/lsu-tigers/basketball/2026/commits/,,2026-05-21T20:45:00,Committed,LSU,lsu,lsu-tigers,,/home/runner/work/ncaa-net-predictor/ncaa-net-predictor/data/raw/on3/hs_commits/2026/on3_hs_commits_2026_2026-09-05.json
2026-09-05T13:15:06+00:00,2026,6-8,NBA Global Academy,Melbourne,43,137,91,3,,,,,,91,4,,247786,Marcus Vaughns,marcus-vaughns-247786,SF,SF,2026,219782,2027,on3_hs_commits,https://www.on3.com/college/lsu-tigers/basketball/2026/commits/,,2025-05-22T16:25:00,Enrolled,LSU,lsu,lsu-tigers,,/home/runner/work/ncaa-net-predictor/ncaa-net-predictor/data/raw/on3/hs_commits/2026/on3_hs_commits_2026_2026-09-05.json
2026-09-05T13:15:06+00:00,2026,6-11,Club Joventut Badalona,,,,,,,,,,,,,,288968,Michael Ruzic,michael-ruzic-288968,PF,PF,2026,272244,2027,on3_hs_commits,https://www.on3.com/college/lsu-tigers/basketball/2026/commits/,,2026-05-20T16:42:00,Committed,LSU,lsu,lsu-tigers,230,/home/runner/work/ncaa-net-predictor/ncaa-net-predictor/data/raw/on3/hs_commits/2026/on3_hs_commits_2026_2026-09-05.json
2026-09-05T13:15:06+00:00,2026,6-4,BigTyme Sports Prep Academy,"Rockwall, TX",,,,,,,,,,,,,287332,Zvon King,zvon-king-287332,CG,CG,2026,269525,2027,on3_hs_commits,https://www.on3.com/college/lane-college-dragons/basketball/2026/commits/,TX,2025-11-07T10:55:00,Signed,Lane College,lane college,lane-college-dragons,180,/home/runner/work/ncaa-net-predictor/ncaa-net-predictor/data/raw/on3/hs_commits/2026/on3_hs_commits_2026_2026-09-05.json
2026-09-05T13:15:06+00:00,2026,6-1,Imhotep Institute,"Philadelphia, PA",,,,,,,,,,,,,280723,Jordan Dill,jordan-dill-280723,CG,CG,2026,256862,2027,on3_hs_commits,https://www.on3.com/college/le-moyne-dolphins/basketball/2026/commits/,PA,2025-09-09T19:43:00,Committed,Le Moyne College,le moyne,le-moyne-dolphins,190,/home/runner/work/ncaa-net-predictor/ncaa-net-predictor/data/raw/on3/hs_commits/2026/on3_hs_commits_2026_2026-09-05.json
2026-09-05T13:15:06+00:00,2026,6-1,Grain Valley,"Grain Valley, MO",12,344,83,3,10,,,14,,86,3,12,280552,Eli Herbert,eli-herbert-280552,CG,CG,2026,256677,2027,on3_hs_commits,https://www.on3.com/college/liberty-flames/basketball/2026/commits/,MO,2024-09-04T13:31:00,Signed,Liberty,liberty,liberty-flames,150,/home/runner/work/ncaa-net-predictor/ncaa-net-predictor/data/raw/on3/hs_commits/2026/on3_hs_commits_2026_2026-09-05.json
2026-09-05T13:15:06+00:00,2026,6-5,Wheeling Central Catholic,"Wheeling, WV",20,138,90.97608695652174,3,1,,,19,135,89,3,1,251111,Eli Sancomb,eli-sancomb-251111,PG,PG,2026,226721,2027,on3_hs_commits,https://www.on3.com/college/liberty-flames/basketball/2026/commits/,WV,2025-09-09T21:21:00,Signed,Liberty,liberty,liberty-flames,180,/home/runner/work/ncaa-net-predictor/ncaa-net-predictor/data/raw/on3/hs_commits/2026/on3_hs_commits_2026_2026-09-05.json
2026-09-05T13:15:06+00:00,2026,6-7,North Laurel,"London, KY",79,327,84,3,3,,,59,,88,3,2,261255,Reece Davidson,reece-davidson-261255,SF,SF,2026,237037,2027,on3_hs_commits,https://www.on3.com/college/liberty-flames/basketball/2026/commits/,KY,2025-07-24T13:13:00,Committed,Liberty,liberty,liberty-flames,220,/home/runner/work/ncaa-net-predictor/ncaa-net-predictor/data/raw/on3/hs_commits/2026/on3_hs_commits_2026_2026-09-05.json
2026-09-05T13:15:06+00:00,2026,6-7,Birdville,"North Richland Hills, TX",62,345,83,3,31,,,47,,88,3,22,280568,Sawyer Dotson,sawyer-dotson-280568,PF,PF,2026,256692,2027,on3_hs_commits,https://www.on3.com/college/lipscomb-bisons/basketball/2026/commits/,TX,2025-08-25T14:49:00,Committed,Lipscomb,lipscomb,lipscomb-bisons,200,/home/runner/work/ncaa-net-predictor/ncaa-net-predictor/data/raw/on3/hs_commits/2026/on3_hs_commits_2026_2026-09-05.json
2026-09-05T13:15:06+00:00,2026,5-9,Millwood,"Oklahoma City, OK",,,,0,,,,,,,,,280516,Isaiah Wilks,isaiah-wilks-280516,PG,PG,2026,256640,2027,on3_hs_commits,https://www.on3.com/college/louisiana-ragin-cajuns/basketball/2026/commits/,OK,2025-09-02T16:59:00,Committed,Louisiana,louisiana,louisiana-ragin-cajuns,160,/home/runner/work/ncaa-net-predictor/ncaa-net-predictor/data/raw/on3/hs_commits/2026/on3_hs_commits_2026_2026-09-05.json
2026-09-05T13:15:06+00:00,2026,6-8,Alexandria,"Alexandria, LA",20,160,90.26557971014493,3,1,,,42,,88,3,1,246058,Tyshawn Duncan,tyshawn-duncan-246058,PF,PF,2026,215074,2027,on3_hs_commits,https://www.on3.com/college/louisiana-ragin-cajuns/basketball/2026/commits/,LA,2025-07-23T11:16:00,Committed,Louisiana,louisiana,louisiana-ragin-cajuns,210,/home/runner/work/ncaa-net-predictor/ncaa-net-predictor/data/raw/on3/hs_commits/2026/on3_hs_commits_2026_2026-09-05.json
2026-09-05T13:15:06+00:00,2026,6-2,Atascocita,"Humble, TX",58,329,83.66666666666667,3,27,,,37,,88,3,11,247912,Adam Boyd,adam-boyd-247912,PG,PG,2026,219962,2027,on3_hs_commits,https://www.on3.com/college/louisiana-tech-bulldogs/basketball/2026/commits/,TX,2025-08-02T20:43:00,Signed,Louisiana Tech,louisiana tech,louisiana-tech-bulldogs,,/home/runner/work/ncaa-net-predictor/ncaa-net-predictor/data/raw/on3/hs_commits/2026/on3_hs_commits_2026_2026-09-05.json
2026-09-05T13:15:06+00:00,2026,6-4,The Colony,"The Colony, TX",85,337,83.33333333333333,3,28,,,75,,88,3,18,241017,Bryce Dixon,bryce-dixon-241017,SG,SG,2026,205271,2027,on3_hs_commits,https://www.on3.com/college/louisiana-tech-bulldogs/basketball/2026/commits/,TX,2025-08-13T06:37:00,Signed,Louisiana Tech,louisiana tech,louisiana-tech-bulldogs,165,/home/runner/work/ncaa-net-predictor/ncaa-net-predictor/data/raw/on3/hs_commits/2026/on3_hs_commits_2026_2026-09-05.json
2026-09-05T13:15:06+00:00,2026,6-1,New Hampton School,"New Hampton, NH",,,,0,,,,,,,,,280527,James Sanderson,james-sanderson-280527,PG,PG,2026,256651,2027,on3_hs_commits,https://www.on3.com/college/louisiana-tech-bulldogs/basketball/2026/commits/,NH,2026-01-19T10:21:00,Committed,Louisiana Tech,louisiana tech,louisiana-tech-bulldogs,165,/home/runner/work/ncaa-net-predictor/ncaa-net-predictor/data/raw/on3/hs_commits/2026/on3_hs_commits_2026_2026-09-05.json
2026-09-05T13:15:06+00:00,2026,6-8,Veritas Prep,Shanxi,19,58,94.6090579710145,4,5,,,17,50,94,4,6,244880,Boyuan Zhang,boyuan-zhang-244880,SF,SF,2026,212926,2027,on3_hs_commits,https://www.on3.com/college/louisville-cardinals/basketball/2026/commits/,,2026-05-11T19:06:00,Committed,Louisville,louisville,louisville-cardinals,205,/home/runner/work/ncaa-net-predictor/ncaa-net-predictor/data/raw/on3/hs_commits/2026/on3_hs_commits_2026_2026-09-05.json
2026-09-05T13:15:06+00:00,2026,6-1,Moravian Prep,"Hickory, NC",47,271,85.82065217391305,3,12,,,44,,87,3,12,238803,Isaac Ellis,isaac-ellis-238803,PG,PG,2026,199899,2027,on3_hs_commits,https://www.on3.com/college/louisville-cardinals/basketball/2026/commits/,NC,2025-12-15T14:00:00,Committed,Louisville,louisville,louisville-cardinals,170,/home/runner/work/ncaa-net-predictor/ncaa-net-predictor/data/raw/on3/hs_commits/2026/on3_hs_commits_2026_2026-09-05.json
2026-09-05T13:15:06+00:00,2026,7-0,Southeastern Prep,Lagos,3,18,98.18494623655914,4,4,,,1,17,97,4,4,244984,Obinna Ekezie Jr.,obinna-ekezie-jr-244984,C,C,2026,213140,2027,on3_hs_commits,https://www.on3.com/college/louisville-cardinals/basketball/2026/commits/,,2026-05-03T15:37:00,Committed,Louisville,louisville,louisville-cardinals,215,/home/runner/work/ncaa-net-predictor/ncaa-net-predictor/data/raw/on3/hs_commits/2026/on3_hs_commits_2026_2026-09-05.json
2026-09-05T13:15:06+00:00,2026,6-5,Braintree,"Braintree, MA",72,283,85.58514492753623,3,9,,,68,,88,3,8,245617,Jaxson Terry,jaxson-terry-245617,SF,SF,2026,214210,2027,on3_hs_commits,https://www.on3.com/college/loyola-chi-ramblers/basketball/2026/commits/,MA,2025-09-19T10:08:00,Committed,Loyola (Chi),loyola chicago,loyola-chi-ramblers,180,/home/runner/work/ncaa-net-predictor/ncaa-net-predictor/data/raw/on3/hs_commits/2026/on3_hs_commits_2026_2026-09-05.json
2026-09-05T13:15:06+00:00,2026,6-9,Faribault Senior,"Faribault, MN",29,199,89.1445652173913,3,3,,,28,,88,3,6,244191,Ryan Kreager,ryan-kreager-244191,C,C,2026,211927,2027,on3_hs_commits,https://www.on3.com/college/loyola-chi-ramblers/basketball/2026/commits/,MN,2025-07-23T13:01:00,Committed,Loyola (Chi),loyola chicago,loyola-chi-ramblers,200,/home/runner/work/ncaa-net-predictor/ncaa-net-predictor/data/raw/on3/hs_commits/2026/on3_hs_commits_2026_2026-09-05.json
2026-09-05T13:15:06+00:00,2026,6-2,Terra Verde Discovery School,"Norman, OK",,,,,,,,,,,,,280724,Hudson Franz,hudson-franz-280724,PG,PG,2026,256863,2027,on3_hs_commits,https://www.on3.com/college/maine-black-bears/basketball/2026/commits/,OK,2025-09-09T10:42:00,Committed,Maine,maine,maine-black-bears,,/home/runner/work/ncaa-net-predictor/ncaa-net-predictor/data/raw/on3/hs_commits/2026/on3_hs_commits_2026_2026-09-05.json
2026-09-05T13:15:06+00:00,2026,6-6,Lawrence Academy,"Groton, MA",35,97,92.62028985507246,4,3,,,36,119,90,4,5,245609,Alex Egbuonu,alex-egbuonu-245609,SF,SF,2026,214201,2027,on3_hs_commits,https://www.on3.com/college/marquette-golden-eagles/basketball/2026/commits/,MA,2025-11-06T10:38:00,Committed,Marquette,marquette,marquette-golden-eagles,210,/home/runner/work/ncaa-net-predictor/ncaa-net-predictor/data/raw/on3/hs_commits/2026/on3_hs_commits_2026_2026-09-05.json
2026-09-05T13:15:06+00:00,2026,6-4,Bridgton Academy,"Bridgton, ME",,,,,,,,,,,,,288941,Colton Crowdis,colton-crowdis-288941,PG,PG,2026,272175,2027,on3_hs_commits,https://www.on3.com/college/marquette-golden-eagles/basketball/2026/commits/,ME,2026-05-16T14:54:00,Committed,Marquette,marquette,marquette-golden-eagles,180,/home/runner/work/ncaa-net-predictor/ncaa-net-predictor/data/raw/on3/hs_commits/2026/on3_hs_commits_2026_2026-09-05.json
2026-09-05T13:15:06+00:00,2026,6-6,The Hill School,"Pottstown, PA",53,179,89.77536231884059,3,2,,,56,,88,3,5,241155,Ethan Johnston,ethan-johnston-241155,SF,SF,2026,205445,2027,on3_hs_commits,https://www.on3.com/college/marquette-golden-eagles/basketball/2026/commits/,PA,2025-05-07T11:00:00,Committed,Marquette,marquette,marquette-golden-eagles,185,/home/runner/work/ncaa-net-predictor/ncaa-net-predictor/data/raw/on3/hs_commits/2026/on3_hs_commits_2026_2026-09-05.json
2026-09-05T13:15:06+00:00,2026,6-6,NBA Global Academy,Tasmania,,,,,,,,,,,,,261121,Nash Walker,nash-walker-261121,SG,SG,2026,236885,2027,on3_hs_commits,https://www.on3.com/college/marquette-golden-eagles/basketball/2026/commits/,,2025-07-09T15:31:00,Committed,Marquette,marquette,marquette-golden-eagles,175,/home/runner/work/ncaa-net-predictor/ncaa-net-predictor/data/raw/on3/hs_commits/2026/on3_hs_commits_2026_2026-09-05.json
2026-09-05T13:15:06+00:00,2026,6-8,Putnam Science Academy,"Springfield, MA",15,126,91.25869565217391,3,2,,,12,104,90,4,2,244477,Adama Tambedou,adama-tambedou-244477,PF,PF,2026,212330,2027,on3_hs_commits,https://www.on3.com/college/maryland-terrapins/basketball/2026/commits/,MA,2025-09-23T11:35:00,Committed,Maryland,maryland,maryland-terrapins,,/home/runner/work/ncaa-net-predictor/ncaa-net-predictor/data/raw/on3/hs_commits/2026/on3_hs_commits_2026_2026-09-05.json
2026-09-05T13:15:06+00:00,2026,6-8,Lufkin,"Lufkin, TX",52,200,89.131884057971,3,14,,,73,,88,3,16,242267,Austin Brown,austin-brown-242267,SG,SG,2026,209270,2027,on3_hs_commits,https://www.on3.com/college/maryland-terrapins/basketball/2026/commits/,TX,2025-06-30T12:01:00,Signed,Maryland,maryland,maryland-terrapins,200,/home/runner/work/ncaa-net-predictor/ncaa-net-predictor/data/raw/on3/hs_commits/2026/on3_hs_commits_2026_2026-09-05.json
2026-09-05T13:15:06+00:00,2026,6-10,James Hubert Blake,"Silver Spring, MD",4,11,98.48333333333333,5,1,,,6,15,98,5,1,237822,Baba Oladotun,baba-oladotun-237822,SF,SF,2026,198395,2027,on3_hs_commits,https://www.on3.com/college/maryland-terrapins/basketball/2026/commits/,MD,2025-11-19T18:43:00,Signed,Maryland,maryland,maryland-terrapins,190,/home/runner/work/ncaa-net-predictor/ncaa-net-predictor/data/raw/on3/hs_commits/2026/on3_hs_commits_2026_2026-09-05.json
2026-09-05T13:15:06+00:00,2026,6-3,Compass Prep,"Phoenix, AZ",13,47,95.14528985507248,4,6,,,12,37,95,4,3,237670,Kaden House,kaden-house-237670,SG,SG,2026,198110,2027,on3_hs_commits,https://www.on3.com/college/maryland-terrapins/basketball/2026/commits/,AZ,2025-10-31T14:45:00,Committed,Maryland,maryland,maryland-terrapins,170,/home/runner/work/ncaa-net-predictor/ncaa-net-predictor/data/raw/on3/hs_commits/2026/on3_hs_commits_2026_2026-09-05.json
2026-09-05T13:15:06+00:00,2026,5-11,Western Reserve Academy,"Boston, MA",68,394,82.33333333333333,3,10,,,46,,87,3,10,281194,Cam Hailey,cam-hailey-281194,PG,PG,2026,257414,2027,on3_hs_commits,https://www.on3.com/college/massachusetts-minutemen/basketball/2026/commits/,MA,2025-09-26T21:09:00,Committed,Massachusetts,massachusetts,massachusetts-minutemen,,/home/runner/work/ncaa-net-predictor/ncaa-net-predictor/data/raw/on3/hs_commits/2026/on3_hs_commits_2026_2026-09-05.json
2026-09-05T13:15:06+00:00,2026,6-8,Prolific Prep,"Douglasville, GA",26,211,88.85471014492754,3,30,,,29,,88,3,34,245604,MJ Madison,mj-madison-245604,PF,PF,2026,214196,2027,on3_hs_commits,https://www.on3.com/college/mcneese-state-cowboys/basketball/2026/commits/,GA,2026-05-01T12:16:00,Committed,McNeese State,mcneese state,mcneese-state-cowboys,215,/home/runner/work/ncaa-net-predictor/ncaa-net-predictor/data/raw/on3/hs_commits/2026/on3_hs_commits_2026_2026-09-05.json
2026-09-05T13:15:06+00:00,2026,6-2,Roselle Catholic,"Hopewell, VA",13,382,82.33333333333333,3,9,,,12,,87,3,6,241012,Tyrease Hunter,tyrease-hunter-241012,CG,CG,2026,205264,2027,on3_hs_commits,https://www.on3.com/college/mcneese-state-cowboys/basketball/2026/commits/,VA,2026-04-30T11:41:00,Committed,McNeese State,mcneese state,mcneese-state-cowboys,170,/home/runner/work/ncaa-net-predictor/ncaa-net-predictor/data/raw/on3/hs_commits/2026/on3_hs_commits_2026_2026-09-05.json
2026-09-05T13:15:06+00:00,2026,6-4,Columbus,"Memphis, TN",44,174,89.97391304347826,3,29,,,53,,88,3,29,246687,Cello Jackson,cello-jackson-246687,SG,SG,2026,216155,2027,on3_hs_commits,https://www.on3.com/college/memphis-tigers/basketball/2026/commits/,TN,2025-11-01T16:14:00,Committed,Memphis,memphis,memphis-tigers,205,/home/runner/work/ncaa-net-predictor/ncaa-net-predictor/data/raw/on3/hs_commits/2026/on3_hs_commits_2026_2026-09-05.json
2026-09-05T13:15:06+00:00,2026,6-7,Briarcrest Christian,"Memphis, TN",38,108,91.88550724637682,4,2,,,39,128,89,3,3,246056,Fred Smith Jr.,fred-smith-jr-246056,SF,SF,2026,215069,2027,on3_hs_commits,https://www.on3.com/college/memphis-tigers/basketball/2026/commits/,TN,2026-04-09T15:45:00,Committed,Memphis,memphis,memphis-tigers,220,/home/runner/work/ncaa-net-predictor/ncaa-net-predictor/data/raw/on3/hs_commits/2026/on3_hs_commits_2026_2026-09-05.json
2026-09-05T13:15:06+00:00,2026,6-5,Briarcrest Christian,"Memphis, TN",,,,,,,,,,,,,287579,Parker Pounds,parker-pounds-287579,SF,SF,2026,270273,2027,on3_hs_commits,https://www.on3.com/college/memphis-tigers/basketball/2026/commits/,TN,2026-04-15T15:19:00,Committed,Memphis,memphis,memphis-tigers,,/home/runner/work/ncaa-net-predictor/ncaa-net-predictor/data/raw/on3/hs_commits/2026/on3_hs_commits_2026_2026-09-05.json
2026-09-05T13:15:06+00:00,2026,6-8,Columbus,"Melbourne, FL",6,13,98.42956989247311,5,3,,,5,14,98,5,3,179204,Caleb Gaskins,caleb-gaskins-179204,SF,SF,2026,191730,2027,on3_hs_commits,https://www.on3.com/college/miami-hurricanes/basketball/2026/commits/,FL,2025-10-30T15:09:00,Signed,Miami,miami fl,miami-hurricanes,220,/home/runner/work/ncaa-net-predictor/ncaa-net-predictor/data/raw/on3/hs_commits/2026/on3_hs_commits_2026_2026-09-05.json
2026-09-05T13:15:06+00:00,2026,6-10,South Kent School,"New Orleans, LA",,,,0,,,,,,,,,236597,Chris Birden,chris-birden-236597,PF,PF,2026,196251,2027,on3_hs_commits,https://www.on3.com/college/miami-hurricanes/basketball/2026/commits/,LA,2026-04-21T09:04:00,Committed,Miami,miami fl,miami-hurricanes,,/home/runner/work/ncaa-net-predictor/ncaa-net-predictor/data/raw/on3/hs_commits/2026/on3_hs_commits_2026_2026-09-05.json
2026-09-05T13:15:06+00:00,2026,6-5,Sierra Canyon,"Bellflower, CA",1,15,98.38870967741936,4,3,,,1,3,98,5,1,235792,Brandon McCoy,brandon-mccoy-235792,CG,CG,2026,195267,2027,on3_hs_commits,https://www.on3.com/college/michigan-wolverines/basketball/2026/commits/,CA,2026-04-04T21:38:00,Signed,Michigan,michigan,michigan-wolverines,190,/home/runner/work/ncaa-net-predictor/ncaa-net-predictor/data/raw/on3/hs_commits/2026/on3_hs_commits_2026_2026-09-05.json
2026-09-05T13:15:06+00:00,2026,6-6,The Rock School,"Gainesville, FL",22,98,92.51847826086959,4,17,,,21,83,92,4,13,242293,Joseph Hartman,joseph-hartman-242293,SG,SG,2026,209298,2027,on3_hs_commits,https://www.on3.com/college/michigan-wolverines/basketball/2026/commits/,FL,2025-10-01T09:59:00,Signed,Michigan,michigan,michigan-wolverines,185,/home/runner/work/ncaa-net-predictor/ncaa-net-predictor/data/raw/on3/hs_commits/2026/on3_hs_commits_2026_2026-09-05.json
2026-09-05T13:15:06+00:00,2026,6-9,Montverde Academy,"Cincinnati, OH",15,51,94.89891304347826,4,8,,,13,39,95,4,7,242253,Lincoln Cosby,lincoln-cosby-242253,SF,SF,2026,209251,2027,on3_hs_commits,https://www.on3.com/college/michigan-wolverines/basketball/2026/commits/,OH,2026-02-10T17:12:00,Committed,Michigan,michigan,michigan-wolverines,205,/home/runner/work/ncaa-net-predictor/ncaa-net-predictor/data/raw/on3/hs_commits/2026/on3_hs_commits_2026_2026-09-05.json
2026-09-05T13:15:06+00:00,2026,6-5,Knoxville Catholic,"Knoxville, TN",51,198,89.15289855072464,3,6,,,57,,88,3,7,281129,Malachi Brown,malachi-brown-281129,SG,SG,2026,257346,2027,on3_hs_commits,https://www.on3.com/college/michigan-wolverines/basketball/2026/commits/,TN,2025-09-24T21:16:00,Signed,Michigan,michigan,michigan-wolverines,196,/home/runner/work/ncaa-net-predictor/ncaa-net-predictor/data/raw/on3/hs_commits/2026/on3_hs_commits_2026_2026-09-05.json
2026-09-05T13:15:06+00:00,2026,7-3,Unicaja Malaga,Denmark,,,,,,,,,,,,,260672,Marcus Moller,marcus-moller-260672,C,C,2026,236297,2027,on3_hs_commits,https://www.on3.com/college/michigan-wolverines/basketball/2026/commits/,,2025-07-08T08:02:00,Signed,Michigan,michigan,michigan-wolverines,230,/home/runner/work/ncaa-net-predictor/ncaa-net-predictor/data/raw/on3/hs_commits/2026/on3_hs_commits_2026_2026-09-05.json
2026-09-05T13:15:06+00:00,2026,6-10,The Newman School,"Boston, MA",7,44,95.5980247779336,4,1,,,3,24,96,4,1,241032,Quinn Costello,quinn-costello-241032,PF,PF,2026,205285,2027,on3_hs_commits,https://www.on3.com/college/michigan-wolverines/basketball/2026/commits/,MA,2025-09-16T14:14:00,Signed,Michigan,michigan,michigan-wolverines,195,/home/runner/work/ncaa-net-predictor/ncaa-net-predictor/data/raw/on3/hs_commits/2026/on3_hs_commits_2026_2026-09-05.json
2026-09-05T13:15:06+00:00,2026,5-11,Link Academy,,10,61,94.3554347826087,4,5,,,10,60,93,4,6,259988,Carlos Medlock Jr.,carlos-medlock-jr-259988,PG,PG,2026,235501,2027,on3_hs_commits,https://www.on3.com/college/michigan-state-spartans/basketball/2026/commits/,,2025-07-25T16:59:00,Signed,Michigan State,michigan state,michigan-state-spartans,170,/home/runner/work/ncaa-net-predictor/ncaa-net-predictor/data/raw/on3/hs_commits/2026/on3_hs_commits_2026_2026-09-05.json
2026-09-05T13:15:06+00:00,2026,7-1,Link Academy,"Shawnee, KS",8,50,95.07934782608693,4,4,,,7,54,94,4,3,240196,Ethan Taylor,ethan-taylor-240196,C,C,2026,204026,2027,on3_hs_commits,https://www.on3.com/college/michigan-state-spartans/basketball/2026/commits/,KS,2025-11-14T15:05:00,Signed,Michigan State,michigan state,michigan-state-spartans,240,/home/runner/work/ncaa-net-predictor/ncaa-net-predictor/data/raw/on3/hs_commits/2026/on3_hs_commits_2026_2026-09-05.json
2026-09-05T13:15:06+00:00,2026,6-5,Archbishop Stepinac,"Bronx, NY",11,38,96.34282374941561,4,4,,,11,34,95,4,4,241158,Jasiah Jervis,jasiah-jervis-241158,SG,SG,2026,205448,2027,on3_hs_commits,https://www.on3.com/college/michigan-state-spartans/basketball/2026/commits/,NY,2025-11-05T12:07:00,Signed,Michigan State,michigan state,michigan-state-spartans,190,/home/runner/work/ncaa-net-predictor/ncaa-net-predictor/data/raw/on3/hs_commits/2026/on3_hs_commits_2026_2026-09-05.json
2026-09-05T13:15:06+00:00,2026,6-7,Bergen Catholic,"Springfield, NJ",34,96,92.70615942028985,4,2,,,30,87,91,4,2,237756,Julius Avent,julius-avent-237756,SF,SF,2026,198279,2027,on3_hs_commits,https://www.on3.com/college/michigan-state-spartans/basketball/2026/commits/,NJ,2025-10-01T15:59:00,Signed,Michigan State,michigan state,michigan-state-spartans,215,/home/runner/work/ncaa-net-predictor/ncaa-net-predictor/data/raw/on3/hs_commits/2026/on3_hs_commits_2026_2026-09-05.json
2026-09-05T13:15:06+00:00,2026,6-6,Overtime Elite,"Atlanta, GA",54,180,89.70942028985506,3,14,,,46,,89,3,10,241014,Landyn Colyer,landyn-colyer-241014,SF,SF,2026,205266,2027,on3_hs_commits,https://www.on3.com/college/middle-tennessee-state-blue-raiders/basketball/2026/commits/,GA,2026-03-28T14:12:00,Committed,Middle Tennessee State,middle tennessee,middle-tennessee-state-blue-raiders,190,/home/runner/work/ncaa-net-predictor/ncaa-net-predictor/data/raw/on3/hs_commits/2026/on3_hs_commits_2026_2026-09-05.json
2026-09-05T13:15:06+00:00,2026,6-0,East Ridge,"Saint Paul, MN",45,264,85.8876811594203,3,6,,,31,,88,3,3,259010,Cedric Tomes,cedric-tomes-259010,PG,PG,2026,234087,2027,on3_hs_commits,https://www.on3.com/college/minnesota-golden-gophers/basketball/2026/commits/,MN,2025-05-10T09:38:00,Committed,Minnesota,minnesota,minnesota-golden-gophers,170,/home/runner/work/ncaa-net-predictor/ncaa-net-predictor/data/raw/on3/hs_commits/2026/on3_hs_commits_2026_2026-09-05.json
2026-09-05T13:15:06+00:00,2026,6-11,Crean Lutheran,"Coto de Caza, CA",26,151,90.3677536231884,3,16,,,22,142,89,3,12,269720,Chadrack Mpoyi,chadrack-mpoyi-269720,C,C,2026,245850,2027,on3_hs_commits,https://www.on3.com/college/minnesota-golden-gophers/basketball/2026/commits/,CA,2025-09-18T18:08:00,Committed,Minnesota,minnesota,minnesota-golden-gophers,230,/home/runner/work/ncaa-net-predictor/ncaa-net-predictor/data/raw/on3/hs_commits/2026/on3_hs_commits_2026_2026-09-05.json
2026-09-05T13:15:06+00:00,2026,6-6,Wayzata,"Eden Prairie, MN",61,234,87.3677536231884,3,5,,,45,149,89,3,2,261300,Nolen Anderson,nolen-anderson-261300,SF,SF,2026,237119,2027,on3_hs_commits,https://www.on3.com/college/minnesota-golden-gophers/basketball/2026/commits/,MN,2025-07-31T13:30:00,Committed,Minnesota,minnesota,minnesota-golden-gophers,180,/home/runner/work/ncaa-net-predictor/ncaa-net-predictor/data/raw/on3/hs_commits/2026/on3_hs_commits_2026_2026-09-05.json
2026-09-05T13:15:06+00:00,2026,6-5,Sidwell Friends,"Washington, DC",16,132,91.20579710144928,3,2,,,18,147,89,3,2,244071,Jalyn Collingwood,jalyn-collingwood-244071,PF,PF,2026,211793,2027,on3_hs_commits,https://www.on3.com/college/mississippi-state-bulldogs/basketball/2026/commits/,DC,2025-10-16T16:40:00,Signed,Mississippi State,mississippi state,mississippi-state-bulldogs,200,/home/runner/work/ncaa-net-predictor/ncaa-net-predictor/data/raw/on3/hs_commits/2026/on3_hs_commits_2026_2026-09-05.json
2026-09-05T13:15:06+00:00,2026,6-9,Link Academy,"Saint Louis, MO",10,74,93.49710144927536,4,7,,,9,74,92,4,7,237752,Tristan Reed,tristan-reed-237752,PF,PF,2026,198263,2027,on3_hs_commits,https://www.on3.com/college/mississippi-state-bulldogs/basketball/2026/commits/,MO,2026-01-30T11:36:00,Committed,Mississippi State,mississippi state,mississippi-state-bulldogs,235,/home/runner/work/ncaa-net-predictor/ncaa-net-predictor/data/raw/on3/hs_commits/2026/on3_hs_commits_2026_2026-09-05.json
2026-09-05T13:15:06+00:00,2026,6-4,Gillion Academy,"Orlando, FL",23,102,92.43260869565216,4,7,,,24,103,91,4,8,246879,Willie Burnett III,willie-burnett-iii-246879,SG,SG,2026,216702,2027,on3_hs_commits,https://www.on3.com/college/mississippi-state-bulldogs/basketball/2026/commits/,FL,2025-09-10T15:43:00,Signed,Mississippi State,mississippi state,mississippi-state-bulldogs,180,/home/runner/work/ncaa-net-predictor/ncaa-net-predictor/data/raw/on3/hs_commits/2026/on3_hs_commits_2026_2026-09-05.json
2026-09-05T13:15:06+00:00,2026,6-7,The New School,"Fayetteville, AR",42,136,91.05471014492754,3,3,,,52,,88,3,3,237669,Aidan Chronister,aidan-chronister-237669,SF,SF,2026,198109,2027,on3_hs_commits,https://www.on3.com/college/missouri-tigers/basketball/2026/commits/,AR,2025-09-21T18:30:00,Enrolled,Missouri,missouri,missouri-tigers,170,/home/runner/work/ncaa-net-predictor/ncaa-net-predictor/data/raw/on3/hs_commits/2026/on3_hs_commits_2026_2026-09-05.json
2026-09-05T13:15:06+00:00,2026,6-3,Inglewood,"Inglewood, CA",3,8,98.57634408602152,5,1,,,4,13,98,5,3,236711,Jason Crowe Jr.,jason-crowe-jr-236711,SG,SG,2026,196386,2027,on3_hs_commits,https://www.on3.com/college/missouri-tigers/basketball/2026/commits/,CA,2025-07-18T17:37:00,Enrolled,Missouri,missouri,missouri-tigers,170,/home/runner/work/ncaa-net-predictor/ncaa-net-predictor/data/raw/on3/hs_commits/2026/on3_hs_commits_2026_2026-09-05.json
2026-09-05T13:15:06+00:00,2026,6-9,Zephyrhills Christian Academy,"Orlando, FL",4,25,97.51129032258065,4,5,,,4,27,96,4,5,237641,Toni Bryant,toni-bryant-237641,PF,PF,2026,198089,2027,on3_hs_commits,https://www.on3.com/college/missouri-tigers/basketball/2026/commits/,FL,2025-09-08T08:53:00,Enrolled,Missouri,missouri,missouri-tigers,215,/home/runner/work/ncaa-net-predictor/ncaa-net-predictor/data/raw/on3/hs_commits/2026/on3_hs_commits_2026_2026-09-05.json
2026-09-05T13:15:06+00:00,2026,6-4,Olathe North,"Olathe, KS",,,,0,,,,,,,,,288796,Cameron Love,cameron-love-288796,SF,SF,2026,271987,2027,on3_hs_commits,https://www.on3.com/college/missouri-kansas-city-kangaroos/basketball/2026/commits/,KS,2026-03-10T15:58:00,Committed,Missouri-Kansas City,umkc,missouri-kansas-city-kangaroos,180,/home/runner/work/ncaa-net-predictor/ncaa-net-predictor/data/raw/on3/hs_commits/2026/on3_hs_commits_2026_2026-09-05.json
2026-09-05T13:15:06+00:00,2026,6-2,Piper,"Kansas City, KS",,,,0,,,,,,,,,288801,DJ Jackson,dj-jackson-288801,PG,PG,2026,271992,2027,on3_hs_commits,https://www.on3.com/college/missouri-kansas-city-kangaroos/basketball/2026/commits/,KS,2026-03-10T17:03:00,Committed,Missouri-Kansas City,umkc,missouri-kansas-city-kangaroos,,/home/runner/work/ncaa-net-predictor/ncaa-net-predictor/data/raw/on3/hs_commits/2026/on3_hs_commits_2026_2026-09-05.json
2026-09-05T13:15:06+00:00,2026,6-3,Colorado Prep,"Denver, CO",,,,0,,,,,,,,,288799,Elliot Moskowitz,elliot-moskowitz-288799,CG,CG,2026,271990,2027,on3_hs_commits,https://www.on3.com/college/missouri-kansas-city-kangaroos/basketball/2026/commits/,CO,2025-03-16T16:26:00,Committed,Missouri-Kansas City,umkc,missouri-kansas-city-kangaroos,170,/home/runner/work/ncaa-net-predictor/ncaa-net-predictor/data/raw/on3/hs_commits/2026/on3_hs_commits_2026_2026-09-05.json
2026-09-05T13:15:06+00:00,2026,6-4,Oak Park,"Kansas City, MO",,,,0,,,,,,,,,288800,Josh Kori,josh-kori-288800,SG,SG,2026,271991,2027,on3_hs_commits,https://www.on3.com/college/missouri-kansas-city-kangaroos/basketball/2026/commits/,MO,2026-03-10T16:46:00,Committed,Missouri-Kansas City,umkc,missouri-kansas-city-kangaroos,180,/home/runner/work/ncaa-net-predictor/ncaa-net-predictor/data/raw/on3/hs_commits/2026/on3_hs_commits_2026_2026-09-05.json
2026-09-05T13:15:06+00:00,2026,6-2,Tualatin,"Tualatin, OR",,,,0,,,,,,,,,288798,Jemai Lake,jemai-lake-288798,CG,CG,2026,271989,2027,on3_hs_commits,https://www.on3.com/college/montana-grizzlies/basketball/2026/commits/,OR,2025-09-14T16:20:00,Committed,Montana,montana,montana-grizzlies,170,/home/runner/work/ncaa-net-predictor/ncaa-net-predictor/data/raw/on3/hs_commits/2026/on3_hs_commits_2026_2026-09-05.json
2026-09-05T13:15:06+00:00,2026,6-4,Iowa United Prep,"Davenport, IA",80,322,84,3,6,,,83,,87,3,5,238186,Navon Shabazz,navon-shabazz-238186,SG,SG,2026,198900,2027,on3_hs_commits,https://www.on3.com/college/murray-state-racers/basketball/2026/commits/,IA,2025-08-29T22:19:00,Committed,Murray State,murray state,murray-state-racers,170,/home/runner/work/ncaa-net-predictor/ncaa-net-predictor/data/raw/on3/hs_commits/2026/on3_hs_commits_2026_2026-09-05.json
2026-09-05T13:15:06+00:00,2026,6-7,IMG Academy,"Hillsborough, NC",23,66,94.13333333333334,4,10,,,,,95,4,,236690,Cole Cloer,cole-cloer-236690,SF,SF,2026,196354,2027,on3_hs_commits,https://www.on3.com/college/nc-state-wolfpack/basketball/2026/commits/,NC,2025-10-04T16:09:00,Enrolled,NC State,nc state,nc-state-wolfpack,190,/home/runner/work/ncaa-net-predictor/ncaa-net-predictor/data/raw/on3/hs_commits/2026/on3_hs_commits_2026_2026-09-05.json
2026-09-05T13:15:06+00:00,2026,6-2,Christ School,"Atlanta, GA",43,167,90.06847826086955,3,6,,,39,,89,3,6,280110,Kingston Whitty,kingston-whitty-280110,SG,SG,2026,256256,2027,on3_hs_commits,https://www.on3.com/college/nc-state-wolfpack/basketball/2026/commits/,GA,2026-04-28T19:57:00,Committed,NC State,nc state,nc-state-wolfpack,165,/home/runner/work/ncaa-net-predictor/ncaa-net-predictor/data/raw/on3/hs_commits/2026/on3_hs_commits_2026_2026-09-05.json
2026-09-05T13:15:06+00:00,2026,6-8,Waukee Northwest,"Waukee, IA",32,88,93.05289855072463,4,2,,,26,70,93,4,2,251028,Colin Rice,colin-rice-251028,SF,SF,2026,226572,2027,on3_hs_commits,https://www.on3.com/college/nebraska-cornhuskers/basketball/2026/commits/,IA,2025-07-24T12:59:00,Signed,Nebraska,nebraska,nebraska-cornhuskers,180,/home/runner/work/ncaa-net-predictor/ncaa-net-predictor/data/raw/on3/hs_commits/2026/on3_hs_commits_2026_2026-09-05.json
2026-09-05T13:15:06+00:00,2026,6-5,Parkview Magnet,"Little Rock, AR",29,119,91.49565217391304,4,2,,,29,117,90,4,2,237569,Jacob Lanier,jacob-lanier-237569,SG,SG,2026,198158,2027,on3_hs_commits,https://www.on3.com/college/nebraska-cornhuskers/basketball/2026/commits/,AR,2025-11-09T16:13:00,Signed,Nebraska,nebraska,nebraska-cornhuskers,175,/home/runner/work/ncaa-net-predictor/ncaa-net-predictor/data/raw/on3/hs_commits/2026/on3_hs_commits_2026_2026-09-05.json
2026-09-05T13:15:06+00:00,2026,6-8,Parish Episcopal School,"Dallas, TX",43,328,84,3,26,,,42,,87,3,28,282050,Hudson Lucas,hudson-lucas-282050,C,C,2026,258440,2027,on3_hs_commits,https://www.on3.com/college/nevada-wolf-pack/basketball/2026/commits/,TX,2025-09-22T16:40:00,Committed,Nevada,nevada,nevada-wolf-pack,200,/home/runner/work/ncaa-net-predictor/ncaa-net-predictor/data/raw/on3/hs_commits/2026/on3_hs_commits_2026_2026-09-05.json
2026-09-05T13:15:06+00:00,2026,6-4,Redondo Union,"Redondo Beach, CA",36,150,90.36920289855072,3,15,,,45,,89,3,17,237869,SJ Madison,sj-madison-237869,SG,SG,2026,198476,2027,on3_hs_commits,https://www.on3.com/college/nevada-wolf-pack/basketball/2026/commits/,CA,2025-10-03T09:12:00,Committed,Nevada,nevada,nevada-wolf-pack,170,/home/runner/work/ncaa-net-predictor/ncaa-net-predictor/data/raw/on3/hs_commits/2026/on3_hs_commits_2026_2026-09-05.json
2026-09-05T13:15:06+00:00,2026,6-1,Atascocita,"Humble, TX",60,339,83.33333333333333,3,29,,,56,,86,3,31,280520,Jachai Cantave,jachai-cantave-280520,PG,PG,2026,256644,2027,on3_hs_commits,https://www.on3.com/college/new-mexico-state-aggies/basketball/2026/commits/,TX,2025-09-19T10:09:00,Committed,New Mexico State,new mexico state,new-mexico-state-aggies,160,/home/runner/work/ncaa-net-predictor/ncaa-net-predictor/data/raw/on3/hs_commits/2026/on3_hs_commits_2026_2026-09-05.json
2026-09-05T13:15:06+00:00,2026,6-1,John Curtis,"New Orleans, LA",,,,0,,,,,,,,,244494,Autrail Manning,autrail-manning-244494,PG,PG,2026,212347,2027,on3_hs_commits,https://www.on3.com/college/new-orleans-privateers/basketball/2026/commits/,LA,2026-04-02T22:03:00,Committed,New Orleans,new orleans,new-orleans-privateers,165,/home/runner/work/ncaa-net-predictor/ncaa-net-predictor/data/raw/on3/hs_commits/2026/on3_hs_commits_2026_2026-09-05.json
2026-09-05T13:15:06+00:00,2026,6-2,Our Saviour Lutheran School,"Bronx, NY",32,207,88.91304347826086,3,10,,,27,,88,3,7,237652,Jordan Skyers,jordan-skyers-237652,PG,PG,2026,198092,2027,on3_hs_commits,https://www.on3.com/college/norfolk-state-spartans/basketball/2026/commits/,NY,2026-03-29T15:04:00,Committed,Norfolk State,norfolk state,norfolk-state-spartans,175,/home/runner/work/ncaa-net-predictor/ncaa-net-predictor/data/raw/on3/hs_commits/2026/on3_hs_commits_2026_2026-09-05.json
2026-09-05T13:15:06+00:00,2026,6-2,Norview,"Norfolk, VA",,,,,,,,,,,,,286238,Keon Mitchell,keon-mitchell-286238,PG,PG,2026,267621,2027,on3_hs_commits,https://www.on3.com/college/norfolk-state-spartans/basketball/2026/commits/,VA,2026-04-16T18:05:00,Committed,Norfolk State,norfolk state,norfolk-state-spartans,170,/home/runner/work/ncaa-net-predictor/ncaa-net-predictor/data/raw/on3/hs_commits/2026/on3_hs_commits_2026_2026-09-05.json
2026-09-05T13:15:06+00:00,2026,6-11,Greece,Thessalonikis,,,,,,,,,,,,,287946,Alexandros Samodurov,alexandros-samodurov-287946,C,C,2026,270987,2027,on3_hs_commits,https://www.on3.com/college/north-carolina-tar-heels/basketball/2026/commits/,,2026-05-30T13:03:00,Committed,North Carolina,north carolina,north-carolina-tar-heels,,/home/runner/work/ncaa-net-predictor/ncaa-net-predictor/data/raw/on3/hs_commits/2026/on3_hs_commits_2026_2026-09-05.json
2026-09-05T13:15:06+00:00,2026,6-7,Sagemont Prep,"Pompano Beach, FL",37,104,92.15724637681159,4,19,,,40,131,89,3,21,237655,Kevin Thomas,kevin-thomas-237655,SF,SF,2026,198095,2027,on3_hs_commits,https://www.on3.com/college/north-carolina-tar-heels/basketball/2026/commits/,FL,2026-05-13T15:28:00,Committed,North Carolina,north carolina,north-carolina-tar-heels,190,/home/runner/work/ncaa-net-predictor/ncaa-net-predictor/data/raw/on3/hs_commits/2026/on3_hs_commits_2026_2026-09-05.json
2026-09-05T13:15:06+00:00,2026,6-6,Mater Dei,"Newport Beach, CA",65,380,82.4,3,32,,,,,80,3,,269678,Malloy Smith,malloy-smith-269678,PG,PG,2026,245807,2027,on3_hs_commits,https://www.on3.com/college/north-carolina-tar-heels/basketball/2026/commits/,CA,2026-03-06T21:30:00,Signed,North Carolina,north carolina,north-carolina-tar-heels,190,/home/runner/work/ncaa-net-predictor/ncaa-net-predictor/data/raw/on3/hs_commits/2026/on3_hs_commits_2026_2026-09-05.json
2026-09-05T13:15:06+00:00,2026,6-7,Sierra Canyon,"Harbor City, CA",9,29,97.17177419354839,4,4,,,7,22,97,4,4,237629,Maximo Adams,maximo-adams-237629,SF,SF,2026,198066,2027,on3_hs_commits,https://www.on3.com/college/north-carolina-tar-heels/basketball/2026/commits/,CA,2025-11-14T14:47:00,Signed,North Carolina,north carolina,north-carolina-tar-heels,200,/home/runner/work/ncaa-net-predictor/ncaa-net-predictor/data/raw/on3/hs_commits/2026/on3_hs_commits_2026_2026-09-05.json
2026-09-05T13:15:06+00:00,2026,7-0,FC Barcelona Lassa B,Bamako,2,17,98.2,4,,,,,,98,5,,259506,Sayon Keita,sayon-keita-259506,C,C,2026,234804,2027,on3_hs_commits,https://www.on3.com/college/north-carolina-tar-heels/basketball/2026/commits/,,2026-04-28T16:44:00,Committed,North Carolina,north carolina,north-carolina-tar-heels,,/home/runner/work/ncaa-net-predictor/ncaa-net-predictor/data/raw/on3/hs_commits/2026/on3_hs_commits_2026_2026-09-05.json
2026-09-05T13:15:06+00:00,2026,6-8,Pace Academy,"McKinney, TX",,,,0,,,,,,,,,260966,Aeneas Alexander,aeneas-alexander-260966,PF,PF,2026,236703,2027,on3_hs_commits,https://www.on3.com/college/north-texas-mean-green/basketball/2026/commits/,TX,2025-10-18T14:03:00,Signed,North Texas,north texas,north-texas-mean-green,210,/home/runner/work/ncaa-net-predictor/ncaa-net-predictor/data/raw/on3/hs_commits/2026/on3_hs_commits_2026_2026-09-05.json
2026-09-05T13:15:06+00:00,2026,6-7,Long Island Lutheran,"Brookville, NY",29,219,88.46666666666667,3,11,,,37,,88,3,11,236714,TJ Crumble,tj-crumble-236714,PF,PF,2026,196389,2027,on3_hs_commits,https://www.on3.com/college/north-texas-mean-green/basketball/2026/commits/,NY,2025-10-26T16:03:00,Signed,North Texas,north texas,north-texas-mean-green,205,/home/runner/work/ncaa-net-predictor/ncaa-net-predictor/data/raw/on3/hs_commits/2026/on3_hs_commits_2026_2026-09-05.json
2026-09-05T13:15:06+00:00,2026,6-5,Cy Ranch,"Cypress, TX",99,406,80.66666666666667,3,38,,,,,80,3,,280549,Josh Goodwin,josh-goodwin-280549,SG,SG,2026,256673,2027,on3_hs_commits,https://www.on3.com/college/northeastern-huskies/basketball/2026/commits/,TX,2026-03-30T16:38:00,Committed,Northeastern,northeastern,northeastern-huskies,190,/home/runner/work/ncaa-net-predictor/ncaa-net-predictor/data/raw/on3/hs_commits/2026/on3_hs_commits_2026_2026-09-05.json
2026-09-05T13:15:06+00:00,2026,6-8,Cedar Falls,"Cedar Falls, IA",74,400,82,3,7,,,65,,86,3,6,237690,William Gerdes,william-gerdes-237690,PF,PF,2026,198131,2027,on3_hs_commits,https://www.on3.com/college/northern-iowa-panthers/basketball/2026/commits/,IA,2025-08-18T21:54:00,Committed,Northern Iowa,northern iowa,northern-iowa-panthers,195,/home/runner/work/ncaa-net-predictor/ncaa-net-predictor/data/raw/on3/hs_commits/2026/on3_hs_commits_2026_2026-09-05.json
2026-09-05T13:15:06+00:00,2026,6-6,Montverde Academy,"Belmar, NJ",21,90,92.97246376811594,4,14,,,19,78,92,4,12,236716,Jayden Hodge,jayden-hodge-236716,SG,SG,2026,196391,2027,on3_hs_commits,https://www.on3.com/college/northwestern-wildcats/basketball/2026/commits/,NJ,2025-10-06T17:01:00,Signed,Northwestern,northwestern,northwestern-wildcats,190,/home/runner/work/ncaa-net-predictor/ncaa-net-predictor/data/raw/on3/hs_commits/2026/on3_hs_commits_2026_2026-09-05.json
2026-09-05T13:15:06+00:00,2026,7-2,Academy of Central Florida,"Saint Louis, MO",25,145,90.68115942028984,3,26,,,17,105,90,4,17,237561,Symon Ghai,symon-ghai-237561,C,C,2026,197899,2027,on3_hs_commits,https://www.on3.com/college/northwestern-wildcats/basketball/2026/commits/,MO,2025-10-24T13:18:00,Signed,Northwestern,northwestern,northwestern-wildcats,210,/home/runner/work/ncaa-net-predictor/ncaa-net-predictor/data/raw/on3/hs_commits/2026/on3_hs_commits_2026_2026-09-05.json
2026-09-05T13:15:06+00:00,2026,7-0,La Lumiere School,Ulaanbaatar,27,169,90.03695652173914,3,5,,,20,110,90,4,4,247790,Gan-Erdene Solongo,gan-erdene-solongo-247790,C,C,2026,219787,2027,on3_hs_commits,https://www.on3.com/college/notre-dame-fighting-irish/basketball/2026/commits/,,2025-06-09T08:01:00,Signed,Notre Dame,notre dame,notre-dame-fighting-irish,,/home/runner/work/ncaa-net-predictor/ncaa-net-predictor/data/raw/on3/hs_commits/2026/on3_hs_commits_2026_2026-09-05.json
2026-09-05T13:15:06+00:00,2026,6-2,La Lumiere School,"Saline, MI",14,85,93.2,4,3,,,14,99,91,4,3,237747,Jonathan Sanderson,jonathan-sanderson-237747,PG,PG,2026,198256,2027,on3_hs_commits,https://www.on3.com/college/notre-dame-fighting-irish/basketball/2026/commits/,MI,2025-06-08T11:00:00,Signed,Notre Dame,notre dame,notre-dame-fighting-irish,170,/home/runner/work/ncaa-net-predictor/ncaa-net-predictor/data/raw/on3/hs_commits/2026/on3_hs_commits_2026_2026-09-05.json
2026-09-05T13:15:06+00:00,2026,6-5,Saint Joseph,"South Bend, IN",95,395,82.33333333333333,3,11,,,80,,87,3,9,281496,Nick Shrewsberry,nick-shrewsberry-281496,SG,SG,2026,257768,2027,on3_hs_commits,https://www.on3.com/college/notre-dame-fighting-irish/basketball/2026/commits/,IN,2025-10-28T11:02:00,Signed,Notre Dame,notre dame,notre-dame-fighting-irish,,/home/runner/work/ncaa-net-predictor/ncaa-net-predictor/data/raw/on3/hs_commits/2026/on3_hs_commits_2026_2026-09-05.json
2026-09-05T13:15:06+00:00,2026,6-8,Prolific Prep,"Columbus, OH",49,171,89.98115942028986,3,28,,,50,,88,3,31,244602,Alex Smith,alex-smith-244602,SF,SF,2026,212489,2027,on3_hs_commits,https://www.on3.com/college/ohio-state-buckeyes/basketball/2026/commits/,OH,2024-09-02T11:27:00,Signed,Ohio State,ohio state,ohio-state-buckeyes,195,/home/runner/work/ncaa-net-predictor/ncaa-net-predictor/data/raw/on3/hs_commits/2026/on3_hs_commits_2026_2026-09-05.json
2026-09-05T13:15:06+00:00,2026,6-8,Western Reserve Academy,"Hudson, OH",5,12,98.46559139784947,5,1,,,3,8,98,5,1,241015,Anthony Thompson,anthony-thompson-241015,SF,SF,2026,205267,2027,on3_hs_commits,https://www.on3.com/college/ohio-state-buckeyes/basketball/2026/commits/,OH,2025-10-21T10:16:00,Signed,Ohio State,ohio state,ohio-state-buckeyes,200,/home/runner/work/ncaa-net-predictor/ncaa-net-predictor/data/raw/on3/hs_commits/2026/on3_hs_commits_2026_2026-09-05.json
2026-09-05T13:15:06+00:00,2026,6-4,Oak Hill Academy,"Lincolnton, NC",14,56,94.74143291257597,4,4,,,15,67,93,4,5,245395,LJ Smith,lj-smith-245395,SG,SG,2026,213895,2027,on3_hs_commits,https://www.on3.com/college/ohio-state-buckeyes/basketball/2026/commits/,NC,2025-11-20T10:02:00,Committed,Ohio State,ohio state,ohio-state-buckeyes,180,/home/runner/work/ncaa-net-predictor/ncaa-net-predictor/data/raw/on3/hs_commits/2026/on3_hs_commits_2026_2026-09-05.json
2026-09-05T13:15:06+00:00,2026,7-1,Wasatch Academy,Belgrade,53,377,82.66666666666667,3,13,,,32,,88,3,13,288373,Vuk Lazarevic,vuk-lazarevic-288373,C,C,2026,271491,2027,on3_hs_commits,https://www.on3.com/college/ohio-state-buckeyes/basketball/2026/commits/,,2026-05-08T15:19:00,Committed,Ohio State,ohio state,ohio-state-buckeyes,,/home/runner/work/ncaa-net-predictor/ncaa-net-predictor/data/raw/on3/hs_commits/2026/on3_hs_commits_2026_2026-09-05.json
2026-09-05T13:15:06+00:00,2026,6-7,Hale County,"Moundville, AL",33,92,92.73514492753623,4,1,,,34,92,91,4,1,251009,Gage Mayfield,gage-mayfield-251009,SF,SF,2026,226541,2027,on3_hs_commits,https://www.on3.com/college/oklahoma-sooners/basketball/2026/commits/,AL,2025-09-18T15:11:00,Committed,Oklahoma,oklahoma,oklahoma-sooners,190,/home/runner/work/ncaa-net-predictor/ncaa-net-predictor/data/raw/on3/hs_commits/2026/on3_hs_commits_2026_2026-09-05.json
2026-09-05T13:15:06+00:00,2026,6-4,Compass Prep,"Arlington, VA",15,59,94.58731884057971,4,8,,,16,73,93,4,8,236470,Quincy Wadley,quincy-wadley-236470,SG,SG,2026,196110,2027,on3_hs_commits,https://www.on3.com/college/oklahoma-sooners/basketball/2026/commits/,VA,2026-05-08T12:33:00,Committed,Oklahoma,oklahoma,oklahoma-sooners,185,/home/runner/work/ncaa-net-predictor/ncaa-net-predictor/data/raw/on3/hs_commits/2026/on3_hs_commits_2026_2026-09-05.json
2026-09-05T13:15:06+00:00,2026,6-5,Utah Prep,"Orem, UT",12,40,95.92971014492754,4,1,,,13,40,95,4,1,237701,Anthony Felesi,anthony-felesi-237701,SG,SG,2026,198144,2027,on3_hs_commits,https://www.on3.com/college/oklahoma-state-cowboys/basketball/2026/commits/,UT,2026-04-20T17:00:00,Committed,Oklahoma State,oklahoma state,oklahoma-state-cowboys,200,/home/runner/work/ncaa-net-predictor/ncaa-net-predictor/data/raw/on3/hs_commits/2026/on3_hs_commits_2026_2026-09-05.json
2026-09-05T13:15:06+00:00,2026,6-7,Owasso,"Owasso, OK",36,101,92.43260869565218,4,1,,,33,91,91,4,1,178795,Jalen Montonati,jalen-montonati-178795,SF,SF,2026,190841,2027,on3_hs_commits,https://www.on3.com/college/oklahoma-state-cowboys/basketball/2026/commits/,OK,2025-09-25T14:03:00,Signed,Oklahoma State,oklahoma state,oklahoma-state-cowboys,175,/home/runner/work/ncaa-net-predictor/ncaa-net-predictor/data/raw/on3/hs_commits/2026/on3_hs_commits_2026_2026-09-05.json
2026-09-05T13:15:06+00:00,2026,6-8,Petersburg,"Richmond, VA",5,37,96.37463768115941,4,2,,,5,38,95,4,2,156673,Latrell Allmond,latrell-allmond-156673,PF,PF,2026,174978,2027,on3_hs_commits,https://www.on3.com/college/oklahoma-state-cowboys/basketball/2026/commits/,VA,2025-10-13T09:20:00,Signed,Oklahoma State,oklahoma state,oklahoma-state-cowboys,225,/home/runner/work/ncaa-net-predictor/ncaa-net-predictor/data/raw/on3/hs_commits/2026/on3_hs_commits_2026_2026-09-05.json
2026-09-05T13:15:06+00:00,2026,6-5,Overtime Elite,"Olney, MD",42,164,90.24384057971015,3,10,,,49,,88,3,13,242298,Parker Robinson,parker-robinson-242298,SG,SG,2026,209304,2027,on3_hs_commits,https://www.on3.com/college/oklahoma-state-cowboys/basketball/2026/commits/,MD,2025-10-24T15:56:00,Signed,Oklahoma State,oklahoma state,oklahoma-state-cowboys,200,/home/runner/work/ncaa-net-predictor/ncaa-net-predictor/data/raw/on3/hs_commits/2026/on3_hs_commits_2026_2026-09-05.json
2026-09-05T13:15:06+00:00,2026,6-8,Cy Falls,"Franklin, TN",76,305,84.90398550724638,3,23,,,,,86,3,,286680,Daniel Patton,daniel-patton-286680,SF,SF,2026,268307,2027,on3_hs_commits,https://www.on3.com/college/ole-miss-rebels/basketball/2026/commits/,TN,2026-04-19T19:36:00,Committed,Ole Miss,mississippi,ole-miss-rebels,220,/home/runner/work/ncaa-net-predictor/ncaa-net-predictor/data/raw/on3/hs_commits/2026/on3_hs_commits_2026_2026-09-05.json
2026-09-05T13:15:06+00:00,2026,6-6,Wheeler,"Norcross, GA",50,172,89.97934782608696,3,13,,,64,,88,3,17,241159,Jaron Saulsberry,jaron-saulsberry-241159,SF,SF,2026,205449,2027,on3_hs_commits,https://www.on3.com/college/ole-miss-rebels/basketball/2026/commits/,GA,2025-10-01T12:00:00,Signed,Ole Miss,mississippi,ole-miss-rebels,180,/home/runner/work/ncaa-net-predictor/ncaa-net-predictor/data/raw/on3/hs_commits/2026/on3_hs_commits_2026_2026-09-05.json
2026-09-05T13:15:06+00:00,2026,6-2,Combine Academy,"Charlotte, NC",6,168,90.04311594202899,3,7,,,8,,88,3,8,237651,Yohance Connor,yohance-connor-237651,CG,CG,2026,198091,2027,on3_hs_commits,https://www.on3.com/college/ole-miss-rebels/basketball/2026/commits/,NC,2025-11-21T08:59:00,Signed,Ole Miss,mississippi,ole-miss-rebels,170,/home/runner/work/ncaa-net-predictor/ncaa-net-predictor/data/raw/on3/hs_commits/2026/on3_hs_commits_2026_2026-09-05.json
2026-09-05T13:15:06+00:00,2026,6-2,Owasso,"Owasso, OK",51,301,85,3,2,,,,,,,,260039,Boden Williams,boden-williams-260039,PG,PG,2026,235555,2027,on3_hs_commits,https://www.on3.com/college/oral-roberts-golden-eagles/basketball/2026/commits/,OK,2025-07-25T14:21:00,Committed,Oral Roberts,oral roberts,oral-roberts-golden-eagles,170,/home/runner/work/ncaa-net-predictor/ncaa-net-predictor/data/raw/on3/hs_commits/2026/on3_hs_commits_2026_2026-09-05.json
2026-09-05T13:15:06+00:00,2026,6-6,Reidsville,"Reidsville, NC",23,141,90.86739130434782,3,3,369,600000,33,,88,3,11,156450,Kendre' Harrison,kendre-harrison-156450,C,C,2026,189778,2027,on3_hs_commits,https://www.on3.com/college/oregon-ducks/basketball/2026/commits/,NC,2024-11-30T16:25:00,Committed,Oregon,oregon,oregon-ducks,250,/home/runner/work/ncaa-net-predictor/ncaa-net-predictor/data/raw/on3/hs_commits/2026/on3_hs_commits_2026_2026-09-05.json
2026-09-05T13:15:06+00:00,2026,6-4,Dynamic Prep,"Frisco, TX",55,183,89.65326086956523,3,12,,,63,,88,3,20,237649,Seven Spurlock,seven-spurlock-237649,SF,SF,2026,198088,2027,on3_hs_commits,https://www.on3.com/college/oregon-ducks/basketball/2026/commits/,TX,2026-03-29T20:09:00,Committed,Oregon,oregon,oregon-ducks,210,/home/runner/work/ncaa-net-predictor/ncaa-net-predictor/data/raw/on3/hs_commits/2026/on3_hs_commits_2026_2026-09-05.json
2026-09-05T13:15:06+00:00,2026,6-9,Link Academy,"Playa Del Rey, CA",12,39,96.14976624590932,4,2,,,8,28,96,4,2,179172,Tajh Ariza,tajh-ariza-179172,SF,SF,2026,191656,2027,on3_hs_commits,https://www.on3.com/college/oregon-ducks/basketball/2026/commits/,CA,2025-10-03T14:55:00,Signed,Oregon,oregon,oregon-ducks,200,/home/runner/work/ncaa-net-predictor/ncaa-net-predictor/data/raw/on3/hs_commits/2026/on3_hs_commits_2026_2026-09-05.json
2026-09-05T13:15:06+00:00,2026,6-9,Eastside Catholic,"Bellevue, WA",21,129,91.24420289855072,3,3,,,19,107,90,4,3,242261,Yeabsera Aklog,yeabsera-aklog-242261,C,C,2026,209262,2027,on3_hs_commits,https://www.on3.com/college/oregon-state-beavers/basketball/2026/commits/,WA,2026-04-05T10:10:00,Committed,Oregon State,oregon state,oregon-state-beavers,235,/home/runner/work/ncaa-net-predictor/ncaa-net-predictor/data/raw/on3/hs_commits/2026/on3_hs_commits_2026_2026-09-05.json
2026-09-05T13:15:06+00:00,2026,6-2,Colorado Prep,"Englewood, CO",56,213,88.8,3,1,,,68,,88,3,3,242301,Franck Belibi,franck-belibi-242301,SG,SG,2026,209307,2027,on3_hs_commits,https://www.on3.com/college/pacific-tigers/basketball/2026/commits/,CO,2025-08-06T17:29:00,Committed,Pacific,pacific,pacific-tigers,180,/home/runner/work/ncaa-net-predictor/ncaa-net-predictor/data/raw/on3/hs_commits/2026/on3_hs_commits_2026_2026-09-05.json
2026-09-05T13:15:06+00:00,2026,6-1,Royal Crown,"Toronto, OH",,,,,,,,,,,,,288573,Andy Gemao,andy-gemao-288573,PG,PG,2026,271722,2027,on3_hs_commits,https://www.on3.com/college/penn-state-nittany-lions/basketball/2026/commits/,OH,2026-05-08T15:01:00,Committed,Penn State,penn state,penn-state-nittany-lions,170,/home/runner/work/ncaa-net-predictor/ncaa-net-predictor/data/raw/on3/hs_commits/2026/on3_hs_commits_2026_2026-09-05.json
2026-09-05T13:15:06+00:00,2026,6-6,Elan Bearnais Pau-Lacq-Orthez,,,,,,,,,,,,,,287368,Francois Wibaut,francois-wibaut-287368,SF,SF,2026,269731,2027,on3_hs_commits,https://www.on3.com/college/penn-state-nittany-lions/basketball/2026/commits/,,2026-04-05T09:51:00,Committed,Penn State,penn state,penn-state-nittany-lions,205,/home/runner/work/ncaa-net-predictor/ncaa-net-predictor/data/raw/on3/hs_commits/2026/on3_hs_commits_2026_2026-09-05.json
2026-09-05T13:15:06+00:00,2026,6-5,East St. Louis,"Saint Louis, MI",21,187,89.4199275362319,3,2,,,57,,87,3,6,237678,Jamison White,jamison-white-237678,PF,PF,2026,198120,2027,on3_hs_commits,https://www.on3.com/college/penn-state-nittany-lions/basketball/2026/commits/,MI,2025-09-03T10:00:00,Signed,Penn State,penn state,penn-state-nittany-lions,180,/home/runner/work/ncaa-net-predictor/ncaa-net-predictor/data/raw/on3/hs_commits/2026/on3_hs_commits_2026_2026-09-05.json
2026-09-05T13:15:06+00:00,2026,6-9,Croatia,Zagreb,,,,,,,,,,,,,287369,Roko Prkacin,roko-prkacin-287369,PF,PF,2026,269732,2027,on3_hs_commits,https://www.on3.com/college/penn-state-nittany-lions/basketball/2026/commits/,,2026-04-05T09:55:00,Committed,Penn State,penn state,penn-state-nittany-lions,225,/home/runner/work/ncaa-net-predictor/ncaa-net-predictor/data/raw/on3/hs_commits/2026/on3_hs_commits_2026_2026-09-05.json
2026-09-05T13:15:06+00:00,2026,6-5,Montgomery,"Skillman, NJ",,,,0,,,,,,,,,260038,Ethan Lin,ethan-lin-260038,PG,PG,2026,235554,2027,on3_hs_commits,https://www.on3.com/college/pennsylvania-quakers/basketball/2026/commits/,NJ,2025-06-13T12:25:00,Committed,Pennsylvania,penn,pennsylvania-quakers,165,/home/runner/work/ncaa-net-predictor/ncaa-net-predictor/data/raw/on3/hs_commits/2026/on3_hs_commits_2026_2026-09-05.json
2026-09-05T13:15:06+00:00,2026,6-6,Blair Academy,"Blairstown, NJ",,,,0,,,,,,,,,288795,Isaiah Carroll,isaiah-carroll-288795,SF,SF,2026,271986,2027,on3_hs_commits,https://www.on3.com/college/pennsylvania-quakers/basketball/2026/commits/,NJ,2025-09-12T15:54:00,Committed,Pennsylvania,penn,pennsylvania-quakers,190,/home/runner/work/ncaa-net-predictor/ncaa-net-predictor/data/raw/on3/hs_commits/2026/on3_hs_commits_2026_2026-09-05.json
2026-09-05T13:15:06+00:00,2026,6-8,SPIRE Academy,"Miami, FL",22,64,94.29746376811593,4,3,,,24,64,93,4,2,236496,Alex Constanza,alex-constanza-236496,SF,SF,2026,196140,2027,on3_hs_commits,https://www.on3.com/college/pepperdine-waves/basketball/2026/commits/,FL,2026-06-09T16:19:00,Committed,Pepperdine,pepperdine,pepperdine-waves,205,/home/runner/work/ncaa-net-predictor/ncaa-net-predictor/data/raw/on3/hs_commits/2026/on3_hs_commits_2026_2026-09-05.json
2026-09-05T13:15:06+00:00,2026,6-1,Redondo Union,"Redondo Beach, CA",,,,0,,,,,,,,,285598,Chace Holley,chace-holley-285598,PG,PG,2026,266768,2027,on3_hs_commits,https://www.on3.com/college/pepperdine-waves/basketball/2026/commits/,CA,2026-02-08T09:23:00,Committed,Pepperdine,pepperdine,pepperdine-waves,160,/home/runner/work/ncaa-net-predictor/ncaa-net-predictor/data/raw/on3/hs_commits/2026/on3_hs_commits_2026_2026-09-05.json
2026-09-05T13:15:06+00:00,2026,6-8,IMG Academy,"Washington, DC",6,43,95.59927536231883,4,7,,,6,45,94,4,8,237757,Chase Foster,chase-foster-237757,PF,PF,2026,198282,2027,on3_hs_commits,https://www.on3.com/college/pittsburgh-panthers/basketball/2026/commits/,DC,2025-10-15T12:06:00,Signed,Pittsburgh,pittsburgh,pittsburgh-panthers,205,/home/runner/work/ncaa-net-predictor/ncaa-net-predictor/data/raw/on3/hs_commits/2026/on3_hs_commits_2026_2026-09-05.json
2026-09-05T13:15:06+00:00,2026,6-3,IMG Academy,"Riverview, FL",35,147,90.59710144927536,3,27,,,40,,89,3,26,242289,Jermal Jones Jr.,jermal-jones-jr-242289,SG,SG,2026,209293,2027,on3_hs_commits,https://www.on3.com/college/pittsburgh-panthers/basketball/2026/commits/,FL,2025-10-10T16:00:00,Signed,Pittsburgh,pittsburgh,pittsburgh-panthers,180,/home/runner/work/ncaa-net-predictor/ncaa-net-predictor/data/raw/on3/hs_commits/2026/on3_hs_commits_2026_2026-09-05.json
2026-09-05T13:15:06+00:00,2026,6-2,New Trier,"Winnetka, IL",78,315,84.56666666666666,3,6,,,,,,,,242287,Chris Kirkpatrick,chris-kirkpatrick-242287,SG,SG,2026,209291,2027,on3_hs_commits,https://www.on3.com/college/princeton-tigers/basketball/2026/commits/,IL,2025-07-24T12:48:00,Committed,Princeton,princeton,princeton-tigers,170,/home/runner/work/ncaa-net-predictor/ncaa-net-predictor/data/raw/on3/hs_commits/2026/on3_hs_commits_2026_2026-09-05.json
2026-09-05T13:15:06+00:00,2026,6-3,The Newman School,"Boston, MA",,,,0,,,,,,,,,280540,Louis O'Keefe,louis-okeefe-280540,SG,SG,2026,256665,2027,on3_hs_commits,https://www.on3.com/college/princeton-tigers/basketball/2026/commits/,MA,2025-06-08T13:03:00,Committed,Princeton,princeton,princeton-tigers,180,/home/runner/work/ncaa-net-predictor/ncaa-net-predictor/data/raw/on3/hs_commits/2026/on3_hs_commits_2026_2026-09-05.json
2026-09-05T13:15:06+00:00,2026,6-6,Overtime Elite,"Pinson, AL",46,165,90.1536231884058,3,11,,,38,122,89,3,9,237712,Clyde Walters,clyde-walters-237712,SF,SF,2026,198155,2027,on3_hs_commits,https://www.on3.com/college/providence-friars/basketball/2026/commits/,AL,2026-06-06T19:58:00,Committed,Providence,providence,providence-friars,185,/home/runner/work/ncaa-net-predictor/ncaa-net-predictor/data/raw/on3/hs_commits/2026/on3_hs_commits_2026_2026-09-05.json
2026-09-05T13:15:06+00:00,2026,6-6,PHHoenix Prep,"Harlem, NY",11,36,96.54963768115942,4,4,,,14,42,95,4,4,245325,Javon Bardwell,javon-bardwell-245325,SF,SF,2026,213791,2027,on3_hs_commits,https://www.on3.com/college/providence-friars/basketball/2026/commits/,NY,2026-08-30T16:33:00,Committed,Providence,providence,providence-friars,175,/home/runner/work/ncaa-net-predictor/ncaa-net-predictor/data/raw/on3/hs_commits/2026/on3_hs_commits_2026_2026-09-05.json
2026-09-05T13:15:06+00:00,2026,6-6,La Lumiere School,"Kearney, NE",25,71,93.75434782608694,4,2,,,23,62,93,4,2,244443,Jacob Webber,jacob-webber-244443,SF,SF,2026,212295,2027,on3_hs_commits,https://www.on3.com/college/purdue-boilermakers/basketball/2026/commits/,NE,2025-09-02T08:57:00,Signed,Purdue,purdue,purdue-boilermakers,175,/home/runner/work/ncaa-net-predictor/ncaa-net-predictor/data/raw/on3/hs_commits/2026/on3_hs_commits_2026_2026-09-05.json
2026-09-05T13:15:06+00:00,2026,6-9,Springville,"Springville, UT",28,178,89.78985507246377,3,7,,,31,,88,3,12,244449,Jamyn Sondrup,jamyn-sondrup-244449,C,C,2026,212301,2027,on3_hs_commits,https://www.on3.com/college/purdue-boilermakers/basketball/2026/commits/,UT,2026-03-19T20:09:00,Committed,Purdue,purdue,purdue-boilermakers,225,/home/runner/work/ncaa-net-predictor/ncaa-net-predictor/data/raw/on3/hs_commits/2026/on3_hs_commits_2026_2026-09-05.json
2026-09-05T13:15:06+00:00,2026,6-1,Mount Vernon,"Mount Vernon, IN",5,45,95.40978260869565,4,1,,,5,41,95,4,1,244883,Luke Ertel,luke-ertel-244883,PG,PG,2026,213726,2027,on3_hs_commits,https://www.on3.com/college/purdue-boilermakers/basketball/2026/commits/,IN,2024-08-27T21:18:00,Signed,Purdue,purdue,purdue-boilermakers,175,/home/runner/work/ncaa-net-predictor/ncaa-net-predictor/data/raw/on3/hs_commits/2026/on3_hs_commits_2026_2026-09-05.json
2026-09-05T13:15:06+00:00,2026,6-8,La Lumiere School,"Durham, NC",23,201,89.11376811594202,3,6,,,49,,87,3,10,179404,Rivers Knight,rivers-knight-179404,PF,PF,2026,192114,2027,on3_hs_commits,https://www.on3.com/college/purdue-boilermakers/basketball/2026/commits/,NC,2025-09-28T15:05:00,Signed,Purdue,purdue,purdue-boilermakers,190,/home/runner/work/ncaa-net-predictor/ncaa-net-predictor/data/raw/on3/hs_commits/2026/on3_hs_commits_2026_2026-09-05.json
2026-09-05T13:15:06+00:00,2026,7-0,Georgetown Preparatory School,"Windermere, FL",10,75,93.47898550724638,4,3,,,12,75,92,4,3,237637,Sinan Huan,sinan-huan-237637,C,C,2026,198077,2027,on3_hs_commits,https://www.on3.com/college/purdue-boilermakers/basketball/2026/commits/,FL,2025-11-12T18:01:00,Committed,Purdue,purdue,purdue-boilermakers,220,/home/runner/work/ncaa-net-predictor/ncaa-net-predictor/data/raw/on3/hs_commits/2026/on3_hs_commits_2026_2026-09-05.json
2026-09-05T13:15:06+00:00,2026,6-1,Blair Academy,"East Stroudsburg, PA",5,146,90.63369565217391,3,3,,,4,129,89,3,3,247788,Jaen Chatman,jaen-chatman-247788,CG,CG,2026,219785,2027,on3_hs_commits,https://www.on3.com/college/rhode-island-rams/basketball/2026/commits/,PA,2025-10-07T18:34:00,Committed,Rhode Island,rhode island,rhode-island-rams,190,/home/runner/work/ncaa-net-predictor/ncaa-net-predictor/data/raw/on3/hs_commits/2026/on3_hs_commits_2026_2026-09-05.json
2026-09-05T13:15:06+00:00,2026,6-7,Webb School of Knoxville,"Knoxville, TN",,,,,,,,,,,,,282396,Alex Leeth,alex-leeth-282396,SF,SF,2026,258894,2027,on3_hs_commits,https://www.on3.com/college/rice-owls/basketball/2026/commits/,TN,2025-08-31T13:41:00,Signed,Rice,rice,rice-owls,195,/home/runner/work/ncaa-net-predictor/ncaa-net-predictor/data/raw/on3/hs_commits/2026/on3_hs_commits_2026_2026-09-05.json
2026-09-05T13:15:06+00:00,2026,6-1,Greenhill School,"Addison, TX",,,,0,,,,,,,,,288797,Jaxson Thompson,jaxson-thompson-288797,CG,CG,2026,271988,2027,on3_hs_commits,https://www.on3.com/college/rice-owls/basketball/2026/commits/,TX,2025-11-13T16:12:00,Committed,Rice,rice,rice-owls,165,/home/runner/work/ncaa-net-predictor/ncaa-net-predictor/data/raw/on3/hs_commits/2026/on3_hs_commits_2026_2026-09-05.json
2026-09-05T13:15:06+00:00,2026,5-9,Olathe North,"Olathe, KS",52,302,84.96739130434781,3,1,,,51,,87,3,2,243849,Sam Simmons,sam-simmons-243849,PG,PG,2026,235174,2027,on3_hs_commits,https://www.on3.com/college/richmond-spiders/basketball/2026/commits/,KS,2025-07-31T12:09:00,Committed,Richmond,richmond,richmond-spiders,160,/home/runner/work/ncaa-net-predictor/ncaa-net-predictor/data/raw/on3/hs_commits/2026/on3_hs_commits_2026_2026-09-05.json
2026-09-05T13:15:06+00:00,2026,6-7,Ratiopharm Ulm,Milano,78,318,84.33333333333333,3,,,,,,93,4,,259510,Diego Garavaglia,diego-garavaglia-259510,SF,SF,2026,234809,2027,on3_hs_commits,https://www.on3.com/college/rutgers-scarlet-knights/basketball/2026/commits/,,2026-07-07T15:17:00,Enrolled,Rutgers,rutgers,rutgers-scarlet-knights,200,/home/runner/work/ncaa-net-predictor/ncaa-net-predictor/data/raw/on3/hs_commits/2026/on3_hs_commits_2026_2026-09-05.json
2026-09-05T13:15:06+00:00,2026,6-4,Redemption Christian Academy,"Troy, NY",8,189,89.38876811594203,3,8,,,7,,88,3,10,237640,Imahri Wooten,imahri-wooten-237640,CG,CG,2026,198080,2027,on3_hs_commits,https://www.on3.com/college/rutgers-scarlet-knights/basketball/2026/commits/,NY,2026-06-09T17:27:00,Committed,Rutgers,rutgers,rutgers-scarlet-knights,180,/home/runner/work/ncaa-net-predictor/ncaa-net-predictor/data/raw/on3/hs_commits/2026/on3_hs_commits_2026_2026-09-05.json
2026-09-05T13:15:06+00:00,2026,6-1,Heritage,"McKinney, TX",22,148,90.59528985507247,3,9,,,21,,89,3,9,244495,Cameron Lomax,cameron-lomax-244495,PG,PG,2026,212348,2027,on3_hs_commits,https://www.on3.com/college/smu-mustangs/basketball/2026/commits/,TX,2025-10-06T11:00:00,Enrolled,SMU,smu,smu-mustangs,165,/home/runner/work/ncaa-net-predictor/ncaa-net-predictor/data/raw/on3/hs_commits/2026/on3_hs_commits_2026_2026-09-05.json
2026-09-05T13:15:06+00:00,2026,6-8,Poland,"Zielona Góra, LUB",,,,,,,,,,,,,287947,Jakub Szumert,jakub-szumert-287947,C,C,2026,270988,2027,on3_hs_commits,https://www.on3.com/college/smu-mustangs/basketball/2026/commits/,LUB,2026-06-24T12:57:00,Committed,SMU,smu,smu-mustangs,,/home/runner/work/ncaa-net-predictor/ncaa-net-predictor/data/raw/on3/hs_commits/2026/on3_hs_commits_2026_2026-09-05.json
2026-09-05T13:15:06+00:00,2026,6-2,North Mecklenburg,"Huntersville, NC",10,218,88.53586956521738,3,10,,,13,,87,3,14,237576,Ashton Pierce,ashton-pierce-237576,CG,CG,2026,197913,2027,on3_hs_commits,https://www.on3.com/college/sacramento-state-hornets/basketball/2026/commits/,NC,2025-10-25T16:41:00,Committed,Sacramento State,sacramento state,sacramento-state-hornets,165,/home/runner/work/ncaa-net-predictor/ncaa-net-predictor/data/raw/on3/hs_commits/2026/on3_hs_commits_2026_2026-09-05.json
2026-09-05T13:15:06+00:00,2026,6-6,Wasatch Academy,"Oradell, NJ",51,173,89.97572463768115,3,6,,,54,,88,3,10,236713,Chidi Nwigwe,chidi-nwigwe-236713,SF,SF,2026,196388,2027,on3_hs_commits,https://www.on3.com/college/sacramento-state-hornets/basketball/2026/commits/,NJ,2026-05-24T12:41:00,Committed,Sacramento State,sacramento state,sacramento-state-hornets,190,/home/runner/work/ncaa-net-predictor/ncaa-net-predictor/data/raw/on3/hs_commits/2026/on3_hs_commits_2026_2026-09-05.json
2026-09-05T13:15:06+00:00,2026,6-3,Mount Saint Joseph,"Baltimore, MD",77,306,84.90036231884059,3,9,,,91,,86,3,10,280507,BJ Ranson,bj-ranson-280507,SG,SG,2026,256631,2027,on3_hs_commits,https://www.on3.com/college/saint-josephs-hawks/basketball/2026/commits/,MD,2025-06-18T16:48:00,Committed,Saint Joseph's University,saint josephs,saint-josephs-hawks,,/home/runner/work/ncaa-net-predictor/ncaa-net-predictor/data/raw/on3/hs_commits/2026/on3_hs_commits_2026_2026-09-05.json
2026-09-05T13:15:06+00:00,2026,6-2,Our Saviour Lutheran School,"Bronx, NY",25,162,90.24746376811595,3,6,,,34,,88,3,8,237575,Jermel Thomas,jermel-thomas-237575,PG,PG,2026,197912,2027,on3_hs_commits,https://www.on3.com/college/saint-louis-billikens/basketball/2026/commits/,NY,2025-08-04T10:59:00,Committed,Saint Louis,saint louis,saint-louis-billikens,170,/home/runner/work/ncaa-net-predictor/ncaa-net-predictor/data/raw/on3/hs_commits/2026/on3_hs_commits_2026_2026-09-05.json
2026-09-05T13:15:06+00:00,2026,6-0,Bishop O'Connell,"Washington, DC",11,70,93.77028985507248,4,5,,,12,79,92,4,6,242291,Darius Bivins,darius-bivins-242291,PG,PG,2026,209296,2027,on3_hs_commits,https://www.on3.com/college/saint-marys-gaels/basketball/2026/commits/,DC,2026-05-11T11:54:00,Committed,Saint Mary's College of California,saint marys,saint-marys-gaels,165,/home/runner/work/ncaa-net-predictor/ncaa-net-predictor/data/raw/on3/hs_commits/2026/on3_hs_commits_2026_2026-09-05.json
2026-09-05T13:15:06+00:00,2026,6-11,Battle Ground Academy,"Franklin, TN",,,,,,,,,,,,,285910,Lawson Lee,lawson-lee-285910,C,C,2026,267218,2027,on3_hs_commits,https://www.on3.com/college/samford-bulldogs/basketball/2026/commits/,TN,2025-08-04T20:33:00,Signed,Samford,samford,samford-bulldogs,220,/home/runner/work/ncaa-net-predictor/ncaa-net-predictor/data/raw/on3/hs_commits/2026/on3_hs_commits_2026_2026-09-05.json
2026-09-05T13:15:06+00:00,2026,6-7,JSerra Catholic,"Santa Ana, CA",56,188,89.39601449275362,3,20,,,60,,88,3,24,237654,Brannon Martinsen,brannon-martinsen-237654,SF,SF,2026,198094,2027,on3_hs_commits,https://www.on3.com/college/san-diego-toreros/basketball/2026/commits/,CA,2026-04-14T07:07:00,Committed,San Diego,san diego,san-diego-toreros,180,/home/runner/work/ncaa-net-predictor/ncaa-net-predictor/data/raw/on3/hs_commits/2026/on3_hs_commits_2026_2026-09-05.json
2026-09-05T13:15:06+00:00,2026,6-5,Notre Dame,"Sherman Oaks, CA",68,268,85.85144927536231,3,26,,,69,,88,3,25,246696,Zach White,zach-white-246696,SF,SF,2026,216175,2027,on3_hs_commits,https://www.on3.com/college/san-diego-state-aztecs/basketball/2026/commits/,CA,2025-09-08T18:25:00,Committed,San Diego State,san diego state,san-diego-state-aztecs,170,/home/runner/work/ncaa-net-predictor/ncaa-net-predictor/data/raw/on3/hs_commits/2026/on3_hs_commits_2026_2026-09-05.json
2026-09-05T13:15:06+00:00,2026,6-2,Bella Vista College Preparatory School,"Tucson, AZ",58,224,88.13333333333334,3,14,,,,,88,3,,245497,Rokiem Green,rokiem-green-245497,SG,SG,2026,214032,2027,on3_hs_commits,https://www.on3.com/college/san-jose-state-spartans/basketball/2026/commits/,AZ,2025-11-12T19:28:00,Committed,San Jose State,san jose state,san-jose-state-spartans,175,/home/runner/work/ncaa-net-predictor/ncaa-net-predictor/data/raw/on3/hs_commits/2026/on3_hs_commits_2026_2026-09-05.json
2026-09-05T13:15:06+00:00,2026,7-1,Compass Prep,"Denver, CO",,,,,,,,,,,,,259480,Alexander Ensor,alexander-ensor-259480,C,C,2026,234767,2027,on3_hs_commits,https://www.on3.com/college/santa-clara-broncos/basketball/2026/commits/,CO,2025-11-03T22:48:16,Committed,Santa Clara University,santa clara,santa-clara-broncos,225,/home/runner/work/ncaa-net-predictor/ncaa-net-predictor/data/raw/on3/hs_commits/2026/on3_hs_commits_2026_2026-09-05.json
2026-09-05T13:15:06+00:00,2026,6-2,Brewster Academy,"Troy, NY",39,158,90.27463768115942,3,1,,,46,,88,3,1,237755,Darien Moore,darien-moore-237755,SG,SG,2026,198277,2027,on3_hs_commits,https://www.on3.com/college/seton-hall-pirates/basketball/2026/commits/,NY,2025-02-06T13:47:00,Committed,Seton Hall,seton hall,seton-hall-pirates,175,/home/runner/work/ncaa-net-predictor/ncaa-net-predictor/data/raw/on3/hs_commits/2026/on3_hs_commits_2026_2026-09-05.json
2026-09-05T13:15:06+00:00,2026,6-2,Garfield Heights,"Cleveland, OH",12,77,93.4695652173913,4,4,,,17,118,90,4,7,176179,Marcus Johnson,marcus-johnson-176179,PG,PG,2026,186351,2027,on3_hs_commits,https://www.on3.com/college/south-carolina-gamecocks/basketball/2026/commits/,OH,2025-11-13T17:00:00,Signed,South Carolina,south carolina,south-carolina-gamecocks,175,/home/runner/work/ncaa-net-predictor/ncaa-net-predictor/data/raw/on3/hs_commits/2026/on3_hs_commits_2026_2026-09-05.json
2026-09-05T13:15:06+00:00,2026,6-8,Overtime Elite,Rio De Janeiro,74,292,85.33333333333333,3,23,,,,,96,4,,259505,Mathias Alessanco,mathias-alessanco-259505,SF,SF,2026,234802,2027,on3_hs_commits,https://www.on3.com/college/south-carolina-gamecocks/basketball/2026/commits/,,2026-06-19T08:40:00,Committed,South Carolina,south carolina,south-carolina-gamecocks,235,/home/runner/work/ncaa-net-predictor/ncaa-net-predictor/data/raw/on3/hs_commits/2026/on3_hs_commits_2026_2026-09-05.json
2026-09-05T13:15:06+00:00,2026,6-1,Glenbard East,"Lombard, IL",79,320,84.33333333333333,3,7,,,61,,88,3,1,261395,Michael Nee,michael-nee-261395,SG,SG,2026,237245,2027,on3_hs_commits,https://www.on3.com/college/south-dakota-coyotes/basketball/2026/commits/,IL,2025-08-19T09:21:00,Committed,South Dakota,south dakota,south-dakota-coyotes,170,/home/runner/work/ncaa-net-predictor/ncaa-net-predictor/data/raw/on3/hs_commits/2026/on3_hs_commits_2026_2026-09-05.json
2026-09-05T13:15:06+00:00,2026,6-4,St. Xavier,"Louisville, KY",,,,0,,,,,,,,,280553,Jeremiah Jackson,jeremiah-jackson-280553,SF,SF,2026,256676,2027,on3_hs_commits,https://www.on3.com/college/southern-illinois-salukis/basketball/2026/commits/,KY,2025-11-13T10:43:00,Signed,Southern Illinois,southern illinois,southern-illinois-salukis,190,/home/runner/work/ncaa-net-predictor/ncaa-net-predictor/data/raw/on3/hs_commits/2026/on3_hs_commits_2026_2026-09-05.json
2026-09-05T13:15:06+00:00,2026,6-8,Pinckneyville Comm,"Pinckneyville, IL",,,,0,,,,,,,,,280558,Ty Laur,ty-laur-280558,C,C,2026,256682,2027,on3_hs_commits,https://www.on3.com/college/southern-illinois-salukis/basketball/2026/commits/,IL,2025-07-29T11:51:00,Committed,Southern Illinois,southern illinois,southern-illinois-salukis,225,/home/runner/work/ncaa-net-predictor/ncaa-net-predictor/data/raw/on3/hs_commits/2026/on3_hs_commits_2026_2026-09-05.json
2026-09-05T13:15:06+00:00,2026,6-10,Serbia,Belgrade,59,331,83.66666666666667,3,,,,,,91,4,,259513,Lazar Stojkovic,lazar-stojkovic-259513,PF,PF,2026,234812,2027,on3_hs_commits,https://www.on3.com/college/st-johns-red-storm/basketball/2026/commits/,,2026-04-21T09:31:00,Committed,St. John's,saint johns,st-johns-red-storm,,/home/runner/work/ncaa-net-predictor/ncaa-net-predictor/data/raw/on3/hs_commits/2026/on3_hs_commits_2026_2026-09-05.json
2026-09-05T13:15:06+00:00,2026,6-2,Olimpia Milano,Sheffield,,,,,,,,,,,,,244422,Quinn Ellis,quinn-ellis-244422,PG,PG,2026,270192,2027,on3_hs_commits,https://www.on3.com/college/st-johns-red-storm/basketball/2026/commits/,,2026-04-14T13:12:00,Committed,St. John's,saint johns,st-johns-red-storm,190,/home/runner/work/ncaa-net-predictor/ncaa-net-predictor/data/raw/on3/hs_commits/2026/on3_hs_commits_2026_2026-09-05.json
2026-09-05T13:15:06+00:00,2026,7-0,Cushing Academy,"Ashburnham, MA",14,106,92.10471014492754,4,4,,,11,72,93,4,3,249700,Theo Edema,theo-edema-249700,C,C,2026,222610,2027,on3_hs_commits,https://www.on3.com/college/st-johns-red-storm/basketball/2026/commits/,MA,2026-05-17T17:12:00,Committed,St. John's,saint johns,st-johns-red-storm,235,/home/runner/work/ncaa-net-predictor/ncaa-net-predictor/data/raw/on3/hs_commits/2026/on3_hs_commits_2026_2026-09-05.json
2026-09-05T13:15:06+00:00,2026,6-6,IMG Academy,"Sugar Land, TX",18,76,93.47355072463768,4,12,,,17,76,92,4,11,245495,Aziz Olajuwon,aziz-olajuwon-245495,SG,SG,2026,214030,2027,on3_hs_commits,https://www.on3.com/college/stanford-cardinal/basketball/2026/commits/,TX,2025-09-20T14:45:00,Signed,Stanford,stanford,stanford-cardinal,205,/home/runner/work/ncaa-net-predictor/ncaa-net-predictor/data/raw/on3/hs_commits/2026/on3_hs_commits_2026_2026-09-05.json
2026-09-05T13:15:06+00:00,2026,6-9,Santa Margarita Catholic,"Rancho Santa Margarita, CA",24,144,90.69021739130434,3,14,,,24,150,89,3,16,244078,Drew Anderson,drew-anderson-244078,C,C,2026,211802,2027,on3_hs_commits,https://www.on3.com/college/stanford-cardinal/basketball/2026/commits/,CA,2026-03-23T16:31:00,Signed,Stanford,stanford,stanford-cardinal,215,/home/runner/work/ncaa-net-predictor/ncaa-net-predictor/data/raw/on3/hs_commits/2026/on3_hs_commits_2026_2026-09-05.json
2026-09-05T13:15:06+00:00,2026,6-5,Salesian College Preparatory,"Richmond, CA",34,143,90.75,3,13,,,37,143,89,3,13,242290,Elias Obenyah,elias-obenyah-242290,SG,SG,2026,209294,2027,on3_hs_commits,https://www.on3.com/college/stanford-cardinal/basketball/2026/commits/,CA,2025-09-22T15:54:00,Signed,Stanford,stanford,stanford-cardinal,180,/home/runner/work/ncaa-net-predictor/ncaa-net-predictor/data/raw/on3/hs_commits/2026/on3_hs_commits_2026_2026-09-05.json
2026-09-05T13:15:06+00:00,2026,6-2,St. Joseph,"Santa Maria, CA",37,156,90.31992753623189,3,17,,,47,,88,3,21,237754,Julius Price,julius-price-237754,SG,SG,2026,198274,2027,on3_hs_commits,https://www.on3.com/college/stanford-cardinal/basketball/2026/commits/,CA,2025-11-13T14:22:00,Signed,Stanford,stanford,stanford-cardinal,170,/home/runner/work/ncaa-net-predictor/ncaa-net-predictor/data/raw/on3/hs_commits/2026/on3_hs_commits_2026_2026-09-05.json
2026-09-05T13:15:06+00:00,2026,6-2,Centennial,"Corona, CA",19,114,91.7692028985507,4,8,,,13,96,91,4,7,242299,Slim Rogers,slim-rogers-242299,PG,PG,2026,209305,2027,on3_hs_commits,https://www.on3.com/college/stanford-cardinal/basketball/2026/commits/,CA,2025-07-31T09:44:00,Signed,Stanford,stanford,stanford-cardinal,170,/home/runner/work/ncaa-net-predictor/ncaa-net-predictor/data/raw/on3/hs_commits/2026/on3_hs_commits_2026_2026-09-05.json
2026-09-05T13:15:06+00:00,2026,6-7,Skyline Prep,"Evansville, IN",,,,0,,,,,,,,,238302,Braylen Langley,braylen-langley-238302,SF,SF,2026,199048,2027,on3_hs_commits,https://www.on3.com/college/stephen-f-austin-lumberjacks/basketball/2026/commits/,IN,2025-09-28T15:53:00,Committed,Stephen F. Austin,stephen f austin,stephen-f-austin-lumberjacks,170,/home/runner/work/ncaa-net-predictor/ncaa-net-predictor/data/raw/on3/hs_commits/2026/on3_hs_commits_2026_2026-09-05.json
2026-09-05T13:15:06+00:00,2026,6-1,Riviera Prep,"Fort Lauderdale, FL",39,239,87.05579710144929,3,31,,,,,,,,244496,Mason Fuentes,mason-fuentes-244496,PG,PG,2026,212349,2027,on3_hs_commits,https://www.on3.com/college/stetson-hatters/basketball/2026/commits/,FL,2025-10-22T16:13:00,Signed,Stetson,stetson,stetson-hatters,165,/home/runner/work/ncaa-net-predictor/ncaa-net-predictor/data/raw/on3/hs_commits/2026/on3_hs_commits_2026_2026-09-05.json
2026-09-05T13:15:06+00:00,2026,6-11,KK Mega,Belgrade,,,,,,,,,,,,,287576,Abdramane Siby,abdramane-siby-287576,C,C,2026,270265,2027,on3_hs_commits,https://www.on3.com/college/syracuse-orange/basketball/2026/commits/,,2026-04-15T13:11:00,Committed,Syracuse,syracuse,syracuse-orange,210,/home/runner/work/ncaa-net-predictor/ncaa-net-predictor/data/raw/on3/hs_commits/2026/on3_hs_commits_2026_2026-09-05.json
2026-09-05T13:15:06+00:00,2026,7-0,Elev8 Sports Institute,"Delray Beach, FL",,,,,,,,,,,,,289013,Iker Martinez,iker-martinez-289013,C,C,2026,272293,2027,on3_hs_commits,https://www.on3.com/college/syracuse-orange/basketball/2026/commits/,FL,2026-05-19T15:27:00,Signed,Syracuse,syracuse,syracuse-orange,230,/home/runner/work/ncaa-net-predictor/ncaa-net-predictor/data/raw/on3/hs_commits/2026/on3_hs_commits_2026_2026-09-05.json
2026-09-05T13:15:06+00:00,2026,6-7,Slovenia,Postojna,,,,,,,,,,,,,287284,Mark Morano Mahmutovic,mark-morano-mahmutovic-287284,SF,SF,2026,269333,2027,on3_hs_commits,https://www.on3.com/college/syracuse-orange/basketball/2026/commits/,,2026-04-06T09:23:00,Committed,Syracuse,syracuse,syracuse-orange,,/home/runner/work/ncaa-net-predictor/ncaa-net-predictor/data/raw/on3/hs_commits/2026/on3_hs_commits_2026_2026-09-05.json
2026-09-05T13:15:06+00:00,2026,6-0,Cushing Academy,"Ashburnham, MA",24,155,90.35108695652174,3,5,,,26,,89,3,6,248938,Ryan Moesch,ryan-moesch-248938,PG,PG,2026,221383,2027,on3_hs_commits,https://www.on3.com/college/syracuse-orange/basketball/2026/commits/,MA,2026-04-14T13:02:00,Committed,Syracuse,syracuse,syracuse-orange,170,/home/runner/work/ncaa-net-predictor/ncaa-net-predictor/data/raw/on3/hs_commits/2026/on3_hs_commits_2026_2026-09-05.json
2026-09-05T13:15:06+00:00,2026,6-4,Father Judge,"Philadelphia, PA",72,270,85.83152173913044,3,6,,,77,,87,3,6,260523,Derrick Morton-Rivera,derrick-morton-rivera-260523,SG,SG,2026,236120,2027,on3_hs_commits,https://www.on3.com/college/temple-owls/basketball/2026/commits/,PA,2025-09-09T10:04:00,Signed,Temple,temple,temple-owls,165,/home/runner/work/ncaa-net-predictor/ncaa-net-predictor/data/raw/on3/hs_commits/2026/on3_hs_commits_2026_2026-09-05.json
2026-09-05T13:15:06+00:00,2026,6-9,Providence Christian Academy,"Gainesville, FL",20,60,94.4304347826087,4,1,,,18,51,94,4,1,236712,Chris Washington Jr.,chris-washington-jr-236712,SF,SF,2026,196387,2027,on3_hs_commits,https://www.on3.com/college/tennessee-volunteers/basketball/2026/commits/,FL,2026-04-16T15:47:00,Enrolled,Tennessee,tennessee,tennessee-volunteers,200,/home/runner/work/ncaa-net-predictor/ncaa-net-predictor/data/raw/on3/hs_commits/2026/on3_hs_commits_2026_2026-09-05.json
2026-09-05T13:15:06+00:00,2026,6-6,Cedar Grove,"Ellenwood, GA",38,157,90.31811594202898,3,9,,,55,,88,3,14,237691,Manny Green,manny-green-237691,SG,SG,2026,198133,2027,on3_hs_commits,https://www.on3.com/college/tennessee-volunteers/basketball/2026/commits/,GA,2025-10-10T16:10:00,Enrolled,Tennessee,tennessee,tennessee-volunteers,205,/home/runner/work/ncaa-net-predictor/ncaa-net-predictor/data/raw/on3/hs_commits/2026/on3_hs_commits_2026_2026-09-05.json
2026-09-05T13:15:06+00:00,2026,6-1,Whitney Young,"Chicago, IL",38,228,87.93913043478261,3,3,,,49,,87,3,5,237676,Marquis Clark,marquis-clark-237676,PG,PG,2026,198117,2027,on3_hs_commits,https://www.on3.com/college/tennessee-volunteers/basketball/2026/commits/,IL,2025-10-15T19:21:00,Enrolled,Tennessee,tennessee,tennessee-volunteers,185,/home/runner/work/ncaa-net-predictor/ncaa-net-predictor/data/raw/on3/hs_commits/2026/on3_hs_commits_2026_2026-09-05.json
2026-09-05T13:15:06+00:00,2026,6-8,IMG Academy,Paget Parish,27,79,93.39311594202897,4,13,,,31,88,91,4,14,261187,Ralph Scott,ralph-scott-261187,SF,SF,2026,236954,2027,on3_hs_commits,https://www.on3.com/college/tennessee-volunteers/basketball/2026/commits/,,2025-09-30T15:54:00,Enrolled,Tennessee,tennessee,tennessee-volunteers,185,/home/runner/work/ncaa-net-predictor/ncaa-net-predictor/data/raw/on3/hs_commits/2026/on3_hs_commits_2026_2026-09-05.json
2026-09-05T13:15:06+00:00,2026,6-5,Dynamic Prep,"Melissa, TX",8,27,97.37359747545582,4,2,,,11,35,95,4,4,241161,Austin Goosby,austin-goosby-241161,SF,SF,2026,205451,2027,on3_hs_commits,https://www.on3.com/college/texas-longhorns/basketball/2026/commits/,TX,2025-11-17T15:04:00,Signed,Texas,texas,texas-longhorns,185,/home/runner/work/ncaa-net-predictor/ncaa-net-predictor/data/raw/on3/hs_commits/2026/on3_hs_commits_2026_2026-09-05.json
2026-09-05T13:15:06+00:00,2026,6-5,Westlake,"Austin, TX",18,57,94.64166666666668,4,6,,,16,48,94,4,6,240195,Bo Ogden,bo-ogden-240195,SF,SF,2026,204025,2027,on3_hs_commits,https://www.on3.com/college/texas-longhorns/basketball/2026/commits/,TX,2025-09-30T14:05:00,Signed,Texas,texas,texas-longhorns,190,/home/runner/work/ncaa-net-predictor/ncaa-net-predictor/data/raw/on3/hs_commits/2026/on3_hs_commits_2026_2026-09-05.json
2026-09-05T13:15:06+00:00,2026,6-10,Blair Academy,"Austin, TX",42,309,84.73333333333333,3,8,,,39,,87,3,8,282100,Coleman Elkins,coleman-elkins-282100,C,C,2026,258493,2027,on3_hs_commits,https://www.on3.com/college/texas-longhorns/basketball/2026/commits/,TX,2025-11-15T11:01:00,Signed,Texas,texas,texas-longhorns,230,/home/runner/work/ncaa-net-predictor/ncaa-net-predictor/data/raw/on3/hs_commits/2026/on3_hs_commits_2026_2026-09-05.json
2026-09-05T13:15:06+00:00,2026,6-4,Harvard-Westlake,"Encino, CA",31,130,91.22572463768115,3,9,,,34,127,89,3,11,237759,Joe Sterling,joe-sterling-237759,SG,SG,2026,198285,2027,on3_hs_commits,https://www.on3.com/college/texas-longhorns/basketball/2026/commits/,CA,2025-10-30T16:17:00,Signed,Texas,texas,texas-longhorns,180,/home/runner/work/ncaa-net-predictor/ncaa-net-predictor/data/raw/on3/hs_commits/2026/on3_hs_commits_2026_2026-09-05.json
2026-09-05T13:15:06+00:00,2026,6-3,AS Monaco,Kaunas,,,,,,,,,,,,,288855,Mantas Laurencikas,mantas-laurencikas-288855,PG,PG,2026,272068,2027,on3_hs_commits,https://www.on3.com/college/texas-longhorns/basketball/2026/commits/,,2026-05-15T15:35:00,Signed,Texas,texas,texas-longhorns,,/home/runner/work/ncaa-net-predictor/ncaa-net-predictor/data/raw/on3/hs_commits/2026/on3_hs_commits_2026_2026-09-05.json
2026-09-05T13:15:06+00:00,2026,6-9,Dynamic Prep,"Plano, TX",2,7,98.59784946236559,5,1,,,2,10,98,5,1,245224,Marcus Spears Jr.,marcus-spears-jr-245224,PF,PF,2026,213653,2027,on3_hs_commits,https://www.on3.com/college/texas-longhorns/basketball/2026/commits/,TX,2026-07-09T14:58:00,Committed,Texas,texas,texas-longhorns,210,/home/runner/work/ncaa-net-predictor/ncaa-net-predictor/data/raw/on3/hs_commits/2026/on3_hs_commits_2026_2026-09-05.json
2026-09-05T13:15:06+00:00,2026,5-11,Braswell,"Denton, TX",,,,0,,,,,,,,,280538,Ja'Cori Jones,jacori-jones-280538,CG,CG,2026,256662,2027,on3_hs_commits,https://www.on3.com/college/texas-am-corpus-christi-islanders/basketball/2026/commits/,TX,2025-07-30T13:49:00,Committed,Texas A & M University-Corpus Christi,texas a and m corpus chris,texas-am-corpus-christi-islanders,155,/home/runner/work/ncaa-net-predictor/ncaa-net-predictor/data/raw/on3/hs_commits/2026/on3_hs_commits_2026_2026-09-05.json
2026-09-05T13:15:06+00:00,2026,6-11,Pasadena,"Pasadena, CA",11,83,93.22391304347826,4,6,,,6,44,94,4,5,245581,Josh Irving,josh-irving-245581,C,C,2026,214162,2027,on3_hs_commits,https://www.on3.com/college/texas-am-aggies/basketball/2026/commits/,CA,2025-10-23T11:07:00,Signed,Texas A&M,texas a and m,texas-am-aggies,200,/home/runner/work/ncaa-net-predictor/ncaa-net-predictor/data/raw/on3/hs_commits/2026/on3_hs_commits_2026_2026-09-05.json
2026-09-05T13:15:06+00:00,2026,6-2,Prince George’s Christian Academy,"Washington, DC",17,95,92.7195652173913,4,4,,,,,93,4,,237692,Neiko Mundey,neiko-mundey-237692,PG,PG,2026,198137,2027,on3_hs_commits,https://www.on3.com/college/texas-am-aggies/basketball/2026/commits/,DC,2025-09-18T17:05:00,Signed,Texas A&M,texas a and m,texas-am-aggies,185,/home/runner/work/ncaa-net-predictor/ncaa-net-predictor/data/raw/on3/hs_commits/2026/on3_hs_commits_2026_2026-09-05.json
2026-09-05T13:15:06+00:00,2026,6-7,Tennessee Collegiate Academy,"Fayetteville, NC",60,204,89,3,7,,,51,,88,3,8,236284,Josiah Sanders,josiah-sanders-236284,SF,SF,2026,195923,2027,on3_hs_commits,https://www.on3.com/college/texas-state-bobcats/basketball/2026/commits/,NC,2026-02-04T12:15:00,Committed,Texas State,texas state,texas-state-bobcats,215,/home/runner/work/ncaa-net-predictor/ncaa-net-predictor/data/raw/on3/hs_commits/2026/on3_hs_commits_2026_2026-09-05.json
2026-09-05T13:15:06+00:00,2026,6-6,Overtime Elite,"Montclair, NJ",60,230,87.66666666666667,3,18,,,76,,88,3,15,244189,Kole Grandison,kole-grandison-244189,SG,SG,2026,211925,2027,on3_hs_commits,https://www.on3.com/college/texas-state-bobcats/basketball/2026/commits/,NJ,2026-04-19T09:06:00,Committed,Texas State,texas state,texas-state-bobcats,205,/home/runner/work/ncaa-net-predictor/ncaa-net-predictor/data/raw/on3/hs_commits/2026/on3_hs_commits_2026_2026-09-05.json
2026-09-05T13:15:06+00:00,2026,6-2,Riviera Prep,"Miami, FL",41,249,86.23333333333333,3,33,,,42,,88,3,28,237684,RJ Livingston,rj-livingston-237684,PG,PG,2026,198126,2027,on3_hs_commits,https://www.on3.com/college/texas-state-bobcats/basketball/2026/commits/,FL,2025-10-17T16:08:00,Committed,Texas State,texas state,texas-state-bobcats,155,/home/runner/work/ncaa-net-predictor/ncaa-net-predictor/data/raw/on3/hs_commits/2026/on3_hs_commits_2026_2026-09-05.json
2026-09-05T13:15:06+00:00,2026,6-4,Millwood,"Oklahoma City, OK",,,,0,,,,,,,,,289425,Amari Barrett,amari-barrett-289425,SG,SG,2026,272778,2027,on3_hs_commits,https://www.on3.com/college/texas-tech-red-raiders/basketball/2026/commits/,OK,2026-06-28T12:02:00,Committed,Texas Tech,texas tech,texas-tech-red-raiders,180,/home/runner/work/ncaa-net-predictor/ncaa-net-predictor/data/raw/on3/hs_commits/2026/on3_hs_commits_2026_2026-09-05.json
2026-09-05T13:15:06+00:00,2026,6-10,Bilbao Basket,Bamako,,,,,,,,,,,,,292459,Bassala Bagayoko,bassala-bagayoko-292459,C,C,2026,275791,2027,on3_hs_commits,https://www.on3.com/college/texas-tech-red-raiders/basketball/2026/commits/,,2026-08-14T13:38:00,Committed,Texas Tech,texas tech,texas-tech-red-raiders,210,/home/runner/work/ncaa-net-predictor/ncaa-net-predictor/data/raw/on3/hs_commits/2026/on3_hs_commits_2026_2026-09-05.json
2026-09-05T13:15:06+00:00,2026,6-4,Dynamic Prep,"Dallas, TX",10,35,96.61619915848527,4,4,,,10,33,95,4,3,237715,Dakari Spear,dakari-spear-237715,SG,SG,2026,198160,2027,on3_hs_commits,https://www.on3.com/college/texas-tech-red-raiders/basketball/2026/commits/,TX,2025-10-13T16:33:00,Signed,Texas Tech,texas tech,texas-tech-red-raiders,190,/home/runner/work/ncaa-net-predictor/ncaa-net-predictor/data/raw/on3/hs_commits/2026/on3_hs_commits_2026_2026-09-05.json
2026-09-05T13:15:06+00:00,2026,6-7,North Crowley,"Fort Worth, TX",87,378,82.66666666666667,3,36,,,74,,88,3,21,288604,Trey Hall,trey-hall-288604,SF,SF,2026,271753,2027,on3_hs_commits,https://www.on3.com/college/texas-tech-red-raiders/basketball/2026/commits/,TX,2026-05-21T14:19:00,Committed,Texas Tech,texas tech,texas-tech-red-raiders,196,/home/runner/work/ncaa-net-predictor/ncaa-net-predictor/data/raw/on3/hs_commits/2026/on3_hs_commits_2026_2026-09-05.json
2026-09-05T13:15:06+00:00,2026,6-7,Wagner,"San Antonio, TX",70,277,85.66666666666667,3,19,,,75,,87,3,24,237565,Tre Clark,tre-clark-237565,SF,SF,2026,197903,2027,on3_hs_commits,https://www.on3.com/college/ut-arlington-mavericks/basketball/2026/commits/,TX,2025-08-23T17:28:00,Committed,The University of Texas at Arlington,ut arlington,ut-arlington-mavericks,185,/home/runner/work/ncaa-net-predictor/ncaa-net-predictor/data/raw/on3/hs_commits/2026/on3_hs_commits_2026_2026-09-05.json
2026-09-05T13:15:06+00:00,2026,6-7,DePaul College Prep,"Chicago, IL",,,,0,,,,,,,,,260551,Rashaun Porter,rashaun-porter-260551,PF,PF,2026,236153,2027,on3_hs_commits,https://www.on3.com/college/toledo-rockets/basketball/2026/commits/,IL,2025-09-09T14:22:00,Signed,Toledo,toledo,toledo-rockets,215,/home/runner/work/ncaa-net-predictor/ncaa-net-predictor/data/raw/on3/hs_commits/2026/on3_hs_commits_2026_2026-09-05.json
2026-09-05T13:15:06+00:00,2026,6-4,Plymouth-Whitemarsh,"Plymouth Meeting, PA",54,209,88.87101449275363,3,3,,,66,,88,3,4,245620,Mani Sajid,mani-sajid-245620,SG,SG,2026,214213,2027,on3_hs_commits,https://www.on3.com/college/towson-tigers/basketball/2026/commits/,PA,2025-07-08T08:41:00,Committed,Towson,towson,towson-tigers,170,/home/runner/work/ncaa-net-predictor/ncaa-net-predictor/data/raw/on3/hs_commits/2026/on3_hs_commits_2026_2026-09-05.json
2026-09-05T13:15:06+00:00,2026,6-6,Decatur,"Atlanta, GA",73,285,85.56666666666666,3,22,,,87,,86,3,24,244068,Tobias Brinkley,tobias-brinkley-244068,SG,SG,2026,211791,2027,on3_hs_commits,https://www.on3.com/college/tulane-green-wave/basketball/2026/commits/,GA,2025-07-21T15:23:00,Committed,Tulane,tulane,tulane-green-wave,,/home/runner/work/ncaa-net-predictor/ncaa-net-predictor/data/raw/on3/hs_commits/2026/on3_hs_commits_2026_2026-09-05.json
2026-09-05T13:15:06+00:00,2026,6-0,Dale,"Shawnee, OK",57,326,84,3,3,,,,,87,3,,261134,Denton Forsythe,denton-forsythe-261134,PG,PG,2026,236937,2027,on3_hs_commits,https://www.on3.com/college/tulsa-golden-hurricane/basketball/2026/commits/,OK,2025-09-30T13:13:00,Committed,Tulsa,tulsa,tulsa-golden-hurricane,185,/home/runner/work/ncaa-net-predictor/ncaa-net-predictor/data/raw/on3/hs_commits/2026/on3_hs_commits_2026_2026-09-05.json
2026-09-05T13:15:06+00:00,2026,6-4,Oak Hill Academy,"Columbia, SC",59,203,89.05905797101448,3,10,,,78,,87,3,16,237631,Korie Corbett,korie-corbett-237631,SF,SF,2026,198068,2027,on3_hs_commits,https://www.on3.com/college/uab-blazers/basketball/2026/commits/,SC,2026-04-14T10:38:00,Committed,UAB,uab,uab-blazers,185,/home/runner/work/ncaa-net-predictor/ncaa-net-predictor/data/raw/on3/hs_commits/2026/on3_hs_commits_2026_2026-09-05.json
2026-09-05T13:15:06+00:00,2026,6-4,Thomas Jefferson Campus,"Brooklyn, NY",47,185,89.56159420289856,3,7,,,35,136,89,3,6,259462,Jahda Swann,jahda-swann-259462,SG,SG,2026,234745,2027,on3_hs_commits,https://www.on3.com/college/ucf-knights/basketball/2026/commits/,NY,2026-06-21T14:27:00,Committed,UCF,ucf,ucf-knights,180,/home/runner/work/ncaa-net-predictor/ncaa-net-predictor/data/raw/on3/hs_commits/2026/on3_hs_commits_2026_2026-09-05.json
2026-09-05T13:15:06+00:00,2026,6-9,John Marshall,"Montgomery, AL",25,210,88.86195652173913,3,11,,,30,,88,3,15,236715,Ladarius Givan,ladarius-givan-236715,PF,PF,2026,196390,2027,on3_hs_commits,https://www.on3.com/college/ucf-knights/basketball/2026/commits/,AL,2026-05-11T09:32:00,Committed,UCF,ucf,ucf-knights,190,/home/runner/work/ncaa-net-predictor/ncaa-net-predictor/data/raw/on3/hs_commits/2026/on3_hs_commits_2026_2026-09-05.json
2026-09-05T13:15:06+00:00,2026,6-7,Real Madrid,"Jurmala, VI",,,,,,,,,,,,,289677,Gunars Grinvalds,gunars-grinvalds-289677,SF,SF,2026,273150,2027,on3_hs_commits,https://www.on3.com/college/ucla-bruins/basketball/2026/commits/,VI,2026-06-05T00:27:00,Committed,UCLA,ucla,ucla-bruins,,/home/runner/work/ncaa-net-predictor/ncaa-net-predictor/data/raw/on3/hs_commits/2026/on3_hs_commits_2026_2026-09-05.json
2026-09-05T13:15:06+00:00,2026,6-8,Cedar Grove,"Atlanta, GA",46,282,85.59384057971015,3,21,,,,,,,,248483,Javonte Floyd,javonte-floyd-248483,PF,PF,2026,220736,2027,on3_hs_commits,https://www.on3.com/college/ucla-bruins/basketball/2026/commits/,GA,2025-12-08T09:00:00,Committed,UCLA,ucla,ucla-bruins,,/home/runner/work/ncaa-net-predictor/ncaa-net-predictor/data/raw/on3/hs_commits/2026/on3_hs_commits_2026_2026-09-05.json
2026-09-05T13:15:06+00:00,2026,6-8,Montverde Academy,"Tampa, FL",8,63,94.30471014492754,4,9,,,8,68,93,4,10,237581,Joe Philon,joe-philon-237581,PF,PF,2026,197918,2027,on3_hs_commits,https://www.on3.com/college/ucla-bruins/basketball/2026/commits/,FL,2026-03-21T18:01:00,Committed,UCLA,ucla,ucla-bruins,180,/home/runner/work/ncaa-net-predictor/ncaa-net-predictor/data/raw/on3/hs_commits/2026/on3_hs_commits_2026_2026-09-05.json
2026-09-05T13:15:06+00:00,2026,6-7,FC Barcelona Lassa B,Novi Sad,25,107,92,4,,,,,,98,5,,290121,Nikola Kusturica,nikola-kusturica-290121,SG,SG,2026,273709,2027,on3_hs_commits,https://www.on3.com/college/ucla-bruins/basketball/2026/commits/,,2026-07-09T08:00:00,Committed,UCLA,ucla,ucla-bruins,180,/home/runner/work/ncaa-net-predictor/ncaa-net-predictor/data/raw/on3/hs_commits/2026/on3_hs_commits_2026_2026-09-05.json
2026-09-05T13:15:06+00:00,2026,5-7,Reidsville,"Reidsville, NC",29,186,89.48260869565219,3,9,,,22,,89,3,5,242276,Dionte Neal,dionte-neal-242276,PG,PG,2026,209279,2027,on3_hs_commits,https://www.on3.com/college/unc-greensboro-spartans/basketball/2026/commits/,NC,,Signed,UNC Greensboro,unc greensboro,unc-greensboro-spartans,160,/home/runner/work/ncaa-net-predictor/ncaa-net-predictor/data/raw/on3/hs_commits/2026/on3_hs_commits_2026_2026-09-05.json
2026-09-05T13:15:06+00:00,2026,6-7,Utah Prep,"Hurricane, UT",14,125,91.26231884057971,3,5,,,13,112,90,4,4,278972,Jackson Kiss,jackson-kiss-278972,PF,PF,2026,255125,2027,on3_hs_commits,https://www.on3.com/college/unlv-rebels/basketball/2026/commits/,UT,2026-05-19T19:44:00,Committed,UNLV,unlv,unlv-rebels,230,/home/runner/work/ncaa-net-predictor/ncaa-net-predictor/data/raw/on3/hs_commits/2026/on3_hs_commits_2026_2026-09-05.json
2026-09-05T13:15:06+00:00,2026,6-2,SoCal Academy,"Marietta, GA",35,215,88.6123188405797,3,21,,,41,,88,3,20,237667,Kota Suttle,kota-suttle-237667,PG,PG,2026,198106,2027,on3_hs_commits,https://www.on3.com/college/unlv-rebels/basketball/2026/commits/,GA,2026-05-20T12:30:00,Committed,UNLV,unlv,unlv-rebels,175,/home/runner/work/ncaa-net-predictor/ncaa-net-predictor/data/raw/on3/hs_commits/2026/on3_hs_commits_2026_2026-09-05.json
2026-09-05T13:15:06+00:00,2026,7-0,Archbishop Stepinac,"White Plains, NY",4,22,97.66129032258063,4,2,,,2,20,97,4,2,244194,Adonis Ratliff,adonis-ratliff-244194,C,C,2026,211930,2027,on3_hs_commits,https://www.on3.com/college/usc-trojans/basketball/2026/commits/,NY,2025-10-22T10:21:00,Signed,USC,usc,usc-trojans,215,/home/runner/work/ncaa-net-predictor/ncaa-net-predictor/data/raw/on3/hs_commits/2026/on3_hs_commits_2026_2026-09-05.json
2026-09-05T13:15:06+00:00,2026,6-8,St. John Bosco,"Playa Del Rey, CA",3,9,98.57096774193548,5,2,,,4,11,98,5,2,243724,Christian Collins,christian-collins-243724,SF,SF,2026,211416,2027,on3_hs_commits,https://www.on3.com/college/usc-trojans/basketball/2026/commits/,CA,2026-03-18T14:01:00,Signed,USC,usc,usc-trojans,200,/home/runner/work/ncaa-net-predictor/ncaa-net-predictor/data/raw/on3/hs_commits/2026/on3_hs_commits_2026_2026-09-05.json
2026-09-05T13:15:06+00:00,2026,7-0,Archbishop Stepinac,"White Plains, NY",6,33,96.85544647031323,4,3,,,4,29,96,4,3,244069,Darius Ratliff,darius-ratliff-244069,C,C,2026,211792,2027,on3_hs_commits,https://www.on3.com/college/usc-trojans/basketball/2026/commits/,NY,2025-10-22T10:21:00,Signed,USC,usc,usc-trojans,210,/home/runner/work/ncaa-net-predictor/ncaa-net-predictor/data/raw/on3/hs_commits/2026/on3_hs_commits_2026_2026-09-05.json
2026-09-05T13:15:06+00:00,2026,6-1,Northfield Mount Hermon,"Potomac, MD",,,,,,,,,,,,,288619,Darren Moore,darren-moore-288619,PG,PG,2026,271770,2027,on3_hs_commits,https://www.on3.com/college/usf-bulls/basketball/2026/commits/,MD,2026-05-08T17:05:00,Committed,USF,south florida,usf-bulls,170,/home/runner/work/ncaa-net-predictor/ncaa-net-predictor/data/raw/on3/hs_commits/2026/on3_hs_commits_2026_2026-09-05.json
2026-09-05T13:15:06+00:00,2026,6-8,Madison Central,"Richmond, KY",,,,,,,,,,,,,286765,Jake Feldhaus,jake-feldhaus-286765,PF,PF,2026,268456,2027,on3_hs_commits,https://www.on3.com/college/usf-bulls/basketball/2026/commits/,KY,2026-04-15T10:52:00,Committed,USF,south florida,usf-bulls,220,/home/runner/work/ncaa-net-predictor/ncaa-net-predictor/data/raw/on3/hs_commits/2026/on3_hs_commits_2026_2026-09-05.json
2026-09-05T13:15:06+00:00,2026,6-5,Trinity,"Bowling Green, KY",55,212,88.85108695652174,3,1,,,71,,88,3,1,175356,Jayden Johnson,jayden-johnson-175356,SG,SG,2026,184403,2027,on3_hs_commits,https://www.on3.com/college/usf-bulls/basketball/2026/commits/,KY,2026-04-22T09:04:00,Committed,USF,south florida,usf-bulls,180,/home/runner/work/ncaa-net-predictor/ncaa-net-predictor/data/raw/on3/hs_commits/2026/on3_hs_commits_2026_2026-09-05.json
2026-09-05T13:15:06+00:00,2026,6-10,William J. Brennan,"San Antonio, TX",34,274,85.7,3,18,,,40,,87,3,26,244470,Delano Tarpley,delano-tarpley-244470,C,C,2026,212323,2027,on3_hs_commits,https://www.on3.com/college/utep-miners/basketball/2026/commits/,TX,2025-11-05T10:30:00,Committed,UTEP,utep,utep-miners,230,/home/runner/work/ncaa-net-predictor/ncaa-net-predictor/data/raw/on3/hs_commits/2026/on3_hs_commits_2026_2026-09-05.json
2026-09-05T13:15:06+00:00,2026,6-4,William J. Brennan,"San Antonio, TX",50,197,89.16086956521738,3,13,,,48,,88,3,13,237673,Donovan Criss,donovan-criss-237673,SG,SG,2026,198114,2027,on3_hs_commits,https://www.on3.com/college/utep-miners/basketball/2026/commits/,TX,2025-07-22T11:21:00,Committed,UTEP,utep,utep-miners,160,/home/runner/work/ncaa-net-predictor/ncaa-net-predictor/data/raw/on3/hs_commits/2026/on3_hs_commits_2026_2026-09-05.json
2026-09-05T13:15:06+00:00,2026,6-6,William J. Brennan,"San Antonio, TX",63,237,87.13333333333334,3,16,,,55,,88,3,19,237648,Isaiah Ward,isaiah-ward-237648,SF,SF,2026,198087,2027,on3_hs_commits,https://www.on3.com/college/utep-miners/basketball/2026/commits/,TX,2026-03-27T11:30:00,Committed,UTEP,utep,utep-miners,185,/home/runner/work/ncaa-net-predictor/ncaa-net-predictor/data/raw/on3/hs_commits/2026/on3_hs_commits_2026_2026-09-05.json
2026-09-05T13:15:06+00:00,2026,6-8,St Andrews Episcopal School,"Potomac, MD",56,324,84,3,10,,,54,,87,3,8,245612,Jayson Peterson,jayson-peterson-245612,PF,PF,2026,214205,2027,on3_hs_commits,https://www.on3.com/college/utsa-roadrunners/basketball/2026/commits/,MD,2026-05-22T13:12:00,Committed,UTSA,utsa,utsa-roadrunners,205,/home/runner/work/ncaa-net-predictor/ncaa-net-predictor/data/raw/on3/hs_commits/2026/on3_hs_commits_2026_2026-09-05.json
2026-09-05T13:15:06+00:00,2026,6-3,Seven Lakes,"Katy, TX",34,214,88.62318840579711,3,15,,,40,,88,3,12,237866,Naz Price,naz-price-237866,PG,PG,2026,198473,2027,on3_hs_commits,https://www.on3.com/college/utsa-roadrunners/basketball/2026/commits/,TX,2025-10-26T16:10:00,Committed,UTSA,utsa,utsa-roadrunners,155,/home/runner/work/ncaa-net-predictor/ncaa-net-predictor/data/raw/on3/hs_commits/2026/on3_hs_commits_2026_2026-09-05.json
2026-09-05T13:15:06+00:00,2026,6-3,Mayfair,"Lakewood, CA",15,93,92.72246376811594,4,7,,,18,120,90,4,8,260809,Josiah Johnson,josiah-johnson-260809,PG,PG,2026,236488,2027,on3_hs_commits,https://www.on3.com/college/uc-irvine-anteaters/basketball/2026/commits/,CA,2026-05-21T15:40:00,Committed,University of California-Irvine,uc irvine,uc-irvine-anteaters,,/home/runner/work/ncaa-net-predictor/ncaa-net-predictor/data/raw/on3/hs_commits/2026/on3_hs_commits_2026_2026-09-05.json
2026-09-05T13:15:06+00:00,2026,6-4,John Carroll School,"Bel Air, MD",98,403,82,3,12,,,90,,86,3,9,241156,Aiden Able,aiden-able-241156,SG,SG,2026,205446,2027,on3_hs_commits,https://www.on3.com/college/umbc-retrievers/basketball/2026/commits/,MD,2025-09-18T21:30:00,Committed,University of Maryland-Baltimore County,umbc,umbc-retrievers,,/home/runner/work/ncaa-net-predictor/ncaa-net-predictor/data/raw/on3/hs_commits/2026/on3_hs_commits_2026_2026-09-05.json
2026-09-05T13:15:06+00:00,2026,6-2,St. Frances Academy,"Clinton, MD",36,221,88.23333333333333,3,7,,,43,,88,3,6,163198,Jasiah Cannady,jasiah-cannady-163198,PG,PG,2026,180398,2027,on3_hs_commits,https://www.on3.com/college/umass-lowell-river-hawks/basketball/2026/commits/,MD,2025-11-25T10:25:00,Committed,University of Massachusetts-Lowell,university of massachusetts lowell,umass-lowell-river-hawks,170,/home/runner/work/ncaa-net-predictor/ncaa-net-predictor/data/raw/on3/hs_commits/2026/on3_hs_commits_2026_2026-09-05.json
2026-09-05T13:15:06+00:00,2026,6-3,Chaminade,"Saint Louis, MO",,,,0,,,,,,,,,284318,Jonny Jordan,jonny-jordan-284318,PG,PG,2026,264867,2027,on3_hs_commits,https://www.on3.com/college/nebraska-omaha-mavericks/basketball/2026/commits/,MO,2025-07-10T14:04:00,Signed,University of Nebraska at Omaha,nebraska omaha,nebraska-omaha-mavericks,175,/home/runner/work/ncaa-net-predictor/ncaa-net-predictor/data/raw/on3/hs_commits/2026/on3_hs_commits_2026_2026-09-05.json
2026-09-05T13:15:06+00:00,2026,6-4,Overtime Elite,"Athens, GA",,,,0,,,,,,,,,245644,Marcus Gillespie,marcus-gillespie-245644,SG,SG,2026,214236,2027,on3_hs_commits,https://www.on3.com/college/nebraska-omaha-mavericks/basketball/2026/commits/,GA,2025-11-08T11:58:00,Committed,University of Nebraska at Omaha,nebraska omaha,nebraska-omaha-mavericks,180,/home/runner/work/ncaa-net-predictor/ncaa-net-predictor/data/raw/on3/hs_commits/2026/on3_hs_commits_2026_2026-09-05.json
2026-09-05T13:15:06+00:00,2026,6-3,Archbishop Riordan,"San Francisco, CA",46,181,89.68586956521739,3,19,,,67,,88,3,23,240199,Andrew Hillman,andrew-hillman-240199,SG,SG,2026,204029,2027,on3_hs_commits,https://www.on3.com/college/san-francisco-dons/basketball/2026/commits/,CA,2025-09-16T14:46:00,Committed,University of San Francisco,san francisco,san-francisco-dons,180,/home/runner/work/ncaa-net-predictor/ncaa-net-predictor/data/raw/on3/hs_commits/2026/on3_hs_commits_2026_2026-09-05.json
2026-09-05T13:15:06+00:00,2026,6-9,Archbishop Riordan,"San Francisco, CA",36,241,86.75543478260869,3,24,,,19,148,89,3,15,280557,Jaroslavs Pihtovs,jaroslavs-pihtovs-280557,PF,PF,2026,256681,2027,on3_hs_commits,https://www.on3.com/college/san-francisco-dons/basketball/2026/commits/,CA,2026-02-15T08:51:00,Committed,University of San Francisco,san francisco,san-francisco-dons,215,/home/runner/work/ncaa-net-predictor/ncaa-net-predictor/data/raw/on3/hs_commits/2026/on3_hs_commits_2026_2026-09-05.json
2026-09-05T13:15:06+00:00,2026,6-0,Basha,"Chandler, AZ",28,182,89.6641304347826,3,13,,,33,,88,3,13,240198,Mason Magee,mason-magee-240198,PG,PG,2026,204028,2027,on3_hs_commits,https://www.on3.com/college/san-francisco-dons/basketball/2026/commits/,AZ,2025-10-10T11:28:00,Committed,University of San Francisco,san francisco,san-francisco-dons,165,/home/runner/work/ncaa-net-predictor/ncaa-net-predictor/data/raw/on3/hs_commits/2026/on3_hs_commits_2026_2026-09-05.json
2026-09-05T13:15:06+00:00,2026,6-8,Ratiopharm Ulm,Munich,,,,,,,,,,,,,287746,Alec Anigbata,alec-anigbata-287746,PF,PF,2026,270649,2027,on3_hs_commits,https://www.on3.com/college/utah-utes/basketball/2026/commits/,,2026-04-21T11:42:00,Signed,Utah,utah,utah-utes,,/home/runner/work/ncaa-net-predictor/ncaa-net-predictor/data/raw/on3/hs_commits/2026/on3_hs_commits_2026_2026-09-05.json
2026-09-05T13:15:06+00:00,2026,6-6,Orem,"Orem, UT",86,373,82.66666666666667,3,12,,,58,,88,3,11,283430,Simeon Suguturaga,simeon-suguturaga-283430,SF,SF,2026,261073,2027,on3_hs_commits,https://www.on3.com/college/utah-utes/basketball/2026/commits/,UT,2025-11-12T19:15:00,Committed,Utah,utah,utah-utes,180,/home/runner/work/ncaa-net-predictor/ncaa-net-predictor/data/raw/on3/hs_commits/2026/on3_hs_commits_2026_2026-09-05.json
2026-09-05T13:15:06+00:00,2026,6-1,Overtime Elite,"Virginia Beach, VA",57,222,88.22536231884058,3,16,,,86,,87,3,22,280737,Styles Clemmons,styles-clemmons-280737,SG,SG,2026,256877,2027,on3_hs_commits,https://www.on3.com/college/utah-utes/basketball/2026/commits/,VA,2025-09-16T17:49:00,Committed,Utah,utah,utah-utes,170,/home/runner/work/ncaa-net-predictor/ncaa-net-predictor/data/raw/on3/hs_commits/2026/on3_hs_commits_2026_2026-09-05.json
2026-09-05T13:15:06+00:00,2026,6-4,American Fork,"Orem, UT",86,348,83,3,11,,,43,,89,3,6,284745,Bryce Mella,bryce-mella-284745,SG,SG,2026,265438,2027,on3_hs_commits,https://www.on3.com/college/utah-state-aggies/basketball/2026/commits/,UT,2025-11-17T09:42:00,Signed,Utah State,utah state,utah-state-aggies,180,/home/runner/work/ncaa-net-predictor/ncaa-net-predictor/data/raw/on3/hs_commits/2026/on3_hs_commits_2026_2026-09-05.json
2026-09-05T13:15:06+00:00,2026,6-4,Tennessee Collegiate Academy,"Houston, TX",27,115,91.75652173913045,4,3,,,23,97,91,4,2,242300,Christian Gibson,christian-gibson-242300,SG,SG,2026,209306,2027,on3_hs_commits,https://www.on3.com/college/utah-tech-trailblazers/basketball/2026/commits/,TX,2026-06-05T12:10:00,Committed,Utah Tech,dixie state,utah-tech-trailblazers,190,/home/runner/work/ncaa-net-predictor/ncaa-net-predictor/data/raw/on3/hs_commits/2026/on3_hs_commits_2026_2026-09-05.json
2026-09-05T13:15:06+00:00,2026,6-10,SPIRE Academy,"Geneva, OH",13,100,92.46195652173913,4,6,,,10,66,93,4,3,250477,Collin Ross,collin-ross-250477,C,C,2026,224444,2027,on3_hs_commits,https://www.on3.com/college/vcu-rams/basketball/2026/commits/,OH,2025-09-01T12:01:00,Signed,VCU,vcu,vcu-rams,200,/home/runner/work/ncaa-net-predictor/ncaa-net-predictor/data/raw/on3/hs_commits/2026/on3_hs_commits_2026_2026-09-05.json
2026-09-05T13:15:06+00:00,2026,6-7,Roman Catholic,"Philadelphia, PA",26,72,93.59384057971015,4,1,,,22,61,93,4,1,244701,Sammy Jackson,sammy-jackson-244701,SF,SF,2026,212685,2027,on3_hs_commits,https://www.on3.com/college/vcu-rams/basketball/2026/commits/,PA,2025-06-25T16:07:00,Signed,VCU,vcu,vcu-rams,200,/home/runner/work/ncaa-net-predictor/ncaa-net-predictor/data/raw/on3/hs_commits/2026/on3_hs_commits_2026_2026-09-05.json
2026-09-05T13:15:06+00:00,2026,6-0,Prolific Prep,"Hillside, IL",53,304,84.94927536231886,3,40,,,50,,87,3,39,259449,Rajan Roberts,rajan-roberts-259449,PG,PG,2026,234714,2027,on3_hs_commits,https://www.on3.com/college/valparaiso-crusaders/basketball/2026/commits/,IL,2025-10-21T15:23:00,Committed,Valparaiso,valparaiso,valparaiso-crusaders,162,/home/runner/work/ncaa-net-predictor/ncaa-net-predictor/data/raw/on3/hs_commits/2026/on3_hs_commits_2026_2026-09-05.json
2026-09-05T13:15:06+00:00,2026,6-1,Archbishop Carroll,"Washington, DC",13,81,93.26594202898552,4,1,,,11,71,93,4,1,244074,Anthony Brown,anthony-brown-244074,PG,PG,2026,211797,2027,on3_hs_commits,https://www.on3.com/college/vanderbilt-commodores/basketball/2026/commits/,DC,2025-09-24T13:30:00,Signed,Vanderbilt,vanderbilt,vanderbilt-commodores,160,/home/runner/work/ncaa-net-predictor/ncaa-net-predictor/data/raw/on3/hs_commits/2026/on3_hs_commits_2026_2026-09-05.json
2026-09-05T13:15:06+00:00,2026,6-6,Oak Hill Academy,"Roselle, NJ",28,80,93.36630434782609,4,6,,,20,57,93,4,4,242282,Ethan Mgbako,ethan-mgbako-242282,SF,SF,2026,209285,2027,on3_hs_commits,https://www.on3.com/college/vanderbilt-commodores/basketball/2026/commits/,NJ,2025-09-11T10:12:00,Signed,Vanderbilt,vanderbilt,vanderbilt-commodores,215,/home/runner/work/ncaa-net-predictor/ncaa-net-predictor/data/raw/on3/hs_commits/2026/on3_hs_commits_2026_2026-09-05.json
2026-09-05T13:15:06+00:00,2026,6-5,Overtime Elite,"West Palm Beach, FL",10,34,96.69227442730248,4,3,,,9,30,96,4,3,242275,Gabe Nesmith,gabe-nesmith-242275,SF,SF,2026,209278,2027,on3_hs_commits,https://www.on3.com/college/vanderbilt-commodores/basketball/2026/commits/,FL,2026-06-30T10:07:00,Committed,Vanderbilt,vanderbilt,vanderbilt-commodores,175,/home/runner/work/ncaa-net-predictor/ncaa-net-predictor/data/raw/on3/hs_commits/2026/on3_hs_commits_2026_2026-09-05.json
2026-09-05T13:15:06+00:00,2026,6-10,Hoover,"Hoover, AL",17,120,91.48478260869567,4,2,,,18,106,90,4,2,259914,Jackson Sheffield,jackson-sheffield-259914,C,C,2026,235404,2027,on3_hs_commits,https://www.on3.com/college/vanderbilt-commodores/basketball/2026/commits/,AL,2025-09-17T17:00:00,Signed,Vanderbilt,vanderbilt,vanderbilt-commodores,230,/home/runner/work/ncaa-net-predictor/ncaa-net-predictor/data/raw/on3/hs_commits/2026/on3_hs_commits_2026_2026-09-05.json
2026-09-05T13:15:06+00:00,2026,6-5,Overtime Elite,"Arlington, VA",16,68,93.85615942028987,4,5,,,20,80,92,4,7,179202,Adam Oumiddoch,adam-oumiddoch-179202,SG,SG,2026,191728,2027,on3_hs_commits,https://www.on3.com/college/villanova-wildcats/basketball/2026/commits/,VA,2026-03-11T18:05:00,Committed,Villanova,villanova,villanova-wildcats,180,/home/runner/work/ncaa-net-predictor/ncaa-net-predictor/data/raw/on3/hs_commits/2026/on3_hs_commits_2026_2026-09-05.json
2026-09-05T13:15:06+00:00,2026,7-3,Olimpia Milano,Milano,37,293,85.33333333333333,3,,,,,,96,4,,249644,Luigi Suigo,luigi-suigo-249644,C,C,2026,234803,2027,on3_hs_commits,https://www.on3.com/college/villanova-wildcats/basketball/2026/commits/,,2026-06-13T12:21:00,Committed,Villanova,villanova,villanova-wildcats,,/home/runner/work/ncaa-net-predictor/ncaa-net-predictor/data/raw/on3/hs_commits/2026/on3_hs_commits_2026_2026-09-05.json
2026-09-05T13:15:06+00:00,2026,7-1,Mt. Zion Prep,"Lanham, MD",20,128,91.2518115942029,3,6,,,14,90,91,4,4,244095,Favour Ibe,favour-ibe-244095,C,C,2026,211821,2027,on3_hs_commits,https://www.on3.com/college/virginia-cavaliers/basketball/2026/commits/,MD,2026-05-09T14:00:00,Committed,Virginia,virginia,virginia-cavaliers,235,/home/runner/work/ncaa-net-predictor/ncaa-net-predictor/data/raw/on3/hs_commits/2026/on3_hs_commits_2026_2026-09-05.json
2026-09-05T13:15:06+00:00,2026,6-9,Waxahachie Faith Family Academy,"Aurora, CO",11,105,92.1463768115942,4,8,,,15,130,89,3,8,237572,Gallagher Placide,gallagher-placide-237572,PF,PF,2026,197909,2027,on3_hs_commits,https://www.on3.com/college/wake-forest-demon-deacons/basketball/2026/commits/,CO,2025-09-18T14:54:00,Signed,Wake Forest,wake forest,wake-forest-demon-deacons,215,/home/runner/work/ncaa-net-predictor/ncaa-net-predictor/data/raw/on3/hs_commits/2026/on3_hs_commits_2026_2026-09-05.json
2026-09-05T13:15:06+00:00,2026,6-9,Waxahachie Faith Family Academy,"Denver, CO",31,87,93.06739130434781,4,7,,,27,81,92,4,7,237638,Gavin Placide,gavin-placide-237638,SF,SF,2026,198078,2027,on3_hs_commits,https://www.on3.com/college/wake-forest-demon-deacons/basketball/2026/commits/,CO,2025-09-18T14:54:00,Signed,Wake Forest,wake forest,wake-forest-demon-deacons,225,/home/runner/work/ncaa-net-predictor/ncaa-net-predictor/data/raw/on3/hs_commits/2026/on3_hs_commits_2026_2026-09-05.json
2026-09-05T13:15:06+00:00,2026,6-6,Mount Si,"Snoqualmie, WA",74,286,85.55072463768114,3,6,,,79,,87,3,6,237711,Lattimore Ford,lattimore-ford-237711,SG,SG,2026,198154,2027,on3_hs_commits,https://www.on3.com/college/washington-huskies/basketball/2026/commits/,WA,2026-04-24T14:44:00,Committed,Washington,washington,washington-huskies,,/home/runner/work/ncaa-net-predictor/ncaa-net-predictor/data/raw/on3/hs_commits/2026/on3_hs_commits_2026_2026-09-05.json
2026-09-05T13:15:06+00:00,2026,6-9,Brazil,,,,,,,,,,,,,,288427,Wini Braga,wini-braga-288427,PF,PF,2026,271551,2027,on3_hs_commits,https://www.on3.com/college/washington-huskies/basketball/2026/commits/,,2026-05-05T11:49:00,Committed,Washington,washington,washington-huskies,200,/home/runner/work/ncaa-net-predictor/ncaa-net-predictor/data/raw/on3/hs_commits/2026/on3_hs_commits_2026_2026-09-05.json
2026-09-05T13:15:06+00:00,2026,6-8,Santa Margarita Catholic,"Rancho Santa Margarita, CA",34,238,87.06666666666666,3,23,,,26,,88,3,26,236608,Brayden Kyman,brayden-kyman-236608,PF,PF,2026,209267,2027,on3_hs_commits,https://www.on3.com/college/washington-state-cougars/basketball/2026/commits/,CA,2024-09-24T09:32:00,Committed,Washington State,washington state,washington-state-cougars,185,/home/runner/work/ncaa-net-predictor/ncaa-net-predictor/data/raw/on3/hs_commits/2026/on3_hs_commits_2026_2026-09-05.json
2026-09-05T13:15:06+00:00,2026,6-10,Bella Vista College Preparatory School,Dakar,18,122,91.4123188405797,4,12,,,16,98,91,4,10,241004,Aliou Dioum,aliou-dioum-241004,C,C,2026,205256,2027,on3_hs_commits,https://www.on3.com/college/west-virginia-mountaineers/basketball/2026/commits/,,2025-09-21T12:15:00,Enrolled,West Virginia,west virginia,west-virginia-mountaineers,200,/home/runner/work/ncaa-net-predictor/ncaa-net-predictor/data/raw/on3/hs_commits/2026/on3_hs_commits_2026_2026-09-05.json
2026-09-05T13:15:06+00:00,2026,7-1,Bella Vista College Preparatory School,,9,65,94.26340579710144,4,9,,,5,43,95,4,5,282312,Amadou Seini,amadou-seini-282312,C,C,2026,258790,2027,on3_hs_commits,https://www.on3.com/college/west-virginia-mountaineers/basketball/2026/commits/,,2026-04-24T10:33:00,Enrolled,West Virginia,west virginia,west-virginia-mountaineers,230,/home/runner/work/ncaa-net-predictor/ncaa-net-predictor/data/raw/on3/hs_commits/2026/on3_hs_commits_2026_2026-09-05.json
2026-09-05T13:15:06+00:00,2026,6-1,iSchool of Lewisville,"McKinney, TX",27,177,89.94130434782608,3,11,,,30,,88,3,10,240200,Keonte Greybear,keonte-greybear-240200,PG,PG,2026,204030,2027,on3_hs_commits,https://www.on3.com/college/west-virginia-mountaineers/basketball/2026/commits/,TX,2026-04-23T16:48:00,Enrolled,West Virginia,west virginia,west-virginia-mountaineers,160,/home/runner/work/ncaa-net-predictor/ncaa-net-predictor/data/raw/on3/hs_commits/2026/on3_hs_commits_2026_2026-09-05.json
2026-09-05T13:15:06+00:00,2026,5-11,Bella Vista College Preparatory School,"Glendale, AZ",3,21,97.75430107526881,4,3,,,3,19,97,4,2,237751,Miles Sadler,miles-sadler-237751,PG,PG,2026,198262,2027,on3_hs_commits,https://www.on3.com/college/west-virginia-mountaineers/basketball/2026/commits/,AZ,2025-11-16T16:30:00,Enrolled,West Virginia,west virginia,west-virginia-mountaineers,165,/home/runner/work/ncaa-net-predictor/ncaa-net-predictor/data/raw/on3/hs_commits/2026/on3_hs_commits_2026_2026-09-05.json
2026-09-05T13:15:06+00:00,2026,6-5,Harrells Christian Academy,"Harrells, NC",,,,,,,,,,,,,284663,Antonio McKoy,antonio-mckoy-284663,SF,SF,2026,265352,2027,on3_hs_commits,https://www.on3.com/college/western-carolina-catamounts/basketball/2026/commits/,NC,,Signed,Western Carolina,western carolina,western-carolina-catamounts,,/home/runner/work/ncaa-net-predictor/ncaa-net-predictor/data/raw/on3/hs_commits/2026/on3_hs_commits_2026_2026-09-05.json
2026-09-05T13:15:06+00:00,2026,6-2,Louisville Male,"Louisville, KY",55,319,84.33333333333333,3,2,,,,,87,3,,261123,Cole Edelen,cole-edelen-261123,PG,PG,2026,236888,2027,on3_hs_commits,https://www.on3.com/college/western-kentucky-hilltoppers/basketball/2026/commits/,KY,2025-07-23T15:33:00,Committed,Western Kentucky,western kentucky,western-kentucky-hilltoppers,175,/home/runner/work/ncaa-net-predictor/ncaa-net-predictor/data/raw/on3/hs_commits/2026/on3_hs_commits_2026_2026-09-05.json
2026-09-05T13:15:06+00:00,2026,6-7,La Lumiere School,"Springfield, KY",24,206,88.91666666666667,3,7,,,48,,88,3,8,237675,Gabe Weis,gabe-weis-237675,PF,PF,2026,198115,2027,on3_hs_commits,https://www.on3.com/college/western-kentucky-hilltoppers/basketball/2026/commits/,KY,2025-08-14T16:04:00,Committed,Western Kentucky,western kentucky,western-kentucky-hilltoppers,170,/home/runner/work/ncaa-net-predictor/ncaa-net-predictor/data/raw/on3/hs_commits/2026/on3_hs_commits_2026_2026-09-05.json
2026-09-05T13:15:06+00:00,2026,6-5,Northview,"Grand Rapids, MI",75,303,84.96376811594203,3,2,,,82,,87,3,1,244075,Cameron Ryans,cameron-ryans-244075,SF,SF,2026,211798,2027,on3_hs_commits,https://www.on3.com/college/western-michigan-broncos/basketball/2026/commits/,MI,2025-08-15T09:41:00,Committed,Western Michigan,western michigan,western-michigan-broncos,175,/home/runner/work/ncaa-net-predictor/ncaa-net-predictor/data/raw/on3/hs_commits/2026/on3_hs_commits_2026_2026-09-05.json
2026-09-05T13:15:06+00:00,2026,6-2,Renaissance,"Detroit, MI",,,,0,,,,,,,,,238047,Jordan Sigmon,jordan-sigmon-238047,PG,PG,2026,198709,2027,on3_hs_commits,https://www.on3.com/college/western-michigan-broncos/basketball/2026/commits/,MI,2026-05-04T15:12:00,Committed,Western Michigan,western michigan,western-michigan-broncos,165,/home/runner/work/ncaa-net-predictor/ncaa-net-predictor/data/raw/on3/hs_commits/2026/on3_hs_commits_2026_2026-09-05.json
2026-09-05T13:15:06+00:00,2026,6-7,Sunrise Christian Academy,"Frisco, TX",,,,0,,,,,,,,,246059,Noah Hill,noah-hill-246059,PF,PF,2026,215075,2027,on3_hs_commits,https://www.on3.com/college/wichita-state-shockers/basketball/2026/commits/,TX,2025-03-11T13:35:00,Committed,Wichita State,wichita state,wichita-state-shockers,210,/home/runner/work/ncaa-net-predictor/ncaa-net-predictor/data/raw/on3/hs_commits/2026/on3_hs_commits_2026_2026-09-05.json
2026-09-05T13:15:06+00:00,2026,6-4,Mount Horeb,"Mount Horeb, WI",,,,,,,,,,,,,287773,Josh Manchester,josh-manchester-287773,SG,SG,2026,270700,2027,on3_hs_commits,https://www.on3.com/college/wisconsin-badgers/basketball/2026/commits/,WI,2026-04-22T17:33:00,Committed,Wisconsin,wisconsin,wisconsin-badgers,170,/home/runner/work/ncaa-net-predictor/ncaa-net-predictor/data/raw/on3/hs_commits/2026/on3_hs_commits_2026_2026-09-05.json
2026-09-05T13:15:06+00:00,2026,6-4,DME Academy,"Racine, WI",64,246,86.47282608695652,3,3,,,44,,89,3,2,245221,LaTrevion Fenderson,latrevion-fenderson-245221,SG,SG,2026,213650,2027,on3_hs_commits,https://www.on3.com/college/wisconsin-badgers/basketball/2026/commits/,WI,2024-08-25T16:00:00,Signed,Wisconsin,wisconsin,wisconsin-badgers,205,/home/runner/work/ncaa-net-predictor/ncaa-net-predictor/data/raw/on3/hs_commits/2026/on3_hs_commits_2026_2026-09-05.json
2026-09-05T13:15:06+00:00,2026,6-2,Memorial,"Beloit, WI",,,,,,,,,,,,,287204,Amare Hereford,amare-hereford-287204,CG,CG,2026,269172,2027,on3_hs_commits,https://www.on3.com/college/wisconsin-milwaukee-panthers/basketball/2026/commits/,WI,2026-04-02T13:12:00,Committed,Wisconsin-Milwaukee,milwaukee,wisconsin-milwaukee-panthers,175,/home/runner/work/ncaa-net-predictor/ncaa-net-predictor/data/raw/on3/hs_commits/2026/on3_hs_commits_2026_2026-09-05.json
2026-09-05T13:15:06+00:00,2026,6-7,O'Fallon,"O'Fallon, IL",75,401,82,3,9,,,61,,86,3,7,241030,Ben Akoro,ben-akoro-241030,PF,PF,2026,205283,2027,on3_hs_commits,https://www.on3.com/college/wisconsin-milwaukee-panthers/basketball/2026/commits/,IL,2025-11-19T12:00:00,Signed,Wisconsin-Milwaukee,milwaukee,wisconsin-milwaukee-panthers,,/home/runner/work/ncaa-net-predictor/ncaa-net-predictor/data/raw/on3/hs_commits/2026/on3_hs_commits_2026_2026-09-05.json
2026-09-05T13:15:06+00:00,2026,6-2,Westfield,"Chantilly, VA",,,,,,,,,,,,,286233,Jemon Price,jemon-price-286233,PG,PG,2026,267616,2027,on3_hs_commits,https://www.on3.com/college/wofford-terriers/basketball/2026/commits/,VA,2026-05-12T09:55:00,Committed,Wofford,wofford,wofford-terriers,,/home/runner/work/ncaa-net-predictor/ncaa-net-predictor/data/raw/on3/hs_commits/2026/on3_hs_commits_2026_2026-09-05.json
2026-09-05T13:15:06+00:00,2026,6-5,Hargrave Military Academy (HS),"Titusville, FL",81,349,83,3,16,,,47,,89,3,10,284746,Jhett Carter,jhett-carter-284746,SF,SF,2026,265439,2027,on3_hs_commits,https://www.on3.com/college/wofford-terriers/basketball/2026/commits/,FL,2026-04-27T08:55:00,Committed,Wofford,wofford,wofford-terriers,190,/home/runner/work/ncaa-net-predictor/ncaa-net-predictor/data/raw/on3/hs_commits/2026/on3_hs_commits_2026_2026-09-05.json
2026-09-05T13:15:06+00:00,2026,6-3,Ben L Smith,"Greensboro, NC",,,,0,,,,,,,,,280530,Jyi Dawkins,jyi-dawkins-280530,SG,SG,2026,256654,2027,on3_hs_commits,https://www.on3.com/college/wofford-terriers/basketball/2026/commits/,NC,2026-04-27T11:19:00,Committed,Wofford,wofford,wofford-terriers,175,/home/runner/work/ncaa-net-predictor/ncaa-net-predictor/data/raw/on3/hs_commits/2026/on3_hs_commits_2026_2026-09-05.json
2026-09-05T13:15:06+00:00,2026,6-7,Marshfield,"Marshfield, WI",,,,0,,,,,,,,,280567,Chris Pohl,chris-pohl-280567,PF,PF,2026,256691,2027,on3_hs_commits,https://www.on3.com/college/wyoming-cowboys/basketball/2026/commits/,WI,2025-09-08T14:27:00,Committed,Wyoming,wyoming,wyoming-cowboys,215,/home/runner/work/ncaa-net-predictor/ncaa-net-predictor/data/raw/on3/hs_commits/2026/on3_hs_commits_2026_2026-09-05.json
2026-09-05T13:15:06+00:00,2026,6-11,Overtime Elite,"Brooklyn, NY",27,216,88.61014492753623,3,15,,,20,,89,3,11,236549,Asher Elson,asher-elson-236549,PF,PF,2026,196199,2027,on3_hs_commits,https://www.on3.com/college/xavier-musketeers/basketball/2026/commits/,NY,2025-11-19T10:58:00,Committed,Xavier,xavier,xavier-musketeers,190,/home/runner/work/ncaa-net-predictor/ncaa-net-predictor/data/raw/on3/hs_commits/2026/on3_hs_commits_2026_2026-09-05.json
2026-09-05T13:15:06+00:00,2026,6-1,Victory Rock Prep,"Bradenton, FL",,,,,,,,,,,,,285597,Gedeon Basson,gedeon-basson-285597,CG,CG,2026,266767,2027,on3_hs_commits,https://www.on3.com/college/xavier-musketeers/basketball/2026/commits/,FL,2026-02-12T09:19:00,Committed,Xavier,xavier,xavier-musketeers,200,/home/runner/work/ncaa-net-predictor/ncaa-net-predictor/data/raw/on3/hs_commits/2026/on3_hs_commits_2026_2026-09-05.json
2026-09-05T13:15:06+00:00,2026,6-3,Compass Prep,"Scottsdale, AZ",18,99,92.51811594202898,4,11,,,16,114,90,4,11,237671,Kalek House,kalek-house-237671,PG,PG,2026,198111,2027,on3_hs_commits,https://www.on3.com/college/xavier-musketeers/basketball/2026/commits/,AZ,2025-09-15T14:00:00,Signed,Xavier,xavier,xavier-musketeers,180,/home/runner/work/ncaa-net-predictor/ncaa-net-predictor/data/raw/on3/hs_commits/2026/on3_hs_commits_2026_2026-09-05.json
2026-09-05T13:15:06+00:00,2026,6-10,Oak Ridge,"Naperville, IL",38,298,85.03333333333333,3,39,,,45,,87,3,43,237580,Tim Winkler,tim-winkler-237580,C,C,2026,197917,2027,on3_hs_commits,https://www.on3.com/college/yale-bulldogs/basketball/2026/commits/,IL,2025-11-01T14:30:00,Committed,Yale,yale,yale-bulldogs,205,/home/runner/work/ncaa-net-predictor/ncaa-net-predictor/data/raw/on3/hs_commits/2026/on3_hs_commits_2026_2026-09-05.json
