source_season,season,team,team_key,source_team,source_team_key,player_id,player_name,class_year,position,height,source_context_multiplier,transfer_match_method,ledger_player_name,ledger_source_team,ledger_destination_team,source_kenpom_adj_em,source_kenpom_rank_adj_em,source_kenpom_sos,source_kenpom_rank_sos,source_kenpom_conference,minutes,possessions,points,field_goal_attempts,free_throw_attempts,assists,offensive_rebounds,defensive_rebounds,rebounds,steals,blocks,turnovers,warp,win_shares,offensive_win_shares,defensive_win_shares,usage_pct,ortg_player,drtg_player,per,warp_per_40,win_shares_per_40,effective_fg_pct,true_shooting_pct,assist_pct,rebound_pct,turnover_pct,rapm,offensive_rapm,defensive_rapm,context_adjusted_points,context_adjusted_assists,context_adjusted_rebounds,context_adjusted_warp,context_adjusted_win_shares
2026,2027,Abilene Christian,abilene christian,Grand Canyon,grand canyon,2478445,Evan Boisdur,Freshman,G,73,1.25546,player_id,Evan Boisdur,Grand Canyon,Abilene Christian,13.5276,57.0,3.8097,100.0,MWC,72.55,122.163,17.0,21.0,4.0,4.0,0.0,5.0,5.0,4.0,0.0,4.0,-0.25991,0.0389,-0.1086,0.1475,0.18693,77.93,101.91,3.7996,-0.1433,0.0215,0.33333,0.37281,0.09344,0.04174,0.14948,-1.781,-1.484,-0.297,21.34282,5.02184,6.2773,-0.3263066086,0.048837394
2026,2027,Abilene Christian,abilene christian,New Mexico,new mexico,2543855,Timeo Pons,Freshman,G,80,1.34191,player_id,Timeo Pons,New Mexico,Abilene Christian,16.9146,46.0,5.5552,88.0,MWC,55.04,95.439,23.0,23.0,5.0,1.0,4.0,8.0,12.0,2.0,2.0,3.0,0.14251,0.1224,0.0071,0.1153,0.24901,98.17,101.25,12.9323,0.1036,0.0889,0.3913,0.45635,0.02805,0.12183,0.10638,,,,30.86393,1.34191,16.102919999999997,0.1912355941,0.16424978399999998
2026,2027,Adams St.,adams state,UCCS,uccs,1930435,Derik Pranger,Junior,F,81,1.0,player_id,Derik Pranger,UCCS,Adams St.,,,,,,0.0,0.0,0.0,0.0,0.0,0.0,0.0,0.0,0.0,0.0,0.0,0.0,0.0,0.0,0.0,0.0,,,,,,,,,,,,,,,0.0,0.0,0.0,0.0,0.0
2026,2027,Adelphi,adelphi,Chestnut Hill,chestnut hill,2580078,Jeremiah Gorham,Freshman,G,72,1.0,player_id,Jeremiah Gorham,Chestnut Hill,Adelphi,,,,,,0.0,0.0,0.0,0.0,0.0,0.0,0.0,0.0,0.0,0.0,0.0,0.0,0.0,0.0,0.0,0.0,,,,,,,,,,,,,,,0.0,0.0,0.0,0.0,0.0
2026,2027,Akron,akron,North Texas,north texas,2561230,Buddy Hammer Jr.,Junior,F,79,1.0450766666666667,player_id,Buddy Hammer Jr.,North Texas,Akron,2.7046,136.0,1.0251,128.0,Amer,395.12,636.676,115.0,65.0,64.0,11.0,40.0,39.0,79.0,12.0,14.0,18.0,1.07305,1.4665,0.7125,0.7541,0.14652,122.89,103.38,15.0101,0.1086,0.1485,0.50769,0.61695,0.05554,0.11683,0.16193,1.286,-0.499,1.785,120.18381666666667,11.495843333333333,82.56105666666667,1.1214195171666668,1.5326049316666666
2026,2027,Akron,akron,Ohio St.,ohio state,2291198,Colin White,Sophomore,F,78,1.45,player_id,Colin White,Ohio St.,Akron,22.2159,25.0,13.7133,22.0,B10,252.08,405.149,25.0,28.0,5.0,12.0,10.0,19.0,29.0,8.0,2.0,5.0,-0.51544,0.3587,0.0588,0.2998,0.07453,103.28,111.39,5.8956,-0.0818,0.0569,0.42857,0.41391,0.07305,0.07283,0.14205,-0.152,-0.188,0.036,36.25,17.4,42.05,-0.7473879999999999,0.520115
2026,2027,Akron,akron,Kansas St.,kansas state,2510656,Exavier Wilson,Freshman,G,73,1.1657333333333333,player_id,Exavier Wilson,Kansas St.,Akron,6.944,103.0,12.7102,31.0,B12,0.0,0.0,0.0,0.0,0.0,0.0,0.0,0.0,0.0,0.0,0.0,0.0,0.0,0.0,0.0,0.0,,,,,,,,,,,,,,,0.0,0.0,0.0,0.0,0.0
2026,2027,Akron,akron,Western Mich.,western michigan,1903775,Max Burton,Junior,F,82,0.7637783333333333,player_id,Max Burton,Western Mich.,Akron,-9.3733,274.0,-1.7056,193.0,MAC,687.91,1162.26,154.0,128.0,44.0,49.0,45.0,95.0,140.0,5.0,15.0,34.0,-1.37032,0.8684,0.4637,0.4047,0.13277,107.37,118.07,11.0062,-0.0797,0.0505,0.48438,0.52239,0.12809,0.11546,0.18747,-2.285,0.657,-2.942,117.62186333333334,37.42513833333334,106.92896666666667,-1.0466207257333333,0.6632651046666667
2026,2027,Akron,akron,UIW,incarnate word,1697774,Tahj Staveskie,Junior,G,72,0.7786850000000001,player_id,Tahj Staveskie,UIW,Akron,-8.4789,265.0,-1.7156,194.0,Slnd,1000.77,1602.678,485.0,392.0,110.0,109.0,22.0,78.0,100.0,27.0,3.0,79.0,2.40285,2.1849,1.6331,0.5518,0.27255,110.34,118.47,17.2075,0.096,0.0873,0.50638,0.55064,0.24533,0.06096,0.1521,-1.22,-0.092,-1.128,377.66222500000003,84.876665,77.86850000000001,1.8710632522500001,1.7013488565000001
2026,2027,Akron,akron,Illinois St.,illinois state,2097919,Ty Pence,Junior,G,78,1.15303,player_id,Ty Pence,Illinois St.,Akron,7.3818,97.0,2.0255,114.0,MVC,825.7,1362.596,334.0,240.0,73.0,55.0,40.0,115.0,155.0,17.0,11.0,33.0,3.22229,3.3963,1.868,1.5282,0.1939,123.26,103.95,18.6551,0.1561,0.1645,0.58958,0.61374,0.1329,0.1111,0.10815,3.563,1.031,2.532,385.11202,63.41665,178.71965,3.7153970387,3.916035789
2026,2027,Alabama,alabama,Kentucky,kentucky,2105470,Brandon Garrison,Junior,F,82,1.45,player_id,Brandon Garrison,Kentucky,Alabama,21.0942,29.0,16.3561,4.0,SEC,585.53,999.232,168.0,124.0,44.0,38.0,53.0,93.0,146.0,18.0,30.0,35.0,1.33252,1.7261,0.7202,1.0059,0.15131,113.76,105.43,15.5958,0.091,0.1179,0.57258,0.58577,0.11194,0.13938,0.19623,-0.759,0.232,-0.991,243.6,55.1,211.7,1.932154,2.5028449999999998
2026,2027,Alabama,alabama,Boise St.,boise state,2164149,Drew Fielder,Junior,F,83,1.2548633333333334,player_id,Drew Fielder,Boise St.,Alabama,13.4918,59.0,8.5218,75.0,MWC,709.37,1146.336,431.0,289.0,116.0,33.0,51.0,110.0,161.0,12.0,16.0,51.0,4.86326,3.3075,2.265,1.0426,0.28903,122.64,108.29,25.1597,0.2742,0.1865,0.58997,0.63382,0.11667,0.14442,0.13042,1.715,1.822,-0.107,540.8460966666668,41.41049,202.0329966666667,6.102726654466668,4.150460475000001
2026,2027,Alabama,alabama,Mississippi St.,mississippi state,2506897,Jamarion Davis-Fleming,Freshman,F,82,1.1673416666666667,player_id,Jamarion Davis-Fleming,Mississippi St.,Alabama,7.0405,102.0,13.0385,28.0,SEC,644.63,1130.517,119.0,74.0,56.0,22.0,60.0,95.0,155.0,13.0,40.0,17.0,0.41611,1.4579,0.7894,0.6685,0.08734,123.98,113.02,13.7888,0.0258,0.0905,0.67568,0.60345,0.0548,0.12668,0.14701,-0.412,-0.293,-0.119,138.91365833333333,25.681516666666667,180.93795833333334,0.4857425409166667,1.7018674158333333
2026,2027,Alabama A&M,alabama a and m,Coastal Carolina,coastal carolina,2533922,Devin Brown,Freshman,F,79,0.84663,player_id,Devin Brown,Coastal Carolina,Alabama A&M,-6.8022,247.0,-5.1732,267.0,SB,0.0,0.0,0.0,0.0,0.0,0.0,0.0,0.0,0.0,0.0,0.0,0.0,0.0,0.0,0.0,0.0,,,,,,,,,,,,,,,0.0,0.0,0.0,0.0,0.0
2026,2027,Alabama A&M,alabama a and m,Canisius,canisius,2487835,Javante Edwards,Freshman,G,73,0.5643733333333333,player_id,Javante Edwards,Canisius,Alabama A&M,-18.9376,342.0,-7.8339,313.0,MAAC,603.25,947.3,176.0,154.0,54.0,50.0,7.0,41.0,48.0,18.0,1.0,56.0,-1.62576,-0.0023,-0.5582,0.5559,0.21048,87.18,114.37,6.8575,-0.1078,-0.0002,0.44805,0.49494,0.18995,0.0477,0.23956,-2.083,-2.353,0.27,99.32970666666665,28.218666666666664,27.08992,-0.9175355904,-0.0012980586666666665
2026,2027,Alabama A&M,alabama a and m,Detroit Mercy,detroit,2319565,Nate Johnson,Sophomore,G,79,0.8914933333333332,player_id,Nate Johnson,Detroit Mercy,Alabama A&M,-4.1104,218.0,-2.5606,211.0,Horz,231.78,403.427,51.0,69.0,10.0,10.0,16.0,27.0,43.0,6.0,2.0,11.0,-0.80746,-0.0769,-0.2567,0.1798,0.1777,82.89,115.99,5.291,-0.1393,-0.0133,0.31884,0.34741,0.07277,0.10259,0.13033,1.063,1.123,-0.06,45.466159999999995,8.914933333333332,38.33421333333333,-0.7198452069333332,-0.06855583733333333
2026,2027,Alabama A&M,alabama a and m,Old Dominion,old dominion,1930368,Stephaun Walker,Senior,F,79,0.8429249999999999,player_id,Stephaun Walker,Old Dominion,Alabama A&M,-7.0245,248.0,-3.3276,226.0,SB,0.0,0.0,0.0,0.0,0.0,0.0,0.0,0.0,0.0,0.0,0.0,0.0,0.0,0.0,0.0,0.0,,,,,,,,,,,,,,,0.0,0.0,0.0,0.0,0.0
2026,2027,Alabama St.,alabama state,Southern Ind.,southern indiana,2507066,Amaree Brown,Junior,G,77,0.5674816666666667,player_id,Amaree Brown,Southern Ind.,Alabama St.,-18.7511,341.0,-8.6202,328.0,OVC,423.01,689.677,221.0,193.0,79.0,19.0,7.0,37.0,44.0,9.0,6.0,31.0,-0.65884,0.4832,0.0159,0.4673,0.30471,97.25,112.27,13.0687,-0.0623,0.0457,0.41192,0.48507,0.11647,0.056,0.1198,-2.701,-0.344,-2.357,125.41344833333333,10.782151666666667,24.969193333333333,-0.37387962126666663,0.27420714133333335
2026,2027,Alabama St.,alabama state,Texas St.,texas state,1931601,Isaiah Barganier,Senior,F,79,0.8487133333333333,player_id,Isaiah Barganier,Texas St.,Alabama St.,-6.6772,246.0,-7.1147,298.0,SB,3.45,5.612,0.0,1.0,0.0,0.0,0.0,1.0,1.0,1.0,0.0,1.0,-0.02863,,,0.018,0.31084,,66.78,-11.4282,-0.3319,,0.0,0.0,0.0,0.17305,0.5,,,,0.0,0.0,0.8487133333333333,-0.024298662733333334,0.0
2026,2027,Alabama St.,alabama state,Abilene Christian,abilene christian,2505149,Joseph Scott,Junior,F,81,0.8496049999999999,player_id,Joseph Scott,Abilene Christian,Alabama St.,-6.6237,245.0,-0.1147,150.0,WAC,310.01,519.673,96.0,80.0,37.0,10.0,28.0,49.0,77.0,15.0,5.0,25.0,-0.11889,0.3819,-0.1475,0.5294,0.19998,91.7,105.6,11.56,-0.0153,0.0493,0.4875,0.49844,0.07166,0.15985,0.20613,-2.211,-0.022,-2.189,81.56208,8.49605,65.419585,-0.10100953844999999,0.32446414949999997
2026,2027,Alabama St.,alabama state,Mississippi Val.,mississippi valley state,2547311,Michael James,Junior,G,73,0.55,player_id,Michael James,Mississippi Val.,Alabama St.,-31.2122,365.0,-7.2625,302.0,SWAC,1137.75,1929.419,650.0,527.0,130.0,84.0,26.0,76.0,102.0,54.0,1.0,90.0,2.99001,1.4601,1.245,0.2151,0.30366,105.38,122.54,18.0666,0.1051,0.0513,0.50474,0.55632,0.2071,0.05389,0.13349,-6.197,-2.723,-3.474,357.50000000000006,46.2,56.1,1.6445055,0.8030550000000001
2026,2027,Alabama St.,alabama state,Sam Houston,sam houston state,2550263,Noah Benny,Freshman,G,72,1.0881683333333334,player_id,Noah Benny,Sam Houston,Alabama St.,5.2901,111.0,0.3543,141.0,CUSA,0.0,0.0,0.0,0.0,0.0,0.0,0.0,0.0,0.0,0.0,0.0,0.0,0.0,0.0,0.0,0.0,,,,,,,,,,,,,,,0.0,0.0,0.0,0.0,0.0
2026,2027,Alas. Anchorage,alas anchorage,UAlbany,albany,2143577,Bautista Giralt,Junior,F,84,0.63126,player_id,Bautista Giralt,UAlbany,Alas. Anchorage,-14.9244,322.0,-7.574,308.0,AE,23.14,37.135,4.0,1.0,8.0,1.0,2.0,2.0,4.0,1.0,0.0,1.0,-0.04415,0.0189,0.0017,0.0172,0.12584,98.11,116.32,8.1968,-0.0763,0.0327,0.0,0.44444,0.06453,0.10661,0.18116,,,,2.52504,0.63126,2.52504,-0.027870129000000004,0.011930814000000001
2026,2027,Alas. Anchorage,alas anchorage,Chadron St.,chadron state,2579820,Mack Keighran,Junior,G,74,1.0,player_id,Mack Keighran,Chadron St.,Alas. Anchorage,,,,,,0.0,0.0,0.0,0.0,0.0,0.0,0.0,0.0,0.0,0.0,0.0,0.0,0.0,0.0,0.0,0.0,,,,,,,,,,,,,,,0.0,0.0,0.0,0.0,0.0
2026,2027,Alas. Anchorage,alas anchorage,Barry,barry,2477903,Tarrance Warren Jr,Junior,G,74,1.0,player_id,Tarrance Warren Jr,Barry,Alas. Anchorage,,,,,,0.0,0.0,0.0,0.0,0.0,0.0,0.0,0.0,0.0,0.0,0.0,0.0,0.0,0.0,0.0,0.0,,,,,,,,,,,,,,,0.0,0.0,0.0,0.0,0.0
2026,2027,Alas. Anchorage,alas anchorage,Northern Ariz.,northern arizona,1925440,Walker Timme,Junior,F,79,0.6341100000000001,player_id,Walker Timme,Northern Ariz.,Alas. Anchorage,-14.7534,321.0,-1.5861,189.0,BSky,0.0,0.0,0.0,0.0,0.0,0.0,0.0,0.0,0.0,0.0,0.0,0.0,0.0,0.0,0.0,0.0,,,,,,,,,,,,,,,0.0,0.0,0.0,0.0,0.0
2026,2027,Alas. Anchorage,alas anchorage,Baylor,baylor,2098975,Will Kuykendall,Sophomore,G,74,1.3807083333333334,player_id,Will Kuykendall,Baylor,Alas. Anchorage,16.2425,50.0,13.6395,23.0,B12,23.37,41.275,15.0,10.0,2.0,0.0,0.0,2.0,2.0,0.0,0.0,3.0,-0.01588,0.0337,0.0234,0.0103,0.2897,105.63,119.73,14.7456,-0.0272,0.0577,0.65,0.68807,0.0,0.05236,0.21614,,,,20.710625,0.0,2.761416666666667,-0.021925648333333332,0.04652987083333334
2026,2027,UAlbany,albany,Vermont,vermont,2319442,Ben Michaels,Sophomore,F,80,0.8527566666666666,player_id,Ben Michaels,Vermont,UAlbany,-6.4346,239.0,-11.1731,357.0,AE,379.34,595.855,55.0,52.0,19.0,11.0,30.0,32.0,62.0,3.0,8.0,12.0,-0.94949,0.6289,0.1378,0.4911,0.10509,103.84,110.2,7.2276,-0.1001,0.0663,0.42308,0.4553,0.05004,0.09925,0.16584,-4.088,-3.225,-0.863,46.90161666666666,9.380323333333333,52.87091333333333,-0.8096839274333333,0.5362986676666667
2026,2027,UAlbany,albany,Portland St.,portland state,2351050,Kean Webb,Sophomore,F,83,1.020835,player_id,Kean Webb,Portland St.,UAlbany,1.2501,148.0,-2.4912,210.0,BSky,9.86,17.888,0.0,0.0,3.0,0.0,1.0,1.0,2.0,0.0,1.0,0.0,-0.04692,,,0.0183,0.06714,,103.85,-1.045,-0.1903,,,0.0,0.0,0.11374,0.0,,,,0.0,0.0,2.04167,-0.0478975782,0.0
2026,2027,UAlbany,albany,UT Martin,tennessee martin,2311790,Pedro Santos,Freshman,G,79,0.8780249999999999,player_id,Pedro Santos,UT Martin,UAlbany,-4.9185,224.0,-9.0788,339.0,OVC,527.88,845.546,193.0,183.0,27.0,20.0,35.0,72.0,107.0,43.0,2.0,30.0,1.57071,1.721,0.2271,1.4939,0.21928,101.65,93.1,15.7898,0.119,0.1304,0.47814,0.49513,0.08919,0.11407,0.1334,-2.286,-3.178,0.892,169.458825,17.560499999999998,93.948675,1.37912264775,1.511081025
2026,2027,Alcorn,alcorn state,UNCW,unc wilmington,2472559,Adam Tokpah,Freshman,F,83,1.08414,player_id,Adam Tokpah,UNCW,Alcorn,5.0484,114.0,-4.4735,253.0,CAA,0.0,0.0,0.0,0.0,0.0,0.0,0.0,0.0,0.0,0.0,0.0,0.0,0.0,0.0,0.0,0.0,,,,,,,,,,,,,,,0.0,0.0,0.0,0.0,0.0
2026,2027,Alcorn,alcorn state,Stetson,stetson,2536210,Calvin Sirmans III,Junior,G,68,0.6710866666666667,player_id,Calvin Sirmans III,Stetson,Alcorn,-12.5348,303.0,-4.0923,244.0,ASun,695.81,1167.713,181.0,154.0,77.0,129.0,11.0,42.0,53.0,31.0,3.0,54.0,-0.43158,0.6561,0.352,0.3041,0.18264,102.54,119.79,11.1881,-0.0248,0.0377,0.3961,0.48164,0.3326,0.04578,0.22325,-2.966,-0.421,-2.545,121.46668666666667,86.57018000000001,35.567593333333335,-0.2896275836,0.44029996200000004
2026,2027,Alcorn,alcorn state,Seton Hall,seton hall,2315009,Jahseem Felton,Sophomore,G,77,1.3481750000000001,player_id,Jahseem Felton,Seton Hall,Alcorn,16.0905,51.0,9.0536,73.0,BE,41.69,65.739,5.0,8.0,4.0,1.0,0.0,4.0,4.0,2.0,0.0,1.0,-0.16991,0.008,-0.0742,0.0822,0.13084,62.84,102.62,2.0896,-0.163,0.0077,0.125,0.2551,0.04105,0.05306,0.09294,-0.306,-0.261,-0.045,6.740875000000001,1.3481750000000001,5.3927000000000005,-0.22906841425000002,0.0107854
2026,2027,Alcorn,alcorn state,Indiana St.,indiana state,2322662,Jayan Walker,Sophomore,G,78,0.9072549999999999,player_id,Jayan Walker,Indiana St.,Alcorn,-3.1647,207.0,0.7449,133.0,MVC,46.7,78.058,12.0,15.0,2.0,1.0,1.0,7.0,8.0,0.0,0.0,6.0,-0.35904,-0.1261,-0.1786,0.0525,0.24809,60.6,112.03,-3.9744,-0.3075,-0.108,0.33333,0.37736,0.0395,0.09372,0.27422,0.415,-0.463,0.878,10.887059999999998,0.9072549999999999,7.258039999999999,-0.3257408352,-0.11440485549999999
2026,2027,Alcorn,alcorn state,UAlbany,albany,2284679,Ma'Kye Taylor,Sophomore,F,80,0.63126,player_id,Ma'Kye Taylor,UAlbany,Alcorn,-14.9244,322.0,-7.574,308.0,AE,379.31,613.171,91.0,86.0,20.0,11.0,30.0,25.0,55.0,10.0,7.0,22.0,-1.15187,0.1301,-0.0732,0.2033,0.16116,94.37,118.65,8.6844,-0.1215,0.0137,0.47674,0.47996,0.05282,0.08802,0.18836,-3.074,-2.415,-0.659,57.444660000000006,6.943860000000001,34.719300000000004,-0.7271294562,0.082126926
2026,2027,Alcorn,alcorn state,Northern St.,northern state,2568059,Marshawn Smith,Junior,G,77,1.0,player_id,Marshawn Smith,Northern St.,Alcorn,,,,,,0.0,0.0,0.0,0.0,0.0,0.0,0.0,0.0,0.0,0.0,0.0,0.0,0.0,0.0,0.0,0.0,,,,,,,,,,,,,,,0.0,0.0,0.0,0.0,0.0
2026,2027,Alcorn,alcorn state,Kennesaw St.,kennesaw state,2540394,Nigel Thomas,Freshman,F,80,1.0198483333333332,player_id,Nigel Thomas,Kennesaw St.,Alcorn,1.1909,149.0,-1.5987,190.0,CUSA,0.0,0.0,0.0,0.0,0.0,0.0,0.0,0.0,0.0,0.0,0.0,0.0,0.0,0.0,0.0,0.0,,,,,,,,,,,,,,,0.0,0.0,0.0,0.0,0.0
2026,2027,American Int'l,american intl,Maine,maine,2116958,Isaac Bonilla,Junior,G,72,0.55,player_id,Isaac Bonilla,Maine,American Int'l,-20.3087,348.0,-9.4028,344.0,AE,176.95,282.406,39.0,32.0,1.0,5.0,1.0,19.0,20.0,6.0,0.0,11.0,-0.27631,0.1685,-0.0973,0.2658,0.13785,87.79,107.94,6.2965,-0.0625,0.0381,0.60938,0.60185,0.0627,0.06806,0.25322,-1.052,-1.698,0.646,21.450000000000003,2.75,11.0,-0.1519705,0.09267500000000001
2026,2027,Anderson (SC),anderson sc,Lees-McRae,lees mcrae,1930683,Cedric Patterson,Senior,G,73,1.0,player_id,Cedric Patterson,Lees-McRae,Anderson (SC),,,,,,0.0,0.0,0.0,0.0,0.0,0.0,0.0,0.0,0.0,0.0,0.0,0.0,0.0,0.0,0.0,0.0,,,,,,,,,,,,,,,0.0,0.0,0.0,0.0,0.0
2026,2027,Anderson (SC),anderson sc,High Point,high point,2321275,David Fonville,Sophomore,G,75,1.1886683333333334,player_id,David Fonville,High Point,Anderson (SC),9.5201,85.0,-7.853,314.0,BSth,21.65,36.902,0.0,5.0,0.0,1.0,1.0,1.0,2.0,3.0,0.0,0.0,-0.07108,,,0.0554,0.11339,,96.1,1.653,-0.1313,,0.0,0.0,0.05912,0.05214,0.0,,,,0.0,1.1886683333333334,2.377336666666667,-0.08449054513333334,0.0
2026,2027,Angelo St.,angelo state,Norfolk St.,norfolk state,2507561,Yel Deeng,Junior,F,80,0.625715,player_id,Yel Deeng,Norfolk St.,Angelo St.,-15.2571,325.0,-12.0225,361.0,MEAC,71.13,120.216,8.0,14.0,2.0,1.0,2.0,14.0,16.0,1.0,3.0,2.0,-0.17818,-0.0012,-0.1177,0.1165,0.12053,63.46,106.34,2.0807,-0.1002,-0.0007,0.28571,0.26846,0.02628,0.13119,0.11848,-0.907,-1.599,0.692,5.00572,0.625715,10.01144,-0.1114898987,-0.000750858
2026,2027,App State,appalachian state,Concordia-St. Paul,concordia st paul,2141874,Ben Kopetzki,Junior,G,72,1.0,player_id,Ben Kopetzki,Concordia-St. Paul,App State,,,,,,0.0,0.0,0.0,0.0,0.0,0.0,0.0,0.0,0.0,0.0,0.0,0.0,0.0,0.0,0.0,0.0,,,,,,,,,,,,,,,0.0,0.0,0.0,0.0,0.0
2026,2027,App State,appalachian state,Kansas,kansas,2483800,Corbin Allen,Freshman,G,77,1.45,player_id,Corbin Allen,Kansas,App State,24.1522,21.0,16.6274,3.0,B12,0.0,0.0,0.0,0.0,0.0,0.0,0.0,0.0,0.0,0.0,0.0,0.0,0.0,0.0,0.0,0.0,,,,,,,,,,,,,,,0.0,0.0,0.0,0.0,0.0
2026,2027,App State,appalachian state,Stonehill,stonehill,2305790,Hermann Koffi,Sophomore,G,76,0.59199,player_id,Hermann Koffi,Stonehill,App State,-17.2806,333.0,-10.5414,352.0,NEC,1085.17,1767.165,378.0,332.0,51.0,41.0,11.0,76.0,87.0,14.0,1.0,37.0,-0.3459,2.2153,0.7973,1.418,0.19062,106.22,110.03,10.5887,-0.0128,0.0817,0.50151,0.5333,0.08418,0.04529,0.09452,-3.591,-3.857,0.266,223.77222,24.27159,51.50313,-0.204769341,1.311435447
2026,2027,App State,appalachian state,UConn,connecticut,2488795,Rrezon Elezaj,Freshman,F,85,1.45,player_id,Rrezon Elezaj,UConn,App State,29.7785,9.0,14.3188,16.0,BE,4.42,7.482,0.0,2.0,0.0,0.0,1.0,2.0,3.0,0.0,1.0,0.0,0.03002,,,0.0189,0.2217,,76.69,8.6438,0.2717,,0.0,0.0,0.0,0.40073,0.0,,,,0.0,0.0,4.35,0.043529,0.0
2026,2027,Arizona,arizona,North Carolina,north carolina,2506567,Derek Dixon,Freshman,G,77,1.4452433333333334,player_id,Derek Dixon,North Carolina,Arizona,20.1146,32.0,11.1241,49.0,ACC,736.99,1234.791,215.0,189.0,33.0,90.0,9.0,68.0,77.0,13.0,0.0,38.0,0.34823,1.6962,0.7293,0.9669,0.16683,110.02,110.03,11.0992,0.0189,0.0921,0.49735,0.52826,0.20202,0.0578,0.15734,1.615,2.181,-0.566,310.7273166666667,130.0719,111.28373666666667,0.5032770859666666,2.451421742
2026,2027,Arizona,arizona,Idaho St.,idaho state,2092803,Evan Otten,Sophomore,F,83,0.7977366666666666,player_id,Evan Otten,Idaho St.,Arizona,-7.3358,255.0,-1.1637,172.0,BSky,435.04,706.405,144.0,101.0,53.0,9.0,34.0,73.0,107.0,5.0,51.0,26.0,1.41181,1.0042,0.4473,0.5569,0.18121,109.53,110.46,16.6349,0.1298,0.0923,0.5495,0.57924,0.04167,0.15814,0.17296,-1.124,0.468,-1.592,114.87407999999999,7.1796299999999995,85.35782333333333,1.1262526033666667,0.8010871606666666
2026,2027,Arizona,arizona,Washington,washington,2532529,JJ Mandaquit,Freshman,G,73,1.3341150000000002,player_id,JJ Mandaquit,Washington,Arizona,15.2469,52.0,11.8175,41.0,B10,431.45,725.504,114.0,94.0,30.0,70.0,5.0,42.0,47.0,12.0,2.0,27.0,-0.03301,0.9427,0.4421,0.5006,0.154,110.26,111.69,12.0327,-0.0031,0.0874,0.49468,0.53172,0.27172,0.0614,0.20119,1.956,-0.693,2.649,152.08911,93.38805,62.70340500000001,-0.044039136150000005,1.2576702105000002
2026,2027,Arizona,arizona,Nebraska,nebraska,1890678,Ugnius Jarusevicius,Senior,F,82,1.45,player_id,Ugnius Jarusevicius,Nebraska,Arizona,26.5826,16.0,12.1157,36.0,B10,10.52,17.726,7.0,3.0,1.0,0.0,0.0,2.0,2.0,0.0,2.0,2.0,0.08671,0.0038,-0.0289,0.0326,0.24508,65.27,90.14,27.688,0.3297,0.0143,1.16667,1.02941,0.0,0.09876,0.36765,,,,10.15,0.0,2.9,0.1257295,0.00551
2026,2027,Arizona St.,arizona state,Boston U.,boston university,2304748,Ben Defty,Sophomore,F,84,0.783775,player_id,Ben Defty,Boston U.,Arizona St.,-8.1735,262.0,-8.941,333.0,PL,973.53,1511.976,498.0,284.0,155.0,62.0,61.0,162.0,223.0,13.0,57.0,75.0,6.08992,4.1558,3.0694,1.0864,0.24668,125.48,112.16,26.16,0.2502,0.1708,0.69366,0.70698,0.14411,0.14987,0.17556,2.699,0.679,2.02,390.31995,48.59405,174.781825,4.773127048,3.257212145
2026,2027,Arizona St.,arizona state,Saint Mary's (CA),saint marys,2505024,Dillan Shaw,Freshman,G,79,1.4245383333333335,player_id,Dillan Shaw,Saint Mary's (CA),Arizona St.,21.8723,26.0,5.1762,91.0,WCC,891.3,1433.484,241.0,198.0,31.0,49.0,43.0,127.0,170.0,27.0,20.0,34.0,3.2011,3.2863,1.2116,2.0747,0.1427,118.84,98.93,13.6848,0.1437,0.1475,0.55303,0.56947,0.09809,0.11067,0.13841,4.448,2.848,1.6,343.3137383333334,69.80237833333334,242.1715166666667,4.560089658833333,4.681460324833334
2026,2027,Arizona St.,arizona state,Gonzaga,gonzaga,2128752,Emmanuel Innocenti,Junior,F,77,1.45,player_id,Emmanuel Innocenti,Gonzaga,Arizona St.,26.9815,15.0,5.8434,86.0,WCC,851.65,1448.067,209.0,177.0,33.0,61.0,53.0,80.0,133.0,36.0,9.0,17.0,2.69505,3.4879,1.4031,2.0848,0.12058,126.43,97.37,13.8746,0.1266,0.1638,0.5339,0.54569,0.10247,0.08704,0.08153,5.197,1.801,3.396,303.05,88.45,192.85,3.9078225,5.057454999999999
2026,2027,Arizona St.,arizona state,Portland,portland,2539446,Joel Foxwell,Freshman,G,73,0.9076616666666666,player_id,Joel Foxwell,Portland,Arizona St.,-3.1403,206.0,3.1713,103.0,WCC,1146.83,1949.323,506.0,446.0,107.0,206.0,18.0,118.0,136.0,44.0,3.0,100.0,3.66928,2.0392,0.9304,1.1088,0.26496,103.63,113.83,15.9601,0.128,0.0711,0.47197,0.51308,0.36845,0.07112,0.16861,-0.639,0.332,-0.971,459.2768033333333,186.97830333333332,123.44198666666665,3.3304648002666664,1.8509036706666666
2026,2027,Arizona St.,arizona state,California Baptist,cal baptist,2120080,Jonathan Griman,Junior,F,83,1.1012533333333334,player_id,Jonathan Griman,California Baptist,Arizona St.,6.0752,105.0,-1.642,191.0,WAC,717.73,1185.297,188.0,140.0,50.0,14.0,68.0,115.0,183.0,15.0,28.0,33.0,1.24006,2.4632,0.7522,1.7111,0.13556,113.37,98.11,14.4795,0.0691,0.1373,0.57857,0.58025,0.03685,0.14317,0.16923,1.751,0.068,1.683,207.03562666666667,15.417546666666668,201.52936000000003,1.3656202085333333,2.712607210666667
2026,2027,Arizona St.,arizona state,LSU,lsu,2688645,Marcus Vaughns,Freshman,F,80,1.2998266666666667,player_id,Marcus Vaughns,LSU,Arizona St.,13.1896,61.0,10.6212,59.0,SEC,0.0,0.0,0.0,0.0,0.0,0.0,0.0,0.0,0.0,0.0,0.0,0.0,0.0,0.0,0.0,0.0,,,,,,,,,,,,,,,0.0,0.0,0.0,0.0,0.0
2026,2027,Arizona St.,arizona state,California Baptist,cal baptist,2483427,Nate Garcia,Freshman,F,84,1.1012533333333334,player_id,Nate Garcia,California Baptist,Arizona St.,6.0752,105.0,-1.642,191.0,WAC,97.91,164.7,39.0,17.0,25.0,2.0,4.0,14.0,18.0,2.0,0.0,6.0,0.08002,0.4433,0.2398,0.2035,0.17074,128.1,101.52,17.0149,0.0327,0.1811,0.52941,0.69643,0.03675,0.10033,0.17647,-0.616,-0.128,-0.488,42.94888,2.202506666666667,19.822560000000003,0.08812229173333333,0.4881856026666667
2026,2027,Arizona St.,arizona state,Saint Mary's (CA),saint marys,2098979,Paulius Murauskas,Junior,F,80,1.4245383333333335,player_id,Paulius Murauskas,Saint Mary's (CA),Arizona St.,21.8723,26.0,5.1762,91.0,WCC,1042.24,1688.238,588.0,407.0,194.0,69.0,65.0,184.0,249.0,18.0,18.0,59.0,6.63386,5.8218,3.4662,2.3556,0.27392,125.44,99.68,23.9172,0.2546,0.2234,0.52088,0.59708,0.14158,0.13862,0.10701,5.55,2.903,2.647,837.62854,98.29314500000001,354.71004500000004,9.450187867966667,8.293377269
2026,2027,Ark.-Fort Smith,ark fort smith,MSU Moorhead,msu moorhead,2333239,Dominic Gooden,Junior,G,73,1.0,player_id,Dominic Gooden,MSU Moorhead,Ark.-Fort Smith,,,,,,0.0,0.0,0.0,0.0,0.0,0.0,0.0,0.0,0.0,0.0,0.0,0.0,0.0,0.0,0.0,0.0,,,,,,,,,,,,,,,0.0,0.0,0.0,0.0,0.0
2026,2027,Arkansas,arkansas,Furman,furman,2146838,Cooper Bowser,Junior,F,83,0.9763616666666667,player_id,Cooper Bowser,Furman,Arkansas,-1.4183,184.0,-5.6642,276.0,SC,659.22,1077.922,301.0,165.0,81.0,36.0,32.0,95.0,127.0,7.0,28.0,30.0,3.04016,3.0585,2.1025,0.956,0.18548,136.9,108.43,23.645,0.1845,0.1856,0.75152,0.75025,0.11773,0.1145,0.13007,-1.64,-0.853,-0.787,293.88486166666667,35.14902,123.99793166666667,2.9682956845333335,2.9862021575
2026,2027,Arkansas,arkansas,Georgia,georgia,2291238,Jeremiah Wilkinson,Sophomore,G,73,1.4326616666666667,player_id,Jeremiah Wilkinson,Georgia,Arkansas,19.3597,35.0,11.0632,52.0,SEC,795.89,1431.125,540.0,410.0,159.0,54.0,12.0,51.0,63.0,49.0,9.0,42.0,4.26159,3.2884,2.255,1.0333,0.30487,119.56,110.16,22.3549,0.2142,0.1653,0.5061,0.5625,0.12353,0.04207,0.08047,0.935,1.732,-0.797,773.6373,77.36373,90.25768500000001,6.10541663205,4.711164624666667
2026,2027,Ark.-Pine Bluff,arkansas pine bluff,UTEP,utep,2308330,C.J. Smith,Sophomore,F,79,0.7636216666666668,player_id,C.J. Smith,UTEP,Ark.-Pine Bluff,-9.3827,275.0,-0.4242,157.0,CUSA,65.89,105.753,5.0,13.0,0.0,0.0,5.0,4.0,9.0,6.0,1.0,5.0,-0.28916,,,0.1133,0.14214,,105.47,0.7134,-0.1755,,0.19231,0.19231,0.0,0.08254,0.27778,-2.3,-1.391,-0.909,3.818108333333334,0.0,6.8725950000000005,-0.22080884113333335,0.0
2026,2027,Ark.-Pine Bluff,arkansas pine bluff,Holy Family,holy family,2580069,Elijah Hernandez,Junior,G,78,1.0,player_id,Elijah Hernandez,Holy Family,Ark.-Pine Bluff,,,,,,0.0,0.0,0.0,0.0,0.0,0.0,0.0,0.0,0.0,0.0,0.0,0.0,0.0,0.0,0.0,0.0,,,,,,,,,,,,,,,0.0,0.0,0.0,0.0,0.0
2026,2027,Arkansas St.,arkansas state,N.C. A&T,north carolina a and t,2326236,Amadou Doumbia,Freshman,F,83,0.7354483333333334,player_id,Amadou Doumbia,N.C. A&T,Arkansas St.,-11.0731,290.0,-4.0778,242.0,CAA,341.62,574.324,78.0,60.0,28.0,6.0,34.0,63.0,97.0,11.0,31.0,12.0,1.33334,0.9249,0.3626,0.5623,0.12525,114.82,106.34,16.0521,0.1561,0.1083,0.48333,0.53942,0.03247,0.16344,0.14231,-1.721,-1.455,-0.266,57.36497,4.4126900000000004,71.33848833333333,0.9806026807666667,0.6802161635
2026,2027,Arkansas St.,arkansas state,UIW,incarnate word,2138760,Jordan Pyke,Junior,G,79,0.7786850000000001,player_id,Jordan Pyke,UIW,Arkansas St.,-8.4789,265.0,-1.7156,194.0,Slnd,622.39,1011.399,294.0,209.0,91.0,35.0,33.0,89.0,122.0,13.0,9.0,32.0,2.30658,1.9782,1.4661,0.5121,0.23292,119.44,115.42,20.1895,0.1482,0.1271,0.54785,0.59036,0.12626,0.1182,0.11386,-2.285,-0.001,-2.284,228.93339000000003,27.253975000000004,94.99957,1.7960992473000001,1.5403946670000002
2026,2027,Arkansas St.,arkansas state,Murray St.,murray state,2292842,Layne Taylor,Sophomore,G,71,1.059785,player_id,Layne Taylor,Murray St.,Arkansas St.,3.5871,127.0,1.0872,126.0,MVC,760.82,1351.751,247.0,206.0,38.0,100.0,25.0,58.0,83.0,22.0,1.0,30.0,1.86591,2.1449,1.5267,0.6181,0.15985,124.0,115.63,14.1925,0.0981,0.1128,0.5267,0.55456,0.22141,0.06077,0.11871,2.738,3.43,-0.692,261.766895,105.9785,87.962155,1.97746342935,2.2731328465
2026,2027,Arkansas St.,arkansas state,Augustana (SD),augustana sd,2322666,Tameron Ferguson,Sophomore,G,74,1.0,player_id,Tameron Ferguson,Augustana (SD),Arkansas St.,,,,,,0.0,0.0,0.0,0.0,0.0,0.0,0.0,0.0,0.0,0.0,0.0,0.0,0.0,0.0,0.0,0.0,,,,,,,,,,,,,,,0.0,0.0,0.0,0.0,0.0
2026,2027,Auburn,auburn,South Alabama,south alabama,2494549,Adam Olsen,Junior,F,80,0.9528033333333333,player_id,Adam Olsen,South Alabama,Auburn,-2.8318,199.0,-5.5539,272.0,SB,1091.51,1758.842,511.0,383.0,121.0,29.0,8.0,114.0,122.0,31.0,3.0,30.0,4.94563,3.4591,2.1522,1.3069,0.23423,117.63,111.35,17.7729,0.1812,0.1268,0.53394,0.58574,0.05369,0.06365,0.06434,1.561,0.551,1.01,486.8825033333333,27.631296666666668,116.24200666666667,4.712212749433334,3.2958420103333332
2026,2027,Auburn,auburn,Santa Clara,santa clara,2110377,Bukky Oboye,Sophomore,F,85,1.37698,player_id,Bukky Oboye,Santa Clara,Auburn,19.0188,38.0,6.1685,82.0,WCC,602.17,1032.475,268.0,164.0,64.0,20.0,54.0,87.0,141.0,23.0,40.0,28.0,3.69823,2.8541,1.732,1.1222,0.17776,133.28,103.67,22.8505,0.2457,0.1896,0.68902,0.69719,0.05782,0.13704,0.12718,-0.805,-1.06,0.255,369.03064,27.5396,194.15418000000003,5.0923887454,3.930038618
2026,2027,Auburn,auburn,Vanderbilt,vanderbilt,2155942,George Kimble III,Junior,G,74,1.45,player_id,George Kimble III,Vanderbilt,Auburn,27.3546,11.0,14.615,15.0,SEC,0.0,0.0,0.0,0.0,0.0,0.0,0.0,0.0,0.0,0.0,0.0,0.0,0.0,0.0,0.0,0.0,,,,,,,,,,,,,,,0.0,0.0,0.0,0.0,0.0
2026,2027,Auburn,auburn,Creighton,creighton,2113323,Owen Freeman,Junior,F,82,1.2630466666666667,player_id,Owen Freeman,Creighton,Auburn,10.9828,76.0,11.636,45.0,BE,308.74,517.312,130.0,93.0,28.0,23.0,35.0,69.0,104.0,14.0,22.0,17.0,2.47254,1.4162,0.7514,0.6649,0.20682,122.5,100.65,25.8372,0.3203,0.1835,0.60215,0.61728,0.15681,0.19028,0.13898,0.371,-1.177,1.548,164.19606666666667,29.050073333333334,131.35685333333333,3.1229334052,1.7887266893333331
2026,2027,Auburn,auburn,Troy,troy,2114139,Thomas Dowd,Junior,F,80,1.0192733333333333,player_id,Thomas Dowd,Troy,Auburn,1.1564,150.0,-2.7944,217.0,SB,1184.64,1940.511,465.0,363.0,114.0,65.0,103.0,227.0,330.0,39.0,44.0,48.0,7.86542,4.8087,2.6199,2.1888,0.19966,122.08,104.11,20.7113,0.2656,0.1624,0.51515,0.56268,0.11045,0.15963,0.10409,1.69,1.932,-0.242,473.96209999999996,66.25276666666666,336.36019999999996,8.017012861466666,4.901379678
2026,2027,Augustana (SD),augustana sd,South Dakota,south dakota,2316654,Evan Anderson,Freshman,G,76,0.7445383333333334,player_id,Evan Anderson,South Dakota,Augustana (SD),-10.5277,284.0,-6.2158,286.0,Sum,355.62,630.287,59.0,39.0,16.0,17.0,19.0,24.0,43.0,8.0,1.0,15.0,-0.68484,0.5131,0.3031,0.21,0.08404,116.86,118.06,8.4235,-0.077,0.0577,0.58974,0.6413,0.08172,0.07113,0.24574,-1.901,-0.794,-1.107,43.92776166666667,12.657151666666667,32.015148333333336,-0.5098896322,0.3820226188333334
2026,2027,Augustana (SD),augustana sd,Le Moyne,le moyne,2337436,Isaac Nyakundi,Sophomore,F,81,0.7240833333333333,player_id,Isaac Nyakundi,Le Moyne,Augustana (SD),-11.755,299.0,-10.8242,353.0,NEC,224.67,385.692,49.0,42.0,11.0,5.0,13.0,25.0,38.0,6.0,11.0,12.0,-0.26899,0.3206,-0.0226,0.3432,0.13691,95.34,107.55,9.3409,-0.0479,0.0571,0.5119,0.5235,0.04177,0.09711,0.20394,-0.976,0.122,-1.098,35.48008333333333,3.6204166666666664,27.515166666666666,-0.19477117583333334,0.23214111666666665
2026,2027,Augustana (SD),augustana sd,Wayne St. (NE),wayne st ne,2117624,JJ Ferrin,Junior,G,75,1.0,player_id,JJ Ferrin,Wayne St. (NE),Augustana (SD),,,,,,0.0,0.0,0.0,0.0,0.0,0.0,0.0,0.0,0.0,0.0,0.0,0.0,0.0,0.0,0.0,0.0,,,,,,,,,,,,,,,0.0,0.0,0.0,0.0,0.0
2026,2027,AUM,aum,Montevallo,montevallo,2580098,Devon McKinnon,Freshman,G,77,1.0,player_id,Devon McKinnon,Montevallo,AUM,,,,,,0.0,0.0,0.0,0.0,0.0,0.0,0.0,0.0,0.0,0.0,0.0,0.0,0.0,0.0,0.0,0.0,,,,,,,,,,,,,,,0.0,0.0,0.0,0.0,0.0
2026,2027,AUM,aum,UAB,uab,2539356,Justin Holloway,Freshman,F,79,1.06267,player_id,Justin Holloway,UAB,AUM,3.7602,124.0,-0.7133,166.0,Amer,0.0,0.0,0.0,0.0,0.0,0.0,0.0,0.0,0.0,0.0,0.0,0.0,0.0,0.0,0.0,0.0,,,,,,,,,,,,,,,0.0,0.0,0.0,0.0,0.0
2026,2027,AUM,aum,Chattanooga,chattanooga,2313780,Parker Robison,Sophomore,G,72,0.677615,player_id,Parker Robison,Chattanooga,AUM,-12.1431,301.0,-7.1722,299.0,SC,225.41,370.682,25.0,26.0,8.0,13.0,7.0,22.0,29.0,9.0,1.0,5.0,-0.68637,0.1958,0.0355,0.1603,0.0835,100.79,116.75,6.0085,-0.1218,0.0347,0.38462,0.42373,0.10114,0.07615,0.14484,-0.34,-0.911,0.571,16.940375,8.808995,19.650835,-0.46509460755,0.132677017
2026,2027,AUM,aum,Montevallo,montevallo,2133354,Tyson Sexton,Junior,G,77,1.0,player_id,Tyson Sexton,Montevallo,AUM,,,,,,0.0,0.0,0.0,0.0,0.0,0.0,0.0,0.0,0.0,0.0,0.0,0.0,0.0,0.0,0.0,0.0,,,,,,,,,,,,,,,0.0,0.0,0.0,0.0,0.0
2026,2027,Austin Peay,austin peay,Loyola Chicago,loyola chicago,2535043,Chuck Love III,Freshman,G,79,0.7554516666666667,player_id,Chuck Love III,Loyola Chicago,Austin Peay,-9.8729,280.0,2.9,105.0,A10,320.7,502.518,94.0,75.0,19.0,13.0,14.0,20.0,34.0,3.0,2.0,9.0,-0.01339,0.4874,0.4217,0.0657,0.15317,117.03,122.37,10.7694,-0.0017,0.0608,0.52667,0.56355,0.08556,0.06236,0.09744,0.083,0.885,-0.802,71.01245666666668,9.820871666666667,25.68535666666667,-0.010115497816666668,0.36820714233333335
2026,2027,Austin Peay,austin peay,Marshall,marshall,2560960,Shamarrie Hugie,Junior,G,78,0.9062483333333333,player_id,Shamarrie Hugie,Marshall,Austin Peay,-3.2251,209.0,-4.5008,255.0,SB,311.14,541.702,110.0,80.0,32.0,12.0,14.0,46.0,60.0,10.0,3.0,17.0,0.05616,0.6797,0.3257,0.354,0.17495,110.67,111.99,13.2414,0.0072,0.0874,0.5625,0.58448,0.06453,0.10713,0.15304,-3.349,-0.742,-2.607,99.68731666666666,10.87498,54.3749,0.0508949064,0.6159769921666667
2026,2027,Ball St.,ball state,Purdue,purdue,2334063,Aaron Fine,Freshman,G,74,1.45,player_id,Aaron Fine,Purdue,Ball St.,31.0756,8.0,16.1684,5.0,B10,23.06,38.637,11.0,10.0,2.0,3.0,0.0,0.0,0.0,0.0,0.0,2.0,-0.13513,0.0165,0.0062,0.0102,0.28794,99.11,119.71,8.7657,-0.2344,0.0286,0.5,0.50459,0.21391,0.0,0.15528,,,,15.95,4.35,0.0,-0.1959385,0.023925000000000002
2026,2027,Ball St.,ball state,Temple,temple,2305465,Babatunde Durodola,Sophomore,F,80,1.0130116666666666,player_id,Babatunde Durodola,Temple,Ball St.,0.7807,159.0,-1.4871,184.0,Amer,602.42,960.58,152.0,108.0,58.0,50.0,40.0,68.0,108.0,11.0,15.0,30.0,-0.24338,1.5533,0.8255,0.7278,0.14564,115.96,111.19,12.8824,-0.0162,0.1031,0.5,0.56929,0.15815,0.10726,0.18346,0.667,2.081,-1.414,153.97777333333332,50.65058333333333,109.40526,-0.24654677943333334,1.5735110218333332
2026,2027,Ball St.,ball state,Saint Joseph's,saint josephs,2321284,Jaden Smith,Sophomore,F,83,1.0953133333333334,player_id,Jaden Smith,Saint Joseph's,Ball St.,5.7188,106.0,2.9029,104.0,A10,302.55,504.01,83.0,61.0,42.0,10.0,30.0,27.0,57.0,4.0,18.0,23.0,-0.51887,0.54,0.0455,0.4945,0.17189,98.81,106.43,9.9734,-0.0686,0.0714,0.44262,0.52201,0.06083,0.10157,0.22443,-3.515,-1.88,-1.635,90.91100666666667,10.953133333333334,62.432860000000005,-0.5683252292666667,0.5914692
2026,2027,Ball St.,ball state,Central Ark.,central arkansas,2153817,Javion Guy-King,Junior,G,78,1.0191216666666667,player_id,Javion Guy-King,Central Ark.,Ball St.,1.1473,151.0,-5.7261,278.0,ASun,689.69,1168.891,299.0,239.0,74.0,52.0,24.0,105.0,129.0,34.0,4.0,39.0,2.17442,1.921,0.8669,1.054,0.22866,109.57,107.54,16.5426,0.1261,0.1114,0.51883,0.55044,0.14257,0.11042,0.12558,0.451,0.726,-0.275,304.71737833333333,52.994326666666666,131.46669500000002,2.2159985344333335,1.9577327216666667
2026,2027,Ball St.,ball state,Texas Tech,texas tech,2305703,Jazz Henderson,Freshman,G,71,1.45,player_id,Jazz Henderson,Texas Tech,Ball St.,24.4578,20.0,15.5665,8.0,B12,49.4,83.597,11.0,12.0,2.0,4.0,2.0,4.0,6.0,2.0,0.0,4.0,-0.18161,0.0227,-0.0404,0.063,0.17065,86.76,110.41,5.6906,-0.1471,0.0183,0.41667,0.42636,0.12802,0.06538,0.23697,,,,15.95,5.8,8.7,-0.26333449999999997,0.032915
2026,2027,Ball St.,ball state,Massachusetts,massachusetts,2161143,K'Jei Parker,Junior,G,74,0.9545683333333334,player_id,K'Jei Parker,Massachusetts,Ball St.,-2.7259,198.0,-4.0316,241.0,MAC,671.71,1171.761,350.0,259.0,58.0,62.0,7.0,56.0,63.0,20.0,0.0,43.0,2.34091,2.1663,1.473,0.6933,0.23803,118.87,113.08,17.1414,0.1394,0.129,0.57529,0.61511,0.17633,0.05568,0.13129,-1.949,-1.378,-0.571,334.0989166666667,59.183236666666666,60.137805,2.2345585571833335,2.0678813805000003
2026,2027,Ball St.,ball state,Vermont,vermont,2314352,Sean Blake,Sophomore,G,74,0.8527566666666666,player_id,Sean Blake,Vermont,Ball St.,-6.4346,239.0,-11.1731,357.0,AE,937.0,1478.146,324.0,258.0,94.0,123.0,20.0,115.0,135.0,21.0,9.0,76.0,0.49263,2.1346,0.7019,1.4327,0.22184,104.1,107.58,14.2479,0.021,0.0911,0.50194,0.54108,0.25987,0.08851,0.20247,2.655,1.671,0.984,276.29316,104.88906999999999,115.12214999999999,0.4200935167,1.8202943806666665
2026,2027,Ball St.,ball state,Western Mich.,western michigan,1890378,Trey Lewis,Junior,G,78,0.7637783333333333,player_id,Trey Lewis,Western Mich.,Ball St.,-9.3733,274.0,-1.7056,193.0,MAC,508.02,862.27,232.0,183.0,35.0,13.0,18.0,59.0,77.0,6.0,6.0,21.0,1.37026,1.1237,0.8631,0.2606,0.21733,115.86,118.92,14.9208,0.1079,0.0885,0.56284,0.58468,0.05211,0.08597,0.09572,-2.051,-0.002,-2.049,177.19657333333333,9.929118333333333,58.81093166666667,1.0465748990333335,0.8582577131666667
2026,2027,Barry,barry,Clarion,clarion,1944019,Gavin Cote,Junior,G,77,1.0,player_id,Gavin Cote,Clarion,Barry,,,,,,0.0,0.0,0.0,0.0,0.0,0.0,0.0,0.0,0.0,0.0,0.0,0.0,0.0,0.0,0.0,0.0,,,,,,,,,,,,,,,0.0,0.0,0.0,0.0,0.0
2026,2027,Barry,barry,UNC Asheville,unc asheville,2337869,Julian Clarke,Sophomore,G,73,0.8516933333333333,player_id,Julian Clarke,UNC Asheville,Barry,-6.4984,242.0,-3.76,234.0,BSth,224.41,372.54,30.0,26.0,5.0,7.0,2.0,10.0,12.0,8.0,0.0,8.0,-0.63979,0.2057,-0.0157,0.2214,0.0845,95.11,113.62,3.5195,-0.114,0.0367,0.53846,0.53191,0.05583,0.03192,0.22099,-2.329,-2.311,-0.018,25.5508,5.961853333333333,10.22032,-0.5449048777333333,0.17519331866666665
2026,2027,Barry,barry,Rider,rider,2567143,Kristupas Kepezinskas,Freshman,G,72,0.55,player_id,Kristupas Kepezinskas,Rider,Barry,-24.1738,357.0,-4.9717,262.0,MAAC,163.18,258.066,27.0,29.0,13.0,6.0,3.0,5.0,8.0,3.0,1.0,13.0,-0.89496,-0.3228,-0.3249,0.0021,0.15268,67.75,124.52,-0.1314,-0.2194,-0.0791,0.34483,0.38905,0.07171,0.02751,0.27242,0.806,-0.727,1.533,14.850000000000001,3.3000000000000003,4.4,-0.49222800000000005,-0.17754
2026,2027,Barry,barry,Northern Colo.,northern colorado,2152779,William Humer,Senior,F,82,1.02613,player_id,William Humer,Northern Colo.,Barry,1.5678,143.0,-2.6243,213.0,BSky,1.07,1.736,0.0,1.0,0.0,0.0,1.0,0.0,1.0,0.0,0.0,0.0,-0.00828,,,0.0007,0.49449,,116.85,-14.1366,-0.3095,,0.0,0.0,0.0,0.53405,0.0,,,,0.0,0.0,1.02613,-0.008496356399999998,0.0
2026,2027,Barton,barton,ETSU,east tennessee state,2506764,Frederico Whitaker,Freshman,G,71,1.0100033333333334,player_id,Frederico Whitaker,ETSU,Barton,0.6002,164.0,-8.0976,319.0,SC,0.0,0.0,0.0,0.0,0.0,0.0,0.0,0.0,0.0,0.0,0.0,0.0,0.0,0.0,0.0,0.0,,,,,,,,,,,,,,,0.0,0.0,0.0,0.0,0.0
2026,2027,Baylor,baylor,Liberty,liberty,2301113,Brett Decker Jr.,Sophomore,G,75,1.077445,player_id,Brett Decker Jr.,Liberty,Baylor,4.6467,116.0,-0.8434,168.0,CUSA,1066.38,1688.678,523.0,364.0,77.0,30.0,7.0,69.0,76.0,9.0,5.0,23.0,3.27859,3.1639,2.6021,0.5618,0.22719,123.94,118.78,18.234,0.123,0.1187,0.62912,0.6572,0.05623,0.04583,0.05465,2.074,3.137,-1.063,563.503735,32.32335,81.88582,3.5325004025499998,3.4089282355
2026,2027,Baylor,baylor,UAB,uab,2491800,Evan Chatman,Junior,F,80,1.06267,player_id,Evan Chatman,UAB,Baylor,3.7602,124.0,-0.7133,166.0,Amer,903.08,1544.733,276.0,212.0,102.0,34.0,82.0,192.0,274.0,24.0,26.0,18.0,4.15394,3.3257,1.5974,1.7283,0.14845,122.99,103.31,17.5671,0.184,0.1473,0.48585,0.53717,0.06341,0.16245,0.06548,0.96,-1.637,2.597,293.29692,36.13078,291.17158,4.414267419800001,3.534121619
2026,2027,Baylor,baylor,Yale,yale,2345901,Isaac Celiscar,Sophomore,F,78,1.19832,player_id,Isaac Celiscar,Yale,Baylor,10.0992,81.0,-1.4333,182.0,Ivy,917.14,1465.727,380.0,238.0,111.0,93.0,54.0,132.0,186.0,23.0,9.0,40.0,5.18138,4.4269,3.1773,1.2496,0.1885,136.42,109.47,22.4755,0.226,0.1931,0.61134,0.66248,0.18378,0.12353,0.12238,3.546,4.653,-1.107,455.3616,111.44376000000001,222.88752000000002,6.2089512816,5.304842808
2026,2027,Baylor,baylor,Penn St.,penn state,2506624,Kayden Mingo,Freshman,G,75,1.0885133333333334,player_id,Kayden Mingo,Penn St.,Baylor,2.3108,139.0,10.5717,60.0,B10,897.11,1485.361,383.0,302.0,105.0,121.0,15.0,83.0,98.0,58.0,5.0,57.0,3.44894,2.0407,1.3647,0.676,0.23946,110.78,116.26,19.4918,0.1538,0.091,0.51159,0.54997,0.26538,0.06991,0.14067,-2.146,0.735,-2.881,416.9006066666667,131.71011333333334,106.67430666666668,3.754217175866667,2.221329159333334
2026,2027,Bellarmine,bellarmine,Valparaiso,valparaiso,2286444,Tucker Tornatta,Sophomore,F,80,1.0107966666666666,player_id,Tucker Tornatta,Valparaiso,Bellarmine,0.6478,163.0,0.2345,147.0,MVC,218.2,357.033,75.0,53.0,43.0,10.0,16.0,36.0,52.0,2.0,6.0,21.0,-0.27968,0.2864,-0.0484,0.3348,0.22066,94.8,107.59,10.5517,-0.0513,0.0525,0.46226,0.52156,0.09633,0.13481,0.226,0.522,0.459,0.063,75.80975,10.107966666666666,52.56142666666666,-0.2826996117333333,0.2894921653333333
2026,2027,Belmont,belmont,Indiana,indiana,2506622,Aleksa Ristic,Freshman,G,75,1.3980750000000002,player_id,Aleksa Ristic,Indiana,Belmont,17.2845,45.0,11.598,46.0,B10,30.19,49.62,6.0,5.0,1.0,0.0,0.0,1.0,1.0,0.0,0.0,2.0,-0.20119,-0.0203,-0.0396,0.0193,0.13866,73.02,117.52,-0.7035,-0.2666,-0.0269,0.6,0.55556,0.0,0.02169,0.26882,,,,8.38845,0.0,1.3980750000000002,-0.28127870925000004,-0.028380922500000003
2026,2027,Belmont,belmont,Pittsburg St.,pittsburg state,2539451,Ethan Sage,Freshman,F,79,1.0,player_id,Ethan Sage,Pittsburg St.,Belmont,,,,,,0.0,0.0,0.0,0.0,0.0,0.0,0.0,0.0,0.0,0.0,0.0,0.0,0.0,0.0,0.0,0.0,,,,,,,,,,,,,,,0.0,0.0,0.0,0.0,0.0
2026,2027,Belmont,belmont,Ball St.,ball state,2099045,Kayden Fish,Sophomore,F,78,0.7280216666666667,player_id,Kayden Fish,Ball St.,Belmont,-11.5187,296.0,-4.5008,254.0,MAC,410.65,660.943,159.0,128.0,47.0,12.0,37.0,36.0,73.0,15.0,4.0,20.0,0.31908,0.8869,0.4034,0.4835,0.2183,106.98,111.45,15.5977,0.0311,0.0864,0.5,0.53463,0.06603,0.10435,0.11857,-0.95,-1.724,0.774,115.75544500000001,8.73626,53.145581666666665,0.23229715339999998,0.6456824161666667
2026,2027,Belmont,belmont,Bradley,bradley,2474409,Matthew Zobrist,Freshman,G,77,1.0498083333333332,player_id,Matthew Zobrist,Bradley,Belmont,2.9885,131.0,0.4325,137.0,MVC,57.0,95.216,12.0,9.0,7.0,0.0,0.0,2.0,2.0,0.0,1.0,0.0,-0.21899,0.0805,0.035,0.0455,0.10948,110.91,115.77,4.6704,-0.1537,0.0565,0.38889,0.49587,0.0,0.02007,0.0,-0.876,-0.373,-0.503,12.5977,0.0,2.0996166666666665,-0.22989752691666662,0.08450957083333333
2026,2027,Belmont,belmont,Fla. Atlantic,florida atlantic,2550735,Vincent Neugebauer,Junior,F,85,1.0598283333333334,player_id,Vincent Neugebauer,Fla. Atlantic,Belmont,3.5897,126.0,1.9615,115.0,Amer,93.79,157.124,30.0,17.0,10.0,2.0,8.0,11.0,19.0,3.0,1.0,4.0,0.12115,0.3225,0.1873,0.1352,0.13757,128.99,108.53,16.7126,0.0517,0.1375,0.70588,0.70093,0.03752,0.11184,0.15748,1.81,1.185,0.625,31.79485,2.1196566666666667,20.136738333333334,0.12839820258333334,0.3417946375
2026,2027,Benedict,benedict,Chicago St.,chicago state,2114113,Greg Spate,Junior,G,79,0.5546,player_id,Greg Spate,Chicago St.,Benedict,-19.524,344.0,-4.7794,259.0,NEC,0.0,0.0,0.0,0.0,0.0,0.0,0.0,0.0,0.0,0.0,0.0,0.0,0.0,0.0,0.0,0.0,,,,,,,,,,,,,,,0.0,0.0,0.0,0.0,0.0
2026,2027,Benedict,benedict,Bryant,bryant,2311199,Langston Bailey,Sophomore,G,70,0.55,player_id,Langston Bailey,Bryant,Benedict,-22.9639,355.0,-8.1635,320.0,AE,10.05,16.232,9.0,6.0,2.0,0.0,1.0,0.0,1.0,0.0,0.0,1.0,0.03358,0.0256,0.0243,0.0013,0.41048,111.54,123.19,24.1455,0.1337,0.1018,0.58333,0.65217,0.0,0.05768,0.1269,,,,4.95,0.0,0.55,0.018469,0.014080000000000002
2026,2027,Bentley,bentley,American Int'l,american intl,1942382,Aguibou Balde,Senior,F,78,1.0,player_id,Aguibou Balde,American Int'l,Bentley,,,,,,0.0,0.0,0.0,0.0,0.0,0.0,0.0,0.0,0.0,0.0,0.0,0.0,0.0,0.0,0.0,0.0,,,,,,,,,,,,,,,0.0,0.0,0.0,0.0,0.0
2026,2027,Bethune-Cookman,bethune cookman,Southern Miss.,southern miss,1727511,IJ Ezuma,Junior,F,80,0.8891966666666666,player_id,IJ Ezuma,Southern Miss.,Bethune-Cookman,-4.2482,219.0,-3.9902,239.0,SB,56.44,95.47,12.0,15.0,7.0,1.0,4.0,4.0,8.0,0.0,1.0,1.0,-0.28355,0.0041,-0.0457,0.0498,0.16895,85.72,114.79,2.8984,-0.201,0.0029,0.26667,0.33149,0.02905,0.08523,0.05241,-1.252,-1.218,-0.034,10.670359999999999,0.8891966666666666,7.113573333333333,-0.25213171483333335,0.0036457063333333335
2026,2027,Bethune-Cookman,bethune cookman,Alcorn,alcorn state,2092096,Jameel Morris,Junior,G,73,0.55,player_id,Jameel Morris,Alcorn,Bethune-Cookman,-20.0308,346.0,-5.2556,269.0,SWAC,883.43,1498.152,335.0,272.0,90.0,87.0,15.0,59.0,74.0,63.0,4.0,66.0,0.91325,1.2166,0.4434,0.7732,0.21829,102.06,114.9,14.6261,0.0414,0.0551,0.48529,0.53755,0.21224,0.04991,0.17479,-0.236,-0.936,0.7,184.25000000000003,47.85,40.7,0.5022875,0.66913
2026,2027,Bethune-Cookman,bethune cookman,Jacksonville,jacksonville,2127715,Jaylen Jones,Junior,G,72,0.7282833333333334,player_id,Jaylen Jones,Jacksonville,Bethune-Cookman,-11.503,295.0,-4.3292,251.0,ASun,803.7,1280.616,284.0,252.0,60.0,71.0,24.0,78.0,102.0,38.0,1.0,64.0,0.06389,0.763,0.1197,0.6432,0.22711,98.41,115.73,13.3935,0.0032,0.038,0.4881,0.51006,0.18446,0.08031,0.18692,-3.794,-1.65,-2.144,206.83246666666668,51.70811666666667,74.28490000000001,0.04653002216666667,0.5556801833333334
2026,2027,Bethune-Cookman,bethune cookman,Kansas City,umkc,2555653,Karmello Branch,Junior,G,76,0.55,player_id,Karmello Branch,Kansas City,Bethune-Cookman,-25.4268,358.0,-2.1913,203.0,Sum,741.48,1304.084,292.0,277.0,42.0,35.0,16.0,49.0,65.0,10.0,3.0,38.0,-0.96541,0.0289,0.0535,-0.0246,0.22053,97.73,125.03,9.6863,-0.0521,0.0016,0.46209,0.49408,0.09948,0.04814,0.11395,-5.034,-2.75,-2.284,160.60000000000002,19.25,35.75,-0.5309755,0.015895
2026,2027,Bethune-Cookman,bethune cookman,New Mexico,new mexico,2153993,Kevin Patton Jr.,Junior,G,80,1.34191,player_id,Kevin Patton Jr.,New Mexico,Bethune-Cookman,16.9146,46.0,5.5552,88.0,MWC,67.97,118.621,15.0,19.0,6.0,3.0,5.0,9.0,14.0,2.0,0.0,3.0,-0.21732,0.0463,-0.0724,0.1187,0.18043,83.76,105.14,6.5941,-0.1279,0.0273,0.31579,0.34722,0.07366,0.11645,0.12175,-0.655,-1.215,0.56,20.12865,4.025729999999999,18.786739999999998,-0.2916238812,0.062130433
2026,2027,Bethune-Cookman,bethune cookman,Alabama A&M,alabama a and m,2115898,Koron Davis,Junior,G,78,0.669865,player_id,Koron Davis,Alabama A&M,Bethune-Cookman,-12.6081,304.0,-10.9888,355.0,SWAC,893.17,1465.142,452.0,321.0,163.0,22.0,30.0,122.0,152.0,25.0,3.0,57.0,1.82586,2.3786,1.2977,1.0809,0.26601,109.86,111.16,17.2136,0.0818,0.1065,0.49533,0.5755,0.05801,0.10149,0.12675,-3.632,-0.879,-2.753,302.77898000000005,14.73703,101.81948000000001,1.2230797089,1.593340889
2026,2027,Bethune-Cookman,bethune cookman,Louisiana Tech,louisiana tech,1927930,Melian Martinez,Junior,F,84,0.9551516666666666,player_id,Melian Martinez,Louisiana Tech,Bethune-Cookman,-2.6909,197.0,-3.0304,222.0,CUSA,456.36,725.618,123.0,79.0,16.0,6.0,32.0,56.0,88.0,3.0,52.0,21.0,1.56303,1.4141,0.562,0.8521,0.12092,119.11,103.65,17.975,0.137,0.1239,0.74684,0.71512,0.02678,0.10949,0.19619,-0.443,-0.975,0.532,117.483655,5.73091,84.05334666666667,1.49293070955,1.350679971833333
2026,2027,Bethune-Cookman,bethune cookman,San Diego,san diego,2533742,Vuk Boskovic,Junior,F,79,0.8743766666666666,player_id,Vuk Boskovic,San Diego,Bethune-Cookman,-5.1374,226.0,1.8859,117.0,WCC,638.73,1075.52,189.0,152.0,39.0,66.0,21.0,79.0,100.0,13.0,8.0,52.0,-0.07282,0.6505,0.1689,0.4816,0.17792,100.15,116.25,9.9486,-0.0046,0.0407,0.54605,0.55851,0.18952,0.09451,0.23512,-0.466,1.801,-2.267,165.25718999999998,57.708859999999994,87.43766666666666,-0.06367210886666666,0.5687820216666666
2026,2027,Binghamton,binghamton,UTEP,utep,2541838,Bobby Montgomery Jr.,Freshman,G,77,0.7636216666666668,player_id,Bobby Montgomery Jr.,UTEP,Binghamton,-9.3827,275.0,-0.4242,157.0,CUSA,52.95,86.405,10.0,11.0,1.0,1.0,2.0,5.0,7.0,0.0,0.0,4.0,-0.34517,-0.0558,-0.0921,0.0363,0.15427,72.3,117.0,1.5685,-0.2608,-0.0421,0.45455,0.4386,0.04124,0.07825,0.25907,-0.229,-0.848,0.619,7.636216666666668,0.7636216666666668,5.345351666666668,-0.26357929068333336,-0.042610089000000004
2026,2027,Binghamton,binghamton,UC Riverside,uc riverside,2291244,Dylan Godfrey,Junior,F,80,0.7874133333333334,player_id,Dylan Godfrey,UC Riverside,Binghamton,-7.9552,261.0,1.0418,127.0,BW,193.5,344.271,66.0,64.0,6.0,6.0,6.0,18.0,24.0,3.0,2.0,12.0,-0.3989,0.0749,-0.0765,0.1513,0.20174,92.34,115.92,7.9091,-0.0825,0.0155,0.48438,0.4955,0.06352,0.06949,0.15259,-3.013,-0.843,-2.17,51.969280000000005,4.724480000000001,18.897920000000003,-0.3140991786666667,0.05897725866666667
2026,2027,Binghamton,binghamton,New Hampshire,new hampshire,2092554,KiJan Robinson,Junior,G,75,0.55,player_id,KiJan Robinson,New Hampshire,Binghamton,-20.7105,349.0,-8.3317,325.0,AE,639.48,1048.081,259.0,213.0,78.0,54.0,9.0,32.0,41.0,11.0,0.0,40.0,-0.70822,0.8142,0.4081,0.406,0.23604,103.06,117.54,11.8026,-0.0443,0.0509,0.4554,0.52366,0.18533,0.03729,0.13922,-2.724,-0.654,-2.07,142.45000000000002,29.700000000000003,22.55,-0.389521,0.44781000000000004
2026,2027,Black Hills St.,black hills state,Ferris St.,ferris state,2574807,Hussein Elmaraghy,Junior,F,79,1.0,player_id,Hussein Elmaraghy,Ferris St.,Black Hills St.,,,,,,0.0,0.0,0.0,0.0,0.0,0.0,0.0,0.0,0.0,0.0,0.0,0.0,0.0,0.0,0.0,0.0,,,,,,,,,,,,,,,0.0,0.0,0.0,0.0,0.0
2026,2027,Black Hills St.,black hills state,Fort Lewis,fort lewis,2120095,Jaxon Smith,Sophomore,G,74,1.0,player_id,Jaxon Smith,Fort Lewis,Black Hills St.,,,,,,0.0,0.0,0.0,0.0,0.0,0.0,0.0,0.0,0.0,0.0,0.0,0.0,0.0,0.0,0.0,0.0,,,,,,,,,,,,,,,0.0,0.0,0.0,0.0,0.0
2026,2027,Boise St.,boise state,North Dakota St.,north dakota state,1932407,Damari Wheeler-Thomas,Junior,G,72,1.0757966666666667,player_id,Damari Wheeler-Thomas,North Dakota St.,Boise St.,4.5478,118.0,-5.6324,274.0,Sum,895.45,1498.275,433.0,335.0,130.0,78.0,30.0,74.0,104.0,30.0,0.0,42.0,3.01789,3.3222,2.0098,1.3124,0.24303,118.15,108.25,17.4219,0.1348,0.1484,0.49851,0.55201,0.16294,0.06769,0.09673,-1.511,-0.647,-0.864,465.8199566666667,83.91214000000001,111.88285333333334,3.246636002366667,3.5740116860000004
2026,2027,Boise St.,boise state,Campbell,campbell,2292699,Dovydas Butka,Sophomore,F,81,0.9716383333333334,player_id,Dovydas Butka,Campbell,Boise St.,-1.7017,185.0,0.3211,143.0,CAA,996.56,1702.899,396.0,308.0,153.0,74.0,89.0,150.0,239.0,35.0,3.0,70.0,2.10997,2.1491,1.0946,1.0545,0.2201,107.67,112.84,17.0368,0.0847,0.0863,0.50487,0.52758,0.15167,0.14072,0.15719,-0.699,0.401,-1.1,384.76878,71.90123666666668,232.22156166666667,2.0501277341833335,2.0881479421666667
2026,2027,Boise St.,boise state,Alabama St.,alabama state,2342861,Jerquarius Stanback,Sophomore,F,82,0.6416700000000001,player_id,Jerquarius Stanback,Alabama St.,Boise St.,-14.2998,318.0,-6.93,295.0,SWAC,770.67,1337.819,269.0,201.0,88.0,19.0,70.0,112.0,182.0,32.0,63.0,48.0,2.86805,1.9745,0.6618,1.3127,0.18109,107.41,105.67,17.7744,0.1489,0.1025,0.5199,0.56112,0.05101,0.13114,0.16683,0.339,-0.018,0.357,172.60923000000003,12.191730000000002,116.78394000000002,1.8403416435000004,1.2669774150000002
2026,2027,Boise St.,boise state,Illinois,illinois,1909624,Ty Rodgers,Junior,G,78,1.45,player_id,Ty Rodgers,Illinois,Boise St.,33.6649,5.0,14.668,12.0,B10,0.0,0.0,0.0,0.0,0.0,0.0,0.0,0.0,0.0,0.0,0.0,0.0,0.0,0.0,0.0,0.0,,,,,,,,,,,,,,,0.0,0.0,0.0,0.0,0.0
2026,2027,Boston College,boston college,Arkansas St.,arkansas state,2319961,Aly Tounkara,Sophomore,F,84,1.0212766666666666,player_id,Aly Tounkara,Arkansas St.,Boston College,1.2766,147.0,-4.1304,245.0,SB,539.64,957.501,121.0,91.0,30.0,14.0,67.0,99.0,166.0,11.0,33.0,30.0,0.41971,1.335,0.3867,0.9482,0.11555,109.54,104.97,13.7829,0.0311,0.099,0.6044,0.58061,0.04508,0.1656,0.22355,1.741,-0.759,2.5,123.57447666666665,14.297873333333332,169.53192666666666,0.42864002976666665,1.36340435
2026,2027,Boston College,boston college,UT Martin,tennessee martin,2311785,Andrija Bukumirović,Junior,F,79,0.8780249999999999,player_id,Andrija Bukumirović,UT Martin,Boston College,-4.9185,224.0,-9.0788,339.0,OVC,901.95,1463.73,410.0,304.0,107.0,30.0,74.0,156.0,230.0,37.0,28.0,39.0,6.22594,4.2915,1.9197,2.3718,0.22122,119.67,95.34,22.1603,0.2761,0.1903,0.57237,0.58388,0.08248,0.14213,0.09998,3.223,1.477,1.746,359.99025,26.34075,201.94574999999998,5.466530968499999,3.7680442875
2026,2027,Boston College,boston college,Ball St.,ball state,2137102,Armoni Zeigler,Junior,G,76,0.7280216666666667,player_id,Armoni Zeigler,Ball St.,Boston College,-11.5187,296.0,-4.5008,254.0,MAC,946.86,1514.586,356.0,302.0,117.0,96.0,31.0,112.0,143.0,36.0,10.0,78.0,0.8749,1.2942,0.0501,1.2441,0.24423,97.44,109.92,14.2042,0.037,0.0547,0.43874,0.50354,0.22488,0.08991,0.18077,-2.215,-1.486,-0.729,259.17571333333336,69.89008,104.10709833333334,0.6369461561666667,0.942205641
2026,2027,Boston College,boston college,Fairfield,fairfield,2471917,Brandon Benjamin,Freshman,F,80,0.7890766666666668,player_id,Brandon Benjamin,Fairfield,Boston College,-7.8554,260.0,-9.6415,349.0,MAAC,1002.24,1641.157,454.0,336.0,105.0,39.0,136.0,197.0,333.0,23.0,51.0,56.0,6.70448,4.3254,2.4695,1.8559,0.21907,121.36,104.03,25.3483,0.2676,0.1726,0.56845,0.59393,0.08232,0.18403,0.1278,-1.096,0.512,-1.608,358.2408066666667,30.773990000000005,262.76253,5.290348730133334,3.4130722140000005
2026,2027,Boston College,boston college,Col. of Charleston,charleston,2143555,Colby Duggan,Junior,F,79,0.9943483333333333,player_id,Colby Duggan,Col. of Charleston,Boston College,-0.3391,174.0,-2.4708,207.0,CAA,532.34,891.831,177.0,145.0,44.0,44.0,10.0,35.0,45.0,3.0,3.0,29.0,-0.58504,0.8313,0.4451,0.3862,0.18753,107.11,116.55,10.547,-0.044,0.0625,0.47931,0.53832,0.15369,0.0459,0.14998,1.253,1.047,0.206,175.999655,43.751326666666664,44.745675,-0.5817335489333333,0.8266017695
2026,2027,Boston College,boston college,Merrimack,merrimack,2138384,Ernest Shelton,Junior,G,77,0.9895266666666667,player_id,Ernest Shelton,Merrimack,Boston College,-0.6284,177.0,-5.8089,281.0,MAAC,1252.11,1941.097,542.0,389.0,164.0,31.0,18.0,87.0,105.0,40.0,18.0,37.0,5.19,4.0624,2.3325,1.73,0.22361,117.08,109.21,16.59,0.1658,0.1298,0.51285,0.5876,0.05766,0.0507,0.07427,-2.531,-0.423,-2.108,536.3234533333333,30.675326666666667,103.9003,5.1356434,4.019853130666667
2026,2027,Boston College,boston college,Northeastern,northeastern,2112366,JB Frankel,Junior,G,75,0.7407433333333334,player_id,JB Frankel,Northeastern,Boston College,-10.7554,287.0,-2.175,200.0,CAA,620.94,1067.771,178.0,183.0,25.0,57.0,17.0,42.0,59.0,26.0,1.0,28.0,-0.28594,0.3939,0.0827,0.3112,0.18116,98.6,119.04,9.5544,-0.0184,0.0254,0.42896,0.45876,0.15562,0.0571,0.12613,-0.966,-0.748,-0.218,131.85231333333334,42.222370000000005,43.703856666666674,-0.21180814873333337,0.29177879900000003
2026,2027,Boston College,boston college,UConn,connecticut,2488799,Jacob Furphy,Freshman,G,78,1.45,player_id,Jacob Furphy,UConn,Boston College,29.7785,9.0,14.3188,16.0,BE,35.28,56.406,6.0,7.0,0.0,0.0,0.0,1.0,1.0,1.0,0.0,2.0,-0.24306,,,0.0536,0.1319,,107.63,1.3154,-0.2756,,0.42857,0.42857,0.0,0.01676,0.22222,,,,8.7,0.0,1.45,-0.352437,0.0
2026,2027,Boston College,boston college,George Washington,george washington,1924060,Luke Hunger,Senior,F,82,1.186985,player_id,Luke Hunger,George Washington,Boston College,9.4191,86.0,2.6222,108.0,A10,609.82,1036.894,264.0,181.0,89.0,30.0,65.0,88.0,153.0,6.0,3.0,48.0,0.78133,1.8602,1.1808,0.6794,0.21382,116.68,112.16,16.6094,0.0512,0.122,0.53039,0.59946,0.08873,0.14542,0.179,2.286,1.989,0.297,313.36404,35.60955,181.608705,0.92742699005,2.208029497
2026,2027,Boston College,boston college,Montana,montana,2125498,Money Williams,Junior,G,76,0.96652,player_id,Money Williams,Montana,Boston College,-2.0088,190.0,-0.6378,163.0,BSky,955.56,1663.741,649.0,423.0,215.0,136.0,16.0,112.0,128.0,29.0,9.0,128.0,4.97154,3.2428,2.0944,1.1484,0.35246,110.8,111.22,22.3377,0.2081,0.1357,0.54728,0.62693,0.32778,0.07938,0.19827,0.447,1.415,-0.968,627.27148,131.44672,123.71456,4.8050928408,3.134231056
2026,2027,Boston U.,boston university,Penn,penn,2313815,Michelangelo Oberti,Sophomore,F,82,1.0165283333333333,player_id,Michelangelo Oberti,Penn,Boston U.,0.9917,156.0,-0.1807,152.0,Ivy,47.08,79.732,15.0,9.0,4.0,1.0,2.0,11.0,13.0,2.0,3.0,2.0,0.21812,0.1832,0.0761,0.107,0.13754,123.96,99.36,19.9892,0.1853,0.1556,0.66667,0.69444,0.04104,0.15379,0.15674,,,,15.247924999999999,1.0165283333333333,13.214868333333332,0.22172516006666665,0.18622799066666665
2026,2027,Bowling Green,bowling green,South Carolina,south carolina,1910898,Christ Essandoko,Junior,F,84,1.2054850000000001,player_id,Christ Essandoko,South Carolina,Bowling Green,7.5291,96.0,10.7656,55.0,SEC,155.38,258.695,43.0,44.0,18.0,7.0,11.0,23.0,34.0,3.0,2.0,10.0,-0.38833,0.0166,-0.1485,0.1651,0.20737,86.87,112.81,7.2209,-0.1,0.0043,0.38636,0.41426,0.08464,0.1289,0.1615,0.142,-1.028,1.17,51.83585500000001,8.438395000000002,40.98649,-0.46812599005000005,0.020011051000000002
2026,2027,Bowling Green,bowling green,South Carolina St.,south carolina state,2332406,Jayden Johnson,Sophomore,G,73,0.55,player_id,Jayden Johnson,South Carolina St.,Bowling Green,-23.4073,356.0,-8.9989,337.0,MEAC,832.03,1418.102,410.0,313.0,138.0,106.0,18.0,69.0,87.0,42.0,1.0,75.0,2.20238,1.5192,0.9557,0.5634,0.26844,106.51,117.09,17.0631,0.1059,0.073,0.49521,0.54857,0.31174,0.06318,0.16714,-3.574,-0.856,-2.718,225.50000000000003,58.300000000000004,47.85,1.211309,0.8355600000000001
2026,2027,Bowling Green,bowling green,Eastern Ky.,eastern kentucky,2319679,"Juan Cranford, Jr.",Sophomore,G,76,0.7258983333333334,player_id,"Juan Cranford, Jr.",Eastern Ky.,Bowling Green,-11.6461,297.0,-4.3024,250.0,ASun,789.31,1324.987,355.0,298.0,53.0,47.0,23.0,53.0,76.0,16.0,4.0,43.0,0.21706,1.1083,1.1113,-0.0029,0.23073,111.43,124.71,13.2474,0.011,0.0562,0.52517,0.55244,0.11908,0.05528,0.11803,-2.934,-0.013,-2.921,257.69390833333335,34.11722166666667,55.16827333333334,0.15756349223333335,0.8045131228333334
2026,2027,Bowling Green,bowling green,Frostburg St.,frostburg state,2360216,Trey Simmons,Sophomore,G,73,1.0,player_id,Trey Simmons,Frostburg St.,Bowling Green,,,,,,0.0,0.0,0.0,0.0,0.0,0.0,0.0,0.0,0.0,0.0,0.0,0.0,0.0,0.0,0.0,0.0,,,,,,,,,,,,,,,0.0,0.0,0.0,0.0,0.0
2026,2027,Bowling Green,bowling green,South Fla.,south florida,2560072,Tristan Beckford,Freshman,F,77,1.3416183333333334,player_id,Tristan Beckford,South Fla.,Bowling Green,16.8971,47.0,3.8094,101.0,Amer,135.75,240.289,52.0,35.0,18.0,5.0,10.0,23.0,33.0,4.0,4.0,5.0,0.3841,0.5395,0.283,0.2565,0.16085,126.36,103.58,17.4648,0.1132,0.159,0.55714,0.60606,0.06305,0.12496,0.10434,-0.9,-0.872,-0.028,69.76415333333334,6.708091666666666,44.273405000000004,0.5153156018333334,0.7238030908333333
2026,2027,Bowling Green,bowling green,Drury,drury,1905970,Zach Howell,Junior,F,77,1.0,player_id,Zach Howell,Drury,Bowling Green,,,,,,0.0,0.0,0.0,0.0,0.0,0.0,0.0,0.0,0.0,0.0,0.0,0.0,0.0,0.0,0.0,0.0,,,,,,,,,,,,,,,0.0,0.0,0.0,0.0,0.0
2026,2027,Bradley,bradley,High Point,high point,2321253,Josh Ibukunoluwa,Sophomore,F,82,1.1886683333333334,player_id,Josh Ibukunoluwa,High Point,Bradley,9.5201,85.0,-7.853,314.0,BSth,75.44,130.678,30.0,19.0,11.0,3.0,9.0,9.0,18.0,2.0,2.0,0.0,0.3653,0.4214,0.2908,0.1306,0.15382,150.6,105.35,21.9565,0.1937,0.2234,0.57895,0.63025,0.06395,0.13675,0.0,-1.968,-0.557,-1.411,35.660050000000005,3.5660050000000005,21.396030000000003,0.4342205421666667,0.5009048356666667
2026,2027,Bradley,bradley,Fort Hays St.,fort hays state,1932362,Kyle Grill,Junior,G,78,1.0,player_id,Kyle Grill,Fort Hays St.,Bradley,,,,,,0.0,0.0,0.0,0.0,0.0,0.0,0.0,0.0,0.0,0.0,0.0,0.0,0.0,0.0,0.0,0.0,,,,,,,,,,,,,,,0.0,0.0,0.0,0.0,0.0
2026,2027,Bradley,bradley,Ark.-Pine Bluff,arkansas pine bluff,1908328,Trevon Payton,Junior,G,77,0.6598783333333333,player_id,Trevon Payton,Ark.-Pine Bluff,Bradley,-13.2073,313.0,-5.6911,277.0,SWAC,1025.25,1780.013,280.0,195.0,35.0,81.0,15.0,84.0,99.0,30.0,6.0,54.0,0.31501,1.5806,1.0943,0.4862,0.12885,115.28,119.36,11.218,0.0123,0.0617,0.65128,0.6654,0.14926,0.05632,0.20424,-5.464,-1.074,-4.39,184.76593333333335,53.450145,65.327955,0.20786827378333333,1.0430036936666667
2026,2027,Bradley,bradley,Northeastern,northeastern,2319604,Xander Alarie,Freshman,F,80,0.7407433333333334,player_id,Xander Alarie,Northeastern,Bradley,-10.7554,287.0,-2.175,200.0,CAA,305.43,525.272,113.0,85.0,42.0,16.0,25.0,56.0,81.0,5.0,14.0,24.0,0.70257,0.4867,0.2287,0.258,0.21082,104.63,115.19,15.7293,0.092,0.0637,0.45294,0.54589,0.09939,0.15883,0.18826,1.07,0.034,1.036,83.70399666666668,11.851893333333335,60.00021000000001,0.5204240437000001,0.3605197803333334
2026,2027,Bryant,bryant,New Haven,new haven,2531837,Andre Pasha,Sophomore,,81,0.6128966666666668,player_id,Andre Pasha,New Haven,Bryant,-16.0262,328.0,-9.6484,350.0,NEC,919.44,1431.047,303.0,269.0,33.0,47.0,23.0,117.0,140.0,23.0,20.0,43.0,1.67108,1.7961,0.3461,1.4501,0.20349,101.2,107.05,13.8373,0.0727,0.0781,0.51115,0.53439,0.12175,0.0957,0.13169,-1.503,-1.817,0.314,185.70769,28.80614333333334,85.80553333333334,1.0241993617333334,1.100823703
2026,2027,Bryant,bryant,Georgia Tech,georgia tech,2474259,Eric Chatfield Jr,Freshman,G,71,1.0537433333333335,player_id,Eric Chatfield Jr,Georgia Tech,Bryant,0.2246,169.0,5.7008,87.0,ACC,182.03,317.987,36.0,42.0,0.0,20.0,3.0,11.0,14.0,8.0,0.0,12.0,-0.39705,,,0.2019,0.14683,,112.27,5.8991,-0.0872,,0.42857,0.42857,0.18617,0.04223,0.22222,-1.812,-0.254,-1.558,37.934760000000004,21.07486666666667,14.752406666666669,-0.41838879050000005,0.0
2026,2027,Bryant,bryant,South Fla.,south florida,2560108,Onyx Nnani,Freshman,F,81,1.3416183333333334,player_id,Onyx Nnani,South Fla.,Bryant,16.8971,47.0,3.8094,101.0,Amer,1.13,1.903,0.0,0.0,0.0,0.0,1.0,0.0,1.0,0.0,0.0,0.0,0.01251,,,0.0007,0.0,,117.62,34.547,0.4428,,,,0.0,0.47198,,,,,0.0,0.0,1.3416183333333334,0.01678364535,0.0
2026,2027,Bucknell,bucknell,Air Force,air force,2303181,Kyle Marshall,Sophomore,G,76,0.5510866666666666,player_id,Kyle Marshall,Air Force,Bucknell,-19.7348,345.0,5.0884,92.0,MWC,65.45,111.543,14.0,17.0,3.0,8.0,5.0,6.0,11.0,2.0,1.0,1.0,0.03341,0.0409,0.0164,0.0245,0.1508,100.15,120.47,12.3343,0.0204,0.025,0.41176,0.38251,0.27205,0.09778,0.05176,-1.075,-1.185,0.11,7.715213333333333,4.408693333333333,6.061953333333332,0.018411805533333332,0.022539444666666665
2026,2027,Bucknell,bucknell,Northeastern,northeastern,2295169,Luca Soroa Schaller,Sophomore,G,79,0.7407433333333334,player_id,Luca Soroa Schaller,Northeastern,Bucknell,-10.7554,287.0,-2.175,200.0,CAA,601.52,1036.592,162.0,150.0,57.0,63.0,18.0,81.0,99.0,32.0,15.0,55.0,-0.45204,0.1151,-0.4848,0.5999,0.19451,88.11,113.48,9.9001,-0.0301,0.0077,0.4,0.46259,0.17518,0.0998,0.23905,-0.994,-0.908,-0.086,120.00042000000002,46.666830000000004,73.33359000000002,-0.33484561640000005,0.08525955766666667
2026,2027,Bucknell,bucknell,Regis (CO),regis co,2505236,Luke Soden,Freshman,F,64,1.0,player_id,Luke Soden,Regis (CO),Bucknell,,,,,,0.0,0.0,0.0,0.0,0.0,0.0,0.0,0.0,0.0,0.0,0.0,0.0,0.0,0.0,0.0,0.0,,,,,,,,,,,,,,,0.0,0.0,0.0,0.0,0.0
2026,2027,Buffalo,buffalo,Tennessee St.,tennessee state,2335901,Antoine Lorick III,Junior,F,81,0.9658416666666667,player_id,Antoine Lorick III,Tennessee St.,Buffalo,-2.0495,191.0,-7.7404,312.0,OVC,667.26,1153.866,306.0,222.0,94.0,33.0,60.0,93.0,153.0,34.0,45.0,43.0,4.31617,2.5605,1.2351,1.3254,0.22177,115.5,102.49,21.9215,0.2587,0.1535,0.54955,0.58087,0.09524,0.13045,0.14036,-0.738,1.641,-2.379,295.54755,31.872775,147.773775,4.168736826416667,2.4730375875000004
2026,2027,Buffalo,buffalo,Southern Ill.,southern illinois,2342586,Drew Steffe,Sophomore,G,77,1.07197,player_id,Drew Steffe,Southern Ill.,Buffalo,4.3182,120.0,1.3427,125.0,MVC,962.22,1641.395,308.0,272.0,61.0,78.0,13.0,80.0,93.0,28.0,13.0,49.0,0.97232,2.1886,0.4636,1.7251,0.18038,103.08,104.64,11.0651,0.0404,0.091,0.49081,0.51539,0.14419,0.05365,0.14087,3.814,0.427,3.387,330.16676,83.61366000000001,99.69321000000001,1.0422978704,2.3461135420000003
2026,2027,Buffalo,buffalo,NIU,northern illinois,2543677,Dylan Ducommun,Freshman,G,76,0.5893499999999999,player_id,Dylan Ducommun,NIU,Buffalo,-17.439,334.0,-1.5094,187.0,MAC,770.52,1295.776,269.0,274.0,50.0,83.0,9.0,61.0,70.0,18.0,6.0,74.0,-1.54065,-0.3263,-0.7514,0.4251,0.24329,87.88,118.46,7.2353,-0.08,-0.0169,0.42701,0.45439,0.24752,0.05319,0.2,-1.782,-2.071,0.289,158.53515,48.91604999999999,41.25449999999999,-0.9079820774999999,-0.19230490499999997
2026,2027,Buffalo,buffalo,UIW,incarnate word,2126375,Harrison Reede,Junior,G,73,0.7786850000000001,player_id,Harrison Reede,UIW,Buffalo,-8.4789,265.0,-1.7156,194.0,Slnd,193.26,317.534,62.0,46.0,3.0,2.0,4.0,6.0,10.0,3.0,0.0,2.0,0.33734,0.4651,0.4195,0.0456,0.13284,137.72,122.01,11.1587,0.0698,0.0963,0.65217,0.65539,0.02022,0.03195,0.04055,-0.416,0.836,-1.252,48.278470000000006,1.5573700000000001,7.786850000000001,0.2626815979,0.3621663935
2026,2027,Buffalo,buffalo,Oregon,oregon,2531876,JJ Frakes,Freshman,G,77,1.1679833333333334,player_id,JJ Frakes,Oregon,Buffalo,7.079,101.0,12.4195,34.0,B10,0.0,0.0,0.0,0.0,0.0,0.0,0.0,0.0,0.0,0.0,0.0,0.0,0.0,0.0,0.0,0.0,,,,,,,,,,,,,,,0.0,0.0,0.0,0.0,0.0
2026,2027,Buffalo,buffalo,Tennessee St.,tennessee state,1917658,Jalen Pitre,Junior,F,80,0.9658416666666667,player_id,Jalen Pitre,Tennessee St.,Buffalo,-2.0495,191.0,-7.7404,312.0,OVC,738.83,1278.914,177.0,114.0,46.0,26.0,88.0,103.0,191.0,33.0,19.0,35.0,2.01165,2.4846,1.229,1.2556,0.11064,126.37,105.69,16.1772,0.1089,0.1345,0.60965,0.65946,0.05853,0.14708,0.20681,0.245,-0.808,1.053,170.953975,25.111883333333335,184.47575833333335,1.94293538875,2.399730205
2026,2027,Buffalo,buffalo,Richmond,richmond,2106662,Mikkel Tyne,Junior,G,70,1.0177066666666668,player_id,Mikkel Tyne,Richmond,Buffalo,1.0624,153.0,-0.1326,151.0,A10,575.54,964.596,182.0,167.0,17.0,43.0,4.0,32.0,36.0,23.0,0.0,30.0,-0.25209,0.7135,0.1068,0.6067,0.1862,99.26,112.89,9.4933,-0.0175,0.0496,0.51198,0.52149,0.1418,0.03643,0.14671,0.266,-0.013,0.279,185.22261333333336,43.761386666666674,36.637440000000005,-0.2565536736,0.7261337066666668
2026,2027,Butler,butler,The Citadel,the citadel,2117645,Christian Moore,Sophomore,F,78,0.55,player_id,Christian Moore,The Citadel,Butler,-20.1485,347.0,-5.7798,280.0,SC,718.89,1139.098,324.0,259.0,64.0,27.0,42.0,47.0,89.0,11.0,3.0,27.0,1.15454,1.2843,1.2946,-0.0103,0.23507,114.85,124.82,16.1674,0.0642,0.0715,0.54247,0.56407,0.08625,0.07402,0.08594,-2.591,-0.675,-1.916,178.20000000000002,14.850000000000001,48.95,0.634997,0.706365
2026,2027,Butler,butler,Ole Miss,mississippi,2287025,Eduardo Klafke,Sophomore,G,77,1.29263,player_id,Eduardo Klafke,Ole Miss,Butler,12.7578,64.0,14.1129,20.0,SEC,508.79,848.864,156.0,105.0,43.0,37.0,21.0,65.0,86.0,20.0,5.0,17.0,1.61032,1.6364,1.0127,0.6236,0.14263,127.13,110.95,16.0046,0.1266,0.1286,0.59048,0.62954,0.13056,0.09591,0.12064,2.196,1.119,1.077,201.65027999999998,47.82731,111.16618,2.0815479416,2.115259732
2026,2027,Butler,butler,FGCU,florida gulf coast,2535041,Jordan Ellerbee,Freshman,G,76,0.85042,player_id,Jordan Ellerbee,FGCU,Butler,-6.5748,244.0,-6.0818,285.0,ASun,884.3,1495.572,435.0,335.0,91.0,71.0,33.0,77.0,110.0,27.0,3.0,58.0,1.90434,2.2029,1.5656,0.6374,0.24687,113.47,116.61,17.2803,0.0861,0.0996,0.54776,0.58,0.15633,0.07182,0.13394,1.149,1.289,-0.14,369.93269999999995,60.379819999999995,93.5462,1.6194888228,1.873390218
2026,2027,Butler,butler,Kansas,kansas,2483809,Samis Calderon,Freshman,F,80,1.45,player_id,Samis Calderon,Kansas,Butler,24.1522,21.0,16.6274,3.0,B12,66.15,110.241,6.0,6.0,6.0,4.0,2.0,10.0,12.0,2.0,4.0,4.0,-0.12155,0.0636,-0.0871,0.1507,0.099,70.36,99.25,6.508,-0.0735,0.0384,0.33333,0.34884,0.0906,0.09866,0.31646,0.049,-0.861,0.91,8.7,5.8,17.4,-0.1762475,0.09222
2026,2027,Butler,butler,North Dakota St.,north dakota state,2313631,Treyson Anderson,Sophomore,F,81,1.0757966666666667,player_id,Treyson Anderson,North Dakota St.,Butler,4.5478,118.0,-5.6324,274.0,Sum,590.11,979.459,345.0,238.0,104.0,26.0,54.0,121.0,175.0,14.0,30.0,44.0,4.80748,2.7252,1.479,1.2462,0.28069,117.45,101.01,25.261,0.3259,0.1847,0.57983,0.60782,0.09068,0.1758,0.13424,1.448,0.783,0.665,371.14985,27.970713333333336,188.26441666666668,5.171870959066667,2.9317610760000004
2026,2027,BYU,byu,TCU,tcu,2305306,Adam Stewart,Sophomore,F,83,1.3991016666666667,player_id,Adam Stewart,TCU,BYU,17.3461,44.0,11.8204,40.0,B12,4.18,7.426,2.0,1.0,0.0,0.0,1.0,0.0,1.0,0.0,0.0,0.0,0.03948,,,0.0031,0.11164,,116.51,31.54,0.3778,,1.0,1.0,0.0,0.13384,0.0,,,,2.7982033333333334,0.0,1.3991016666666667,0.0552365338,0.0
2026,2027,BYU,byu,Kentucky,kentucky,2319782,Collin Chandler,Sophomore,G,77,1.45,player_id,Collin Chandler,Kentucky,BYU,21.0942,29.0,16.3561,4.0,SEC,975.69,1663.235,349.0,260.0,60.0,81.0,13.0,86.0,99.0,44.0,10.0,39.0,3.2349,3.123,1.8073,1.3157,0.16567,122.91,109.57,15.219,0.1326,0.128,0.575,0.60929,0.1427,0.05672,0.11985,3.94,3.253,0.687,506.05,117.45,143.54999999999998,4.690605,4.5283500000000005
2026,2027,BYU,byu,Clemson,clemson,2102043,Jake Wahlin,Junior,F,82,1.420085,player_id,Jake Wahlin,Clemson,BYU,18.6051,40.0,10.3744,64.0,ACC,715.3,1141.145,184.0,159.0,32.0,23.0,29.0,107.0,136.0,12.0,10.0,25.0,0.73962,1.7966,0.4916,1.305,0.15024,107.37,104.27,10.9819,0.0414,0.1005,0.50943,0.53148,0.05967,0.11476,0.12621,6.402,3.203,3.199,261.29564,32.661955,193.13156,1.0503232677,2.551324711
2026,2027,BYU,byu,Syracuse,syracuse,2321261,Tyler Betsey,Sophomore,F,80,1.235845,player_id,Tyler Betsey,Syracuse,BYU,9.3507,87.0,9.7239,70.0,ACC,560.96,931.089,207.0,169.0,33.0,11.0,24.0,63.0,87.0,10.0,5.0,13.0,1.51221,1.5278,0.8804,0.6475,0.18159,117.79,111.73,13.3975,0.1078,0.1089,0.5503,0.56403,0.03581,0.08898,0.06615,0.452,1.72,-1.268,255.819915,13.594295,107.51851500000001,1.8688571674500003,1.8881239910000003
2026,2027,California Baptist,cal baptist,Lipscomb,lipscomb,1701843,Ethan Duncan,Junior,G,72,0.9119983333333332,player_id,Ethan Duncan,Lipscomb,California Baptist,-2.8801,200.0,-5.4775,270.0,ASun,611.47,1053.625,312.0,255.0,26.0,25.0,14.0,41.0,55.0,23.0,1.0,19.0,1.94356,1.676,1.0264,0.6497,0.23683,114.63,112.82,17.0681,0.1271,0.1096,0.56471,0.58559,0.08036,0.05175,0.06656,0.002,0.812,-0.81,284.54348,22.799958333333333,50.15990833333333,1.7725234807333332,1.5285092066666666
2026,2027,California Baptist,cal baptist,Charlotte,charlotte,2160274,Nick Richart,Junior,F,82,0.9807466666666667,player_id,Nick Richart,Charlotte,California Baptist,-1.1552,182.0,0.6191,135.0,Amer,152.4,240.81,8.0,4.0,8.0,6.0,8.0,23.0,31.0,2.0,5.0,4.0,-0.53287,0.1922,0.038,0.1542,0.04085,106.86,113.38,6.2867,-0.1399,0.0504,0.75,0.53333,0.06543,0.12443,0.34722,-3.678,-2.449,-1.229,7.845973333333333,5.88448,30.403146666666665,-0.5226104762666666,0.18849950933333334
2026,2027,California Baptist,cal baptist,Okla. Baptist,okla baptist,2152327,Terry Coner Jr.,Junior,G,72,1.0,player_id,Terry Coner Jr.,Okla. Baptist,California Baptist,,,,,,0.0,0.0,0.0,0.0,0.0,0.0,0.0,0.0,0.0,0.0,0.0,0.0,0.0,0.0,0.0,0.0,,,,,,,,,,,,,,,0.0,0.0,0.0,0.0,0.0
2026,2027,Cal Poly,cal poly,Weber St.,weber state,2541452,Anthony Moore,Freshman,G,77,0.9112416666666666,player_id,Anthony Moore,Weber St.,Cal Poly,-2.9255,202.0,-2.479,209.0,BSky,0.0,0.0,0.0,0.0,0.0,0.0,0.0,0.0,0.0,0.0,0.0,0.0,0.0,0.0,0.0,0.0,,,,,,,,,,,,,,,0.0,0.0,0.0,0.0,0.0
2026,2027,Cal Poly Humboldt,cal poly humboldt,Montana,montana,2125499,Chase Henderson,Junior,G,72,0.96652,player_id,Chase Henderson,Montana,Cal Poly Humboldt,-2.0088,190.0,-0.6378,163.0,BSky,93.91,168.469,31.0,25.0,9.0,9.0,1.0,9.0,10.0,1.0,0.0,8.0,-0.27307,0.0716,-0.0092,0.0808,0.20482,95.91,115.04,7.7123,-0.1163,0.0305,0.48,0.53448,0.17735,0.06351,0.21645,-0.699,-1.235,0.536,29.962120000000002,8.69868,9.6652,-0.2639276164,0.069202832
2026,2027,CSU Bakersfield,cal state bakersfield,Cal St. Fullerton,cal state fullerton,2483449,Bryce Cofield,Freshman,G,78,1.000265,player_id,Bryce Cofield,Cal St. Fullerton,CSU Bakersfield,0.0159,170.0,0.8363,130.0,BW,682.0,1258.261,314.0,253.0,145.0,69.0,35.0,117.0,152.0,23.0,14.0,71.0,-0.11867,0.7179,-0.2362,0.9541,0.27193,94.15,109.09,13.7681,-0.007,0.0421,0.45455,0.49558,0.19598,0.12217,0.18308,1.146,0.087,1.059,314.08321,69.01828499999999,152.04028,-0.11870144754999999,0.7180902435
2026,2027,CSU Bakersfield,cal state bakersfield,Illinois St.,illinois state,2098125,Cameron Barnes,Sophomore,F,82,1.15303,player_id,Cameron Barnes,Illinois St.,CSU Bakersfield,7.3818,97.0,2.0255,114.0,MVC,66.03,112.994,4.0,6.0,0.0,3.0,5.0,10.0,15.0,0.0,2.0,4.0,-0.26717,,,0.1153,0.07792,,105.11,4.6474,-0.1618,,0.33333,0.33333,0.0666,0.13363,0.4,0.998,0.433,0.565,4.61212,3.4590899999999998,17.29545,-0.30805502510000005,0.0
2026,2027,CSU Bakersfield,cal state bakersfield,Azusa Pacific,azusa pacific,2567884,EJ Bryson,Junior,G,76,1.0,player_id,EJ Bryson,Azusa Pacific,CSU Bakersfield,,,,,,0.0,0.0,0.0,0.0,0.0,0.0,0.0,0.0,0.0,0.0,0.0,0.0,0.0,0.0,0.0,0.0,,,,,,,,,,,,,,,0.0,0.0,0.0,0.0,0.0
2026,2027,CSU Bakersfield,cal state bakersfield,San Diego,san diego,2351020,Kjay Bradley Jr.,Senior,G,73,0.8743766666666666,player_id,Kjay Bradley Jr.,San Diego,CSU Bakersfield,-5.1374,226.0,1.8859,117.0,WCC,0.0,0.0,0.0,0.0,0.0,0.0,0.0,0.0,0.0,0.0,0.0,0.0,0.0,0.0,0.0,0.0,,,,,,,,,,,,,,,0.0,0.0,0.0,0.0,0.0
2026,2027,CSU Bakersfield,cal state bakersfield,Dayton,dayton,2615186,Sean Pouedet,Freshman,G,74,1.231815,player_id,Sean Pouedet,Dayton,CSU Bakersfield,12.1089,68.0,5.0222,93.0,A10,74.08,119.829,9.0,9.0,2.0,5.0,0.0,3.0,3.0,1.0,0.0,6.0,-0.44911,-0.0153,-0.1041,0.0889,0.1163,70.7,111.31,0.5089,-0.2425,-0.0082,0.38889,0.45455,0.1267,0.02444,0.37783,-0.606,-0.281,-0.325,11.086335000000002,6.1590750000000005,3.6954450000000003,-0.55322043465,-0.018846769500000003
2026,2027,Cal St. East Bay,cal state east bay,Colorado Mesa,colorado mesa,2353262,Mason Honeyman,Sophomore,G,75,1.0,player_id,Mason Honeyman,Colorado Mesa,Cal St. East Bay,,,,,,0.0,0.0,0.0,0.0,0.0,0.0,0.0,0.0,0.0,0.0,0.0,0.0,0.0,0.0,0.0,0.0,,,,,,,,,,,,,,,0.0,0.0,0.0,0.0,0.0
2026,2027,Cal St. East Bay,cal state east bay,Portland,portland,2324516,NaVaughn Long,Sophomore,G,78,0.9076616666666666,player_id,NaVaughn Long,Portland,Cal St. East Bay,-3.1403,206.0,3.1713,103.0,WCC,129.83,210.319,26.0,20.0,2.0,3.0,1.0,11.0,12.0,2.0,1.0,7.0,-0.5002,0.0599,-0.0246,0.0845,0.11494,92.91,117.37,5.293,-0.1541,0.0185,0.625,0.62201,0.04776,0.05696,0.25108,-1.646,-0.667,-0.979,23.59920333333333,2.7229849999999995,10.891939999999998,-0.4540123656666666,0.05436893383333333
2026,2027,Cal St. Fullerton,cal state fullerton,Cal Poly Pomona,cal poly pomona,2166042,Malcolm Bell,Junior,G,77,1.0,player_id,Malcolm Bell,Cal Poly Pomona,Cal St. Fullerton,,,,,,0.0,0.0,0.0,0.0,0.0,0.0,0.0,0.0,0.0,0.0,0.0,0.0,0.0,0.0,0.0,0.0,,,,,,,,,,,,,,,0.0,0.0,0.0,0.0,0.0
2026,2027,Cal St. Fullerton,cal state fullerton,LMU (CA),loyola marymount,2282703,Marley Zeller,Freshman,G,77,1.0094666666666667,player_id,Marley Zeller,LMU (CA),Cal St. Fullerton,0.568,165.0,0.2503,145.0,WCC,0.0,0.0,0.0,0.0,0.0,0.0,0.0,0.0,0.0,0.0,0.0,0.0,0.0,0.0,0.0,0.0,,,,,,,,,,,,,,,0.0,0.0,0.0,0.0,0.0
2026,2027,Cal St. Fullerton,cal state fullerton,Central Okla.,central okla,2161151,Matthew Willenborg,Junior,F,79,1.0,player_id,Matthew Willenborg,Central Okla.,Cal St. Fullerton,,,,,,0.0,0.0,0.0,0.0,0.0,0.0,0.0,0.0,0.0,0.0,0.0,0.0,0.0,0.0,0.0,0.0,,,,,,,,,,,,,,,0.0,0.0,0.0,0.0,0.0
2026,2027,Cal St. Fullerton,cal state fullerton,Quincy,quincy,2359223,Tiernan Stynes,Sophomore,G,78,1.0,player_id,Tiernan Stynes,Quincy,Cal St. Fullerton,,,,,,0.0,0.0,0.0,0.0,0.0,0.0,0.0,0.0,0.0,0.0,0.0,0.0,0.0,0.0,0.0,0.0,,,,,,,,,,,,,,,0.0,0.0,0.0,0.0,0.0
2026,2027,Cal State LA,cal state la,A&M-Corpus Christi,texas a and m corpus chris,2558064,Jaden Haire,Junior,F,79,0.99438,player_id,Jaden Haire,A&M-Corpus Christi,Cal State LA,-0.3372,173.0,-0.387,155.0,Slnd,212.62,360.199,50.0,42.0,29.0,8.0,14.0,22.0,36.0,1.0,2.0,17.0,-0.98204,0.0943,-0.1912,0.2854,0.17335,85.96,109.66,5.423,-0.1848,0.0177,0.38095,0.4562,0.07578,0.0991,0.2369,-4.079,-2.883,-1.196,49.719,7.95504,35.79768,-0.9765209352,0.093770034
2026,2027,Cal St. Monterey Bay,cal state monterey bay,Evansville,evansville,2311334,Kaia Berridge,Sophomore,G,76,0.6599483333333334,player_id,Kaia Berridge,Evansville,Cal St. Monterey Bay,-13.2031,312.0,3.9238,99.0,MVC,298.58,495.92,42.0,45.0,12.0,18.0,3.0,24.0,27.0,8.0,4.0,17.0,-1.05615,-0.1806,-0.3418,0.1612,0.12198,76.58,118.62,3.2014,-0.1415,-0.0242,0.38889,0.4175,0.11441,0.05438,0.25268,-1.648,-1.066,-0.582,27.71783,11.87907,17.818605,-0.69700443225,-0.11918666900000001
2026,2027,CSUN,cal state northridge,Minnesota,minnesota,1925454,BJ Omot,Junior,F,80,1.247705,player_id,BJ Omot,Minnesota,CSUN,10.0623,82.0,10.4951,62.0,B10,0.0,0.0,0.0,0.0,0.0,0.0,0.0,0.0,0.0,0.0,0.0,0.0,0.0,0.0,0.0,0.0,,,,,,,,,,,,,,,0.0,0.0,0.0,0.0,0.0
2026,2027,CSUN,cal state northridge,Montana,montana,2126214,Brooklyn Hicks,Junior,G,75,0.96652,player_id,Brooklyn Hicks,Montana,CSUN,-2.0088,190.0,-0.6378,163.0,BSky,655.93,1140.551,259.0,201.0,54.0,23.0,21.0,84.0,105.0,23.0,3.0,30.0,1.3194,1.4481,0.6202,0.8279,0.20262,107.93,110.55,14.427,0.0805,0.0883,0.55224,0.57607,0.06888,0.09486,0.11776,-1.398,-1.253,-0.145,250.32868000000002,22.229960000000002,101.4846,1.275226488,1.3996176120000001
2026,2027,CSUN,cal state northridge,Rider,rider,2567147,Caleb Smith,Junior,G,77,0.55,player_id,Caleb Smith,Rider,CSUN,-24.1738,357.0,-4.9717,262.0,MAAC,840.06,1355.5,198.0,168.0,94.0,39.0,69.0,129.0,198.0,32.0,5.0,33.0,-0.09955,1.0345,0.3725,0.662,0.14863,103.32,115.86,12.9846,-0.0047,0.0493,0.39881,0.47278,0.09356,0.13244,0.13616,-4.17,-2.916,-1.254,108.9,21.450000000000003,108.9,-0.0547525,0.568975
2026,2027,CSUN,cal state northridge,LMU (CA),loyola marymount,2282704,Jael Martin,Freshman,F,80,1.0094666666666667,player_id,Jael Martin,LMU (CA),CSUN,0.568,165.0,0.2503,145.0,WCC,110.46,192.6,23.0,18.0,6.0,2.0,4.0,15.0,19.0,2.0,3.0,2.0,-0.10444,0.2596,0.0951,0.1645,0.10538,115.21,107.92,10.6615,-0.0378,0.094,0.52778,0.55825,0.03352,0.09862,0.08834,-0.777,-0.756,-0.021,23.217733333333335,2.0189333333333335,19.17986666666667,-0.10542869866666668,0.2620575466666667
2026,2027,CSUN,cal state northridge,Oregon St.,oregon state,2540506,Keziah Ekissi,Sophomore,G,75,0.9856483333333333,player_id,Keziah Ekissi,Oregon St.,CSUN,-0.8611,179.0,2.6949,106.0,WCC,468.31,760.146,127.0,113.0,48.0,48.0,14.0,32.0,46.0,16.0,0.0,29.0,-0.67975,0.4021,0.0032,0.3989,0.18919,97.04,115.17,9.1621,-0.0581,0.0343,0.42478,0.47353,0.22171,0.05961,0.17778,-0.966,-0.603,-0.363,125.17733833333334,47.31112,45.339823333333335,-0.6699944545833333,0.39632919483333334
2026,2027,CSUN,cal state northridge,Portland,portland,2324520,Mikah Ballew,Sophomore,G,77,0.9076616666666666,player_id,Mikah Ballew,Portland,CSUN,-3.1403,206.0,3.1713,103.0,WCC,678.27,1171.937,241.0,209.0,69.0,24.0,6.0,45.0,51.0,20.0,2.0,38.0,-0.99841,0.4194,-0.0597,0.4791,0.20759,95.95,116.75,8.2641,-0.0589,0.0247,0.4378,0.50334,0.06439,0.04482,0.13701,-0.252,-0.342,0.09,218.74646166666665,21.783879999999996,46.290744999999994,-0.9062184846166667,0.38067330299999996
2026,2027,Cal St. San Marcos,cal state san marcos,California Baptist,cal baptist,1917694,Chase Mayo Harmon,Senior,G,76,1.1012533333333334,player_id,Chase Mayo Harmon,California Baptist,Cal St. San Marcos,6.0752,105.0,-1.642,191.0,WAC,0.0,0.0,0.0,0.0,0.0,0.0,0.0,0.0,0.0,0.0,0.0,0.0,0.0,0.0,0.0,0.0,,,,,,,,,,,,,,,0.0,0.0,0.0,0.0,0.0
2026,2027,California,california,Mississippi St.,mississippi state,2322696,Amier Ali,Sophomore,F,80,1.1673416666666667,player_id,Amier Ali,Mississippi St.,California,7.0405,102.0,13.0385,28.0,SEC,87.58,153.132,38.0,38.0,7.0,2.0,5.0,15.0,20.0,2.0,0.0,1.0,0.25216,0.1541,0.0807,0.0733,0.23196,106.57,115.26,14.5083,0.1152,0.0704,0.44737,0.46229,0.04316,0.11891,0.02376,1.788,0.609,1.179,44.358983333333335,2.3346833333333334,23.346833333333336,0.29435687466666666,0.17988735083333332
2026,2027,California,california,Georgia,georgia,2477836,Jake Wilkins,Freshman,F,81,1.4326616666666667,player_id,Jake Wilkins,Georgia,California,19.3597,35.0,11.0632,52.0,SEC,325.34,596.288,158.0,116.0,49.0,12.0,23.0,34.0,57.0,18.0,14.0,16.0,1.79376,1.2224,0.72,0.5024,0.22064,120.26,107.41,20.6366,0.2205,0.1503,0.51724,0.57413,0.06258,0.09412,0.10419,2.155,-0.349,2.504,226.36054333333334,17.191940000000002,81.661715,2.5698511912,1.7512856213333332
2026,2027,California,california,Georgia,georgia,2125384,Jordan Ross,Junior,G,75,1.4326616666666667,player_id,Jordan Ross,Georgia,California,19.3597,35.0,11.0632,52.0,SEC,667.75,1203.649,213.0,150.0,95.0,74.0,15.0,65.0,80.0,21.0,1.0,29.0,-0.39247,1.8828,1.1605,0.7222,0.15326,121.22,112.58,13.2687,-0.0235,0.1128,0.46333,0.55527,0.16784,0.06378,0.13134,2.124,-0.089,2.213,305.15693500000003,106.01696333333334,114.61293333333333,-0.5622767243166666,2.6974153860000003
2026,2027,California,california,Pittsburgh,pittsburgh,2264328,Nojus Indrusaitis,Sophomore,G,77,1.2005750000000002,player_id,Nojus Indrusaitis,Pittsburgh,California,7.2345,98.0,10.2496,65.0,ACC,776.76,1235.398,300.0,263.0,52.0,55.0,21.0,80.0,101.0,30.0,3.0,39.0,1.41312,1.6566,0.8323,0.8243,0.2204,108.3,112.75,14.5724,0.0728,0.0853,0.5076,0.52466,0.14433,0.07882,0.12004,1.141,0.192,0.949,360.17250000000007,66.031625,121.25807500000002,1.696556544,1.9888725450000004
2026,2027,California (PA),california pa,Lincoln Memorial,lincoln memorial,2488760,Patrick Noles,Freshman,G,76,1.0,player_id,Patrick Noles,Lincoln Memorial,California (PA),,,,,,0.0,0.0,0.0,0.0,0.0,0.0,0.0,0.0,0.0,0.0,0.0,0.0,0.0,0.0,0.0,0.0,,,,,,,,,,,,,,,0.0,0.0,0.0,0.0,0.0
2026,2027,Cameron,cameron,Houston Christian,houston baptist,2487126,Brennen Byrd,Freshman,F,78,0.7344183333333334,player_id,Brennen Byrd,Houston Christian,Cameron,-11.1349,293.0,-2.6863,215.0,Slnd,0.0,0.0,0.0,0.0,0.0,0.0,0.0,0.0,0.0,0.0,0.0,0.0,0.0,0.0,0.0,0.0,,,,,,,,,,,,,,,0.0,0.0,0.0,0.0,0.0
2026,2027,Campbell,campbell,Anderson (SC),anderson sc,2138891,Andre Wright Jr.,Junior,G,70,1.0,player_id,Andre Wright Jr.,Anderson (SC),Campbell,,,,,,0.0,0.0,0.0,0.0,0.0,0.0,0.0,0.0,0.0,0.0,0.0,0.0,0.0,0.0,0.0,0.0,,,,,,,,,,,,,,,0.0,0.0,0.0,0.0,0.0
2026,2027,Campbell,campbell,Anderson (SC),anderson sc,2314249,Caleb McAbee,Sophomore,G,73,1.0,player_id,Caleb McAbee,Anderson (SC),Campbell,,,,,,0.0,0.0,0.0,0.0,0.0,0.0,0.0,0.0,0.0,0.0,0.0,0.0,0.0,0.0,0.0,0.0,,,,,,,,,,,,,,,0.0,0.0,0.0,0.0,0.0
2026,2027,Campbell,campbell,Mercyhurst,mercyhurst,1904044,Emilis Butkus,Senior,G,77,0.7436916666666668,player_id,Emilis Butkus,Mercyhurst,Campbell,-10.5785,285.0,-10.9797,354.0,NEC,0.0,0.0,0.0,0.0,0.0,0.0,0.0,0.0,0.0,0.0,0.0,0.0,0.0,0.0,0.0,0.0,,,,,,,,,,,,,,,0.0,0.0,0.0,0.0,0.0
2026,2027,Campbell,campbell,Arkansas,arkansas,2533628,Karim Rtail,Freshman,F,79,1.45,player_id,Karim Rtail,Arkansas,Campbell,25.4725,18.0,14.8156,11.0,SEC,0.0,0.0,0.0,0.0,0.0,0.0,0.0,0.0,0.0,0.0,0.0,0.0,0.0,0.0,0.0,0.0,,,,,,,,,,,,,,,0.0,0.0,0.0,0.0,0.0
2026,2027,Campbell,campbell,Anderson (SC),anderson sc,2506909,Rashawn Inglemon,Freshman,G,72,1.0,player_id,Rashawn Inglemon,Anderson (SC),Campbell,,,,,,0.0,0.0,0.0,0.0,0.0,0.0,0.0,0.0,0.0,0.0,0.0,0.0,0.0,0.0,0.0,0.0,,,,,,,,,,,,,,,0.0,0.0,0.0,0.0,0.0
2026,2027,Campbell,campbell,Anderson (SC),anderson sc,2314260,Sentinel Moore,Sophomore,F,72,1.0,player_id,Sentinel Moore,Anderson (SC),Campbell,,,,,,0.0,0.0,0.0,0.0,0.0,0.0,0.0,0.0,0.0,0.0,0.0,0.0,0.0,0.0,0.0,0.0,,,,,,,,,,,,,,,0.0,0.0,0.0,0.0,0.0
2026,2027,Canisius,canisius,UNC Greensboro,unc greensboro,2321091,Clinton Efinda,Junior,F,77,0.67896,player_id,Clinton Efinda,UNC Greensboro,Canisius,-12.0624,300.0,-6.2364,287.0,SC,457.4,776.051,131.0,107.0,27.0,20.0,11.0,34.0,45.0,9.0,2.0,16.0,-0.42435,0.4781,0.4215,0.0566,0.15195,110.94,123.28,9.851,-0.0371,0.0418,0.51402,0.55088,0.07964,0.05706,0.11862,-1.485,0.721,-2.206,88.94376,13.5792,30.5532,-0.288116676,0.32461077600000005
2026,2027,Canisius,canisius,UTRGV,ut rio grande valley,2534679,Demarris Winters,Freshman,G,75,1.0769233333333332,player_id,Demarris Winters,UTRGV,Canisius,4.6154,117.0,-1.456,183.0,Slnd,113.0,184.414,31.0,24.0,3.0,4.0,3.0,9.0,12.0,0.0,0.0,3.0,-0.12447,0.2586,0.1412,0.1173,0.13425,119.13,113.07,9.1385,-0.0441,0.0915,0.60417,0.61265,0.06195,0.06294,0.10593,-0.338,-0.019,-0.319,33.38462333333333,4.307693333333333,12.923079999999999,-0.13404464729999999,0.278492374
2026,2027,Canisius,canisius,Bellarmine,bellarmine,2351646,Michael Wilson Jr.,Sophomore,F,78,0.757665,player_id,Michael Wilson Jr.,Bellarmine,Canisius,-9.7401,278.0,-5.0774,265.0,ASun,366.64,601.844,138.0,106.0,49.0,17.0,10.0,31.0,41.0,16.0,1.0,21.0,-0.19835,0.1461,0.2,-0.0539,0.22467,102.51,126.31,13.204,-0.0216,0.0159,0.50472,0.54075,0.08383,0.07585,0.14136,-4.158,-1.678,-2.48,104.55777,12.880305,31.064265000000002,-0.15028285275,0.11069485650000001
2026,2027,Canisius,canisius,Oakland,oakland,2286449,Nate Deer,Senior,F,82,1.0042166666666668,player_id,Nate Deer,Oakland,Canisius,0.253,168.0,-0.3334,154.0,Horz,26.0,46.212,0.0,3.0,2.0,1.0,2.0,2.0,4.0,0.0,0.0,1.0,-0.18712,-0.071,-0.0677,-0.0033,0.09193,40.17,126.09,-3.2438,-0.2879,-0.1092,0.0,0.0,0.05473,0.08456,0.20492,0.009,-0.596,0.605,0.0,1.0042166666666668,4.016866666666667,-0.1879090226666667,-0.07129938333333333
2026,2027,Canisius,canisius,Le Moyne,le moyne,2110382,Nate Fouts,Junior,F,79,0.7240833333333333,player_id,Nate Fouts,Le Moyne,Canisius,-11.755,299.0,-10.8242,353.0,NEC,0.0,0.0,0.0,0.0,0.0,0.0,0.0,0.0,0.0,0.0,0.0,0.0,0.0,0.0,0.0,0.0,,,,,,,,,,,,,,,0.0,0.0,0.0,0.0,0.0
2026,2027,Canisius,canisius,Cleveland St.,cleveland state,2092481,Preist Ryan,Junior,F,78,0.6367566666666666,player_id,Preist Ryan,Cleveland St.,Canisius,-14.5946,319.0,-2.1756,201.0,Horz,629.34,1101.16,189.0,151.0,77.0,31.0,42.0,69.0,111.0,15.0,5.0,33.0,-1.57665,0.279,0.4139,-0.1349,0.17334,105.24,127.05,10.788,-0.1002,0.0177,0.45033,0.51109,0.09267,0.10375,0.15146,-2.9,-2.718,-0.182,120.34701,19.739456666666666,70.67999,-1.0039423985,0.17765511
2026,2027,Canisius,canisius,East Texas A&M,texas a and m commerce,1912150,Vinny Sigona,Junior,G,73,0.7401616666666667,player_id,Vinny Sigona,East Texas A&M,Canisius,-10.7903,288.0,-1.0408,170.0,Slnd,520.28,881.689,194.0,162.0,22.0,43.0,1.0,25.0,26.0,9.0,1.0,31.0,-0.05294,0.5617,0.2862,0.2755,0.20228,103.31,118.74,9.8536,-0.0041,0.0432,0.54012,0.56494,0.17979,0.02873,0.15295,-3.443,-1.528,-1.915,143.59136333333333,31.82695166666667,19.244203333333335,-0.039184158633333334,0.4157488081666667
2026,2027,Canisius,canisius,Converse,converse,2322723,Will Fowler,Freshman,G,74,1.0,player_id,Will Fowler,Converse,Canisius,,,,,,0.0,0.0,0.0,0.0,0.0,0.0,0.0,0.0,0.0,0.0,0.0,0.0,0.0,0.0,0.0,0.0,,,,,,,,,,,,,,,0.0,0.0,0.0,0.0,0.0
2026,2027,Catawba,catawba,Western Ill.,western illinois,2139207,Ifiok Peter,Junior,F,78,0.55,player_id,Ifiok Peter,Western Ill.,Catawba,-28.5897,364.0,-8.0508,318.0,OVC,149.39,245.03,47.0,35.0,36.0,1.0,9.0,18.0,27.0,3.0,6.0,10.0,-0.37142,-0.0264,-0.131,0.1047,0.21555,87.83,116.83,9.8501,-0.0994,-0.0071,0.4,0.4626,0.01486,0.10826,0.16437,0.042,0.181,-0.139,25.85,0.55,14.850000000000001,-0.204281,-0.014520000000000002
2026,2027,Cedarville,cedarville,Spring Hill,spring hill,2510636,Ruben Bos,Sophomore,F,82,1.0,player_id,Ruben Bos,Spring Hill,Cedarville,,,,,,0.0,0.0,0.0,0.0,0.0,0.0,0.0,0.0,0.0,0.0,0.0,0.0,0.0,0.0,0.0,0.0,,,,,,,,,,,,,,,0.0,0.0,0.0,0.0,0.0
2026,2027,Central Ark.,central arkansas,Wyoming,wyoming,2506846,Simm Saadi,Freshman,F,81,1.1586100000000001,player_id,Simm Saadi,Wyoming,Central Ark.,7.7166,95.0,4.3718,98.0,MWC,272.41,445.829,101.0,102.0,5.0,9.0,11.0,22.0,33.0,6.0,6.0,15.0,-0.08486,0.3618,0.0448,0.317,0.22181,98.76,111.65,8.7889,-0.0125,0.0531,0.47059,0.48464,0.06225,0.07229,0.12584,-1.292,-0.067,-1.225,117.01961000000001,10.42749,38.23413000000001,-0.09831964460000002,0.4191850980000001
2026,2027,Central Ark.,central arkansas,Utah St.,utah state,2153822,Tucker Anderson,Junior,F,81,1.4187666666666667,player_id,Tucker Anderson,Utah St.,Central Ark.,21.526,27.0,8.2978,78.0,MWC,278.46,470.193,77.0,65.0,14.0,16.0,14.0,13.0,27.0,7.0,4.0,3.0,0.49942,0.8488,0.5194,0.3295,0.13611,128.33,111.45,12.152,0.0717,0.1219,0.51538,0.54073,0.09062,0.05804,0.04045,-1.051,0.887,-1.938,109.24503333333334,22.700266666666668,38.3067,0.7085604486666667,1.2042491466666667
2026,2027,Central Conn. St.,central connecticut,Saint Francis,saint francis pa,2319684,Victor Payne,Sophomore,G,76,0.55,player_id,Victor Payne,Saint Francis,Central Conn. St.,-22.2465,354.0,-7.0288,297.0,NEC,687.97,1175.308,189.0,149.0,32.0,28.0,29.0,64.0,93.0,25.0,11.0,25.0,0.65994,0.9852,0.6797,0.3055,0.13794,113.22,119.7,11.4008,0.0384,0.0573,0.55369,0.5794,0.07714,0.08051,0.13292,-2.733,-1.933,-0.8,103.95,15.400000000000002,51.150000000000006,0.36296700000000004,0.54186
2026,2027,Central Mich.,central michigan,Lenoir-Rhyne,lenoir rhyne,2117656,Conrad Luczynski,Junior,F,86,1.0,player_id,Conrad Luczynski,Lenoir-Rhyne,Central Mich.,,,,,,0.0,0.0,0.0,0.0,0.0,0.0,0.0,0.0,0.0,0.0,0.0,0.0,0.0,0.0,0.0,0.0,,,,,,,,,,,,,,,0.0,0.0,0.0,0.0,0.0
2026,2027,Central Mich.,central michigan,Kansas City,umkc,2137289,Jayson Petty,Junior,G,76,0.55,player_id,Jayson Petty,Kansas City,Central Mich.,-25.4268,358.0,-2.1913,203.0,Sum,868.51,1517.316,295.0,258.0,67.0,43.0,35.0,78.0,113.0,37.0,13.0,49.0,0.31288,0.6183,0.2216,0.3968,0.19153,99.99,119.55,11.9131,0.0144,0.0285,0.46318,0.51304,0.09962,0.0716,0.14563,-2.312,-1.895,-0.417,162.25,23.650000000000002,62.150000000000006,0.17208400000000001,0.340065
2026,2027,Central Mo.,central mo,FGCU,florida gulf coast,2333217,Jack Reddick,Sophomore,G,75,0.85042,player_id,Jack Reddick,FGCU,Central Mo.,-6.5748,244.0,-6.0818,285.0,ASun,305.28,515.413,64.0,61.0,17.0,35.0,8.0,35.0,43.0,9.0,2.0,18.0,-0.33001,0.2838,0.0276,0.2562,0.14208,98.28,115.29,8.517,-0.0432,0.0372,0.43443,0.46715,0.18562,0.08099,0.20814,-1.87,-0.745,-1.125,54.42688,29.764699999999998,36.568059999999996,-0.2806471042,0.241349196
2026,2027,Central Okla.,central okla,Newman,newman,2473115,Terrell Wright,Junior,F,82,1.0,player_id,Terrell Wright,Newman,Central Okla.,,,,,,0.0,0.0,0.0,0.0,0.0,0.0,0.0,0.0,0.0,0.0,0.0,0.0,0.0,0.0,0.0,0.0,,,,,,,,,,,,,,,0.0,0.0,0.0,0.0,0.0
2026,2027,Central Wash.,central wash,Lamar University,lamar,2551952,King-Njhsanni Wilhite,Junior,G,73,0.8549066666666666,player_id,King-Njhsanni Wilhite,Lamar University,Central Wash.,-6.3056,238.0,-2.9961,221.0,Slnd,565.9,909.228,154.0,150.0,39.0,65.0,11.0,18.0,29.0,10.0,1.0,29.0,-1.48153,0.6774,0.1902,0.4872,0.17789,101.15,115.04,8.3666,-0.1047,0.0479,0.42667,0.46053,0.21616,0.02977,0.14784,-0.797,0.44,-1.237,131.65562666666665,55.56893333333333,24.79229333333333,-1.2665698738666666,0.5791137759999999
2026,2027,Chadron St.,chadron state,Angelo St.,angelo state,2160407,Zyon Little,Junior,F,78,1.0,player_id,Zyon Little,Angelo St.,Chadron St.,,,,,,0.0,0.0,0.0,0.0,0.0,0.0,0.0,0.0,0.0,0.0,0.0,0.0,0.0,0.0,0.0,0.0,,,,,,,,,,,,,,,0.0,0.0,0.0,0.0,0.0
2026,2027,Chaminade,chaminade,Ark.-Fort Smith,ark fort smith,2572284,Kanaan Holder,Junior,G,75,1.0,player_id,Kanaan Holder,Ark.-Fort Smith,Chaminade,,,,,,0.0,0.0,0.0,0.0,0.0,0.0,0.0,0.0,0.0,0.0,0.0,0.0,0.0,0.0,0.0,0.0,,,,,,,,,,,,,,,0.0,0.0,0.0,0.0,0.0
2026,2027,Col. of Charleston,charleston,Charlotte,charlotte,2331204,Ben Bradford,Sophomore,G,77,0.9807466666666667,player_id,Ben Bradford,Charlotte,Col. of Charleston,-1.1552,182.0,0.6191,135.0,Amer,929.82,1464.189,446.0,327.0,153.0,49.0,37.0,89.0,126.0,30.0,3.0,66.0,1.33359,2.2762,1.5382,0.738,0.26679,111.39,115.81,17.4068,0.0574,0.0979,0.49847,0.56556,0.11613,0.0821,0.14338,-1.261,-0.093,-1.168,437.4130133333333,48.05658666666667,123.57408,1.3079139472,2.2323755626666664
2026,2027,Col. of Charleston,charleston,Villanova,villanova,2110114,Braden Pierce,Sophomore,F,84,1.4419183333333334,player_id,Braden Pierce,Villanova,Col. of Charleston,19.9151,33.0,10.8642,54.0,BE,194.74,320.966,35.0,24.0,5.0,14.0,9.0,18.0,27.0,5.0,11.0,10.0,-0.27629,0.4835,0.1746,0.3089,0.09661,115.23,106.91,11.1824,-0.0568,0.0993,0.66667,0.66794,0.12299,0.08072,0.27624,-3.308,-2.501,-0.807,50.46714166666667,20.186856666666667,38.931795,-0.39838761631666664,0.6971675141666667
2026,2027,Col. of Charleston,charleston,Akron,akron,2266044,Conner Groce,Sophomore,G,72,1.22894,player_id,Conner Groce,Akron,Col. of Charleston,11.9364,71.0,-3.445,228.0,MAC,17.31,30.791,6.0,8.0,2.0,0.0,1.0,0.0,1.0,0.0,0.0,0.0,-0.10761,-0.0067,-0.0169,0.0102,0.25101,86.9,118.09,0.6315,-0.2487,-0.0154,0.3125,0.33708,0.0,0.03318,0.0,,,,7.37364,0.0,1.22894,-0.1322462334,-0.008233898
2026,2027,Col. of Charleston,charleston,South Carolina,south carolina,2480429,Eli Ellis,Freshman,G,72,1.2054850000000001,player_id,Eli Ellis,South Carolina,Col. of Charleston,7.5291,96.0,10.7656,55.0,SEC,749.22,1237.93,241.0,207.0,66.0,55.0,19.0,59.0,78.0,23.0,1.0,27.0,-0.12849,1.3265,0.7197,0.6068,0.18447,108.79,115.63,12.4073,-0.0069,0.0708,0.44203,0.51059,0.14103,0.0619,0.10265,2.029,3.124,-1.095,290.52188500000005,66.301675,94.02783000000001,-0.15489276765,1.5990758525000002
2026,2027,Col. of Charleston,charleston,Northwestern,northwestern,2299338,Max Green,Sophomore,G,78,1.3053316666666668,player_id,Max Green,Northwestern,Col. of Charleston,13.5199,58.0,12.9989,29.0,B10,337.34,547.365,100.0,100.0,5.0,23.0,3.0,38.0,41.0,15.0,2.0,8.0,0.6541,0.5827,0.146,0.4366,0.17366,102.83,110.23,11.9427,0.0776,0.0691,0.485,0.48924,0.12233,0.07165,0.0726,2.418,1.837,0.581,130.5331666666667,30.022628333333337,53.51859833333334,0.8538174431666667,0.7606167621666667
2026,2027,Col. of Charleston,charleston,Georgia St.,georgia state,2305851,Trey Scott III,Sophomore,F,82,0.6639033333333334,player_id,Trey Scott III,Georgia St.,Col. of Charleston,-12.9658,309.0,-4.2366,248.0,SB,518.59,867.315,136.0,137.0,9.0,16.0,19.0,62.0,81.0,10.0,9.0,12.0,-0.56708,0.708,0.1601,0.5479,0.14983,101.77,112.9,9.6387,-0.0437,0.0546,0.47445,0.48227,0.07039,0.08399,0.07845,-0.381,-1.002,0.621,90.29085333333335,10.622453333333334,53.77617000000001,-0.37648630226666674,0.47004356
2026,2027,Col. of Charleston,charleston,Northeastern,northeastern,2474097,Xavier Abreu,Freshman,G,75,0.7407433333333334,player_id,Xavier Abreu,Northeastern,Col. of Charleston,-10.7554,287.0,-2.175,200.0,CAA,609.12,1039.444,364.0,294.0,90.0,30.0,24.0,55.0,79.0,21.0,3.0,32.0,1.14317,1.2227,0.9113,0.3114,0.30528,108.74,118.93,19.1402,0.0751,0.0803,0.5034,0.54556,0.10541,0.07814,0.08753,-1.398,-0.064,-1.334,269.63057333333336,22.222300000000004,58.51872333333334,0.8467955563666668,0.9057068736666667
2026,2027,Charleston So.,charleston southern,Cedarville,cedarville,2121948,Anthony Ruffolo,Junior,G,73,1.0,player_id,Anthony Ruffolo,Cedarville,Charleston So.,,,,,,0.0,0.0,0.0,0.0,0.0,0.0,0.0,0.0,0.0,0.0,0.0,0.0,0.0,0.0,0.0,0.0,,,,,,,,,,,,,,,0.0,0.0,0.0,0.0,0.0
2026,2027,Charleston So.,charleston southern,UNC Greensboro,unc greensboro,2540606,Assane Mandian,Freshman,G,79,0.67896,player_id,Assane Mandian,UNC Greensboro,Charleston So.,-12.0624,300.0,-6.2364,287.0,SC,165.06,279.149,46.0,38.0,4.0,3.0,6.0,15.0,21.0,8.0,2.0,8.0,0.24701,0.1876,0.093,0.0947,0.14758,105.71,118.26,11.4847,0.0599,0.0455,0.55263,0.57789,0.03451,0.07245,0.1675,2.701,-0.091,2.792,31.23216,2.03688,14.25816,0.1677099096,0.12737289599999999
2026,2027,Charleston So.,charleston southern,Emory & Henry,emory and henry,2140446,Jackson Crawford,Junior,G,72,1.0,player_id,Jackson Crawford,Emory & Henry,Charleston So.,,,,,,0.0,0.0,0.0,0.0,0.0,0.0,0.0,0.0,0.0,0.0,0.0,0.0,0.0,0.0,0.0,0.0,,,,,,,,,,,,,,,0.0,0.0,0.0,0.0,0.0
2026,2027,Charleston So.,charleston southern,Mount Olive,mount olive,2494535,Jefferson McLamb,Junior,G,77,1.0,player_id,Jefferson McLamb,Mount Olive,Charleston So.,,,,,,0.0,0.0,0.0,0.0,0.0,0.0,0.0,0.0,0.0,0.0,0.0,0.0,0.0,0.0,0.0,0.0,,,,,,,,,,,,,,,0.0,0.0,0.0,0.0,0.0
2026,2027,Charleston So.,charleston southern,New Orleans,new orleans,2152577,Mathok Majok,Junior,F,88,0.96355,player_id,Mathok Majok,New Orleans,Charleston So.,-2.187,194.0,0.3192,144.0,Slnd,77.76,132.089,35.0,19.0,13.0,0.0,12.0,13.0,25.0,2.0,11.0,3.0,0.7908,0.3759,0.2348,0.141,0.17765,135.44,104.39,28.6961,0.4068,0.1933,0.73684,0.7085,0.0,0.1797,0.10823,-0.822,0.426,-1.248,33.72425,0.0,24.08875,0.76197534,0.36219844500000004
2026,2027,Charleston So.,charleston southern,Western Mich.,western michigan,2396433,Nicholas Errica,Freshman,G,75,0.7637783333333333,player_id,Nicholas Errica,Western Mich.,Charleston So.,-9.3733,274.0,-1.7056,193.0,MAC,17.03,29.726,5.0,5.0,0.0,0.0,0.0,0.0,0.0,0.0,0.0,1.0,-0.08674,,,-0.0027,0.17631,,126.47,2.5362,-0.2037,,0.5,0.5,0.0,0.0,0.16667,,,,3.8188916666666666,0.0,0.0,-0.06625013263333333,0.0
2026,2027,Charleston So.,charleston southern,Jacksonville,jacksonville,2143486,Tito Deng,Junior,F,83,0.7282833333333334,player_id,Tito Deng,Jacksonville,Charleston So.,-11.503,295.0,-4.3292,251.0,ASun,1.35,2.414,0.0,0.0,0.0,0.0,0.0,0.0,0.0,1.0,0.0,0.0,0.01993,,,0.012,0.0,,25.28,46.7203,0.5905,,,,0.0,0.0,,,,,0.0,0.0,0.0,0.014514686833333335,0.0
2026,2027,Charlotte,charlotte,Louisiana,louisiana,1910325,Dorian Finister,Junior,G,77,0.6574983333333334,player_id,Dorian Finister,Louisiana,Charlotte,-13.3501,315.0,-4.8362,261.0,SB,1006.91,1571.908,461.0,337.0,160.0,60.0,41.0,102.0,143.0,34.0,15.0,57.0,3.60776,2.8731,1.7249,1.1482,0.25169,112.4,111.91,19.0697,0.1433,0.1141,0.50742,0.56578,0.14458,0.08832,0.12274,-1.672,0.005,-1.677,303.1067316666667,39.44990000000001,94.02226166666668,2.372096187066667,1.8890584615000001
2026,2027,Charlotte,charlotte,Rutgers,rutgers,2292684,Dylan Grant,Sophomore,F,79,1.11105,player_id,Dylan Grant,Rutgers,Charlotte,3.663,125.0,11.0455,53.0,B10,816.41,1329.455,324.0,252.0,110.0,18.0,56.0,88.0,144.0,19.0,15.0,39.0,0.90826,1.6282,0.9104,0.7178,0.21709,108.72,114.84,15.3277,0.0445,0.0798,0.48413,0.53928,0.04764,0.10338,0.11491,1.06,0.851,0.209,359.9802,19.998900000000003,159.99120000000002,1.009122273,1.8090116100000002
2026,2027,Charlotte,charlotte,Georgetown,georgetown,2313752,Jayden Fort,Sophomore,F,81,1.2685333333333335,player_id,Jayden Fort,Georgetown,Charlotte,11.312,74.0,10.6841,57.0,BE,457.55,753.674,112.0,84.0,45.0,18.0,53.0,57.0,110.0,3.0,20.0,17.0,0.47059,1.1519,0.602,0.5499,0.1365,116.68,111.25,13.8964,0.0411,0.1007,0.50595,0.5395,0.07282,0.13849,0.14073,1.135,0.683,0.452,142.07573333333335,22.833600000000004,139.5386666666667,0.5969591013333334,1.4612235466666668
2026,2027,Charlotte,charlotte,Cincinnati,cincinnati,2117908,Jizzle James,Junior,G,75,1.4001783333333335,player_id,Jizzle James,Cincinnati,Charlotte,17.4107,43.0,10.7272,56.0,B12,687.38,1121.271,251.0,218.0,22.0,48.0,14.0,37.0,51.0,16.0,4.0,38.0,-0.48271,1.6685,0.4388,1.2297,0.19998,104.69,104.65,11.1256,-0.0281,0.0971,0.5367,0.55116,0.13547,0.04205,0.14303,2.635,2.524,0.111,351.4447616666667,67.20856,71.40909500000001,-0.6758800832833334,2.336197549166667
2026,2027,Charlotte,charlotte,Cincinnati,cincinnati,2534544,Jordi Rodriguez,Freshman,G,78,1.4001783333333335,player_id,Jordi Rodriguez,Cincinnati,Charlotte,17.4107,43.0,10.7272,56.0,B12,120.11,212.306,34.0,35.0,10.0,7.0,5.0,12.0,17.0,3.0,0.0,5.0,-0.06375,0.2134,-0.0216,0.235,0.18226,94.71,102.77,8.1349,-0.0212,0.0711,0.4,0.43147,0.10105,0.07755,0.11261,-0.809,-1.719,0.91,47.60606333333334,9.801248333333335,23.80303166666667,-0.08926136875000001,0.2987980563333334
2026,2027,Charlotte,charlotte,Cincinnati,cincinnati,2492970,Keyshuan Tillery,Freshman,G,72,1.4001783333333335,player_id,Keyshuan Tillery,Cincinnati,Charlotte,17.4107,43.0,10.7272,56.0,B12,385.65,649.973,117.0,108.0,30.0,56.0,6.0,32.0,38.0,16.0,4.0,37.0,-0.33397,0.6756,-0.155,0.8306,0.20493,92.79,100.57,9.6865,-0.0346,0.0701,0.44444,0.48267,0.2632,0.05428,0.23388,0.441,-0.575,1.016,163.82086500000003,78.40998666666668,53.20677666666668,-0.4676175579833334,0.945960482
2026,2027,Charlotte,charlotte,Georgia Tech,georgia tech,2300865,Peyton Marshall,Sophomore,F,84,1.0537433333333335,player_id,Peyton Marshall,Georgia Tech,Charlotte,0.2246,169.0,5.7008,87.0,ACC,189.14,329.313,59.0,39.0,29.0,15.0,10.0,43.0,53.0,3.0,15.0,28.0,-0.14351,0.1187,-0.2436,0.3622,0.20568,83.96,103.26,10.954,-0.0304,0.0251,0.53846,0.5695,0.14575,0.14938,0.35105,0.691,-2.119,2.81,62.17085666666667,15.806150000000002,55.84839666666667,-0.1512227057666667,0.12507933366666668
2026,2027,Charlotte,charlotte,Cincinnati,cincinnati,2321265,Tyler McKinley,Sophomore,F,81,1.4001783333333335,player_id,Tyler McKinley,Cincinnati,Charlotte,17.4107,43.0,10.7272,56.0,B12,306.18,518.167,44.0,41.0,9.0,16.0,27.0,27.0,54.0,8.0,6.0,11.0,-0.78734,0.7659,0.1341,0.6318,0.09151,106.28,101.58,8.6772,-0.1029,0.1001,0.5122,0.48889,0.09428,0.09744,0.19657,-0.188,-0.227,0.039,61.607846666666674,22.402853333333336,75.60963000000001,-1.1024164089666668,1.0723965855000002
2026,2027,Chattanooga,chattanooga,Neb.-Kearney,neb kearney,1687870,Anthony Swift,Junior,F,79,1.0,player_id,Anthony Swift,Neb.-Kearney,Chattanooga,,,,,,0.0,0.0,0.0,0.0,0.0,0.0,0.0,0.0,0.0,0.0,0.0,0.0,0.0,0.0,0.0,0.0,,,,,,,,,,,,,,,0.0,0.0,0.0,0.0,0.0
2026,2027,Chattanooga,chattanooga,Goldey-Beacom,goldey beacom,2350431,Tre Powell,Sophomore,G,72,1.0,player_id,Tre Powell,Goldey-Beacom,Chattanooga,,,,,,0.0,0.0,0.0,0.0,0.0,0.0,0.0,0.0,0.0,0.0,0.0,0.0,0.0,0.0,0.0,0.0,,,,,,,,,,,,,,,0.0,0.0,0.0,0.0,0.0
2026,2027,Chattanooga,chattanooga,Delaware,delaware,1909448,Tyler Houser,Senior,F,81,0.7350316666666666,player_id,Tyler Houser,Delaware,Chattanooga,-11.0981,291.0,-2.8411,218.0,CUSA,833.82,1297.029,359.0,261.0,71.0,45.0,42.0,93.0,135.0,11.0,10.0,33.0,3.1756,2.4553,1.9628,0.4926,0.22494,120.79,118.07,18.9335,0.1523,0.1178,0.57663,0.61431,0.12743,0.10169,0.10146,-0.566,-0.368,-0.198,263.87636833333335,33.076425,99.229275,2.3341665606666666,1.8047232511666664
2026,2027,Chattanooga,chattanooga,Pepperdine,pepperdine,2390294,Yonatan Levy,Sophomore,F,81,0.7813566666666667,player_id,Yonatan Levy,Pepperdine,Chattanooga,-8.3186,263.0,2.5474,111.0,WCC,623.06,1060.506,149.0,119.0,40.0,50.0,26.0,92.0,118.0,23.0,6.0,44.0,-0.41667,0.7215,0.0862,0.6353,0.14669,98.96,113.28,10.2818,-0.0267,0.0463,0.4958,0.54539,0.15586,0.10944,0.24363,0.104,0.8,-0.696,116.42214333333334,39.06783333333333,92.20008666666666,-0.3255678823,0.5637488350000001
2026,2027,Chicago St.,chicago state,Charleston So.,charleston southern,2474223,Armari Carraway,Junior,G,72,0.8554833333333333,player_id,Armari Carraway,Charleston So.,Chicago St.,-6.271,236.0,-6.4574,291.0,BSth,343.5,618.908,102.0,106.0,24.0,23.0,5.0,18.0,23.0,6.0,0.0,17.0,-0.69937,0.1784,-0.1084,0.2867,0.18444,92.98,115.3,5.5268,-0.0814,0.0208,0.40094,0.43739,0.11035,0.03422,0.12728,-3.452,-2.605,-0.847,87.2593,19.676116666666665,19.676116666666665,-0.5982993788333333,0.15261822666666666
2026,2027,Chicago St.,chicago state,CSUN,cal state northridge,2474926,Davius Loury,Sophomore,F,79,0.988625,player_id,Davius Loury,CSUN,Chicago St.,-0.6825,178.0,-0.5026,160.0,BW,511.61,948.088,137.0,144.0,31.0,26.0,23.0,39.0,62.0,15.0,8.0,25.0,-0.81947,0.4185,-0.1526,0.5711,0.16448,92.77,112.13,6.2927,-0.0641,0.0327,0.40625,0.43464,0.07904,0.06371,0.13688,-0.56,-1.025,0.465,135.441625,25.70425,61.29475,-0.81014852875,0.4137395625
2026,2027,Chicago St.,chicago state,VMI,vmi,2328976,Jaylen Pazon,Sophomore,G,77,0.55,player_id,Jaylen Pazon,VMI,Chicago St.,-26.1602,360.0,-5.8423,282.0,SC,190.72,314.517,88.0,83.0,22.0,5.0,7.0,13.0,20.0,5.0,3.0,20.0,-0.98593,-0.3719,-0.3276,-0.0443,0.30873,83.97,127.26,8.6806,-0.2068,-0.078,0.42771,0.47465,0.06682,0.0576,0.17749,-2.665,-1.613,-1.052,48.400000000000006,2.75,11.0,-0.5422615000000001,-0.20454500000000003
2026,2027,Chicago St.,chicago state,Benedict,benedict,2345746,Kameron Foman,Junior,F,76,1.0,player_id,Kameron Foman,Benedict,Chicago St.,,,,,,0.0,0.0,0.0,0.0,0.0,0.0,0.0,0.0,0.0,0.0,0.0,0.0,0.0,0.0,0.0,0.0,,,,,,,,,,,,,,,0.0,0.0,0.0,0.0,0.0
2026,2027,Chicago St.,chicago state,Eastern Ill.,eastern illinois,2137291,Malik Olafioye,Sophomore,G,74,0.630705,player_id,Malik Olafioye,Eastern Ill.,Chicago St.,-14.9577,324.0,-6.4907,292.0,OVC,288.75,474.335,62.0,65.0,20.0,21.0,5.0,21.0,26.0,11.0,3.0,26.0,-1.25014,-0.1921,-0.5335,0.3414,0.1833,75.0,111.46,4.0004,-0.1732,-0.0266,0.37692,0.42005,0.15542,0.05286,0.26052,-2.101,-0.725,-1.376,39.10371,13.244805,16.398329999999998,-0.7884695487,-0.12115843049999998
2026,2027,Chicago St.,chicago state,Prairie View,prairie view a and m,2110361,Marcel Bryant,Junior,F,79,0.7507966666666667,player_id,Marcel Bryant,Prairie View,Chicago St.,-10.1522,281.0,-8.9835,335.0,SWAC,115.17,211.506,59.0,36.0,20.0,1.0,5.0,17.0,22.0,4.0,5.0,14.0,0.17825,0.2377,0.0592,0.1785,0.24575,101.68,107.37,15.5331,0.0619,0.0826,0.625,0.65848,0.0196,0.10547,0.2381,0.127,-0.818,0.945,44.297003333333336,0.7507966666666667,16.517526666666665,0.13382950583333333,0.17846436766666665
2026,2027,Chicago St.,chicago state,CSU Bakersfield,cal state bakersfield,2303083,Mike Price,Freshman,G,75,0.6209233333333334,player_id,Mike Price,CSU Bakersfield,Chicago St.,-15.5446,327.0,-0.0925,149.0,BW,527.06,933.032,186.0,195.0,22.0,21.0,4.0,25.0,29.0,18.0,1.0,34.0,-1.85314,-0.2873,-0.4539,0.1665,0.21741,87.43,121.13,6.0761,-0.1406,-0.0218,0.43846,0.45432,0.08438,0.03015,0.14245,-2.256,-1.858,-0.398,115.49174000000001,13.039390000000001,18.006776666666667,-1.1506578659333335,-0.17839127366666668
2026,2027,Chicago St.,chicago state,Union (TN),union tn,2140416,Will Lovings-Watts,Junior,,77,1.0,player_id,Will Lovings-Watts,Union (TN),Chicago St.,,,,,,0.0,0.0,0.0,0.0,0.0,0.0,0.0,0.0,0.0,0.0,0.0,0.0,0.0,0.0,0.0,0.0,,,,,,,,,,,,,,,0.0,0.0,0.0,0.0,0.0
2026,2027,Chico St.,chico state,Stanislaus St.,stanislaus state,2549376,Donjae Lindsey,Freshman,G,73,1.0,player_id,Donjae Lindsey,Stanislaus St.,Chico St.,,,,,,0.0,0.0,0.0,0.0,0.0,0.0,0.0,0.0,0.0,0.0,0.0,0.0,0.0,0.0,0.0,0.0,,,,,,,,,,,,,,,0.0,0.0,0.0,0.0,0.0
2026,2027,Chico St.,chico state,Dominican (CA),dominican ca,2119941,Michael Wilson,Junior,G,74,1.0,player_id,Michael Wilson,Dominican (CA),Chico St.,,,,,,0.0,0.0,0.0,0.0,0.0,0.0,0.0,0.0,0.0,0.0,0.0,0.0,0.0,0.0,0.0,0.0,,,,,,,,,,,,,,,0.0,0.0,0.0,0.0,0.0
2026,2027,Chowan,chowan,California (PA),california pa,2540128,Jordan Clayton,Freshman,G,74,1.0,player_id,Jordan Clayton,California (PA),Chowan,,,,,,0.0,0.0,0.0,0.0,0.0,0.0,0.0,0.0,0.0,0.0,0.0,0.0,0.0,0.0,0.0,0.0,,,,,,,,,,,,,,,0.0,0.0,0.0,0.0,0.0
2026,2027,Cincinnati,cincinnati,Utah St.,utah state,2531883,Adlan Elamin,Freshman,F,81,1.4187666666666667,player_id,Adlan Elamin,Utah St.,Cincinnati,21.526,27.0,8.2978,78.0,MWC,671.03,1117.84,222.0,178.0,43.0,32.0,25.0,82.0,107.0,24.0,14.0,27.0,1.41336,1.9905,0.8509,1.1396,0.17171,114.34,105.69,14.0533,0.0843,0.1187,0.52528,0.56374,0.08034,0.09492,0.12058,1.681,1.604,0.077,314.9662,45.400533333333335,151.80803333333333,2.005228056,2.82405505
2026,2027,Cincinnati,cincinnati,Georgia Tech,georgia tech,2474268,Akai Fleming,Freshman,G,76,1.0537433333333335,player_id,Akai Fleming,Georgia Tech,Cincinnati,0.2246,169.0,5.7008,87.0,ACC,765.63,1336.88,311.0,255.0,114.0,40.0,25.0,71.0,96.0,16.0,9.0,51.0,-0.96182,1.0394,0.25,0.7894,0.22818,100.3,113.14,11.0377,-0.0502,0.0543,0.42745,0.5095,0.09799,0.0684,0.14319,0.662,-0.68,1.342,327.71417666666673,42.14973333333334,101.15936000000002,-1.013511412866667,1.095260820666667
2026,2027,Cincinnati,cincinnati,Utah St.,utah state,2531884,David Iweze,Freshman,F,82,1.4187666666666667,player_id,David Iweze,Utah St.,Cincinnati,21.526,27.0,8.2978,78.0,MWC,0.0,0.0,0.0,0.0,0.0,0.0,0.0,0.0,0.0,0.0,0.0,0.0,0.0,0.0,0.0,0.0,,,,,,,,,,,,,,,0.0,0.0,0.0,0.0,0.0
2026,2027,Cincinnati,cincinnati,Utah St.,utah state,2531885,Elijah Perryman,Freshman,G,74,1.4187666666666667,player_id,Elijah Perryman,Utah St.,Cincinnati,21.526,27.0,8.2978,78.0,MWC,479.82,802.878,150.0,127.0,35.0,102.0,3.0,50.0,53.0,26.0,9.0,47.0,1.08739,1.2552,0.3785,0.8767,0.2024,104.88,104.25,14.6527,0.0906,0.1046,0.48031,0.52669,0.35435,0.06559,0.24815,0.377,-0.927,1.304,212.815,144.7142,75.19463333333334,1.542752685666667,1.7808359200000001
2026,2027,Cincinnati,cincinnati,Akron,akron,2266043,Eric Mahaffey,Sophomore,G,76,1.22894,player_id,Eric Mahaffey,Akron,Cincinnati,11.9364,71.0,-3.445,228.0,MAC,710.91,1241.804,258.0,181.0,57.0,51.0,62.0,122.0,184.0,22.0,18.0,29.0,3.64644,3.1297,1.873,1.2566,0.16224,131.86,104.95,19.2204,0.2052,0.1761,0.59392,0.62591,0.11187,0.14804,0.12336,5.466,3.485,1.981,317.06651999999997,62.67594,226.12496,4.4812559736,3.846213518
2026,2027,Cincinnati,cincinnati,Boston College,boston college,2128761,Jayden Hastings,Sophomore,F,81,1.0630783333333333,player_id,Jayden Hastings,Boston College,Cincinnati,0.7847,158.0,6.0956,83.0,ACC,700.28,1136.183,207.0,131.0,94.0,23.0,74.0,101.0,175.0,18.0,47.0,32.0,2.35417,2.4341,0.9982,1.4358,0.15348,116.31,101.8,17.8087,0.1345,0.139,0.61069,0.60035,0.06943,0.13702,0.15659,4.785,1.5,3.285,220.057215,24.450801666666667,186.03870833333335,2.5026671199833332,2.5876389711666667
2026,2027,Cincinnati,cincinnati,Utah St.,utah state,1890359,MJ Collins,Senior,G,76,1.4187666666666667,player_id,MJ Collins,Utah St.,Cincinnati,21.526,27.0,8.2978,78.0,MWC,1086.5,1818.93,607.0,424.0,153.0,57.0,18.0,67.0,85.0,29.0,3.0,36.0,4.65022,4.5955,3.2912,1.3043,0.24885,127.2,111.25,20.1786,0.1712,0.1692,0.56958,0.61775,0.09981,0.04646,0.06827,9.07,6.138,2.932,861.1913666666667,80.86970000000001,120.59516666666667,6.597577128666667,6.519942216666667
2026,2027,Cincinnati,cincinnati,Wake Forest,wake forest,2106197,Myles Colvin,Junior,G,77,1.256415,player_id,Myles Colvin,Wake Forest,Cincinnati,10.5849,80.0,9.9169,68.0,ACC,949.02,1601.927,405.0,305.0,115.0,48.0,44.0,109.0,153.0,41.0,11.0,61.0,2.83116,2.4221,1.3352,1.0868,0.22327,111.44,111.88,16.1346,0.1193,0.1021,0.5,0.56946,0.09447,0.09557,0.14642,0.132,0.155,-0.023,508.84807500000005,60.30792,192.231495,3.5571118914000004,3.0431627715
2026,2027,Cincinnati,cincinnati,George Mason,george mason,2106230,Riley Allenspach,Junior,F,83,1.1481616666666667,player_id,Riley Allenspach,George Mason,Cincinnati,7.0897,100.0,0.3541,142.0,A10,777.28,1229.52,424.0,284.0,123.0,27.0,61.0,129.0,190.0,18.0,8.0,40.0,5.12189,3.7141,2.3513,1.3628,0.26304,123.6,105.09,24.958,0.2636,0.1911,0.60035,0.62703,0.081,0.14728,0.10579,-0.552,1.624,-2.176,486.8205466666667,31.000365000000002,218.15071666666668,5.880757758883333,4.264387246166667
2026,2027,Cincinnati,cincinnati,North Dakota St.,north dakota state,2547286,Trevian Carson,Junior,G,75,1.0757966666666667,player_id,Trevian Carson,North Dakota St.,Cincinnati,4.5478,118.0,-5.6324,274.0,Sum,1045.04,1740.772,389.0,310.0,63.0,94.0,67.0,140.0,207.0,56.0,14.0,53.0,5.5199,4.1702,2.1086,2.0616,0.18894,120.2,102.57,19.3025,0.2113,0.1596,0.54516,0.57595,0.16397,0.11742,0.13565,4.949,3.238,1.711,418.48490333333336,101.12488666666667,222.68991000000003,5.9382900203333335,4.486287259333334
2026,2027,Cincinnati,cincinnati,Tulsa,tulsa,2090936,Tylen Riley,Junior,G,75,1.2567283333333334,player_id,Tylen Riley,Tulsa,Cincinnati,13.6037,56.0,1.9495,116.0,Amer,1017.84,1713.26,541.0,366.0,224.0,159.0,23.0,117.0,140.0,34.0,5.0,97.0,3.39093,4.0644,2.6499,1.4144,0.27972,117.24,109.17,20.4266,0.1333,0.1597,0.47404,0.58222,0.30526,0.07911,0.17273,2.744,2.54,0.204,679.8900283333334,199.81980500000003,175.94196666666667,4.26147780735,5.107846638000001
2026,2027,Cincinnati,cincinnati,Towson,towson,2118559,Tyler Tejada,Junior,G,80,1.0143516666666668,player_id,Tyler Tejada,Towson,Cincinnati,0.8611,157.0,-1.3636,179.0,CAA,1117.12,1741.953,556.0,443.0,150.0,69.0,36.0,131.0,167.0,26.0,13.0,52.0,4.32605,4.4032,2.6298,1.7734,0.26213,117.76,106.91,20.5261,0.1549,0.1577,0.47856,0.54617,0.14343,0.08331,0.09269,-1.959,-1.769,-0.19,563.9795266666667,69.99026500000001,169.39672833333336,4.388136027583334,4.466393258666667
2026,2027,Clark Atlanta,clark atlanta,Clayton St.,clayton state,1908321,Andre Young,Senior,G,71,1.0,player_id,Andre Young,Clayton St.,Clark Atlanta,,,,,,0.0,0.0,0.0,0.0,0.0,0.0,0.0,0.0,0.0,0.0,0.0,0.0,0.0,0.0,0.0,0.0,,,,,,,,,,,,,,,0.0,0.0,0.0,0.0,0.0
2026,2027,Clark Atlanta,clark atlanta,Niagara,niagara,2540484,Brian Griffith,Junior,G,70,0.5761733333333333,player_id,Brian Griffith,Niagara,Clark Atlanta,-18.2296,337.0,-8.1973,321.0,MAAC,316.9,499.497,118.0,108.0,42.0,32.0,5.0,19.0,24.0,12.0,0.0,32.0,-0.79843,-0.1835,-0.4,0.2164,0.27939,87.04,116.99,9.1793,-0.1008,-0.0232,0.39352,0.4664,0.2275,0.04783,0.20192,-1.705,-0.041,-1.664,67.98845333333333,18.437546666666666,13.82816,-0.4600340745333333,-0.10572780666666666
2026,2027,Clark Atlanta,clark atlanta,Tennessee Tech,tennessee tech,2550004,Jah'Kim Payne,Junior,G,78,0.6559716666666666,player_id,Jah'Kim Payne,Tennessee Tech,Clark Atlanta,-13.4417,316.0,-7.9331,315.0,OVC,264.4,444.158,57.0,55.0,6.0,21.0,10.0,23.0,33.0,6.0,1.0,28.0,-0.76874,-0.089,-0.3046,0.2156,0.16462,82.29,115.57,5.5981,-0.1163,-0.0135,0.48182,0.49479,0.14916,0.07225,0.32695,-2.708,-0.91,-1.798,37.390384999999995,13.775405,21.647064999999998,-0.5042716590333333,-0.05838147833333333
2026,2027,Clark Atlanta,clark atlanta,Southern Utah,southern utah,2303402,Jalen Lee,Sophomore,F,79,0.79934,player_id,Jalen Lee,Southern Utah,Clark Atlanta,-7.2396,252.0,1.7768,118.0,WAC,292.81,516.113,91.0,89.0,19.0,5.0,9.0,18.0,27.0,10.0,1.0,11.0,-0.58511,0.1467,-0.0248,0.1716,0.18331,95.85,118.11,7.8894,-0.0799,0.02,0.42697,0.46715,0.0321,0.05123,0.10151,-3.498,-2.325,-1.173,72.73994,3.9967,21.58218,-0.46770182740000005,0.11726317800000001
2026,2027,Clark Atlanta,clark atlanta,LIU,liu,2091777,Tre'shawn Sheppard,Junior,G,78,0.8934483333333333,player_id,Tre'shawn Sheppard,LIU,Clark Atlanta,-3.9931,216.0,-9.416,345.0,NEC,253.07,428.607,55.0,44.0,13.0,9.0,24.0,45.0,69.0,10.0,10.0,10.0,0.68905,0.7664,0.2482,0.5182,0.11897,113.97,101.82,14.6245,0.1089,0.1211,0.54545,0.55332,0.05994,0.15935,0.16745,0.318,1.631,-1.313,49.13965833333333,8.041034999999999,61.647935,0.6156305740833333,0.6847388026666666
2026,2027,Clayton St.,clayton state,Lane,lane,2552236,Elijah Lewis,Sophomore,G,73,1.0,player_id,Elijah Lewis,Lane,Clayton St.,,,,,,0.0,0.0,0.0,0.0,0.0,0.0,0.0,0.0,0.0,0.0,0.0,0.0,0.0,0.0,0.0,0.0,,,,,,,,,,,,,,,0.0,0.0,0.0,0.0,0.0
2026,2027,Clayton St.,clayton state,Northern Ariz.,northern arizona,2545382,Erez Poran,Freshman,G,78,0.6341100000000001,player_id,Erez Poran,Northern Ariz.,Clayton St.,-14.7534,321.0,-1.5861,189.0,BSky,57.44,88.914,6.0,10.0,0.0,1.0,4.0,6.0,10.0,2.0,0.0,2.0,-0.16701,,,0.0219,0.11686,,120.4,4.6421,-0.1163,,0.3,0.3,0.03299,0.11124,0.16667,-0.208,0.398,-0.606,3.80466,0.6341100000000001,6.341100000000001,-0.1059027111,0.0
2026,2027,Clemson,clemson,Notre Dame,notre dame,2283121,Cole Certa,Sophomore,G,77,1.2210533333333333,player_id,Cole Certa,Notre Dame,Clemson,8.4632,93.0,10.0663,66.0,ACC,831.79,1366.466,398.0,302.0,102.0,26.0,13.0,41.0,54.0,11.0,0.0,21.0,2.07428,2.4668,2.0106,0.4563,0.22983,122.89,118.51,15.4508,0.0998,0.1186,0.50828,0.57365,0.06253,0.03756,0.05708,2.331,2.763,-0.432,485.97922666666665,31.747386666666667,65.93688,2.5328065082666664,3.0120943626666667
2026,2027,Clemson,clemson,San Francisco,san francisco,2125980,David Fuchs,Junior,F,81,1.066445,player_id,David Fuchs,San Francisco,Clemson,3.9867,122.0,3.6636,102.0,WCC,684.39,1110.295,363.0,228.0,182.0,41.0,66.0,153.0,219.0,13.0,10.0,53.0,3.54274,2.575,1.5403,1.0347,0.27573,115.04,107.85,23.2554,0.2071,0.1505,0.53947,0.58909,0.13839,0.18755,0.14678,-0.302,-0.834,0.532,387.11953500000004,43.724245,233.55145500000003,3.7781373593,2.7460958750000004
2026,2027,Clemson,clemson,Samford,samford,2122528,Dylan Faulkner,Junior,F,81,0.8965883333333333,player_id,Dylan Faulkner,Samford,Clemson,-3.8047,212.0,-6.0609,284.0,SC,749.8,1253.301,484.0,297.0,212.0,50.0,73.0,169.0,242.0,15.0,43.0,40.0,6.9677,3.8989,2.6749,1.224,0.3014,123.8,106.42,31.2512,0.3717,0.208,0.61279,0.62004,0.16544,0.18445,0.09296,2.192,2.998,-0.806,433.94875333333334,44.82941666666667,216.97437666666667,6.247158530166667,3.495708252833333
2026,2027,Clemson,clemson,TCU,tcu,2349342,Liutauras Lelevicius,Junior,G,79,1.3991016666666667,player_id,Liutauras Lelevicius,TCU,Clemson,17.3461,44.0,11.8204,40.0,B12,803.86,1369.702,273.0,197.0,53.0,23.0,25.0,90.0,115.0,16.0,4.0,17.0,1.65374,2.7327,1.5665,1.1662,0.14626,129.39,108.5,14.2911,0.0823,0.136,0.5736,0.61961,0.05149,0.08307,0.07163,3.341,1.809,1.532,381.954755,32.179338333333334,160.89669166666667,2.3137503902333334,3.8233251244999997
2026,2027,Cleveland St.,cleveland state,Wright St.,wright state,2320399,Alex Bruskotter,Freshman,G,80,1.0392766666666666,player_id,Alex Bruskotter,Wright St.,Cleveland St.,2.3566,138.0,-3.6119,229.0,Horz,91.65,158.817,42.0,18.0,18.0,2.0,4.0,12.0,16.0,3.0,0.0,5.0,0.51159,0.4138,0.3117,0.1021,0.1677,142.55,112.24,20.7668,0.2233,0.1806,0.77778,0.81081,0.03573,0.10667,0.16171,0.856,1.04,-0.184,43.64962,2.0785533333333333,16.628426666666666,0.5316835499,0.43005268466666663
2026,2027,Cleveland St.,cleveland state,North Texas,north texas,2561239,Curtis Stinson Jr.,Freshman,G,77,1.0450766666666667,player_id,Curtis Stinson Jr.,North Texas,Cleveland St.,2.7046,136.0,1.0251,128.0,Amer,247.73,404.251,35.0,47.0,10.0,19.0,4.0,22.0,26.0,10.0,0.0,15.0,-1.14792,0.0637,-0.3721,0.4358,0.13864,73.19,105.05,3.8409,-0.1854,0.0103,0.2766,0.34047,0.14459,0.06035,0.2259,-0.697,-1.852,1.155,36.57768333333333,19.856456666666666,27.171993333333333,-1.1996644072,0.06657138366666668
2026,2027,Cleveland St.,cleveland state,Kent St.,kent state,2315008,Deandre Jones,Sophomore,F,80,1.011425,player_id,Deandre Jones,Kent St.,Cleveland St.,0.6855,161.0,-2.5733,212.0,MAC,9.88,17.977,2.0,1.0,0.0,0.0,2.0,2.0,4.0,0.0,0.0,1.0,-0.01497,,,0.0101,0.09233,,113.28,11.6765,-0.0606,,1.0,1.0,0.0,0.20656,0.5,,,,2.02285,0.0,4.0457,-0.01514103225,0.0
2026,2027,Cleveland St.,cleveland state,Indiana St.,indiana state,2133599,Derek Vorst,Junior,F,82,0.9072549999999999,player_id,Derek Vorst,Indiana St.,Cleveland St.,-3.1647,207.0,0.7449,133.0,MVC,432.28,725.348,161.0,102.0,74.0,27.0,25.0,53.0,78.0,9.0,12.0,20.0,0.60779,1.239,0.6558,0.5832,0.1865,115.14,109.52,15.8509,0.0562,0.1147,0.59804,0.59807,0.12393,0.10282,0.1294,-2.471,-1.741,-0.73,146.068055,24.495884999999998,70.76589,0.55142051645,1.124088945
2026,2027,Cleveland St.,cleveland state,UT Arlington,ut arlington,2540409,Jordan Lowery,Freshman,G,73,1.0174733333333332,player_id,Jordan Lowery,UT Arlington,Cleveland St.,1.0484,154.0,0.2126,148.0,WAC,462.01,742.445,132.0,121.0,34.0,36.0,6.0,32.0,38.0,17.0,1.0,28.0,-0.28113,0.8524,0.0554,0.797,0.18375,98.46,105.41,8.9769,-0.0243,0.0738,0.42975,0.48529,0.16297,0.04913,0.17077,-1.839,-1.536,-0.303,134.30648,36.629039999999996,38.66398666666666,-0.28604227819999994,0.8672942693333333
2026,2027,Cleveland St.,cleveland state,Central St. (OH),central st oh,2361391,Micah Bays,Sophomore,,74,1.0,player_id,Micah Bays,Central St. (OH),Cleveland St.,,,,,,0.0,0.0,0.0,0.0,0.0,0.0,0.0,0.0,0.0,0.0,0.0,0.0,0.0,0.0,0.0,0.0,,,,,,,,,,,,,,,0.0,0.0,0.0,0.0,0.0
2026,2027,Cleveland St.,cleveland state,South Carolina St.,south carolina state,2580040,"Owen Bronston, Jr.",Junior,G,78,0.55,player_id,"Owen Bronston, Jr.",South Carolina St.,Cleveland St.,-23.4073,356.0,-8.9989,337.0,MEAC,530.46,911.816,258.0,235.0,31.0,17.0,15.0,48.0,63.0,17.0,1.0,17.0,1.31753,0.8955,0.6242,0.2713,0.24659,108.78,118.94,14.2091,0.0993,0.0675,0.49787,0.51891,0.07831,0.0709,0.064,-2.099,-1.126,-0.973,141.9,9.350000000000001,34.650000000000006,0.7246415000000002,0.49252500000000005
2026,2027,Cleveland St.,cleveland state,Kent St.,kent state,2117906,Rayvon Griffith,Sophomore,F,79,1.011425,player_id,Rayvon Griffith,Kent St.,Cleveland St.,0.6855,161.0,-2.5733,212.0,MAC,420.06,742.21,110.0,102.0,25.0,22.0,35.0,49.0,84.0,14.0,4.0,23.0,-0.0294,0.6268,0.177,0.4497,0.15379,102.94,112.69,10.3996,-0.0028,0.0597,0.47549,0.48673,0.09498,0.10998,0.16912,-2.525,-1.848,-0.677,111.25675,22.251350000000002,84.9597,-0.029735895,0.6339611900000001
2026,2027,Coastal Carolina,coastal carolina,Memphis,memphis,2096192,Ashton Hardaway,Junior,F,80,1.0469383333333333,player_id,Ashton Hardaway,Memphis,Coastal Carolina,2.8163,133.0,5.5067,89.0,Amer,487.94,840.537,139.0,128.0,19.0,36.0,15.0,48.0,63.0,19.0,18.0,31.0,0.5787,0.7701,0.1166,0.6535,0.16444,100.24,109.64,11.2782,0.0474,0.0631,0.48828,0.50953,0.13783,0.07041,0.18523,-1.665,-1.765,0.1,145.52442833333333,37.68978,65.957115,0.6058632134999999,0.8062472105
2026,2027,Coastal Carolina,coastal carolina,Kennesaw St.,kennesaw state,2540418,Darius Washington III,Freshman,G,77,1.0198483333333332,player_id,Darius Washington III,Kennesaw St.,Coastal Carolina,1.1909,149.0,-1.5987,190.0,CUSA,306.24,542.495,94.0,78.0,39.0,33.0,16.0,27.0,43.0,6.0,1.0,19.0,-0.5102,0.5025,0.2402,0.2623,0.17443,106.38,115.08,10.2339,-0.0666,0.0656,0.4359,0.4937,0.1944,0.07461,0.16643,-1.303,-0.15,-1.153,95.86574333333333,33.654995,43.85347833333333,-0.5203266196666666,0.5124737874999999
2026,2027,Coastal Carolina,coastal carolina,Mount Olive,mount olive,2494533,Jaevian Alston,Freshman,G,78,1.0,player_id,Jaevian Alston,Mount Olive,Coastal Carolina,,,,,,0.0,0.0,0.0,0.0,0.0,0.0,0.0,0.0,0.0,0.0,0.0,0.0,0.0,0.0,0.0,0.0,,,,,,,,,,,,,,,0.0,0.0,0.0,0.0,0.0
2026,2027,Coastal Carolina,coastal carolina,Wake Forest,wake forest,2505101,Jaylen Cross,Freshman,G,76,1.256415,player_id,Jaylen Cross,Wake Forest,Coastal Carolina,10.5849,80.0,9.9169,68.0,ACC,66.63,117.587,24.0,19.0,7.0,5.0,5.0,8.0,13.0,2.0,0.0,6.0,-0.02605,0.105,0.0396,0.0654,0.20735,102.92,113.7,11.8803,-0.0156,0.063,0.5,0.54299,0.12834,0.11747,0.21368,0.37,0.484,-0.114,30.15396,6.282075000000001,16.333395,-0.03272961075,0.13192357500000002
2026,2027,Coastal Carolina,coastal carolina,Miami (OH),miami oh,2543687,Trey Perry,Freshman,G,74,1.174025,player_id,Trey Perry,Miami (OH),Coastal Carolina,8.6415,90.0,-4.3293,252.0,MAC,363.18,628.89,137.0,99.0,40.0,29.0,12.0,31.0,43.0,9.0,0.0,18.0,0.23752,1.0678,0.6348,0.433,0.19024,117.46,111.39,14.1969,0.0262,0.1176,0.53535,0.58748,0.13474,0.07067,0.13373,-1.643,-0.54,-1.103,160.84142500000002,34.046725,50.48307500000001,0.27885441800000005,1.2536238950000003
2026,2027,Coker,coker,CSUSB,csusb,2580824,Kaylon Mason,Junior,F,79,1.0,player_id,Kaylon Mason,CSUSB,Coker,,,,,,0.0,0.0,0.0,0.0,0.0,0.0,0.0,0.0,0.0,0.0,0.0,0.0,0.0,0.0,0.0,0.0,,,,,,,,,,,,,,,0.0,0.0,0.0,0.0,0.0
2026,2027,Colgate,colgate,George Mason,george mason,2495586,Isaiah Skinn,Freshman,G,72,1.1481616666666667,player_id,Isaiah Skinn,George Mason,Colgate,7.0897,100.0,0.3541,142.0,A10,0.0,0.0,0.0,0.0,0.0,0.0,0.0,0.0,0.0,0.0,0.0,0.0,0.0,0.0,0.0,0.0,,,,,,,,,,,,,,,0.0,0.0,0.0,0.0,0.0
2026,2027,Colorado,colorado,Charlotte,charlotte,2541061,David Gomez,Freshman,F,81,0.9807466666666667,player_id,David Gomez,Charlotte,Colorado,-1.1552,182.0,0.6191,135.0,Amer,39.2,63.079,10.0,7.0,0.0,1.0,1.0,6.0,7.0,1.0,3.0,1.0,0.15573,,,0.0549,0.11131,,109.03,15.7421,0.1589,,0.71429,0.71429,0.0554,0.11074,0.125,-0.066,-0.222,0.156,9.807466666666667,0.9807466666666667,6.865226666666667,0.15273167840000001,0.0
2026,2027,Colorado,colorado,UNC Greensboro,unc greensboro,1723517,Justin Neely,Senior,F,78,0.67896,player_id,Justin Neely,UNC Greensboro,Colorado,-12.0624,300.0,-6.2364,287.0,SC,1055.94,1768.225,565.0,328.0,256.0,76.0,78.0,288.0,366.0,28.0,6.0,76.0,6.72924,4.3536,3.3375,1.0161,0.25271,124.27,113.92,25.9921,0.2549,0.1649,0.5564,0.64117,0.1532,0.20128,0.1471,-1.395,0.093,-1.488,383.6124,51.60096,248.49936,4.5688847904,2.955920256
2026,2027,Colorado,colorado,North Dakota St.,north dakota state,1932417,Noah Feddersen,Junior,F,82,1.0757966666666667,player_id,Noah Feddersen,North Dakota St.,Colorado,4.5478,118.0,-5.6324,274.0,Sum,681.32,1141.22,289.0,190.0,106.0,32.0,54.0,107.0,161.0,12.0,30.0,40.0,3.03749,2.7469,1.5056,1.2412,0.20519,120.78,104.26,19.5091,0.1783,0.1613,0.54474,0.61074,0.08543,0.14008,0.14459,-0.656,0.005,-0.661,310.90523666666667,34.425493333333335,173.20326333333335,3.2677216170333336,2.955105863666667
2026,2027,Colorado Mesa,colorado mesa,Northern Colo.,northern colorado,2353097,Walker Asp,Sophomore,F,80,1.02613,player_id,Walker Asp,Northern Colo.,Colorado Mesa,1.5678,143.0,-2.6243,213.0,BSky,4.23,7.503,0.0,1.0,0.0,0.0,1.0,0.0,1.0,0.0,0.0,0.0,-0.00691,,,0.0017,0.12606,,120.18,0.0,-0.0653,,0.0,0.0,0.0,0.15109,0.0,,,,0.0,0.0,1.02613,-0.0070905583,0.0
2026,2027,Colorado St.,colorado state,Lubbock Christian,lubbock christian,1720272,Amondo Miller Jr.,Senior,G,78,1.0,player_id,Amondo Miller Jr.,Lubbock Christian,Colorado St.,,,,,,0.0,0.0,0.0,0.0,0.0,0.0,0.0,0.0,0.0,0.0,0.0,0.0,0.0,0.0,0.0,0.0,,,,,,,,,,,,,,,0.0,0.0,0.0,0.0,0.0
2026,2027,Colorado St.,colorado state,Marist,marist,2297036,Justin Menard,Sophomore,G,75,0.9119183333333333,player_id,Justin Menard,Marist,Colorado St.,-2.8849,201.0,-8.9873,336.0,MAAC,881.53,1436.845,384.0,305.0,68.0,113.0,5.0,81.0,86.0,38.0,4.0,64.0,4.07135,3.2644,1.1649,2.0995,0.23952,109.45,98.19,17.0166,0.1847,0.1481,0.52623,0.57331,0.26686,0.05601,0.16043,3.082,0.975,2.107,350.17663999999996,103.04677166666666,78.42497666666667,3.7127387064166664,2.9768662073333334
2026,2027,Columbia,columbia,San Jose St.,san jose state,2542063,Douglas Langford,Freshman,F,79,0.881115,player_id,Douglas Langford,San Jose St.,Columbia,-4.7331,222.0,7.1866,80.0,MWC,284.51,453.371,36.0,38.0,14.0,8.0,30.0,31.0,61.0,12.0,16.0,16.0,-0.24468,0.0696,-0.1201,0.1897,0.11186,89.71,117.21,8.9928,-0.0344,0.0098,0.36842,0.40724,0.05044,0.13328,0.26596,0.019,-0.223,0.242,31.72014,7.04892,53.748015,-0.2155912182,0.06132560399999999
2026,2027,Concordia-St. Paul,concordia st paul,Sioux Falls,sioux falls,2291926,Brandon Hrncir,Sophomore,F,80,1.0,player_id,Brandon Hrncir,Sioux Falls,Concordia-St. Paul,,,,,,0.0,0.0,0.0,0.0,0.0,0.0,0.0,0.0,0.0,0.0,0.0,0.0,0.0,0.0,0.0,0.0,,,,,,,,,,,,,,,0.0,0.0,0.0,0.0,0.0
2026,2027,Concordia-St. Paul,concordia st paul,Jamestown,jamestown,2559353,Luke Wherley,,F,77,1.0,player_id,Luke Wherley,Jamestown,Concordia-St. Paul,,,,,,0.0,0.0,0.0,0.0,0.0,0.0,0.0,0.0,0.0,0.0,0.0,0.0,0.0,0.0,0.0,0.0,,,,,,,,,,,,,,,0.0,0.0,0.0,0.0,0.0
2026,2027,UConn,connecticut,Arkansas,arkansas,2533584,Elmir Dzafic,Freshman,F,84,1.45,player_id,Elmir Dzafic,Arkansas,UConn,25.4725,18.0,14.8156,11.0,SEC,16.33,29.634,3.0,0.0,6.0,0.0,1.0,0.0,1.0,1.0,1.0,4.0,-0.1144,,,0.0192,0.19493,,111.59,-4.3032,-0.2802,,,0.57692,0.0,0.03503,0.60241,,,,4.35,0.0,1.45,-0.16588,0.0
2026,2027,UConn,connecticut,Northern Ariz.,northern arizona,1686901,Isaiah Shaw,Junior,G,80,0.6341100000000001,player_id,Isaiah Shaw,Northern Ariz.,UConn,-14.7534,321.0,-1.5861,189.0,BSky,498.28,807.864,208.0,145.0,61.0,15.0,14.0,41.0,55.0,11.0,15.0,32.0,0.60105,0.6687,0.5162,0.1526,0.22612,107.69,121.25,14.6908,0.0482,0.0537,0.55172,0.60536,0.06253,0.06824,0.15699,-3.855,-1.92,-1.935,131.89488,9.511650000000001,34.876050000000006,0.3811318155,0.424029357
2026,2027,UConn,connecticut,Jacksonville St.,jacksonville state,2349985,Jaye Nash,Sophomore,G,75,0.9066666666666666,player_id,Jaye Nash,Jacksonville St.,UConn,-3.2,208.0,-2.9923,220.0,CUSA,759.53,1222.932,150.0,125.0,102.0,118.0,25.0,59.0,84.0,29.0,2.0,55.0,-0.90479,1.0115,0.0125,0.9989,0.15758,97.17,109.94,9.5131,-0.0476,0.0533,0.312,0.44144,0.29267,0.06512,0.24457,1.468,1.024,0.444,136.0,106.98666666666666,76.16,-0.8203429333333333,0.9170933333333333
2026,2027,UConn,connecticut,Seton Hall,seton hall,2548059,Najai Hines,Freshman,F,82,1.3481750000000001,player_id,Najai Hines,Seton Hall,UConn,16.0905,51.0,9.0536,73.0,BE,559.43,905.284,200.0,133.0,58.0,18.0,75.0,95.0,170.0,12.0,69.0,25.0,4.81697,2.7886,1.3026,1.486,0.16758,126.34,94.96,24.6503,0.3444,0.1994,0.6015,0.63091,0.06501,0.17551,0.13622,3.407,1.305,2.102,269.63500000000005,24.26715,229.18975000000003,6.4941185297500015,3.7595208050000006
2026,2027,UConn,connecticut,Duke,duke,2561475,Nikolas Khamenia,Freshman,G,80,1.45,player_id,Nikolas Khamenia,Duke,UConn,37.3719,3.0,14.2162,18.0,ACC,753.42,1227.214,218.0,169.0,49.0,39.0,35.0,89.0,124.0,23.0,3.0,30.0,1.14934,2.8194,1.0905,1.7289,0.14969,119.2,99.14,12.6536,0.061,0.1497,0.54734,0.57188,0.08481,0.09472,0.13602,5.678,1.999,3.679,316.09999999999997,56.55,179.79999999999998,1.6665429999999999,4.08813
2026,2027,UConn,connecticut,Wofford,wofford,2106183,Nils Machowski,Junior,G,75,0.8004033333333334,player_id,Nils Machowski,Wofford,UConn,-7.1758,251.0,-7.7174,311.0,SC,1038.48,1736.103,533.0,400.0,124.0,77.0,42.0,134.0,176.0,17.0,16.0,54.0,4.67757,3.1677,2.5051,0.6627,0.24985,119.22,117.52,19.7239,0.1802,0.122,0.54375,0.58623,0.14689,0.0979,0.10618,-0.634,1.1,-1.734,426.6149766666667,61.631056666666666,140.87098666666668,3.7439426199000003,2.535437639
2026,2027,UConn,connecticut,Stanford,stanford,2484137,Oskar Giltay,Freshman,F,82,1.2936783333333335,player_id,Oskar Giltay,Stanford,UConn,12.8207,63.0,8.4233,76.0,ACC,465.74,757.852,107.0,67.0,40.0,11.0,54.0,78.0,132.0,21.0,39.0,21.0,2.30541,1.6441,0.694,0.9501,0.11622,122.33,101.91,18.3986,0.198,0.1412,0.62687,0.63239,0.04341,0.16931,0.19886,-0.291,-1.223,0.932,138.42358166666668,14.230461666666669,170.76554000000002,2.9824589664500007,2.1269365478333335
2026,2027,Coppin St.,coppin state,Merrimack,merrimack,2289538,Brendan Johnson,Sophomore,G,76,0.9895266666666667,player_id,Brendan Johnson,Merrimack,Coppin St.,-0.6284,177.0,-5.8089,281.0,MAAC,36.96,58.68,8.0,13.0,2.0,0.0,0.0,1.0,1.0,1.0,0.0,2.0,-0.31382,-0.1132,-0.1527,0.0396,0.23667,55.03,112.69,-5.5683,-0.3396,-0.1225,0.23077,0.28777,0.0,0.01641,0.12594,-0.635,0.028,-0.663,7.916213333333333,0.0,0.9895266666666667,-0.3105332585333333,-0.11201441866666666
2026,2027,Cornell,cornell,Lock Haven,lock haven,2555465,Luke Kennevan,Freshman,G,75,1.0,player_id,Luke Kennevan,Lock Haven,Cornell,,,,,,0.0,0.0,0.0,0.0,0.0,0.0,0.0,0.0,0.0,0.0,0.0,0.0,0.0,0.0,0.0,0.0,,,,,,,,,,,,,,,0.0,0.0,0.0,0.0,0.0
2026,2027,Cornell College,cornell college,D'Youville,dyouville,2337545,Lucus Brown,Sophomore,G,72,1.0,player_id,Lucus Brown,D'Youville,Cornell College,,,,,,0.0,0.0,0.0,0.0,0.0,0.0,0.0,0.0,0.0,0.0,0.0,0.0,0.0,0.0,0.0,0.0,,,,,,,,,,,,,,,0.0,0.0,0.0,0.0,0.0
2026,2027,Creighton,creighton,San Diego St.,san diego state,2092594,BJ Davis,Junior,G,74,1.339445,player_id,BJ Davis,San Diego St.,Creighton,16.7667,49.0,8.6625,74.0,MWC,717.79,1209.852,353.0,253.0,114.0,68.0,17.0,84.0,101.0,35.0,4.0,31.0,4.06287,3.2575,1.8394,1.4181,0.23909,121.77,102.6,20.3204,0.2264,0.1815,0.50593,0.58212,0.18703,0.08298,0.09277,5.286,2.003,3.283,472.824085,91.08226,135.283945,5.44199090715,4.3632420875
2026,2027,Creighton,creighton,TCU,tcu,2490634,Kayden Edwards,Freshman,G,74,1.3991016666666667,player_id,Kayden Edwards,TCU,Creighton,17.3461,44.0,11.8204,40.0,B12,89.03,152.421,45.0,38.0,4.0,8.0,1.0,8.0,9.0,1.0,0.0,5.0,0.20219,0.2377,0.1277,0.11,0.24257,110.92,110.89,15.4821,0.0908,0.1068,0.57895,0.56533,0.17683,0.05864,0.11171,-0.159,-0.044,-0.115,62.959575,11.192813333333334,12.591915,0.28288436598333333,0.3325664661666667
2026,2027,Creighton,creighton,Providence,providence,2298456,Oswin Erhunmwunse,Sophomore,F,82,1.2827883333333334,player_id,Oswin Erhunmwunse,Providence,Creighton,12.1673,67.0,11.0749,51.0,BE,825.71,1450.559,229.0,147.0,59.0,26.0,99.0,176.0,275.0,10.0,70.0,46.0,3.14905,2.5111,1.3845,1.1266,0.12916,122.98,109.46,18.0299,0.1525,0.1216,0.67347,0.66185,0.05264,0.18367,0.21008,5.108,2.455,2.653,293.75852833333335,33.35249666666667,352.7667916666667,4.039564601083334,3.2212097838333333
2026,2027,Creighton,creighton,South Fla.,south florida,2199223,Wes Enis,Junior,G,74,1.3416183333333334,player_id,Wes Enis,South Fla.,Creighton,16.8971,47.0,3.8094,101.0,Amer,1088.64,1944.658,525.0,445.0,86.0,78.0,19.0,95.0,114.0,33.0,2.0,52.0,2.29268,3.399,1.8847,1.5143,0.22459,115.82,109.14,14.5222,0.0842,0.1249,0.51124,0.5437,0.13274,0.05303,0.09723,1.721,1.511,0.21,704.3496250000001,104.64623,152.94449,3.0759015204666666,4.560160715
2026,2027,CSU Pueblo,csu pueblo,UCCS,uccs,2147466,Marzouq Ibn Abdur-Razaaq,Sophomore,F,78,1.0,player_id,Marzouq Ibn Abdur-Razaaq,UCCS,CSU Pueblo,,,,,,0.0,0.0,0.0,0.0,0.0,0.0,0.0,0.0,0.0,0.0,0.0,0.0,0.0,0.0,0.0,0.0,,,,,,,,,,,,,,,0.0,0.0,0.0,0.0,0.0
2026,2027,CUI,cui,Grand Canyon,grand canyon,2478451,Cole Pepe,Freshman,G,76,1.25546,player_id,Cole Pepe,Grand Canyon,CUI,13.5276,57.0,3.8097,100.0,MWC,10.12,17.099,3.0,3.0,0.0,0.0,1.0,2.0,3.0,0.0,0.0,0.0,0.03889,,,0.0193,0.146,,103.34,11.1188,0.1537,,0.5,0.5,0.0,0.18069,0.0,,,,3.76638,0.0,3.76638,0.0488248394,0.0
2026,2027,CUI,cui,Montana,montana,1930779,Tyler Isaak,Junior,G,75,0.96652,player_id,Tyler Isaak,Montana,CUI,-2.0088,190.0,-0.6378,163.0,BSky,660.98,1160.725,169.0,125.0,53.0,60.0,7.0,73.0,80.0,19.0,3.0,30.0,0.06494,1.3475,0.6001,0.7474,0.14074,110.89,112.02,10.5514,0.0039,0.0815,0.496,0.56979,0.15782,0.07172,0.16824,-3.08,-1.636,-1.444,163.34188,57.991200000000006,77.3216,0.0627658088,1.3023857
2026,2027,Daemen,daemen,Charleston (WV),charleston wv,2119877,Trevor Barrett,Sophomore,G,76,1.0,player_id,Trevor Barrett,Charleston (WV),Daemen,,,,,,0.0,0.0,0.0,0.0,0.0,0.0,0.0,0.0,0.0,0.0,0.0,0.0,0.0,0.0,0.0,0.0,,,,,,,,,,,,,,,0.0,0.0,0.0,0.0,0.0
2026,2027,Dartmouth,dartmouth,Niagara,niagara,2321014,Landon Williams,Freshman,G,76,0.5761733333333333,player_id,Landon Williams,Niagara,Dartmouth,-18.2296,337.0,-8.1973,321.0,MAAC,531.67,803.527,126.0,111.0,8.0,21.0,2.0,57.0,59.0,15.0,9.0,25.0,-0.4276,0.3771,-0.0871,0.4641,0.14948,94.38,114.86,9.1814,-0.0322,0.0284,0.54054,0.55022,0.0818,0.07071,0.17919,-1.069,-0.81,-0.259,72.59783999999999,12.099639999999999,33.99422666666666,-0.24637171733333332,0.217274964
2026,2027,Davidson,davidson,Butler,butler,2472767,Jackson Keith,Freshman,F,77,1.2434033333333334,player_id,Jackson Keith,Butler,Davidson,9.8042,84.0,10.0079,67.0,BE,222.9,384.582,51.0,43.0,14.0,6.0,9.0,36.0,45.0,2.0,2.0,4.0,-0.32014,0.4306,0.191,0.2396,0.11765,114.06,112.68,9.4198,-0.0574,0.0773,0.5,0.51829,0.04637,0.11299,0.07524,2.81,0.809,2.001,63.41357000000001,7.460420000000001,55.95315,-0.39806314313333335,0.5354094753333334
2026,2027,Davidson,davidson,St. Thomas (MN),saint thomas,2291439,Nick Janowski,Freshman,G,76,1.08197,player_id,Nick Janowski,St. Thomas (MN),Davidson,4.9182,115.0,-5.6435,275.0,Sum,998.92,1704.524,519.0,389.0,106.0,66.0,29.0,125.0,154.0,24.0,7.0,39.0,4.49214,3.6324,2.221,1.4114,0.25035,117.89,108.89,20.2232,0.1799,0.1455,0.57969,0.59573,0.12495,0.09376,0.08217,-1.268,-0.659,-0.609,561.5424300000001,71.41002,166.62338000000003,4.860360715800001,3.9301478280000004
2026,2027,Davidson,davidson,Longwood,longwood,2538810,Quadri Bashiru,Freshman,F,82,0.7710183333333334,player_id,Quadri Bashiru,Longwood,Davidson,-8.9389,270.0,-8.4407,327.0,BSth,0.0,0.0,0.0,0.0,0.0,0.0,0.0,0.0,0.0,0.0,0.0,0.0,0.0,0.0,0.0,0.0,,,,,,,,,,,,,,,0.0,0.0,0.0,0.0,0.0
2026,2027,Davis & Elkins,davis and elkins,Ill. Springfield,ill springfield,2538889,Marlon Williams,Junior,F,79,1.0,player_id,Marlon Williams,Ill. Springfield,Davis & Elkins,,,,,,0.0,0.0,0.0,0.0,0.0,0.0,0.0,0.0,0.0,0.0,0.0,0.0,0.0,0.0,0.0,0.0,,,,,,,,,,,,,,,0.0,0.0,0.0,0.0,0.0
2026,2027,Dayton,dayton,Quinnipiac,quinnipiac,2350354,Grant Randall,Sophomore,F,81,0.8918649999999999,player_id,Grant Randall,Quinnipiac,Dayton,-4.0881,217.0,-7.5332,307.0,MAAC,988.18,1674.694,358.0,267.0,97.0,24.0,67.0,140.0,207.0,29.0,23.0,17.0,4.36726,3.8065,2.1723,1.6342,0.16186,128.45,106.14,17.7272,0.1768,0.1541,0.53558,0.57798,0.04604,0.1171,0.05204,-1.232,-1.083,-0.149,319.28767,21.404759999999996,184.616055,3.8950063398999997,3.3948841224999997
2026,2027,Dayton,dayton,Cincinnati,cincinnati,1689901,Jalen Haynes,Senior,F,80,1.4001783333333335,player_id,Jalen Haynes,Cincinnati,Dayton,17.4107,43.0,10.7272,56.0,B12,0.0,0.0,0.0,0.0,0.0,0.0,0.0,0.0,0.0,0.0,0.0,0.0,0.0,0.0,0.0,0.0,,,,,,,,,,,,,,,0.0,0.0,0.0,0.0,0.0
2026,2027,Dayton,dayton,Marshall,marshall,2560961,Landen Joseph,Freshman,G,74,0.9062483333333333,player_id,Landen Joseph,Marshall,Dayton,-3.2251,209.0,-4.5008,255.0,SB,536.14,935.63,236.0,175.0,46.0,61.0,19.0,58.0,77.0,36.0,7.0,35.0,2.96351,1.8408,1.1113,0.7296,0.2123,118.83,109.51,19.6203,0.2211,0.1373,0.58,0.60451,0.20101,0.07895,0.15202,1.033,1.934,-0.901,213.87460666666666,55.281148333333334,69.78112166666666,2.6856759983166665,1.668221932
2026,2027,Dayton,dayton,Ole Miss,mississippi,2319784,Travis Perry,Sophomore,G,73,1.29263,player_id,Travis Perry,Ole Miss,Dayton,12.7578,64.0,14.1129,20.0,SEC,576.75,971.511,184.0,166.0,25.0,37.0,6.0,51.0,57.0,29.0,4.0,17.0,1.68872,1.1978,0.531,0.6668,0.17353,109.47,111.73,12.2801,0.1171,0.0831,0.48795,0.51977,0.11411,0.05631,0.08763,2.111,0.969,1.142,237.84392,47.82731,73.67990999999999,2.1828901336,1.5483122139999999
2026,2027,Dayton,dayton,Murray St.,murray state,2481899,Tristian Ford,Freshman,G,75,1.059785,player_id,Tristian Ford,Murray St.,Dayton,3.5871,127.0,1.0872,126.0,MVC,0.0,0.0,0.0,0.0,0.0,0.0,0.0,0.0,0.0,0.0,0.0,0.0,0.0,0.0,0.0,0.0,,,,,,,,,,,,,,,0.0,0.0,0.0,0.0,0.0
2026,2027,Dayton,dayton,Marquette,marquette,2128699,Zaide Lowery,Junior,G,77,1.2473,player_id,Zaide Lowery,Marquette,Dayton,10.038,83.0,11.1206,50.0,BE,254.51,450.476,89.0,89.0,12.0,19.0,14.0,18.0,32.0,12.0,1.0,13.0,0.14463,0.3775,0.0784,0.2991,0.20048,100.3,111.51,12.0089,0.0227,0.0593,0.44382,0.4719,0.14316,0.06883,0.12118,2.082,0.183,1.899,111.00970000000001,23.698700000000002,39.9136,0.18039699900000003,0.47085575
2026,2027,Delaware,delaware,Nevada,nevada,2143526,Chuck Bailey III,Junior,G,76,1.2287700000000001,player_id,Chuck Bailey III,Nevada,Delaware,11.9262,72.0,6.03,84.0,MWC,593.24,959.067,207.0,194.0,39.0,34.0,20.0,58.0,78.0,14.0,3.0,16.0,-0.08365,1.3188,0.5626,0.7562,0.19961,108.35,110.45,11.7695,-0.0056,0.0889,0.45876,0.49006,0.11591,0.07765,0.07043,2.304,0.893,1.411,254.35539000000003,41.778180000000006,95.84406000000001,-0.10278661050000001,1.620501876
2026,2027,Delaware,delaware,Georgetown,georgetown,2110161,DeShawn Harris-Smith,Junior,G,77,1.2685333333333335,player_id,DeShawn Harris-Smith,Georgetown,Delaware,11.312,74.0,10.6841,57.0,BE,98.5,165.601,31.0,20.0,10.0,3.0,5.0,10.0,15.0,4.0,0.0,4.0,-0.01349,0.275,0.1482,0.1268,0.14478,119.84,110.3,14.4847,-0.0055,0.1117,0.6,0.63525,0.06059,0.08538,0.14085,1.47,0.265,1.205,39.32453333333334,3.8056000000000005,19.028000000000002,-0.01711251466666667,0.34884666666666675
2026,2027,Delaware,delaware,Manhattan,manhattan,1916285,Devin Dinkins,Senior,G,70,0.6092766666666666,player_id,Devin Dinkins,Manhattan,Delaware,-16.2434,329.0,-8.2003,322.0,MAAC,1051.22,1747.821,369.0,288.0,131.0,79.0,12.0,38.0,50.0,32.0,1.0,56.0,-1.16764,1.0507,0.8994,0.1513,0.19695,106.85,123.06,11.5051,-0.0444,0.04,0.44097,0.53385,0.14694,0.02707,0.13943,-4.833,-2.035,-2.798,224.82308999999998,48.13285666666666,30.46383333333333,-0.7114158070666665,0.6401669936666665
2026,2027,Delaware,delaware,Morgan St.,morgan state,2477338,Eugene Alvin,Junior,F,79,0.55,player_id,Eugene Alvin,Morgan St.,Delaware,-21.6445,353.0,-12.8849,363.0,MEAC,513.53,883.434,195.0,155.0,58.0,10.0,35.0,58.0,93.0,18.0,13.0,23.0,1.16186,1.0297,0.4651,0.5647,0.19526,107.75,112.38,14.1864,0.0905,0.0802,0.51613,0.54017,0.04369,0.1007,0.11301,-2.968,-0.031,-2.937,107.25000000000001,5.5,51.150000000000006,0.639023,0.566335
2026,2027,Delaware,delaware,Little Rock,little rock,2149053,Kachi Nzeh,Junior,F,80,0.662565,player_id,Kachi Nzeh,Little Rock,Delaware,-13.0461,310.0,-6.7833,293.0,OVC,860.87,1424.423,348.0,278.0,69.0,42.0,44.0,96.0,140.0,22.0,28.0,53.0,2.1412,1.8558,0.8987,0.9571,0.21487,108.16,112.23,15.7909,0.0995,0.0862,0.53957,0.5642,0.0984,0.09249,0.14667,-1.824,-0.968,-0.856,230.57261999999997,27.82773,92.75909999999999,1.418684178,1.2295881269999998
2026,2027,Delaware,delaware,Boston College,boston college,2303673,Nick Petronio,Freshman,G,75,1.0630783333333333,player_id,Nick Petronio,Boston College,Delaware,0.7847,158.0,6.0956,83.0,ACC,0.0,0.0,0.0,0.0,0.0,0.0,0.0,0.0,0.0,0.0,0.0,0.0,0.0,0.0,0.0,0.0,,,,,,,,,,,,,,,0.0,0.0,0.0,0.0,0.0
2026,2027,Delaware,delaware,Saint Joseph's,saint josephs,2322191,Steven Solano,Sophomore,F,84,1.0953133333333334,player_id,Steven Solano,Saint Joseph's,Delaware,5.7188,106.0,2.9029,104.0,A10,29.96,51.825,9.0,6.0,2.0,1.0,5.0,4.0,9.0,0.0,1.0,3.0,-0.02612,0.0667,0.0205,0.0461,0.15854,105.15,107.49,13.7814,-0.0349,0.089,0.66667,0.65217,0.06891,0.15321,0.30364,-1.77,-0.892,-0.878,9.85782,1.0953133333333334,9.85782,-0.02860958426666667,0.07305739933333333
2026,2027,Delaware St.,delaware state,Franklin Pierce,franklin pierce,2107244,Anthony Parker,Sophomore,G,75,1.0,player_id,Anthony Parker,Franklin Pierce,Delaware St.,,,,,,0.0,0.0,0.0,0.0,0.0,0.0,0.0,0.0,0.0,0.0,0.0,0.0,0.0,0.0,0.0,0.0,,,,,,,,,,,,,,,0.0,0.0,0.0,0.0,0.0
2026,2027,Delaware St.,delaware state,Bridgeport,bridgeport,1925011,Isaiah Sullivan,Junior,F,79,1.0,player_id,Isaiah Sullivan,Bridgeport,Delaware St.,,,,,,0.0,0.0,0.0,0.0,0.0,0.0,0.0,0.0,0.0,0.0,0.0,0.0,0.0,0.0,0.0,0.0,,,,,,,,,,,,,,,0.0,0.0,0.0,0.0,0.0
2026,2027,Delaware St.,delaware state,Wilmington (DE),wilmington de,2360058,Tre Hawkins,Sophomore,F,79,1.0,player_id,Tre Hawkins,Wilmington (DE),Delaware St.,,,,,,0.0,0.0,0.0,0.0,0.0,0.0,0.0,0.0,0.0,0.0,0.0,0.0,0.0,0.0,0.0,0.0,,,,,,,,,,,,,,,0.0,0.0,0.0,0.0,0.0
2026,2027,Denver,denver,Kansas City,umkc,2313872,Babacar Mbengue,Sophomore,F,84,0.55,player_id,Babacar Mbengue,Kansas City,Denver,-25.4268,358.0,-2.1913,203.0,Sum,195.2,337.163,29.0,24.0,19.0,7.0,9.0,27.0,36.0,1.0,18.0,11.0,-0.54695,-0.059,-0.1768,0.1178,0.11116,79.81,117.91,7.0881,-0.1121,-0.0121,0.5,0.44753,0.06698,0.10159,0.25369,-2.183,-1.967,-0.216,15.950000000000001,3.8500000000000005,19.8,-0.30082250000000005,-0.03245
2026,2027,Denver,denver,Western Caro.,western carolina,2283317,CJ Hyland,Sophomore,G,73,0.8691933333333333,player_id,CJ Hyland,Western Caro.,Denver,-5.4484,227.0,-4.0804,243.0,SC,258.9,444.473,90.0,77.0,35.0,18.0,3.0,20.0,23.0,8.0,2.0,22.0,-0.74058,0.1087,-0.0523,0.161,0.21596,94.84,117.69,8.3431,-0.1144,0.0168,0.4026,0.48701,0.12151,0.04969,0.19231,-0.737,-0.965,0.228,78.22739999999999,15.64548,19.991446666666665,-0.6437071987999999,0.09448131533333333
2026,2027,Denver,denver,Edward Waters,edward waters,2357346,Jaelen Nelson,Sophomore,G,76,1.0,player_id,Jaelen Nelson,Edward Waters,Denver,,,,,,0.0,0.0,0.0,0.0,0.0,0.0,0.0,0.0,0.0,0.0,0.0,0.0,0.0,0.0,0.0,0.0,,,,,,,,,,,,,,,0.0,0.0,0.0,0.0,0.0
2026,2027,Denver,denver,NJIT,njit,2337454,Jordan Rogers,Sophomore,F,78,0.59924,player_id,Jordan Rogers,NJIT,Denver,-16.8456,332.0,-9.4685,347.0,AE,856.85,1418.229,183.0,147.0,37.0,69.0,41.0,124.0,165.0,28.0,20.0,50.0,0.93889,1.6478,0.3797,1.2681,0.13039,103.95,108.19,12.156,0.0438,0.0769,0.53741,0.56032,0.16309,0.10702,0.23443,-1.256,-1.33,0.074,109.66092,41.34756,98.8746,0.5626204436,0.9874276719999999
2026,2027,Denver,denver,Samford,samford,2302578,Kam Martin,Sophomore,G,76,0.8965883333333333,player_id,Kam Martin,Samford,Denver,-3.8047,212.0,-6.0609,284.0,SC,494.85,829.657,159.0,128.0,41.0,21.0,11.0,52.0,63.0,10.0,1.0,16.0,-0.11617,0.909,0.4706,0.4384,0.17123,109.93,114.76,10.987,-0.0094,0.0735,0.48828,0.54452,0.07893,0.07255,0.09874,-4.424,-2.271,-2.153,142.557545,18.828355,56.485065,-0.10415666668333333,0.814998795
2026,2027,Denver,denver,MSU Denver,msu denver,1909539,Logan Threatt,Sophomore,G,75,1.0,player_id,Logan Threatt,MSU Denver,Denver,,,,,,0.0,0.0,0.0,0.0,0.0,0.0,0.0,0.0,0.0,0.0,0.0,0.0,0.0,0.0,0.0,0.0,,,,,,,,,,,,,,,0.0,0.0,0.0,0.0,0.0
2026,2027,Denver,denver,Temple,temple,2093272,Spencer Mahoney,Sophomore,F,81,1.0130116666666666,player_id,Spencer Mahoney,Temple,Denver,0.7807,159.0,-1.4871,184.0,Amer,59.98,91.8,2.0,11.0,2.0,1.0,1.0,3.0,4.0,1.0,0.0,2.0,-0.41605,-0.163,-0.2081,0.0451,0.12201,27.85,116.28,-6.5988,-0.2775,-0.1087,0.0,0.08403,0.02608,0.03959,0.14409,-1.14,0.24,-1.38,2.0260233333333333,1.0130116666666666,4.052046666666667,-0.42146350391666665,-0.16512090166666668
2026,2027,Denver,denver,North Florida,north florida,2475163,Trey Cady,Freshman,F,80,0.5887533333333334,player_id,Trey Cady,North Florida,Denver,-17.4748,335.0,-3.6392,231.0,ASun,309.09,552.354,143.0,114.0,50.0,8.0,15.0,42.0,57.0,4.0,6.0,19.0,-0.19728,0.1617,0.1864,-0.0247,0.24927,102.59,125.56,12.8753,-0.0255,0.0209,0.46491,0.52574,0.05087,0.10383,0.12258,-6.432,-4.207,-2.225,84.19172666666667,4.710026666666667,33.55894,-0.11614925760000001,0.09520141400000001
2026,2027,DePaul,depaul,Tulsa,tulsa,2540544,Ade Popoola,Junior,G,77,1.2567283333333334,player_id,Ade Popoola,Tulsa,DePaul,13.6037,56.0,1.9495,116.0,Amer,1050.59,1766.951,392.0,308.0,51.0,47.0,29.0,118.0,147.0,50.0,9.0,46.0,4.21864,3.2494,1.6086,1.6408,0.18166,117.18,107.25,15.2355,0.1606,0.1237,0.57305,0.59322,0.08177,0.08048,0.1222,3.115,3.251,-0.136,492.6375066666667,59.066231666666674,184.739065,5.301684416133334,4.083613046333334
2026,2027,DePaul,depaul,Wofford,wofford,2285477,Kahmare Holmes,Sophomore,G,75,0.8004033333333334,player_id,Kahmare Holmes,Wofford,DePaul,-7.1758,251.0,-7.7174,311.0,SC,807.7,1349.19,495.0,350.0,177.0,68.0,30.0,114.0,144.0,47.0,7.0,46.0,5.40594,3.0786,2.1507,0.9279,0.29778,117.51,111.81,25.017,0.2677,0.1525,0.54143,0.57841,0.18385,0.10169,0.09707,1.225,1.474,-0.249,396.19965,54.42742666666667,115.25808,4.3269323958,2.464121702
2026,2027,DePaul,depaul,UTRGV,ut rio grande valley,2112507,Koree Cotton,Junior,G,78,1.0769233333333332,player_id,Koree Cotton,UTRGV,DePaul,4.6154,117.0,-1.456,183.0,Slnd,861.28,1398.621,437.0,311.0,124.0,78.0,28.0,141.0,169.0,31.0,35.0,78.0,5.06153,3.0967,1.3199,1.7768,0.27587,109.64,101.64,20.4107,0.2351,0.1438,0.54823,0.59765,0.1892,0.1155,0.17585,3.123,0.563,2.56,470.6154966666666,84.00001999999999,182.0000433333333,5.450879759366667,3.3349084863333327
2026,2027,DePaul,depaul,San Diego St.,san diego state,2092598,Magoon Gwath,Sophomore,F,84,1.339445,player_id,Magoon Gwath,San Diego St.,DePaul,16.7667,49.0,8.6625,74.0,MWC,460.57,782.303,207.0,145.0,66.0,7.0,41.0,62.0,103.0,11.0,37.0,35.0,2.53935,1.4951,0.5182,0.977,0.22995,108.02,100.98,19.1163,0.2205,0.1299,0.57586,0.59483,0.03069,0.12815,0.16743,0.705,-0.429,1.134,277.265115,9.376115,137.962835,3.4013196607500005,2.0026042195000002
2026,2027,DePaul,depaul,Arizona St.,arizona state,2548118,Noah Meeusen,Sophomore,G,77,1.2867133333333334,player_id,Noah Meeusen,Arizona St.,DePaul,12.4028,66.0,14.133,19.0,B12,819.16,1408.882,177.0,146.0,41.0,79.0,19.0,76.0,95.0,41.0,7.0,39.0,0.84005,1.444,0.5723,0.8716,0.12405,108.91,112.8,10.9944,0.041,0.0705,0.48973,0.53963,0.16749,0.06746,0.19208,2.578,1.434,1.144,227.74826000000002,101.65035333333334,122.23776666666667,1.0809035356666667,1.8580140533333334
2026,2027,DePaul,depaul,Fresno St.,fresno state,2543791,Wilson Jacques,Freshman,F,84,1.0549433333333333,player_id,Wilson Jacques,Fresno St.,DePaul,3.2966,129.0,4.7529,96.0,MWC,856.36,1456.837,277.0,221.0,79.0,32.0,96.0,176.0,272.0,26.0,24.0,50.0,2.58642,2.5726,0.9083,1.6643,0.18261,109.36,102.98,16.9606,0.1208,0.1202,0.49321,0.54144,0.07413,0.18276,0.16353,2.095,1.612,0.483,292.21930333333336,33.75818666666667,286.9445866666667,2.7285265362,2.7139472193333334
2026,2027,Detroit Mercy,detroit,Augusta,augusta,2357143,Elías Pálsson,Sophomore,G,80,1.0,player_id,Elías Pálsson,Augusta,Detroit Mercy,,,,,,0.0,0.0,0.0,0.0,0.0,0.0,0.0,0.0,0.0,0.0,0.0,0.0,0.0,0.0,0.0,0.0,,,,,,,,,,,,,,,0.0,0.0,0.0,0.0,0.0
2026,2027,Detroit Mercy,detroit,Wayne St. (MI),wayne st mi,2138714,Jordan Briggs,Junior,G,72,1.0,player_id,Jordan Briggs,Wayne St. (MI),Detroit Mercy,,,,,,0.0,0.0,0.0,0.0,0.0,0.0,0.0,0.0,0.0,0.0,0.0,0.0,0.0,0.0,0.0,0.0,,,,,,,,,,,,,,,0.0,0.0,0.0,0.0,0.0
2026,2027,Utah Tech,dixie state,Portland St.,portland state,2333321,Alex Dupre,Freshman,G,77,1.020835,player_id,Alex Dupre,Portland St.,Utah Tech,1.2501,148.0,-2.4912,210.0,BSky,435.41,745.655,84.0,81.0,29.0,16.0,13.0,33.0,46.0,4.0,6.0,13.0,-1.10311,0.5967,0.03,0.5667,0.12484,98.22,110.1,5.306,-0.1013,0.0548,0.37037,0.44776,0.06195,0.06218,0.12177,-2.336,-1.491,-0.845,85.75013999999999,16.33336,46.95841,-1.12609329685,0.6091322444999999
2026,2027,Utah Tech,dixie state,Valparaiso,valparaiso,2536615,Mark Brown,Junior,G,72,1.0107966666666666,player_id,Mark Brown,Valparaiso,Utah Tech,0.6478,163.0,0.2345,147.0,MVC,295.77,482.18,63.0,88.0,18.0,26.0,6.0,18.0,24.0,18.0,1.0,15.0,-0.45268,-0.0002,-0.4596,0.4594,0.19442,78.51,107.37,5.0725,-0.0612,0.0,0.29545,0.32847,0.17321,0.04523,0.13523,-0.992,-1.277,0.285,63.680189999999996,26.28071333333333,24.259119999999996,-0.45756743506666664,-0.00020215933333333333
2026,2027,Utah Tech,dixie state,Stonehill,stonehill,1909057,Rex Sunderland,Senior,G,77,0.59199,player_id,Rex Sunderland,Stonehill,Utah Tech,-17.2806,333.0,-10.5414,352.0,NEC,847.73,1382.838,148.0,167.0,33.0,99.0,10.0,100.0,110.0,37.0,13.0,76.0,-1.74378,0.3633,-1.3156,1.6789,0.16032,76.82,102.48,5.8826,-0.0823,0.0171,0.38323,0.40771,0.23092,0.07279,0.29512,-1.029,-1.311,0.282,87.61452,58.60701,65.1189,-1.0323003222,0.215069967
2026,2027,Dominican (NY),dominican ny,Iona,iona,2474870,Marko Pandiloski,Freshman,G,78,0.7944433333333334,player_id,Marko Pandiloski,Iona,Dominican (NY),-7.5334,256.0,-8.7473,329.0,MAAC,0.0,0.0,0.0,0.0,0.0,0.0,0.0,0.0,0.0,0.0,0.0,0.0,0.0,0.0,0.0,0.0,,,,,,,,,,,,,,,0.0,0.0,0.0,0.0,0.0
2026,2027,Drake,drake,Wichita St.,wichita state,2483435,Dre Kindell,Junior,G,71,1.2225300000000001,player_id,Dre Kindell,Wichita St.,Drake,11.5518,73.0,2.418,112.0,Amer,593.66,983.574,199.0,146.0,75.0,78.0,16.0,40.0,56.0,22.0,4.0,35.0,0.618,2.0155,1.0257,0.9899,0.17747,117.5,106.08,14.8518,0.0416,0.1358,0.47603,0.55587,0.23316,0.05043,0.16355,2.22,1.103,1.117,243.28347000000002,95.35734000000001,68.46168,0.7555235400000001,2.464009215
2026,2027,Drake,drake,Denver,denver,2493724,Gabe Oldham,Junior,F,80,0.8557633333333333,player_id,Gabe Oldham,Denver,Drake,-6.2542,235.0,-2.1995,204.0,Sum,744.56,1261.045,160.0,100.0,42.0,29.0,91.0,126.0,217.0,19.0,12.0,25.0,1.08966,1.9169,1.5814,0.3354,0.0975,136.9,119.63,15.9469,0.0585,0.103,0.7,0.67511,0.06437,0.16946,0.17424,-1.0,1.075,-2.075,136.92213333333333,24.817136666666666,185.70064333333332,0.9324910738000001,1.6404127336666667
2026,2027,Drake,drake,Morehead St.,morehead state,2550003,Jon Carroll,Junior,F,79,0.74494,player_id,Jon Carroll,Morehead St.,Drake,-10.5036,283.0,-7.3832,305.0,OVC,749.8,1225.696,321.0,208.0,118.0,19.0,94.0,148.0,242.0,25.0,16.0,39.0,4.14208,3.0328,1.9292,1.1037,0.20459,124.44,108.27,22.8013,0.221,0.1618,0.56731,0.61755,0.05412,0.18439,0.13047,-1.755,1.041,-2.796,239.12574,14.153860000000002,180.27548000000002,3.0856010752,2.2592540320000003
2026,2027,Duke,duke,Belmont,belmont,2113899,Drew Scharnowski,Sophomore,F,81,1.2293266666666667,player_id,Drew Scharnowski,Belmont,Duke,11.9596,69.0,-0.669,164.0,MVC,653.16,1116.364,322.0,191.0,140.0,78.0,63.0,118.0,181.0,23.0,39.0,53.0,5.2052,3.1686,1.7915,1.377,0.23922,121.08,101.0,25.1948,0.3188,0.194,0.68325,0.63737,0.22188,0.16411,0.17343,-0.854,0.875,-1.729,395.84318666666667,95.88748,222.50812666666667,6.398891165333333,3.8952444760000002
2026,2027,Duke,duke,Loyola Maryland,loyola md,2118751,Jacob Theodosiou,Junior,G,76,0.6309250000000001,player_id,Jacob Theodosiou,Loyola Maryland,Duke,-14.9445,323.0,-9.6172,348.0,PL,582.16,984.917,319.0,237.0,119.0,65.0,13.0,74.0,87.0,42.0,4.0,63.0,2.43896,1.2132,0.4474,0.7657,0.31173,102.45,109.94,20.322,0.1676,0.0834,0.50211,0.55114,0.24583,0.08636,0.17879,-3.752,-3.566,-0.186,201.26507500000002,41.010125,54.89047500000001,1.538800838,0.7654382100000001
2026,2027,Duke,duke,Wisconsin,wisconsin,2093083,John Blackwell,Junior,G,76,1.45,player_id,John Blackwell,Wisconsin,Duke,23.0859,23.0,13.5941,24.0,B10,1147.96,1923.023,650.0,461.0,184.0,79.0,41.0,131.0,172.0,38.0,3.0,57.0,5.56588,4.6586,3.3374,1.3212,0.26554,122.52,111.8,21.1842,0.1939,0.1623,0.53362,0.59963,0.13357,0.08605,0.09516,3.615,2.322,1.293,942.5,114.55,249.4,8.070526,6.754969999999999
2026,2027,Duquesne,duquesne,Oregon,oregon,2543874,Ege Demir,Junior,F,83,1.1679833333333334,player_id,Ege Demir,Oregon,Duquesne,7.079,101.0,12.4195,34.0,B10,166.5,274.844,42.0,45.0,7.0,5.0,31.0,36.0,67.0,7.0,9.0,14.0,0.42224,0.2221,-0.0826,0.3047,0.18608,91.74,104.14,15.7369,0.1014,0.0534,0.44444,0.43659,0.05919,0.22956,0.22552,-0.558,-1.045,0.487,49.0553,5.839916666666667,78.25488333333334,0.4931692826666667,0.2594090983333333
2026,2027,Duquesne,duquesne,Virginia Tech,virginia tech,2327273,Izaiah Pasha,Sophomore,G,76,1.3014033333333335,player_id,Izaiah Pasha,Virginia Tech,Duquesne,13.2842,60.0,9.3722,72.0,ACC,147.47,243.566,36.0,40.0,13.0,12.0,2.0,13.0,15.0,6.0,4.0,11.0,-0.53775,-0.0128,-0.2199,0.2071,0.19525,80.01,108.98,6.7372,-0.1459,-0.0035,0.3625,0.39387,0.13478,0.05877,0.19394,-1.553,-1.607,0.054,46.85052,15.616840000000002,19.521050000000002,-0.6998296425,-0.016657962666666668
2026,2027,Duquesne,duquesne,West Ga.,west georgia,2160430,Josh Smith,Junior,G,76,0.6691716666666667,player_id,Josh Smith,West Ga.,Duquesne,-12.6497,306.0,-7.0028,296.0,ASun,789.05,1354.737,462.0,403.0,124.0,60.0,12.0,44.0,56.0,23.0,3.0,42.0,0.64012,1.4248,1.0436,0.3812,0.31122,107.08,119.26,16.4942,0.0325,0.0722,0.4603,0.50481,0.1556,0.0399,0.08407,-0.099,-0.086,-0.013,309.15731000000005,40.1503,37.47361333333333,0.4283501672666667,0.9534357906666668
2026,2027,Duquesne,duquesne,Oregon St.,oregon state,2112509,Stephen Olowoniyi,Sophomore,F,80,0.9856483333333333,player_id,Stephen Olowoniyi,Oregon St.,Duquesne,-0.8611,179.0,2.6949,106.0,WCC,37.02,60.738,11.0,12.0,2.0,0.0,1.0,3.0,4.0,0.0,2.0,2.0,-0.23147,-0.0348,-0.0629,0.0281,0.21912,77.86,116.21,5.6709,-0.2501,-0.0376,0.41667,0.42636,0.0,0.06753,0.13441,0.091,0.014,0.077,10.842131666666667,0.0,3.9425933333333334,-0.22814801971666668,-0.034300562
2026,2027,Duquesne,duquesne,Queens (NC),queens,2314230,Yoav Berman,Sophomore,G,78,0.9705233333333333,player_id,Yoav Berman,Queens (NC),Duquesne,-1.7686,186.0,-5.1015,266.0,ASun,999.25,1724.041,417.0,314.0,145.0,123.0,31.0,101.0,132.0,32.0,14.0,57.0,2.18061,2.4046,2.0066,0.398,0.21782,117.22,120.22,16.6863,0.0873,0.0963,0.48089,0.55188,0.20748,0.07774,0.13109,2.512,1.927,0.585,404.70822999999996,119.37437,128.10908,2.1163328859,2.3337204073333333
2026,2027,D'Youville,dyouville,Tiffin,tiffin,2348358,Michael Lucarotti,Senior,G,78,1.0,player_id,Michael Lucarotti,Tiffin,D'Youville,,,,,,0.0,0.0,0.0,0.0,0.0,0.0,0.0,0.0,0.0,0.0,0.0,0.0,0.0,0.0,0.0,0.0,,,,,,,,,,,,,,,0.0,0.0,0.0,0.0,0.0
2026,2027,East Carolina,east carolina,Charleston So.,charleston southern,1928894,Brycen Blaine,Junior,G,77,0.8554833333333333,player_id,Brycen Blaine,Charleston So.,East Carolina,-6.271,236.0,-6.4574,291.0,BSth,643.43,1158.6,390.0,322.0,87.0,61.0,24.0,133.0,157.0,30.0,4.0,75.0,2.7119,1.5418,0.3767,1.165,0.32224,101.14,104.36,18.0518,0.1686,0.0958,0.50155,0.54122,0.1958,0.12283,0.1723,-0.575,-1.14,0.565,333.63849999999996,52.184483333333326,134.31088333333332,2.3199852516666666,1.3189842033333332
2026,2027,East Carolina,east carolina,Kent St.,kent state,2134408,Cian Medley,Junior,G,71,1.011425,player_id,Cian Medley,Kent St.,East Carolina,0.6855,161.0,-2.5733,212.0,MAC,1054.63,1838.1,338.0,282.0,123.0,191.0,7.0,67.0,74.0,39.0,2.0,98.0,-0.57135,1.549,0.6462,0.9027,0.19579,103.52,115.09,10.6616,-0.0217,0.0587,0.4344,0.50283,0.32238,0.03878,0.22574,1.918,2.007,-0.089,341.86165,193.182175,74.84545,-0.57787767375,1.566697325
2026,2027,East Carolina,east carolina,Fordham,fordham,1733391,Demitri Gardner,Senior,G,76,1.01191,player_id,Demitri Gardner,Fordham,East Carolina,0.7146,160.0,-2.1844,202.0,A10,502.33,843.569,200.0,158.0,37.0,17.0,16.0,25.0,41.0,14.0,6.0,28.0,0.12935,0.8858,0.5595,0.3264,0.20201,110.14,117.4,13.4646,0.0103,0.0705,0.53165,0.57372,0.06721,0.04534,0.13842,1.637,1.32,0.317,202.382,17.20247,41.488310000000006,0.1308905585,0.8963498780000001
2026,2027,East Carolina,east carolina,California (PA),california pa,2355498,Jordyn Buchanan,Sophomore,G,77,1.0,player_id,Jordyn Buchanan,California (PA),East Carolina,,,,,,0.0,0.0,0.0,0.0,0.0,0.0,0.0,0.0,0.0,0.0,0.0,0.0,0.0,0.0,0.0,0.0,,,,,,,,,,,,,,,0.0,0.0,0.0,0.0,0.0
2026,2027,East Carolina,east carolina,Louisiana Tech,louisiana tech,2126317,Kaden Cooper,Junior,G,77,0.9551516666666666,player_id,Kaden Cooper,Louisiana Tech,East Carolina,-2.6909,197.0,-3.0304,222.0,CUSA,672.06,1074.42,221.0,187.0,64.0,28.0,52.0,144.0,196.0,37.0,14.0,37.0,3.26218,2.1602,0.5047,1.6555,0.19421,105.58,96.94,18.3488,0.1942,0.1286,0.47861,0.51348,0.08488,0.16436,0.14673,-0.986,-2.755,1.769,211.08851833333333,26.744246666666665,187.20972666666665,3.115876663966666,2.0633186303333333
2026,2027,East Carolina,east carolina,UTEP,utep,1890676,Kaseem Watson,Junior,F,81,0.7636216666666668,player_id,Kaseem Watson,UTEP,East Carolina,-9.3827,275.0,-0.4242,157.0,CUSA,902.14,1457.156,349.0,301.0,83.0,36.0,37.0,98.0,135.0,25.0,9.0,47.0,1.18789,1.5219,0.5264,0.9955,0.22919,102.86,112.34,13.7442,0.0527,0.0675,0.46346,0.51704,0.08988,0.08835,0.12223,0.287,-0.062,0.349,266.50396166666667,27.490380000000002,103.08892500000002,0.9070985416166667,1.1621558145000002
2026,2027,East Carolina,east carolina,Arizona St.,arizona state,2393606,Trevor Best,Sophomore,G,75,1.2867133333333334,player_id,Trevor Best,Arizona St.,East Carolina,12.4028,66.0,14.133,19.0,B12,104.22,182.544,23.0,22.0,11.0,2.0,3.0,8.0,11.0,1.0,0.0,6.0,-0.5124,-0.0536,-0.1039,0.0503,0.15553,82.33,119.28,2.9742,-0.1967,-0.0206,0.36364,0.4291,0.03316,0.05988,0.1827,-2.525,-1.515,-1.01,29.594406666666668,2.5734266666666668,14.153846666666666,-0.6593119119999999,-0.06896783466666667
2026,2027,ETSU,east tennessee state,Southeast Mo. St.,southeast missouri state,2143406,BJ Ward,Junior,G,72,0.8606883333333333,player_id,BJ Ward,Southeast Mo. St.,ETSU,-5.9587,232.0,-8.4165,326.0,OVC,926.31,1578.978,342.0,315.0,63.0,107.0,23.0,39.0,62.0,23.0,3.0,64.0,0.42749,1.6562,0.4929,1.1633,0.22183,102.27,110.6,11.3275,0.0185,0.0715,0.4619,0.49898,0.22808,0.04018,0.15736,-0.509,-0.028,-0.481,294.35541,92.09365166666666,53.362676666666665,0.36793565561666663,1.4254720176666664
2026,2027,ETSU,east tennessee state,South Alabama,south alabama,2281196,Jayden Cooper,Junior,G,74,0.9528033333333333,player_id,Jayden Cooper,South Alabama,ETSU,-2.8318,199.0,-5.5539,272.0,SB,949.96,1530.632,348.0,312.0,65.0,30.0,15.0,68.0,83.0,33.0,3.0,25.0,0.96991,1.6791,0.6319,1.0472,0.21132,104.55,112.4,13.1608,0.0408,0.0707,0.48878,0.51086,0.0626,0.0497,0.06838,0.98,0.213,0.767,331.57556,28.5841,79.08267666666667,0.9241334810333334,1.599852077
2026,2027,ETSU,east tennessee state,Wingate,wingate,2147097,Kendall Campbell,Junior,F,80,1.0,player_id,Kendall Campbell,Wingate,ETSU,,,,,,0.0,0.0,0.0,0.0,0.0,0.0,0.0,0.0,0.0,0.0,0.0,0.0,0.0,0.0,0.0,0.0,,,,,,,,,,,,,,,0.0,0.0,0.0,0.0,0.0
2026,2027,ETSU,east tennessee state,Wake Forest,wake forest,2125514,Marqus Marion,Junior,F,80,1.256415,player_id,Marqus Marion,Wake Forest,ETSU,10.5849,80.0,9.9169,68.0,ACC,241.76,425.906,29.0,25.0,13.0,14.0,19.0,26.0,45.0,9.0,7.0,5.0,0.06836,0.5112,0.2356,0.2756,0.07283,120.96,111.94,10.2397,0.0113,0.0846,0.42,0.47231,0.0911,0.10882,0.13998,3.032,0.69,2.342,36.436035000000004,17.58981,56.538675000000005,0.08588852940000001,0.642279348
2026,2027,ETSU,east tennessee state,Weber St.,weber state,2326108,Trevor Hennig,Sophomore,G,76,0.9112416666666666,player_id,Trevor Hennig,Weber St.,ETSU,-2.9255,202.0,-2.479,209.0,BSky,601.28,1030.818,229.0,187.0,72.0,37.0,11.0,54.0,65.0,14.0,4.0,37.0,-0.82015,0.7448,0.2882,0.4566,0.21193,102.18,116.19,11.704,-0.0546,0.0495,0.49198,0.52355,0.11512,0.06263,0.14471,-0.621,0.045,-0.666,208.67434166666666,33.715941666666666,59.23070833333333,-0.7473548529166667,0.6786927933333333
2026,2027,ETSU,east tennessee state,UT Arlington,ut arlington,2319738,Tyran Mason,Sophomore,G,78,1.0174733333333332,player_id,Tyran Mason,UT Arlington,ETSU,1.0484,154.0,0.2126,148.0,WAC,495.67,799.645,182.0,148.0,50.0,13.0,29.0,69.0,98.0,17.0,2.0,23.0,0.94871,1.5109,0.5186,0.9924,0.20161,109.12,102.32,14.8806,0.0766,0.1219,0.5,0.53529,0.06015,0.1181,0.11917,-1.939,-1.683,-0.256,185.18014666666664,13.227153333333332,99.71238666666666,0.9652871260666667,1.537300459333333
2026,2027,Eastern Ill.,eastern illinois,East Central,east central,2117638,Jaden Miller,Junior,G,73,1.0,player_id,Jaden Miller,East Central,Eastern Ill.,,,,,,0.0,0.0,0.0,0.0,0.0,0.0,0.0,0.0,0.0,0.0,0.0,0.0,0.0,0.0,0.0,0.0,,,,,,,,,,,,,,,0.0,0.0,0.0,0.0,0.0
2026,2027,Eastern Ky.,eastern kentucky,West Florida,west florida,2116981,Aric Demings,Sophomore,G,72,1.0,player_id,Aric Demings,West Florida,Eastern Ky.,,,,,,0.0,0.0,0.0,0.0,0.0,0.0,0.0,0.0,0.0,0.0,0.0,0.0,0.0,0.0,0.0,0.0,,,,,,,,,,,,,,,0.0,0.0,0.0,0.0,0.0
2026,2027,Eastern Ky.,eastern kentucky,Rhode Island,rhode island,2322230,Damone King,Freshman,G,74,1.045215,player_id,Damone King,Rhode Island,Eastern Ky.,2.7129,135.0,0.7494,132.0,A10,169.13,275.376,51.0,47.0,7.0,4.0,3.0,9.0,12.0,7.0,2.0,6.0,-0.04076,0.3226,0.066,0.2565,0.17401,102.38,107.64,10.7191,-0.0096,0.0763,0.47872,0.50898,0.04719,0.04416,0.10699,-3.008,-2.22,-0.788,53.305965,4.18086,12.542580000000001,-0.0426029634,0.337186359
2026,2027,Eastern Ky.,eastern kentucky,Louisville,louisville,2483440,Mouhamed Camara,Freshman,F,80,1.45,player_id,Mouhamed Camara,Louisville,Eastern Ky.,24.5674,19.0,12.6381,32.0,ACC,0.0,0.0,0.0,0.0,0.0,0.0,0.0,0.0,0.0,0.0,0.0,0.0,0.0,0.0,0.0,0.0,,,,,,,,,,,,,,,0.0,0.0,0.0,0.0,0.0
2026,2027,Eastern Ky.,eastern kentucky,LIU,liu,2303405,Shadrak Lasu,Sophomore,F,81,0.8934483333333333,player_id,Shadrak Lasu,LIU,Eastern Ky.,-3.9931,216.0,-9.416,345.0,NEC,756.1,1256.21,171.0,124.0,47.0,12.0,75.0,102.0,177.0,10.0,47.0,27.0,1.46721,2.1833,0.9263,1.257,0.11569,119.4,106.12,13.6406,0.0776,0.1155,0.56855,0.59088,0.02726,0.13586,0.15727,-0.982,-1.539,0.557,152.779665,10.72138,158.140355,1.3108763291499999,1.9506657461666665
2026,2027,Eastern Mich.,eastern michigan,Longwood,longwood,2133732,Emanuel Richards,Junior,G,76,0.7710183333333334,player_id,Emanuel Richards,Longwood,Eastern Mich.,-8.9389,270.0,-8.4407,327.0,BSth,764.05,1296.932,275.0,227.0,85.0,29.0,25.0,69.0,94.0,28.0,6.0,44.0,-0.37076,1.4641,0.4344,1.0297,0.20123,103.62,109.69,11.5996,-0.0194,0.0766,0.46916,0.52005,0.07535,0.07351,0.14267,-5.163,-2.686,-2.477,212.03004166666668,22.35953166666667,72.47572333333333,-0.28586275726666666,1.1288479418333333
2026,2027,Eastern Mich.,eastern michigan,New Haven,new haven,2117622,Jabri Fitzpatrick,Junior,,74,0.6128966666666668,player_id,Jabri Fitzpatrick,New Haven,Eastern Mich.,-16.0262,328.0,-9.6484,350.0,NEC,998.43,1555.665,430.0,329.0,141.0,72.0,15.0,112.0,127.0,45.0,2.0,62.0,2.94687,2.4659,0.824,1.6419,0.26,104.2,106.29,17.3637,0.1181,0.0988,0.4924,0.54987,0.17939,0.07995,0.13685,-2.561,-2.795,0.234,263.54556666666673,44.12856000000001,77.83787666666667,1.8061268001000004,1.5113418903333335
2026,2027,Eastern Mich.,eastern michigan,William & Mary,william and mary,2125520,Kilian Brockhoff,Junior,F,80,1.0226383333333333,player_id,Kilian Brockhoff,William & Mary,Eastern Mich.,1.3583,145.0,-2.4783,208.0,CAA,663.73,1199.361,312.0,236.0,86.0,60.0,17.0,85.0,102.0,26.0,24.0,69.0,1.28465,1.2258,0.2085,1.0173,0.25527,99.79,107.65,14.4869,0.0774,0.0739,0.52542,0.56976,0.17371,0.08785,0.20126,-0.177,-0.798,0.621,319.06316,61.3583,104.30911,1.3137323349166667,1.2535500689999999
2026,2027,Eastern Mich.,eastern michigan,Quincy,quincy,2359220,Max Booher,Sophomore,G,76,1.0,player_id,Max Booher,Quincy,Eastern Mich.,,,,,,0.0,0.0,0.0,0.0,0.0,0.0,0.0,0.0,0.0,0.0,0.0,0.0,0.0,0.0,0.0,0.0,,,,,,,,,,,,,,,0.0,0.0,0.0,0.0,0.0
2026,2027,Eastern Mich.,eastern michigan,Lake Superior St.,lake superior state,2098200,Omar Suleiman,Sophomore,F,78,1.0,player_id,Omar Suleiman,Lake Superior St.,Eastern Mich.,,,,,,0.0,0.0,0.0,0.0,0.0,0.0,0.0,0.0,0.0,0.0,0.0,0.0,0.0,0.0,0.0,0.0,,,,,,,,,,,,,,,0.0,0.0,0.0,0.0,0.0
2026,2027,Eastern Wash.,eastern washington,Western Mich.,western michigan,2143488,Jalen Griffith,Junior,G,70,0.7637783333333333,player_id,Jalen Griffith,Western Mich.,Eastern Wash.,-9.3733,274.0,-1.7056,193.0,MAC,560.72,946.251,283.0,228.0,53.0,84.0,6.0,33.0,39.0,15.0,0.0,42.0,1.67291,1.3088,1.0891,0.2197,0.26368,113.39,120.27,17.3606,0.1193,0.0934,0.52412,0.56307,0.31807,0.03945,0.14319,-1.008,1.09,-2.098,216.14926833333334,64.15738,29.787355,1.2777324116166666,0.9996330826666666
2026,2027,Eastern Wash.,eastern washington,Kennesaw St.,kennesaw state,2334143,Jamil Miller,,F,78,1.0198483333333332,player_id,Jamil Miller,Kennesaw St.,Eastern Wash.,1.1909,149.0,-1.5987,190.0,CUSA,0.0,0.0,0.0,0.0,0.0,0.0,0.0,0.0,0.0,0.0,0.0,0.0,0.0,0.0,0.0,0.0,,,,,,,,,,,,,,,0.0,0.0,0.0,0.0,0.0
2026,2027,Elon,elon,Indiana St.,indiana state,2110195,Hunter Harding,Sophomore,F,84,0.9072549999999999,player_id,Hunter Harding,Indiana St.,Elon,-3.1647,207.0,0.7449,133.0,MVC,78.0,130.446,22.0,12.0,3.0,5.0,1.0,10.0,11.0,3.0,2.0,5.0,0.00897,0.2014,0.0759,0.1255,0.12393,115.13,106.6,12.4469,0.0046,0.1033,0.875,0.82707,0.11182,0.08528,0.27293,-0.605,0.796,-1.401,19.959609999999998,4.536275,9.979804999999999,0.00813807735,0.18272115699999997
2026,2027,Elon,elon,East Carolina,east carolina,2284672,Isaiah Mbeng,Sophomore,G,73,0.841305,player_id,Isaiah Mbeng,East Carolina,Elon,-7.1217,249.0,-0.4504,158.0,Amer,687.85,1165.927,135.0,140.0,26.0,78.0,12.0,50.0,62.0,25.0,1.0,51.0,-1.1831,0.1116,-0.4429,0.5545,0.14586,87.63,115.66,6.6176,-0.0688,0.0065,0.42143,0.44584,0.2075,0.05037,0.25193,-1.987,-0.942,-1.045,113.57617499999999,65.62179,52.16091,-0.9953479455,0.093889638
2026,2027,Elon,elon,LMU (CA),loyola marymount,2474098,Joshua Dalton,Freshman,F,82,1.0094666666666667,player_id,Joshua Dalton,LMU (CA),Elon,0.568,165.0,0.2503,145.0,WCC,348.19,579.837,94.0,73.0,18.0,14.0,16.0,47.0,63.0,4.0,1.0,11.0,0.37343,0.8786,0.4315,0.4472,0.13827,117.0,110.22,11.724,0.0429,0.1009,0.55479,0.58096,0.07294,0.10531,0.11967,-1.703,-1.018,-0.685,94.88986666666668,14.132533333333335,63.5964,0.37696513733333337,0.8869174133333334
2026,2027,Elon,elon,Barry,barry,2148450,Marko Sarenac,Junior,F,82,1.0,player_id,Marko Sarenac,Barry,Elon,,,,,,0.0,0.0,0.0,0.0,0.0,0.0,0.0,0.0,0.0,0.0,0.0,0.0,0.0,0.0,0.0,0.0,,,,,,,,,,,,,,,0.0,0.0,0.0,0.0,0.0
2026,2027,Elon,elon,Charlotte,charlotte,2541054,Raúl Villar,Freshman,G,75,0.9807466666666667,player_id,Raúl Villar,Charlotte,Elon,-1.1552,182.0,0.6191,135.0,Amer,382.46,598.727,104.0,67.0,54.0,39.0,16.0,35.0,51.0,18.0,1.0,18.0,0.7021,1.0924,0.722,0.3704,0.15354,122.57,113.86,14.9804,0.0734,0.1142,0.44776,0.57269,0.18578,0.08079,0.1655,-0.412,0.459,-0.871,101.99765333333333,38.24912,50.01808,0.6885822346666666,1.0713676586666667
2026,2027,Evansville,evansville,NIU,northern illinois,2543678,Gustav Winther,Freshman,F,82,0.5893499999999999,player_id,Gustav Winther,NIU,Evansville,-17.439,334.0,-1.5094,187.0,MAC,604.4,1020.644,222.0,138.0,88.0,24.0,49.0,67.0,116.0,10.0,17.0,40.0,0.18328,1.1797,0.7466,0.4331,0.18049,111.9,116.61,15.3636,0.0121,0.0781,0.63406,0.62818,0.0951,0.11385,0.18457,-2.406,1.016,-3.422,130.83569999999997,14.144399999999997,68.3646,0.10801606799999999,0.6952561949999999
2026,2027,Evansville,evansville,Fla. Atlantic,florida atlantic,2313747,Max Langenfeld,Freshman,F,78,1.0598283333333334,player_id,Max Langenfeld,Fla. Atlantic,Evansville,3.5897,126.0,1.9615,115.0,Amer,103.58,186.588,36.0,39.0,4.0,7.0,2.0,8.0,10.0,3.0,1.0,8.0,-0.11686,0.0331,-0.0953,0.1284,0.22807,87.69,110.78,7.1806,-0.0451,0.0128,0.4359,0.44118,0.11818,0.05337,0.16407,-1.947,-0.477,-1.47,38.15382,7.418798333333333,10.598283333333335,-0.12385153903333335,0.03508031783333333
2026,2027,Fairfield,fairfield,Boston College,boston college,2534673,Marko Radunovic,Freshman,F,78,1.0630783333333333,player_id,Marko Radunovic,Boston College,Fairfield,0.7847,158.0,6.0956,83.0,ACC,166.48,272.131,39.0,52.0,10.0,4.0,10.0,22.0,32.0,2.0,2.0,14.0,-0.87365,-0.2057,-0.455,0.2492,0.22054,69.0,107.97,1.9846,-0.2099,-0.0494,0.30769,0.34574,0.04766,0.10471,0.19886,0.957,-1.497,2.454,41.460055,4.252313333333333,34.01850666666667,-0.9287583859166667,-0.21867521316666666
2026,2027,Fairfield,fairfield,Mercyhurst,mercyhurst,2287899,Qadir Martin,Sophomore,F,77,0.7436916666666668,player_id,Qadir Martin,Mercyhurst,Fairfield,-10.5785,285.0,-10.9797,354.0,NEC,1023.86,1619.965,388.0,283.0,84.0,34.0,71.0,155.0,226.0,28.0,82.0,30.0,6.57523,4.2379,2.0698,2.1681,0.18833,121.51,101.12,22.3889,0.2569,0.1656,0.59717,0.60625,0.07063,0.13378,0.08572,-0.802,0.597,-1.399,288.55236666666667,25.28551666666667,168.07431666666668,4.889943757416668,3.1516909141666667
2026,2027,FDU,fairleigh dickinson,Saint Peter's,saint peters,2540691,Bol Agu,Junior,F,80,0.7993216666666667,player_id,Bol Agu,Saint Peter's,FDU,-7.2407,253.0,-8.0176,317.0,MAAC,191.58,311.17,54.0,49.0,12.0,4.0,19.0,20.0,39.0,12.0,7.0,3.0,0.89784,0.6602,0.2842,0.376,0.15249,119.34,102.76,16.6403,0.1875,0.1379,0.45918,0.49724,0.04434,0.11795,0.05237,-1.523,-0.337,-1.186,43.16337,3.197286666666667,31.173545,0.7176629652000001,0.5277121643333333
2026,2027,FDU,fairleigh dickinson,Queens (NC),queens,2549965,Danzelle Bullock Coles,Freshman,G,77,0.9705233333333333,player_id,Danzelle Bullock Coles,Queens (NC),FDU,-1.7686,186.0,-5.1015,266.0,ASun,0.0,0.0,0.0,0.0,0.0,0.0,0.0,0.0,0.0,0.0,0.0,0.0,0.0,0.0,0.0,0.0,,,,,,,,,,,,,,,0.0,0.0,0.0,0.0,0.0
2026,2027,FDU,fairleigh dickinson,Ga. Southwestern,ga southwestern,1924262,JR Jacobs,Junior,G,71,1.0,player_id,JR Jacobs,Ga. Southwestern,FDU,,,,,,0.0,0.0,0.0,0.0,0.0,0.0,0.0,0.0,0.0,0.0,0.0,0.0,0.0,0.0,0.0,0.0,,,,,,,,,,,,,,,0.0,0.0,0.0,0.0,0.0
2026,2027,FDU,fairleigh dickinson,Pepperdine,pepperdine,2127713,Pavle Stosic,Sophomore,F,81,0.7813566666666667,player_id,Pavle Stosic,Pepperdine,FDU,-8.3186,263.0,2.5474,111.0,WCC,482.78,818.014,99.0,85.0,35.0,20.0,53.0,57.0,110.0,11.0,14.0,19.0,0.03561,0.6973,0.3041,0.3931,0.12516,107.24,115.57,11.3431,0.003,0.0578,0.47059,0.49303,0.07972,0.13166,0.15913,1.656,0.336,1.32,77.35431,15.627133333333333,85.94923333333334,0.027824110900000004,0.5448400036666667
2026,2027,FDU,fairleigh dickinson,Austin Peay,austin peay,2474116,Travis Torain,Sophomore,G,78,0.9947733333333333,player_id,Travis Torain,Austin Peay,FDU,-0.3136,172.0,-6.8697,294.0,ASun,169.01,292.587,34.0,26.0,4.0,1.0,13.0,32.0,45.0,5.0,3.0,7.0,-0.17032,0.4074,0.1269,0.2805,0.10276,112.54,106.11,11.2582,-0.0403,0.0964,0.57692,0.61151,0.00981,0.15486,0.20138,0.648,-0.861,1.509,33.822293333333334,0.9947733333333333,44.7648,-0.1694297941333333,0.40527065599999995
2026,2027,Fairmont St.,fairmont state,Concord,concord,2560053,Anfernee Hanna,Junior,F,78,1.0,player_id,Anfernee Hanna,Concord,Fairmont St.,,,,,,0.0,0.0,0.0,0.0,0.0,0.0,0.0,0.0,0.0,0.0,0.0,0.0,0.0,0.0,0.0,0.0,,,,,,,,,,,,,,,0.0,0.0,0.0,0.0,0.0
2026,2027,Fairmont St.,fairmont state,ULM,louisiana monroe,2492284,Dylan Diaz,Junior,G,74,0.55,player_id,Dylan Diaz,ULM,Fairmont St.,-21.1017,352.0,-4.0088,240.0,SB,489.71,856.097,134.0,107.0,28.0,23.0,8.0,33.0,41.0,11.0,3.0,21.0,-0.47355,0.2331,0.2579,-0.0248,0.14461,105.31,125.23,9.1444,-0.0387,0.019,0.52804,0.56161,0.09223,0.04732,0.14966,0.05,0.046,0.004,73.7,12.65,22.55,-0.26045250000000003,0.128205
2026,2027,Fairmont St.,fairmont state,USC Aiken,usc aiken,2305271,Jackson Roberts,Freshman,F,83,1.0,player_id,Jackson Roberts,USC Aiken,Fairmont St.,,,,,,0.0,0.0,0.0,0.0,0.0,0.0,0.0,0.0,0.0,0.0,0.0,0.0,0.0,0.0,0.0,0.0,,,,,,,,,,,,,,,0.0,0.0,0.0,0.0,0.0
2026,2027,Fayetteville St.,fayetteville state,Bowie St.,bowie state,2348477,Joseph Allen,Junior,G,77,1.0,player_id,Joseph Allen,Bowie St.,Fayetteville St.,,,,,,0.0,0.0,0.0,0.0,0.0,0.0,0.0,0.0,0.0,0.0,0.0,0.0,0.0,0.0,0.0,0.0,,,,,,,,,,,,,,,0.0,0.0,0.0,0.0,0.0
2026,2027,Ferris St.,ferris state,Wright St.,wright state,2320406,Ayden Davis,Freshman,F,82,1.0392766666666666,player_id,Ayden Davis,Wright St.,Ferris St.,2.3566,138.0,-3.6119,229.0,Horz,0.87,1.546,0.0,0.0,0.0,0.0,0.0,0.0,0.0,0.0,0.0,0.0,-0.00801,,,0.0005,0.0,,117.98,-17.6506,-0.3683,,,,0.0,0.0,,,,,0.0,0.0,0.0,-0.0083246061,0.0
2026,2027,Ferris St.,ferris state,Central Mich.,central michigan,1943501,Jorden Brooks,Junior,G,73,0.7666516666666667,player_id,Jorden Brooks,Central Mich.,Ferris St.,-9.2009,271.0,-2.019,199.0,MAC,33.18,56.386,3.0,7.0,0.0,1.0,1.0,1.0,2.0,1.0,0.0,0.0,-0.11759,,,0.0142,0.10959,,119.87,-0.7086,-0.1418,,0.21429,0.21429,0.04747,0.03727,0.0,-1.042,-0.752,-0.29,2.299955,0.7666516666666667,1.5333033333333335,-0.09015056948333335,0.0
2026,2027,Ferris St.,ferris state,Eastern Mich.,eastern michigan,2322676,Merritt Alderink,Sophomore,F,79,0.8505733333333333,player_id,Merritt Alderink,Eastern Mich.,Ferris St.,-6.5656,243.0,-0.9367,169.0,MAC,162.08,273.646,40.0,43.0,8.0,3.0,13.0,22.0,35.0,5.0,2.0,10.0,-0.2962,0.096,-0.1377,0.2337,0.18068,86.47,108.61,6.9931,-0.0731,0.0237,0.40698,0.43011,0.03317,0.1252,0.17693,-1.335,-1.157,-0.178,34.022933333333334,2.55172,29.770066666666665,-0.2519398213333333,0.08165504
2026,2027,FIU,fiu,Oklahoma,oklahoma,2559438,Andreas Holst,Freshman,F,84,1.4162266666666667,player_id,Andreas Holst,Oklahoma,FIU,18.3736,41.0,13.1361,27.0,SEC,0.0,0.0,0.0,0.0,0.0,0.0,0.0,0.0,0.0,0.0,0.0,0.0,0.0,0.0,0.0,0.0,,,,,,,,,,,,,,,0.0,0.0,0.0,0.0,0.0
2026,2027,FIU,fiu,East Carolina,east carolina,2480400,Corey Caulker,Junior,G,72,0.841305,player_id,Corey Caulker,East Carolina,FIU,-7.1217,249.0,-0.4504,158.0,Amer,925.25,1558.811,236.0,248.0,40.0,115.0,5.0,66.0,71.0,22.0,1.0,45.0,-1.41263,0.7153,0.1142,0.6012,0.16637,98.61,117.4,8.3649,-0.0611,0.0309,0.41331,0.44428,0.23621,0.04289,0.14488,0.128,-0.289,0.417,198.54798,96.750075,59.732655,-1.18845268215,0.6017854665
2026,2027,FIU,fiu,Longwood,longwood,2538830,Jaylin Payne,Junior,F,80,0.7710183333333334,player_id,Jaylin Payne,Longwood,FIU,-8.9389,270.0,-8.4407,327.0,BSth,187.17,319.075,37.0,28.0,12.0,5.0,13.0,24.0,37.0,5.0,1.0,12.0,-0.58846,0.264,0.0022,0.2618,0.1207,97.17,109.12,7.379,-0.1258,0.0564,0.53571,0.55556,0.04995,0.11823,0.26502,-0.505,-1.389,0.884,28.527678333333334,3.8550916666666666,28.527678333333334,-0.45371344843333333,0.20354884
2026,2027,FIU,fiu,Kennesaw St.,kennesaw state,2334141,Ramone Seals,Sophomore,F,78,1.0198483333333332,player_id,Ramone Seals,Kennesaw St.,FIU,1.1909,149.0,-1.5987,190.0,CUSA,345.5,619.996,143.0,108.0,40.0,8.0,22.0,54.0,76.0,9.0,10.0,19.0,0.99651,0.9472,0.4886,0.4586,0.19398,113.56,109.82,16.0009,0.1154,0.1097,0.51852,0.56927,0.04397,0.11823,0.1314,2.483,0.753,1.73,145.83831166666664,8.158786666666666,77.50847333333333,1.0162890626499999,0.9660003413333333
2026,2027,Fla. Southern,fla southern,Barry,barry,1912987,Adren Roberts,Senior,F,77,1.0,player_id,Adren Roberts,Barry,Fla. Southern,,,,,,0.0,0.0,0.0,0.0,0.0,0.0,0.0,0.0,0.0,0.0,0.0,0.0,0.0,0.0,0.0,0.0,,,,,,,,,,,,,,,0.0,0.0,0.0,0.0,0.0
2026,2027,Fla. Southern,fla southern,The Citadel,the citadel,2099325,Gabe Hernandez,Junior,G,71,0.55,player_id,Gabe Hernandez,The Citadel,Fla. Southern,-20.1485,347.0,-5.7798,280.0,SC,118.11,185.364,27.0,29.0,9.0,7.0,0.0,3.0,3.0,5.0,0.0,7.0,-0.63874,-0.1435,-0.1586,0.0151,0.1796,80.19,123.23,4.7809,-0.2163,-0.0486,0.34483,0.40909,0.12403,0.01516,0.17518,0.131,0.049,0.082,14.850000000000001,3.8500000000000005,1.6500000000000001,-0.35130700000000004,-0.078925
2026,2027,Fla. Southern,fla southern,Saint Martin's,saint martins,2110042,Pablo Navarro,Junior,F,76,1.0,player_id,Pablo Navarro,Saint Martin's,Fla. Southern,,,,,,0.0,0.0,0.0,0.0,0.0,0.0,0.0,0.0,0.0,0.0,0.0,0.0,0.0,0.0,0.0,0.0,,,,,,,,,,,,,,,0.0,0.0,0.0,0.0,0.0
2026,2027,Fla. Southern,fla southern,St. Thomas Aquinas,saint thomas aquinas,2142505,Starrell Hearns,Junior,G,74,1.0,player_id,Starrell Hearns,St. Thomas Aquinas,Fla. Southern,,,,,,0.0,0.0,0.0,0.0,0.0,0.0,0.0,0.0,0.0,0.0,0.0,0.0,0.0,0.0,0.0,0.0,,,,,,,,,,,,,,,0.0,0.0,0.0,0.0,0.0
2026,2027,Flagler,flagler,Ashland,ashland,1927284,Cooper Davis,Junior,G,77,1.0,player_id,Cooper Davis,Ashland,Flagler,,,,,,0.0,0.0,0.0,0.0,0.0,0.0,0.0,0.0,0.0,0.0,0.0,0.0,0.0,0.0,0.0,0.0,,,,,,,,,,,,,,,0.0,0.0,0.0,0.0,0.0
2026,2027,Flagler,flagler,Holy Cross,holy cross,2134309,Will Aljancic,Junior,F,78,0.6040116666666667,player_id,Will Aljancic,Holy Cross,Flagler,-16.5593,330.0,-7.4158,306.0,PL,170.47,279.191,34.0,36.0,5.0,4.0,10.0,18.0,28.0,2.0,1.0,12.0,-0.7926,-0.1236,-0.2204,0.0968,0.16107,79.86,118.31,5.2652,-0.186,-0.029,0.45833,0.44503,0.04651,0.10129,0.23904,-5.578,-3.05,-2.528,20.53639666666667,2.416046666666667,16.91232666666667,-0.47873964700000005,-0.07465584200000001
2026,2027,Florida,florida,Kentucky,kentucky,1890518,Denzel Aberdeen,Senior,G,77,1.45,player_id,Denzel Aberdeen,Kentucky,Florida,21.0942,29.0,16.3561,4.0,SEC,1100.3,1871.834,485.0,374.0,124.0,123.0,23.0,66.0,89.0,24.0,3.0,47.0,2.13238,3.5226,2.5187,1.004,0.2147,121.34,114.45,16.2286,0.0775,0.1281,0.51604,0.5658,0.20312,0.04522,0.09883,7.247,3.543,3.704,703.25,178.35,129.04999999999998,3.091951,5.10777
2026,2027,Florida A&M,florida a and m,Seton Hall,seton hall,2315010,Assane Mbaye,Sophomore,F,86,1.3481750000000001,player_id,Assane Mbaye,Seton Hall,Florida A&M,16.0905,51.0,9.0536,73.0,BE,3.97,6.326,0.0,1.0,0.0,0.0,0.0,0.0,0.0,0.0,0.0,0.0,-0.03805,,,0.0045,0.12968,,112.02,-18.8555,-0.3834,,0.0,0.0,0.0,0.0,0.0,,,,0.0,0.0,0.0,-0.05129805875000001,0.0
2026,2027,Florida A&M,florida a and m,UAlbany,albany,2549079,Jaden Kempson,Junior,G,75,0.63126,player_id,Jaden Kempson,UAlbany,Florida A&M,-14.9244,322.0,-7.574,308.0,AE,676.93,1100.29,225.0,211.0,74.0,57.0,19.0,73.0,92.0,29.0,12.0,44.0,-0.22423,0.5311,-0.0787,0.6098,0.22154,95.79,114.56,12.2036,-0.0132,0.0314,0.42891,0.46182,0.15693,0.08178,0.15301,-3.34,-1.656,-1.684,142.0335,35.98182,58.07592,-0.1415474298,0.335262186
2026,2027,Florida A&M,florida a and m,Saint Francis,saint francis pa,2336161,Ralph Martino Jr.,Sophomore,F,78,0.55,player_id,Ralph Martino Jr.,Saint Francis,Florida A&M,-22.2465,354.0,-7.0288,297.0,NEC,376.2,651.265,110.0,70.0,26.0,20.0,15.0,23.0,38.0,16.0,1.0,6.0,0.79284,0.9628,0.8497,0.113,0.11686,140.19,121.31,15.383,0.0843,0.1024,0.64286,0.67568,0.10623,0.05911,0.06862,-1.679,-0.538,-1.141,60.50000000000001,11.0,20.900000000000002,0.436062,0.52954
2026,2027,Fla. Atlantic,florida atlantic,Loyola Maryland,loyola md,2281623,Braeden Speed,Sophomore,G,75,0.6309250000000001,player_id,Braeden Speed,Loyola Maryland,Fla. Atlantic,-14.9445,323.0,-9.6172,348.0,PL,1004.55,1677.109,474.0,334.0,146.0,111.0,23.0,108.0,131.0,30.0,7.0,59.0,3.27534,3.1338,2.3858,0.748,0.23454,119.38,116.33,19.4249,0.1304,0.1248,0.53293,0.59518,0.22864,0.07623,0.12904,-2.122,0.153,-2.275,299.05845000000005,70.03267500000001,82.65117500000001,2.0664938895000002,1.977192765
2026,2027,Fla. Atlantic,florida atlantic,Colorado,colorado,2540160,"Fawaz ""Tacko"" Ifaola",Freshman,F,84,1.2792316666666668,player_id,"Fawaz ""Tacko"" Ifaola",Colorado,Fla. Atlantic,11.9539,70.0,10.6533,58.0,B12,156.33,263.116,14.0,9.0,3.0,6.0,9.0,32.0,41.0,8.0,5.0,8.0,-0.23278,0.2604,0.0074,0.253,0.05916,98.38,106.64,8.3093,-0.0596,0.0666,0.77778,0.67961,0.06099,0.15034,0.43668,1.567,0.382,1.185,17.909243333333336,7.67539,52.44849833333334,-0.2977795473666667,0.33311192600000006
2026,2027,Fla. Atlantic,florida atlantic,Georgia St.,georgia state,2099044,Jelani Hamilton,Sophomore,G,78,0.6639033333333334,player_id,Jelani Hamilton,Georgia St.,Fla. Atlantic,-12.9658,309.0,-4.2366,248.0,SB,821.73,1365.961,464.0,351.0,179.0,58.0,20.0,97.0,117.0,47.0,9.0,50.0,3.92787,2.5766,1.3782,1.1984,0.30029,110.07,108.42,20.378,0.1912,0.1254,0.4359,0.53979,0.1785,0.07843,0.10422,1.591,2.209,-0.618,308.0511466666667,38.506393333333335,77.67669000000001,2.6077259859,1.710613328666667
2026,2027,Fla. Atlantic,florida atlantic,Indiana,indiana,2282746,Josh Harris,Sophomore,F,80,1.3980750000000002,player_id,Josh Harris,Indiana,Fla. Atlantic,17.2845,45.0,11.598,46.0,B10,0.0,0.0,0.0,0.0,0.0,0.0,0.0,0.0,0.0,0.0,0.0,0.0,0.0,0.0,0.0,0.0,,,,,,,,,,,,,,,0.0,0.0,0.0,0.0,0.0
2026,2027,Fla. Atlantic,florida atlantic,Pittsburgh,pittsburgh,2538948,Kieran Mullen,Freshman,F,84,1.2005750000000002,player_id,Kieran Mullen,Pittsburgh,Fla. Atlantic,7.2345,98.0,10.2496,65.0,ACC,112.16,178.524,15.0,12.0,5.0,1.0,6.0,16.0,22.0,1.0,1.0,5.0,-0.51835,0.0976,-0.0026,0.1002,0.09177,96.42,114.63,5.2746,-0.1849,0.0348,0.41667,0.52817,0.01514,0.12297,0.26042,-2.19,-1.283,-0.907,18.008625000000002,1.2005750000000002,26.412650000000003,-0.6223180512500001,0.11717612000000002
2026,2027,Fla. Atlantic,florida atlantic,LIU,liu,2559442,Mason Porter-Brown,Junior,F,78,0.8934483333333333,player_id,Mason Porter-Brown,LIU,Fla. Atlantic,-3.9931,216.0,-9.416,345.0,NEC,703.81,1172.822,273.0,189.0,80.0,22.0,41.0,71.0,112.0,29.0,15.0,36.0,2.69911,2.3721,1.2181,1.154,0.188,118.34,106.37,16.26,0.1534,0.1348,0.57143,0.60883,0.0565,0.09308,0.13836,-0.318,-1.222,0.904,243.911395,19.655863333333333,100.06621333333332,2.4115153309833333,2.1193487914999998
2026,2027,Fla. Atlantic,florida atlantic,Lynn,lynn,2540376,Matthew Puodziukaitis,Sophomore,F,79,1.0,player_id,Matthew Puodziukaitis,Lynn,Fla. Atlantic,,,,,,0.0,0.0,0.0,0.0,0.0,0.0,0.0,0.0,0.0,0.0,0.0,0.0,0.0,0.0,0.0,0.0,,,,,,,,,,,,,,,0.0,0.0,0.0,0.0,0.0
2026,2027,Fla. Atlantic,florida atlantic,Ark.-Pine Bluff,arkansas pine bluff,2547382,Milhan Charles,Freshman,F,79,0.6598783333333333,player_id,Milhan Charles,Ark.-Pine Bluff,Fla. Atlantic,-13.2073,313.0,-5.6911,277.0,SWAC,905.23,1572.917,316.0,201.0,127.0,42.0,29.0,91.0,120.0,24.0,15.0,53.0,-0.60537,1.5162,1.0041,0.5121,0.17103,111.62,118.33,13.5232,-0.0267,0.067,0.55721,0.61503,0.09197,0.07732,0.17103,-0.871,-0.073,-0.798,208.52155333333334,27.71489,79.1854,-0.39947054665,1.000507529
2026,2027,FGCU,florida gulf coast,California (PA),california pa,1732434,Bryson Lucas,Junior,F,79,1.0,player_id,Bryson Lucas,California (PA),FGCU,,,,,,0.0,0.0,0.0,0.0,0.0,0.0,0.0,0.0,0.0,0.0,0.0,0.0,0.0,0.0,0.0,0.0,,,,,,,,,,,,,,,0.0,0.0,0.0,0.0,0.0
2026,2027,FGCU,florida gulf coast,Massachusetts,massachusetts,2472225,Charles Outlaw,Junior,F,81,0.9545683333333334,player_id,Charles Outlaw,Massachusetts,FGCU,-2.7259,198.0,-4.0316,241.0,MAC,17.85,31.723,2.0,3.0,1.0,0.0,1.0,3.0,4.0,1.0,2.0,2.0,-0.08264,-0.0199,-0.062,0.0421,0.14847,46.56,98.17,0.7273,-0.1852,-0.0446,0.33333,0.29412,0.0,0.13851,0.36765,,,,1.9091366666666667,0.0,3.8182733333333334,-0.07888552706666667,-0.018995909833333335
2026,2027,FGCU,florida gulf coast,Houston Christian,houston baptist,1925434,Elijah Brooks,Senior,G,75,0.7344183333333334,player_id,Elijah Brooks,Houston Christian,FGCU,-11.1349,293.0,-2.6863,215.0,Slnd,243.96,377.015,98.0,82.0,43.0,25.0,9.0,27.0,36.0,12.0,1.0,21.0,0.03135,0.2221,-0.0685,0.2907,0.27643,94.65,111.36,13.9538,0.0051,0.0364,0.44512,0.48563,0.21857,0.09592,0.17224,-0.349,0.931,-1.28,71.97299666666667,18.360458333333334,26.43906,0.023024014750000005,0.16311431183333333
2026,2027,FGCU,florida gulf coast,Penn St.,penn state,2506633,Justin Houser,Freshman,F,84,1.0885133333333334,player_id,Justin Houser,Penn St.,FGCU,2.3108,139.0,10.5717,60.0,B10,112.54,187.918,26.0,21.0,8.0,3.0,5.0,15.0,20.0,2.0,8.0,6.0,0.01528,0.0909,0.0071,0.0838,0.14406,97.92,116.36,9.1596,0.0054,0.0323,0.5,0.53061,0.04758,0.11685,0.19659,-0.935,-0.712,-0.223,28.30134666666667,3.2655400000000006,21.770266666666668,0.016632483733333335,0.09894586200000001
2026,2027,Florida St.,florida state,Missouri,missouri,2113366,Anthony Robinson II,Junior,G,75,1.3288466666666667,player_id,Anthony Robinson II,Missouri,Florida St.,14.9308,54.0,11.6927,44.0,SEC,893.12,1495.412,294.0,229.0,109.0,98.0,27.0,75.0,102.0,54.0,10.0,54.0,2.15063,2.2298,1.0716,1.1582,0.18715,110.88,110.06,14.2709,0.0963,0.0999,0.48253,0.53069,0.18855,0.06781,0.16316,1.219,0.431,0.788,390.68092,130.22697333333335,135.54236,2.8578575067333336,2.9630622973333334
2026,2027,Florida St.,florida state,Wake Forest,wake forest,2117918,Cooper Schwieger,Junior,F,82,1.256415,player_id,Cooper Schwieger,Wake Forest,Florida St.,10.5849,80.0,9.9169,68.0,ACC,686.84,1152.357,172.0,131.0,38.0,31.0,37.0,47.0,84.0,17.0,20.0,27.0,-0.5323,1.3254,0.7739,0.5515,0.12976,115.88,115.7,11.4548,-0.031,0.0772,0.54962,0.58226,0.07978,0.07261,0.15453,1.07,1.32,-0.25,216.10338000000002,38.948865000000005,105.53886,-0.6687897045,1.665252441
2026,2027,Florida St.,florida state,UNC Asheville,unc asheville,2337868,Kameron Taylor,Sophomore,G,79,0.8516933333333333,player_id,Kameron Taylor,UNC Asheville,Florida St.,-6.4984,242.0,-3.76,234.0,BSth,1035.53,1703.629,573.0,427.0,213.0,85.0,39.0,107.0,146.0,25.0,19.0,76.0,4.29408,3.0862,1.9092,1.177,0.3023,110.78,111.95,20.4264,0.1659,0.1192,0.49766,0.55022,0.18986,0.08401,0.12736,-1.739,0.035,-1.774,488.02027999999996,72.39393333333334,124.34722666666666,3.6572393088,2.6284959653333333
2026,2027,Florida St.,florida state,Colorado,colorado,2317067,Sebastian Rancik,Sophomore,F,83,1.2792316666666668,player_id,Sebastian Rancik,Colorado,Florida St.,11.9539,70.0,10.6533,58.0,B12,813.8,1394.993,356.0,255.0,129.0,57.0,33.0,128.0,161.0,27.0,15.0,50.0,3.0194,2.2279,1.3352,0.8926,0.22482,113.58,112.45,17.4013,0.1484,0.1095,0.48039,0.57088,0.12343,0.1151,0.13821,1.546,0.92,0.626,455.4064733333334,72.916205,205.95629833333334,3.8625120943333338,2.8500002301666667
2026,2027,Florida St.,florida state,Cincinnati,cincinnati,2492962,Shon Abaev,Freshman,G,80,1.4001783333333335,player_id,Shon Abaev,Cincinnati,Florida St.,17.4107,43.0,10.7272,56.0,B12,381.12,669.379,167.0,155.0,57.0,26.0,13.0,56.0,69.0,9.0,5.0,29.0,0.01629,0.6609,-0.1841,0.8451,0.26996,92.85,99.86,11.1254,0.0017,0.0694,0.41935,0.46363,0.13453,0.09882,0.1387,-0.806,-1.392,0.586,233.8297816666667,36.40463666666667,96.612305,0.02280890505,0.9253778605000001
2026,2027,Fordham,fordham,UAlbany,albany,2284666,Amir Lindsey,Sophomore,G,71,0.63126,player_id,Amir Lindsey,UAlbany,Fordham,-14.9244,322.0,-7.574,308.0,AE,1111.48,1780.467,519.0,416.0,124.0,142.0,14.0,82.0,96.0,36.0,0.0,61.0,2.61837,3.0927,2.5115,0.5812,0.2512,117.12,118.8,18.4561,0.0942,0.1113,0.50601,0.55142,0.26181,0.05243,0.11476,-2.389,-1.089,-1.3,327.62394,89.63892000000001,60.60096,1.6528722462,1.952297802
2026,2027,Fordham,fordham,Miami (FL),miami fl,2507072,"John Laboy, II",Freshman,G,75,1.45,player_id,"John Laboy, II",Miami (FL),Fordham,20.6385,30.0,8.3865,77.0,ACC,27.58,49.819,7.0,8.0,2.0,3.0,0.0,1.0,1.0,2.0,0.0,3.0,-0.0653,-0.0014,-0.0503,0.0489,0.2035,77.44,104.83,3.3721,-0.0947,-0.0021,0.375,0.39326,0.12822,0.02062,0.25253,-0.983,-0.834,-0.149,10.15,4.35,1.45,-0.09468499999999999,-0.00203
2026,2027,Fordham,fordham,St. John's (NY),saint johns,2538723,Kelvin Odih,Freshman,G,76,1.45,player_id,Kelvin Odih,St. John's (NY),Fordham,27.1702,13.0,12.5947,33.0,BE,55.59,102.129,15.0,15.0,2.0,2.0,12.0,7.0,19.0,3.0,2.0,5.0,0.12127,0.1544,0.0162,0.1381,0.17248,100.12,96.95,14.5006,0.0873,0.1111,0.46667,0.4717,0.05318,0.18383,0.23946,0.044,-0.135,0.179,21.75,2.9,27.55,0.1758415,0.22388
2026,2027,Fordham,fordham,SFA,stephen f austin,2549892,Lateef Patrick Jr,Junior,G,74,1.1729233333333333,player_id,Lateef Patrick Jr,SFA,Fordham,8.5754,91.0,-3.2517,224.0,Slnd,927.99,1499.932,480.0,420.0,123.0,57.0,32.0,70.0,102.0,44.0,4.0,46.0,3.05239,3.2024,1.4381,1.7643,0.289,109.72,103.4,17.3578,0.1316,0.138,0.45238,0.50622,0.12297,0.06314,0.08844,2.691,1.919,0.772,563.0032,66.85663,119.63818,3.580219453433333,3.7561696826666666
2026,2027,Francis Marion,francis marion,Augusta,augusta,2567934,Camryn Pacheco,Freshman,G,75,1.0,player_id,Camryn Pacheco,Augusta,Francis Marion,,,,,,0.0,0.0,0.0,0.0,0.0,0.0,0.0,0.0,0.0,0.0,0.0,0.0,0.0,0.0,0.0,0.0,,,,,,,,,,,,,,,0.0,0.0,0.0,0.0,0.0
2026,2027,Francis Marion,francis marion,Augusta,augusta,2567930,DaRon Dunbar,Freshman,G,76,1.0,player_id,DaRon Dunbar,Augusta,Francis Marion,,,,,,0.0,0.0,0.0,0.0,0.0,0.0,0.0,0.0,0.0,0.0,0.0,0.0,0.0,0.0,0.0,0.0,,,,,,,,,,,,,,,0.0,0.0,0.0,0.0,0.0
2026,2027,Francis Marion,francis marion,USC Upstate,usc upstate,2543741,TJ Lewis,Freshman,G,76,0.6762666666666667,player_id,TJ Lewis,USC Upstate,Francis Marion,-12.224,302.0,-5.6117,273.0,BSth,0.0,0.0,0.0,0.0,0.0,0.0,0.0,0.0,0.0,0.0,0.0,0.0,0.0,0.0,0.0,0.0,,,,,,,,,,,,,,,0.0,0.0,0.0,0.0,0.0
2026,2027,Fresno St.,fresno state,Rutgers,rutgers,2106203,Baye Fall,Junior,F,83,1.11105,player_id,Baye Fall,Rutgers,Fresno St.,3.663,125.0,11.0455,53.0,B10,45.35,75.307,5.0,6.0,2.0,1.0,4.0,11.0,15.0,1.0,3.0,2.0,-0.05686,0.0498,-0.0303,0.0801,0.10022,83.88,104.93,7.9279,-0.0502,0.0439,0.33333,0.36232,0.03981,0.18438,0.22523,-0.349,-0.403,0.054,5.555250000000001,1.11105,16.665750000000003,-0.063174303,0.055330290000000004
2026,2027,Fresno St.,fresno state,California Baptist,cal baptist,2282119,Bradey Henige,Sophomore,F,84,1.1012533333333334,player_id,Bradey Henige,California Baptist,Fresno St.,6.0752,105.0,-1.642,191.0,WAC,667.52,1098.959,162.0,129.0,43.0,17.0,85.0,98.0,183.0,11.0,11.0,32.0,0.43806,2.1258,0.6897,1.4361,0.1346,112.68,100.7,13.4711,0.0263,0.1274,0.53488,0.54767,0.04809,0.15307,0.17786,2.031,0.201,1.83,178.40304,18.721306666666667,201.52936000000003,0.48241503520000006,2.341044336
2026,2027,Fresno St.,fresno state,Wichita St.,wichita state,2321411,Brian Amuneke,Sophomore,G,77,1.2225300000000001,player_id,Brian Amuneke,Wichita St.,Fresno St.,11.5518,73.0,2.418,112.0,Amer,266.92,447.094,74.0,81.0,16.0,11.0,3.0,22.0,25.0,11.0,3.0,7.0,-0.15148,0.5058,0.0247,0.481,0.1753,98.27,104.58,7.76,-0.0227,0.0758,0.40741,0.42045,0.07134,0.05007,0.07365,-0.145,-1.68,1.535,90.46722000000001,13.447830000000002,30.563250000000004,-0.18518884440000002,0.6183556740000001
2026,2027,Fresno St.,fresno state,UT Martin,tennessee martin,2153995,Dragos Lungu,Sophomore,G,78,0.8780249999999999,player_id,Dragos Lungu,UT Martin,Fresno St.,-4.9185,224.0,-9.0788,339.0,OVC,134.78,239.494,66.0,41.0,27.0,15.0,7.0,20.0,27.0,7.0,1.0,19.0,0.44804,0.4218,0.0816,0.3402,0.2681,101.71,96.52,19.5843,0.133,0.1252,0.62195,0.62382,0.27017,0.1158,0.26433,0.295,-0.187,0.482,57.94965,13.170375,23.706674999999997,0.393390321,0.370350945
2026,2027,Fresno St.,fresno state,BYU,byu,2616127,KJ Perry,Sophomore,G,75,1.45,player_id,KJ Perry,BYU,Fresno St.,22.7768,24.0,14.2815,17.0,B12,0.0,0.0,0.0,0.0,0.0,0.0,0.0,0.0,0.0,0.0,0.0,0.0,0.0,0.0,0.0,0.0,,,,,,,,,,,,,,,0.0,0.0,0.0,0.0,0.0
2026,2027,Fresno St.,fresno state,Nebraska,nebraska,2553611,Quentin Rhymes,Freshman,G,78,1.45,player_id,Quentin Rhymes,Nebraska,Fresno St.,26.5826,16.0,12.1157,36.0,B10,0.0,0.0,0.0,0.0,0.0,0.0,0.0,0.0,0.0,0.0,0.0,0.0,0.0,0.0,0.0,0.0,,,,,,,,,,,,,,,0.0,0.0,0.0,0.0,0.0
2026,2027,Fresno St.,fresno state,Lipscomb,lipscomb,1930478,Ross Candelino,Senior,G,77,0.9119983333333332,player_id,Ross Candelino,Lipscomb,Fresno St.,-2.8801,200.0,-5.4775,270.0,ASun,652.87,1115.228,290.0,206.0,45.0,30.0,32.0,98.0,130.0,14.0,4.0,23.0,3.23481,2.2108,1.4199,0.7909,0.19493,123.7,111.16,18.5249,0.1982,0.1355,0.63107,0.64216,0.08622,0.11473,0.09244,0.531,1.445,-0.914,264.47951666666665,27.359949999999998,118.55978333333333,2.9501413286499996,2.016245915333333
2026,2027,Frostburg St.,frostburg state,Dist. Columbia,dist columbia,2142621,Rejuan Gray,Junior,F,79,1.0,player_id,Rejuan Gray,Dist. Columbia,Frostburg St.,,,,,,0.0,0.0,0.0,0.0,0.0,0.0,0.0,0.0,0.0,0.0,0.0,0.0,0.0,0.0,0.0,0.0,,,,,,,,,,,,,,,0.0,0.0,0.0,0.0,0.0
2026,2027,Furman,furman,Army West Point,army,2347038,Jaxson Bell,Sophomore,G,75,0.57038,player_id,Jaxson Bell,Army West Point,Furman,-18.5772,339.0,-8.2047,323.0,PL,742.22,1213.53,356.0,259.0,114.0,45.0,36.0,109.0,145.0,30.0,6.0,57.0,2.3957,1.7331,1.0067,0.7264,0.25508,109.15,113.74,17.6278,0.1291,0.0934,0.50965,0.57568,0.13375,0.11466,0.15567,-1.453,-0.517,-0.936,203.05528,25.6671,82.7051,1.3664593660000002,0.9885255780000001
2026,2027,Furman,furman,South Carolina,south carolina,2113363,Jordan Butler,Junior,F,84,1.2054850000000001,player_id,Jordan Butler,South Carolina,Furman,7.5291,96.0,10.7656,55.0,SEC,220.26,359.856,71.0,44.0,31.0,4.0,20.0,25.0,45.0,4.0,5.0,5.0,0.62901,0.7406,0.5313,0.2092,0.15074,132.19,114.07,15.8653,0.1142,0.1345,0.53409,0.61632,0.03476,0.12195,0.07982,0.995,1.437,-0.442,85.58943500000001,4.821940000000001,54.24682500000001,0.75826211985,0.8927821910000001
2026,2027,Furman,furman,Boston College,boston college,2303669,Luka Toews,Sophomore,G,73,1.0630783333333333,player_id,Luka Toews,Boston College,Furman,0.7847,158.0,6.0956,83.0,ACC,622.57,1008.068,183.0,172.0,14.0,64.0,9.0,36.0,45.0,13.0,4.0,38.0,-0.73261,0.9116,0.1267,0.7849,0.18329,99.42,110.6,9.5399,-0.0471,0.0586,0.50872,0.51347,0.21997,0.03997,0.1758,-0.014,-1.137,1.123,194.543335,68.03701333333333,47.838525000000004,-0.7788218177833334,0.9691022086666666
2026,2027,Furman,furman,Western Caro.,western carolina,1946856,Marcus Kell,Senior,F,80,0.8691933333333333,player_id,Marcus Kell,Western Caro.,Furman,-5.4484,227.0,-4.0804,243.0,SC,868.58,1460.474,393.0,318.0,111.0,26.0,34.0,102.0,136.0,17.0,4.0,35.0,0.58412,1.8869,1.3799,0.507,0.22741,113.6,118.12,15.7886,0.0269,0.0869,0.49686,0.53571,0.05865,0.08919,0.0871,-0.045,1.569,-1.614,341.59297999999995,22.599026666666663,118.21029333333333,0.5077132098666666,1.6400809006666666
2026,2027,Ga. Southwestern,ga southwestern,USC Aiken,usc aiken,2310495,Cam Perkins,Sophomore,G,71,1.0,player_id,Cam Perkins,USC Aiken,Ga. Southwestern,,,,,,0.0,0.0,0.0,0.0,0.0,0.0,0.0,0.0,0.0,0.0,0.0,0.0,0.0,0.0,0.0,0.0,,,,,,,,,,,,,,,0.0,0.0,0.0,0.0,0.0
2026,2027,Ga. Southwestern,ga southwestern,UNC Greensboro,unc greensboro,2540605,Landon King,Junior,G,73,0.67896,player_id,Landon King,UNC Greensboro,Ga. Southwestern,-12.0624,300.0,-6.2364,287.0,SC,137.47,228.453,38.0,42.0,5.0,5.0,1.0,7.0,8.0,5.0,2.0,6.0,-0.2958,-0.0848,-0.1257,0.0409,0.18918,85.29,121.35,5.8723,-0.0861,-0.0247,0.44048,0.42986,0.06762,0.03291,0.11952,-2.92,-1.238,-1.682,25.80048,3.3948,5.43168,-0.20083636800000002,-0.057575808
2026,2027,Ga. Southwestern,ga southwestern,UNC Pembroke,unc pembroke,2492292,Tahj Johnson,Junior,F,79,1.0,player_id,Tahj Johnson,UNC Pembroke,Ga. Southwestern,,,,,,0.0,0.0,0.0,0.0,0.0,0.0,0.0,0.0,0.0,0.0,0.0,0.0,0.0,0.0,0.0,0.0,,,,,,,,,,,,,,,0.0,0.0,0.0,0.0,0.0
2026,2027,Gannon,gannon,Central Ark.,central arkansas,2138765,Parker Applegate,Junior,G,80,1.0191216666666667,player_id,Parker Applegate,Central Ark.,Gannon,1.1473,151.0,-5.7261,278.0,ASun,174.68,298.862,51.0,44.0,13.0,3.0,5.0,26.0,31.0,6.0,0.0,11.0,-0.4988,0.1641,-0.0643,0.2284,0.17608,92.09,110.01,7.8049,-0.1142,0.0376,0.46591,0.51308,0.02947,0.10409,0.18116,-0.866,-2.092,1.226,51.975205,3.057365,31.592771666666668,-0.5083378873333334,0.1672378655
2026,2027,Gardner-Webb,gardner webb,Frostburg St.,frostburg state,2578424,DJ Daniel,Sophomore,F,,1.0,player_id,DJ Daniel,Frostburg St.,Gardner-Webb,,,,,,0.0,0.0,0.0,0.0,0.0,0.0,0.0,0.0,0.0,0.0,0.0,0.0,0.0,0.0,0.0,0.0,,,,,,,,,,,,,,,0.0,0.0,0.0,0.0,0.0
2026,2027,Gardner-Webb,gardner webb,Lincoln (PA),lincoln pa,2574753,Ginuwine Tropnas,Junior,F,82,1.0,player_id,Ginuwine Tropnas,Lincoln (PA),Gardner-Webb,,,,,,0.0,0.0,0.0,0.0,0.0,0.0,0.0,0.0,0.0,0.0,0.0,0.0,0.0,0.0,0.0,0.0,,,,,,,,,,,,,,,0.0,0.0,0.0,0.0,0.0
2026,2027,Gardner-Webb,gardner webb,Vermont,vermont,1925056,Jackson Skipper,Senior,F,79,0.8527566666666666,player_id,Jackson Skipper,Vermont,Gardner-Webb,-6.4346,239.0,-11.1731,357.0,AE,211.99,337.095,41.0,40.0,11.0,8.0,6.0,22.0,28.0,3.0,3.0,12.0,-0.56925,0.1461,-0.1467,0.2927,0.14757,86.63,109.23,5.6327,-0.1074,0.0276,0.4125,0.45759,0.06535,0.08047,0.21112,-0.257,-1.12,0.863,34.96302333333333,6.822053333333333,23.877186666666667,-0.4854317325,0.124587749
2026,2027,Gardner-Webb,gardner webb,Buffalo,buffalo,2147206,Mikhail Pocknett,Junior,F,78,0.9112399999999999,player_id,Mikhail Pocknett,Buffalo,Gardner-Webb,-2.9256,203.0,-3.9556,238.0,MAC,292.13,486.247,77.0,60.0,31.0,7.0,36.0,48.0,84.0,18.0,5.0,19.0,0.426,0.6181,0.1932,0.4249,0.16729,105.06,108.46,14.6755,0.0583,0.0846,0.48333,0.5231,0.04353,0.17658,0.20509,-0.53,-0.443,-0.087,70.16548,6.378679999999999,76.54415999999999,0.38818823999999996,0.563237444
2026,2027,Gardner-Webb,gardner webb,Quinnipiac,quinnipiac,2559871,Samuel Nosakhare,Freshman,F,81,0.8918649999999999,player_id,Samuel Nosakhare,Quinnipiac,Gardner-Webb,-4.0881,217.0,-7.5332,307.0,MAAC,154.48,262.763,14.0,11.0,7.0,5.0,10.0,14.0,24.0,7.0,11.0,3.0,0.01294,0.3511,0.0657,0.2854,0.05471,111.51,103.97,10.6855,0.0034,0.0909,0.54545,0.49645,0.05081,0.08539,0.17564,-1.458,-1.248,-0.21,12.486109999999998,4.459325,21.404759999999996,0.011540733099999999,0.3131338015
2026,2027,Gardner-Webb,gardner webb,Fresno Pacific,fresno pacific,2117860,Seth Brown,Sophomore,G,77,1.0,player_id,Seth Brown,Fresno Pacific,Gardner-Webb,,,,,,0.0,0.0,0.0,0.0,0.0,0.0,0.0,0.0,0.0,0.0,0.0,0.0,0.0,0.0,0.0,0.0,,,,,,,,,,,,,,,0.0,0.0,0.0,0.0,0.0
2026,2027,George Mason,george mason,Mercer,mercer,2118623,Baraka Okojie,Junior,G,75,0.9691533333333333,player_id,Baraka Okojie,Mercer,George Mason,-1.8508,188.0,-5.5005,271.0,SC,1016.76,1727.906,583.0,384.0,268.0,152.0,19.0,67.0,86.0,39.0,2.0,81.0,3.93689,3.7976,3.0809,0.7166,0.28629,120.24,116.79,21.8042,0.1549,0.1494,0.47526,0.58079,0.28527,0.04756,0.13896,-2.437,-1.028,-1.409,565.0163933333333,147.31130666666667,83.34718666666666,3.8154500664666666,3.6804566986666667
2026,2027,George Mason,george mason,Butler,butler,2472768,Efeosa Oliogu-Elabor,Freshman,G,78,1.2434033333333334,player_id,Efeosa Oliogu-Elabor,Butler,George Mason,9.8042,84.0,10.0079,67.0,BE,409.71,685.452,124.0,105.0,58.0,51.0,19.0,36.0,55.0,19.0,7.0,36.0,-0.30298,0.4755,-0.0402,0.5157,0.20566,95.93,110.63,11.4035,-0.0296,0.0464,0.41905,0.4751,0.23342,0.07745,0.21619,-0.936,-0.366,-0.57,154.18201333333334,63.41357000000001,68.38718333333334,-0.3767263419333334,0.591238285
2026,2027,George Mason,george mason,UTEP,utep,2144235,Elijah Jones,Junior,F,80,0.7636216666666668,player_id,Elijah Jones,UTEP,George Mason,-9.3827,275.0,-0.4242,157.0,CUSA,804.31,1295.095,362.0,296.0,49.0,16.0,45.0,106.0,151.0,19.0,28.0,28.0,3.51383,2.3403,1.2953,1.0449,0.23102,113.53,110.16,18.9782,0.1748,0.1164,0.55405,0.5699,0.05048,0.11084,0.08103,0.94,2.073,-1.133,276.4310433333334,12.217946666666668,115.30687166666668,2.6832367209833334,1.7871037865000003
2026,2027,George Mason,george mason,Loyola Maryland,loyola md,2492977,Emmett Adair,Freshman,F,81,0.6309250000000001,player_id,Emmett Adair,Loyola Maryland,George Mason,-14.9445,323.0,-9.6172,348.0,PL,667.02,1112.392,384.0,321.0,49.0,24.0,60.0,79.0,139.0,9.0,8.0,36.0,2.48398,1.7737,1.3514,0.4223,0.29101,113.11,117.57,20.7443,0.149,0.1064,0.53115,0.56042,0.08804,0.12177,0.0951,-0.155,1.69,-1.845,242.27520000000004,15.142200000000003,87.698575,1.5672050815,1.1190716725
2026,2027,George Mason,george mason,Baylor,baylor,2619892,James Nnaji,Freshman,F,84,1.3807083333333334,player_id,James Nnaji,Baylor,George Mason,16.2425,50.0,13.6395,23.0,B12,147.05,240.195,26.0,13.0,14.0,3.0,12.0,26.0,38.0,5.0,5.0,8.0,-0.01485,0.307,0.1024,0.2046,0.09404,111.8,109.13,12.0637,-0.004,0.0835,0.69231,0.67708,0.03409,0.15326,0.29455,-1.911,-1.87,-0.041,35.89841666666667,4.142125,52.46691666666667,-0.02050351875,0.42387745833333335
2026,2027,George Mason,george mason,UNC Greensboro,unc greensboro,2540607,Lilian Marville,Freshman,G,73,0.67896,player_id,Lilian Marville,UNC Greensboro,George Mason,-12.0624,300.0,-6.2364,287.0,SC,789.57,1327.451,284.0,209.0,68.0,67.0,6.0,53.0,59.0,20.0,0.0,40.0,-0.05073,1.2402,1.1425,0.0977,0.18319,114.93,123.28,13.4181,-0.0026,0.0628,0.55742,0.59439,0.16408,0.04409,0.14341,-2.607,0.228,-2.835,192.82464,45.49032,40.05864,-0.0344436408,0.842046192
2026,2027,George Mason,george mason,NIU,northern illinois,2313690,Makhai Valentine,Sophomore,G,75,0.5893499999999999,player_id,Makhai Valentine,NIU,George Mason,-17.439,334.0,-1.5094,187.0,MAC,850.22,1431.329,354.0,269.0,82.0,26.0,42.0,99.0,141.0,25.0,5.0,34.0,2.93028,2.0829,1.4542,0.6287,0.20036,117.11,116.35,16.0645,0.1379,0.098,0.53532,0.58014,0.07118,0.09819,0.10027,-5.411,-2.377,-3.034,208.62989999999996,15.323099999999998,83.09835,1.7269605179999998,1.2275571149999998
2026,2027,George Mason,george mason,App State,appalachian state,2302349,Michael Marcus Jr.,Sophomore,F,81,0.9614783333333333,player_id,Michael Marcus Jr.,App State,George Mason,-2.3113,195.0,-5.7475,279.0,SB,735.39,1151.343,220.0,172.0,55.0,14.0,73.0,102.0,175.0,13.0,14.0,23.0,2.07693,2.4638,1.2367,1.2271,0.16003,120.1,106.02,15.1256,0.113,0.134,0.52907,0.56065,0.03903,0.13263,0.10493,-0.545,-0.572,0.027,211.52523333333332,13.460696666666667,168.25870833333335,1.99692319485,2.3688903176666667
2026,2027,George Washington,george washington,Lafayette,lafayette,2119964,Andrew Phillips,Junior,F,76,0.6253116666666666,player_id,Andrew Phillips,Lafayette,George Washington,-15.2813,326.0,-7.9402,316.0,PL,1045.71,1713.087,429.0,385.0,90.0,40.0,48.0,93.0,141.0,36.0,4.0,33.0,1.77431,1.782,0.8598,0.9222,0.23241,105.3,114.81,14.6873,0.0679,0.0682,0.47532,0.50518,0.08224,0.07929,0.07212,-2.256,0.732,-2.988,268.25870499999996,25.012466666666665,88.168945,1.1094967432833331,1.11430539
2026,2027,George Washington,george washington,Oklahoma St.,oklahoma state,2308327,Andrija Vukovic,Sophomore,F,83,1.259565,player_id,Andrija Vukovic,Oklahoma St.,George Washington,10.7739,79.0,11.3599,48.0,B12,412.06,751.473,142.0,90.0,42.0,16.0,42.0,50.0,92.0,13.0,10.0,18.0,0.99512,1.3105,0.8932,0.4173,0.14431,128.53,113.32,17.6048,0.0966,0.1272,0.62778,0.65438,0.06646,0.12162,0.14231,1.174,1.185,-0.011,178.85823000000002,20.15304,115.87998,1.2534183228,1.6506599325
2026,2027,George Washington,george washington,Georgia,georgia,2098963,Dylan James,Junior,F,81,1.4326616666666667,player_id,Dylan James,Georgia,George Washington,19.3597,35.0,11.0632,52.0,SEC,496.29,900.745,150.0,128.0,41.0,17.0,50.0,75.0,125.0,23.0,19.0,29.0,0.54542,1.2317,0.4165,0.8152,0.16448,107.93,106.31,14.7475,0.044,0.0993,0.46484,0.5137,0.05377,0.13473,0.16568,-0.794,-1.375,0.581,214.89925,24.355248333333336,179.08270833333333,0.7814023262333334,1.7646093748333334
2026,2027,George Washington,george washington,Colorado,colorado,2317068,Felix Kossaras,Sophomore,G,77,1.2792316666666668,player_id,Felix Kossaras,Colorado,George Washington,11.9539,70.0,10.6533,58.0,B12,459.97,794.044,128.0,88.0,28.0,12.0,14.0,27.0,41.0,14.0,6.0,14.0,-0.00483,0.9158,0.6098,0.306,0.12534,121.64,117.25,11.0801,-0.0004,0.0796,0.60795,0.63809,0.04427,0.05176,0.12246,2.297,2.481,-0.184,163.74165333333335,15.35078,52.44849833333334,-0.00617868895,1.1715203603333333
2026,2027,George Washington,george washington,NJIT,njit,2337453,Malachi Arrington,Sophomore,F,83,0.59924,player_id,Malachi Arrington,NJIT,George Washington,-16.8456,332.0,-9.4685,347.0,AE,399.25,668.806,108.0,73.0,37.0,1.0,32.0,70.0,102.0,5.0,16.0,18.0,-0.31341,0.9412,0.338,0.6032,0.14098,110.18,107.84,12.7682,-0.0314,0.0943,0.60274,0.6047,0.00555,0.1422,0.16779,-3.104,-2.469,-0.635,64.71791999999999,0.59924,61.122479999999996,-0.1878078084,0.564004688
2026,2027,George Washington,george washington,Pittsburgh,pittsburgh,2538944,Omari Witherspoon,Freshman,G,76,1.2005750000000002,player_id,Omari Witherspoon,Pittsburgh,George Washington,7.2345,98.0,10.2496,65.0,ACC,919.13,1446.494,249.0,242.0,62.0,82.0,20.0,79.0,99.0,27.0,20.0,78.0,-2.40996,0.2332,-0.6722,0.9054,0.19911,88.92,113.61,8.4019,-0.1049,0.0101,0.43182,0.46231,0.1693,0.06529,0.2246,-0.064,-0.537,0.473,298.94317500000005,98.44715000000001,118.85692500000002,-2.8933377270000005,0.27997409
2026,2027,George Washington,george washington,Notre Dame,notre dame,2483776,Ryder Frost,Freshman,F,78,1.2210533333333333,player_id,Ryder Frost,Notre Dame,George Washington,8.4632,93.0,10.0663,66.0,ACC,161.83,264.312,71.0,57.0,8.0,6.0,5.0,15.0,20.0,1.0,0.0,5.0,0.52862,0.4385,0.3338,0.1047,0.21141,120.84,117.41,14.3196,0.1307,0.1084,0.57895,0.58678,0.07641,0.0712,0.07631,0.058,0.758,-0.7,86.69478666666667,7.32632,24.42106666666667,0.6454732130666666,0.5354318866666666
2026,2027,George Washington,george washington,NC State,nc state,1890527,Terrance Arceneaux,Junior,G,78,1.4298483333333334,player_id,Terrance Arceneaux,NC State,George Washington,19.1909,37.0,11.7733,42.0,ACC,474.45,803.185,114.0,100.0,22.0,15.0,19.0,60.0,79.0,26.0,11.0,11.0,0.83242,1.1252,0.402,0.7232,0.13041,111.9,107.67,13.0857,0.0702,0.0949,0.485,0.5196,0.05184,0.09657,0.09115,1.817,0.662,1.155,163.00271,21.447725000000002,112.95801833333334,1.1902343496333334,1.6088653446666668
2026,2027,Georgetown,georgetown,Col. of Charleston,charleston,2509286,Chol Machot,Sophomore,F,84,0.9943483333333333,player_id,Chol Machot,Col. of Charleston,Georgetown,-0.3391,174.0,-2.4708,207.0,CAA,612.26,1022.613,272.0,175.0,87.0,6.0,59.0,107.0,166.0,13.0,78.0,46.0,4.10444,2.2375,0.9787,1.2589,0.21747,113.5,101.68,22.797,0.2682,0.1462,0.60571,0.6376,0.02099,0.14832,0.17741,0.001,-0.241,0.242,270.46274666666665,5.9660899999999994,165.06182333333334,4.081243073266667,2.224854395833333
2026,2027,Georgetown,georgetown,Kansas,kansas,2119864,Elmarko Jackson,Junior,G,75,1.45,player_id,Elmarko Jackson,Kansas,Georgetown,24.1522,21.0,16.6274,3.0,B12,603.79,1006.936,164.0,126.0,63.0,49.0,2.0,59.0,61.0,25.0,7.0,33.0,-0.43624,1.4439,0.2758,1.1681,0.15909,103.36,103.08,10.502,-0.0289,0.0957,0.44444,0.53351,0.13966,0.05354,0.17674,1.76,1.926,-0.166,237.79999999999998,71.05,88.45,-0.632548,2.093655
2026,2027,Georgetown,georgetown,Kentucky,kentucky,2093107,Jaland Lowe,Junior,G,74,1.45,player_id,Jaland Lowe,Kentucky,Georgetown,21.0942,29.0,16.3561,4.0,SEC,166.48,289.629,72.0,67.0,27.0,22.0,3.0,16.0,19.0,6.0,2.0,8.0,0.14018,0.3603,0.1467,0.2136,0.25321,104.77,110.3,14.4904,0.0337,0.0866,0.39552,0.45627,0.23082,0.064,0.09208,2.101,0.165,1.936,104.39999999999999,31.9,27.55,0.203261,0.522435
2026,2027,Georgetown,georgetown,Fla. Atlantic,florida atlantic,2550731,Josiah Parker,Freshman,G,79,1.0598283333333334,player_id,Josiah Parker,Fla. Atlantic,Georgetown,3.5897,126.0,1.9615,115.0,Amer,672.92,1158.791,295.0,231.0,97.0,33.0,52.0,132.0,184.0,19.0,8.0,40.0,1.48497,1.9898,0.8388,1.1509,0.2307,109.1,105.51,18.1164,0.0883,0.1183,0.51082,0.53891,0.0954,0.15135,0.12752,-0.228,0.479,-0.707,312.64935833333334,34.974335,195.00841333333335,1.57381328015,2.108846417666667
2026,2027,Georgia,georgia,St. Bonaventure,saint bonaventure,2541349,Andrew Osasuyi,Freshman,F,81,1.040695,player_id,Andrew Osasuyi,St. Bonaventure,Georgia,2.4417,137.0,1.4439,124.0,A10,371.7,610.338,116.0,79.0,30.0,7.0,44.0,44.0,88.0,19.0,51.0,20.0,2.71871,1.248,0.5325,0.7155,0.15355,116.85,103.14,21.3016,0.2926,0.1343,0.64557,0.62907,0.03412,0.14107,0.17825,2.842,1.431,1.411,120.72062,7.284865,91.58116,2.82934790345,1.29878736
2026,2027,Georgia,georgia,Saint Louis,saint louis,2112492,Brady Dunlap,Sophomore,F,79,1.3850950000000002,player_id,Brady Dunlap,Saint Louis,Georgia,19.5057,34.0,2.3751,113.0,A10,564.87,993.512,228.0,148.0,57.0,32.0,15.0,52.0,67.0,11.0,1.0,28.0,1.26178,2.1185,1.1779,0.9406,0.17585,124.89,106.05,13.8813,0.0894,0.15,0.61486,0.65858,0.08824,0.06603,0.13925,6.728,4.321,2.407,315.80166,44.323040000000006,92.80136500000002,1.7476851691000002,2.9343237575000005
2026,2027,Georgia,georgia,Penn St.,penn state,2092649,Freddie Dilione V,Junior,G,77,1.0885133333333334,player_id,Freddie Dilione V,Penn St.,Georgia,2.3108,139.0,10.5717,60.0,B10,878.33,1452.731,448.0,368.0,71.0,71.0,24.0,78.0,102.0,39.0,6.0,47.0,3.3113,1.9699,1.5376,0.4323,0.27107,111.95,119.17,20.1464,0.1508,0.0897,0.52989,0.56112,0.17614,0.07485,0.10532,1.231,1.005,0.226,487.6539733333334,77.28444666666667,111.02836,3.6043942006666674,2.1442624153333334
2026,2027,Georgia,georgia,Ole Miss,mississippi,2106724,James Scott,Junior,F,82,1.29263,player_id,James Scott,Ole Miss,Georgia,12.7578,64.0,14.1129,20.0,SEC,628.15,1049.641,136.0,85.0,24.0,22.0,48.0,113.0,161.0,17.0,46.0,22.0,2.0484,1.9923,0.9749,1.0173,0.09655,129.49,106.54,17.1717,0.1304,0.1269,0.72941,0.7113,0.06228,0.14604,0.18714,1.402,0.98,0.422,175.79767999999999,28.43786,208.11343,2.647823292,2.5753067489999997
2026,2027,Ga. Southern,georgia southern,SFA,stephen f austin,2549896,Eltramon Smith Jr.,Sophomore,F,79,1.1729233333333333,player_id,Eltramon Smith Jr.,SFA,Ga. Southern,8.5754,91.0,-3.2517,224.0,Slnd,93.55,152.491,24.0,30.0,3.0,5.0,1.0,16.0,17.0,0.0,3.0,6.0,-0.40049,0.0165,-0.1641,0.1806,0.20381,77.01,103.08,3.4454,-0.1712,0.007,0.4,0.38339,0.09392,0.1018,0.16077,0.268,-0.415,0.683,28.15016,5.864616666666667,19.939696666666666,-0.46974406576666666,0.019353235
2026,2027,Ga. Southern,georgia southern,Milwaukee,milwaukee,2480412,Josh Dixon,Freshman,G,73,0.7730750000000001,player_id,Josh Dixon,Milwaukee,Ga. Southern,-8.8155,268.0,-1.8407,197.0,Horz,575.49,967.875,278.0,256.0,58.0,47.0,4.0,28.0,32.0,17.0,2.0,41.0,-1.09429,0.4088,0.2327,0.1762,0.27848,100.4,121.25,12.1311,-0.0761,0.0284,0.44531,0.49378,0.16452,0.0317,0.12712,-2.639,0.574,-3.213,214.91485000000003,36.334525000000006,24.738400000000002,-0.8459682417500001,0.31603306000000003
2026,2027,Ga. Southern,georgia southern,Seton Hill,seton hill,2580085,Rashaad Williams,Freshman,G,73,1.0,player_id,Rashaad Williams,Seton Hill,Ga. Southern,,,,,,0.0,0.0,0.0,0.0,0.0,0.0,0.0,0.0,0.0,0.0,0.0,0.0,0.0,0.0,0.0,0.0,,,,,,,,,,,,,,,0.0,0.0,0.0,0.0,0.0
2026,2027,Ga. Southern,georgia southern,Little Rock,little rock,2500899,Truman Claytor IV,Junior,F,78,0.662565,player_id,Truman Claytor IV,Little Rock,Ga. Southern,-13.0461,310.0,-6.7833,293.0,OVC,435.49,719.091,168.0,159.0,27.0,16.0,6.0,32.0,38.0,19.0,5.0,30.0,-0.89646,0.2758,-0.1948,0.4706,0.23654,92.4,112.57,9.3194,-0.0823,0.0253,0.46541,0.49152,0.07351,0.04973,0.14934,-0.884,0.175,-1.059,111.31092,10.60104,25.17747,-0.5939630199,0.18273542699999998
2026,2027,Georgia St.,georgia state,Temple,temple,1925388,AJ Smith,Senior,G,76,1.0130116666666666,player_id,AJ Smith,Temple,Georgia St.,0.7807,159.0,-1.4871,184.0,Amer,118.47,194.008,62.0,45.0,19.0,6.0,1.0,10.0,11.0,1.0,0.0,3.0,0.15259,0.3911,0.2983,0.0928,0.25488,120.99,115.93,18.928,0.0515,0.1321,0.53333,0.58052,0.11367,0.05606,0.05323,0.05,1.928,-1.878,62.80672333333333,6.07807,11.143128333333333,0.15457545021666666,0.3961888628333333
2026,2027,Georgia St.,georgia state,Richmond,richmond,2161316,David Thomas,Junior,G,74,1.0177066666666668,player_id,David Thomas,Richmond,Georgia St.,1.0624,153.0,-0.1326,151.0,A10,417.03,706.619,129.0,108.0,8.0,14.0,9.0,22.0,31.0,18.0,2.0,15.0,0.05494,0.7874,0.33,0.4574,0.15867,108.75,112.41,11.4119,0.0053,0.0755,0.56481,0.57848,0.06386,0.04313,0.11856,1.73,0.546,1.184,131.28416,14.247893333333334,31.54890666666667,0.05591280426666667,0.8013422293333334
2026,2027,Georgia St.,georgia state,FDU,fairleigh dickinson,2092557,Eric Parnell,Senior,G,75,0.5868966666666666,player_id,Eric Parnell,FDU,Georgia St.,-17.5862,336.0,-8.7607,331.0,NEC,756.06,1189.745,319.0,290.0,33.0,17.0,14.0,50.0,64.0,13.0,3.0,13.0,1.11311,1.5766,1.094,0.4826,0.22437,113.28,117.54,13.2221,0.0589,0.0834,0.50345,0.52381,0.05448,0.0509,0.04094,-1.704,-1.253,-0.451,187.22003666666666,9.977243333333332,37.561386666666664,0.6532805486333333,0.9253012846666666
2026,2027,Georgia St.,georgia state,UAB,uab,2119881,Jacob Meyer,Junior,G,74,1.06267,player_id,Jacob Meyer,UAB,Georgia St.,3.7602,124.0,-0.7133,166.0,Amer,774.23,1342.72,335.0,313.0,65.0,29.0,20.0,84.0,104.0,23.0,2.0,32.0,-0.52241,1.5093,0.4222,1.0872,0.23428,102.58,108.99,12.9711,-0.027,0.078,0.45208,0.49034,0.07014,0.072,0.08565,-0.466,0.636,-1.102,355.99445000000003,30.81743,110.51768,-0.5551494347,1.603887831
2026,2027,Georgia St.,georgia state,McNeese,mcneese state,2126320,Jacolb Fredson-Cole,Sophomore,F,79,1.2382,player_id,Jacolb Fredson-Cole,McNeese,Georgia St.,12.492,65.0,-1.3434,178.0,Slnd,600.07,986.378,169.0,138.0,76.0,36.0,38.0,86.0,124.0,39.0,11.0,27.0,1.80846,2.0003,0.5418,1.4585,0.17039,108.53,97.61,15.4294,0.1205,0.1333,0.4058,0.493,0.10521,0.12197,0.13606,-1.466,-1.113,-0.353,209.2558,44.575199999999995,153.5368,2.239235172,2.47677146
2026,2027,Georgia St.,georgia state,South Dakota St.,south dakota state,2307448,Jaden Jackson,Sophomore,G,72,0.8824933333333334,player_id,Jaden Jackson,South Dakota St.,Georgia St.,-4.6504,221.0,-3.6826,232.0,Sum,938.43,1554.262,358.0,332.0,65.0,76.0,21.0,105.0,126.0,43.0,3.0,38.0,2.58467,2.1336,0.8951,1.2386,0.21858,107.13,109.91,14.3401,0.1102,0.0909,0.46235,0.49639,0.14987,0.07763,0.09533,1.058,0.26,0.798,315.93261333333334,67.06949333333334,111.19416,2.2809540438666667,1.882887776
2026,2027,Georgia St.,georgia state,Loyola Maryland,loyola md,2118748,Jonas Sirtautas,Junior,F,81,0.6309250000000001,player_id,Jonas Sirtautas,Loyola Maryland,Georgia St.,-14.9445,323.0,-9.6172,348.0,PL,333.58,561.42,101.0,68.0,38.0,10.0,15.0,39.0,54.0,7.0,33.0,15.0,0.70586,0.7006,0.293,0.4076,0.15268,109.68,110.98,15.5078,0.0846,0.084,0.61765,0.59622,0.06008,0.09518,0.15042,-1.842,-0.851,-0.991,63.723425000000006,6.3092500000000005,34.069950000000006,0.44534472050000007,0.44202605500000003
2026,2027,Georgia St.,georgia state,Southern U.,southern,2128708,Terrance Dixon Jr.,Senior,F,80,0.760895,player_id,Terrance Dixon Jr.,Southern U.,Georgia St.,-9.5463,277.0,-6.4271,290.0,SWAC,668.29,1160.567,288.0,159.0,114.0,14.0,56.0,83.0,139.0,18.0,41.0,28.0,3.01415,2.4643,1.6964,0.7679,0.17295,130.12,111.83,21.0748,0.1804,0.1475,0.68553,0.68834,0.04293,0.11912,0.11806,-0.774,-1.167,0.393,219.13776,10.65253,105.764405,2.29345166425,1.8750735485
2026,2027,Georgia St.,georgia state,Samford,samford,2311621,Zion Wilburn,Sophomore,G,77,0.8965883333333333,player_id,Zion Wilburn,Samford,Georgia St.,-3.8047,212.0,-6.0609,284.0,SC,473.99,794.003,121.0,101.0,59.0,23.0,23.0,39.0,62.0,10.0,7.0,28.0,-1.26532,0.3356,-0.0948,0.4304,0.17016,94.41,114.51,7.1642,-0.1068,0.0283,0.42079,0.47638,0.08608,0.07416,0.18069,-0.166,-0.367,0.201,108.48718833333334,20.621531666666666,55.588476666666665,-1.1344711499333333,0.30089504466666667
2026,2027,Georgia Tech,georgia tech,San Jose St.,san jose state,2122220,Colby Garland,Junior,G,72,0.881115,player_id,Colby Garland,San Jose St.,Georgia Tech,-4.7331,222.0,7.1866,80.0,MWC,991.43,1607.597,572.0,421.0,152.0,128.0,16.0,74.0,90.0,33.0,1.0,60.0,4.75812,3.2569,3.1533,0.1036,0.29162,121.07,123.49,24.1479,0.192,0.1314,0.52494,0.58619,0.30739,0.05633,0.10951,0.406,1.162,-0.756,503.99778,112.78272,79.30035,4.1924509038,2.8697034434999997
2026,2027,Georgia Tech,georgia tech,Washington,washington,2532534,Courtland Muldrew,Freshman,G,75,1.3341150000000002,player_id,Courtland Muldrew,Washington,Georgia Tech,15.2469,52.0,11.8175,41.0,B10,253.09,416.528,65.0,59.0,20.0,29.0,7.0,31.0,38.0,5.0,3.0,8.0,-0.10124,0.5698,0.2624,0.3074,0.15375,111.66,111.08,11.5121,-0.016,0.0901,0.45763,0.47935,0.18809,0.08978,0.10554,-0.517,-0.514,-0.003,86.71747500000001,38.68933500000001,50.69637000000001,-0.1350658026,0.7601787270000001
2026,2027,Georgia Tech,georgia tech,West Virginia,west virginia,1908319,Jackson Fields,Senior,F,80,1.3244633333333333,player_id,Jackson Fields,West Virginia,Georgia Tech,14.6678,55.0,9.4159,71.0,B12,127.9,197.314,39.0,28.0,10.0,10.0,12.0,19.0,31.0,2.0,3.0,3.0,0.58489,0.6044,0.3509,0.2535,0.15024,134.59,102.43,19.2879,0.1829,0.189,0.57143,0.60185,0.15929,0.14303,0.08475,1.801,2.305,-0.504,51.65407,13.244633333333333,41.05836333333333,0.7746653590333333,0.8005056386666667
2026,2027,Georgia Tech,georgia tech,Georgia,georgia,2477834,Jackson McVey,Freshman,F,85,1.4326616666666667,player_id,Jackson McVey,Georgia,Georgia Tech,19.3597,35.0,11.0632,52.0,SEC,0.0,0.0,0.0,0.0,0.0,0.0,0.0,0.0,0.0,0.0,0.0,0.0,0.0,0.0,0.0,0.0,,,,,,,,,,,,,,,0.0,0.0,0.0,0.0,0.0
2026,2027,Georgia Tech,georgia tech,Lehigh,lehigh,2099015,Nasir Whitlock,Junior,G,74,0.7347416666666667,player_id,Nasir Whitlock,Lehigh,Georgia Tech,-11.1155,292.0,-9.0141,338.0,PL,1166.89,1899.223,673.0,484.0,194.0,110.0,11.0,99.0,110.0,34.0,0.0,91.0,4.13079,3.3848,2.1547,1.2302,0.30931,110.72,112.85,19.7985,0.1416,0.116,0.53719,0.59097,0.21991,0.05825,0.1378,-2.875,-0.5,-2.375,494.4811416666667,80.82158333333334,80.82158333333334,3.0350635292500003,2.4869535933333333
2026,2027,Georgia Tech,georgia tech,Ole Miss,mississippi,2489404,Tylis Jordan,Freshman,F,81,1.29263,player_id,Tylis Jordan,Ole Miss,Georgia Tech,12.7578,64.0,14.1129,20.0,SEC,0.0,0.0,0.0,0.0,0.0,0.0,0.0,0.0,0.0,0.0,0.0,0.0,0.0,0.0,0.0,0.0,,,,,,,,,,,,,,,0.0,0.0,0.0,0.0,0.0
2026,2027,Georgia Tech,georgia tech,Troy,troy,2114182,Victor Valdes,Junior,F,79,1.0192733333333333,player_id,Victor Valdes,Troy,Georgia Tech,1.1564,150.0,-2.7944,217.0,SB,949.25,1556.62,476.0,352.0,218.0,145.0,34.0,95.0,129.0,42.0,13.0,110.0,2.35699,2.4902,1.0944,1.3958,0.30145,105.28,108.31,17.4302,0.0993,0.1049,0.44176,0.53137,0.31771,0.07787,0.19716,1.473,0.368,1.105,485.1741066666666,147.7946333333333,131.48626,2.402417053933333,2.538194454666667
2026,2027,Gonzaga,gonzaga,Houston,houston,2505098,Isiah Harwell,Freshman,G,78,1.45,player_id,Isiah Harwell,Houston,Gonzaga,33.8434,4.0,13.5559,25.0,B12,443.31,698.871,114.0,129.0,31.0,17.0,17.0,48.0,65.0,19.0,8.0,10.0,0.30466,1.1002,0.0151,1.0851,0.17776,97.42,97.26,9.3458,0.0275,0.0993,0.36822,0.39972,0.06304,0.08318,0.06551,4.225,0.328,3.897,165.29999999999998,24.65,94.25,0.44175699999999996,1.59529
2026,2027,Gonzaga,gonzaga,Arizona St.,arizona state,2548107,Massamba Diop,Freshman,F,85,1.2867133333333334,player_id,Massamba Diop,Arizona St.,Gonzaga,12.4028,66.0,14.133,19.0,B12,978.33,1682.815,449.0,297.0,144.0,35.0,63.0,130.0,193.0,21.0,69.0,62.0,3.90329,2.98,1.8177,1.1622,0.21596,116.6,111.42,20.5998,0.1596,0.1218,0.58249,0.62292,0.07556,0.11347,0.14679,3.948,1.856,2.092,577.7342866666667,45.03496666666667,248.33567333333335,5.022415286866667,3.8344057333333335
2026,2027,Grambling,grambling state,N.C. A&T,north carolina a and t,2548128,Dwayne Pierce,Sophomore,G,77,0.7354483333333334,player_id,Dwayne Pierce,N.C. A&T,Grambling,-11.0731,290.0,-4.0778,242.0,CAA,648.53,1083.779,197.0,193.0,65.0,60.0,9.0,44.0,53.0,14.0,4.0,50.0,-2.01677,-0.0805,-0.4634,0.3828,0.21184,89.34,118.09,6.3303,-0.1244,-0.005,0.40674,0.44449,0.17781,0.04643,0.18409,-4.759,-2.565,-2.194,144.88332166666666,44.1269,38.97876166666667,-1.4832301352166668,-0.05920359083333334
2026,2027,Grambling,grambling state,NIU,northern illinois,2543665,Hassan Washington,Junior,F,80,0.5893499999999999,player_id,Hassan Washington,NIU,Grambling,-17.439,334.0,-1.5094,187.0,MAC,464.87,780.822,122.0,88.0,43.0,16.0,33.0,56.0,89.0,6.0,5.0,54.0,-2.21325,-0.2213,-0.5187,0.2973,0.17424,83.45,117.47,5.5263,-0.1904,-0.019,0.58523,0.57063,0.07574,0.11357,0.33557,-0.663,-2.897,2.234,71.90069999999999,9.429599999999999,52.452149999999996,-1.3043788874999998,-0.13042315499999999
2026,2027,Grambling,grambling state,LIU,liu,1976588,Isaiah Miranda,Junior,F,85,0.8934483333333333,player_id,Isaiah Miranda,LIU,Grambling,-3.9931,216.0,-9.416,345.0,NEC,105.79,192.205,48.0,47.0,12.0,3.0,4.0,15.0,19.0,2.0,11.0,8.0,0.09333,0.1321,-0.0749,0.207,0.27724,91.0,102.83,13.9258,0.0353,0.05,0.42553,0.45889,0.05658,0.09925,0.13271,-2.483,-1.48,-1.003,42.88552,2.680345,16.975518333333333,0.08338553295,0.11802452483333332
2026,2027,Grambling,grambling state,La Salle,la salle,2311791,Josué Grullon,Senior,G,77,0.8670366666666667,player_id,Josué Grullon,La Salle,Grambling,-5.5778,228.0,5.2334,90.0,A10,0.0,0.0,0.0,0.0,0.0,0.0,0.0,0.0,0.0,0.0,0.0,0.0,0.0,0.0,0.0,0.0,,,,,,,,,,,,,,,0.0,0.0,0.0,0.0,0.0
2026,2027,Grambling,grambling state,Eastern Ill.,eastern illinois,2122610,Kyle Layton,Junior,G,72,0.630705,player_id,Kyle Layton,Eastern Ill.,Grambling,-14.9577,324.0,-6.4907,292.0,OVC,0.0,0.0,0.0,0.0,0.0,0.0,0.0,0.0,0.0,0.0,0.0,0.0,0.0,0.0,0.0,0.0,,,,,,,,,,,,,,,0.0,0.0,0.0,0.0,0.0
2026,2027,Grand Canyon,grand canyon,Southern California,usc,2292659,Amarion Dickerson,Senior,F,79,1.2623216666666668,player_id,Amarion Dickerson,Southern California,Grand Canyon,10.9393,77.0,12.0656,37.0,B10,173.06,304.64,37.0,22.0,18.0,9.0,12.0,15.0,27.0,6.0,7.0,8.0,0.23086,0.3941,0.186,0.2081,0.10525,117.09,111.24,11.9442,0.0534,0.0911,0.59091,0.61873,0.07966,0.08919,0.21097,1.636,0.966,0.67,46.70590166666667,11.360895000000001,34.082685000000005,0.29141957996666673,0.49748096883333337
2026,2027,Grand Canyon,grand canyon,ETSU,east tennessee state,2144293,Blake Barkley,Sophomore,F,79,1.0100033333333334,player_id,Blake Barkley,ETSU,Grand Canyon,0.6002,164.0,-8.0976,319.0,SC,905.3,1472.853,457.0,269.0,146.0,36.0,46.0,138.0,184.0,26.0,7.0,52.0,4.67723,4.2399,2.831,1.4089,0.22894,128.48,107.31,23.4131,0.2067,0.1873,0.62082,0.68577,0.07867,0.12748,0.13498,-0.891,-0.078,-0.813,461.57152333333335,36.36012,185.84061333333335,4.724017890766667,4.282313133
2026,2027,Grand Canyon,grand canyon,St. John's (NY),saint johns,1907394,Dylan Darling,Junior,G,73,1.45,player_id,Dylan Darling,St. John's (NY),Grand Canyon,27.1702,13.0,12.5947,33.0,BE,744.9,1276.506,241.0,191.0,85.0,91.0,10.0,76.0,86.0,50.0,3.0,36.0,2.22055,2.6705,0.926,1.7445,0.17228,112.97,98.54,14.3909,0.1192,0.1434,0.4712,0.52758,0.20839,0.06344,0.13616,5.065,0.732,4.333,349.45,131.95,124.7,3.2197974999999994,3.872225
2026,2027,Grand Canyon,grand canyon,Quinnipiac,quinnipiac,2350373,Jaden Zimmerman,Sophomore,G,77,0.8918649999999999,player_id,Jaden Zimmerman,Quinnipiac,Grand Canyon,-4.0881,217.0,-7.5332,307.0,MAAC,825.23,1398.032,381.0,330.0,138.0,58.0,13.0,45.0,58.0,19.0,13.0,60.0,-0.86113,1.1624,0.2084,0.954,0.26812,99.16,111.71,11.2518,-0.0417,0.0563,0.43636,0.48759,0.14004,0.03926,0.13312,1.743,0.272,1.471,339.80056499999995,51.72816999999999,51.72816999999999,-0.7680117074499999,1.036703876
2026,2027,Grand Canyon,grand canyon,Georgia St.,georgia state,2511343,Micah Tucker,Freshman,G,75,0.6639033333333334,player_id,Micah Tucker,Georgia St.,Grand Canyon,-12.9658,309.0,-4.2366,248.0,SB,929.82,1561.312,377.0,290.0,132.0,88.0,15.0,46.0,61.0,28.0,4.0,56.0,0.12994,1.7039,0.9782,0.7257,0.22209,107.6,115.97,13.8011,0.0056,0.0733,0.46724,0.54151,0.22472,0.03587,0.13859,-3.193,-2.878,-0.315,250.29155666666668,58.42349333333334,40.49810333333334,0.08626759913333334,1.1312248896666668
2026,2027,Grand Canyon,grand canyon,Wake Forest,wake forest,2099049,Omaha Biliew,Junior,F,80,1.256415,player_id,Omaha Biliew,Wake Forest,Grand Canyon,10.5849,80.0,9.9169,68.0,ACC,708.66,1196.13,220.0,150.0,63.0,18.0,33.0,52.0,85.0,21.0,13.0,25.0,0.59421,1.7314,1.1335,0.5978,0.14549,122.17,115.25,12.3641,0.0335,0.0977,0.56667,0.61902,0.04475,0.0711,0.12332,0.499,0.122,0.377,276.41130000000004,22.615470000000002,106.795275,0.7465743571500001,2.175356931
2026,2027,Grand Canyon,grand canyon,Tulsa,tulsa,2349987,Tyler Behrend,Junior,F,82,1.2567283333333334,player_id,Tyler Behrend,Tulsa,Grand Canyon,13.6037,56.0,1.9495,116.0,Amer,776.24,1303.756,230.0,149.0,85.0,69.0,73.0,112.0,185.0,24.0,13.0,42.0,2.47989,2.9295,1.7187,1.2108,0.14918,126.5,107.28,17.0851,0.1278,0.151,0.57718,0.61695,0.15744,0.13708,0.18389,8.252,6.639,1.613,289.0475166666667,86.71425500000001,232.4947416666667,3.1165480265500003,3.6815856525000004
2026,2027,Grand Valley St.,grand valley state,Saint Francis,saint francis pa,2558303,Paris Papadatos,Freshman,G,76,0.55,player_id,Paris Papadatos,Saint Francis,Grand Valley St.,-22.2465,354.0,-7.0288,297.0,NEC,245.19,414.682,82.0,83.0,15.0,8.0,5.0,13.0,18.0,5.0,0.0,18.0,-1.09955,-0.2828,-0.287,0.0042,0.22623,84.48,124.47,5.0427,-0.1794,-0.0461,0.42169,0.45759,0.06555,0.04412,0.16729,-2.015,0.047,-2.062,45.1,4.4,9.9,-0.6047525,-0.15554
2026,2027,Grand Valley St.,grand valley state,UIndy,uindy,2470704,Parker LePla,Freshman,F,79,1.0,player_id,Parker LePla,UIndy,Grand Valley St.,,,,,,0.0,0.0,0.0,0.0,0.0,0.0,0.0,0.0,0.0,0.0,0.0,0.0,0.0,0.0,0.0,0.0,,,,,,,,,,,,,,,0.0,0.0,0.0,0.0,0.0
2026,2027,Green Bay,green bay,ETSU,east tennessee state,2506765,Isaiah Sutherland,Freshman,F,79,1.0100033333333334,player_id,Isaiah Sutherland,ETSU,Green Bay,0.6002,164.0,-8.0976,319.0,SC,228.96,367.976,71.0,63.0,7.0,3.0,12.0,23.0,35.0,7.0,1.0,4.0,0.59226,0.6008,0.2895,0.3113,0.16597,115.41,109.5,12.378,0.1035,0.105,0.53175,0.53707,0.02224,0.09595,0.05708,0.814,0.354,0.46,71.71023666666667,3.03001,35.350116666666665,0.5981845742,0.6068100026666667
2026,2027,Green Bay,green bay,IU Indy,iupui,1909055,Jaxon Edwards,Senior,G,77,0.6494616666666667,player_id,Jaxon Edwards,IU Indy,Green Bay,-13.8323,317.0,-3.6312,230.0,Horz,653.48,1186.801,319.0,242.0,70.0,48.0,49.0,109.0,158.0,28.0,19.0,50.0,1.8848,1.3626,0.9014,0.4612,0.2323,110.39,116.76,19.1428,0.1154,0.0834,0.55165,0.58468,0.13015,0.13878,0.15489,-2.388,-1.045,-1.343,207.1782716666667,31.17416,102.61494333333334,1.2241053493333334,0.8849564670000001
2026,2027,Green Bay,green bay,Fort Lewis,fort lewis,2095038,Stewart Erhart,Sophomore,G,74,1.0,player_id,Stewart Erhart,Fort Lewis,Green Bay,,,,,,0.0,0.0,0.0,0.0,0.0,0.0,0.0,0.0,0.0,0.0,0.0,0.0,0.0,0.0,0.0,0.0,,,,,,,,,,,,,,,0.0,0.0,0.0,0.0,0.0
2026,2027,Hampton,hampton,Bryant,bryant,2125074,Aaron Davis,Junior,G,79,0.55,player_id,Aaron Davis,Bryant,Hampton,-22.9639,355.0,-8.1635,320.0,AE,659.45,1031.703,259.0,216.0,56.0,19.0,21.0,76.0,97.0,30.0,10.0,32.0,1.54872,1.1544,0.4084,0.7459,0.22477,103.5,111.98,14.5144,0.0939,0.07,0.51157,0.53824,0.0716,0.08796,0.11737,-3.471,-1.958,-1.513,142.45000000000002,10.450000000000001,53.35,0.8517960000000001,0.6349200000000002
2026,2027,Hampton,hampton,Monmouth,monmouth,2143423,Cornelius Robinson Jr.,Junior,G,78,0.9822816666666667,player_id,Cornelius Robinson Jr.,Monmouth,Hampton,-1.0631,181.0,-2.9478,219.0,CAA,816.82,1350.97,263.0,225.0,81.0,40.0,55.0,73.0,128.0,25.0,6.0,43.0,-0.93648,1.6043,0.4298,1.1745,0.19325,103.06,108.7,12.3031,-0.0459,0.0786,0.46889,0.5046,0.09913,0.09011,0.14162,-1.177,-0.806,-0.371,258.34007833333334,39.29126666666667,125.73205333333334,-0.9198871352,1.5758744778333336
2026,2027,Hampton,hampton,Central Conn. St.,central connecticut,2110189,Max Frazier,Junior,F,81,0.6685966666666666,player_id,Max Frazier,Central Conn. St.,Hampton,-12.6842,307.0,-11.3191,358.0,NEC,810.89,1288.819,335.0,222.0,81.0,24.0,48.0,150.0,198.0,25.0,50.0,39.0,4.39259,3.0599,1.6683,1.3915,0.19933,120.59,105.47,22.8642,0.2167,0.1509,0.64414,0.65023,0.06571,0.14648,0.13147,-1.544,0.887,-2.431,223.9798833333333,16.046319999999998,132.38214,2.9368710320333333,2.0458389403333332
2026,2027,Hampton,hampton,Milwaukee,milwaukee,1903777,Seth Hubbard,Senior,G,76,0.7730750000000001,player_id,Seth Hubbard,Milwaukee,Hampton,-8.8155,268.0,-1.8407,197.0,Horz,252.44,444.622,132.0,112.0,28.0,17.0,7.0,16.0,23.0,7.0,3.0,9.0,0.45414,0.571,0.4733,0.0977,0.25325,114.16,120.35,17.4366,0.072,0.0905,0.5,0.53097,0.14377,0.0495,0.06751,-0.472,0.128,-0.6,102.0459,13.142275000000001,17.780725,0.3510842805,0.441425825
2026,2027,Hampton,hampton,Eastern Ky.,eastern kentucky,2550837,Tyler Jackson,Freshman,G,74,0.7258983333333334,player_id,Tyler Jackson,Eastern Ky.,Hampton,-11.6461,297.0,-4.3024,250.0,ASun,278.67,482.753,141.0,117.0,33.0,16.0,9.0,25.0,34.0,16.0,6.0,20.0,0.71291,0.454,0.2823,0.1718,0.26426,105.77,117.76,16.8256,0.1023,0.0652,0.49145,0.53612,0.11963,0.06867,0.132,-2.345,-1.341,-1.004,102.35166500000001,11.614373333333335,24.680543333333336,0.5175001808166667,0.3295578433333334
2026,2027,Harding,harding,Radford,radford,1949562,Bradley Land,Junior,G,78,0.7942766666666667,player_id,Bradley Land,Radford,Harding,-7.5434,257.0,-7.2526,301.0,BSth,14.04,25.358,4.0,2.0,0.0,0.0,1.0,0.0,1.0,0.0,0.0,2.0,-0.0873,,,0.0034,0.13534,,121.95,5.4863,-0.2487,,1.0,1.0,0.0,0.03859,0.5,,,,3.177106666666667,0.0,0.7942766666666667,-0.06934035300000001,0.0
2026,2027,Hawaii,hawaii,UC San Diego,uc san diego,1909596,Bol Dengdit,Junior,F,83,1.0716083333333333,player_id,Bol Dengdit,UC San Diego,Hawaii,4.2965,121.0,-1.4934,185.0,BW,749.34,1279.816,345.0,267.0,98.0,56.0,57.0,102.0,159.0,17.0,15.0,59.0,2.24427,2.1798,0.7889,1.3909,0.25162,106.23,103.88,17.532,0.1198,0.1164,0.53184,0.55627,0.15042,0.11697,0.15984,-0.223,-0.616,0.393,369.70487499999996,60.01006666666666,170.38572499999998,2.4049784342500002,2.335891845
2026,2027,Hawaii,hawaii,Utah Tech,dixie state,1720452,Chance Trujillo,Sophomore,G,76,0.967125,player_id,Chance Trujillo,Utah Tech,Hawaii,-1.9725,189.0,0.3707,140.0,WAC,1046.58,1740.396,382.0,310.0,72.0,84.0,21.0,80.0,101.0,29.0,8.0,47.0,2.23445,2.3567,1.4079,0.9487,0.19539,112.85,114.59,13.4532,0.0854,0.0901,0.52419,0.55897,0.14977,0.0575,0.12092,0.112,0.084,0.028,369.44175,81.2385,97.679625,2.16099245625,2.2792234875
2026,2027,Hawaii,hawaii,Seattle U,seattle,2315037,Houran Dan,Sophomore,F,82,1.0873083333333333,player_id,Houran Dan,Seattle U,Hawaii,5.2385,113.0,1.7632,119.0,WCC,501.44,832.819,178.0,124.0,58.0,11.0,37.0,42.0,79.0,12.0,14.0,35.0,-0.57929,1.2508,0.3245,0.9264,0.19264,104.42,103.93,12.8642,-0.0462,0.0998,0.57258,0.59532,0.04698,0.09261,0.18968,0.274,-0.452,0.726,193.54088333333334,11.960391666666666,85.89735833333333,-0.6298668444166666,1.3600052633333333
2026,2027,Hawaii,hawaii,Point Loma,point loma,2118916,Jaden Matingou,Junior,G,75,1.0,player_id,Jaden Matingou,Point Loma,Hawaii,,,,,,0.0,0.0,0.0,0.0,0.0,0.0,0.0,0.0,0.0,0.0,0.0,0.0,0.0,0.0,0.0,0.0,,,,,,,,,,,,,,,0.0,0.0,0.0,0.0,0.0
2026,2027,Hawaii,hawaii,Pacific,pacific,2539081,Kellen Hampton,Freshman,F,79,1.087695,player_id,Kellen Hampton,Pacific,Hawaii,5.2617,112.0,2.5501,110.0,WCC,0.0,0.0,0.0,0.0,0.0,0.0,0.0,0.0,0.0,0.0,0.0,0.0,0.0,0.0,0.0,0.0,,,,,,,,,,,,,,,0.0,0.0,0.0,0.0,0.0
2026,2027,Hawaii,hawaii,Davidson,davidson,2306456,Manie Joses,Sophomore,F,79,1.09089,player_id,Manie Joses,Davidson,Hawaii,5.4534,109.0,2.5983,109.0,A10,252.1,400.625,32.0,28.0,8.0,13.0,12.0,43.0,55.0,11.0,15.0,4.0,0.98351,0.7927,0.2327,0.56,0.07664,120.96,99.85,13.5871,0.1561,0.1258,0.46429,0.50794,0.08847,0.13151,0.11261,1.354,-0.104,1.458,34.90848,14.181569999999999,59.998949999999994,1.0729012239,0.8647485029999998
2026,2027,Hawaii,hawaii,Arizona St.,arizona state,2106788,Marcus Adams Jr.,Sophomore,F,80,1.2867133333333334,player_id,Marcus Adams Jr.,Arizona St.,Hawaii,12.4028,66.0,14.133,19.0,B12,164.32,285.686,50.0,41.0,20.0,3.0,6.0,27.0,33.0,3.0,4.0,7.0,0.0306,0.2345,0.0525,0.182,0.17229,101.33,112.32,9.8793,0.0074,0.0571,0.43902,0.50201,0.03124,0.11826,0.12324,-0.533,-0.013,-0.52,64.33566666666667,3.8601400000000003,42.46154,0.039373428,0.30173427666666663
2026,2027,Hawaii,hawaii,Northern Ariz.,northern arizona,2125501,Zack Davidson,Sophomore,F,81,0.6341100000000001,player_id,Zack Davidson,Northern Ariz.,Hawaii,-14.7534,321.0,-1.5861,189.0,BSky,288.7,487.714,155.0,108.0,52.0,11.0,21.0,35.0,56.0,8.0,0.0,22.0,0.50292,0.4624,0.3531,0.1093,0.27765,106.66,120.44,20.3414,0.0697,0.0641,0.59722,0.59206,0.09496,0.11164,0.1439,-0.972,-1.204,0.232,98.28705000000001,6.975210000000001,35.510160000000006,0.31890660120000003,0.293212464
2026,2027,Hawaii Pacific,hawaii pacific,USC Beaufort,usc beaufort,1917793,Evan Kilminster,Junior,G,75,1.0,player_id,Evan Kilminster,USC Beaufort,Hawaii Pacific,,,,,,0.0,0.0,0.0,0.0,0.0,0.0,0.0,0.0,0.0,0.0,0.0,0.0,0.0,0.0,0.0,0.0,,,,,,,,,,,,,,,0.0,0.0,0.0,0.0,0.0
2026,2027,Hawaii Pacific,hawaii pacific,UMass Lowell,umass lowell,1908665,Jared Frey,Junior,G,78,0.6361866666666667,player_id,Jared Frey,UMass Lowell,Hawaii Pacific,-14.6288,320.0,-9.4174,346.0,AE,275.33,477.241,65.0,61.0,14.0,22.0,3.0,21.0,24.0,5.0,3.0,16.0,-0.39076,0.1816,0.0005,0.1811,0.1511,96.99,117.3,7.3472,-0.0568,0.0264,0.41803,0.48363,0.14061,0.04975,0.1924,-4.33,-3.589,-0.741,41.352133333333335,13.996106666666666,15.26848,-0.24859630186666667,0.11553149866666668
2026,2027,Hawaii Pacific,hawaii pacific,UNI,northern iowa,2292838,Marino Dubravcic,Sophomore,F,82,1.2121983333333335,player_id,Marino Dubravcic,UNI,Hawaii Pacific,10.9319,78.0,1.4812,122.0,MVC,0.0,0.0,0.0,0.0,0.0,0.0,0.0,0.0,0.0,0.0,0.0,0.0,0.0,0.0,0.0,0.0,,,,,,,,,,,,,,,0.0,0.0,0.0,0.0,0.0
2026,2027,Henderson St.,henderson state,Southern U.,southern,2358933,Rondae Hill,Sophomore,G,72,0.760895,player_id,Rondae Hill,Southern U.,Henderson St.,-9.5463,277.0,-6.4271,290.0,SWAC,49.34,91.134,15.0,13.0,2.0,2.0,0.0,4.0,4.0,0.0,1.0,4.0,-0.11132,-0.0149,-0.037,0.0222,0.16721,86.92,119.65,4.8407,-0.0902,-0.0121,0.57692,0.53957,0.07349,0.04254,0.22371,-0.725,-0.341,-0.384,11.413425,1.52179,3.04358,-0.0847028314,-0.0113373355
2026,2027,High Point,high point,South Fla.,south florida,2281732,CJ Brown,Sophomore,F,74,1.3416183333333334,player_id,CJ Brown,South Fla.,High Point,16.8971,47.0,3.8094,101.0,Amer,881.43,1573.423,348.0,295.0,162.0,152.0,25.0,97.0,122.0,32.0,9.0,67.0,-0.05465,2.3511,0.9214,1.4297,0.22499,106.98,106.57,13.5961,-0.0025,0.1067,0.39153,0.47502,0.29672,0.07036,0.15463,3.315,2.904,0.411,466.88318,203.92598666666666,163.67743666666667,-0.07331944191666666,3.1542788635000005
2026,2027,High Point,high point,Tulane,tulane,2115895,Curtis Williams Jr.,Junior,G,78,0.9036416666666667,player_id,Curtis Williams Jr.,Tulane,High Point,-3.3815,210.0,0.2351,146.0,Amer,1028.83,1705.51,397.0,346.0,61.0,38.0,24.0,129.0,153.0,37.0,16.0,47.0,1.56974,1.5503,0.4276,1.1227,0.21789,101.46,112.47,14.0994,0.061,0.0603,0.5,0.53246,0.08501,0.08526,0.11195,0.294,0.714,-0.42,358.7457416666667,34.33838333333333,138.257175,1.4184824698333334,1.4009156758333334
2026,2027,High Point,high point,Kennesaw St.,kennesaw state,2142730,Frankquon Sherman,Junior,F,79,1.0198483333333332,player_id,Frankquon Sherman,Kennesaw St.,High Point,1.1909,149.0,-1.5987,190.0,CUSA,832.32,1452.429,346.0,236.0,135.0,32.0,107.0,169.0,276.0,32.0,24.0,40.0,5.32477,3.446,2.0428,1.4031,0.19205,124.71,105.81,21.2844,0.2559,0.1656,0.52119,0.58565,0.07456,0.17886,0.11926,0.27,-0.448,0.718,352.8675233333333,32.635146666666664,281.47814,5.4304578098833325,3.5143973566666666
2026,2027,High Point,high point,Oakland,oakland,2474144,Isaac Garrett,Junior,F,80,1.0042166666666668,player_id,Isaac Garrett,Oakland,High Point,0.253,168.0,-0.3334,154.0,Horz,786.19,1367.777,373.0,265.0,106.0,62.0,65.0,129.0,194.0,29.0,27.0,49.0,3.48557,2.5342,1.8663,0.6679,0.22487,120.14,115.16,21.9158,0.1773,0.1289,0.5434,0.59852,0.14753,0.13938,0.13587,-0.454,1.247,-1.701,374.5728166666667,62.261433333333336,194.81803333333335,3.5002674868333337,2.5448858766666667
2026,2027,High Point,high point,Monmouth,monmouth,2115437,Jason Rivera-Torres,Junior,G,79,0.9822816666666667,player_id,Jason Rivera-Torres,Monmouth,High Point,-1.0631,181.0,-2.9478,219.0,CAA,1176.98,1933.017,525.0,426.0,162.0,96.0,85.0,182.0,267.0,66.0,36.0,63.0,8.37657,4.6283,2.0844,2.544,0.24754,113.1,100.67,21.4052,0.2847,0.1573,0.46362,0.52785,0.16911,0.13105,0.11244,1.817,0.165,1.652,515.6978750000001,94.29904,262.269205,8.22815114055,4.546294237833334
2026,2027,High Point,high point,Saint Mary's (CA),saint marys,2268747,Liam Campbell,Sophomore,G,76,1.4245383333333335,player_id,Liam Campbell,Saint Mary's (CA),High Point,21.8723,26.0,5.1762,91.0,WCC,471.0,766.988,162.0,100.0,40.0,14.0,8.0,50.0,58.0,9.0,0.0,15.0,0.70744,1.9088,1.017,0.8918,0.14578,133.33,103.73,14.5364,0.0601,0.1621,0.65,0.68878,0.05461,0.07145,0.11312,2.59,0.393,2.197,230.77521000000002,19.943536666666667,82.62322333333334,1.0077753985333333,2.719158770666667
2026,2027,Hofstra,hofstra,Loyola Chicago,loyola chicago,2144427,Deywilk Tavarez,Sophomore,G,74,0.7554516666666667,player_id,Deywilk Tavarez,Loyola Chicago,Hofstra,-9.8729,280.0,2.9,105.0,A10,752.32,1202.601,295.0,277.0,44.0,60.0,8.0,69.0,77.0,19.0,2.0,48.0,-0.0583,0.5348,0.1431,0.3917,0.24288,98.81,118.83,10.5921,-0.0031,0.0284,0.46209,0.49764,0.1792,0.0607,0.13939,0.798,1.155,-0.357,222.8582416666667,45.3271,58.16977833333334,-0.04404283216666667,0.4040155513333334
2026,2027,Hofstra,hofstra,Youngstown St.,youngstown state,1727644,Imanuel Zorgvol,Senior,F,84,0.8955416666666667,player_id,Imanuel Zorgvol,Youngstown St.,Hofstra,-3.8675,213.0,-3.9444,237.0,Horz,420.87,703.256,151.0,98.0,40.0,10.0,33.0,45.0,78.0,10.0,56.0,26.0,2.00239,1.3589,0.6215,0.7374,0.17206,116.13,105.06,18.8711,0.1903,0.1292,0.63776,0.65311,0.04706,0.1117,0.18362,0.714,0.695,0.019,135.22679166666666,8.955416666666666,69.85225,1.7932236779166668,1.2169515708333334
2026,2027,Hofstra,hofstra,Loyola Chicago,loyola chicago,1910954,Justin Moore,Junior,G,75,0.7554516666666667,player_id,Justin Moore,Loyola Chicago,Hofstra,-9.8729,280.0,2.9,105.0,A10,658.39,1053.721,240.0,200.0,77.0,84.0,7.0,41.0,48.0,15.0,2.0,65.0,-1.44105,0.1687,-0.0654,0.2341,0.23718,96.06,120.68,10.063,-0.0875,0.0102,0.4575,0.51304,0.2797,0.04286,0.21748,-2.35,-0.097,-2.253,181.3084,63.45794000000001,36.261680000000005,-1.0886436242500002,0.12744469616666668
2026,2027,Hofstra,hofstra,Quinnipiac,quinnipiac,2350360,Spence Wewe,Sophomore,F,84,0.8918649999999999,player_id,Spence Wewe,Quinnipiac,Hofstra,-4.0881,217.0,-7.5332,307.0,MAAC,510.19,860.971,75.0,67.0,21.0,12.0,68.0,92.0,160.0,8.0,32.0,21.0,0.52728,1.1906,0.2377,0.9529,0.09332,106.36,103.74,12.7483,0.0413,0.0933,0.50746,0.49213,0.04018,0.17532,0.21596,0.804,1.633,-0.829,66.88987499999999,10.702379999999998,142.6984,0.4702625771999999,1.061854469
2026,2027,Hofstra,hofstra,LMU (CA),loyola marymount,1691408,Tanner Thomas,Senior,G,78,1.0094666666666667,player_id,Tanner Thomas,LMU (CA),Hofstra,0.568,165.0,0.2503,145.0,WCC,0.0,0.0,0.0,0.0,0.0,0.0,0.0,0.0,0.0,0.0,0.0,0.0,0.0,0.0,0.0,0.0,,,,,,,,,,,,,,,0.0,0.0,0.0,0.0,0.0
2026,2027,Holy Cross,holy cross,Lewis,lewis,2143704,Arius Alijosius,Sophomore,G,76,1.0,player_id,Arius Alijosius,Lewis,Holy Cross,,,,,,0.0,0.0,0.0,0.0,0.0,0.0,0.0,0.0,0.0,0.0,0.0,0.0,0.0,0.0,0.0,0.0,,,,,,,,,,,,,,,0.0,0.0,0.0,0.0,0.0
2026,2027,Holy Cross,holy cross,Old Dominion,old dominion,2567801,Elijah Flowers,Freshman,F,79,0.8429249999999999,player_id,Elijah Flowers,Old Dominion,Holy Cross,-7.0245,248.0,-3.3276,226.0,SB,0.0,0.0,0.0,0.0,0.0,0.0,0.0,0.0,0.0,0.0,0.0,0.0,0.0,0.0,0.0,0.0,,,,,,,,,,,,,,,0.0,0.0,0.0,0.0,0.0
2026,2027,Holy Cross,holy cross,Minn. Duluth,minn duluth,2292415,Kole Hanson,Sophomore,G,74,1.0,player_id,Kole Hanson,Minn. Duluth,Holy Cross,,,,,,0.0,0.0,0.0,0.0,0.0,0.0,0.0,0.0,0.0,0.0,0.0,0.0,0.0,0.0,0.0,0.0,,,,,,,,,,,,,,,0.0,0.0,0.0,0.0,0.0
2026,2027,Houston,houston,Lamar University,lamar,2331483,Braden East,Sophomore,F,81,0.8549066666666666,player_id,Braden East,Lamar University,Houston,-6.3056,238.0,-2.9961,221.0,Slnd,682.3,1092.207,359.0,275.0,93.0,20.0,84.0,175.0,259.0,14.0,27.0,47.0,4.11649,2.6744,1.2645,1.4099,0.27335,112.56,101.57,24.7274,0.2413,0.1568,0.53273,0.56822,0.07098,0.21956,0.12951,0.156,-0.691,0.847,306.9114933333333,17.098133333333333,221.42082666666664,3.5192147442666664,2.286362389333333
2026,2027,Houston,houston,Purdue Fort Wayne,purdue fort wayne,2143876,Corey Hadnot II,Junior,G,75,0.7903416666666667,player_id,Corey Hadnot II,Purdue Fort Wayne,Houston,-7.7795,259.0,-1.9814,198.0,Horz,1000.22,1686.943,596.0,437.0,147.0,103.0,12.0,96.0,108.0,54.0,10.0,63.0,5.30692,3.1949,2.3443,0.8505,0.29534,115.08,115.13,23.5424,0.2122,0.1278,0.56751,0.59398,0.23668,0.06483,0.11157,0.688,0.047,0.641,471.0436333333334,81.40519166666667,85.35690000000001,4.1942799976666665,2.5250625908333335
2026,2027,Houston,houston,LSU,lsu,2126210,Dedan Thomas Jr.,Junior,G,73,1.2998266666666667,player_id,Dedan Thomas Jr.,LSU,Houston,13.1896,61.0,10.6212,59.0,SEC,471.3,806.399,244.0,181.0,78.0,104.0,5.0,38.0,43.0,15.0,4.0,26.0,2.61088,2.0015,1.6338,0.3677,0.25592,125.61,115.92,23.6986,0.2216,0.1699,0.49448,0.56665,0.39711,0.05126,0.10774,4.348,1.966,2.382,317.1577066666667,135.18197333333333,55.89254666666667,3.3936914474666664,2.6016030733333335
2026,2027,Houston,houston,Kent St.,kent state,1908235,Delrecco Gillespie,Senior,F,80,1.011425,player_id,Delrecco Gillespie,Kent St.,Houston,0.6855,161.0,-2.5733,212.0,MAC,1051.16,1841.1,574.0,395.0,209.0,58.0,101.0,265.0,366.0,33.0,38.0,94.0,5.95351,3.984,2.1892,1.7949,0.26307,114.71,105.57,23.254,0.2266,0.1516,0.51772,0.58932,0.11933,0.19278,0.1618,0.742,1.231,-0.489,580.55795,58.66265,370.18155,6.021528851749999,4.0295172
2026,2027,Houston Christian,houston baptist,IU Indy,iupui,2324268,Aiden Miller,Sophomore,F,80,0.6494616666666667,player_id,Aiden Miller,IU Indy,Houston Christian,-13.8323,317.0,-3.6312,230.0,Horz,403.49,725.61,123.0,113.0,27.0,22.0,33.0,71.0,104.0,17.0,6.0,21.0,1.01014,0.4443,0.1706,0.2737,0.17026,102.47,117.07,11.808,0.1001,0.044,0.47345,0.49239,0.08374,0.14868,0.14395,-2.191,-0.758,-1.433,79.883785,14.288156666666668,67.54401333333334,0.6560472079666667,0.2885558185
2026,2027,Houston Christian,houston baptist,South Dakota St.,south dakota state,2099290,Bubz Alvarez,Sophomore,G,77,0.8824933333333334,player_id,Bubz Alvarez,South Dakota St.,Houston Christian,-4.6504,221.0,-3.6826,232.0,Sum,272.7,460.774,81.0,64.0,30.0,15.0,16.0,28.0,44.0,11.0,0.0,17.0,-0.2517,0.4352,0.1043,0.3309,0.17769,101.64,111.1,11.3797,-0.0369,0.0638,0.5,0.52461,0.09422,0.09269,0.18047,-2.9,-0.289,-2.611,71.48196,13.237400000000001,38.82970666666667,-0.222123572,0.38406109866666666
2026,2027,Houston Christian,houston baptist,Northwestern St.,northwestern state,2100345,Chris Mubiru,Junior,G,77,0.7500433333333334,player_id,Chris Mubiru,Northwestern St.,Houston Christian,-10.1974,282.0,-1.1742,174.0,Slnd,812.69,1295.134,201.0,159.0,49.0,57.0,33.0,86.0,119.0,21.0,16.0,30.0,1.66886,1.6992,0.8854,0.8138,0.14211,113.51,113.48,12.8935,0.0821,0.0836,0.50314,0.55648,0.14784,0.09025,0.14248,0.638,-0.683,1.321,150.75871,42.75247,89.25515666666668,1.2517173172666667,1.274473632
2026,2027,Houston Christian,houston baptist,Milwaukee,milwaukee,2321274,Esyah Pippa-White,Junior,G,74,0.7730750000000001,player_id,Esyah Pippa-White,Milwaukee,Houston Christian,-8.8155,268.0,-1.8407,197.0,Horz,567.21,957.018,134.0,140.0,60.0,66.0,6.0,48.0,54.0,11.0,1.0,32.0,-1.69695,-0.1213,-0.2924,0.1711,0.17381,90.43,121.3,6.1247,-0.1197,-0.0086,0.35714,0.40264,0.19405,0.05428,0.16129,0.883,0.853,0.03,103.59205000000001,51.02295,41.746050000000004,-1.31186962125,-0.09377399750000001
2026,2027,Houston Christian,houston baptist,Queens (NC),queens,2549968,Kam Clark,Junior,G,79,0.9705233333333333,player_id,Kam Clark,Queens (NC),Houston Christian,-1.7686,186.0,-5.1015,266.0,ASun,173.3,300.146,39.0,41.0,11.0,7.0,5.0,21.0,26.0,4.0,5.0,8.0,-0.44252,0.0069,-0.0736,0.0805,0.1548,90.66,119.48,6.5406,-0.1021,0.0016,0.35366,0.42576,0.06238,0.08853,0.14859,-1.127,-1.328,0.201,37.85041,6.793663333333333,25.233606666666667,-0.42947598546666665,0.006696611
2026,2027,Houston Christian,houston baptist,Central Mich.,central michigan,2482121,Kayden Nation,Junior,F,79,0.7666516666666667,player_id,Kayden Nation,Central Mich.,Houston Christian,-9.2009,271.0,-2.019,199.0,MAC,65.26,108.142,31.0,26.0,7.0,4.0,0.0,4.0,4.0,1.0,0.0,2.0,-0.00799,0.1276,0.1032,0.0244,0.25072,112.77,120.48,13.1967,-0.0049,0.0782,0.46154,0.53265,0.12443,0.03753,0.06435,-1.175,-0.32,-0.855,23.766201666666667,3.066606666666667,3.066606666666667,-0.006125546816666667,0.09782475266666667
2026,2027,Houston Christian,houston baptist,Northwestern Okla.,northwestern okla,1917037,Max Alexander,Junior,G,71,1.0,player_id,Max Alexander,Northwestern Okla.,Houston Christian,,,,,,0.0,0.0,0.0,0.0,0.0,0.0,0.0,0.0,0.0,0.0,0.0,0.0,0.0,0.0,0.0,0.0,,,,,,,,,,,,,,,0.0,0.0,0.0,0.0,0.0
2026,2027,Howard,howard,Fresno St.,fresno state,2543790,Gasper Kocevar,Freshman,F,82,1.0549433333333333,player_id,Gasper Kocevar,Fresno St.,Howard,3.2966,129.0,4.7529,96.0,MWC,334.03,569.52,81.0,48.0,35.0,16.0,19.0,35.0,54.0,9.0,9.0,16.0,0.06338,0.8575,0.3653,0.4923,0.12104,115.81,108.22,12.7205,0.0076,0.1027,0.64583,0.6388,0.08802,0.09296,0.20151,-0.462,-1.196,0.734,85.45041,16.879093333333334,56.96694,0.06686230846666667,0.9046139083333334
2026,2027,Howard,howard,North Carolina,north carolina,2296141,James Brown,Sophomore,F,82,1.4452433333333334,player_id,James Brown,North Carolina,Howard,20.1146,32.0,11.1241,49.0,ACC,50.02,85.536,11.0,4.0,13.0,3.0,5.0,8.0,13.0,1.0,2.0,2.0,-0.01931,0.1594,0.0617,0.0977,0.1172,116.3,102.87,11.1835,-0.0154,0.1275,0.75,0.56701,0.09452,0.13481,0.17065,-0.925,-0.577,-0.348,15.897676666666667,4.33573,18.788163333333333,-0.02790764876666667,0.23037178733333333
2026,2027,Howard,howard,Morehouse,morehouse,2363656,Josiah Lawson,Sophomore,F,79,1.0,player_id,Josiah Lawson,Morehouse,Howard,,,,,,0.0,0.0,0.0,0.0,0.0,0.0,0.0,0.0,0.0,0.0,0.0,0.0,0.0,0.0,0.0,0.0,,,,,,,,,,,,,,,0.0,0.0,0.0,0.0,0.0
2026,2027,Idaho,idaho,Saint Martin's,saint martins,2160899,Diego Trejo-Delgado,Junior,F,79,1.0,player_id,Diego Trejo-Delgado,Saint Martin's,Idaho,,,,,,0.0,0.0,0.0,0.0,0.0,0.0,0.0,0.0,0.0,0.0,0.0,0.0,0.0,0.0,0.0,0.0,,,,,,,,,,,,,,,0.0,0.0,0.0,0.0,0.0
2026,2027,Idaho,idaho,Western Mich.,western michigan,2303041,Hudson Ward,Sophomore,F,79,0.7637783333333333,player_id,Hudson Ward,Western Mich.,Idaho,-9.3733,274.0,-1.7056,193.0,MAC,205.88,352.393,55.0,47.0,2.0,9.0,7.0,30.0,37.0,7.0,3.0,4.0,0.45113,0.4542,0.269,0.1852,0.12403,120.71,114.58,13.3666,0.0876,0.0882,0.58511,0.57411,0.0792,0.09934,0.0771,-2.351,-1.186,-1.165,42.00780833333334,6.874005,28.259798333333332,0.34456331951666663,0.346908119
2026,2027,Idaho,idaho,Washington St.,washington state,2282765,Kase Wynott,Sophomore,G,78,1.03543,player_id,Kase Wynott,Washington St.,Idaho,2.1258,140.0,4.655,97.0,WCC,40.68,70.948,14.0,13.0,0.0,0.0,0.0,2.0,2.0,2.0,0.0,1.0,-0.04863,,,0.0348,0.17416,,115.13,10.4817,-0.0478,,0.53846,0.53846,0.0,0.03251,0.07143,-1.961,-1.123,-0.838,14.496020000000001,0.0,2.07086,-0.0503529609,0.0
2026,2027,Idaho,idaho,St. Thomas (MN),saint thomas,2283309,Ryan Lafferty,Sophomore,G,77,1.08197,player_id,Ryan Lafferty,St. Thomas (MN),Idaho,4.9182,115.0,-5.6435,275.0,Sum,126.06,217.989,9.0,11.0,2.0,13.0,1.0,15.0,16.0,8.0,1.0,12.0,-0.45993,0.0283,-0.2079,0.2362,0.10033,65.7,103.75,4.0856,-0.1459,0.009,0.40909,0.37815,0.15607,0.07883,0.50251,0.26,-0.755,1.015,9.73773,14.065610000000001,17.31152,-0.49763046210000006,0.030619751
2026,2027,Idaho St.,idaho state,Pacific,pacific,2539082,Eyal Harel,Freshman,G,79,1.087695,player_id,Eyal Harel,Pacific,Idaho St.,5.2617,112.0,2.5501,110.0,WCC,1.3,1.966,0.0,0.0,0.0,0.0,0.0,0.0,0.0,0.0,0.0,0.0,-0.00898,,,0.0008,0.0,,117.46,0.0,-0.2763,,,,0.0,0.0,,,,,0.0,0.0,0.0,-0.009767501100000001,0.0
2026,2027,Idaho St.,idaho state,Jefferson,jefferson,2132524,Jeremiah Dorsey,Junior,G,71,1.0,player_id,Jeremiah Dorsey,Jefferson,Idaho St.,,,,,,0.0,0.0,0.0,0.0,0.0,0.0,0.0,0.0,0.0,0.0,0.0,0.0,0.0,0.0,0.0,0.0,,,,,,,,,,,,,,,0.0,0.0,0.0,0.0,0.0
2026,2027,Idaho St.,idaho state,CUI,cui,2567156,Macarhy Morris,Junior,G,72,1.0,player_id,Macarhy Morris,CUI,Idaho St.,,,,,,0.0,0.0,0.0,0.0,0.0,0.0,0.0,0.0,0.0,0.0,0.0,0.0,0.0,0.0,0.0,0.0,,,,,,,,,,,,,,,0.0,0.0,0.0,0.0,0.0
2026,2027,Idaho St.,idaho state,Stanislaus St.,stanislaus state,2549374,Malachi Johnson,Freshman,F,82,1.0,player_id,Malachi Johnson,Stanislaus St.,Idaho St.,,,,,,0.0,0.0,0.0,0.0,0.0,0.0,0.0,0.0,0.0,0.0,0.0,0.0,0.0,0.0,0.0,0.0,,,,,,,,,,,,,,,0.0,0.0,0.0,0.0,0.0
2026,2027,Idaho St.,idaho state,Stanislaus St.,stanislaus state,2306157,Malik Johnson,Freshman,F,81,1.0,player_id,Malik Johnson,Stanislaus St.,Idaho St.,,,,,,0.0,0.0,0.0,0.0,0.0,0.0,0.0,0.0,0.0,0.0,0.0,0.0,0.0,0.0,0.0,0.0,,,,,,,,,,,,,,,0.0,0.0,0.0,0.0,0.0
2026,2027,Idaho St.,idaho state,Pepperdine,pepperdine,2471982,Ty Virgil,Freshman,G,78,0.7813566666666667,player_id,Ty Virgil,Pepperdine,Idaho St.,-8.3186,263.0,2.5474,111.0,WCC,0.0,0.0,0.0,0.0,0.0,0.0,0.0,0.0,0.0,0.0,0.0,0.0,0.0,0.0,0.0,0.0,,,,,,,,,,,,,,,0.0,0.0,0.0,0.0,0.0
2026,2027,Illinois,illinois,Providence,providence,2507005,Stefan Vaaks,Freshman,G,79,1.2827883333333334,player_id,Stefan Vaaks,Providence,Illinois,12.1673,67.0,11.0749,51.0,BE,976.07,1726.284,491.0,380.0,112.0,99.0,14.0,63.0,77.0,26.0,8.0,59.0,3.27032,2.6239,2.1134,0.5105,0.24229,117.63,118.83,16.7439,0.134,0.1075,0.52237,0.57186,0.18262,0.04332,0.12083,1.543,3.395,-1.852,629.8490716666668,126.99604500000001,98.77470166666667,4.195128342266667,3.3659083078333336
2026,2027,UIC,illinois chicago,Furman,furman,2118358,Asa Thomas,Sophomore,G,79,0.9763616666666667,player_id,Asa Thomas,Furman,UIC,-1.4183,184.0,-5.6642,276.0,SC,685.47,1130.584,292.0,233.0,50.0,45.0,6.0,81.0,87.0,9.0,11.0,16.0,2.85413,2.283,1.4521,0.8309,0.20682,121.79,111.09,16.4163,0.1666,0.1332,0.54721,0.57255,0.12685,0.0726,0.05904,-0.639,0.395,-1.034,285.09760666666665,43.936275,84.943465,2.7866631236833332,2.229033685
2026,2027,UIC,illinois chicago,Ohio St.,ohio state,2099636,Gabe Cupps,Sophomore,G,74,1.45,player_id,Gabe Cupps,Ohio St.,UIC,22.2159,25.0,13.7133,22.0,B10,405.91,659.853,55.0,45.0,19.0,36.0,6.0,31.0,37.0,12.0,1.0,21.0,-1.10134,0.525,0.0612,0.4639,0.09794,100.03,111.91,5.7734,-0.1085,0.0517,0.45556,0.51498,0.13928,0.05676,0.28241,0.001,0.781,-0.78,79.75,52.199999999999996,53.65,-1.596943,0.76125
2026,2027,UIC,illinois chicago,Saint Peter's,saint peters,2117917,Lucas Scroggins,Sophomore,F,81,0.7993216666666667,player_id,Lucas Scroggins,Saint Peter's,UIC,-7.2407,253.0,-8.0176,317.0,MAAC,451.78,714.141,146.0,96.0,37.0,11.0,77.0,58.0,135.0,12.0,29.0,7.0,3.1096,2.1501,1.3489,0.8012,0.13473,143.03,104.87,23.7263,0.2753,0.1904,0.66667,0.65004,0.05496,0.17036,0.05869,3.327,2.323,1.004,116.70096333333333,8.792538333333333,107.90842500000001,2.4855706546666667,1.7186215155000002
2026,2027,Illinois St.,illinois state,Bradley,bradley,2091388,Demarion Burch,Junior,G,76,1.0498083333333332,player_id,Demarion Burch,Bradley,Illinois St.,2.9885,131.0,0.4325,137.0,MVC,577.37,964.708,224.0,205.0,53.0,23.0,15.0,38.0,53.0,14.0,5.0,23.0,-0.8649,0.8074,0.1484,0.659,0.22631,99.64,111.95,11.078,-0.0599,0.0559,0.47073,0.49058,0.07934,0.0536,0.09152,-3.119,-2.064,-1.055,235.15706666666665,24.145591666666665,55.63984166666666,-0.9079792274999999,0.8476152483333332
2026,2027,Illinois St.,illinois state,Le Moyne,le moyne,2337435,Deng Garang,Sophomore,G,78,0.7240833333333333,player_id,Deng Garang,Le Moyne,Illinois St.,-11.755,299.0,-10.8242,353.0,NEC,942.39,1599.772,329.0,266.0,69.0,29.0,33.0,128.0,161.0,35.0,17.0,47.0,1.44563,2.0204,0.5309,1.4895,0.18989,103.91,106.96,13.229,0.0614,0.0858,0.52632,0.55499,0.06261,0.09767,0.13688,-3.889,-2.021,-1.868,238.22341666666665,20.998416666666667,116.57741666666666,1.0467565891666666,1.4629379666666666
2026,2027,Illinois St.,illinois state,Western Ky.,western kentucky,2140412,Louie Semona,Junior,F,80,1.0048966666666668,player_id,Louie Semona,Western Ky.,Illinois St.,0.2938,167.0,-0.8085,167.0,CUSA,44.14,77.264,10.0,7.0,4.0,3.0,1.0,5.0,6.0,1.0,0.0,2.0,-0.08434,0.0935,0.0416,0.0519,0.11452,114.32,111.54,7.2702,-0.0764,0.0847,0.42857,0.56818,0.11307,0.06945,0.18587,-0.168,0.18,-0.348,10.048966666666669,3.0146900000000003,6.029380000000001,-0.08475298486666667,0.09395783833333335
2026,2027,Illinois St.,illinois state,Missouri St.,missouri state,2313693,Zaxton King,Sophomore,G,75,0.9108533333333333,player_id,Zaxton King,Missouri St.,Illinois St.,-2.9488,204.0,-1.7009,192.0,CUSA,837.46,1354.582,220.0,171.0,55.0,52.0,5.0,50.0,55.0,22.0,3.0,24.0,-0.64191,1.553,0.9233,0.6297,0.13734,115.68,116.26,10.2507,-0.0307,0.0742,0.52632,0.56352,0.11996,0.03971,0.10949,-1.992,-2.084,0.092,200.38773333333333,47.36437333333333,50.09693333333333,-0.5846858631999999,1.4145552266666666
2026,2027,UIW,incarnate word,Bucknell,bucknell,2113903,Brandon McCreesh,Junior,G,76,0.6004633333333332,player_id,Brandon McCreesh,Bucknell,UIW,-16.7722,331.0,-6.3678,288.0,PL,219.51,367.074,59.0,51.0,8.0,13.0,7.0,18.0,25.0,4.0,4.0,6.0,0.23081,0.3454,0.218,0.1274,0.14354,112.4,118.16,11.6474,0.0421,0.0629,0.52941,0.54128,0.13125,0.06578,0.09914,-0.674,0.515,-1.189,35.42733666666666,7.806023333333332,15.01158333333333,0.13859294196666663,0.2074000353333333
2026,2027,UIW,incarnate word,San Diego,san diego,2533776,Darrae Goodwin,Freshman,F,78,0.8743766666666666,player_id,Darrae Goodwin,San Diego,UIW,-5.1374,226.0,1.8859,117.0,WCC,186.22,315.53,56.0,48.0,9.0,8.0,10.0,20.0,30.0,3.0,5.0,10.0,0.0446,0.2113,0.082,0.1293,0.16827,102.81,116.92,10.4689,0.0096,0.0454,0.52083,0.53846,0.08178,0.09629,0.16139,-0.967,-1.817,0.85,48.96509333333333,6.995013333333333,26.231299999999997,0.03899719933333333,0.18475578966666664
2026,2027,UIW,incarnate word,William & Mary,william and mary,2538954,Kaleb Spencer,Freshman,F,80,1.0226383333333333,player_id,Kaleb Spencer,William & Mary,UIW,1.3583,145.0,-2.4783,208.0,CAA,7.71,14.735,4.0,6.0,0.0,2.0,6.0,2.0,8.0,0.0,0.0,1.0,0.11134,,,0.0108,0.42978,,109.08,37.7402,0.5776,,0.33333,0.33333,0.59723,0.60813,0.14286,,,,4.090553333333333,2.0452766666666666,8.181106666666667,0.11386055203333333,0.0
2026,2027,UIW,incarnate word,Florida St.,florida state,2550799,MAXIMO GARCIA-PLATA NIETO,Freshman,G,76,1.2976966666666667,player_id,MAXIMO GARCIA-PLATA NIETO,Florida St.,UIW,13.0618,62.0,10.5312,61.0,ACC,0.0,0.0,0.0,0.0,0.0,0.0,0.0,0.0,0.0,0.0,0.0,0.0,0.0,0.0,0.0,0.0,,,,,,,,,,,,,,,0.0,0.0,0.0,0.0,0.0
2026,2027,UIW,incarnate word,Sacred Heart,sacred heart,2342511,Mekhi Conner,Sophomore,G,73,0.7303016666666667,player_id,Mekhi Conner,Sacred Heart,UIW,-11.3819,294.0,-7.5968,310.0,MAAC,895.83,1505.607,233.0,227.0,63.0,185.0,16.0,86.0,102.0,31.0,5.0,77.0,0.31981,1.0402,0.3091,0.731,0.19023,100.6,115.55,10.5835,0.0143,0.0464,0.40749,0.4574,0.37903,0.06518,0.23212,-0.993,0.98,-1.973,170.16028833333334,135.10580833333336,74.49077000000001,0.2335577760166667,0.7596597936666668
2026,2027,Indiana,indiana,Alabama,alabama,2301241,Aiden Sherrell,Sophomore,F,82,1.45,player_id,Aiden Sherrell,Alabama,Indiana,27.2167,12.0,17.2303,2.0,SEC,811.87,1460.617,379.0,241.0,129.0,39.0,81.0,129.0,210.0,20.0,76.0,32.0,5.80142,3.6772,2.5485,1.1287,0.19048,133.57,109.17,24.1204,0.2858,0.1812,0.59544,0.63633,0.08159,0.12966,0.09704,6.497,4.32,2.177,549.55,56.55,304.5,8.412059,5.3319399999999995
2026,2027,Indiana,indiana,Villanova,villanova,2122481,Bryce Lindsay,Sophomore,G,75,1.4419183333333334,player_id,Bryce Lindsay,Villanova,Indiana,19.9151,33.0,10.8642,54.0,BE,944.7,1533.152,406.0,345.0,83.0,68.0,19.0,50.0,69.0,23.0,0.0,38.0,1.26637,2.461,1.4517,1.0093,0.23007,112.87,112.71,13.7742,0.0536,0.1042,0.49565,0.53211,0.1345,0.04282,0.09058,4.113,3.373,0.74,585.4188433333334,98.05044666666667,99.492365,1.8260021197833334,3.5485610183333334
2026,2027,Indiana,indiana,Duke,duke,2319987,Darren Harris,Sophomore,G,78,1.45,player_id,Darren Harris,Duke,Indiana,37.3719,3.0,14.2162,18.0,ACC,347.66,583.032,119.0,91.0,39.0,13.0,15.0,15.0,30.0,11.0,0.0,5.0,0.74964,1.4689,0.7881,0.6808,0.16583,130.44,102.89,13.1975,0.0862,0.169,0.48901,0.54991,0.06055,0.04955,0.04419,1.685,0.637,1.048,172.54999999999998,18.849999999999998,43.5,1.086978,2.129905
2026,2027,Indiana,indiana,Georgia Tech,georgia tech,2304014,Jaeden Mustaf,Sophomore,G,77,1.0537433333333335,player_id,Jaeden Mustaf,Georgia Tech,Indiana,0.2246,169.0,5.7008,87.0,ACC,804.21,1409.691,301.0,231.0,110.0,71.0,32.0,93.0,125.0,16.0,5.0,44.0,0.06373,1.7668,0.8843,0.8825,0.19739,109.43,112.4,13.2515,0.0032,0.0879,0.47835,0.53865,0.16885,0.08403,0.13605,-0.41,-1.047,0.637,317.1767433333334,74.81577666666668,131.7179166666667,0.06715506263333333,1.8617537213333335
2026,2027,Indiana,indiana,UMES,maryland eastern shore,2555564,Justin Monden,Junior,G,72,0.55,player_id,Justin Monden,UMES,Indiana,-20.726,350.0,-9.3762,343.0,MEAC,640.38,1000.845,182.0,175.0,36.0,48.0,9.0,24.0,33.0,23.0,0.0,47.0,-1.75176,0.1989,-0.3982,0.5971,0.19919,89.88,114.15,6.978,-0.1094,0.0124,0.44571,0.47694,0.16485,0.03241,0.19761,-4.773,-2.707,-2.066,100.10000000000001,26.400000000000002,18.150000000000002,-0.9634680000000001,0.109395
2026,2027,Indiana,indiana,Notre Dame,notre dame,2092616,Markus Burton,Junior,G,72,1.2210533333333333,player_id,Markus Burton,Notre Dame,Indiana,8.4632,93.0,10.0663,66.0,ACC,300.97,485.086,185.0,133.0,48.0,37.0,6.0,22.0,28.0,16.0,1.0,26.0,1.64427,1.2044,0.8516,0.3528,0.31279,117.49,111.52,24.0472,0.2185,0.1601,0.53008,0.60026,0.27579,0.05557,0.14435,4.856,1.71,3.146,225.89486666666667,45.17897333333333,34.18949333333333,2.0077413643999997,1.4706366346666666
2026,2027,Indiana,indiana,SMU,smu,2315141,Samet Yigitoglu,Sophomore,F,86,1.3902816666666669,player_id,Samet Yigitoglu,SMU,Indiana,16.8169,48.0,10.4606,63.0,ACC,980.78,1692.59,363.0,247.0,107.0,53.0,121.0,146.0,267.0,17.0,43.0,59.0,3.17577,3.1948,1.9745,1.2203,0.17611,120.89,110.8,18.9383,0.1295,0.1303,0.62753,0.61714,0.08925,0.15285,0.1671,4.587,2.271,2.316,504.6722450000001,73.68492833333335,371.20520500000003,4.415214808550001,4.441671868666667
2026,2027,Indiana (PA),indiana pa,Robert Morris,robert morris,2504132,Jeremiah Littlejohn,Junior,G,77,1.0287833333333334,player_id,Jeremiah Littlejohn,Robert Morris,Indiana (PA),1.727,141.0,-4.759,258.0,Horz,10.83,17.75,8.0,7.0,2.0,0.0,0.0,1.0,1.0,0.0,0.0,0.0,-0.02089,0.0352,0.0268,0.0084,0.36903,115.49,116.04,19.5232,-0.0772,0.1299,0.42857,0.50633,0.0,0.05596,0.0,,,,8.230266666666667,0.0,1.0287833333333334,-0.021491283833333333,0.036213173333333334
2026,2027,Indiana St.,indiana state,Buffalo,buffalo,2472150,Aleksa Vlajic,Freshman,F,82,0.9112399999999999,player_id,Aleksa Vlajic,Buffalo,Indiana St.,-2.9256,203.0,-3.9556,238.0,MAC,0.57,0.897,0.0,0.0,0.0,0.0,0.0,1.0,1.0,0.0,0.0,0.0,0.00813,,,0.004,0.0,,47.03,32.4916,0.5705,,,,0.0,1.04739,,,,,0.0,0.0,0.9112399999999999,0.0074083811999999995,0.0
2026,2027,Indiana St.,indiana state,SMU,smu,2315124,Chance Puryear,Freshman,G,79,1.3902816666666669,player_id,Chance Puryear,SMU,Indiana St.,16.8169,48.0,10.4606,63.0,ACC,35.53,63.685,4.0,5.0,3.0,0.0,3.0,3.0,6.0,0.0,1.0,4.0,-0.23759,-0.0713,-0.0966,0.0253,0.13896,56.85,116.72,-3.8169,-0.2675,-0.0803,0.3,0.31746,0.0,0.09476,0.3876,,,,5.561126666666667,0.0,8.341690000000002,-0.3303170211833334,-0.09912708283333335
2026,2027,Indiana St.,indiana state,Weber St.,weber state,2541454,Duce Paschal,Freshman,G,77,0.9112416666666666,player_id,Duce Paschal,Weber St.,Indiana St.,-2.9255,202.0,-2.479,209.0,BSky,341.73,573.845,93.0,95.0,25.0,17.0,14.0,50.0,64.0,22.0,3.0,17.0,0.14891,0.41,-0.0875,0.4975,0.18071,93.7,108.41,10.645,0.0174,0.048,0.4,0.43868,0.08557,0.11142,0.13821,-0.086,-0.725,0.639,84.745475,15.491108333333333,58.31946666666666,0.1356929965833333,0.3736090833333333
2026,2027,Indiana St.,indiana state,Lander,lander,2124941,Greyson Pritzl,Junior,G,75,1.0,player_id,Greyson Pritzl,Lander,Indiana St.,,,,,,0.0,0.0,0.0,0.0,0.0,0.0,0.0,0.0,0.0,0.0,0.0,0.0,0.0,0.0,0.0,0.0,,,,,,,,,,,,,,,0.0,0.0,0.0,0.0,0.0
2026,2027,Indiana St.,indiana state,Georgia St.,georgia state,2511328,Joah Chappelle,Sophomore,F,80,0.6639033333333334,player_id,Joah Chappelle,Georgia St.,Indiana St.,-12.9658,309.0,-4.2366,248.0,SB,612.04,1028.62,178.0,157.0,45.0,14.0,46.0,86.0,132.0,19.0,21.0,20.0,0.64647,1.2453,0.4098,0.8354,0.16361,106.15,109.46,13.7308,0.0423,0.0814,0.46497,0.50339,0.05216,0.11812,0.10163,-3.204,-1.892,-1.312,118.17479333333334,9.294646666666667,87.63524000000001,0.42919358790000006,0.8267588210000001
2026,2027,Indiana St.,indiana state,USC Upstate,usc upstate,2345231,Karmani Gregory,Junior,G,73,0.6762666666666667,player_id,Karmani Gregory,USC Upstate,Indiana St.,-12.224,302.0,-5.6117,273.0,BSth,889.33,1512.032,451.0,372.0,119.0,82.0,10.0,50.0,60.0,31.0,6.0,67.0,1.42982,1.7206,0.7896,0.931,0.27773,104.3,112.87,15.6437,0.0643,0.0774,0.4879,0.53134,0.20347,0.03766,0.13636,-3.584,-0.576,-3.008,304.99626666666666,55.45386666666667,40.576,0.9669396053333335,1.1635844266666666
2026,2027,Indiana St.,indiana state,IU Indy,iupui,2471964,Maguire Mitchell,Freshman,G,77,0.6494616666666667,player_id,Maguire Mitchell,IU Indy,Indiana St.,-13.8323,317.0,-3.6312,230.0,Horz,805.89,1474.742,356.0,298.0,36.0,29.0,27.0,41.0,68.0,35.0,17.0,27.0,1.41434,1.2404,1.0372,0.2031,0.19817,112.86,121.84,13.8489,0.0702,0.0616,0.55034,0.56724,0.05939,0.04844,0.07922,0.091,1.218,-1.127,231.20835333333335,18.834388333333333,44.16339333333334,0.9185596136333334,0.8055922513333333
2026,2027,Indiana St.,indiana state,Eastern Ill.,eastern illinois,2493093,Meechie White,Junior,G,73,0.630705,player_id,Meechie White,Eastern Ill.,Indiana St.,-14.9577,324.0,-6.4907,292.0,OVC,925.42,1494.307,317.0,248.0,90.0,86.0,22.0,90.0,112.0,61.0,3.0,55.0,3.15221,2.3675,0.8841,1.4833,0.19698,107.68,106.76,15.7098,0.1362,0.1023,0.48387,0.55111,0.207,0.0717,0.16054,-2.572,-4.025,1.453,199.933485,54.240629999999996,70.63896,1.98811460805,1.4931940875
2026,2027,Iona,iona,Holy Cross,holy cross,2534872,Aiden Disu,Freshman,F,79,0.6040116666666667,player_id,Aiden Disu,Holy Cross,Iona,-16.5593,330.0,-7.4158,306.0,PL,774.23,1251.139,308.0,243.0,77.0,24.0,28.0,115.0,143.0,19.0,23.0,46.0,1.10831,1.2859,0.4885,0.7974,0.23002,103.24,113.15,15.852,0.0573,0.0664,0.50617,0.55616,0.06695,0.11442,0.14247,-4.508,-2.797,-1.711,186.03559333333334,14.496280000000002,86.37366833333334,0.6694321702833333,0.7766986021666668
2026,2027,Iona,iona,Drexel,drexel,2307536,Kevon Vanderhorst,Junior,G,74,0.8796083333333333,player_id,Kevon Vanderhorst,Drexel,Iona,-4.8235,223.0,-4.7495,257.0,CAA,964.37,1541.417,298.0,249.0,69.0,90.0,24.0,62.0,86.0,32.0,0.0,47.0,0.61913,2.3959,1.0188,1.3771,0.18029,109.91,108.68,12.7663,0.0257,0.0994,0.49197,0.53329,0.19277,0.05198,0.14401,-0.102,-1.762,1.66,262.12328333333335,79.16475,75.64631666666666,0.5445919074166666,2.1074536058333333
2026,2027,Iona,iona,VCU,vcu,2125077,Keyshawn Mitchell,Junior,F,83,1.3506,player_id,Keyshawn Mitchell,VCU,Iona,17.436,42.0,4.9152,94.0,A10,211.82,364.942,64.0,47.0,32.0,10.0,13.0,40.0,53.0,4.0,5.0,9.0,0.32631,0.6256,0.2356,0.39,0.16369,111.65,104.07,13.3884,0.0616,0.1181,0.45745,0.52373,0.07751,0.13959,0.12842,1.092,1.355,-0.263,86.4384,13.506,71.5818,0.440714286,0.84493536
2026,2027,Iona,iona,Idaho St.,idaho state,2472221,Martin Kheil,Sophomore,G,76,0.7977366666666666,player_id,Martin Kheil,Idaho St.,Iona,-7.3358,255.0,-1.1637,172.0,BSky,863.49,1410.744,267.0,214.0,52.0,35.0,3.0,65.0,68.0,18.0,2.0,27.0,0.11938,1.3264,1.0586,0.2679,0.1602,115.64,121.22,10.6646,0.0055,0.0614,0.52804,0.56353,0.07661,0.05077,0.10232,-0.149,1.535,-1.684,212.99569,27.920783333333333,54.246093333333334,0.09523380326666667,1.0581179146666666
2026,2027,Iona,iona,St. John's (NY),saint johns,1890621,Sadiku Ibine Ayo,Senior,F,79,1.45,player_id,Sadiku Ibine Ayo,St. John's (NY),Iona,27.1702,13.0,12.5947,33.0,BE,232.81,413.971,53.0,53.0,1.0,13.0,3.0,28.0,31.0,13.0,3.0,8.0,-0.0816,0.6056,0.0654,0.5401,0.12687,102.14,98.79,10.4049,-0.014,0.104,0.49057,0.49625,0.09451,0.0725,0.13021,3.012,0.691,2.321,76.85,18.849999999999998,44.949999999999996,-0.11832000000000001,0.87812
2026,2027,Iowa,iowa,Saint Mary's (CA),saint marys,2125382,Andrew McKeever,Junior,F,85,1.4245383333333335,player_id,Andrew McKeever,Saint Mary's (CA),Iowa,21.8723,26.0,5.1762,91.0,WCC,745.11,1208.071,265.0,205.0,90.0,58.0,120.0,172.0,292.0,17.0,27.0,56.0,4.63645,3.3238,1.3365,1.9873,0.2089,114.55,95.18,21.4158,0.2489,0.1784,0.50732,0.5417,0.15111,0.22739,0.18629,3.859,1.71,2.149,377.5026583333334,82.62322333333334,415.9651933333334,6.604800755583334,4.7348805123333335
2026,2027,Iowa,iowa,Illinois St.,illinois state,2481868,Ty'Reek Coleman,Freshman,G,74,1.15303,player_id,Ty'Reek Coleman,Illinois St.,Iowa,7.3818,97.0,2.0255,114.0,MVC,774.47,1283.01,341.0,233.0,104.0,59.0,15.0,77.0,92.0,31.0,5.0,56.0,2.15903,2.6273,1.1593,1.468,0.22694,111.95,103.45,16.9824,0.1115,0.1357,0.57511,0.61155,0.15146,0.07029,0.16728,4.513,0.647,3.866,393.18323,68.02877,106.07876,2.4894263609,3.029355719
2026,2027,Iowa St.,iowa state,Bradley,bradley,2269289,Jaquan Johnson,Sophomore,G,69,1.0498083333333332,player_id,Jaquan Johnson,Bradley,Iowa St.,2.9885,131.0,0.4325,137.0,MVC,1006.15,1663.694,554.0,400.0,213.0,119.0,32.0,99.0,131.0,79.0,1.0,47.0,7.63768,4.7781,2.8929,1.8852,0.28165,119.98,103.79,24.615,0.3036,0.19,0.4825,0.56107,0.25327,0.07714,0.08692,3.78,1.919,1.861,581.5938166666666,124.92719166666666,137.52489166666666,8.018100111333332,5.0160891974999995
2026,2027,Iowa St.,iowa state,UNI,northern iowa,1895643,Leon Bond III,Junior,G,77,1.2121983333333335,player_id,Leon Bond III,UNI,Iowa St.,10.9319,78.0,1.4812,122.0,MVC,1168.27,1819.42,423.0,341.0,72.0,53.0,26.0,140.0,166.0,26.0,25.0,37.0,3.34242,3.951,1.392,2.559,0.20136,110.85,100.17,15.7384,0.1144,0.1353,0.54106,0.56748,0.09067,0.08787,0.09031,3.536,1.427,2.109,512.759895,64.24651166666668,201.22492333333335,4.051675953300001,4.789395615000001
2026,2027,Iowa St.,iowa state,Robert Morris,robert morris,1949209,Ryan Prather Jr.,Junior,G,77,1.0287833333333334,player_id,Ryan Prather Jr.,Robert Morris,Iowa St.,1.727,141.0,-4.759,258.0,Horz,1077.91,1746.331,500.0,393.0,83.0,116.0,45.0,76.0,121.0,27.0,2.0,26.0,6.15298,4.7863,3.7275,1.0588,0.21757,134.37,113.7,20.2361,0.2283,0.1776,0.54707,0.58207,0.20441,0.06749,0.05708,2.484,2.997,-0.513,514.3916666666667,119.33886666666668,124.48278333333334,6.330083274333334,4.924065668333333
2026,2027,Iowa St.,iowa state,Kansas St.,kansas state,1910323,Taj Manning,Junior,F,79,1.1657333333333333,player_id,Taj Manning,Kansas St.,Iowa St.,6.944,103.0,12.7102,31.0,B12,621.42,1110.712,126.0,101.0,33.0,28.0,64.0,90.0,154.0,21.0,22.0,21.0,0.93229,1.4752,0.7286,0.7466,0.10514,119.28,111.2,13.1343,0.06,0.095,0.5099,0.54545,0.07028,0.13717,0.15382,0.918,-1.877,2.795,146.8824,32.64053333333333,179.52293333333333,1.0868015293333333,1.7196898133333334
2026,2027,Iowa St.,iowa state,Northwestern,northwestern,2567231,Tre Singleton,Freshman,F,80,1.3053316666666668,player_id,Tre Singleton,Northwestern,Iowa St.,13.5199,58.0,12.9989,29.0,B10,850.43,1345.655,257.0,195.0,84.0,50.0,46.0,118.0,164.0,21.0,19.0,34.0,1.13022,2.123,1.0396,1.0834,0.17029,112.83,110.46,14.1223,0.0532,0.0999,0.5,0.55388,0.10834,0.11889,0.12784,0.865,-0.261,1.126,335.4702383333334,65.26658333333334,214.07439333333335,1.4753119563000001,2.771219128333334
2026,2027,IU Indy,iupui,California (PA),california pa,1953865,Antoine Arnett,Sophomore,F,78,1.0,player_id,Antoine Arnett,California (PA),IU Indy,,,,,,0.0,0.0,0.0,0.0,0.0,0.0,0.0,0.0,0.0,0.0,0.0,0.0,0.0,0.0,0.0,0.0,,,,,,,,,,,,,,,0.0,0.0,0.0,0.0,0.0
2026,2027,IU Indy,iupui,Idaho St.,idaho state,1695200,Gus Etchison,Senior,G,71,0.7977366666666666,player_id,Gus Etchison,Idaho St.,IU Indy,-7.3358,255.0,-1.1637,172.0,BSky,395.11,647.138,260.0,210.0,55.0,66.0,6.0,33.0,39.0,15.0,2.0,36.0,2.61948,1.268,1.0427,0.2253,0.3582,113.7,118.34,23.972,0.2652,0.1284,0.53095,0.55508,0.43485,0.06315,0.13323,-0.927,-0.675,-0.252,207.41153333333332,52.650619999999996,31.111729999999998,2.0896552435999998,1.0115300933333333
2026,2027,IU Indy,iupui,App State,appalachian state,2302341,Jason Clarke Jr.,Sophomore,G,72,0.9614783333333333,player_id,Jason Clarke Jr.,App State,IU Indy,-2.3113,195.0,-5.7475,279.0,SB,289.49,455.415,73.0,69.0,24.0,29.0,7.0,26.0,33.0,8.0,1.0,8.0,-0.27965,0.6543,0.2285,0.4258,0.16236,107.62,108.23,10.8821,-0.0386,0.0904,0.42754,0.45854,0.19725,0.06353,0.09137,-5.992,-1.98,-4.012,70.18791833333333,27.882871666666666,31.728785,-0.2688774159166667,0.6290952734999999
2026,2027,IU Indy,iupui,Colo. Sch. of Mines,colo sch of mines,2110339,Markus Pastorcic-Straun,Junior,G,75,1.0,player_id,Markus Pastorcic-Straun,Colo. Sch. of Mines,IU Indy,,,,,,0.0,0.0,0.0,0.0,0.0,0.0,0.0,0.0,0.0,0.0,0.0,0.0,0.0,0.0,0.0,0.0,,,,,,,,,,,,,,,0.0,0.0,0.0,0.0,0.0
2026,2027,IU Indy,iupui,Bucknell,bucknell,2531873,Pat Curtin,Freshman,G,75,0.6004633333333332,player_id,Pat Curtin,Bucknell,IU Indy,-16.7722,331.0,-6.3678,288.0,PL,677.78,1106.549,345.0,289.0,86.0,41.0,29.0,87.0,116.0,38.0,1.0,49.0,2.04673,1.256,0.4592,0.7968,0.29205,102.33,111.5,17.9171,0.1208,0.0741,0.47751,0.52785,0.14641,0.10454,0.13037,0.958,1.767,-0.809,207.15984999999998,24.618996666666664,69.65374666666665,1.2289863182333332,0.7541819466666666
2026,2027,IU Indy,iupui,Gannon,gannon,1908785,Precious Idiaru,Junior,F,82,1.0,player_id,Precious Idiaru,Gannon,IU Indy,,,,,,0.0,0.0,0.0,0.0,0.0,0.0,0.0,0.0,0.0,0.0,0.0,0.0,0.0,0.0,0.0,0.0,,,,,,,,,,,,,,,0.0,0.0,0.0,0.0,0.0
2026,2027,Jackson St.,jackson state,Northwestern St.,northwestern state,2122809,Chip Brunt,Junior,G,77,0.7500433333333334,player_id,Chip Brunt,Northwestern St.,Jackson St.,-10.1974,282.0,-1.1742,174.0,Slnd,307.38,490.807,79.0,53.0,34.0,17.0,2.0,29.0,31.0,15.0,5.0,22.0,-0.33243,0.3558,-0.02,0.3758,0.16094,96.06,111.0,10.44,-0.0433,0.0463,0.51887,0.58088,0.11469,0.06224,0.24455,-2.735,-3.176,0.441,59.25342333333334,12.750736666666668,23.251343333333335,-0.24933690530000002,0.266865418
2026,2027,Jackson St.,jackson state,UIW,incarnate word,2284624,Jayden Williams,Sophomore,F,81,0.7786850000000001,player_id,Jayden Williams,UIW,Jackson St.,-8.4789,265.0,-1.7156,194.0,Slnd,164.59,269.638,40.0,27.0,13.0,5.0,21.0,17.0,38.0,4.0,12.0,8.0,0.38572,0.4301,0.2531,0.177,0.12736,120.19,112.59,15.3334,0.0937,0.1045,0.59259,0.61162,0.05862,0.14023,0.19646,1.083,0.818,0.265,31.147400000000005,3.8934250000000006,29.590030000000002,0.30035437820000005,0.33491241850000003
2026,2027,Jackson St.,jackson state,Southeastern La.,southeastern louisiana,2321244,Makhi Myles,Sophomore,F,78,0.7433966666666667,player_id,Makhi Myles,Southeastern La.,Jackson St.,-10.5962,286.0,-1.1685,173.0,Slnd,632.34,1013.83,231.0,182.0,62.0,16.0,25.0,79.0,104.0,41.0,16.0,27.0,3.09309,1.7966,0.634,1.1625,0.19957,108.8,104.08,16.6659,0.1957,0.1136,0.49451,0.55184,0.05842,0.09944,0.11427,-0.925,-2.073,1.148,171.72463000000002,11.894346666666667,77.31325333333334,2.2993927957,1.3355864513333333
2026,2027,Jackson St.,jackson state,N.M. Highlands,n m highlands,2117695,Nikk Williams,Junior,F,80,1.0,player_id,Nikk Williams,N.M. Highlands,Jackson St.,,,,,,0.0,0.0,0.0,0.0,0.0,0.0,0.0,0.0,0.0,0.0,0.0,0.0,0.0,0.0,0.0,0.0,,,,,,,,,,,,,,,0.0,0.0,0.0,0.0,0.0
2026,2027,Jacksonville,jacksonville,Lafayette,lafayette,2313874,Caleb Williams,Sophomore,G,72,0.6253116666666666,player_id,Caleb Williams,Lafayette,Jacksonville,-15.2813,326.0,-7.9402,316.0,PL,988.89,1625.193,483.0,392.0,123.0,95.0,16.0,91.0,107.0,19.0,5.0,66.0,1.86356,1.8215,1.1028,0.7187,0.27505,106.27,116.54,15.4333,0.0754,0.0737,0.47832,0.54136,0.20986,0.06363,0.12888,-3.362,-1.987,-1.375,302.025535,59.40460833333333,66.90834833333332,1.1653058095333333,1.1390052008333331
2026,2027,Jacksonville,jacksonville,Georgia,georgia,1895176,Jaden Newell,Junior,F,80,1.4326616666666667,player_id,Jaden Newell,Georgia,Jacksonville,19.3597,35.0,11.0632,52.0,SEC,12.43,23.567,2.0,2.0,2.0,0.0,0.0,1.0,1.0,1.0,0.0,0.0,-0.05861,0.0173,-0.0026,0.0199,0.1031,91.66,106.74,3.6955,-0.1886,0.0558,0.0,0.34483,0.0,0.04253,0.0,,,,2.8653233333333334,0.0,1.4326616666666667,-0.08396830028333334,0.024785046833333334
2026,2027,Jacksonville,jacksonville,South Carolina St.,south carolina state,2153868,James Morrow,Junior,F,80,0.55,player_id,James Morrow,South Carolina St.,Jacksonville,-23.4073,356.0,-8.9989,337.0,MEAC,473.86,811.569,179.0,124.0,61.0,26.0,25.0,49.0,74.0,19.0,13.0,28.0,1.0945,1.0597,0.6854,0.3743,0.18862,114.26,115.83,15.3818,0.0924,0.0895,0.51613,0.5935,0.12421,0.09642,0.15656,-2.381,-2.012,-0.369,98.45,14.3,40.7,0.601975,0.5828350000000001
2026,2027,Jacksonville,jacksonville,Stetson,stetson,2319500,Jamie Phillips Jr.,Sophomore,G,77,0.6710866666666667,player_id,Jamie Phillips Jr.,Stetson,Jacksonville,-12.5348,303.0,-4.0923,244.0,ASun,467.25,792.675,232.0,179.0,71.0,38.0,14.0,61.0,75.0,7.0,4.0,30.0,0.65742,0.766,0.5886,0.1774,0.26868,107.78,120.43,16.7563,0.0563,0.0656,0.50838,0.55186,0.19343,0.09612,0.12488,-2.642,-1.398,-1.244,155.6921066666667,25.501293333333336,50.331500000000005,0.44118579640000005,0.5140523866666667
2026,2027,Jacksonville,jacksonville,Minnesota,minnesota,2292833,Nehemiah Turner,Sophomore,F,82,1.247705,player_id,Nehemiah Turner,Minnesota,Jacksonville,10.0623,82.0,10.4951,62.0,B10,39.72,65.554,5.0,10.0,2.0,2.0,3.0,8.0,11.0,3.0,3.0,2.0,-0.01922,0.0029,-0.1071,0.11,0.16999,65.05,93.79,7.9209,-0.0194,0.0029,0.2,0.22936,0.08397,0.16569,0.15528,-1.664,-1.416,-0.248,6.238525,2.49541,13.724755,-0.023980890100000003,0.0036183445
2026,2027,Jacksonville,jacksonville,Wofford,wofford,2475434,Rex Stirling,Junior,F,80,0.8004033333333334,player_id,Rex Stirling,Wofford,Jacksonville,-7.1758,251.0,-7.7174,311.0,SC,407.22,678.895,137.0,104.0,35.0,26.0,49.0,33.0,82.0,7.0,7.0,24.0,0.00326,0.9041,0.6988,0.2053,0.1801,116.51,119.02,15.3455,0.0003,0.0888,0.55769,0.5737,0.11857,0.11665,0.16736,1.512,1.108,0.404,109.65525666666667,20.810486666666666,65.63307333333333,0.0026093148666666665,0.7236446536666667
2026,2027,Jacksonville St.,jacksonville state,Jacksonville,jacksonville,2090934,Chris Lockett,Sophomore,G,76,0.7282833333333334,player_id,Chris Lockett,Jacksonville,Jacksonville St.,-11.503,295.0,-4.3292,251.0,ASun,751.18,1192.357,275.0,243.0,72.0,48.0,26.0,62.0,88.0,31.0,2.0,24.0,1.01935,1.534,1.0148,0.5193,0.21214,111.75,116.94,14.8087,0.0543,0.0817,0.44033,0.50055,0.12999,0.07379,0.08035,-0.992,-0.148,-0.844,200.27791666666667,34.9576,64.08893333333334,0.7423756158333333,1.1171866333333333
2026,2027,Jacksonville St.,jacksonville state,UC Riverside,uc riverside,2106214,Daniel Tobiloba,Junior,F,84,0.7874133333333334,player_id,Daniel Tobiloba,UC Riverside,Jacksonville St.,-7.9552,261.0,1.0418,127.0,BW,18.78,32.719,0.0,3.0,0.0,0.0,2.0,3.0,5.0,0.0,1.0,0.0,-0.10162,,,0.0206,0.0828,,112.41,0.4414,-0.2164,,0.0,0.0,0.0,0.15547,0.0,,,,0.0,0.0,3.937066666666667,-0.08001694293333335,0.0
2026,2027,Jacksonville St.,jacksonville state,Nevada,nevada,2545400,Ethan Croley,Freshman,F,80,1.2287700000000001,player_id,Ethan Croley,Nevada,Jacksonville St.,11.9262,72.0,6.03,84.0,MWC,83.85,133.135,30.0,21.0,13.0,0.0,9.0,12.0,21.0,1.0,2.0,4.0,0.02467,0.2039,0.0854,0.1185,0.19459,108.99,108.9,15.2178,0.0118,0.0973,0.57143,0.5618,0.0,0.15115,0.13021,-0.384,-0.266,-0.118,36.8631,0.0,25.804170000000003,0.030313755900000006,0.250546203
2026,2027,Jacksonville St.,jacksonville state,Loyola Maryland,loyola md,2106677,Jordan Stiemke,Junior,G,77,0.6309250000000001,player_id,Jordan Stiemke,Loyola Maryland,Jacksonville St.,-14.9445,323.0,-9.6172,348.0,PL,834.13,1396.841,291.0,265.0,53.0,38.0,28.0,66.0,94.0,23.0,15.0,25.0,0.37494,1.3129,0.7441,0.5688,0.19356,107.72,117.03,12.5188,0.018,0.063,0.46792,0.50468,0.08847,0.06588,0.07979,-3.009,-0.416,-2.593,183.59917500000003,23.975150000000003,59.30695000000001,0.23655901950000002,0.8283414325
2026,2027,Jacksonville St.,jacksonville state,Arizona St.,arizona state,2548122,Kash Polk,Freshman,F,82,1.2867133333333334,player_id,Kash Polk,Arizona St.,Jacksonville St.,12.4028,66.0,14.133,19.0,B12,2.98,5.144,0.0,0.0,0.0,0.0,0.0,0.0,0.0,0.0,0.0,0.0,-0.02073,,,0.0,0.0,,124.77,0.0,-0.2783,,,,0.0,0.0,,,,,0.0,0.0,0.0,-0.026673567399999997,0.0
2026,2027,Jacksonville St.,jacksonville state,Texas Tech,texas tech,2305705,Leon Horner,Sophomore,F,76,1.45,player_id,Leon Horner,Texas Tech,Jacksonville St.,24.4578,20.0,15.5665,8.0,B12,206.6,348.275,65.0,52.0,15.0,5.0,15.0,30.0,45.0,7.0,4.0,8.0,0.08837,0.6159,0.2881,0.3278,0.16289,116.33,106.94,14.1552,0.0171,0.1192,0.5,0.55461,0.04077,0.12213,0.12012,2.771,1.849,0.922,94.25,7.25,65.25,0.12813650000000001,0.8930549999999999
2026,2027,Jacksonville St.,jacksonville state,Abilene Christian,abilene christian,2125332,Ma'Shy Hill,Junior,F,82,0.8496049999999999,player_id,Ma'Shy Hill,Abilene Christian,Jacksonville St.,-6.6237,245.0,-0.1147,150.0,WAC,287.81,484.513,67.0,48.0,24.0,3.0,12.0,31.0,43.0,3.0,12.0,23.0,-1.23111,0.1289,-0.2304,0.3593,0.14399,84.54,110.73,5.9994,-0.1711,0.0179,0.60417,0.57167,0.0219,0.09664,0.282,-0.735,-3.21,2.475,56.923534999999994,2.548815,36.533015,-1.0459572115499998,0.10951408449999998
2026,2027,Jacksonville St.,jacksonville state,UNLV,unlv,2301242,Naas Cunningham,Freshman,F,79,1.106575,player_id,Naas Cunningham,UNLV,Jacksonville St.,6.3945,104.0,7.0394,81.0,MWC,259.98,464.554,102.0,88.0,36.0,15.0,4.0,18.0,22.0,8.0,0.0,12.0,-0.21338,0.3307,0.1522,0.1785,0.21734,103.23,116.98,11.1204,-0.0328,0.0509,0.41477,0.49133,0.10429,0.04764,0.10359,0.876,1.437,-0.561,112.87065000000001,16.598625000000002,24.34465,-0.2361209735,0.3659443525
2026,2027,James Madison,james madison,San Jose St.,san jose state,2125124,Adrian Myers,Sophomore,F,78,0.881115,player_id,Adrian Myers,San Jose St.,James Madison,-4.7331,222.0,7.1866,80.0,MWC,795.85,1279.824,310.0,259.0,55.0,29.0,49.0,87.0,136.0,28.0,21.0,29.0,3.39947,1.6331,1.3016,0.3315,0.20814,114.91,120.0,17.4826,0.1709,0.0821,0.52124,0.54732,0.0759,0.10752,0.09289,-2.319,-1.151,-1.168,273.14565,25.552335,119.83164,2.99532400905,1.4389489065
2026,2027,James Madison,james madison,Illinois,illinois,2548105,Brandon Lee,Freshman,G,76,1.45,player_id,Brandon Lee,Illinois,James Madison,33.6649,5.0,14.668,12.0,B10,75.42,122.844,30.0,18.0,15.0,3.0,2.0,4.0,6.0,2.0,0.0,5.0,-0.2282,0.2466,0.1464,0.1002,0.20074,118.84,109.87,12.3226,-0.121,0.1308,0.44444,0.60976,0.06482,0.04433,0.16892,0.928,0.098,0.83,43.5,4.35,8.7,-0.33088999999999996,0.35757
2026,2027,James Madison,james madison,Delaware,delaware,1909589,Cavan Reilly,Senior,G,76,0.7350316666666666,player_id,Cavan Reilly,Delaware,James Madison,-11.0981,291.0,-2.8411,218.0,CUSA,22.75,39.539,3.0,8.0,2.0,1.0,0.0,1.0,1.0,1.0,0.0,2.0,-0.19593,-0.1509,-0.164,0.0132,0.22795,35.72,118.2,-8.2581,-0.3445,-0.2652,0.125,0.16854,0.07565,0.02313,0.18382,-0.612,-0.178,-0.434,2.205095,0.7350316666666666,0.7350316666666666,-0.14401475444999998,-0.1109162785
2026,2027,James Madison,james madison,Hampton,hampton,2273130,Daniel Johnson,Sophomore,G,77,0.7643033333333334,player_id,Daniel Johnson,Hampton,James Madison,-9.3418,272.0,-4.1585,246.0,CAA,772.23,1244.738,301.0,283.0,61.0,19.0,40.0,110.0,150.0,30.0,15.0,29.0,1.38847,1.6973,0.4822,1.2151,0.22719,103.55,107.11,14.6541,0.0719,0.0879,0.4523,0.4858,0.05802,0.11273,0.08559,0.073,-0.578,0.651,230.05530333333337,14.521763333333336,114.64550000000001,1.0612122492333336,1.297252047666667
2026,2027,James Madison,james madison,Goldey-Beacom,goldey beacom,2585135,Emarquis Jones,Junior,G,78,1.0,player_id,Emarquis Jones,Goldey-Beacom,James Madison,,,,,,0.0,0.0,0.0,0.0,0.0,0.0,0.0,0.0,0.0,0.0,0.0,0.0,0.0,0.0,0.0,0.0,,,,,,,,,,,,,,,0.0,0.0,0.0,0.0,0.0
2026,2027,James Madison,james madison,N.C. Central,north carolina central,2359020,Gage Lattimore,Sophomore,G,74,0.55,player_id,Gage Lattimore,N.C. Central,James Madison,-20.9802,351.0,-10.3916,351.0,MEAC,1004.15,1637.717,419.0,333.0,127.0,62.0,18.0,102.0,120.0,34.0,7.0,54.0,1.62647,1.7495,1.1299,0.6196,0.23299,108.39,117.82,14.4625,0.0648,0.0697,0.46246,0.5387,0.1392,0.07055,0.12193,-4.364,-1.24,-3.124,230.45000000000002,34.1,66.0,0.8945585000000001,0.9622250000000001
2026,2027,James Madison,james madison,Notre Dame,notre dame,2283123,Garrett Sundra,Sophomore,F,83,1.2210533333333333,player_id,Garrett Sundra,Notre Dame,James Madison,8.4632,93.0,10.0663,66.0,ACC,553.92,902.716,108.0,90.0,19.0,14.0,34.0,64.0,98.0,7.0,11.0,13.0,-0.09223,1.081,0.5625,0.5185,0.10447,118.09,114.16,10.0252,-0.0067,0.0781,0.53333,0.54878,0.04485,0.10235,0.11674,2.34,-0.576,2.916,131.87376,17.094746666666666,119.66322666666666,-0.11261774893333334,1.3199586533333332
2026,2027,James Madison,james madison,Gardner-Webb,gardner webb,2297031,Jacob Hogarth,Sophomore,F,81,0.55,player_id,Jacob Hogarth,Gardner-Webb,James Madison,-26.2564,361.0,-1.3389,177.0,BSth,750.25,1304.671,306.0,222.0,110.0,41.0,63.0,138.0,201.0,20.0,19.0,74.0,0.65366,0.6135,0.3182,0.2953,0.23386,100.87,120.26,16.3246,0.0349,0.0327,0.51351,0.56583,0.12316,0.15208,0.21487,-5.599,-2.297,-3.302,168.3,22.55,110.55000000000001,0.359513,0.33742500000000003
2026,2027,James Madison,james madison,Northwestern,northwestern,2279823,K.J. Windham,Sophomore,G,75,1.3053316666666668,player_id,K.J. Windham,Northwestern,James Madison,13.5199,58.0,12.9989,29.0,B10,172.03,285.57,49.0,46.0,7.0,15.0,2.0,17.0,19.0,7.0,1.0,3.0,0.58808,0.3912,0.1916,0.1996,0.16067,112.73,111.73,13.3987,0.1367,0.091,0.45652,0.49898,0.14941,0.06446,0.0576,1.574,-0.022,1.596,63.96125166666667,19.579975,24.801301666666667,0.7676394465333335,0.5106457480000001
2026,2027,James Madison,james madison,North Dakota,north dakota,2506785,Marley Curtis,Freshman,F,80,0.7559283333333334,player_id,Marley Curtis,North Dakota,James Madison,-9.8443,279.0,-4.2125,247.0,Sum,438.8,752.691,147.0,137.0,54.0,6.0,17.0,71.0,88.0,14.0,1.0,20.0,-0.50451,0.2409,-0.1498,0.3907,0.21062,93.14,114.75,9.6829,-0.046,0.022,0.40876,0.45709,0.02711,0.11701,0.11064,-3.27,-3.234,-0.036,111.12146500000001,4.535570000000001,66.52169333333335,-0.38137340345000004,0.1821031355
2026,2027,Jamestown,jamestown,Colo. Christian,colo christian,2357353,Lincoln Cantrall,Sophomore,F,81,1.0,player_id,Lincoln Cantrall,Colo. Christian,Jamestown,,,,,,0.0,0.0,0.0,0.0,0.0,0.0,0.0,0.0,0.0,0.0,0.0,0.0,0.0,0.0,0.0,0.0,,,,,,,,,,,,,,,0.0,0.0,0.0,0.0,0.0
2026,2027,Jamestown,jamestown,North Dakota,north dakota,2343005,Wylee Delorme,Sophomore,G,77,0.7559283333333334,player_id,Wylee Delorme,North Dakota,Jamestown,-9.8443,279.0,-4.2125,247.0,Sum,143.86,237.989,36.0,27.0,8.0,2.0,12.0,6.0,18.0,0.0,3.0,2.0,-0.09693,0.277,0.2528,0.0241,0.11467,129.98,122.79,9.7366,-0.027,0.077,0.57407,0.59016,0.02429,0.07414,0.0615,-1.247,0.894,-2.141,27.213420000000003,1.5118566666666668,13.606710000000001,-0.07327213335,0.2093921483333334
2026,2027,Jefferson,jefferson,UAlbany,albany,2118808,Ife West-Ingram,Junior,F,79,0.63126,player_id,Ife West-Ingram,UAlbany,Jefferson,-14.9244,322.0,-7.574,308.0,AE,70.37,117.58,25.0,18.0,2.0,0.0,0.0,9.0,9.0,3.0,0.0,1.0,-0.04247,0.185,0.1189,0.0661,0.14219,126.97,114.12,14.9631,-0.0241,0.1052,0.66667,0.66138,0.0,0.07432,0.0503,-1.571,-0.088,-1.483,15.781500000000001,0.0,5.6813400000000005,-0.026809612200000003,0.1167831
2026,2027,Jefferson,jefferson,New Haven,new haven,2531820,Vere Anthony,Freshman,G,72,0.6128966666666668,player_id,Vere Anthony,New Haven,Jefferson,-16.0262,328.0,-9.6484,350.0,NEC,135.51,213.078,29.0,27.0,13.0,11.0,1.0,9.0,10.0,7.0,0.0,9.0,-0.32356,0.0515,-0.1561,0.2076,0.17194,82.75,107.55,7.9732,-0.0955,0.0152,0.38889,0.44343,0.18746,0.04448,0.21572,-2.722,-2.546,-0.176,17.774003333333336,6.741863333333335,6.128966666666668,-0.19830884546666672,0.03156417833333334
2026,2027,Kansas,kansas,Col. of Charleston,charleston,1917803,Christian Reeves,Junior,F,85,0.9943483333333333,player_id,Christian Reeves,Col. of Charleston,Kansas,-0.3391,174.0,-2.4708,207.0,CAA,643.27,1070.99,331.0,204.0,107.0,11.0,83.0,152.0,235.0,8.0,44.0,28.0,5.28913,3.3262,2.0776,1.2486,0.22332,129.63,102.97,28.2949,0.3289,0.2068,0.65196,0.6591,0.03965,0.20102,0.10033,0.668,0.157,0.511,329.12929833333334,10.937831666666666,233.67185833333332,5.259237600283333,3.307401426333333
2026,2027,Kansas,kansas,Radford,radford,2092553,"Dennis Parker, Jr.",Junior,G,78,0.7942766666666667,player_id,"Dennis Parker, Jr.",Radford,Kansas,-7.5434,257.0,-7.2526,301.0,BSth,880.19,1560.076,539.0,375.0,189.0,37.0,51.0,121.0,172.0,44.0,16.0,70.0,4.81706,2.964,1.7301,1.2339,0.291,112.63,109.0,22.1542,0.2189,0.1347,0.552,0.58817,0.09484,0.10902,0.13254,0.7,0.385,0.315,428.1151233333334,29.38823666666667,136.61558666666667,3.8260783599333332,2.3542360400000004
2026,2027,Kansas,kansas,Utah,utah,2127738,Keanu Dawes,Junior,F,81,1.1091133333333334,player_id,Keanu Dawes,Utah,Kansas,3.5468,128.0,11.7731,43.0,B12,984.45,1640.924,399.0,271.0,98.0,69.0,63.0,218.0,281.0,16.0,12.0,58.0,4.242,2.9772,2.1095,0.8677,0.19483,121.02,114.79,20.0997,0.1724,0.121,0.60517,0.63515,0.13754,0.16703,0.15586,3.505,2.229,1.276,442.53622,76.52882000000001,311.66084666666666,4.7048587600000005,3.302052216
2026,2027,Kansas,kansas,Toledo,toledo,2488772,Leroy Blyden Jr.,Freshman,G,73,1.0498883333333333,player_id,Leroy Blyden Jr.,Toledo,Kansas,2.9933,130.0,-1.1979,175.0,MAC,1085.98,1854.302,527.0,396.0,112.0,143.0,24.0,108.0,132.0,57.0,9.0,61.0,5.93624,4.0076,2.7671,1.2405,0.23678,121.07,111.92,20.7719,0.2187,0.1476,0.54545,0.59174,0.23221,0.07104,0.12049,1.373,1.904,-0.531,553.2911516666667,150.13403166666666,138.58526,6.232389119866666,4.207532484666666
2026,2027,Kansas St.,kansas state,Colorado St.,colorado state,2099468,Brandon Rechsteiner,Junior,G,73,1.1838816666666667,player_id,Brandon Rechsteiner,Colorado St.,Kansas St.,9.2329,88.0,4.8349,95.0,MWC,925.84,1462.194,396.0,306.0,47.0,83.0,16.0,55.0,71.0,26.0,2.0,58.0,2.5243,2.3641,1.6223,0.7417,0.22969,114.84,115.74,15.7114,0.1091,0.1021,0.58497,0.60606,0.1911,0.0494,0.15077,3.224,3.821,-0.597,468.81714,98.26217833333334,84.05559833333334,2.988472491166667,2.7988146481666667
2026,2027,Kansas St.,kansas state,Murray St.,murray state,2113954,Brock Vice,Freshman,F,82,1.059785,player_id,Brock Vice,Murray St.,Kansas St.,3.5871,127.0,1.0872,126.0,MVC,159.14,281.813,59.0,36.0,16.0,5.0,25.0,30.0,55.0,6.0,7.0,10.0,1.06691,0.6628,0.4132,0.2496,0.1612,129.93,107.23,21.179,0.2682,0.1666,0.66667,0.68605,0.05568,0.19335,0.18854,1.402,0.818,0.584,62.527315,5.298925,58.288174999999995,1.13069521435,0.702425498
2026,2027,Kansas St.,kansas state,Oregon,oregon,2306694,Dezdrick Lindsay,Senior,F,78,1.1679833333333334,player_id,Dezdrick Lindsay,Oregon,Kansas St.,7.079,101.0,12.4195,34.0,B10,656.07,1061.678,171.0,154.0,48.0,49.0,27.0,62.0,89.0,27.0,6.0,27.0,-0.14056,1.0135,0.3531,0.6604,0.15967,104.41,113.37,11.4012,-0.0086,0.0618,0.46429,0.48829,0.14662,0.07913,0.13358,4.455,2.056,2.399,199.72515,57.231183333333334,103.95051666666667,-0.16417173733333332,1.1837511083333334
2026,2027,Kansas St.,kansas state,Georgetown,georgetown,2313596,Isaiah Abraham,Sophomore,F,79,1.2685333333333335,player_id,Isaiah Abraham,Georgetown,Kansas St.,11.312,74.0,10.6841,57.0,BE,655.79,1082.554,160.0,143.0,36.0,23.0,34.0,62.0,96.0,16.0,11.0,16.0,0.11411,1.2964,0.5488,0.7476,0.13705,110.91,111.94,10.2793,0.007,0.0791,0.47203,0.50378,0.06439,0.08352,0.09151,0.368,0.505,-0.137,202.96533333333338,29.17626666666667,121.77920000000002,0.1447523386666667,1.6445266133333336
2026,2027,Kansas St.,kansas state,New Mexico,new mexico,2099048,JT Rock,Sophomore,F,85,1.34191,player_id,JT Rock,New Mexico,Kansas St.,16.9146,46.0,5.5552,88.0,MWC,456.06,783.989,221.0,152.0,53.0,14.0,37.0,82.0,119.0,6.0,32.0,20.0,3.22035,2.1281,1.1497,0.9784,0.21218,124.52,100.69,22.3956,0.2824,0.1866,0.61513,0.63035,0.05917,0.14723,0.1024,1.874,0.017,1.857,296.56210999999996,18.786739999999998,159.68729,4.3214198685,2.8557186709999995
2026,2027,Kansas St.,kansas state,Virginia Tech,virginia tech,1917801,Jaden Schutt,Junior,G,77,1.3014033333333335,player_id,Jaden Schutt,Virginia Tech,Kansas St.,13.2842,60.0,9.3722,72.0,ACC,787.27,1305.112,246.0,203.0,29.0,30.0,6.0,46.0,52.0,17.0,0.0,13.0,0.77172,1.9093,1.1892,0.7201,0.1488,122.11,114.45,10.6791,0.0392,0.097,0.54433,0.56997,0.06702,0.03888,0.05683,4.565,2.763,1.802,320.14522000000005,39.042100000000005,67.67297333333335,1.0043189804000001,2.4847693843333336
2026,2027,Kansas St.,kansas state,LSU,lsu,2486087,Matt Gilhool,Freshman,F,83,1.2998266666666667,player_id,Matt Gilhool,LSU,Kansas St.,13.1896,61.0,10.6212,59.0,SEC,0.0,0.0,0.0,0.0,0.0,0.0,0.0,0.0,0.0,0.0,0.0,0.0,0.0,0.0,0.0,0.0,,,,,,,,,,,,,,,0.0,0.0,0.0,0.0,0.0
2026,2027,Kansas St.,kansas state,Bradley,bradley,2474408,Montana Wheeler,Freshman,G,70,1.0498083333333332,player_id,Montana Wheeler,Bradley,Kansas St.,2.9885,131.0,0.4325,137.0,MVC,738.27,1222.901,276.0,229.0,70.0,93.0,9.0,29.0,38.0,17.0,0.0,33.0,0.2811,1.7957,1.0771,0.7186,0.20786,112.52,113.82,13.4269,0.0152,0.0973,0.48908,0.53118,0.25047,0.03049,0.1127,0.902,0.974,-0.072,289.7471,97.63217499999999,39.892716666666665,0.2951011225,1.8851408241666665
2026,2027,Kansas St.,kansas state,Xavier,xavier,2345782,Pape N'Diaye,Sophomore,F,84,1.2116983333333333,player_id,Pape N'Diaye,Xavier,Kansas St.,7.9019,94.0,11.554,47.0,BE,272.79,476.614,58.0,47.0,9.0,7.0,25.0,43.0,68.0,7.0,28.0,5.0,1.24679,0.7714,0.3681,0.4033,0.10163,124.81,108.16,15.0222,0.1828,0.1131,0.56383,0.56863,0.04163,0.13842,0.08935,-0.133,-0.737,0.604,70.27850333333333,8.481888333333334,82.39548666666667,1.5107333650166668,0.9347040943333333
2026,2027,Kansas St.,kansas state,Miami (FL),miami fl,2507187,Timotej Malovec,Freshman,F,80,1.45,player_id,Timotej Malovec,Miami (FL),Kansas St.,20.6385,30.0,8.3865,77.0,ACC,491.58,846.001,138.0,123.0,21.0,29.0,4.0,40.0,44.0,10.0,7.0,20.0,0.03404,1.0599,0.3693,0.6906,0.15272,108.83,108.93,8.0955,0.0028,0.0862,0.5,0.52194,0.08956,0.05298,0.13137,2.403,1.629,0.774,200.1,42.05,63.8,0.049358,1.536855
2026,2027,Kennesaw St.,kennesaw state,Georgia St.,georgia state,2511342,Anthony Enoh,Junior,F,79,0.6639033333333334,player_id,Anthony Enoh,Georgia St.,Kennesaw St.,-12.9658,309.0,-4.2366,248.0,SB,630.54,1056.719,137.0,128.0,61.0,22.0,47.0,97.0,144.0,18.0,18.0,22.0,-0.05659,0.9193,0.0593,0.86,0.14391,98.39,109.47,10.965,-0.0036,0.0583,0.375,0.44251,0.07212,0.12576,0.12441,-1.547,-1.371,-0.176,90.95475666666668,14.605873333333335,95.60208000000002,-0.03757028963333334,0.6103263343333334
2026,2027,Kennesaw St.,kennesaw state,Louisiana Tech,louisiana tech,2532390,Avery Thomas II,Sophomore,F,79,0.9551516666666666,player_id,Avery Thomas II,Louisiana Tech,Kennesaw St.,-2.6909,197.0,-3.0304,222.0,CUSA,762.15,1207.7,249.0,230.0,63.0,18.0,79.0,128.0,207.0,33.0,15.0,25.0,3.3546,2.504,0.9045,1.5995,0.19153,111.1,101.04,16.594,0.1761,0.1314,0.43261,0.48312,0.04744,0.15341,0.08843,-0.415,-1.455,1.04,237.832765,17.192729999999997,197.71639499999998,3.2041517809999998,2.3916997733333334
2026,2027,Kennesaw St.,kennesaw state,Sam Houston,sam houston state,2146538,CJ Beaumont,Junior,F,80,1.0881683333333334,player_id,CJ Beaumont,Sam Houston,Kennesaw St.,5.2901,111.0,0.3543,141.0,CUSA,251.02,432.285,71.0,60.0,10.0,4.0,18.0,41.0,59.0,6.0,8.0,10.0,0.52689,0.5896,0.2351,0.3545,0.14402,112.16,108.89,12.1405,0.084,0.094,0.55,0.55124,0.02622,0.13004,0.13441,0.339,-0.39,0.729,77.25995166666667,4.352673333333334,64.20193166666667,0.57334501315,0.6415840493333334
2026,2027,Kennesaw St.,kennesaw state,Jacksonville St.,jacksonville state,2533452,Jacoby Hill,Freshman,G,76,0.9066666666666666,player_id,Jacoby Hill,Jacksonville St.,Kennesaw St.,-3.2,208.0,-2.9923,220.0,CUSA,903.77,1447.415,293.0,204.0,102.0,47.0,56.0,55.0,111.0,28.0,1.0,41.0,0.98759,2.477,1.4455,1.0314,0.17071,117.39,111.89,14.4197,0.0437,0.1096,0.54167,0.58859,0.11206,0.07232,0.14144,-0.146,0.119,-0.265,265.6533333333333,42.61333333333333,100.64,0.8954149333333332,2.245813333333333
2026,2027,Kennesaw St.,kennesaw state,UCF,ucf,2099739,Kris Parker,Sophomore,G,81,1.329565,player_id,Kris Parker,UCF,Kennesaw St.,14.9739,53.0,11.8991,39.0,B12,131.39,227.134,38.0,24.0,17.0,5.0,6.0,10.0,16.0,1.0,1.0,15.0,-0.61313,0.013,-0.0785,0.0915,0.17261,89.53,116.88,5.4839,-0.1867,0.004,0.58333,0.60317,0.06013,0.0695,0.32272,1.351,1.446,-0.095,50.52347,6.647825000000001,21.27304,-0.81519618845,0.017284345
2026,2027,Kent St.,kent state,Portland,portland,2539454,Cameron Williams,Junior,F,80,0.9076616666666666,player_id,Cameron Williams,Portland,Kent St.,-3.1403,206.0,3.1713,103.0,WCC,694.69,1178.56,287.0,219.0,78.0,24.0,44.0,84.0,128.0,11.0,6.0,33.0,0.18427,1.5024,0.9261,0.5764,0.21026,111.67,115.37,14.6423,0.0106,0.0865,0.5137,0.56652,0.06924,0.10938,0.11526,-1.086,-0.087,-0.999,260.49889833333333,21.783879999999996,116.18069333333332,0.16725481531666664,1.363670888
2026,2027,Kent St.,kent state,Minnesota,minnesota,1949300,Chansey Willis Jr.,Junior,G,74,1.247705,player_id,Chansey Willis Jr.,Minnesota,Kent St.,10.0623,82.0,10.4951,62.0,B10,186.53,297.876,44.0,39.0,22.0,23.0,2.0,19.0,21.0,17.0,2.0,15.0,0.11285,0.2197,-0.172,0.3917,0.18148,86.88,101.25,12.0036,0.0242,0.0471,0.4359,0.45175,0.24311,0.06713,0.23555,0.87,-0.558,1.428,54.89902,28.697215,26.201805,0.14080350925000001,0.27412078850000005
2026,2027,Kent St.,kent state,Rutgers,rutgers,2493129,Dorian Jones,Freshman,G,76,1.11105,player_id,Dorian Jones,Rutgers,Kent St.,3.663,125.0,11.0455,53.0,B10,0.0,0.0,0.0,0.0,0.0,0.0,0.0,0.0,0.0,0.0,0.0,0.0,0.0,0.0,0.0,0.0,,,,,,,,,,,,,,,0.0,0.0,0.0,0.0,0.0
2026,2027,Kent St.,kent state,Eastern Mich.,eastern michigan,2283306,Godslove Nwabude,Sophomore,F,81,0.8505733333333333,player_id,Godslove Nwabude,Eastern Mich.,Kent St.,-6.5656,243.0,-0.9367,169.0,MAC,560.07,935.592,149.0,102.0,30.0,7.0,52.0,105.0,157.0,16.0,43.0,16.0,2.36952,2.0399,0.9387,1.1012,0.12139,126.76,102.78,17.8844,0.1692,0.1457,0.64706,0.6467,0.02389,0.15952,0.12195,0.093,0.261,-0.168,126.73542666666665,5.954013333333333,133.54001333333332,2.0154505248,1.7350845426666663
2026,2027,Kent St.,kent state,Chattanooga,chattanooga,2313774,Latif Diouf,Sophomore,F,81,0.677615,player_id,Latif Diouf,Chattanooga,Kent St.,-12.1431,301.0,-7.1722,299.0,SC,52.12,86.39,15.0,13.0,4.0,5.0,0.0,4.0,4.0,1.0,0.0,3.0,-0.21986,0.0164,-0.0029,0.0192,0.18048,96.3,120.56,6.5907,-0.1687,0.0126,0.5,0.50676,0.21148,0.04741,0.16892,-0.839,-0.329,-0.51,10.164225,3.3880749999999997,2.71046,-0.1489804339,0.011112886
2026,2027,Kentucky,kentucky,Furman,furman,2495558,Alex Wilkins,Freshman,G,77,0.9763616666666667,player_id,Alex Wilkins,Furman,Kentucky,-1.4183,184.0,-5.6642,276.0,SC,971.87,1582.836,581.0,449.0,138.0,151.0,7.0,57.0,64.0,25.0,4.0,124.0,1.7275,2.3544,1.3088,1.0456,0.34417,105.71,112.62,17.5477,0.0711,0.0969,0.52116,0.56994,0.3482,0.03828,0.19567,2.35,2.08,0.27,567.2661283333333,147.43061166666666,62.48714666666667,1.6866647791666667,2.298745908
2026,2027,Kentucky,kentucky,Washington,washington,1622140,Franck Kepnang,Senior,F,83,1.3341150000000002,player_id,Franck Kepnang,Washington,Kentucky,15.2469,52.0,11.8175,41.0,B10,616.76,1012.575,167.0,132.0,45.0,6.0,68.0,102.0,170.0,16.0,56.0,27.0,2.26968,1.8516,0.6847,1.167,0.14716,113.19,103.51,17.2687,0.1472,0.1201,0.51515,0.55007,0.01686,0.16118,0.15101,4.901,2.299,2.602,222.79720500000002,8.00469,226.79955000000004,3.0280141332000006,2.470247334
2026,2027,Kentucky,kentucky,Washington St.,washington state,2132537,Jerone Morton,Junior,G,76,1.03543,player_id,Jerone Morton,Washington St.,Kentucky,2.1258,140.0,4.655,97.0,WCC,769.16,1295.485,243.0,185.0,61.0,80.0,19.0,38.0,57.0,24.0,6.0,36.0,0.32939,1.7968,1.2655,0.5313,0.16584,118.57,116.96,13.1042,0.0171,0.0934,0.52162,0.57365,0.18519,0.04461,0.14526,-1.224,2.165,-3.389,251.60949000000002,82.8344,59.019510000000004,0.3410602877,1.8604606240000001
2026,2027,Kentucky,kentucky,James Madison,james madison,2105469,Justin McBride,Sophomore,F,79,0.8937133333333334,player_id,Justin McBride,James Madison,Kentucky,-3.9772,215.0,-5.1889,268.0,SB,815.84,1342.679,461.0,337.0,112.0,42.0,39.0,128.0,167.0,11.0,18.0,54.0,3.22155,2.8115,1.8835,0.9279,0.27947,116.15,111.9,21.5443,0.158,0.1378,0.5549,0.59669,0.11669,0.11547,0.12265,-1.95,0.554,-2.504,412.00184666666667,37.53596,149.25012666666666,2.8791421890000004,2.512675036666667
2026,2027,Kentucky,kentucky,Iowa St.,iowa state,2099047,Milan Momcilovic,Junior,F,80,1.45,player_id,Milan Momcilovic,Iowa St.,Kentucky,32.0047,7.0,12.3948,35.0,B12,1127.33,1885.748,624.0,411.0,82.0,38.0,8.0,107.0,115.0,30.0,9.0,31.0,7.54184,6.2324,3.8929,2.3394,0.21257,139.13,101.41,21.6043,0.2676,0.2211,0.67153,0.69783,0.06107,0.0613,0.06484,7.221,2.968,4.253,904.8,55.1,166.75,10.935668,9.03698
2026,2027,Kentucky,kentucky,Washington,washington,2319827,Zoom Diallo,Sophomore,G,76,1.3341150000000002,player_id,Zoom Diallo,Washington,Kentucky,15.2469,52.0,11.8175,41.0,B10,977.68,1610.588,519.0,401.0,126.0,147.0,30.0,100.0,130.0,22.0,0.0,84.0,2.5625,3.2741,2.213,1.0611,0.27906,114.7,112.53,19.952,0.1048,0.134,0.51746,0.56858,0.3035,0.07715,0.15543,3.626,2.309,1.317,692.4056850000001,196.11490500000002,173.43495000000001,3.4186696875000004,4.3680259215
2026,2027,Ky. Wesleyan,ky wesleyan,North Dakota,north dakota,2100317,Matthew Bothun,Sophomore,F,81,0.7559283333333334,player_id,Matthew Bothun,North Dakota,Ky. Wesleyan,-9.8443,279.0,-4.2125,247.0,Sum,78.47,132.528,17.0,25.0,4.0,3.0,1.0,4.0,5.0,1.0,2.0,3.0,-0.33609,-0.1471,-0.1729,0.0259,0.19202,69.71,120.99,1.0826,-0.1713,-0.075,0.32,0.31716,0.07189,0.03735,0.10081,-3.007,-2.423,-0.584,12.850781666666668,2.2677850000000004,3.779641666666667,-0.25405995355000005,-0.11119705783333335
2026,2027,La Salle,la salle,Saint Joseph's,saint josephs,2134483,Anthony Finkley,Junior,F,78,1.0953133333333334,player_id,Anthony Finkley,Saint Joseph's,La Salle,5.7188,106.0,2.9029,104.0,A10,649.5,1081.233,182.0,164.0,71.0,57.0,28.0,82.0,110.0,7.0,7.0,46.0,-0.83006,0.9071,-0.056,0.9631,0.18849,95.96,108.12,8.3482,-0.0511,0.0559,0.3811,0.46619,0.15757,0.0913,0.19068,-0.647,-0.984,0.337,199.34702666666666,62.432860000000005,120.48446666666666,-0.9091757854666667,0.9935587246666667
2026,2027,La Salle,la salle,George Mason,george mason,2495574,Devin Booker,Freshman,G,76,1.1481616666666667,player_id,Devin Booker,George Mason,La Salle,7.0897,100.0,0.3541,142.0,A10,191.2,304.861,38.0,48.0,13.0,3.0,3.0,10.0,13.0,4.0,5.0,5.0,-0.66562,0.0212,-0.2312,0.2525,0.16515,78.91,109.93,3.0441,-0.1393,0.0044,0.32292,0.35382,0.02817,0.04064,0.08515,-2.025,-1.186,-0.839,43.630143333333336,3.4444850000000002,14.926101666666668,-0.7642393685666667,0.024341027333333334
2026,2027,La Salle,la salle,Hampton,hampton,2273131,Eunique Rink,Freshman,F,82,0.7643033333333334,player_id,Eunique Rink,Hampton,La Salle,-9.3418,272.0,-4.1585,246.0,CAA,326.33,531.634,48.0,35.0,12.0,3.0,32.0,20.0,52.0,7.0,18.0,12.0,-0.60493,0.615,0.1961,0.4189,0.08299,111.23,110.35,9.4045,-0.0741,0.0754,0.6,0.59553,0.01841,0.09196,0.22953,-5.929,-3.42,-2.509,36.68656000000001,2.2929100000000004,39.74377333333334,-0.4623500154333334,0.47004655000000006
2026,2027,La Salle,la salle,SFA,stephen f austin,2112580,Kam Burton,Junior,G,75,1.1729233333333333,player_id,Kam Burton,SFA,La Salle,8.5754,91.0,-3.2517,224.0,Slnd,601.15,968.988,256.0,193.0,27.0,7.0,9.0,49.0,58.0,16.0,0.0,15.0,2.44398,2.3375,1.3482,0.9893,0.1886,127.23,106.26,15.2745,0.1626,0.1555,0.60363,0.62469,0.02165,0.05542,0.06822,-0.023,1.471,-1.494,300.26837333333333,8.210463333333333,68.02955333333333,2.8666011682,2.7417082916666664
2026,2027,La Salle,la salle,George Washington,george washington,1695249,Trey Moss,Senior,G,75,1.186985,player_id,Trey Moss,George Washington,La Salle,9.4191,86.0,2.6222,108.0,A10,0.0,0.0,0.0,0.0,0.0,0.0,0.0,0.0,0.0,0.0,0.0,0.0,0.0,0.0,0.0,0.0,,,,,,,,,,,,,,,0.0,0.0,0.0,0.0,0.0
2026,2027,La Salle,la salle,Niagara,niagara,2136430,Vice Zanki,Junior,F,80,0.5761733333333333,player_id,Vice Zanki,Niagara,La Salle,-18.2296,337.0,-8.1973,321.0,MAAC,595.37,919.524,228.0,181.0,19.0,22.0,8.0,59.0,67.0,18.0,7.0,22.0,1.5176,1.1833,0.6857,0.4976,0.20221,110.91,115.28,15.3524,0.102,0.0795,0.58564,0.6019,0.086,0.07214,0.10409,-2.114,-2.007,-0.107,131.36751999999998,12.675813333333332,38.603613333333335,0.8744006506666667,0.6817859053333333
2026,2027,Lafayette,lafayette,Colo. Sch. of Mines,colo sch of mines,2509321,Shelton Henton,Freshman,G,77,1.0,player_id,Shelton Henton,Colo. Sch. of Mines,Lafayette,,,,,,0.0,0.0,0.0,0.0,0.0,0.0,0.0,0.0,0.0,0.0,0.0,0.0,0.0,0.0,0.0,0.0,,,,,,,,,,,,,,,0.0,0.0,0.0,0.0,0.0
2026,2027,Lamar University,lamar,Augustana (SD),augustana sd,1920468,Caden Hinker,Junior,F,79,1.0,player_id,Caden Hinker,Augustana (SD),Lamar University,,,,,,0.0,0.0,0.0,0.0,0.0,0.0,0.0,0.0,0.0,0.0,0.0,0.0,0.0,0.0,0.0,0.0,,,,,,,,,,,,,,,0.0,0.0,0.0,0.0,0.0
2026,2027,Lamar University,lamar,USC Beaufort,usc beaufort,2350791,Dominic Eason,Sophomore,F,79,1.0,player_id,Dominic Eason,USC Beaufort,Lamar University,,,,,,0.0,0.0,0.0,0.0,0.0,0.0,0.0,0.0,0.0,0.0,0.0,0.0,0.0,0.0,0.0,0.0,,,,,,,,,,,,,,,0.0,0.0,0.0,0.0,0.0
2026,2027,Lamar University,lamar,Washburn,washburn,1950326,Jeremiah Jones,Junior,G,75,1.0,player_id,Jeremiah Jones,Washburn,Lamar University,,,,,,0.0,0.0,0.0,0.0,0.0,0.0,0.0,0.0,0.0,0.0,0.0,0.0,0.0,0.0,0.0,0.0,,,,,,,,,,,,,,,0.0,0.0,0.0,0.0,0.0
2026,2027,Lamar University,lamar,Manhattan,manhattan,2351187,Marko Ljubicic,Sophomore,F,82,0.6092766666666666,player_id,Marko Ljubicic,Manhattan,Lamar University,-16.2434,329.0,-8.2003,322.0,MAAC,617.53,1036.563,172.0,163.0,24.0,18.0,42.0,67.0,109.0,15.0,10.0,22.0,0.15392,0.6377,0.3258,0.3119,0.16324,104.27,119.03,11.015,0.01,0.0413,0.47853,0.49539,0.05771,0.10046,0.1125,-3.352,-0.912,-2.44,104.79558666666665,10.966979999999998,66.41115666666666,0.09377986453333333,0.38853573033333333
2026,2027,Lamar University,lamar,Iona,iona,2126488,Matt Reed,Junior,F,82,0.7944433333333334,player_id,Matt Reed,Iona,Lamar University,-7.5334,256.0,-8.7473,329.0,MAAC,115.44,205.159,28.0,27.0,10.0,2.0,9.0,13.0,22.0,1.0,0.0,3.0,-0.31847,0.1702,0.0256,0.1446,0.14878,100.2,110.66,6.8968,-0.1103,0.059,0.42593,0.44586,0.02979,0.10281,0.08721,-2.857,-0.923,-1.934,22.244413333333334,1.5888866666666668,17.477753333333336,-0.2530063683666667,0.13521425533333334
2026,2027,Lamar University,lamar,Louisiana,louisiana,2484761,Michael Collins,Freshman,G,73,0.6574983333333334,player_id,Michael Collins,Louisiana,Lamar University,-13.3501,315.0,-4.8362,261.0,SB,290.96,452.678,42.0,60.0,19.0,31.0,10.0,13.0,23.0,12.0,2.0,10.0,-0.72791,-0.0053,-0.2793,0.274,0.14582,83.11,114.13,6.0472,-0.1001,-0.0007,0.25,0.30702,0.20664,0.04874,0.12762,-0.229,-1.409,1.18,27.614930000000005,20.382448333333336,15.122461666666668,-0.47859961181666666,-0.003484741166666667
2026,2027,Lamar University,lamar,Fla. Atlantic,florida atlantic,1990479,Niccolo Moretti,Junior,G,73,1.0598283333333334,player_id,Niccolo Moretti,Fla. Atlantic,Lamar University,3.5897,126.0,1.9615,115.0,Amer,825.11,1416.716,182.0,141.0,58.0,100.0,11.0,51.0,62.0,24.0,1.0,61.0,-2.06608,1.1386,0.2033,0.9353,0.13661,100.63,111.97,8.7224,-0.1002,0.0552,0.50709,0.54655,0.20076,0.04171,0.26811,1.549,0.311,1.238,192.88875666666667,105.98283333333333,65.70935666666666,-2.1896901229333334,1.2067205403333334
2026,2027,Lamar University,lamar,Memphis,memphis,1890530,Quante Berry,Junior,G,76,1.0469383333333333,player_id,Quante Berry,Memphis,Lamar University,2.8163,133.0,5.5067,89.0,Amer,541.52,948.949,184.0,158.0,53.0,37.0,18.0,56.0,74.0,32.0,10.0,29.0,1.14288,1.2077,0.3734,0.8344,0.18549,105.48,107.38,12.8467,0.0844,0.0892,0.46519,0.50745,0.12345,0.07418,0.13789,-1.394,-3.421,2.027,192.63665333333333,38.73671833333333,77.47343666666666,1.1965248823999999,1.2643874251666667
2026,2027,Lander,lander,Ga. Southwestern,ga southwestern,2550095,Amir Reaves,Junior,G,74,1.0,player_id,Amir Reaves,Ga. Southwestern,Lander,,,,,,0.0,0.0,0.0,0.0,0.0,0.0,0.0,0.0,0.0,0.0,0.0,0.0,0.0,0.0,0.0,0.0,,,,,,,,,,,,,,,0.0,0.0,0.0,0.0,0.0
2026,2027,Lander,lander,UNC Asheville,unc asheville,2128712,Jakel Powell,Freshman,G,77,0.8516933333333333,player_id,Jakel Powell,UNC Asheville,Lander,-6.4984,242.0,-3.76,234.0,BSth,69.45,122.833,14.0,13.0,4.0,1.0,0.0,5.0,5.0,3.0,0.0,1.0,-0.03724,0.0965,0.0176,0.0789,0.11872,102.26,111.95,7.2693,-0.0214,0.0556,0.42308,0.47297,0.02434,0.04366,0.06345,-2.177,-0.508,-1.669,11.923706666666666,0.8516933333333333,4.258466666666666,-0.03171705973333334,0.08218840666666667
2026,2027,Lander,lander,North Georgia,north georgia,1919999,Jameel Rideout,Senior,G,73,1.0,player_id,Jameel Rideout,North Georgia,Lander,,,,,,0.0,0.0,0.0,0.0,0.0,0.0,0.0,0.0,0.0,0.0,0.0,0.0,0.0,0.0,0.0,0.0,,,,,,,,,,,,,,,0.0,0.0,0.0,0.0,0.0
2026,2027,Lander,lander,USC Beaufort,usc beaufort,2118694,Qurahn Anderson,Junior,G,77,1.0,player_id,Qurahn Anderson,USC Beaufort,Lander,,,,,,0.0,0.0,0.0,0.0,0.0,0.0,0.0,0.0,0.0,0.0,0.0,0.0,0.0,0.0,0.0,0.0,,,,,,,,,,,,,,,0.0,0.0,0.0,0.0,0.0
2026,2027,Le Moyne,le moyne,UT Martin,tennessee martin,2505182,Damien King,Freshman,G,76,0.8780249999999999,player_id,Damien King,UT Martin,Le Moyne,-4.9185,224.0,-9.0788,339.0,OVC,369.86,583.719,120.0,99.0,38.0,28.0,29.0,37.0,66.0,25.0,4.0,16.0,1.56821,1.4713,0.5445,0.9268,0.18209,114.9,96.72,17.2665,0.1696,0.1591,0.4697,0.51858,0.16334,0.09983,0.12147,1.363,0.011,1.352,105.363,24.584699999999998,57.94965,1.37692758525,1.2918381825
2026,2027,Le Moyne,le moyne,Sacramento St.,sacramento state,2102041,Jayden Teat,Sophomore,G,74,0.7771483333333334,player_id,Jayden Teat,Sacramento St.,Le Moyne,-8.5711,266.0,0.9227,129.0,BSky,358.77,624.611,131.0,142.0,22.0,21.0,3.0,32.0,35.0,7.0,0.0,14.0,-0.78194,-0.1298,-0.2319,0.1021,0.22781,90.21,121.49,7.6223,-0.0872,-0.0145,0.39789,0.43177,0.1214,0.05363,0.0845,-1.448,-0.098,-1.35,101.80643166666668,16.320115,27.20019166666667,-0.6076833677666668,-0.10087385366666668
2026,2027,Le Moyne,le moyne,NJIT,njit,2319683,Jeremy Clayville,Sophomore,G,72,0.59924,player_id,Jeremy Clayville,NJIT,Le Moyne,-16.8456,332.0,-9.4685,347.0,AE,292.69,494.82,99.0,111.0,3.0,20.0,6.0,16.0,22.0,2.0,2.0,21.0,-0.77351,-0.1503,-0.3434,0.1931,0.23345,85.57,117.32,6.2631,-0.1057,-0.0205,0.43243,0.44078,0.16931,0.04056,0.15752,-3.66,-3.147,-0.513,59.32476,11.9848,13.18328,-0.4635181324,-0.09006577199999999
2026,2027,Le Moyne,le moyne,VMI,vmi,2328973,Kaden Stuckey,Sophomore,F,80,0.55,player_id,Kaden Stuckey,VMI,Le Moyne,-26.1602,360.0,-5.8423,282.0,SC,488.67,810.235,115.0,109.0,60.0,13.0,55.0,68.0,123.0,10.0,21.0,27.0,-1.23902,-0.1038,-0.1847,0.081,0.17201,92.37,122.81,10.159,-0.1014,-0.0085,0.3578,0.42467,0.05404,0.13991,0.16626,-2.805,-1.886,-0.919,63.25000000000001,7.15,67.65,-0.6814610000000001,-0.05709000000000001
2026,2027,Le Moyne,le moyne,Bryant,bryant,2311195,Khalil Williams,Sophomore,G,77,0.55,player_id,Khalil Williams,Bryant,Le Moyne,-22.9639,355.0,-8.1635,320.0,AE,248.08,397.754,58.0,78.0,9.0,23.0,7.0,26.0,33.0,5.0,1.0,26.0,-1.24331,-0.5451,-0.7189,0.1739,0.23686,69.94,116.8,1.9252,-0.2005,-0.0879,0.32051,0.35366,0.21044,0.07968,0.24083,-3.143,-1.853,-1.29,31.900000000000002,12.65,18.150000000000002,-0.6838205,-0.29980500000000004
2026,2027,Le Moyne,le moyne,Northeastern,northeastern,2474100,Ty Francis,Freshman,F,79,0.7407433333333334,player_id,Ty Francis,Northeastern,Le Moyne,-10.7554,287.0,-2.175,200.0,CAA,359.11,610.41,109.0,85.0,33.0,10.0,11.0,52.0,63.0,10.0,12.0,15.0,-0.19904,0.4447,0.1643,0.2804,0.16426,103.53,115.9,12.3025,-0.0222,0.0495,0.52941,0.54774,0.04964,0.1055,0.13098,-2.426,-0.304,-2.122,80.74102333333335,7.407433333333334,46.666830000000004,-0.14743755306666667,0.3294085603333334
2026,2027,LeMoyne-Owen,lemoyne owen,Mercer,mercer,2560971,NJ Nganga,Freshman,G,79,0.9691533333333333,player_id,NJ Nganga,Mercer,LeMoyne-Owen,-1.8508,188.0,-5.5005,271.0,SC,0.0,0.0,0.0,0.0,0.0,0.0,0.0,0.0,0.0,0.0,0.0,0.0,0.0,0.0,0.0,0.0,,,,,,,,,,,,,,,0.0,0.0,0.0,0.0,0.0
2026,2027,Lenoir-Rhyne,lenoir rhyne,Central Wash.,central wash,2550739,Chae Haynes,Junior,F,81,1.0,player_id,Chae Haynes,Central Wash.,Lenoir-Rhyne,,,,,,0.0,0.0,0.0,0.0,0.0,0.0,0.0,0.0,0.0,0.0,0.0,0.0,0.0,0.0,0.0,0.0,,,,,,,,,,,,,,,0.0,0.0,0.0,0.0,0.0
2026,2027,Lenoir-Rhyne,lenoir rhyne,Florida A&M,florida a and m,2567127,Devere Palmer,Junior,G,78,0.6649816666666667,player_id,Devere Palmer,Florida A&M,Lenoir-Rhyne,-12.9011,308.0,-8.9776,334.0,SWAC,67.26,122.122,31.0,20.0,20.0,4.0,3.0,11.0,14.0,3.0,1.0,2.0,0.22216,0.2513,0.1354,0.1159,0.22028,117.23,105.38,19.4366,0.1321,0.1494,0.45,0.53819,0.13097,0.11762,0.06494,-1.909,-0.47,-1.439,20.61443166666667,2.6599266666666668,9.309743333333333,0.14773232706666667,0.16710989283333336
2026,2027,Lewis,lewis,Columbus St.,columbus state,2503053,Ahmed-Sory Soumahoro,Junior,,75,1.0,player_id,Ahmed-Sory Soumahoro,Columbus St.,Lewis,,,,,,0.0,0.0,0.0,0.0,0.0,0.0,0.0,0.0,0.0,0.0,0.0,0.0,0.0,0.0,0.0,0.0,,,,,,,,,,,,,,,0.0,0.0,0.0,0.0,0.0
2026,2027,Liberty,liberty,Troy,troy,2318978,Cobi Campbell,Senior,G,74,1.0192733333333333,player_id,Cobi Campbell,Troy,Liberty,1.1564,150.0,-2.7944,217.0,SB,886.4,1452.475,280.0,230.0,29.0,46.0,12.0,46.0,58.0,30.0,0.0,29.0,0.58613,2.107,1.1876,0.9194,0.15757,117.63,113.13,11.6828,0.0264,0.0951,0.55652,0.57661,0.09951,0.03762,0.10671,-0.2,0.833,-1.033,285.3965333333333,46.88657333333333,59.11785333333333,0.5974266788666667,2.1476089133333334
2026,2027,Liberty,liberty,Troy,troy,2318962,Cooper Campbell,Sophomore,G,74,1.0192733333333333,player_id,Cooper Campbell,Troy,Liberty,1.1564,150.0,-2.7944,217.0,SB,1114.9,1829.602,411.0,321.0,80.0,132.0,38.0,73.0,111.0,47.0,2.0,61.0,3.48016,3.5762,2.2303,1.3459,0.19192,119.96,111.24,16.3988,0.1249,0.1283,0.53738,0.57692,0.23461,0.05705,0.14621,2.671,2.705,-0.034,418.92134,134.54407999999998,113.13933999999999,3.5472342837333333,3.6451252946666663
2026,2027,Liberty,liberty,Washburn,washburn,2324177,Dillon Claussen,Sophomore,F,80,1.0,player_id,Dillon Claussen,Washburn,Liberty,,,,,,0.0,0.0,0.0,0.0,0.0,0.0,0.0,0.0,0.0,0.0,0.0,0.0,0.0,0.0,0.0,0.0,,,,,,,,,,,,,,,0.0,0.0,0.0,0.0,0.0
2026,2027,Liberty,liberty,Charleston (WV),charleston wv,2324386,Matthew Shelton,Sophomore,,77,1.0,player_id,Matthew Shelton,Charleston (WV),Liberty,,,,,,0.0,0.0,0.0,0.0,0.0,0.0,0.0,0.0,0.0,0.0,0.0,0.0,0.0,0.0,0.0,0.0,,,,,,,,,,,,,,,0.0,0.0,0.0,0.0,0.0
2026,2027,Liberty,liberty,Anderson (SC),anderson sc,2506911,Osmar Garcia,Junior,F,79,1.0,player_id,Osmar Garcia,Anderson (SC),Liberty,,,,,,0.0,0.0,0.0,0.0,0.0,0.0,0.0,0.0,0.0,0.0,0.0,0.0,0.0,0.0,0.0,0.0,,,,,,,,,,,,,,,0.0,0.0,0.0,0.0,0.0
2026,2027,Lincoln Memorial,lincoln memorial,Millersville,millersville,1926395,Cesar Tchilombo,Junior,F,81,1.0,player_id,Cesar Tchilombo,Millersville,Lincoln Memorial,,,,,,0.0,0.0,0.0,0.0,0.0,0.0,0.0,0.0,0.0,0.0,0.0,0.0,0.0,0.0,0.0,0.0,,,,,,,,,,,,,,,0.0,0.0,0.0,0.0,0.0
2026,2027,Lincoln Memorial,lincoln memorial,UVA Wise,uva wise,2117644,Kam Roberts,Junior,F,78,1.0,player_id,Kam Roberts,UVA Wise,Lincoln Memorial,,,,,,0.0,0.0,0.0,0.0,0.0,0.0,0.0,0.0,0.0,0.0,0.0,0.0,0.0,0.0,0.0,0.0,,,,,,,,,,,,,,,0.0,0.0,0.0,0.0,0.0
2026,2027,Lincoln Memorial,lincoln memorial,UTEP,utep,2144230,Trey Horton,Junior,G,77,0.7636216666666668,player_id,Trey Horton,UTEP,Lincoln Memorial,-9.3827,275.0,-0.4242,157.0,CUSA,361.92,586.452,79.0,90.0,13.0,17.0,8.0,27.0,35.0,12.0,3.0,13.0,-0.45448,0.1324,-0.2399,0.3723,0.16147,87.48,113.18,6.0988,-0.0502,0.0146,0.39444,0.41275,0.09219,0.05711,0.11957,-2.76,-2.6,-0.16,60.32611166666668,12.981568333333335,26.726758333333336,-0.3470507750666667,0.10110350866666667
2026,2027,Lincoln Memorial,lincoln memorial,Central Ark.,central arkansas,2292834,Tyler Lee,Sophomore,F,77,1.0191216666666667,player_id,Tyler Lee,Central Ark.,Lincoln Memorial,1.1473,151.0,-5.7261,278.0,ASun,285.68,487.22,73.0,56.0,19.0,14.0,9.0,28.0,37.0,11.0,2.0,11.0,-0.00514,0.5797,0.2429,0.3367,0.13423,111.16,111.45,11.1725,-0.0007,0.0812,0.54464,0.56677,0.08248,0.07593,0.14597,-1.711,-0.899,-0.812,74.39588166666667,14.267703333333333,37.707501666666666,-0.005238285366666666,0.5907848301666667
2026,2027,Lincoln (PA),lincoln pa,Alcorn,alcorn state,2534740,Bryson Calamese,Junior,G,72,0.55,player_id,Bryson Calamese,Alcorn,Lincoln (PA),-20.0308,346.0,-5.2556,269.0,SWAC,344.38,585.809,94.0,93.0,30.0,36.0,8.0,19.0,27.0,16.0,2.0,33.0,-1.12345,-0.243,-0.4394,0.1965,0.20723,83.57,118.3,6.1262,-0.1305,-0.0282,0.3871,0.44256,0.20863,0.04688,0.23707,-1.911,-0.723,-1.188,51.7,19.8,14.850000000000001,-0.6178975000000001,-0.13365000000000002
2026,2027,Lindenwood,lindenwood,North Dakota St.,north dakota state,2547287,Dom Clay,Freshman,G,75,1.0757966666666667,player_id,Dom Clay,North Dakota St.,Lindenwood,4.5478,118.0,-5.6324,274.0,Sum,0.0,0.0,0.0,0.0,0.0,0.0,0.0,0.0,0.0,0.0,0.0,0.0,0.0,0.0,0.0,0.0,,,,,,,,,,,,,,,0.0,0.0,0.0,0.0,0.0
2026,2027,Lindenwood,lindenwood,Little Rock,little rock,2500900,Kellen Robinson,Freshman,G,75,0.662565,player_id,Kellen Robinson,Little Rock,Lindenwood,-13.0461,310.0,-6.7833,293.0,OVC,0.0,0.0,0.0,0.0,0.0,0.0,0.0,0.0,0.0,0.0,0.0,0.0,0.0,0.0,0.0,0.0,,,,,,,,,,,,,,,0.0,0.0,0.0,0.0,0.0
2026,2027,Lindenwood,lindenwood,Fresno St.,fresno state,2321409,Makhan Diouf,Sophomore,F,83,1.0549433333333333,player_id,Makhan Diouf,Fresno St.,Lindenwood,3.2966,129.0,4.7529,96.0,MWC,68.23,118.376,19.0,22.0,7.0,3.0,6.0,15.0,21.0,2.0,5.0,9.0,-0.09813,-0.0436,-0.1969,0.1533,0.25108,72.23,99.6,6.9955,-0.0575,-0.0256,0.29545,0.37849,0.08232,0.17354,0.26408,-2.659,-2.592,-0.067,20.043923333333332,3.1648300000000003,22.15381,-0.1035215893,-0.04599552933333333
2026,2027,Lindenwood,lindenwood,Stetson,stetson,2094423,Matar Diop,Junior,F,82,0.6710866666666667,player_id,Matar Diop,Stetson,Lindenwood,-12.5348,303.0,-4.0923,244.0,ASun,378.12,623.946,76.0,64.0,38.0,7.0,31.0,46.0,77.0,12.0,18.0,18.0,-0.57729,0.2171,-0.0711,0.2882,0.13808,94.04,116.16,10.2208,-0.0611,0.023,0.47656,0.47088,0.03426,0.12254,0.18233,-5.603,-2.435,-3.168,51.00258666666667,4.697606666666667,51.67367333333334,-0.3874116218,0.14569291533333334
2026,2027,Lindenwood,lindenwood,Lipscomb,lipscomb,1898053,Miles White,,G,75,0.9119983333333332,player_id,Miles White,Lipscomb,Lindenwood,-2.8801,200.0,-5.4775,270.0,ASun,0.0,0.0,0.0,0.0,0.0,0.0,0.0,0.0,0.0,0.0,0.0,0.0,0.0,0.0,0.0,0.0,,,,,,,,,,,,,,,0.0,0.0,0.0,0.0,0.0
2026,2027,Lindenwood,lindenwood,UMass Lowell,umass lowell,2550221,Xavier Spencer,Junior,G,73,0.6361866666666667,player_id,Xavier Spencer,UMass Lowell,Lindenwood,-14.6288,320.0,-9.4174,346.0,AE,1053.85,1782.009,373.0,303.0,75.0,93.0,25.0,109.0,134.0,38.0,7.0,60.0,1.66139,2.2324,1.2343,0.998,0.18806,110.91,114.05,14.2134,0.0631,0.0847,0.5198,0.55506,0.16688,0.07294,0.15152,-2.606,-2.607,0.001,237.29762666666667,59.16536,85.24901333333334,1.0569541661333333,1.4202231146666668
2026,2027,Lindenwood,lindenwood,Saginaw Valley,saginaw valley,2121783,Xavier Thomas,Sophomore,F,78,1.0,player_id,Xavier Thomas,Saginaw Valley,Lindenwood,,,,,,0.0,0.0,0.0,0.0,0.0,0.0,0.0,0.0,0.0,0.0,0.0,0.0,0.0,0.0,0.0,0.0,,,,,,,,,,,,,,,0.0,0.0,0.0,0.0,0.0
2026,2027,Lipscomb,lipscomb,Central Ark.,central arkansas,2559449,Truman Byrne,Freshman,F,82,1.0191216666666667,player_id,Truman Byrne,Central Ark.,Lipscomb,1.1473,151.0,-5.7261,278.0,ASun,520.34,882.529,120.0,100.0,18.0,60.0,29.0,57.0,86.0,4.0,3.0,34.0,-0.17093,0.9311,0.4899,0.4412,0.13879,110.48,115.16,9.9833,-0.0131,0.0716,0.52,0.55607,0.19116,0.09689,0.23957,2.648,3.059,-0.411,122.2946,61.1473,87.64446333333333,-0.17419846648333334,0.9489041838333334
2026,2027,Little Rock,little rock,Hawaii,hawaii,2306129,AJ Economou,Sophomore,G,77,1.093075,player_id,AJ Economou,Hawaii,Little Rock,5.5845,108.0,-3.1161,223.0,BW,95.57,172.763,20.0,25.0,7.0,1.0,2.0,7.0,9.0,4.0,0.0,8.0,-0.54848,-0.0431,-0.2411,0.198,0.17894,64.34,101.51,-0.544,-0.2296,-0.018,0.32,0.35587,0.01627,0.05377,0.22173,-0.331,-0.33,-0.001,21.8615,1.093075,9.837675,-0.599529776,-0.0471115325
2026,2027,Little Rock,little rock,Pepperdine,pepperdine,2125515,Aaron Clark,Junior,G,78,0.7813566666666667,player_id,Aaron Clark,Pepperdine,Little Rock,-8.3186,263.0,2.5474,111.0,WCC,985.82,1670.175,460.0,368.0,123.0,82.0,22.0,79.0,101.0,34.0,4.0,83.0,0.56931,1.229,0.5967,0.6324,0.2593,102.32,117.5,14.2937,0.0231,0.0499,0.49457,0.54489,0.1877,0.0592,0.16432,-0.038,0.472,-0.51,359.4240666666667,64.07124666666667,78.91702333333333,0.4448341639,0.9602873433333334
2026,2027,Little Rock,little rock,ULM,louisiana monroe,2102044,Ayomide Bamisile,Sophomore,F,79,0.55,player_id,Ayomide Bamisile,ULM,Little Rock,-21.1017,352.0,-4.0088,240.0,SB,303.85,522.757,61.0,53.0,14.0,5.0,32.0,33.0,65.0,10.0,18.0,9.0,-0.13461,0.3942,0.2245,0.1697,0.11344,110.45,118.43,11.8264,-0.0177,0.0519,0.50943,0.5152,0.03314,0.12158,0.13204,-3.825,-2.4,-1.425,33.550000000000004,2.75,35.75,-0.0740355,0.21681
2026,2027,Little Rock,little rock,UMBC,umbc,2138845,Jah'Likai King,Junior,G,74,0.9697166666666667,player_id,Jah'Likai King,UMBC,Little Rock,-1.817,187.0,-14.6218,365.0,AE,970.3,1576.708,420.0,340.0,118.0,48.0,10.0,79.0,89.0,23.0,7.0,44.0,1.22039,2.6145,1.014,1.6005,0.24486,107.08,106.28,14.6101,0.0503,0.1078,0.475,0.53585,0.09711,0.05475,0.10094,-1.149,0.032,-1.181,407.281,46.5464,86.30478333333333,1.1834325228333333,2.535324225
2026,2027,Little Rock,little rock,Temple,temple,1890448,Jamai Felt,Sophomore,F,82,1.0130116666666666,player_id,Jamai Felt,Temple,Little Rock,0.7807,159.0,-1.4871,184.0,Amer,402.13,637.679,115.0,68.0,53.0,12.0,50.0,72.0,122.0,9.0,25.0,24.0,1.49019,1.3648,0.6584,0.7064,0.15374,118.16,105.07,17.5587,0.1482,0.1358,0.61765,0.62979,0.05913,0.18089,0.20812,1.336,-0.031,1.367,116.49634166666667,12.15614,123.58742333333333,1.50957985555,1.3825583226666667
2026,2027,Little Rock,little rock,Pittsburgh,pittsburgh,2093112,Papa Amadou Kante,Sophomore,F,82,1.2005750000000002,player_id,Papa Amadou Kante,Pittsburgh,Little Rock,7.2345,98.0,10.2496,65.0,ACC,113.28,184.669,22.0,20.0,9.0,7.0,17.0,26.0,43.0,2.0,1.0,3.0,0.26912,0.3099,0.1575,0.1525,0.12102,118.06,109.55,15.5307,0.095,0.1094,0.45,0.45833,0.11392,0.21461,0.11128,2.758,0.345,2.413,26.412650000000003,8.404025,51.624725000000005,0.3230987440000001,0.37205819250000005
2026,2027,Little Rock,little rock,NIU,northern illinois,2543663,Taj Walters,Freshman,G,77,0.5893499999999999,player_id,Taj Walters,NIU,Little Rock,-17.439,334.0,-1.5094,187.0,MAC,750.9,1266.681,223.0,178.0,54.0,15.0,48.0,98.0,146.0,20.0,10.0,36.0,0.15957,1.1172,0.5115,0.6057,0.15861,106.69,115.6,12.1124,0.0085,0.0595,0.51124,0.55253,0.04339,0.11462,0.15141,-0.984,-1.546,0.562,131.42504999999997,8.84025,86.04509999999999,0.09404257949999999,0.6584218199999999
2026,2027,LIU,liu,Providence,providence,2305482,Daquan Davis,Sophomore,G,73,1.2827883333333334,player_id,Daquan Davis,Providence,LIU,12.1673,67.0,11.0749,51.0,BE,27.66,53.357,2.0,4.0,1.0,3.0,0.0,1.0,1.0,1.0,0.0,1.0,-0.14868,-0.0199,-0.0345,0.0146,0.08988,69.74,118.78,-0.0532,-0.215,-0.0288,0.25,0.22727,0.15151,0.01891,0.18382,0.687,-0.314,1.001,2.565576666666667,3.8483650000000003,1.2827883333333334,-0.19072496940000003,-0.025527487833333338
2026,2027,LIU,liu,Chicago St.,chicago state,1914079,Deshawn Jean-Charles,Senior,G,79,0.5546,player_id,Deshawn Jean-Charles,Chicago St.,LIU,-19.524,344.0,-4.7794,259.0,NEC,35.11,64.653,3.0,3.0,4.0,2.0,2.0,3.0,5.0,1.0,0.0,0.0,-0.12168,0.0255,0.0118,0.0137,0.066,106.47,120.31,5.8561,-0.1386,0.0291,0.0,0.3125,0.09206,0.08631,0.0,-0.296,0.263,-0.559,1.6638,1.1092,2.7729999999999997,-0.06748372799999999,0.014142299999999998
2026,2027,LIU,liu,Utah,utah,2321439,Jahki Howard,Sophomore,G,79,1.1091133333333334,player_id,Jahki Howard,Utah,LIU,3.5468,128.0,11.7731,43.0,B12,42.34,75.645,8.0,8.0,5.0,1.0,4.0,5.0,9.0,0.0,1.0,3.0,-0.17399,-0.0248,-0.041,0.0163,0.15071,84.24,120.36,4.2434,-0.1644,-0.0234,0.25,0.39216,0.03477,0.11396,0.22727,-1.867,-1.802,-0.065,8.872906666666667,1.1091133333333334,9.98202,-0.1929746288666667,-0.027506010666666667
2026,2027,LIU,liu,Presbyterian,presbyterian,2306691,Josh Pickett,Sophomore,G,77,0.7718266666666668,player_id,Josh Pickett,Presbyterian,LIU,-8.8904,269.0,-4.9978,263.0,BSth,824.14,1334.108,170.0,152.0,39.0,65.0,11.0,34.0,45.0,10.0,3.0,45.0,-1.97917,0.5927,0.056,0.5368,0.13733,98.06,117.4,5.5362,-0.0961,0.0288,0.46382,0.50236,0.14065,0.03315,0.21012,-1.5,-0.563,-0.937,131.21053333333336,50.16873333333334,34.732200000000006,-1.527576183866667,0.4574616653333334
2026,2027,LIU,liu,Western Caro.,western carolina,2287928,Justin Johnson,Sophomore,G,80,0.8691933333333333,player_id,Justin Johnson,Western Caro.,LIU,-5.4484,227.0,-4.0804,243.0,SC,430.94,728.209,181.0,162.0,72.0,23.0,22.0,44.0,66.0,14.0,9.0,26.0,-0.42071,0.5031,0.1504,0.3527,0.24964,100.17,115.49,12.749,-0.0391,0.0467,0.41667,0.46722,0.10185,0.08728,0.11835,-0.669,0.017,-0.686,157.32399333333333,19.991446666666665,57.36675999999999,-0.3656783272666666,0.43729116599999995
2026,2027,LIU,liu,Cleveland St.,cleveland state,2143726,Kamari Jones,Sophomore,G,76,0.6367566666666666,player_id,Kamari Jones,Cleveland St.,LIU,-14.5946,319.0,-2.1756,201.0,Horz,232.01,412.225,92.0,80.0,23.0,9.0,5.0,16.0,21.0,4.0,1.0,9.0,-0.25498,0.0385,0.1501,-0.1115,0.21382,104.24,130.02,9.6684,-0.044,0.0066,0.4625,0.51054,0.07296,0.05354,0.0908,-2.313,-0.112,-2.201,58.58161333333333,5.73081,13.371889999999999,-0.16236021486666666,0.024515131666666665
2026,2027,LIU,liu,UTSA,utsa,2134258,Vasean Allette,Junior,G,74,0.5740816666666667,player_id,Vasean Allette,UTSA,LIU,-18.3551,338.0,1.4951,121.0,Amer,0.0,0.0,0.0,0.0,0.0,0.0,0.0,0.0,0.0,0.0,0.0,0.0,0.0,0.0,0.0,0.0,,,,,,,,,,,,,,,0.0,0.0,0.0,0.0,0.0
2026,2027,Long Beach St.,long beach state,Trevecca Nazarene,trevecca nazarene,2356585,Brett Wright,Sophomore,F,79,1.0,player_id,Brett Wright,Trevecca Nazarene,Long Beach St.,,,,,,0.0,0.0,0.0,0.0,0.0,0.0,0.0,0.0,0.0,0.0,0.0,0.0,0.0,0.0,0.0,0.0,,,,,,,,,,,,,,,0.0,0.0,0.0,0.0,0.0
2026,2027,Long Beach St.,long beach state,Mo. Southern St.,mo southern state,2106187,Colin Ruffin,Junior,G,76,1.0,player_id,Colin Ruffin,Mo. Southern St.,Long Beach St.,,,,,,0.0,0.0,0.0,0.0,0.0,0.0,0.0,0.0,0.0,0.0,0.0,0.0,0.0,0.0,0.0,0.0,,,,,,,,,,,,,,,0.0,0.0,0.0,0.0,0.0
2026,2027,Long Beach St.,long beach state,Bucknell,bucknell,2121785,Grgur Brcic,Sophomore,F,82,0.6004633333333332,player_id,Grgur Brcic,Bucknell,Long Beach St.,-16.7722,331.0,-6.3678,288.0,PL,304.23,501.538,78.0,58.0,26.0,7.0,36.0,51.0,87.0,5.0,9.0,13.0,0.23783,0.6181,0.3105,0.3076,0.14145,111.82,113.34,14.6136,0.0313,0.0813,0.56897,0.56196,0.05202,0.17206,0.15769,-2.735,-3.143,0.408,46.83613999999999,4.203243333333333,52.240309999999994,0.14280819456666666,0.37114638633333324
2026,2027,Long Beach St.,long beach state,Pittsburgh,pittsburgh,2538928,Henry Lau,Freshman,F,79,1.2005750000000002,player_id,Henry Lau,Pittsburgh,Long Beach St.,7.2345,98.0,10.2496,65.0,ACC,0.0,0.0,0.0,0.0,0.0,0.0,0.0,0.0,0.0,0.0,0.0,0.0,0.0,0.0,0.0,0.0,,,,,,,,,,,,,,,0.0,0.0,0.0,0.0,0.0
2026,2027,Long Beach St.,long beach state,Idaho,idaho,1921971,Jack Payne,Junior,G,78,1.0165866666666667,player_id,Jack Payne,Idaho,Long Beach St.,0.9952,155.0,-1.5147,188.0,BSky,669.63,1132.066,215.0,190.0,34.0,38.0,34.0,81.0,115.0,17.0,10.0,28.0,1.63674,1.6474,0.7083,0.9391,0.17743,110.35,109.05,13.0764,0.0978,0.0984,0.49211,0.52439,0.10636,0.09808,0.12019,-1.898,-1.196,-0.702,218.56613333333334,38.630293333333334,116.90746666666668,1.6638880608000002,1.6747248746666668
2026,2027,Long Beach St.,long beach state,Cal St. Monterey Bay,cal state monterey bay,1943604,Jaden Tengan,Junior,G,71,1.0,player_id,Jaden Tengan,Cal St. Monterey Bay,Long Beach St.,,,,,,0.0,0.0,0.0,0.0,0.0,0.0,0.0,0.0,0.0,0.0,0.0,0.0,0.0,0.0,0.0,0.0,,,,,,,,,,,,,,,0.0,0.0,0.0,0.0,0.0
2026,2027,Long Beach St.,long beach state,Grand Canyon,grand canyon,1945360,Kaleb Smith,Junior,F,82,1.25546,player_id,Kaleb Smith,Grand Canyon,Long Beach St.,13.5276,57.0,3.8097,100.0,MWC,175.17,297.636,30.0,38.0,18.0,6.0,6.0,20.0,26.0,2.0,1.0,8.0,-0.80959,0.0504,-0.2497,0.3,0.15474,75.84,105.5,2.0609,-0.1849,0.0115,0.21053,0.3268,0.05442,0.09045,0.14837,-3.382,-2.344,-1.038,37.6638,7.53276,32.64196,-1.0164078614,0.063275184
2026,2027,Long Beach St.,long beach state,Oregon St.,oregon state,2098313,Noah Amenhauser,Sophomore,F,86,0.9856483333333333,player_id,Noah Amenhauser,Oregon St.,Long Beach St.,-0.8611,179.0,2.6949,106.0,WCC,352.57,567.242,147.0,97.0,50.0,12.0,28.0,36.0,64.0,1.0,15.0,23.0,0.22811,0.8416,0.5431,0.2986,0.22048,113.0,115.22,16.8536,0.0259,0.0955,0.57732,0.61765,0.08687,0.11109,0.16197,-2.184,0.21,-2.394,144.890305,11.82778,63.081493333333334,0.22483624131666669,0.8295216373333334
2026,2027,Long Beach St.,long beach state,Fla. Atlantic,florida atlantic,2550729,Yohann Sissoko,Freshman,G,77,1.0598283333333334,player_id,Yohann Sissoko,Fla. Atlantic,Long Beach St.,3.5897,126.0,1.9615,115.0,Amer,266.63,459.14,67.0,51.0,31.0,25.0,10.0,34.0,44.0,5.0,3.0,25.0,-0.49493,0.2912,-0.0613,0.3526,0.16766,94.08,109.86,8.6408,-0.0742,0.0437,0.44118,0.51858,0.15555,0.09229,0.27889,0.332,1.939,-1.607,71.00849833333334,26.495708333333333,46.63244666666667,-0.5245408370166667,0.30862201066666667
2026,2027,Longwood,longwood,South Carolina,south carolina,2480431,Abu Yarmah,Freshman,G,78,1.2054850000000001,player_id,Abu Yarmah,South Carolina,Longwood,7.5291,96.0,10.7656,55.0,SEC,0.0,0.0,0.0,0.0,0.0,0.0,0.0,0.0,0.0,0.0,0.0,0.0,0.0,0.0,0.0,0.0,,,,,,,,,,,,,,,0.0,0.0,0.0,0.0,0.0
2026,2027,Longwood,longwood,Vermont,vermont,2314296,Ben Wesson,Sophomore,G,76,0.8527566666666666,player_id,Ben Wesson,Vermont,Longwood,-6.4346,239.0,-11.1731,357.0,AE,9.15,14.589,0.0,2.0,0.0,0.0,0.0,1.0,1.0,1.0,1.0,1.0,-0.0408,,,0.0297,0.1796,,88.42,-2.7065,-0.1784,,0.0,0.0,0.0,0.06795,0.33333,,,,0.0,0.0,0.8527566666666666,-0.034792472,0.0
2026,2027,Longwood,longwood,UNC Greensboro,unc greensboro,2147295,Domas Kauzonas,Junior,F,82,0.67896,player_id,Domas Kauzonas,UNC Greensboro,Longwood,-12.0624,300.0,-6.2364,287.0,SC,310.37,523.95,87.0,69.0,26.0,8.0,25.0,26.0,51.0,4.0,6.0,21.0,-1.1867,0.1107,0.0454,0.0653,0.16862,98.82,122.31,8.6416,-0.1529,0.0143,0.55072,0.54104,0.0506,0.09525,0.20702,-3.468,-1.658,-1.81,59.06952,5.43168,34.62696,-0.805721832,0.075160872
2026,2027,Longwood,longwood,Boston College,boston college,2303663,Kany Tchanda,Sophomore,F,81,1.0630783333333333,player_id,Kany Tchanda,Boston College,Longwood,0.7847,158.0,6.0956,83.0,ACC,17.58,29.295,0.0,3.0,0.0,0.0,1.0,3.0,4.0,0.0,0.0,1.0,-0.11827,,,0.0257,0.11659,,108.33,-6.9805,-0.2691,,0.0,0.0,0.0,0.12398,0.25,-2.157,-1.523,-0.634,0.0,0.0,4.252313333333333,-0.12573027448333335,0.0
2026,2027,Longwood,longwood,Duquesne,duquesne,2539334,Lazar Milosevic,Freshman,F,82,1.0629133333333334,player_id,Lazar Milosevic,Duquesne,Longwood,3.7748,123.0,2.6535,107.0,A10,76.85,130.933,20.0,13.0,8.0,5.0,6.0,10.0,16.0,3.0,0.0,3.0,0.10444,0.2341,0.1301,0.104,0.12776,123.94,109.49,13.6642,0.0544,0.1219,0.57692,0.60606,0.1104,0.11927,0.15369,-0.395,0.306,-0.701,21.258266666666668,5.314566666666667,17.006613333333334,0.11101066853333334,0.24882801133333335
2026,2027,Longwood,longwood,Eastern Ky.,eastern kentucky,2550852,MJ Williams,Freshman,G,70,0.7258983333333334,player_id,MJ Williams,Eastern Ky.,Longwood,-11.6461,297.0,-4.3024,250.0,ASun,714.15,1199.764,296.0,257.0,69.0,124.0,25.0,84.0,109.0,41.0,1.0,61.0,2.54237,1.4344,0.9943,0.4401,0.24384,109.14,117.77,16.8638,0.1424,0.0803,0.47471,0.51496,0.33716,0.08763,0.17511,1.216,0.633,0.583,214.8659066666667,90.01139333333334,79.12291833333335,1.845502145716667,1.0412285693333334
2026,2027,Longwood,longwood,Saint Peter's,saint peters,2540686,TJ Robinson,Freshman,G,76,0.7993216666666667,player_id,TJ Robinson,Saint Peter's,Longwood,-7.2407,253.0,-8.0176,317.0,MAAC,504.08,808.334,246.0,187.0,129.0,65.0,10.0,39.0,49.0,20.0,0.0,50.0,0.1022,1.0542,0.3677,0.6865,0.29659,102.4,109.47,14.9529,0.0081,0.0837,0.40642,0.50451,0.28862,0.05542,0.17021,-2.404,-0.971,-1.433,196.63313000000002,51.95590833333333,39.166761666666666,0.08169067433333334,0.8426449010000001
2026,2027,Louisiana,louisiana,Tennessee Tech,tennessee tech,2134261,Dani Pounds,Junior,F,80,0.6559716666666666,player_id,Dani Pounds,Tennessee Tech,Louisiana,-13.4417,316.0,-7.9331,315.0,OVC,466.81,775.179,273.0,169.0,119.0,17.0,39.0,83.0,122.0,14.0,19.0,49.0,2.26333,1.656,0.9442,0.7119,0.29713,112.32,107.66,22.6279,0.1939,0.1419,0.52663,0.61653,0.08484,0.15218,0.18124,0.373,0.731,-0.358,179.080265,11.151518333333332,80.02854333333333,1.4846803523166665,1.0862890799999998
2026,2027,Louisiana,louisiana,Cleveland St.,cleveland state,1912261,Josiah Harris,Junior,F,79,0.6367566666666666,player_id,Josiah Harris,Cleveland St.,Louisiana,-14.5946,319.0,-2.1756,201.0,Horz,557.18,980.303,195.0,158.0,45.0,40.0,35.0,97.0,132.0,12.0,8.0,26.0,1.40368,0.855,0.8199,0.0351,0.17974,114.69,123.96,14.9086,0.1008,0.0614,0.5,0.54837,0.13297,0.13734,0.12758,-2.822,0.198,-3.02,124.16754999999999,25.470266666666667,84.05188,0.8938025978666666,0.54442695
2026,2027,Louisiana,louisiana,Lindenwood,lindenwood,2137341,Mekhi Cooper,Junior,G,73,0.7766433333333334,player_id,Mekhi Cooper,Lindenwood,Louisiana,-8.6014,267.0,-9.1937,341.0,OVC,902.32,1614.665,177.0,190.0,48.0,105.0,12.0,70.0,82.0,34.0,0.0,66.0,-2.0803,0.6867,-0.662,1.3486,0.14455,86.07,107.94,5.5053,-0.0922,0.0304,0.36842,0.41923,0.19345,0.04804,0.23816,-3.046,-1.794,-1.252,137.46587,81.54755,63.68475333333333,-1.6156511263333333,0.533320977
2026,2027,Louisiana,louisiana,N.C. A&T,north carolina a and t,2125375,Trent Middleton Jr.,Junior,G,75,0.7354483333333334,player_id,Trent Middleton Jr.,N.C. A&T,Louisiana,-11.0731,290.0,-4.0778,242.0,CAA,833.43,1399.827,346.0,268.0,96.0,84.0,23.0,75.0,98.0,25.0,3.0,66.0,0.88573,1.5358,0.9205,0.6153,0.22945,107.71,116.45,14.821,0.0425,0.0737,0.50933,0.5577,0.20704,0.06812,0.17542,-1.497,-0.007,-1.49,254.46512333333334,61.777660000000004,72.07393666666667,0.6514086522833333,1.1295015503333334
2026,2027,ULM,louisiana monroe,UAB,uab,2125312,Dayjaun Anderson,Sophomore,G,74,1.06267,player_id,Dayjaun Anderson,UAB,ULM,3.7602,124.0,-0.7133,166.0,Amer,471.22,799.257,148.0,164.0,16.0,18.0,11.0,37.0,48.0,24.0,1.0,15.0,0.24433,0.6161,-0.1045,0.7205,0.19169,94.15,107.6,9.2617,0.0207,0.0523,0.42378,0.43275,0.06549,0.05418,0.08063,1.356,-0.482,1.838,157.27516,19.12806,51.008160000000004,0.2596421611,0.654710987
2026,2027,ULM,louisiana monroe,Tennessee St.,tennessee state,2547129,Jean Yvens Lafleur,Junior,F,83,0.9658416666666667,player_id,Jean Yvens Lafleur,Tennessee St.,ULM,-2.0495,191.0,-7.7404,312.0,OVC,12.36,23.029,2.0,2.0,0.0,0.0,3.0,2.0,5.0,2.0,0.0,1.0,0.06348,,,0.0384,0.11347,,89.97,15.4837,0.2054,,0.5,0.5,0.0,0.23622,0.33333,,,,1.9316833333333334,0.0,4.829208333333334,0.061311629,0.0
2026,2027,ULM,louisiana monroe,Tennessee St.,tennessee state,1917795,Khalil London,Junior,G,75,0.9658416666666667,player_id,Khalil London,Tennessee St.,ULM,-2.0495,191.0,-7.7404,312.0,OVC,302.12,528.727,118.0,128.0,28.0,20.0,4.0,26.0,30.0,8.0,3.0,23.0,-0.91663,0.0664,-0.2956,0.362,0.26109,87.98,111.29,6.9883,-0.1214,0.0088,0.375,0.42053,0.11793,0.05542,0.14083,-4.627,-3.119,-1.508,113.96931666666667,19.316833333333335,28.975250000000003,-0.8853194469166666,0.06413188666666667
2026,2027,ULM,louisiana monroe,UAB,uab,2491799,Lance Carr,Freshman,F,79,1.06267,player_id,Lance Carr,UAB,ULM,3.7602,124.0,-0.7133,166.0,Amer,12.59,22.282,1.0,0.0,2.0,0.0,1.0,2.0,3.0,0.0,2.0,0.0,0.03809,,,0.0271,0.03291,,100.68,12.2759,0.121,,,0.55556,0.0,0.12569,0.0,,,,1.06267,0.0,3.1880100000000002,0.0404771003,0.0
2026,2027,ULM,louisiana monroe,UAB,uab,1702077,Quaran McPherson,Junior,G,76,1.06267,player_id,Quaran McPherson,UAB,ULM,3.7602,124.0,-0.7133,166.0,Amer,278.5,480.098,115.0,80.0,40.0,13.0,8.0,31.0,39.0,11.0,1.0,22.0,0.30315,0.6587,0.2308,0.4278,0.20931,106.01,107.52,14.112,0.0435,0.0946,0.525,0.58914,0.08118,0.07454,0.18395,0.607,-1.111,1.718,122.20705,13.81471,41.44413,0.3221484105,0.699980729
2026,2027,ULM,louisiana monroe,Southern Miss.,southern miss,1947761,Robert Cowherd,Junior,G,76,0.8891966666666666,player_id,Robert Cowherd,Southern Miss.,ULM,-4.2482,219.0,-3.9902,239.0,SB,44.12,73.993,7.0,14.0,1.0,1.0,0.0,0.0,0.0,1.0,0.0,3.0,-0.3508,-0.1332,-0.1666,0.0334,0.20203,49.5,116.21,-6.593,-0.318,-0.1208,0.21429,0.24306,0.04141,0.0,0.17202,-2.561,-0.564,-1.997,6.224376666666666,0.8891966666666666,0.0,-0.31193019066666666,-0.118440996
2026,2027,Louisiana Tech,louisiana tech,Northeastern St.,northeastern state,2160375,Ethan Blackmon,Junior,F,79,1.0,player_id,Ethan Blackmon,Northeastern St.,Louisiana Tech,,,,,,0.0,0.0,0.0,0.0,0.0,0.0,0.0,0.0,0.0,0.0,0.0,0.0,0.0,0.0,0.0,0.0,,,,,,,,,,,,,,,0.0,0.0,0.0,0.0,0.0
2026,2027,Louisiana Tech,louisiana tech,Lamar University,lamar,2551960,Izuchukwu Emelife,Freshman,F,79,0.8549066666666666,player_id,Izuchukwu Emelife,Lamar University,Louisiana Tech,-6.3056,238.0,-2.9961,221.0,Slnd,0.0,0.0,0.0,0.0,0.0,0.0,0.0,0.0,0.0,0.0,0.0,0.0,0.0,0.0,0.0,0.0,,,,,,,,,,,,,,,0.0,0.0,0.0,0.0,0.0
2026,2027,Louisiana Tech,louisiana tech,Central Mo.,central mo,2319608,Kyran Tilley,Sophomore,G,73,1.0,player_id,Kyran Tilley,Central Mo.,Louisiana Tech,,,,,,0.0,0.0,0.0,0.0,0.0,0.0,0.0,0.0,0.0,0.0,0.0,0.0,0.0,0.0,0.0,0.0,,,,,,,,,,,,,,,0.0,0.0,0.0,0.0,0.0
2026,2027,Louisville,louisville,Iowa,iowa,2137301,Alvaro Folgueiras,Junior,F,82,1.45,player_id,Alvaro Folgueiras,Iowa,Louisville,23.387,22.0,13.4221,26.0,B10,767.05,1178.59,312.0,210.0,86.0,81.0,35.0,100.0,135.0,32.0,9.0,46.0,5.05524,3.4115,2.0209,1.3906,0.21626,123.47,104.43,20.8973,0.2636,0.1779,0.58571,0.62954,0.20668,0.12139,0.15655,3.687,3.287,0.4,452.4,117.45,195.75,7.3300980000000004,4.946675
2026,2027,Louisville,louisville,Dayton,dayton,2118540,De'Shayne Montgomery,Sophomore,G,76,1.231815,player_id,De'Shayne Montgomery,Dayton,Louisville,12.1089,68.0,5.0222,93.0,A10,1101.75,1817.973,481.0,365.0,90.0,76.0,31.0,114.0,145.0,77.0,21.0,69.0,5.90538,3.9513,1.4721,2.4792,0.22946,110.62,99.62,19.1981,0.2144,0.1435,0.56164,0.59441,0.16043,0.08056,0.14569,6.401,2.19,4.211,592.503015,93.61794,178.613175,7.274335664700001,4.8672706095
2026,2027,Louisville,louisville,Kansas,kansas,2321327,Flory Bidunga,Sophomore,F,81,1.45,player_id,Flory Bidunga,Kansas,Louisville,24.1522,21.0,16.6274,3.0,B12,1104.3,1844.032,464.0,308.0,107.0,52.0,106.0,208.0,314.0,26.0,91.0,54.0,8.25547,5.5929,2.8396,2.7533,0.19091,126.42,96.84,24.8543,0.299,0.2026,0.63961,0.65334,0.09743,0.15112,0.132,9.567,4.419,5.148,672.8,75.39999999999999,455.3,11.9704315,8.109705
2026,2027,Louisville,louisville,Southern California,usc,2117042,Gabe Dynes,Junior,F,89,1.2623216666666668,player_id,Gabe Dynes,Southern California,Louisville,10.9393,77.0,12.0656,37.0,B10,335.45,574.07,72.0,42.0,17.0,11.0,32.0,33.0,65.0,4.0,27.0,21.0,0.30375,0.6658,0.2719,0.3939,0.10356,112.49,111.56,13.4552,0.0362,0.0794,0.78571,0.72727,0.0603,0.11114,0.29796,2.117,-0.713,2.83,90.88716000000001,13.885538333333335,82.05090833333334,0.38343020625000007,0.8404537656666666
2026,2027,Louisville,louisville,Oregon,oregon,2112555,Jackson Shelstad,Junior,G,73,1.1679833333333334,player_id,Jackson Shelstad,Oregon,Louisville,7.079,101.0,12.4195,34.0,B10,418.11,700.373,187.0,169.0,26.0,59.0,4.0,31.0,35.0,17.0,1.0,21.0,1.62645,1.0457,0.6861,0.3596,0.23454,112.04,115.02,17.084,0.1556,0.1,0.48817,0.51829,0.27847,0.04761,0.10425,2.112,1.908,0.204,218.41288333333335,68.91101666666667,40.87941666666667,1.8996664925,1.2213601716666669
2026,2027,Louisville,louisville,Arkansas,arkansas,2302258,Karter Knox,Sophomore,F,78,1.45,player_id,Karter Knox,Arkansas,Louisville,25.4725,18.0,14.8156,11.0,SEC,487.72,856.941,178.0,139.0,33.0,26.0,28.0,72.0,100.0,15.0,12.0,22.0,1.63886,1.3656,0.7988,0.5668,0.17609,118.28,111.72,15.6228,0.1344,0.112,0.55396,0.5798,0.08208,0.1177,0.12534,4.351,2.48,1.871,258.09999999999997,37.699999999999996,145.0,2.376347,1.9801199999999999
2026,2027,Loyola Chicago,loyola chicago,Villanova,villanova,2539390,Christian Jeffrey,Freshman,G,75,1.4419183333333334,player_id,Christian Jeffrey,Villanova,Loyola Chicago,19.9151,33.0,10.8642,54.0,BE,180.33,297.237,67.0,47.0,20.0,22.0,4.0,19.0,23.0,13.0,0.0,5.0,0.84877,0.8577,0.515,0.3428,0.17375,132.71,103.39,20.1221,0.1883,0.1903,0.54255,0.60036,0.21984,0.07397,0.08224,1.275,-0.353,1.628,96.60852833333334,31.722203333333336,33.16412166666667,1.2238570237833335,1.2367333545
2026,2027,Loyola Chicago,loyola chicago,Cleveland St.,cleveland state,2299979,Dayan Nessah,Sophomore,F,79,0.6367566666666666,player_id,Dayan Nessah,Cleveland St.,Loyola Chicago,-14.5946,319.0,-2.1756,201.0,Horz,638.56,1105.119,363.0,211.0,162.0,55.0,44.0,101.0,145.0,24.0,15.0,67.0,2.74645,1.7106,1.5677,0.1429,0.27475,116.66,122.17,22.7123,0.172,0.1072,0.56398,0.64293,0.19034,0.13155,0.19182,0.403,1.889,-1.486,231.14266999999998,35.02161666666667,92.32971666666666,1.7488203471666666,1.0892359539999998
2026,2027,Loyola Chicago,loyola chicago,Boston College,boston college,1908254,Donald Hand Jr.,Junior,G,77,1.0630783333333333,player_id,Donald Hand Jr.,Boston College,Loyola Chicago,0.7847,158.0,6.0956,83.0,ACC,861.11,1400.305,348.0,318.0,147.0,36.0,16.0,108.0,124.0,14.0,3.0,48.0,-1.57626,0.8369,-0.4074,1.2444,0.26468,92.72,108.55,10.4053,-0.0732,0.0389,0.38208,0.45466,0.09165,0.07862,0.11145,-0.117,-1.541,1.424,369.95126,38.27082,131.82171333333332,-1.6756878537,0.8896902571666666
2026,2027,Loyola Chicago,loyola chicago,James Madison,james madison,2132546,Eddie Ricks III,Junior,F,79,0.8937133333333334,player_id,Eddie Ricks III,James Madison,Loyola Chicago,-3.9772,215.0,-5.1889,268.0,SB,830.76,1367.432,226.0,152.0,75.0,50.0,38.0,136.0,174.0,24.0,13.0,28.0,1.89434,2.5684,1.487,1.0814,0.13316,125.76,110.06,15.8174,0.0912,0.1237,0.54934,0.61081,0.10909,0.119,0.13146,-1.387,-0.999,-0.388,201.97921333333335,44.68566666666667,155.50612,1.6929969158666667,2.2954133253333335
2026,2027,Loyola Chicago,loyola chicago,Kansas St.,kansas state,2510655,Elias Rapieque,Junior,F,81,1.1657333333333333,player_id,Elias Rapieque,Kansas St.,Loyola Chicago,6.944,103.0,12.7102,31.0,B12,305.99,564.637,74.0,63.0,19.0,30.0,22.0,29.0,51.0,16.0,5.0,14.0,0.30041,0.6311,0.28,0.3511,0.13007,110.92,111.81,11.5145,0.0393,0.0825,0.53968,0.51821,0.14935,0.09234,0.16401,1.268,1.396,-0.128,86.26426666666666,34.972,59.4524,0.35019795066666665,0.7356943066666667
2026,2027,Loyola Chicago,loyola chicago,Marist,marist,2119117,Jason Schofield,Sophomore,F,82,0.9119183333333333,player_id,Jason Schofield,Marist,Loyola Chicago,-2.8849,201.0,-8.9873,336.0,MAAC,418.78,680.447,201.0,160.0,40.0,28.0,45.0,58.0,103.0,13.0,18.0,21.0,2.48755,1.9706,0.8495,1.1211,0.25283,115.29,94.91,23.0791,0.2376,0.1882,0.54375,0.56588,0.15404,0.14305,0.10574,-0.528,-1.728,1.2,183.295585,25.53371333333333,93.92758833333333,2.268442450083333,1.7970262676666664
2026,2027,Loyola Chicago,loyola chicago,TCU,tcu,2305308,Malick Diallo,Sophomore,F,81,1.3991016666666667,player_id,Malick Diallo,TCU,Loyola Chicago,17.3461,44.0,11.8204,40.0,B12,6.5,11.716,0.0,0.0,0.0,0.0,0.0,1.0,1.0,0.0,1.0,2.0,-0.05503,,,0.0145,0.13916,,99.87,-11.4676,-0.3386,,,,0.0,0.09185,1.0,,,,0.0,0.0,1.3991016666666667,-0.07699256471666667,0.0
2026,2027,Loyola Chicago,loyola chicago,Stanford,stanford,1903956,Ryan Agarwal,Junior,G,78,1.2936783333333335,player_id,Ryan Agarwal,Stanford,Loyola Chicago,12.8207,63.0,8.4233,76.0,ACC,718.25,1190.311,190.0,189.0,23.0,25.0,23.0,107.0,130.0,19.0,8.0,37.0,-0.44855,0.8865,-0.0713,0.9579,0.1685,95.58,109.79,9.1631,-0.025,0.0494,0.46032,0.47715,0.06451,0.10813,0.1567,2.374,1.498,0.876,245.79888333333335,32.34195833333334,168.17818333333335,-0.5802794164166667,1.1468458425
2026,2027,LMU (CA),loyola marymount,Xavier,xavier,2324122,All Wright,Sophomore,G,75,1.2116983333333333,player_id,All Wright,Xavier,LMU (CA),7.9019,94.0,11.554,47.0,BE,733.35,1279.7,247.0,186.0,44.0,65.0,9.0,43.0,52.0,17.0,1.0,20.0,-0.209,1.6529,1.2654,0.3875,0.15297,122.83,118.77,12.7125,-0.0114,0.0902,0.56452,0.60127,0.15329,0.03961,0.08875,1.647,2.045,-0.398,299.28948833333334,78.76039166666666,63.008313333333334,-0.25324495166666666,2.0028161751666667
2026,2027,LMU (CA),loyola marymount,Tarleton St.,tarleton state,2317064,Andy Sigiscar,Freshman,F,81,0.8858583333333333,player_id,Andy Sigiscar,Tarleton St.,LMU (CA),-4.4485,220.0,0.3794,139.0,WAC,344.94,584.097,149.0,99.0,41.0,6.0,17.0,44.0,61.0,13.0,23.0,19.0,1.53731,1.1306,0.5472,0.5835,0.19705,115.72,105.7,20.1357,0.1783,0.1311,0.63636,0.63675,0.03916,0.10782,0.13966,-1.79,-3.463,1.673,131.99289166666665,5.31515,54.03735833333333,1.3618388744166665,1.0015514316666667
2026,2027,LMU (CA),loyola marymount,Lafayette,lafayette,2536824,Christian Humphrey-Rembert,Freshman,F,81,0.6253116666666666,player_id,Christian Humphrey-Rembert,Lafayette,LMU (CA),-15.2813,326.0,-7.9402,316.0,PL,941.68,1543.052,238.0,197.0,43.0,15.0,32.0,175.0,207.0,14.0,19.0,23.0,1.75058,1.6696,0.6266,1.0429,0.13475,108.6,112.29,11.8746,0.0744,0.0709,0.53553,0.55118,0.03013,0.12927,0.09627,-1.977,-0.771,-1.206,148.82417666666666,9.379674999999999,129.439515,1.0946580974333333,1.0440203586666665
2026,2027,LMU (CA),loyola marymount,Jacksonville,jacksonville,2143489,Donovan Rivers,Junior,F,81,0.7282833333333334,player_id,Donovan Rivers,Jacksonville,LMU (CA),-11.503,295.0,-4.3292,251.0,ASun,618.45,980.798,258.0,171.0,112.0,17.0,49.0,85.0,134.0,9.0,14.0,50.0,-0.0872,1.1008,0.6583,0.4424,0.23317,107.03,116.67,16.1432,-0.0056,0.0712,0.54386,0.58557,0.05928,0.13648,0.18499,-4.15,-0.576,-3.574,187.89710000000002,12.380816666666668,97.58996666666667,-0.06350630666666666,0.8016942933333334
2026,2027,LMU (CA),loyola marymount,Indiana,indiana,2107330,Jasai Miles,Junior,G,78,1.3980750000000002,player_id,Jasai Miles,Indiana,LMU (CA),17.2845,45.0,11.598,46.0,B10,247.99,393.957,41.0,41.0,14.0,11.0,13.0,37.0,50.0,1.0,3.0,12.0,-0.77193,0.2299,-0.0829,0.3129,0.1294,91.47,110.58,5.0686,-0.1245,0.0371,0.41463,0.43432,0.07542,0.12476,0.20284,-0.387,-0.119,-0.268,57.32107500000001,15.378825000000003,69.90375,-1.0792160347500002,0.32141744250000004
2026,2027,LMU (CA),loyola marymount,LSU,lsu,2486085,Mazi Mosley,Freshman,G,77,1.2998266666666667,player_id,Mazi Mosley,LSU,LMU (CA),13.1896,61.0,10.6212,59.0,SEC,121.15,199.819,34.0,35.0,1.0,5.0,1.0,11.0,12.0,2.0,0.0,5.0,-0.1879,0.071,-0.0025,0.0736,0.16937,96.65,117.86,6.7934,-0.062,0.0234,0.48571,0.48023,0.07184,0.05591,0.12364,1.05,-0.428,1.478,44.19410666666667,6.499133333333333,15.59792,-0.24423743066666667,0.09228769333333332
2026,2027,LMU (CA),loyola marymount,UC Davis,uc davis,2098968,Nils Cooper,Junior,G,78,1.011125,player_id,Nils Cooper,UC Davis,LMU (CA),0.6675,162.0,-0.6836,165.0,BW,626.08,1086.047,296.0,196.0,108.0,46.0,36.0,79.0,115.0,36.0,10.0,40.0,3.00268,2.3365,1.2056,1.1308,0.22943,115.9,104.48,20.4072,0.1918,0.1493,0.55867,0.6078,0.15743,0.1096,0.14108,-0.107,0.719,-0.826,299.293,46.51175,116.279375,3.036084815,2.3624935625
2026,2027,LMU (CA),loyola marymount,UC Santa Barbara,uc santa barbara,2305476,Zion Sensley,Sophomore,F,80,1.0491766666666666,player_id,Zion Sensley,UC Santa Barbara,LMU (CA),2.9506,132.0,-1.4945,186.0,BW,756.84,1246.258,315.0,262.0,43.0,23.0,43.0,173.0,216.0,13.0,4.0,32.0,3.41202,2.3365,1.1919,1.1447,0.21722,114.35,107.8,17.1698,0.1803,0.1235,0.53244,0.5607,0.06237,0.17892,0.10226,1.151,2.205,-1.054,330.49065,24.131063333333334,226.62216,3.5798117702,2.4514012816666666
2026,2027,Loyola Maryland,loyola md,UC Davis,uc davis,2478322,Abdullah Amzil,Freshman,F,79,1.011125,player_id,Abdullah Amzil,UC Davis,Loyola Maryland,0.6675,162.0,-0.6836,165.0,BW,30.0,53.054,3.0,5.0,0.0,3.0,2.0,3.0,5.0,1.0,0.0,1.0,-0.00267,,,0.0402,0.10297,,109.7,6.2747,-0.0036,,0.3,0.3,0.16814,0.09916,0.16667,-0.623,-0.514,-0.109,3.0333750000000004,3.0333750000000004,5.055625,-0.0026997037500000004,0.0
2026,2027,Loyola Maryland,loyola md,ULM,louisiana monroe,2492286,Alex Huguet Carrasco,Sophomore,G,79,0.55,player_id,Alex Huguet Carrasco,ULM,Loyola Maryland,-21.1017,352.0,-4.0088,240.0,SB,93.1,163.609,22.0,21.0,6.0,1.0,9.0,13.0,22.0,2.0,0.0,1.0,0.09077,0.0863,0.0669,0.0195,0.13176,108.81,122.33,11.3182,0.039,0.0371,0.47619,0.4661,0.02196,0.12712,0.04058,-0.576,-0.791,0.215,12.100000000000001,0.55,12.100000000000001,0.0499235,0.04746500000000001
2026,2027,Loyola Maryland,loyola md,Kansas City,umkc,2555657,D'Andre Harrison,Freshman,F,78,0.55,player_id,D'Andre Harrison,Kansas City,Loyola Maryland,-25.4268,358.0,-2.1913,203.0,Sum,60.91,107.633,13.0,9.0,6.0,0.0,1.0,8.0,9.0,3.0,0.0,3.0,-0.23583,0.0213,-0.0202,0.0415,0.12135,90.52,117.05,6.7364,-0.1549,0.014,0.55556,0.56034,0.0,0.08541,0.20492,0.238,-0.832,1.07,7.15,0.0,4.95,-0.12970650000000003,0.011715000000000001
2026,2027,Loyola Maryland,loyola md,VMI,vmi,2313600,Mason Hagedorn,Sophomore,F,81,0.55,player_id,Mason Hagedorn,VMI,Loyola Maryland,-26.1602,360.0,-5.8423,282.0,SC,42.77,70.058,9.0,11.0,0.0,1.0,2.0,2.0,4.0,0.0,1.0,1.0,-0.15175,,,-0.0271,0.14377,,131.73,4.461,-0.1419,,0.40909,0.40909,0.05236,0.05136,0.08333,0.499,0.247,0.252,4.95,0.55,2.2,-0.08346250000000001,0.0
2026,2027,Loyola Maryland,loyola md,Wofford,wofford,2475428,Maximo Ortega,Freshman,G,74,0.8004033333333334,player_id,Maximo Ortega,Wofford,Loyola Maryland,-7.1758,251.0,-7.7174,311.0,SC,157.66,269.393,61.0,38.0,25.0,7.0,6.0,12.0,18.0,3.0,1.0,8.0,-0.12617,0.345,0.2736,0.0713,0.18407,118.22,119.6,13.318,-0.032,0.0875,0.57895,0.62245,0.08171,0.06678,0.14035,-2.199,-0.26,-1.939,48.824603333333336,5.602823333333333,14.40726,-0.10098688856666667,0.27613915
2026,2027,LSU,lsu,Kansas St.,kansas state,2143422,Abdi Bashir Jr.,Junior,G,79,1.1657333333333333,player_id,Abdi Bashir Jr.,Kansas St.,LSU,6.944,103.0,12.7102,31.0,B12,444.28,811.266,238.0,190.0,16.0,41.0,4.0,36.0,40.0,9.0,0.0,20.0,1.99149,1.2354,0.962,0.2734,0.22567,119.37,117.77,17.0998,0.1793,0.1112,0.59737,0.60406,0.15621,0.04933,0.09215,1.284,1.756,-0.472,277.4445333333333,47.79506666666666,46.629333333333335,2.321546276,1.44014696
2026,2027,LSU,lsu,UTSA,utsa,1911032,Austin Nunez,Junior,G,74,0.5740816666666667,player_id,Austin Nunez,UTSA,LSU,-18.3551,338.0,1.4951,121.0,Amer,581.01,989.592,191.0,207.0,57.0,52.0,4.0,38.0,42.0,23.0,1.0,44.0,-2.21408,-0.6628,-0.7127,0.0499,0.23526,85.04,123.7,6.8244,-0.1524,-0.0456,0.34058,0.41146,0.19093,0.0375,0.15937,-5.051,-2.753,-2.298,109.64959833333334,29.85224666666667,24.111430000000002,-1.2710627365333336,-0.38050132866666664
2026,2027,LSU,lsu,Michigan St.,michigan state,2319605,Divine Ugochukwu,Freshman,G,75,1.45,player_id,Divine Ugochukwu,Michigan St.,LSU,28.7628,10.0,14.042,21.0,B10,354.1,581.165,113.0,83.0,18.0,34.0,5.0,29.0,34.0,9.0,3.0,15.0,0.31524,1.167,0.5927,0.5744,0.15002,122.15,106.53,13.185,0.0356,0.1318,0.62048,0.62156,0.16531,0.05628,0.14162,1.506,1.4,0.106,163.85,49.3,49.3,0.457098,1.69215
2026,2027,LSU,lsu,Kentucky,kentucky,2099732,Mouhamed Dioubate,Junior,F,79,1.45,player_id,Mouhamed Dioubate,Kentucky,LSU,21.0942,29.0,16.3561,4.0,SEC,669.16,1136.07,273.0,179.0,112.0,31.0,69.0,102.0,171.0,30.0,31.0,26.0,3.94336,2.8954,1.6798,1.2156,0.18886,126.03,104.33,21.6698,0.2357,0.1731,0.55866,0.5979,0.08563,0.1437,0.10225,4.567,2.894,1.673,395.84999999999997,44.949999999999996,247.95,5.717872,4.1983299999999995
2026,2027,Maine,maine,Ohio,ohio,2316407,Ayden Evans,Sophomore,F,80,0.8642883333333333,player_id,Ayden Evans,Ohio,Maine,-5.7427,230.0,-1.7268,195.0,MAC,71.2,121.648,19.0,18.0,6.0,2.0,4.0,4.0,8.0,2.0,4.0,3.0,-0.09729,0.0587,-0.0015,0.0602,0.16495,96.68,115.18,9.1575,-0.0547,0.033,0.41667,0.46117,0.0525,0.0632,0.1269,-0.535,-0.424,-0.111,16.421478333333333,1.7285766666666667,6.914306666666667,-0.08408661195,0.05073372516666667
2026,2027,Maine,maine,Holy Cross,holy cross,2119926,DeAndre Williams,Junior,G,75,0.6040116666666667,player_id,DeAndre Williams,Holy Cross,Maine,-16.5593,330.0,-7.4158,306.0,PL,782.83,1263.758,247.0,225.0,40.0,54.0,11.0,86.0,97.0,19.0,2.0,45.0,-1.02453,0.5154,-0.0469,0.5623,0.20279,96.3,116.63,10.7147,-0.0524,0.0263,0.47778,0.50907,0.14397,0.07682,0.15647,-2.649,-0.928,-1.721,149.19088166666668,32.61663,58.589131666666674,-0.6188280728500001,0.31130761300000004
2026,2027,Maine,maine,Saint Mary's (CA),saint marys,2268745,Oliver Faubert,Sophomore,F,81,1.4245383333333335,player_id,Oliver Faubert,Saint Mary's (CA),Maine,21.8723,26.0,5.1762,91.0,WCC,18.28,29.745,0.0,2.0,0.0,0.0,0.0,0.0,0.0,1.0,0.0,1.0,-0.14738,,,0.0356,0.08443,,103.15,-6.4723,-0.3225,,0.0,0.0,0.0,0.0,0.33333,,,,0.0,0.0,0.0,-0.2099484595666667,0.0
2026,2027,Maine,maine,Drexel,drexel,2110983,Villiam Garcia Adsten,Junior,G,80,0.8796083333333333,player_id,Villiam Garcia Adsten,Drexel,Maine,-4.8235,223.0,-4.7495,257.0,CAA,561.08,902.098,113.0,116.0,42.0,41.0,42.0,78.0,120.0,14.0,11.0,43.0,-0.61158,0.5479,-0.458,1.0059,0.16852,86.86,104.59,7.9632,-0.0436,0.0391,0.38793,0.42007,0.13749,0.12466,0.24228,-3.181,-2.413,-0.768,99.39574166666667,36.063941666666665,105.553,-0.5379508645,0.4819374058333334
2026,2027,Maine,maine,Eckerd,eckerd,2343103,Wyatt Triestman,Junior,F,78,1.0,player_id,Wyatt Triestman,Eckerd,Maine,,,,,,0.0,0.0,0.0,0.0,0.0,0.0,0.0,0.0,0.0,0.0,0.0,0.0,0.0,0.0,0.0,0.0,,,,,,,,,,,,,,,0.0,0.0,0.0,0.0,0.0
2026,2027,Manhattan,manhattan,Colgate,colgate,2303000,Ben Tweedy,Sophomore,G,76,0.8009666666666667,player_id,Ben Tweedy,Colgate,Manhattan,-7.142,250.0,-7.3311,304.0,PL,923.9,1517.179,278.0,203.0,83.0,79.0,21.0,73.0,94.0,18.0,1.0,42.0,0.25015,1.8291,1.1862,0.643,0.16335,114.24,116.92,12.2152,0.0108,0.0792,0.54187,0.58038,0.14829,0.06106,0.14919,0.381,1.029,-0.648,222.66873333333334,63.27636666666667,75.29086666666667,0.20036181166666667,1.46504813
2026,2027,Manhattan,manhattan,Niagara,niagara,1910672,Josiah Sabino,Junior,G,76,0.5761733333333333,player_id,Josiah Sabino,Niagara,Manhattan,-18.2296,337.0,-8.1973,321.0,MAAC,585.79,911.624,198.0,150.0,55.0,25.0,25.0,104.0,129.0,22.0,13.0,35.0,1.32755,1.2231,0.4185,0.8046,0.20341,104.94,109.24,15.6748,0.0907,0.0835,0.49333,0.56831,0.09352,0.14116,0.1673,-1.704,-2.078,0.374,114.08232,14.404333333333334,74.32636,0.7648989086666667,0.704717604
2026,2027,Manhattan,manhattan,Saint Joseph's,saint josephs,2322187,Kevin Kearney,Freshman,F,79,1.0953133333333334,player_id,Kevin Kearney,Saint Joseph's,Manhattan,5.7188,106.0,2.9029,104.0,A10,46.64,80.186,9.0,14.0,6.0,1.0,7.0,2.0,9.0,1.0,1.0,2.0,-0.17686,-0.0298,-0.0893,0.0595,0.20217,76.23,110.44,3.9171,-0.1517,-0.0256,0.21429,0.27108,0.03537,0.10498,0.1073,-0.42,0.215,-0.635,9.85782,1.0953133333333334,9.85782,-0.19371711613333334,-0.03264033733333333
2026,2027,Manhattan,manhattan,Akron,akron,2509082,Ognjen Stankovic,Freshman,G,80,1.22894,player_id,Ognjen Stankovic,Akron,Manhattan,11.9364,71.0,-3.445,228.0,MAC,96.0,168.61,27.0,19.0,17.0,6.0,7.0,13.0,20.0,5.0,2.0,9.0,-0.03077,0.1693,-0.0062,0.1755,0.18261,96.22,104.28,11.5997,-0.0128,0.0706,0.44737,0.50943,0.08499,0.12277,0.25366,-0.815,-0.464,-0.351,33.18138,7.37364,24.578799999999998,-0.03781448379999999,0.208059542
2026,2027,Marist,marist,St. Anselm,saint anselm,2507659,Edward Onyia,Freshman,F,79,1.0,player_id,Edward Onyia,St. Anselm,Marist,,,,,,0.0,0.0,0.0,0.0,0.0,0.0,0.0,0.0,0.0,0.0,0.0,0.0,0.0,0.0,0.0,0.0,,,,,,,,,,,,,,,0.0,0.0,0.0,0.0,0.0
2026,2027,Marist,marist,New Hampshire,new hampshire,2106654,Jack Graham,Junior,G,75,0.55,player_id,Jack Graham,New Hampshire,Marist,-20.7105,349.0,-8.3317,325.0,AE,792.28,1308.734,310.0,276.0,57.0,26.0,8.0,73.0,81.0,32.0,7.0,35.0,0.61738,1.0737,0.1944,0.8792,0.22234,99.58,112.22,12.5501,0.0312,0.0542,0.49638,0.51478,0.07445,0.05882,0.10414,-5.058,-4.505,-0.553,170.5,14.3,44.550000000000004,0.33955900000000006,0.5905350000000001
2026,2027,Marquette,marquette,St. Thomas (MN),saint thomas,2283310,Nolan Minessale,Sophomore,G,77,1.08197,player_id,Nolan Minessale,St. Thomas (MN),Marquette,4.9182,115.0,-5.6435,275.0,Sum,980.99,1672.519,612.0,420.0,211.0,131.0,22.0,117.0,139.0,53.0,17.0,74.0,7.09231,4.6027,2.8183,1.7844,0.31519,117.44,104.36,25.0229,0.2892,0.1877,0.54048,0.59672,0.25929,0.08617,0.1261,4.256,3.079,1.177,662.16564,141.73807000000002,150.39383,7.673666650700001,4.979983319
2026,2027,Marquette,marquette,Louisville,louisville,2483441,Sananda Fru,Junior,F,83,1.45,player_id,Sananda Fru,Louisville,Marquette,24.5674,19.0,12.6381,32.0,ACC,770.84,1339.169,315.0,170.0,90.0,43.0,99.0,115.0,214.0,17.0,50.0,49.0,4.9831,3.9197,2.3358,1.5839,0.1643,135.43,101.7,23.4858,0.2586,0.2034,0.76471,0.75143,0.10149,0.15479,0.18948,4.635,2.518,2.117,456.75,62.35,310.3,7.2254950000000004,5.683565
2026,2027,Mars Hill,mars hill,Mercer,mercer,2313615,Braeden Carlsen,Freshman,G,76,0.9691533333333333,player_id,Braeden Carlsen,Mercer,Mars Hill,-1.8508,188.0,-5.5005,271.0,SC,10.66,19.236,8.0,9.0,2.0,0.0,0.0,2.0,2.0,1.0,1.0,1.0,0.04624,-0.0008,-0.0257,0.0249,0.5013,84.6,98.56,17.3297,0.1735,-0.0029,0.33333,0.40404,0.0,0.10006,0.09191,,,,7.7532266666666665,0.0,1.9383066666666666,0.044813650133333334,-0.0007753226666666667
2026,2027,Marshall,marshall,Concord,concord,2138730,Boubacar Djigo,Junior,F,80,1.0,player_id,Boubacar Djigo,Concord,Marshall,,,,,,0.0,0.0,0.0,0.0,0.0,0.0,0.0,0.0,0.0,0.0,0.0,0.0,0.0,0.0,0.0,0.0,,,,,,,,,,,,,,,0.0,0.0,0.0,0.0,0.0
2026,2027,Marshall,marshall,NC State,nc state,2302162,Colt Langdon,Freshman,F,79,1.4298483333333334,player_id,Colt Langdon,NC State,Marshall,19.1909,37.0,11.7733,42.0,ACC,17.92,31.841,2.0,6.0,2.0,0.0,1.0,0.0,1.0,0.0,0.0,1.0,-0.15282,-0.0879,-0.0919,0.004,0.20966,40.98,122.16,-10.1199,-0.3411,-0.1961,0.0,0.14493,0.0,0.03093,0.1269,,,,2.8596966666666668,0.0,1.4298483333333334,-0.21850942230000003,-0.1256836685
2026,2027,Marshall,marshall,Elon,elon,2474916,DeMarco Johnson,Freshman,G,76,0.862335,player_id,DeMarco Johnson,Elon,Marshall,-5.8599,231.0,-2.7547,216.0,CAA,411.88,688.879,69.0,54.0,29.0,62.0,15.0,43.0,58.0,24.0,9.0,33.0,-0.02317,0.4942,0.0624,0.4318,0.12298,99.24,112.98,11.1663,-0.0023,0.048,0.5,0.51647,0.24627,0.08124,0.33079,-1.535,0.25,-1.785,59.501115,53.464769999999994,50.015429999999995,-0.019980301949999998,0.426165957
2026,2027,Marshall,marshall,Pacific,pacific,2539092,Emmanuel Manyuon,Junior,G,74,1.087695,player_id,Emmanuel Manyuon,Pacific,Marshall,5.2617,112.0,2.5501,110.0,WCC,21.63,35.63,0.0,0.0,0.0,0.0,0.0,3.0,3.0,0.0,0.0,1.0,-0.15403,,,0.0266,0.02463,,111.0,-1.7208,-0.2848,,,,0.0,0.0828,1.0,,,,0.0,0.0,3.2630850000000002,-0.16753766085000002,0.0
2026,2027,Marshall,marshall,Southern U.,southern,2550795,Fazl Oshodi,Sophomore,G,75,0.760895,player_id,Fazl Oshodi,Southern U.,Marshall,-9.5463,277.0,-6.4271,290.0,SWAC,622.86,1085.608,266.0,225.0,29.0,16.0,4.0,34.0,38.0,31.0,5.0,12.0,1.93242,1.492,0.9675,0.5245,0.19542,117.28,115.26,14.6771,0.1241,0.0958,0.53111,0.55929,0.0507,0.03494,0.04805,-3.31,0.826,-4.136,202.39807,12.17432,28.91401,1.4703687159,1.13525534
2026,2027,Marshall,marshall,DePaul,depaul,2322673,Khaman Maker,Sophomore,F,85,1.2002633333333335,player_id,Khaman Maker,DePaul,Marshall,7.2158,99.0,8.13,79.0,BE,67.66,117.108,15.0,14.0,4.0,0.0,7.0,7.0,14.0,1.0,5.0,3.0,-0.15831,0.1116,-0.0121,0.1238,0.13931,94.22,104.16,9.0262,-0.0936,0.066,0.5,0.47468,0.0,0.12247,0.15991,-0.917,-1.301,0.384,18.003950000000003,0.0,16.803686666666668,-0.19001368830000004,0.13394938800000003
2026,2027,Marshall,marshall,Tulane,tulane,2119961,Luke Rasmussen,Junior,G,79,0.9036416666666667,player_id,Luke Rasmussen,Tulane,Marshall,-3.3815,210.0,0.2351,146.0,Amer,255.96,432.384,44.0,44.0,11.0,11.0,9.0,22.0,31.0,15.0,7.0,11.0,-0.16657,0.1874,-0.136,0.3234,0.12325,87.74,110.55,7.7338,-0.026,0.0293,0.46591,0.45082,0.08399,0.06823,0.18382,1.56,1.008,0.552,39.76023333333333,9.940058333333333,28.01289166666667,-0.15051959241666665,0.16934244833333334
2026,2027,Maryland,maryland,Tennessee,tennessee,2302225,Bishop Boswell,Sophomore,G,76,1.45,player_id,Bishop Boswell,Tennessee,Maryland,27.0008,14.0,15.9675,6.0,SEC,897.6,1459.235,212.0,157.0,72.0,106.0,40.0,109.0,149.0,41.0,4.0,53.0,1.51335,2.7503,1.0608,1.6894,0.13196,115.41,103.68,12.8769,0.0674,0.1226,0.52229,0.56174,0.19208,0.09293,0.2193,3.905,2.619,1.286,307.4,153.7,216.04999999999998,2.1943574999999997,3.9879350000000002
2026,2027,Maryland,maryland,Arkansas,arkansas,2113945,D.J. Wagner,Junior,G,76,1.45,player_id,D.J. Wagner,Arkansas,Maryland,25.4725,18.0,14.8156,11.0,SEC,825.86,1475.19,259.0,210.0,58.0,85.0,0.0,55.0,55.0,31.0,10.0,23.0,0.54445,1.9608,1.2531,0.7077,0.15159,119.91,115.12,12.7916,0.0264,0.095,0.51667,0.54989,0.15063,0.0385,0.08897,3.273,2.878,0.395,375.55,123.25,79.75,0.7894525,2.84316
2026,2027,Maryland,maryland,Rice,rice,1895645,Jordan Williams,Junior,G,74,0.8776816666666667,player_id,Jordan Williams,Rice,Maryland,-4.9391,225.0,-0.2764,153.0,Amer,120.75,193.715,14.0,18.0,9.0,9.0,4.0,13.0,17.0,4.0,0.0,12.0,-0.65776,-0.1753,-0.274,0.0988,0.1439,63.62,115.5,0.5274,-0.2179,-0.0581,0.19444,0.31818,0.12778,0.07795,0.35336,-3.11,-1.928,-1.182,12.287543333333334,7.899135,14.920588333333335,-0.5773038930666667,-0.1538575961666667
2026,2027,Maryland,maryland,Queens (NC),queens,2314228,Maban Jabriel,Sophomore,G,81,0.9705233333333333,player_id,Maban Jabriel,Queens (NC),Maryland,-1.7686,186.0,-5.1015,266.0,ASun,676.48,1165.738,263.0,193.0,29.0,34.0,33.0,96.0,129.0,24.0,13.0,30.0,2.73569,1.7971,1.3684,0.4287,0.17446,123.78,117.59,17.4351,0.1618,0.1063,0.62176,0.63897,0.08644,0.11222,0.12725,-2.246,0.537,-2.783,255.24763666666666,32.997793333333334,125.19751,2.6550509777666664,1.7441274823333333
2026,2027,Maryland,maryland,Boston U.,boston university,2109106,Michael McNair,Junior,G,77,0.783775,player_id,Michael McNair,Boston U.,Maryland,-8.1735,262.0,-8.941,333.0,PL,1213.88,1889.324,558.0,396.0,103.0,73.0,33.0,137.0,170.0,35.0,12.0,42.0,6.80531,4.4373,3.4965,0.9407,0.22383,127.31,115.98,20.9183,0.2242,0.1462,0.60859,0.63222,0.12309,0.09163,0.0869,-1.987,1.474,-3.461,437.34645,57.215575,133.24175,5.333831845250001,3.4778448074999995
2026,2027,Maryland,maryland,Oklahoma St.,oklahoma state,1924196,Robert Jennings,Senior,F,79,1.259565,player_id,Robert Jennings,Oklahoma St.,Maryland,10.7739,79.0,11.3599,48.0,B12,38.6,75.613,11.0,9.0,4.0,0.0,3.0,9.0,12.0,3.0,1.0,3.0,0.04931,0.0591,-0.0178,0.0769,0.15075,90.89,102.35,12.3945,0.0511,0.0613,0.5,0.50926,0.0,0.1463,0.21802,2.278,0.397,1.881,13.855215000000001,0.0,15.11478,0.06210915015,0.0744402915
2026,2027,Maryland,maryland,New Mexico,new mexico,2543853,Tomislav Buljan,Freshman,F,81,1.34191,player_id,Tomislav Buljan,New Mexico,Maryland,16.9146,46.0,5.5552,88.0,MWC,907.27,1570.969,458.0,322.0,168.0,51.0,141.0,219.0,360.0,39.0,18.0,64.0,7.31759,4.5133,2.2817,2.2316,0.25036,118.3,97.17,25.6703,0.3226,0.199,0.5528,0.57843,0.11139,0.22301,0.13915,2.054,1.12,0.934,614.59478,68.43741,483.08759999999995,9.8195471969,6.056442403
2026,2027,UMES,maryland eastern shore,Pittsburgh,pittsburgh,2295727,Amdy Ndiaye,Sophomore,F,82,1.2005750000000002,player_id,Amdy Ndiaye,Pittsburgh,UMES,7.2345,98.0,10.2496,65.0,ACC,0.0,0.0,0.0,0.0,0.0,0.0,0.0,0.0,0.0,0.0,0.0,0.0,0.0,0.0,0.0,0.0,,,,,,,,,,,,,,,0.0,0.0,0.0,0.0,0.0
2026,2027,UMES,maryland eastern shore,Wilmington (DE),wilmington de,2568124,Elson Berhanu,Junior,F,85,1.0,player_id,Elson Berhanu,Wilmington (DE),UMES,,,,,,0.0,0.0,0.0,0.0,0.0,0.0,0.0,0.0,0.0,0.0,0.0,0.0,0.0,0.0,0.0,0.0,,,,,,,,,,,,,,,0.0,0.0,0.0,0.0,0.0
2026,2027,UMES,maryland eastern shore,St. Anselm,saint anselm,2134495,Isaiah Griffin,Sophomore,G,72,1.0,player_id,Isaiah Griffin,St. Anselm,UMES,,,,,,0.0,0.0,0.0,0.0,0.0,0.0,0.0,0.0,0.0,0.0,0.0,0.0,0.0,0.0,0.0,0.0,,,,,,,,,,,,,,,0.0,0.0,0.0,0.0,0.0
2026,2027,UMES,maryland eastern shore,Sacred Heart,sacred heart,2165765,Lucius Gibson-Savadel,Junior,F,83,0.7303016666666667,player_id,Lucius Gibson-Savadel,Sacred Heart,UMES,-11.3819,294.0,-7.5968,310.0,MAAC,102.15,175.449,32.0,20.0,8.0,1.0,10.0,13.0,23.0,3.0,3.0,11.0,-0.21165,0.1011,-0.0037,0.1048,0.17404,96.51,113.2,12.4909,-0.0829,0.0396,0.7,0.68085,0.02067,0.13066,0.31866,-0.48,-1.318,0.838,23.369653333333336,0.7303016666666667,16.796938333333333,-0.15456834775000003,0.0738334985
2026,2027,Maryville (MO),maryville mo,Purdue Northwest,purdue northwest,2313835,Drew King,Sophomore,F,81,1.0,player_id,Drew King,Purdue Northwest,Maryville (MO),,,,,,0.0,0.0,0.0,0.0,0.0,0.0,0.0,0.0,0.0,0.0,0.0,0.0,0.0,0.0,0.0,0.0,,,,,,,,,,,,,,,0.0,0.0,0.0,0.0,0.0
2026,2027,Massachusetts,massachusetts,BYU,byu,2616128,Abdullah Ahmed,Sophomore,F,75,1.45,player_id,Abdullah Ahmed,BYU,Massachusetts,22.7768,24.0,14.2815,17.0,B12,244.82,424.395,25.0,20.0,12.0,7.0,20.0,33.0,53.0,2.0,27.0,10.0,-0.1333,0.4587,0.0547,0.404,0.07035,102.77,106.2,9.6544,-0.0218,0.0749,0.5,0.49407,0.04238,0.12136,0.28345,0.109,0.79,-0.681,36.25,10.15,76.85,-0.19328499999999998,0.665115
2026,2027,Massachusetts,massachusetts,Northwestern,northwestern,2144295,Jordan Clayton,Junior,G,74,1.3053316666666668,player_id,Jordan Clayton,Northwestern,Massachusetts,13.5199,58.0,12.9989,29.0,B10,566.09,896.558,120.0,97.0,15.0,42.0,5.0,48.0,53.0,15.0,5.0,14.0,0.19714,1.0591,0.5168,0.5423,0.1133,115.22,113.98,9.4419,0.0139,0.0748,0.57732,0.57915,0.12882,0.0579,0.11905,3.565,0.705,2.86,156.6398,54.823930000000004,69.18257833333334,0.2573330847666667,1.3824767681666668
2026,2027,Massachusetts,massachusetts,San Francisco,san francisco,2169497,Junjie Wang,Junior,F,81,1.066445,player_id,Junjie Wang,San Francisco,Massachusetts,3.9867,122.0,3.6636,102.0,WCC,654.61,1069.713,271.0,203.0,84.0,24.0,38.0,57.0,95.0,16.0,9.0,35.0,1.15211,1.6313,0.9647,0.6667,0.21973,112.56,113.34,14.8468,0.0704,0.0997,0.50985,0.56458,0.07697,0.0841,0.12729,-0.881,0.154,-1.035,289.006595,25.594680000000004,101.31227500000001,1.2286619489500001,1.7396917285000002
2026,2027,McNeese,mcneese state,Florida St.,florida state,2305489,Alier Maluk,Sophomore,F,84,1.2976966666666667,player_id,Alier Maluk,Florida St.,McNeese,13.0618,62.0,10.5312,61.0,ACC,138.67,255.808,35.0,33.0,16.0,6.0,17.0,20.0,37.0,5.0,8.0,8.0,0.10289,0.2363,0.0211,0.2152,0.16018,98.85,107.33,12.2938,0.0297,0.0682,0.39394,0.4375,0.07173,0.1396,0.16653,0.34,-0.536,0.876,45.419383333333336,7.78618,48.01477666666667,0.13352001003333333,0.30664572233333337
2026,2027,McNeese,mcneese state,Washington,washington,2305485,Christian Nitu,Sophomore,F,83,1.3341150000000002,player_id,Christian Nitu,Washington,McNeese,15.2469,52.0,11.8175,41.0,B10,0.0,0.0,0.0,0.0,0.0,0.0,0.0,0.0,0.0,0.0,0.0,0.0,0.0,0.0,0.0,0.0,,,,,,,,,,,,,,,0.0,0.0,0.0,0.0,0.0
2026,2027,McNeese,mcneese state,Ole Miss,mississippi,2098798,Corey Chest,Sophomore,F,80,1.29263,player_id,Corey Chest,Ole Miss,McNeese,12.7578,64.0,14.1129,20.0,SEC,443.71,737.987,90.0,64.0,27.0,22.0,49.0,80.0,129.0,16.0,25.0,18.0,1.48743,1.3396,0.6038,0.7358,0.10896,120.62,106.11,16.5267,0.1341,0.1208,0.60156,0.59289,0.08645,0.16496,0.19173,2.287,-0.593,2.88,116.3367,28.43786,166.74927,1.9226966409,1.7316071479999997
2026,2027,McNeese,mcneese state,Mississippi St.,mississippi state,2286440,Dellquan Warren,Sophomore,G,74,1.1673416666666667,player_id,Dellquan Warren,Mississippi St.,McNeese,7.0405,102.0,13.0385,28.0,SEC,145.21,254.737,22.0,24.0,5.0,17.0,1.0,6.0,7.0,8.0,0.0,15.0,-0.56665,-0.1401,-0.2404,0.1003,0.13827,72.84,116.91,3.3781,-0.1561,-0.0386,0.4375,0.41985,0.18636,0.02554,0.36408,0.036,-0.776,0.812,25.681516666666667,19.844808333333333,8.171391666666667,-0.6614741554166667,-0.16354456750000002
2026,2027,McNeese,mcneese state,Utah,utah,2324483,Elijah Moore,Sophomore,G,76,1.1091133333333334,player_id,Elijah Moore,Utah,McNeese,3.5468,128.0,11.7731,43.0,B12,5.37,9.374,0.0,1.0,0.0,0.0,0.0,0.0,0.0,0.0,0.0,0.0,-0.04708,,,-0.0014,0.09155,,127.58,-7.7864,-0.3507,,0.0,0.0,0.0,0.0,0.0,,,,0.0,0.0,0.0,-0.05221705573333333,0.0
2026,2027,McNeese,mcneese state,Vanderbilt,vanderbilt,2539398,Jaylon Dean-Vines,Freshman,G,76,1.45,player_id,Jaylon Dean-Vines,Vanderbilt,McNeese,27.3546,11.0,14.615,15.0,SEC,24.89,43.873,9.0,5.0,1.0,2.0,2.0,2.0,4.0,2.0,0.0,2.0,0.13727,0.0934,0.0514,0.042,0.14646,125.6,105.84,20.4433,0.2206,0.15,0.9,0.83333,0.11829,0.09316,0.26882,,,,13.049999999999999,2.9,5.8,0.1990415,0.13543
2026,2027,Memphis,memphis,Pittsburgh,pittsburgh,2295729,Brandin Cummings,Sophomore,G,75,1.2005750000000002,player_id,Brandin Cummings,Pittsburgh,Memphis,7.2345,98.0,10.2496,65.0,ACC,497.7,792.407,237.0,184.0,71.0,39.0,7.0,22.0,29.0,14.0,1.0,22.0,0.68919,1.3439,1.001,0.3429,0.24866,115.83,116.93,16.1633,0.0554,0.108,0.50543,0.55065,0.16419,0.03502,0.09273,0.032,2.03,-1.998,284.53627500000005,46.82242500000001,34.816675000000004,0.82742428425,1.6134527425000003
2026,2027,Memphis,memphis,North Ala.,north alabama,1912221,Corneilous Williams,Junior,F,81,0.5580766666666667,player_id,Corneilous Williams,North Ala.,Memphis,-19.3154,343.0,-5.0469,264.0,ASun,878.6,1410.603,317.0,217.0,121.0,21.0,98.0,149.0,247.0,13.0,21.0,35.0,2.13039,2.3062,1.8644,0.4418,0.18303,121.79,119.02,19.8007,0.097,0.105,0.53456,0.5866,0.05118,0.16782,0.11466,-3.202,-0.896,-2.306,176.91030333333333,11.71961,137.84493666666665,1.1889209499,1.2870364086666666
2026,2027,Memphis,memphis,Northwestern,northwestern,2106210,Jayden Reid,Junior,G,70,1.3053316666666668,player_id,Jayden Reid,Northwestern,Memphis,13.5199,58.0,12.9989,29.0,B10,875.96,1388.223,342.0,292.0,100.0,171.0,10.0,38.0,48.0,34.0,5.0,63.0,1.77294,1.7664,0.999,0.7674,0.24803,106.79,114.9,15.4439,0.081,0.0807,0.44521,0.50893,0.37407,0.03378,0.15789,-0.306,1.953,-2.259,446.42343000000005,223.21171500000003,62.65592000000001,2.3142747251,2.3057378560000004
2026,2027,Memphis,memphis,NC State,nc state,2117882,Jerry Deng,Junior,F,81,1.4298483333333334,player_id,Jerry Deng,NC State,Memphis,19.1909,37.0,11.7733,42.0,ACC,100.06,176.877,49.0,46.0,7.0,3.0,4.0,13.0,17.0,5.0,1.0,3.0,0.44832,0.2431,0.1003,0.1428,0.25273,106.27,108.76,16.3621,0.1792,0.0972,0.46739,0.49898,0.04801,0.09422,0.0576,0.319,-0.04,0.359,70.06256833333333,4.289545,24.307421666666666,0.6410296048,0.3475961298333334
2026,2027,Memphis,memphis,Texas A&M,texas a and m,2106226,Josh Holloway,Junior,G,73,1.4214766666666667,player_id,Josh Holloway,Texas A&M,Memphis,18.6886,39.0,11.9614,38.0,SEC,454.55,808.919,156.0,107.0,52.0,61.0,13.0,45.0,58.0,26.0,2.0,46.0,0.17068,1.0002,0.3464,0.6538,0.18605,105.48,108.56,13.7464,0.015,0.088,0.56075,0.60046,0.22697,0.06931,0.26154,4.365,1.803,2.562,221.75036,86.71007666666667,82.44564666666668,0.24261763746666667,1.421760962
2026,2027,Memphis,memphis,Southeast Mo. St.,southeast missouri state,2569019,Luke Almodovar,Junior,G,75,0.8606883333333333,player_id,Luke Almodovar,Southeast Mo. St.,Memphis,-5.9587,232.0,-8.4165,326.0,OVC,837.33,1423.284,439.0,336.0,112.0,19.0,13.0,98.0,111.0,32.0,6.0,30.0,3.9478,3.0555,1.6131,1.4424,0.25056,115.83,105.38,18.22,0.1886,0.146,0.5253,0.56969,0.04891,0.07958,0.07224,2.673,2.429,0.244,377.8421783333333,16.353078333333332,95.53640499999999,3.397825402333333,2.6298332024999995
2026,2027,Memphis,memphis,Washington St.,washington state,2153485,Rihards Vavers,Junior,F,79,1.03543,player_id,Rihards Vavers,Washington St.,Memphis,2.1258,140.0,4.655,97.0,WCC,707.63,1195.287,308.0,223.0,41.0,13.0,21.0,89.0,110.0,18.0,8.0,24.0,3.10543,2.1635,1.5161,0.6473,0.19206,124.46,114.46,17.3574,0.1755,0.1223,0.60987,0.639,0.03523,0.0932,0.09055,0.036,1.836,-1.8,318.91244,13.460590000000002,113.8973,3.2154553849000003,2.240152805
2026,2027,Memphis,memphis,Southern Miss.,southern miss,2496768,Tylik Weeks,Junior,F,79,0.8891966666666666,player_id,Tylik Weeks,Southern Miss.,Memphis,-4.2482,219.0,-3.9902,239.0,SB,1123.69,1913.878,664.0,468.0,265.0,77.0,40.0,143.0,183.0,31.0,10.0,89.0,3.26235,3.8149,2.3261,1.4888,0.2997,112.87,109.85,20.7868,0.1161,0.1358,0.4765,0.56791,0.15548,0.09475,0.13213,0.138,-0.372,0.51,590.4265866666666,68.46814333333333,162.72298999999998,2.9008707455,3.3921963636666668
2026,2027,Mercer,mercer,Embry-Riddle (FL),embry riddle fl,2117446,Dawson Barr,Sophomore,G,76,1.0,player_id,Dawson Barr,Embry-Riddle (FL),Mercer,,,,,,0.0,0.0,0.0,0.0,0.0,0.0,0.0,0.0,0.0,0.0,0.0,0.0,0.0,0.0,0.0,0.0,,,,,,,,,,,,,,,0.0,0.0,0.0,0.0,0.0
2026,2027,Mercer,mercer,Ohio Dominican,ohio dominican,2351972,Derek Goodman,Sophomore,G,76,1.0,player_id,Derek Goodman,Ohio Dominican,Mercer,,,,,,0.0,0.0,0.0,0.0,0.0,0.0,0.0,0.0,0.0,0.0,0.0,0.0,0.0,0.0,0.0,0.0,,,,,,,,,,,,,,,0.0,0.0,0.0,0.0,0.0
2026,2027,Mercer,mercer,Wake Forest,wake forest,2505102,Dimitrije Kovacevic,Freshman,F,80,1.256415,player_id,Dimitrije Kovacevic,Wake Forest,Mercer,10.5849,80.0,9.9169,68.0,ACC,0.0,0.0,0.0,0.0,0.0,0.0,0.0,0.0,0.0,0.0,0.0,0.0,0.0,0.0,0.0,0.0,,,,,,,,,,,,,,,0.0,0.0,0.0,0.0,0.0
2026,2027,Mercer,mercer,Maine,maine,1924190,Keelan Steele,Sophomore,F,82,0.55,player_id,Keelan Steele,Maine,Mercer,-20.3087,348.0,-9.4028,344.0,AE,472.25,751.326,184.0,119.0,77.0,20.0,25.0,76.0,101.0,18.0,23.0,43.0,0.94356,1.0716,0.103,0.9687,0.23627,99.04,101.82,16.5555,0.0799,0.0908,0.58824,0.6017,0.11273,0.13074,0.21952,-2.329,-1.581,-0.748,101.2,11.0,55.550000000000004,0.518958,0.5893800000000001
2026,2027,Mercer,mercer,UNCW,unc wilmington,2283161,Makoi Mabor Makoi,Sophomore,F,83,1.08414,player_id,Makoi Mabor Makoi,UNCW,Mercer,5.0484,114.0,-4.4735,253.0,CAA,252.42,405.625,42.0,35.0,8.0,3.0,33.0,41.0,74.0,2.0,4.0,17.0,-0.69239,0.5018,0.0588,0.443,0.11294,100.94,105.03,9.015,-0.1097,0.0795,0.48571,0.54545,0.02083,0.16156,0.3062,-2.881,-2.256,-0.625,45.53388,3.2524200000000003,80.22636000000001,-0.7506476946,0.5440214520000001
2026,2027,Mercyhurst,mercyhurst,Wagner,wagner,2569024,Bryan Akanmu,Junior,F,78,0.6697266666666667,player_id,Bryan Akanmu,Wagner,Mercyhurst,-12.6164,305.0,-9.1832,340.0,NEC,575.22,914.723,165.0,151.0,37.0,43.0,44.0,66.0,110.0,15.0,2.0,42.0,-0.9668,0.7676,0.0894,0.6782,0.19201,98.68,111.49,11.3015,-0.0672,0.0534,0.46358,0.49313,0.15658,0.11249,0.20069,-1.156,-0.896,-0.26,110.5049,28.798246666666667,73.66993333333333,-0.6474917413333333,0.5140821893333333
2026,2027,Mercyhurst,mercyhurst,NIU,northern illinois,2153486,Daemar Kelly,Junior,G,77,0.5893499999999999,player_id,Daemar Kelly,NIU,Mercyhurst,-17.439,334.0,-1.5094,187.0,MAC,561.97,949.248,135.0,146.0,55.0,34.0,19.0,59.0,78.0,18.0,5.0,34.0,-1.6151,-0.1415,-0.5684,0.4269,0.18255,84.43,116.13,5.8666,-0.115,-0.0101,0.31849,0.39659,0.12283,0.08218,0.1665,-6.377,-3.342,-3.035,79.56224999999999,20.037899999999997,45.9693,-0.9518591849999999,-0.08339302499999998
2026,2027,Mercyhurst,mercyhurst,Cal State LA,cal state la,1701908,Deraje Agbaosi,Junior,F,79,1.0,player_id,Deraje Agbaosi,Cal State LA,Mercyhurst,,,,,,0.0,0.0,0.0,0.0,0.0,0.0,0.0,0.0,0.0,0.0,0.0,0.0,0.0,0.0,0.0,0.0,,,,,,,,,,,,,,,0.0,0.0,0.0,0.0,0.0
2026,2027,Mercyhurst,mercyhurst,Siena,siena,1917785,Marcus Jackson,Senior,G,74,0.982635,player_id,Marcus Jackson,Siena,Mercyhurst,-1.0419,180.0,-8.8236,332.0,MAAC,44.87,73.406,3.0,6.0,5.0,4.0,5.0,7.0,12.0,1.0,0.0,1.0,-0.01558,0.0437,-0.0399,0.0836,0.10793,82.1,103.86,6.3703,-0.0139,0.039,0.16667,0.18293,0.15211,0.16458,0.1087,-0.542,-0.754,0.212,2.947905,3.93054,11.79162,-0.015309453300000001,0.042941149500000005
2026,2027,Mercyhurst,mercyhurst,Le Moyne,le moyne,2116989,Tennessee Rainwater,Junior,G,78,0.7240833333333333,player_id,Tennessee Rainwater,Le Moyne,Mercyhurst,-11.755,299.0,-10.8242,353.0,NEC,762.46,1291.696,302.0,168.0,133.0,53.0,26.0,110.0,136.0,23.0,7.0,56.0,1.60631,2.3705,1.2304,1.1401,0.19311,115.5,107.91,16.1935,0.0843,0.1244,0.63393,0.66667,0.14133,0.10197,0.19822,0.966,-0.177,1.143,218.67316666666665,38.376416666666664,98.47533333333332,1.1631022991666666,1.7164395416666665
2026,2027,Merrimack,merrimack,Fresno St.,fresno state,2543788,Aram Soqui Urbano,Freshman,G,76,1.0549433333333333,player_id,Aram Soqui Urbano,Fresno St.,Merrimack,3.2966,129.0,4.7529,96.0,MWC,124.19,209.348,28.0,29.0,6.0,3.0,2.0,5.0,7.0,1.0,0.0,3.0,-0.45286,0.0841,-0.0226,0.1067,0.14343,93.88,115.08,3.4218,-0.1459,0.0271,0.41379,0.44304,0.04021,0.03281,0.08661,0.723,1.032,-0.309,29.538413333333335,3.1648300000000003,7.384603333333334,-0.4777416379333333,0.08872073433333333
2026,2027,Merrimack,merrimack,Iona,iona,1941023,Denver Anglin,Junior,G,73,0.7944433333333334,player_id,Denver Anglin,Iona,Merrimack,-7.5334,256.0,-8.7473,329.0,MAAC,870.91,1447.6,287.0,291.0,39.0,59.0,5.0,60.0,65.0,29.0,3.0,30.0,-0.07011,1.3064,0.1566,1.1498,0.20134,99.09,109.91,10.0368,-0.0032,0.06,0.43986,0.46561,0.12911,0.04189,0.08872,-0.599,-0.784,0.185,228.0052366666667,46.87215666666667,51.63881666666667,-0.055698422100000006,1.0378607706666667
2026,2027,Merrimack,merrimack,James Madison,james madison,2120006,Eli Wilborn,Sophomore,F,80,0.8937133333333334,player_id,Eli Wilborn,James Madison,Merrimack,-3.9772,215.0,-5.1889,268.0,SB,253.14,412.712,69.0,51.0,20.0,8.0,46.0,43.0,89.0,5.0,18.0,20.0,0.71993,0.6534,0.249,0.4044,0.16407,108.48,106.74,16.1688,0.1138,0.1033,0.62745,0.57692,0.06177,0.19861,0.25063,-0.838,-0.958,0.12,61.66622,7.149706666666667,79.54048666666667,0.6434110400666666,0.583952292
2026,2027,Merrimack,merrimack,Felician,felician,2541362,Jeremiah Anderson,Junior,G,73,1.0,player_id,Jeremiah Anderson,Felician,Merrimack,,,,,,0.0,0.0,0.0,0.0,0.0,0.0,0.0,0.0,0.0,0.0,0.0,0.0,0.0,0.0,0.0,0.0,,,,,,,,,,,,,,,0.0,0.0,0.0,0.0,0.0
2026,2027,Miami (FL),miami fl,Villanova,villanova,2540491,Acaden Lewis,Freshman,G,74,1.4419183333333334,player_id,Acaden Lewis,Villanova,Miami (FL),19.9151,33.0,10.8642,54.0,BE,1007.07,1647.051,401.0,344.0,103.0,176.0,14.0,86.0,100.0,63.0,3.0,71.0,3.20903,3.0902,1.3901,1.7001,0.23681,109.43,105.77,17.7226,0.1275,0.1227,0.49564,0.51503,0.33673,0.05822,0.15424,1.658,1.672,-0.014,578.2092516666667,253.7776266666667,144.19183333333334,4.627159189216667,4.455816033666666
2026,2027,Miami (FL),miami fl,Saint Peter's,saint peters,1700527,Brent Bland,Senior,G,75,0.7993216666666667,player_id,Brent Bland,Saint Peter's,Miami (FL),-7.2407,253.0,-8.0176,317.0,MAAC,943.08,1510.775,381.0,298.0,106.0,42.0,37.0,106.0,143.0,53.0,10.0,30.0,5.36282,3.6143,1.929,1.6854,0.20287,121.12,104.72,17.7692,0.2275,0.1533,0.5,0.55281,0.09608,0.08684,0.08008,-0.916,-1.335,0.419,304.541555,33.57151,114.30299833333333,4.286618220433334,2.8889882998333336
2026,2027,Miami (FL),miami fl,Robert Morris,robert morris,2275920,DeSean Goode,Freshman,F,80,1.0287833333333334,player_id,DeSean Goode,Robert Morris,Miami (FL),1.727,141.0,-4.759,258.0,Horz,972.14,1574.078,486.0,289.0,108.0,41.0,93.0,173.0,266.0,25.0,16.0,45.0,7.59825,5.0733,3.5899,1.4835,0.20205,139.33,107.64,26.1589,0.3126,0.2087,0.69896,0.72214,0.08474,0.16451,0.11795,4.593,3.016,1.577,499.98870000000005,42.18011666666667,273.65636666666666,7.8169529625,5.219326485
2026,2027,Miami (FL),miami fl,Indiana,indiana,2147098,Nick Dorn,Junior,F,79,1.3980750000000002,player_id,Nick Dorn,Indiana,Miami (FL),17.2845,45.0,11.598,46.0,B10,695.87,1110.57,244.0,178.0,46.0,9.0,17.0,53.0,70.0,9.0,3.0,22.0,0.75589,1.6512,0.9627,0.6885,0.17219,116.87,113.62,11.5134,0.0435,0.0949,0.57303,0.61554,0.02402,0.06303,0.09989,-0.119,1.046,-1.165,341.13030000000003,12.582675000000002,97.86525000000002,1.05679091175,2.30850144
2026,2027,Miami (FL),miami fl,Bucknell,bucknell,1910904,Quin Berger,Senior,G,74,0.6004633333333332,player_id,Quin Berger,Bucknell,Miami (FL),-16.7722,331.0,-6.3678,288.0,PL,498.11,804.407,94.0,95.0,14.0,22.0,6.0,37.0,43.0,21.0,2.0,26.0,-1.15499,0.0375,-0.3528,0.3903,0.13514,85.06,115.89,5.3093,-0.0927,0.003,0.44211,0.46443,0.08244,0.05227,0.20447,1.031,-1.165,2.196,56.44355333333333,13.210193333333331,25.81992333333333,-0.6935291453666665,0.022517374999999996
2026,2027,Miami (FL),miami fl,Georgia,georgia,2311235,Somto Cyril,Sophomore,F,83,1.4326616666666667,player_id,Somto Cyril,Georgia,Miami (FL),19.3597,35.0,11.0632,52.0,SEC,698.8,1246.374,307.0,158.0,116.0,19.0,79.0,100.0,179.0,21.0,74.0,35.0,4.93667,3.3405,2.1364,1.204,0.16286,136.95,105.41,24.8387,0.2826,0.1912,0.75949,0.73445,0.04654,0.13702,0.14342,6.674,4.119,2.555,439.8271316666667,27.220571666666668,256.44643833333333,7.072577869983334,4.785806297500001
2026,2027,Miami (OH),miami oh,Ball St.,ball state,2506610,Preston Copeland,Freshman,F,81,0.7280216666666667,player_id,Preston Copeland,Ball St.,Miami (OH),-11.5187,296.0,-4.5008,254.0,MAC,534.28,853.161,119.0,85.0,45.0,8.0,53.0,72.0,125.0,14.0,20.0,17.0,0.15574,1.23,0.479,0.751,0.12187,112.31,108.89,13.7184,0.0117,0.0921,0.61176,0.56775,0.03144,0.13898,0.13957,-0.694,0.121,-0.815,86.63457833333334,5.824173333333333,91.00270833333333,0.11338209436666666,0.89546665
2026,2027,Miami (OH),miami oh,Youngstown St.,youngstown state,1908633,Rich Rolf,Junior,F,79,0.8955416666666667,player_id,Rich Rolf,Youngstown St.,Miami (OH),-3.8675,213.0,-3.9444,237.0,Horz,757.91,1271.546,248.0,194.0,38.0,59.0,33.0,89.0,122.0,23.0,9.0,27.0,2.40864,2.3709,1.4588,0.9121,0.16004,123.72,111.2,15.5278,0.1271,0.1251,0.55412,0.58851,0.1436,0.0972,0.11358,0.217,-0.03,0.247,222.09433333333334,52.836958333333335,109.25608333333334,2.15703748,2.1232397375
2026,2027,Miami (OH),miami oh,Milwaukee,milwaukee,2480414,Stevie Elam,Freshman,G,75,0.7730750000000001,player_id,Stevie Elam,Milwaukee,Miami (OH),-8.8155,268.0,-1.8407,197.0,Horz,654.81,1116.294,262.0,218.0,53.0,20.0,30.0,87.0,117.0,24.0,8.0,12.0,2.65329,1.7546,1.2688,0.4858,0.19254,121.44,116.4,16.5329,0.1621,0.1072,0.50229,0.54289,0.05712,0.10234,0.04737,0.819,1.115,-0.296,202.54565000000002,15.461500000000001,90.449775,2.0511921667500004,1.3564373950000002
2026,2027,Michigan,michigan,Tennessee,tennessee,2092650,J.P. Estrella,Sophomore,F,83,1.45,player_id,J.P. Estrella,Tennessee,Michigan,27.0008,14.0,15.9675,6.0,SEC,604.09,988.363,329.0,235.0,71.0,27.0,92.0,86.0,178.0,9.0,12.0,30.0,3.66894,3.0331,2.012,1.0211,0.23825,129.18,105.82,25.5313,0.2429,0.2008,0.60426,0.61796,0.09507,0.16289,0.10127,6.362,4.234,2.128,477.05,39.15,258.09999999999997,5.3199629999999996,4.397995
2026,2027,Michigan,michigan,LSU,lsu,1912220,Jalen Reed,Senior,F,82,1.2998266666666667,player_id,Jalen Reed,LSU,Michigan,13.1896,61.0,10.6212,59.0,SEC,107.95,193.063,57.0,35.0,21.0,4.0,12.0,22.0,34.0,5.0,2.0,11.0,0.70081,0.3818,0.2134,0.1683,0.24443,113.78,107.19,23.7657,0.2597,0.1415,0.61429,0.6448,0.06111,0.16613,0.19913,2.184,-0.129,2.313,74.09012,5.199306666666667,44.19410666666667,0.9109315262666667,0.4962738213333333
2026,2027,Michigan,michigan,Cincinnati,cincinnati,2266075,Moustapha Thiam,Sophomore,F,86,1.4001783333333335,player_id,Moustapha Thiam,Cincinnati,Michigan,17.4107,43.0,10.7272,56.0,B12,841.7,1428.17,397.0,305.0,98.0,16.0,67.0,154.0,221.0,24.0,50.0,42.0,4.02711,3.3902,1.1391,2.2511,0.23204,110.77,94.74,20.7466,0.1914,0.1611,0.54918,0.57024,0.04142,0.14503,0.10766,2.474,-0.206,2.68,555.8707983333334,22.402853333333336,309.43941166666673,5.638672167950001,4.746884585666668
2026,2027,Michigan St.,michigan state,Charlotte,charlotte,2298431,Anton Bonke,Junior,F,86,0.9807466666666667,player_id,Anton Bonke,Charlotte,Michigan St.,-1.1552,182.0,0.6191,135.0,Amer,846.42,1323.122,342.0,234.0,92.0,35.0,97.0,171.0,268.0,8.0,49.0,49.0,5.3426,3.1554,2.0513,1.1041,0.20595,122.55,110.11,23.1157,0.2525,0.1491,0.60043,0.62295,0.09116,0.19183,0.15148,1.873,1.71,0.163,335.41536,34.32613333333333,262.84010666666666,5.239737141333333,3.0946480320000003
2026,2027,Middle Tenn.,middle tennessee,Penn St.,penn state,2094422,Eli Rice,Sophomore,G,80,1.0885133333333334,player_id,Eli Rice,Penn St.,Middle Tenn.,2.3108,139.0,10.5717,60.0,B10,573.56,943.341,195.0,156.0,44.0,7.0,10.0,38.0,48.0,18.0,5.0,18.0,0.22727,0.6453,0.4949,0.1504,0.18031,108.67,121.74,11.1539,0.0158,0.045,0.51603,0.55587,0.02203,0.05375,0.09309,1.407,0.756,0.651,212.26010000000002,7.619593333333334,52.24864000000001,0.24738642526666668,0.702417654
2026,2027,Middle Tenn.,middle tennessee,North Ala.,north alabama,2345960,Kevin de Kovachich,Sophomore,G,76,0.5580766666666667,player_id,Kevin de Kovachich,North Ala.,Middle Tenn.,-19.3154,343.0,-5.0469,264.0,ASun,878.82,1411.647,324.0,265.0,101.0,55.0,12.0,50.0,62.0,42.0,2.0,52.0,-0.58991,0.842,0.571,0.271,0.21688,103.82,121.21,13.183,-0.0269,0.0383,0.46038,0.52359,0.13308,0.042,0.14387,-2.17,-0.691,-1.479,180.81684,30.694216666666666,34.60075333333333,-0.32921500643333335,0.4699005533333333
2026,2027,Middle Tenn.,middle tennessee,Oral Roberts,oral roberts,2110915,Ofri Naveh,Sophomore,F,78,0.6603683333333333,player_id,Ofri Naveh,Oral Roberts,Middle Tenn.,-13.1779,311.0,-2.2215,205.0,Sum,854.94,1446.229,319.0,242.0,124.0,51.0,37.0,135.0,172.0,37.0,13.0,58.0,0.61192,1.4621,0.5461,0.916,0.21146,103.69,112.68,15.1648,0.0286,0.0684,0.4876,0.53776,0.12498,0.11601,0.16358,-0.149,-1.599,1.45,210.65749833333334,33.678785,113.58335333333333,0.40409259053333335,0.9655245401666667
2026,2027,Middle Tenn.,middle tennessee,Walsh,walsh,2357609,Quintero Barnett,Sophomore,G,76,1.0,player_id,Quintero Barnett,Walsh,Middle Tenn.,,,,,,0.0,0.0,0.0,0.0,0.0,0.0,0.0,0.0,0.0,0.0,0.0,0.0,0.0,0.0,0.0,0.0,,,,,,,,,,,,,,,0.0,0.0,0.0,0.0,0.0
2026,2027,Millersville,millersville,Saint Francis,saint francis pa,2558305,Brandon Russell,Freshman,G,77,0.55,player_id,Brandon Russell,Saint Francis,Millersville,-22.2465,354.0,-7.0288,297.0,NEC,281.4,490.566,52.0,73.0,18.0,19.0,6.0,17.0,23.0,9.0,4.0,17.0,-1.29979,-0.4851,-0.5623,0.0772,0.17504,71.09,121.6,1.2621,-0.1848,-0.069,0.24658,0.32138,0.11851,0.04854,0.17361,-4.286,-2.586,-1.7,28.6,10.450000000000001,12.65,-0.7148845,-0.266805
2026,2027,Milwaukee,milwaukee,Syracuse,syracuse,2531809,Aaron Womack,Freshman,G,78,1.235845,player_id,Aaron Womack,Syracuse,Milwaukee,9.3507,87.0,9.7239,70.0,ACC,0.0,0.0,0.0,0.0,0.0,0.0,0.0,0.0,0.0,0.0,0.0,0.0,0.0,0.0,0.0,0.0,,,,,,,,,,,,,,,0.0,0.0,0.0,0.0,0.0
2026,2027,Milwaukee,milwaukee,Saint Joseph's,saint josephs,2128694,Al Amadou,Sophomore,F,81,1.0953133333333334,player_id,Al Amadou,Saint Joseph's,Milwaukee,5.7188,106.0,2.9029,104.0,A10,27.21,45.335,0.0,1.0,0.0,0.0,1.0,0.0,1.0,0.0,1.0,2.0,-0.19639,,,0.0252,0.05629,,114.32,-5.1766,-0.2887,,0.0,0.0,0.0,0.02054,0.66667,,,,0.0,0.0,1.0953133333333334,-0.21510858553333334,0.0
2026,2027,Milwaukee,milwaukee,Oklahoma,oklahoma,2559431,Jake Hansen,Freshman,G,72,1.4162266666666667,player_id,Jake Hansen,Oklahoma,Milwaukee,18.3736,41.0,13.1361,27.0,SEC,2.0,3.458,0.0,1.0,0.0,0.0,0.0,0.0,0.0,0.0,0.0,0.0,-0.01962,,,0.0002,0.23813,,123.39,-28.5986,-0.3924,,0.0,0.0,0.0,0.0,0.0,,,,0.0,0.0,0.0,-0.0277863672,0.0
2026,2027,Milwaukee,milwaukee,Marquette,marquette,2099033,Tre Norman,Junior,G,76,1.2473,player_id,Tre Norman,Marquette,Milwaukee,10.038,83.0,11.1206,50.0,BE,245.77,421.64,65.0,51.0,31.0,22.0,17.0,24.0,41.0,16.0,0.0,22.0,-0.25837,0.3219,-0.048,0.3699,0.17513,94.68,107.81,10.934,-0.0421,0.0524,0.44118,0.5031,0.15532,0.09268,0.25392,-1.01,-1.415,0.405,81.0745,27.440600000000003,51.139300000000006,-0.322264901,0.40150587000000004
2026,2027,Minn.-Crookston,minn crookston,Southwest Minn. St.,southwest minn state,2126089,Ethan Koltz,Sophomore,F,83,1.0,player_id,Ethan Koltz,Southwest Minn. St.,Minn.-Crookston,,,,,,0.0,0.0,0.0,0.0,0.0,0.0,0.0,0.0,0.0,0.0,0.0,0.0,0.0,0.0,0.0,0.0,,,,,,,,,,,,,,,0.0,0.0,0.0,0.0,0.0
2026,2027,Minn. Duluth,minn duluth,Minot St.,minot state,2119878,Darik Dissette,Junior,G,76,1.0,player_id,Darik Dissette,Minot St.,Minn. Duluth,,,,,,0.0,0.0,0.0,0.0,0.0,0.0,0.0,0.0,0.0,0.0,0.0,0.0,0.0,0.0,0.0,0.0,,,,,,,,,,,,,,,0.0,0.0,0.0,0.0,0.0
2026,2027,Minnesota,minnesota,North Carolina,north carolina,2122486,Kyan Evans,Junior,G,74,1.4452433333333334,player_id,Kyan Evans,North Carolina,Minnesota,20.1146,32.0,11.1241,49.0,ACC,584.53,987.312,131.0,137.0,13.0,82.0,0.0,39.0,39.0,17.0,0.0,37.0,-0.82521,0.7709,-0.0272,0.798,0.15652,96.32,109.43,6.9473,-0.0565,0.0528,0.44526,0.459,0.22585,0.03691,0.20588,5.518,1.786,3.732,189.3268766666667,118.50995333333334,56.36449,-1.1926292511,1.1141380856666667
2026,2027,Minnesota,minnesota,Villanova,villanova,2313626,Malachi Palmer,Sophomore,G,78,1.4419183333333334,player_id,Malachi Palmer,Villanova,Minnesota,19.9151,33.0,10.8642,54.0,BE,604.33,999.433,152.0,116.0,21.0,20.0,18.0,38.0,56.0,20.0,2.0,17.0,-0.16619,1.4839,0.7308,0.7532,0.12194,120.07,110.72,10.5064,-0.011,0.0982,0.58621,0.60703,0.05652,0.05433,0.11952,2.836,1.734,1.102,219.17158666666668,28.83836666666667,80.74742666666667,-0.2396324078166667,2.1396626148333335
2026,2027,Minnesota,minnesota,Michigan,michigan,2511346,Malick Kordel,Freshman,F,86,1.45,player_id,Malick Kordel,Michigan,Minnesota,39.6967,1.0,17.5531,1.0,B10,58.32,108.544,17.0,14.0,5.0,2.0,6.0,15.0,21.0,1.0,5.0,2.0,0.19759,0.238,0.0652,0.1728,0.14418,112.84,91.47,16.7225,0.1355,0.1632,0.57143,0.52469,0.04556,0.18889,0.10989,-0.202,-0.118,-0.084,24.65,2.9,30.45,0.28650549999999997,0.34509999999999996
2026,2027,Minnesota,minnesota,Texas Tech,texas tech,2505047,Nolan Groves,Freshman,G,77,1.45,player_id,Nolan Groves,Texas Tech,Minnesota,24.4578,20.0,15.5665,8.0,B12,132.65,231.596,21.0,21.0,12.0,5.0,11.0,16.0,27.0,6.0,0.0,1.0,0.13036,0.3229,0.1221,0.2009,0.10211,115.75,107.75,9.2903,0.0393,0.0974,0.33333,0.39924,0.05484,0.1139,0.03666,-0.527,-0.413,-0.114,30.45,7.25,39.15,0.189022,0.46820500000000004
2026,2027,Minnesota,minnesota,Michigan,michigan,2511347,Winters Grady,Freshman,G,78,1.45,player_id,Winters Grady,Michigan,Minnesota,39.6967,1.0,17.5531,1.0,B10,54.17,102.038,26.0,20.0,7.0,2.0,0.0,10.0,10.0,2.0,0.0,6.0,0.012,0.1313,0.0003,0.131,0.24072,97.0,97.56,10.7087,0.0089,0.0969,0.5,0.56277,0.05057,0.09111,0.20633,-0.399,-1.304,0.905,37.699999999999996,2.9,14.5,0.0174,0.190385
2026,2027,Minnesota St.,minnesota state,Jamestown,jamestown,2559318,Thomas Diew,Junior,F,80,1.0,player_id,Thomas Diew,Jamestown,Minnesota St.,,,,,,0.0,0.0,0.0,0.0,0.0,0.0,0.0,0.0,0.0,0.0,0.0,0.0,0.0,0.0,0.0,0.0,,,,,,,,,,,,,,,0.0,0.0,0.0,0.0,0.0
2026,2027,Ole Miss,mississippi,Seton Hall,seton hall,2140378,Adam Clark,Junior,G,70,1.3481750000000001,player_id,Adam Clark,Seton Hall,Ole Miss,16.0905,51.0,9.0536,73.0,BE,1010.78,1642.675,418.0,357.0,130.0,163.0,18.0,80.0,98.0,65.0,2.0,87.0,2.34551,2.9338,0.7797,2.1541,0.25307,103.56,100.83,16.6002,0.0928,0.1161,0.44958,0.50459,0.33613,0.05603,0.17358,5.772,2.094,3.678,563.53715,219.75252500000002,132.12115,3.16215794425,3.9552758150000007
2026,2027,Ole Miss,mississippi,James Madison,james madison,2549971,Christian Brown,Freshman,F,80,0.8937133333333334,player_id,Christian Brown,James Madison,Ole Miss,-3.9772,215.0,-5.1889,268.0,SB,427.92,704.978,91.0,61.0,42.0,12.0,45.0,76.0,121.0,11.0,45.0,30.0,0.95811,0.9816,0.1829,0.7987,0.13317,103.31,103.72,13.8044,0.0896,0.0918,0.54918,0.57233,0.04959,0.1602,0.27402,-2.162,-0.678,-1.484,81.32791333333334,10.72456,108.13931333333333,0.8562756818,0.8772690080000001
2026,2027,Ole Miss,mississippi,Saint Joseph's,saint josephs,2134484,Dasear Haskins,Junior,F,80,1.0953133333333334,player_id,Dasear Haskins,Saint Joseph's,Ole Miss,5.7188,106.0,2.9029,104.0,A10,953.44,1590.96,378.0,309.0,74.0,46.0,55.0,162.0,217.0,19.0,20.0,42.0,2.41935,2.9831,1.2372,1.7459,0.20415,111.74,104.24,16.7386,0.1015,0.1251,0.53074,0.55328,0.10132,0.1227,0.1095,2.941,0.82,2.121,414.02844,50.384413333333335,237.68299333333334,2.649946313,3.2674292046666666
2026,2027,Ole Miss,mississippi,Washington St.,washington state,1908910,ND Okafor,Junior,F,81,1.03543,player_id,ND Okafor,Washington St.,Ole Miss,2.1258,140.0,4.655,97.0,WCC,722.85,1217.379,346.0,248.0,88.0,28.0,61.0,114.0,175.0,16.0,45.0,62.0,2.19331,1.9504,1.0027,0.9477,0.24829,109.59,110.04,20.0852,0.1214,0.1079,0.58065,0.60342,0.08282,0.14573,0.17779,2.475,0.977,1.498,358.25878,28.992040000000003,181.20025,2.2710189733,2.019502672
2026,2027,Ole Miss,mississippi,Pittsburgh,pittsburgh,2538953,Roman Siulepa,Freshman,F,78,1.2005750000000002,player_id,Roman Siulepa,Pittsburgh,Ole Miss,7.2345,98.0,10.2496,65.0,ACC,878.69,1392.117,330.0,269.0,106.0,31.0,97.0,83.0,180.0,34.0,20.0,32.0,3.22941,2.4354,1.425,1.0105,0.20849,114.29,111.75,18.0714,0.147,0.1109,0.51487,0.52281,0.0726,0.12418,0.09205,1.053,1.086,-0.033,396.18975000000006,37.217825000000005,216.10350000000003,3.877148910750001,2.9238803550000005
2026,2027,Ole Miss,mississippi,Arizona St.,arizona state,2153994,Santiago Trouet,Sophomore,F,83,1.2867133333333334,player_id,Santiago Trouet,Arizona St.,Ole Miss,12.4028,66.0,14.133,19.0,B12,795.49,1367.009,252.0,203.0,83.0,27.0,73.0,115.0,188.0,21.0,23.0,30.0,1.15943,1.919,1.0307,0.8883,0.17003,113.78,112.21,15.3504,0.0583,0.0965,0.46059,0.5261,0.06395,0.13643,0.11131,-3.64,-1.141,-2.499,324.25176,34.741260000000004,241.90210666666667,1.4918540400666667,2.469202886666667
2026,2027,Ole Miss,mississippi,Pepperdine,pepperdine,2289117,Stefan Cicic,Freshman,F,84,0.7813566666666667,player_id,Stefan Cicic,Pepperdine,Ole Miss,-8.3186,263.0,2.5474,111.0,WCC,383.26,655.598,134.0,102.0,41.0,10.0,30.0,47.0,77.0,8.0,26.0,26.0,0.34091,0.5239,0.144,0.38,0.19283,101.34,113.6,14.7748,0.0356,0.0547,0.54412,0.55833,0.05704,0.11609,0.17803,-3.184,-2.261,-0.923,104.70179333333334,7.8135666666666665,60.16446333333334,0.26637230123333333,0.40935275766666673
2026,2027,Mississippi St.,mississippi state,Southern U.,southern,2550791,Ashton Magee,Freshman,F,79,0.760895,player_id,Ashton Magee,Southern U.,Mississippi St.,-9.5463,277.0,-6.4271,290.0,SWAC,297.3,520.704,62.0,48.0,41.0,6.0,16.0,26.0,42.0,8.0,5.0,15.0,-1.09994,0.1436,-0.0859,0.2295,0.13274,92.21,116.04,6.6512,-0.148,0.0193,0.39583,0.4697,0.03468,0.08017,0.18509,-2.469,-0.942,-1.527,47.175489999999996,4.56537,31.95759,-0.8369388462999999,0.109264522
2026,2027,Mississippi St.,mississippi state,Utah,utah,2474919,Kendyl Sanders,Freshman,F,80,1.1091133333333334,player_id,Kendyl Sanders,Utah,Mississippi St.,3.5468,128.0,11.7731,43.0,B12,641.38,1071.511,165.0,138.0,31.0,21.0,23.0,75.0,98.0,18.0,12.0,22.0,-0.12379,0.8179,0.3867,0.4311,0.13954,106.89,117.13,10.2945,-0.0077,0.051,0.55435,0.5442,0.05797,0.08941,0.1267,-0.667,-0.471,-0.196,183.0037,23.29138,108.69310666666668,-0.13729713953333333,0.9071437953333333
2026,2027,Mississippi St.,mississippi state,Kennesaw St.,kennesaw state,2142719,RJ Johnson,Junior,G,76,1.0198483333333332,player_id,RJ Johnson,Kennesaw St.,Mississippi St.,1.1909,149.0,-1.5987,190.0,CUSA,906.19,1576.06,460.0,353.0,155.0,120.0,19.0,75.0,94.0,36.0,11.0,63.0,2.98658,2.6979,1.7246,0.9734,0.25609,113.77,112.65,18.2259,0.1318,0.1191,0.51275,0.54606,0.27754,0.05614,0.13011,1.187,2.25,-1.063,469.1302333333333,122.38179999999998,95.86574333333333,3.0458586353666663,2.7514488185
2026,2027,Mississippi St.,mississippi state,Seton Hall,seton hall,2302557,Tajuan Simpkins,Sophomore,G,76,1.3481750000000001,player_id,Tajuan Simpkins,Seton Hall,Mississippi St.,16.0905,51.0,9.0536,73.0,BE,829.43,1348.103,319.0,243.0,111.0,40.0,17.0,74.0,91.0,36.0,15.0,36.0,2.29006,2.7777,1.1351,1.6426,0.20173,113.02,102.52,15.4263,0.1104,0.134,0.47942,0.54661,0.09347,0.06341,0.10981,2.224,0.588,1.636,430.067825,53.92700000000001,122.68392500000002,3.0874016405000004,3.7448256975
2026,2027,Mississippi St.,mississippi state,Florida St.,florida state,2550798,Thomas Bassong,Freshman,G,80,1.2976966666666667,player_id,Thomas Bassong,Florida St.,Mississippi St.,13.0618,62.0,10.5312,61.0,ACC,638.07,1104.136,194.0,148.0,68.0,13.0,43.0,74.0,117.0,21.0,13.0,33.0,-0.73984,1.1477,0.3715,0.7762,0.16019,105.09,111.08,11.3198,-0.0464,0.0719,0.53041,0.54525,0.03576,0.09973,0.15646,0.568,-0.096,0.664,251.75315333333333,16.870056666666667,151.83051,-0.9600879018666668,1.4893664643333333
2026,2027,Mississippi Val.,mississippi valley state,West Ala.,west ala,1952900,Tyrese Elliott,Junior,G,74,1.0,player_id,Tyrese Elliott,West Ala.,Mississippi Val.,,,,,,0.0,0.0,0.0,0.0,0.0,0.0,0.0,0.0,0.0,0.0,0.0,0.0,0.0,0.0,0.0,0.0,,,,,,,,,,,,,,,0.0,0.0,0.0,0.0,0.0
2026,2027,Missouri,missouri,Kansas,kansas,2483807,Bryson Tiller,Freshman,F,82,1.45,player_id,Bryson Tiller,Kansas,Missouri,24.1522,21.0,16.6274,3.0,B12,905.53,1513.566,277.0,227.0,85.0,35.0,55.0,159.0,214.0,12.0,45.0,63.0,0.52611,2.0549,0.1104,1.9444,0.18633,98.41,100.7,12.9625,0.0232,0.0908,0.48018,0.52383,0.0704,0.1256,0.19243,5.895,3.533,2.362,401.65,50.75,310.3,0.7628594999999999,2.979605
2026,2027,Missouri,missouri,Western Caro.,western carolina,1917660,Cord Stansberry,Senior,G,76,0.8691933333333333,player_id,Cord Stansberry,Western Caro.,Missouri,-5.4484,227.0,-4.0804,243.0,SC,882.93,1483.578,422.0,356.0,132.0,58.0,22.0,93.0,115.0,26.0,0.0,41.0,1.23367,2.0043,1.4454,0.5589,0.25335,112.26,117.57,15.8791,0.0559,0.0908,0.44382,0.50954,0.12585,0.07419,0.09009,0.606,0.58,0.026,366.79958666666664,50.41321333333333,99.95723333333332,1.0722977395333333,1.742124198
2026,2027,Missouri,missouri,Providence,providence,2507004,Jamier Jones,Freshman,F,78,1.2827883333333334,player_id,Jamier Jones,Providence,Missouri,12.1673,67.0,11.0749,51.0,BE,798.45,1403.623,369.0,237.0,131.0,42.0,40.0,101.0,141.0,27.0,8.0,54.0,1.37473,2.2643,1.5634,0.701,0.21263,117.75,114.88,18.1385,0.0689,0.1134,0.59494,0.62627,0.09562,0.09713,0.15489,6.336,3.537,2.799,473.348895,53.87711,180.87315500000003,1.7634876054833335,2.9046176231666667
2026,2027,Missouri,missouri,Tennessee,tennessee,2119886,Jaylen Carey,Junior,F,80,1.45,player_id,Jaylen Carey,Tennessee,Missouri,27.0008,14.0,15.9675,6.0,SEC,684.05,1123.048,274.0,226.0,110.0,49.0,103.0,119.0,222.0,11.0,2.0,34.0,1.99537,2.4276,1.2421,1.1855,0.21911,115.01,105.34,18.8073,0.1167,0.142,0.48673,0.49927,0.13326,0.18117,0.11025,4.654,0.906,3.748,397.3,71.05,321.9,2.8932865,3.5200199999999997
2026,2027,Missouri,missouri,South Dakota,south dakota,1917792,Jordan Crawford,Junior,G,75,0.7445383333333334,player_id,Jordan Crawford,South Dakota,Missouri,-10.5277,284.0,-6.2158,286.0,Sum,917.1,1589.035,418.0,343.0,88.0,39.0,19.0,56.0,75.0,32.0,3.0,38.0,1.64872,1.8607,1.2154,0.6453,0.22681,110.97,116.8,14.5241,0.0719,0.0812,0.51312,0.54755,0.08837,0.04825,0.09054,-2.157,-0.699,-1.458,311.2170233333334,29.036995000000005,55.84037500000001,1.2275352409333333,1.3853624768333335
2026,2027,Missouri,missouri,BYU,byu,2113939,Kennard Davis Jr.,Junior,G,78,1.45,player_id,Kennard Davis Jr.,BYU,Missouri,22.7768,24.0,14.2815,17.0,B12,945.68,1631.396,271.0,238.0,40.0,41.0,26.0,60.0,86.0,35.0,7.0,23.0,0.67663,2.2349,1.1624,1.0724,0.14398,117.2,111.97,11.1213,0.0286,0.0945,0.5063,0.53013,0.06825,0.05024,0.08256,1.521,1.263,0.258,392.95,59.449999999999996,124.7,0.9811134999999999,3.240605
2026,2027,Missouri St.,missouri state,Indiana,indiana,2506600,Andrej Acimovic,Freshman,F,82,1.3980750000000002,player_id,Andrej Acimovic,Indiana,Missouri St.,17.2845,45.0,11.598,46.0,B10,0.0,0.0,0.0,0.0,0.0,0.0,0.0,0.0,0.0,0.0,0.0,0.0,0.0,0.0,0.0,0.0,,,,,,,,,,,,,,,0.0,0.0,0.0,0.0,0.0
2026,2027,Missouri St.,missouri state,West Ala.,west ala,2569059,Christian Thompson,Junior,F,80,1.0,player_id,Christian Thompson,West Ala.,Missouri St.,,,,,,0.0,0.0,0.0,0.0,0.0,0.0,0.0,0.0,0.0,0.0,0.0,0.0,0.0,0.0,0.0,0.0,,,,,,,,,,,,,,,0.0,0.0,0.0,0.0,0.0
2026,2027,Missouri St.,missouri state,DePaul,depaul,2543747,Isaiah Medina,Freshman,F,84,1.2002633333333335,player_id,Isaiah Medina,DePaul,Missouri St.,7.2158,99.0,8.13,79.0,BE,0.0,0.0,0.0,0.0,0.0,0.0,0.0,0.0,0.0,0.0,0.0,0.0,0.0,0.0,0.0,0.0,,,,,,,,,,,,,,,0.0,0.0,0.0,0.0,0.0
2026,2027,Missouri St.,missouri state,CSU Pueblo,csu pueblo,2282803,Jordan Blair,Sophomore,G,77,1.0,player_id,Jordan Blair,CSU Pueblo,Missouri St.,,,,,,0.0,0.0,0.0,0.0,0.0,0.0,0.0,0.0,0.0,0.0,0.0,0.0,0.0,0.0,0.0,0.0,,,,,,,,,,,,,,,0.0,0.0,0.0,0.0,0.0
2026,2027,Missouri St.,missouri state,Davis & Elkins,davis and elkins,2106678,Matthew Gray,Junior,G,80,1.0,player_id,Matthew Gray,Davis & Elkins,Missouri St.,,,,,,0.0,0.0,0.0,0.0,0.0,0.0,0.0,0.0,0.0,0.0,0.0,0.0,0.0,0.0,0.0,0.0,,,,,,,,,,,,,,,0.0,0.0,0.0,0.0,0.0
2026,2027,Missouri Western,missouri western,Truman St.,truman state,2143978,Drew Kingery,Sophomore,G,77,1.0,player_id,Drew Kingery,Truman St.,Missouri Western,,,,,,0.0,0.0,0.0,0.0,0.0,0.0,0.0,0.0,0.0,0.0,0.0,0.0,0.0,0.0,0.0,0.0,,,,,,,,,,,,,,,0.0,0.0,0.0,0.0,0.0
2026,2027,Molloy,molloy,Queens (NC),queens,2314231,Jacob Brandly,Freshman,G,78,0.9705233333333333,player_id,Jacob Brandly,Queens (NC),Molloy,-1.7686,186.0,-5.1015,266.0,ASun,0.0,0.0,0.0,0.0,0.0,0.0,0.0,0.0,0.0,0.0,0.0,0.0,0.0,0.0,0.0,0.0,,,,,,,,,,,,,,,0.0,0.0,0.0,0.0,0.0
2026,2027,Monmouth,monmouth,La Salle,la salle,2505876,Ashton Walker,Freshman,G,77,0.8670366666666667,player_id,Ashton Walker,La Salle,Monmouth,-5.5778,228.0,5.2334,90.0,A10,856.64,1399.448,243.0,228.0,71.0,98.0,27.0,87.0,114.0,33.0,2.0,50.0,-0.4401,0.9021,0.154,0.7481,0.18493,99.08,114.91,11.5038,-0.0206,0.0421,0.43202,0.46875,0.24182,0.07682,0.16169,0.562,-1.812,2.374,210.68991,84.96959333333334,98.84218,-0.381582837,0.782153777
2026,2027,Monmouth,monmouth,Le Moyne,le moyne,2319849,Jakai Sanders,Sophomore,G,75,0.7240833333333333,player_id,Jakai Sanders,Le Moyne,Monmouth,-11.755,299.0,-10.8242,353.0,NEC,856.61,1450.462,303.0,220.0,134.0,122.0,16.0,79.0,95.0,24.0,0.0,68.0,0.51782,1.772,0.7633,1.0087,0.21064,105.93,111.47,13.3075,0.0242,0.0827,0.46136,0.54301,0.27792,0.0636,0.19599,-2.9,-1.577,-1.323,219.39724999999999,88.33816666666667,68.78791666666666,0.3749448316666666,1.2830756666666667
2026,2027,Monmouth,monmouth,N.C. A&T,north carolina a and t,1908358,Lureon Walker,Sophomore,G,77,0.7354483333333334,player_id,Lureon Walker,N.C. A&T,Monmouth,-11.0731,290.0,-4.0778,242.0,CAA,111.59,205.251,58.0,41.0,21.0,5.0,2.0,8.0,10.0,2.0,2.0,3.0,0.3842,0.3545,0.2882,0.0663,0.22114,123.01,118.05,18.8627,0.1377,0.1271,0.52439,0.57769,0.09534,0.0464,0.05635,-0.642,-1.446,0.804,42.65600333333334,3.6772416666666667,7.3544833333333335,0.2825592496666667,0.2607164341666667
2026,2027,Mont. St. Billings,mont st billings,Stonehill,stonehill,2539311,Cory Lovell,Junior,F,81,0.59199,player_id,Cory Lovell,Stonehill,Mont. St. Billings,-17.2806,333.0,-10.5414,352.0,NEC,44.56,74.045,2.0,5.0,0.0,0.0,1.0,2.0,3.0,2.0,0.0,0.0,-0.24907,,,0.0722,0.05748,,106.51,1.1071,-0.2236,,0.2,0.2,0.0,0.03684,0.0,-1.014,-0.214,-0.8,1.18398,0.0,1.77597,-0.14744694930000002,0.0
2026,2027,Mont. St. Billings,mont st billings,Stonehill,stonehill,2305794,Eino Montin,Junior,G,73,0.59199,player_id,Eino Montin,Stonehill,Mont. St. Billings,-17.2806,333.0,-10.5414,352.0,NEC,8.52,11.986,2.0,1.0,2.0,0.0,0.0,1.0,1.0,0.0,0.0,1.0,-0.06526,-0.0191,-0.0303,0.0112,0.19837,51.49,109.95,0.9926,-0.3064,-0.0895,1.0,0.52632,0.0,0.07279,0.34722,,,,1.18398,0.0,0.59199,-0.0386332674,-0.011307009
2026,2027,Montana,montana,Pacific,pacific,2539101,Clayton Mpiana,Freshman,F,81,1.087695,player_id,Clayton Mpiana,Pacific,Montana,5.2617,112.0,2.5501,110.0,WCC,0.0,0.0,0.0,0.0,0.0,0.0,0.0,0.0,0.0,0.0,0.0,0.0,0.0,0.0,0.0,0.0,,,,,,,,,,,,,,,0.0,0.0,0.0,0.0,0.0
2026,2027,Montana,montana,Cal St. Dom. Hills,cal state dom hills,2127678,Jalen Brown,Junior,,74,1.0,player_id,Jalen Brown,Cal St. Dom. Hills,Montana,,,,,,0.0,0.0,0.0,0.0,0.0,0.0,0.0,0.0,0.0,0.0,0.0,0.0,0.0,0.0,0.0,0.0,,,,,,,,,,,,,,,0.0,0.0,0.0,0.0,0.0
2026,2027,Montana,montana,Central Wash.,central wash,2139002,Jordan Clark,Junior,G,74,1.0,player_id,Jordan Clark,Central Wash.,Montana,,,,,,0.0,0.0,0.0,0.0,0.0,0.0,0.0,0.0,0.0,0.0,0.0,0.0,0.0,0.0,0.0,0.0,,,,,,,,,,,,,,,0.0,0.0,0.0,0.0,0.0
2026,2027,Montana,montana,Cal St. Dom. Hills,cal state dom hills,1910770,Josiah Sanders,Sophomore,,79,1.0,player_id,Josiah Sanders,Cal St. Dom. Hills,Montana,,,,,,0.0,0.0,0.0,0.0,0.0,0.0,0.0,0.0,0.0,0.0,0.0,0.0,0.0,0.0,0.0,0.0,,,,,,,,,,,,,,,0.0,0.0,0.0,0.0,0.0
2026,2027,Montana,montana,Boise St.,boise state,2550071,Noah Bendinger,Freshman,G,76,1.2548633333333334,player_id,Noah Bendinger,Boise St.,Montana,13.4918,59.0,8.5218,75.0,MWC,0.0,0.0,0.0,0.0,0.0,0.0,0.0,0.0,0.0,0.0,0.0,0.0,0.0,0.0,0.0,0.0,,,,,,,,,,,,,,,0.0,0.0,0.0,0.0,0.0
2026,2027,Montana St.,montana state,Colorado St.,colorado state,2321344,Darnez Slater,Sophomore,G,75,1.1838816666666667,player_id,Darnez Slater,Colorado St.,Montana St.,9.2329,88.0,4.8349,95.0,MWC,138.33,220.783,18.0,24.0,7.0,4.0,1.0,11.0,12.0,2.0,2.0,5.0,-0.84174,-0.0712,-0.1849,0.1137,0.12742,72.1,115.51,0.7089,-0.2434,-0.0206,0.25,0.3321,0.05061,0.05576,0.15586,-2.094,-0.884,-1.21,21.30987,4.735526666666667,14.20658,-0.9965205541000001,-0.08429237466666667
2026,2027,Montana St.,montana state,Toledo,toledo,2488776,London Praytor,Freshman,F,84,1.0498883333333333,player_id,London Praytor,Toledo,Montana St.,2.9933,130.0,-1.1979,175.0,MAC,45.9,78.72,22.0,20.0,6.0,2.0,1.0,3.0,4.0,1.0,2.0,3.0,0.07534,0.0478,0.0111,0.0367,0.2833,99.03,115.74,12.401,0.0657,0.0416,0.4,0.48673,0.07267,0.05062,0.117,-1.796,-0.901,-0.895,23.097543333333334,2.0997766666666666,4.199553333333333,0.07909858703333333,0.05018466233333334
2026,2027,Morehead St.,morehead state,California (PA),california pa,2146692,Dalman Alexander,Junior,F,80,1.0,player_id,Dalman Alexander,California (PA),Morehead St.,,,,,,0.0,0.0,0.0,0.0,0.0,0.0,0.0,0.0,0.0,0.0,0.0,0.0,0.0,0.0,0.0,0.0,,,,,,,,,,,,,,,0.0,0.0,0.0,0.0,0.0
2026,2027,Morehead St.,morehead state,Young Harris,young harris,2341499,Justin Payne,Sophomore,G,70,1.0,player_id,Justin Payne,Young Harris,Morehead St.,,,,,,0.0,0.0,0.0,0.0,0.0,0.0,0.0,0.0,0.0,0.0,0.0,0.0,0.0,0.0,0.0,0.0,,,,,,,,,,,,,,,0.0,0.0,0.0,0.0,0.0
2026,2027,Morgan St.,morgan state,Utah,utah,2295791,Ibrahima Traore,Freshman,F,81,1.1091133333333334,player_id,Ibrahima Traore,Utah,Morgan St.,3.5468,128.0,11.7731,43.0,B12,55.97,92.591,12.0,9.0,0.0,0.0,2.0,4.0,6.0,2.0,0.0,2.0,-0.21015,,,0.0271,0.10204,,119.25,8.9677,-0.1502,,0.66667,0.66667,0.0,0.06454,0.18182,,,,13.309360000000002,0.0,6.654680000000001,-0.233080167,0.0
2026,2027,Morgan St.,morgan state,Wagner,wagner,2569022,John Awoke,Junior,G,75,0.6697266666666667,player_id,John Awoke,Wagner,Morgan St.,-12.6164,305.0,-9.1832,340.0,NEC,659.25,1042.45,176.0,158.0,24.0,46.0,14.0,60.0,74.0,10.0,2.0,36.0,-0.65793,0.8677,0.2614,0.6063,0.16472,102.42,114.39,8.8989,-0.0399,0.0526,0.5,0.52195,0.13947,0.06585,0.17599,-1.192,-0.181,-1.011,117.87189333333333,30.807426666666668,49.55977333333333,-0.4406332658,0.5811218286666667
2026,2027,Morgan St.,morgan state,Johnson C. Smith,johnson c smith,1896933,Trey Pettigrew,Junior,G,76,1.0,player_id,Trey Pettigrew,Johnson C. Smith,Morgan St.,,,,,,0.0,0.0,0.0,0.0,0.0,0.0,0.0,0.0,0.0,0.0,0.0,0.0,0.0,0.0,0.0,0.0,,,,,,,,,,,,,,,0.0,0.0,0.0,0.0,0.0
2026,2027,Mount Olive,mount olive,California (PA),california pa,2540134,Jayden Daisy,Freshman,G,76,1.0,player_id,Jayden Daisy,California (PA),Mount Olive,,,,,,0.0,0.0,0.0,0.0,0.0,0.0,0.0,0.0,0.0,0.0,0.0,0.0,0.0,0.0,0.0,0.0,,,,,,,,,,,,,,,0.0,0.0,0.0,0.0,0.0
2026,2027,Mount St. Mary's,mount st marys,Gonzaga,gonzaga,2281214,Cade Orness,Freshman,G,75,1.45,player_id,Cade Orness,Gonzaga,Mount St. Mary's,26.9815,15.0,5.8434,86.0,WCC,20.6,36.825,3.0,2.0,5.0,1.0,0.0,1.0,1.0,1.0,0.0,3.0,-0.1582,-0.0402,-0.0874,0.0472,0.16479,45.84,99.12,-3.9625,-0.3072,-0.0781,0.5,0.35714,0.05423,0.02646,0.41667,,,,4.35,1.45,1.45,-0.22939,-0.058289999999999995
2026,2027,Mount St. Mary's,mount st marys,Eckerd,eckerd,2343099,Miquel Llompart,Sophomore,G,76,1.0,player_id,Miquel Llompart,Eckerd,Mount St. Mary's,,,,,,0.0,0.0,0.0,0.0,0.0,0.0,0.0,0.0,0.0,0.0,0.0,0.0,0.0,0.0,0.0,0.0,,,,,,,,,,,,,,,0.0,0.0,0.0,0.0,0.0
2026,2027,Mount St. Mary's,mount st marys,Longwood,longwood,2280667,Redd Thompson Jr.,Sophomore,F,72,0.7710183333333334,player_id,Redd Thompson Jr.,Longwood,Mount St. Mary's,-8.9389,270.0,-8.4407,327.0,BSth,635.21,1076.749,303.0,242.0,81.0,56.0,16.0,30.0,46.0,15.0,0.0,53.0,0.55232,1.4192,0.7864,0.6328,0.2595,108.05,113.59,13.4076,0.0348,0.0894,0.47934,0.54575,0.18413,0.04327,0.1603,3.084,1.925,1.159,233.61855500000001,43.17702666666667,35.46684333333334,0.4258488458666667,1.0942292186666667
2026,2027,Mount St. Mary's,mount st marys,Drake,drake,1890576,Wilguens Jr. Exacte,Junior,F,78,0.9102683333333333,player_id,Wilguens Jr. Exacte,Drake,Mount St. Mary's,-2.9839,205.0,1.4761,123.0,MVC,311.72,505.883,112.0,104.0,37.0,26.0,17.0,49.0,66.0,5.0,6.0,19.0,0.04902,0.3753,0.0388,0.3364,0.23811,98.14,112.61,12.7667,0.0063,0.0482,0.41827,0.4655,0.16744,0.12,0.13642,2.277,0.886,1.391,101.95005333333333,23.666976666666667,60.07771,0.044621353700000005,0.34162370550000004
2026,2027,MSU Moorhead,msu moorhead,Lindenwood,lindenwood,2472168,Kevin Anthony,Junior,F,82,0.7766433333333334,player_id,Kevin Anthony,Lindenwood,MSU Moorhead,-8.6014,267.0,-9.1937,341.0,OVC,99.22,178.529,15.0,9.0,12.0,0.0,9.0,8.0,17.0,0.0,3.0,5.0,-0.43168,0.1094,-0.0156,0.125,0.09118,93.52,110.56,5.1705,-0.174,0.0441,0.55556,0.52448,0.0,0.0932,0.25934,-3.666,-2.101,-1.565,11.649650000000001,0.0,13.202936666666666,-0.33526139413333333,0.08496478066666667
2026,2027,Murray St.,murray state,Belmont,belmont,2113901,Brigham Rogers,Junior,F,81,1.2293266666666667,player_id,Brigham Rogers,Belmont,Murray St.,11.9596,69.0,-0.669,164.0,MVC,560.35,962.638,209.0,133.0,36.0,52.0,39.0,74.0,113.0,12.0,18.0,31.0,1.74591,2.3179,1.4304,0.8874,0.16417,130.16,106.89,19.2271,0.1246,0.1655,0.7218,0.70228,0.16294,0.11951,0.17238,4.124,0.765,3.359,256.92927333333336,63.92498666666667,138.91391333333334,2.1462937206,2.8494562806666663
2026,2027,Murray St.,murray state,George Washington,george washington,2099647,Christian Jones,Sophomore,G,74,1.186985,player_id,Christian Jones,George Washington,Murray St.,9.4191,86.0,2.6222,108.0,A10,899.53,1534.637,341.0,284.0,61.0,105.0,27.0,74.0,101.0,38.0,5.0,72.0,0.68229,2.0679,0.9492,1.1187,0.2074,108.15,110.71,13.9292,0.0303,0.092,0.52993,0.54858,0.21209,0.06486,0.18807,3.636,1.391,2.245,404.761885,124.63342499999999,119.88548499999999,0.8098679956499999,2.4545662814999996
2026,2027,Murray St.,murray state,Auburn,auburn,2547350,Kaden Magwood,Freshman,G,74,1.4300000000000002,player_id,Kaden Magwood,Auburn,Murray St.,19.2,36.0,14.6562,14.0,SEC,215.48,368.814,71.0,70.0,8.0,35.0,5.0,14.0,19.0,9.0,1.0,14.0,0.27695,0.3827,0.2482,0.1345,0.19774,109.37,117.71,12.9464,0.0514,0.071,0.45714,0.48299,0.27586,0.05122,0.15996,1.736,1.763,-0.027,101.53000000000002,50.050000000000004,27.17,0.3960385,0.547261
2026,2027,Murray St.,murray state,Valparaiso,valparaiso,2536622,Shon Tupuola,Junior,F,82,1.0107966666666666,player_id,Shon Tupuola,Valparaiso,Murray St.,0.6478,163.0,0.2345,147.0,MVC,799.21,1294.161,202.0,143.0,58.0,25.0,75.0,112.0,187.0,13.0,42.0,28.0,1.86675,2.4855,1.2066,1.2789,0.12787,121.7,106.85,16.6711,0.0934,0.1244,0.57343,0.59941,0.06448,0.13381,0.14248,-3.573,-2.03,-1.543,204.18092666666664,25.269916666666663,189.01897666666665,1.8869046774999998,2.512335115
2026,2027,N.M. Highlands,n m highlands,Drury,drury,2574660,Avante Nichols,Junior,G,75,1.0,player_id,Avante Nichols,Drury,N.M. Highlands,,,,,,0.0,0.0,0.0,0.0,0.0,0.0,0.0,0.0,0.0,0.0,0.0,0.0,0.0,0.0,0.0,0.0,,,,,,,,,,,,,,,0.0,0.0,0.0,0.0,0.0
2026,2027,N.M. Highlands,n m highlands,Mont. St. Billings,mont st billings,2125344,Miles Gurske,Junior,G,73,1.0,player_id,Miles Gurske,Mont. St. Billings,N.M. Highlands,,,,,,0.0,0.0,0.0,0.0,0.0,0.0,0.0,0.0,0.0,0.0,0.0,0.0,0.0,0.0,0.0,0.0,,,,,,,,,,,,,,,0.0,0.0,0.0,0.0,0.0
2026,2027,NC State,nc state,Santa Clara,santa clara,2110376,Christian Hammond,Sophomore,G,76,1.37698,player_id,Christian Hammond,Santa Clara,NC State,19.0188,38.0,6.1685,82.0,WCC,1001.32,1691.144,519.0,396.0,108.0,82.0,18.0,74.0,92.0,37.0,2.0,56.0,1.75431,3.5495,2.3488,1.2007,0.24287,119.66,111.16,18.4044,0.0701,0.1418,0.54798,0.58512,0.14698,0.0537,0.11211,3.975,1.689,2.286,714.6526200000001,112.91236,126.68216000000001,2.4156497838,4.887590510000001
2026,2027,NC State,nc state,New Hampshire,new hampshire,2106179,Comeh Emuobor,Junior,G,77,0.55,player_id,Comeh Emuobor,New Hampshire,NC State,-20.7105,349.0,-8.3317,325.0,AE,496.68,822.663,232.0,218.0,80.0,16.0,51.0,61.0,112.0,14.0,2.0,43.0,-0.89924,0.0948,-0.4232,0.518,0.31314,90.86,112.97,14.0114,-0.0724,0.0076,0.41055,0.45814,0.07898,0.13056,0.14517,-2.237,0.263,-2.5,127.60000000000001,8.8,61.60000000000001,-0.4945820000000001,0.05214
2026,2027,NC State,nc state,Maryland,maryland,2532367,Darius Adams,Freshman,G,77,1.1246066666666668,player_id,Darius Adams,Maryland,NC State,4.4764,119.0,14.6632,13.0,B10,846.01,1382.439,355.0,314.0,140.0,54.0,28.0,85.0,113.0,17.0,5.0,65.0,-1.60657,0.4926,0.0094,0.4832,0.26652,97.06,118.28,11.1229,-0.076,0.0233,0.40605,0.47258,0.14326,0.07798,0.14753,-1.704,-0.676,-1.028,399.2353666666667,60.72876000000001,127.08055333333334,-1.8067593324666669,0.553981244
2026,2027,NC State,nc state,Washington St.,washington state,2125066,Eemeli Yalaho,Junior,F,80,1.03543,player_id,Eemeli Yalaho,Washington St.,NC State,2.1258,140.0,4.655,97.0,WCC,883.3,1489.618,314.0,231.0,60.0,52.0,48.0,125.0,173.0,14.0,8.0,53.0,1.91544,2.0979,1.3459,0.752,0.18086,115.75,115.17,14.8226,0.0867,0.095,0.57792,0.60995,0.10808,0.11789,0.17075,-0.356,1.826,-2.182,325.12502,53.842360000000006,179.12939,1.9833040392,2.172228597
2026,2027,NC State,nc state,App State,appalachian state,2475539,Jacari Brim,Freshman,G,74,0.9614783333333333,player_id,Jacari Brim,App State,NC State,-2.3113,195.0,-5.7475,279.0,SB,95.42,153.147,3.0,10.0,0.0,6.0,1.0,8.0,9.0,2.0,0.0,1.0,-0.27791,,,0.1261,0.06236,,109.9,1.4911,-0.1165,,0.15,0.15,0.11185,0.05183,0.09091,-0.869,-0.783,-0.086,2.884435,5.76887,8.653305,-0.2672044436166667,0.0
2026,2027,NC State,nc state,UC Irvine,uc irvine,1921996,Kyle Evans,Senior,F,82,1.0950883333333334,player_id,Kyle Evans,UC Irvine,NC State,5.7053,107.0,-1.0887,171.0,BW,974.15,1689.298,388.0,257.0,89.0,31.0,79.0,213.0,292.0,14.0,111.0,28.0,8.07497,5.2692,2.4905,2.7786,0.16408,132.48,92.78,24.6147,0.3316,0.2164,0.61868,0.65496,0.06365,0.15836,0.08638,3.595,1.481,2.114,424.8942733333334,33.947738333333334,319.76579333333336,8.842805439016669,5.770239446000001
2026,2027,NC State,nc state,Hofstra,hofstra,2485194,Preston Edmead,Freshman,G,73,1.1809516666666666,player_id,Preston Edmead,Hofstra,NC State,9.0571,89.0,-0.5762,162.0,CAA,1138.51,1816.781,543.0,401.0,157.0,142.0,27.0,92.0,119.0,15.0,0.0,73.0,4.78544,4.5426,3.107,1.4356,0.24808,121.44,110.57,17.8339,0.1681,0.1596,0.51372,0.57754,0.25361,0.05785,0.13442,1.957,1.171,0.786,641.256755,167.69513666666666,140.53324833333332,5.651373343733334,5.364591041
2026,2027,NC State,nc state,Boise St.,boise state,1705249,RJ Keene,Senior,G,79,1.2548633333333334,player_id,RJ Keene,Boise St.,NC State,13.4918,59.0,8.5218,75.0,MWC,654.14,1058.387,75.0,73.0,6.0,54.0,37.0,100.0,137.0,19.0,10.0,16.0,1.24499,1.6905,0.6683,1.0222,0.07347,122.98,107.26,10.6028,0.0761,0.1034,0.49315,0.49603,0.14449,0.13321,0.1746,2.325,0.229,2.096,94.11475000000002,67.76262000000001,171.91627666666668,1.5622923013666667,2.1213464650000002
2026,2027,Neb.-Kearney,neb kearney,Kansas City,umkc,2555655,Jamaria Clark,Junior,G,74,0.55,player_id,Jamaria Clark,Kansas City,Neb.-Kearney,-25.4268,358.0,-2.1913,203.0,Sum,303.14,528.651,72.0,71.0,20.0,24.0,6.0,7.0,13.0,10.0,1.0,16.0,-0.84106,-0.0954,-0.1039,0.0086,0.15725,92.11,124.35,6.0724,-0.111,-0.0126,0.37324,0.45113,0.14623,0.02373,0.16701,-3.073,-2.728,-0.345,39.6,13.200000000000001,7.15,-0.4625830000000001,-0.05247
2026,2027,Nebraska,nebraska,Boston College,boston college,2092580,Boden Kapke,Junior,F,83,1.0630783333333333,player_id,Boden Kapke,Boston College,Nebraska,0.7847,158.0,6.0956,83.0,ACC,830.29,1355.896,330.0,259.0,75.0,23.0,58.0,120.0,178.0,11.0,11.0,40.0,1.41253,2.37,1.0678,1.3022,0.2103,110.92,107.17,16.1001,0.068,0.1142,0.53475,0.56507,0.06325,0.11755,0.12048,-1.844,-2.346,0.502,350.81585,24.450801666666667,189.22794333333334,1.5016300381833334,2.51949565
2026,2027,Nebraska,nebraska,South Dakota St.,south dakota state,2099294,Damon Wilkinson,Sophomore,F,82,0.8824933333333334,player_id,Damon Wilkinson,South Dakota St.,Nebraska,-4.6504,221.0,-3.6826,232.0,Sum,711.16,1177.878,409.0,265.0,139.0,36.0,63.0,120.0,183.0,12.0,23.0,48.0,3.82,3.0392,2.0635,0.9757,0.27075,121.18,109.32,25.1241,0.2149,0.1709,0.58491,0.62692,0.11189,0.14878,0.12829,-1.037,0.746,-1.783,360.93977333333333,31.76976,161.49628,3.371124533333333,2.682073738666667
2026,2027,Nebraska,nebraska,Montana,montana,1906863,Kadyn Betts,Junior,F,80,0.96652,player_id,Kadyn Betts,Montana,Nebraska,-2.0088,190.0,-0.6378,163.0,BSky,35.81,60.639,15.0,10.0,0.0,0.0,2.0,2.0,4.0,0.0,1.0,7.0,-0.15765,,,0.0253,0.24464,,116.75,6.6577,-0.1761,,0.75,0.75,0.0,0.06736,0.41176,,,,14.497800000000002,0.0,3.86608,-0.15237187800000002,0.0
2026,2027,Nebraska,nebraska,Belmont,belmont,2113900,Sam Orme,Sophomore,F,81,1.2293266666666667,player_id,Sam Orme,Belmont,Nebraska,11.9596,69.0,-0.669,164.0,MVC,716.34,1235.019,350.0,245.0,43.0,50.0,25.0,111.0,136.0,26.0,19.0,30.0,4.56255,3.2592,1.9458,1.3134,0.21048,127.89,104.09,21.5219,0.2548,0.182,0.65714,0.66313,0.1272,0.11211,0.10207,3.362,1.441,1.921,430.26433333333335,61.46633333333333,167.18842666666666,5.608864383,4.006621472
2026,2027,Nebraska,nebraska,San Diego St.,san diego state,2285497,Taj DeGourville,Sophomore,G,77,1.339445,player_id,Taj DeGourville,San Diego St.,Nebraska,16.7667,49.0,8.6625,74.0,MWC,621.35,1052.805,176.0,161.0,58.0,91.0,13.0,74.0,87.0,27.0,4.0,50.0,0.22151,1.1482,-0.046,1.1943,0.19549,96.16,103.2,11.0809,0.0143,0.0739,0.42857,0.47185,0.26004,0.08257,0.2114,3.139,1.274,1.865,235.74232,121.889495,116.531715,0.29670046195,1.5379507490000002
2026,2027,Nebraska,nebraska,Utah Valley,utah valley,1949291,Trevan Leonhardt,Junior,G,76,1.172615,player_id,Trevan Leonhardt,Utah Valley,Nebraska,8.5569,92.0,-0.4634,159.0,WAC,1092.96,1857.298,373.0,271.0,82.0,177.0,19.0,149.0,168.0,67.0,20.0,91.0,5.41644,3.9828,1.5646,2.4182,0.18252,113.38,99.87,18.1552,0.1982,0.1458,0.5738,0.60729,0.28398,0.09333,0.2286,1.721,0.266,1.455,437.38539499999996,207.552855,196.99931999999998,6.351398790599999,4.670291022
2026,2027,Omaha,nebraska omaha,North Texas,north texas,2561229,Cahmai Crosby,Junior,G,75,1.0450766666666667,player_id,Cahmai Crosby,North Texas,Omaha,2.7046,136.0,1.0251,128.0,Amer,283.72,459.2,77.0,77.0,8.0,8.0,10.0,19.0,29.0,4.0,0.0,7.0,-0.13037,0.5316,0.1463,0.3853,0.15971,104.82,109.52,7.0727,-0.0184,0.0749,0.46753,0.47826,0.05701,0.05903,0.07998,-0.506,-1.543,1.037,80.47090333333333,8.360613333333333,30.307223333333333,-0.13624664503333334,0.5555627559999999
2026,2027,Omaha,nebraska omaha,Kansas City,umkc,1932438,Chris Dockery,Junior,F,78,0.55,player_id,Chris Dockery,Kansas City,Omaha,-25.4268,358.0,-2.1913,203.0,Sum,580.73,1011.951,191.0,135.0,77.0,22.0,44.0,103.0,147.0,12.0,6.0,38.0,-0.05836,0.6381,0.3158,0.3223,0.17537,103.67,118.46,13.6702,-0.004,0.044,0.54444,0.56542,0.076,0.13972,0.18368,-3.125,-0.587,-2.538,105.05000000000001,12.100000000000001,80.85000000000001,-0.032098,0.350955
2026,2027,Omaha,nebraska omaha,Texas St.,texas state,2505173,Deke Thompson,Freshman,G,76,0.8487133333333333,player_id,Deke Thompson,Texas St.,Omaha,-6.6772,246.0,-7.1147,298.0,SB,2.37,3.873,0.0,1.0,0.0,0.0,0.0,0.0,0.0,0.0,0.0,0.0,-0.02361,,,0.0015,0.2254,,117.61,-24.4992,-0.3985,,0.0,0.0,0.0,0.0,0.0,,,,0.0,0.0,0.0,-0.0200381218,0.0
2026,2027,Omaha,nebraska omaha,Drake,drake,2480435,Heri Bukinga,Freshman,F,83,0.9102683333333333,player_id,Heri Bukinga,Drake,Omaha,-2.9839,205.0,1.4761,123.0,MVC,0.0,0.0,0.0,0.0,0.0,0.0,0.0,0.0,0.0,0.0,0.0,0.0,0.0,0.0,0.0,0.0,,,,,,,,,,,,,,,0.0,0.0,0.0,0.0,0.0
2026,2027,Omaha,nebraska omaha,Nebraska,nebraska,2291437,Justin Bolis,Sophomore,F,80,1.45,player_id,Justin Bolis,Nebraska,Omaha,26.5826,16.0,12.1157,36.0,B10,26.01,43.097,3.0,3.0,6.0,1.0,0.0,5.0,5.0,1.0,1.0,0.0,-0.07244,0.0398,-0.0313,0.0711,0.1129,72.34,94.24,5.4649,-0.1114,0.0612,0.0,0.26786,0.05402,0.10706,0.0,,,,4.35,1.45,7.25,-0.105038,0.057710000000000004
2026,2027,Nevada,nevada,Houston,houston,2111599,Cedric Lath,Junior,F,82,1.45,player_id,Cedric Lath,Houston,Nevada,33.8434,4.0,13.5559,25.0,B12,82.39,133.935,10.0,6.0,2.0,1.0,8.0,6.0,14.0,1.0,2.0,1.0,-0.21823,0.3027,0.1405,0.1622,0.04958,157.56,102.63,9.2411,-0.1059,0.147,0.66667,0.72464,0.01823,0.09717,0.1269,1.654,0.538,1.116,14.5,1.45,20.3,-0.3164335,0.438915
2026,2027,Nevada,nevada,Portland St.,portland state,2154001,Keyon Kensie Jr.,Junior,G,80,1.020835,player_id,Keyon Kensie Jr.,Portland St.,Nevada,1.2501,148.0,-2.4912,210.0,BSky,816.48,1367.112,282.0,233.0,88.0,29.0,34.0,143.0,177.0,33.0,18.0,35.0,2.15265,2.2998,0.5932,1.7066,0.19229,105.78,101.27,14.7363,0.1055,0.1127,0.46996,0.51895,0.06684,0.12795,0.11411,-0.489,-1.523,1.034,287.87547,29.604214999999996,180.687795,2.19750046275,2.3477163329999997
2026,2027,Nevada,nevada,Cal Poly,cal poly,2318756,Peter Bandelj,Sophomore,G,76,0.8951116666666666,player_id,Peter Bandelj,Cal Poly,Nevada,-3.8933,214.0,0.8115,131.0,BW,928.08,1730.459,380.0,284.0,119.0,95.0,30.0,87.0,117.0,37.0,5.0,71.0,1.32205,2.0683,1.2178,0.8505,0.20261,111.28,114.42,14.1581,0.057,0.0891,0.4912,0.5648,0.18736,0.06712,0.17429,-0.227,-0.508,0.281,340.1424333333333,85.03560833333333,104.728065,1.1833823789166666,1.8513594601666665
2026,2027,Nevada,nevada,Memphis,memphis,2550749,Simon Majok,Freshman,F,85,1.0469383333333333,player_id,Simon Majok,Memphis,Nevada,2.8163,133.0,5.5067,89.0,Amer,310.93,536.559,72.0,45.0,39.0,4.0,26.0,35.0,61.0,11.0,14.0,16.0,0.07066,0.6679,0.226,0.4419,0.11978,109.73,108.72,11.7629,0.0091,0.0859,0.48889,0.57878,0.02183,0.10687,0.20471,1.999,2.027,-0.028,75.37956,4.187753333333333,63.86323833333333,0.07397666263333333,0.6992501128333334
2026,2027,Nevada,nevada,Pepperdine,pepperdine,2283671,Styles Phipps,Sophomore,G,74,0.7813566666666667,player_id,Styles Phipps,Pepperdine,Nevada,-8.3186,263.0,2.5474,111.0,WCC,1030.44,1745.416,410.0,322.0,153.0,153.0,59.0,119.0,178.0,45.0,5.0,86.0,2.56064,2.1257,1.1802,0.9455,0.23343,107.3,114.42,16.9745,0.0994,0.0825,0.45031,0.52659,0.31772,0.09982,0.18093,-1.774,-1.329,-0.445,320.35623333333336,119.54757000000001,139.08148666666668,2.000773134933333,1.6609298663333336
2026,2027,New Hampshire,new hampshire,Old Dominion,old dominion,2211507,Drew McKenna,Sophomore,F,79,0.8429249999999999,player_id,Drew McKenna,Old Dominion,New Hampshire,-7.0245,248.0,-3.3276,226.0,SB,267.21,461.329,98.0,91.0,21.0,14.0,14.0,49.0,63.0,9.0,5.0,12.0,0.41605,0.4774,0.1186,0.3588,0.21326,101.69,109.58,14.5516,0.0623,0.0715,0.45055,0.48902,0.10328,0.13034,0.10691,-0.738,-1.12,0.382,82.60664999999999,11.800949999999998,53.104274999999994,0.3506989462499999,0.402412395
2026,2027,New Hampshire,new hampshire,Manhattan,manhattan,2359804,Erik Oliver-Bush,Sophomore,G,77,0.6092766666666666,player_id,Erik Oliver-Bush,Manhattan,New Hampshire,-16.2434,329.0,-8.2003,322.0,MAAC,406.57,687.185,80.0,68.0,21.0,19.0,16.0,34.0,50.0,11.0,22.0,20.0,-0.52366,0.258,0.021,0.237,0.12204,97.86,118.16,9.695,-0.0515,0.0254,0.48529,0.51813,0.0871,0.06877,0.20568,-2.626,-2.813,0.187,48.74213333333333,11.576256666666666,30.46383333333333,-0.31905381926666665,0.15719338
2026,2027,New Hampshire,new hampshire,Fairfield,fairfield,1932419,Ryan Zan,Junior,F,79,0.7890766666666668,player_id,Ryan Zan,Fairfield,New Hampshire,-7.8554,260.0,-9.6415,349.0,MAAC,223.43,366.575,25.0,32.0,3.0,4.0,15.0,24.0,39.0,2.0,0.0,11.0,-1.01499,0.0558,-0.1793,0.2352,0.10022,79.75,112.93,2.8615,-0.1817,0.01,0.35938,0.37538,0.02879,0.09763,0.24819,-2.125,0.132,-2.257,19.726916666666668,3.156306666666667,30.773990000000005,-0.8009049259000002,0.044030478000000005
2026,2027,New Haven,new haven,Felician,felician,2118858,Moussa Camara,Sophomore,F,79,1.0,player_id,Moussa Camara,Felician,New Haven,,,,,,0.0,0.0,0.0,0.0,0.0,0.0,0.0,0.0,0.0,0.0,0.0,0.0,0.0,0.0,0.0,0.0,,,,,,,,,,,,,,,0.0,0.0,0.0,0.0,0.0
2026,2027,New Mexico,new mexico,UC San Diego,uc san diego,2505186,Hudson Mayes,Freshman,G,77,1.0716083333333333,player_id,Hudson Mayes,UC San Diego,New Mexico,4.2965,121.0,-1.4934,185.0,BW,774.59,1330.248,354.0,235.0,112.0,55.0,40.0,140.0,180.0,30.0,9.0,40.0,3.56156,3.5134,1.821,1.6924,0.21385,121.67,100.2,21.1538,0.1839,0.1814,0.56383,0.62258,0.14023,0.1281,0.12335,2.032,1.2,0.832,379.34934999999996,58.93845833333333,192.8895,3.8165973756666665,3.764988718333333
2026,2027,New Mexico,new mexico,St. John's (NY),saint johns,2538726,Imran Suljanovic,Freshman,F,79,1.45,player_id,Imran Suljanovic,St. John's (NY),New Mexico,27.1702,13.0,12.5947,33.0,BE,0.0,0.0,0.0,0.0,0.0,0.0,0.0,0.0,0.0,0.0,0.0,0.0,0.0,0.0,0.0,0.0,,,,,,,,,,,,,,,0.0,0.0,0.0,0.0,0.0
2026,2027,New Mexico,new mexico,California,california,1921647,Rytis Petraitis,Senior,F,79,1.2643766666666667,player_id,Rytis Petraitis,California,New Mexico,11.0626,75.0,6.0103,85.0,ACC,117.52,203.442,37.0,24.0,11.0,7.0,6.0,22.0,28.0,4.0,6.0,4.0,0.541,0.479,0.233,0.2461,0.13798,126.92,101.27,18.9626,0.1841,0.1631,0.625,0.64236,0.09831,0.13158,0.1218,1.72,0.967,0.753,46.78193666666667,8.850636666666666,35.402546666666666,0.6840277766666667,0.6056364233333333
2026,2027,New Mexico,new mexico,William & Mary,william and mary,2117211,Tunde Vahlberg Fasasi,Junior,F,79,1.0226383333333333,player_id,Tunde Vahlberg Fasasi,William & Mary,New Mexico,1.3583,145.0,-2.4783,208.0,CAA,824.11,1480.429,368.0,272.0,83.0,72.0,32.0,95.0,127.0,36.0,24.0,39.0,4.1597,2.8238,1.6044,1.2194,0.2084,118.5,108.24,18.3717,0.2019,0.1371,0.55515,0.59643,0.16572,0.08809,0.11222,2.505,1.823,0.682,376.33090666666664,73.62996,129.87506833333333,4.253868675166666,2.8877261256666666
2026,2027,New Mexico St.,new mexico state,Louisiana Tech,louisiana tech,2118743,DJ Dudley,Junior,G,76,0.9551516666666666,player_id,DJ Dudley,Louisiana Tech,New Mexico St.,-2.6909,197.0,-3.0304,222.0,CUSA,956.77,1504.043,441.0,379.0,88.0,57.0,20.0,67.0,87.0,26.0,7.0,70.0,0.53794,1.9623,0.7247,1.2376,0.26351,103.7,110.1,14.3559,0.0225,0.082,0.50132,0.52789,0.13508,0.05152,0.14352,-1.084,-0.621,-0.463,421.221885,54.443645,83.09819499999999,0.5138142875666666,1.8742941155
2026,2027,New Mexico St.,new mexico state,Holy Cross,holy cross,2127737,Gabe Warren,Junior,G,78,0.6040116666666667,player_id,Gabe Warren,Holy Cross,New Mexico St.,-16.5593,330.0,-7.4158,306.0,PL,988.82,1590.79,386.0,275.0,137.0,48.0,29.0,113.0,142.0,34.0,9.0,41.0,2.11509,2.3549,1.4737,0.8812,0.21005,113.06,114.7,17.1305,0.0856,0.0953,0.51818,0.5756,0.10356,0.08904,0.10896,-1.334,-0.205,-1.129,233.14850333333337,28.992560000000005,85.76965666666668,1.27753903605,1.4223870738333335
2026,2027,New Mexico St.,new mexico state,San Jose St.,san jose state,2284412,Jermaine Washington,Sophomore,G,73,0.881115,player_id,Jermaine Washington,San Jose St.,New Mexico St.,-4.7331,222.0,7.1866,80.0,MWC,838.14,1345.953,271.0,238.0,53.0,67.0,6.0,39.0,45.0,24.0,0.0,40.0,-0.44694,0.4922,0.5617,-0.0695,0.18946,104.92,125.59,10.8212,-0.0213,0.0235,0.5,0.51856,0.1588,0.03347,0.13275,-2.016,0.224,-2.24,238.782165,59.034704999999995,39.650175,-0.3938055381,0.433684803
2026,2027,New Mexico St.,new mexico state,Little Rock,little rock,1596219,KK Robinson,Senior,G,72,0.662565,player_id,KK Robinson,Little Rock,New Mexico St.,-13.0461,310.0,-6.7833,293.0,OVC,0.0,0.0,0.0,0.0,0.0,0.0,0.0,0.0,0.0,0.0,0.0,0.0,0.0,0.0,0.0,0.0,,,,,,,,,,,,,,,0.0,0.0,0.0,0.0,0.0
2026,2027,New Mexico St.,new mexico state,Long Beach St.,long beach state,2505228,Leopold Levillain,Freshman,F,81,0.8603733333333333,player_id,Leopold Levillain,Long Beach St.,New Mexico St.,-5.9776,233.0,0.5345,136.0,BW,550.09,961.99,130.0,83.0,59.0,28.0,41.0,101.0,142.0,16.0,10.0,41.0,-0.29169,0.9637,0.2166,0.7471,0.13757,102.76,109.47,11.3742,-0.0212,0.0701,0.56627,0.59633,0.0887,0.15549,0.27341,0.569,0.62,-0.051,111.84853333333334,24.090453333333333,122.17301333333333,-0.2509622976,0.8291417813333333
2026,2027,New Mexico St.,new mexico state,Sacramento St.,sacramento state,2505259,Mark Lavrenov,Freshman,F,80,0.7771483333333334,player_id,Mark Lavrenov,Sacramento St.,New Mexico St.,-8.5711,266.0,0.9227,129.0,BSky,772.71,1363.626,295.0,201.0,131.0,13.0,77.0,127.0,204.0,12.0,7.0,29.0,0.923,1.93,1.4616,0.4683,0.18413,119.49,117.91,15.9841,0.0478,0.0999,0.46517,0.57038,0.03341,0.14602,0.10082,-2.894,-1.523,-1.371,229.25875833333336,10.102928333333335,158.53826,0.7173079116666669,1.4998962833333336
2026,2027,New Orleans,new orleans,Canisius,canisius,2119927,Kahlil Singleton,Junior,G,75,0.5643733333333333,player_id,Kahlil Singleton,Canisius,New Orleans,-18.9376,342.0,-7.8339,313.0,MAAC,1016.22,1595.583,400.0,311.0,73.0,27.0,17.0,73.0,90.0,7.0,2.0,16.0,1.86705,2.6577,2.0143,0.6434,0.19209,122.63,117.59,13.9439,0.0735,0.1046,0.53859,0.58292,0.06426,0.05276,0.04455,-2.133,-1.986,-0.147,225.7493333333333,15.238079999999998,50.7936,1.053713232,1.499935008
2026,2027,New Orleans,new orleans,Wagner,wagner,2569020,Nick Jones,Junior,G,74,0.6697266666666667,player_id,Nick Jones,Wagner,New Orleans,-12.6164,305.0,-9.1832,340.0,NEC,905.33,1445.989,418.0,330.0,130.0,69.0,21.0,77.0,98.0,50.0,10.0,75.0,2.15061,2.1312,0.8321,1.2991,0.26943,104.76,108.63,16.6982,0.095,0.0942,0.47121,0.53977,0.1719,0.06368,0.16227,0.654,-0.138,0.792,279.94574666666665,46.21114,65.63321333333333,1.4403208666,1.4273214720000003
2026,2027,New Orleans,new orleans,Lincoln Memorial,lincoln memorial,2488736,Walter Campbell,Junior,F,79,1.0,player_id,Walter Campbell,Lincoln Memorial,New Orleans,,,,,,0.0,0.0,0.0,0.0,0.0,0.0,0.0,0.0,0.0,0.0,0.0,0.0,0.0,0.0,0.0,0.0,,,,,,,,,,,,,,,0.0,0.0,0.0,0.0,0.0
2026,2027,Newberry,newberry,Iona,iona,2297034,Connor Horan,Sophomore,F,80,0.7944433333333334,player_id,Connor Horan,Iona,Newberry,-7.5334,256.0,-8.7473,329.0,MAAC,9.27,15.378,0.0,3.0,0.0,0.0,1.0,0.0,1.0,0.0,0.0,0.0,-0.07504,,,0.0058,0.17209,,117.71,-10.6432,-0.3238,,0.0,0.0,0.0,0.05938,0.0,,,,0.0,0.0,0.7944433333333334,-0.05961502773333333,0.0
2026,2027,Niagara,niagara,Fresno St.,fresno state,2543793,Bastien Rieber,Freshman,G,74,1.0549433333333333,player_id,Bastien Rieber,Fresno St.,Niagara,3.2966,129.0,4.7529,96.0,MWC,506.99,861.26,122.0,88.0,51.0,47.0,11.0,27.0,38.0,6.0,1.0,37.0,-1.56571,0.6079,0.1152,0.4927,0.14873,100.18,113.82,6.3366,-0.1235,0.048,0.47727,0.55254,0.16496,0.04313,0.25095,-0.445,-0.858,0.413,128.70308666666668,49.58233666666667,40.087846666666664,-1.6517353264333332,0.6413000523333333
2026,2027,Niagara,niagara,Long Beach St.,long beach state,1895759,Cole Farrell,Junior,G,77,0.8603733333333333,player_id,Cole Farrell,Long Beach St.,Niagara,-5.9776,233.0,0.5345,136.0,BW,617.39,1073.222,181.0,177.0,46.0,35.0,21.0,44.0,65.0,15.0,3.0,34.0,-1.68563,0.2609,-0.2466,0.5075,0.1892,92.19,115.47,8.2256,-0.1092,0.0169,0.42938,0.45892,0.10386,0.06345,0.14703,-4.419,-2.111,-2.308,155.72757333333334,30.113066666666665,55.92426666666667,-1.4502711018666665,0.22447140266666668
2026,2027,Niagara,niagara,Wright St.,wright state,1925571,Logan Woods,Junior,G,77,1.0392766666666666,player_id,Logan Woods,Wright St.,Niagara,2.3566,138.0,-3.6119,229.0,Horz,600.21,1014.433,163.0,138.0,31.0,45.0,15.0,44.0,59.0,15.0,4.0,28.0,-0.22508,1.0141,0.5134,0.5006,0.15184,109.54,115.36,10.4398,-0.015,0.0676,0.51449,0.5376,0.12468,0.05931,0.15587,-0.034,0.512,-0.546,169.40209666666667,46.76745,61.317323333333334,-0.23392039213333332,1.0539304676666665
2026,2027,Niagara,niagara,Youngstown St.,youngstown state,2541964,Rontavious Blackshear,Junior,G,78,0.8955416666666667,player_id,Rontavious Blackshear,Youngstown St.,Niagara,-3.8675,213.0,-3.9444,237.0,Horz,377.81,638.561,170.0,141.0,32.0,18.0,4.0,33.0,37.0,11.0,3.0,19.0,0.40964,0.8085,0.4061,0.4025,0.23607,108.08,112.74,12.865,0.0434,0.0856,0.51773,0.54803,0.09534,0.05916,0.10915,0.614,0.653,-0.039,152.24208333333334,16.11975,33.135041666666666,0.36684968833333337,0.7240454375
2026,2027,Niagara,niagara,Green Bay,green bay,2505137,Vukasin Todorovic,Freshman,F,80,0.9011699999999999,player_id,Vukasin Todorovic,Green Bay,Niagara,-3.5298,211.0,-2.369,206.0,Horz,172.39,274.023,53.0,47.0,17.0,15.0,9.0,14.0,23.0,5.0,3.0,13.0,-0.27518,0.0898,-0.0048,0.0946,0.21715,96.69,118.52,10.4194,-0.0639,0.0208,0.43617,0.48624,0.1714,0.08531,0.19265,-0.704,-0.046,-0.658,47.76201,13.517549999999998,20.726909999999997,-0.24798396059999997,0.08092506599999999
2026,2027,Nicholls,nicholls state,Tarleton St.,tarleton state,2540328,"AJ Dent, Jr",Junior,F,77,0.8858583333333333,player_id,"AJ Dent, Jr",Tarleton St.,Nicholls,-4.4485,220.0,0.3794,139.0,WAC,25.01,41.682,12.0,10.0,0.0,0.0,0.0,0.0,0.0,1.0,0.0,1.0,0.01693,,,0.0212,0.21947,,115.15,13.7712,0.0271,,0.6,0.6,0.0,0.0,0.09091,-1.256,-0.216,-1.04,10.6303,0.0,0.0,0.014997581583333334,0.0
2026,2027,Nicholls,nicholls state,Memphis,memphis,2096486,Arop Arop,Junior,F,83,1.0469383333333333,player_id,Arop Arop,Memphis,Nicholls,2.8163,133.0,5.5067,89.0,Amer,22.59,40.114,6.0,6.0,4.0,0.0,3.0,3.0,6.0,0.0,1.0,1.0,-0.06217,0.0137,-0.012,0.0257,0.18012,90.6,111.92,7.58,-0.1101,0.0242,0.33333,0.38462,0.0,0.14532,0.11416,,,,6.28163,0.0,6.28163,-0.06508815618333333,0.014343055166666667
2026,2027,Nicholls,nicholls state,Chicago St.,chicago state,2569040,Doyel Cockrill III,Junior,G,74,0.5546,player_id,Doyel Cockrill III,Chicago St.,Nicholls,-19.524,344.0,-4.7794,259.0,NEC,657.81,1045.151,309.0,245.0,90.0,54.0,13.0,56.0,69.0,26.0,0.0,28.0,2.93515,1.4663,1.1394,0.3269,0.25421,112.94,119.13,17.9418,0.1785,0.0892,0.47755,0.54287,0.18651,0.0627,0.08957,-1.167,0.485,-1.652,171.3714,29.9484,38.2674,1.62783419,0.8132099799999999
2026,2027,Nicholls,nicholls state,Hawaii,hawaii,2509537,Hunter Carter,Freshman,G,77,1.093075,player_id,Hunter Carter,Hawaii,Nicholls,5.5845,108.0,-3.1161,223.0,BW,39.36,69.712,14.0,14.0,5.0,2.0,1.0,8.0,9.0,2.0,0.0,5.0,-0.07781,0.0133,-0.0887,0.102,0.25458,77.01,95.72,6.3898,-0.0791,0.0135,0.39286,0.4321,0.08362,0.12762,0.23585,,,,15.30305,2.18615,9.837675,-0.08505216575,0.014537897499999999
2026,2027,Nicholls,nicholls state,Western Mich.,western michigan,2302955,Junior Sileu,Freshman,F,82,0.7637783333333333,player_id,Junior Sileu,Western Mich.,Nicholls,-9.3733,274.0,-1.7056,193.0,MAC,52.14,87.576,2.0,2.0,0.0,1.0,1.0,8.0,9.0,0.0,0.0,1.0,-0.31778,,,0.0251,0.02909,,119.26,1.4953,-0.2438,,0.5,0.5,0.03216,0.09776,0.33333,,,,1.5275566666666667,0.7637783333333333,6.874005,-0.24271347876666668,0.0
2026,2027,Nicholls,nicholls state,Morehead St.,morehead state,2322234,Tyonne Farrell,Sophomore,F,78,0.74494,player_id,Tyonne Farrell,Morehead St.,Nicholls,-10.5036,283.0,-7.3832,305.0,OVC,327.22,526.049,91.0,74.0,34.0,22.0,12.0,41.0,53.0,11.0,6.0,22.0,-0.23748,0.3606,0.0122,0.3484,0.17715,97.43,112.81,11.4709,-0.029,0.0441,0.5,0.51124,0.12862,0.09539,0.19827,-0.452,0.834,-1.286,67.78954,16.38868,39.48182,-0.1769083512,0.268625364
2026,2027,NJIT,njit,Georgia Tech,georgia tech,2474281,Brandon Stores Jr.,Freshman,G,77,1.0537433333333335,player_id,Brandon Stores Jr.,Georgia Tech,NJIT,0.2246,169.0,5.7008,87.0,ACC,4.57,8.311,0.0,2.0,0.0,0.0,0.0,1.0,1.0,0.0,0.0,0.0,-0.04429,,,0.0061,0.21773,,109.68,-16.845,-0.3877,,0.0,0.0,0.0,0.10941,0.0,,,,0.0,0.0,1.0537433333333335,-0.04667029223333334,0.0
2026,2027,NJIT,njit,Canisius,canisius,2487837,Brendan Oliver,Freshman,F,78,0.5643733333333333,player_id,Brendan Oliver,Canisius,NJIT,-18.9376,342.0,-7.8339,313.0,MAAC,283.43,450.806,95.0,90.0,26.0,6.0,21.0,31.0,52.0,5.0,0.0,13.0,-0.49891,0.2797,0.0112,0.2685,0.21918,97.38,114.08,10.2435,-0.0704,0.0395,0.41667,0.46844,0.05126,0.10889,0.1136,-4.863,-3.581,-1.282,53.61546666666666,3.38624,29.347413333333332,-0.28157149973333334,0.15785522133333332
2026,2027,NJIT,njit,VMI,vmi,2532382,"Mario Tatum, Jr.",Freshman,G,75,0.55,player_id,"Mario Tatum, Jr.",VMI,NJIT,-26.1602,360.0,-5.8423,282.0,SC,763.49,1264.351,235.0,217.0,75.0,41.0,23.0,35.0,58.0,17.0,3.0,18.0,-2.24046,0.0207,0.3744,-0.3537,0.18317,103.1,129.83,9.9759,-0.1174,0.0011,0.42857,0.47,0.1157,0.04237,0.06716,-3.005,-0.173,-2.832,129.25,22.55,31.900000000000002,-1.2322530000000003,0.011385000000000001
2026,2027,NJIT,njit,UTSA,utsa,2548790,Matheo Coffi,Freshman,F,80,0.5740816666666667,player_id,Matheo Coffi,UTSA,NJIT,-18.3551,338.0,1.4951,121.0,Amer,541.66,916.423,98.0,86.0,11.0,23.0,48.0,88.0,136.0,9.0,20.0,25.0,0.039,0.4994,0.2541,0.2453,0.10539,105.95,119.59,11.3697,0.0029,0.0369,0.53488,0.53965,0.08166,0.13031,0.21581,-2.272,-0.468,-1.804,56.26000333333334,13.203878333333334,78.07510666666667,0.022389185000000002,0.2866963843333334
2026,2027,Norfolk St.,norfolk state,Sacramento St.,sacramento state,2110385,Brandon Gardner,Sophomore,F,80,0.7771483333333334,player_id,Brandon Gardner,Sacramento St.,Norfolk St.,-8.5711,266.0,0.9227,129.0,BSky,206.39,368.283,46.0,45.0,12.0,5.0,14.0,20.0,34.0,1.0,11.0,7.0,-0.37362,0.1165,0.0246,0.0919,0.13219,98.87,119.7,7.393,-0.0724,0.0226,0.4,0.45726,0.0462,0.08795,0.12221,-1.439,-1.691,0.252,35.74882333333334,3.885741666666667,26.423043333333336,-0.29035816030000006,0.09053778083333335
2026,2027,Norfolk St.,norfolk state,UIC,illinois chicago,1725959,Chris Walker,,G,78,1.0907233333333333,player_id,Chris Walker,UIC,Norfolk St.,5.4434,110.0,1.5693,120.0,MVC,0.0,0.0,0.0,0.0,0.0,0.0,0.0,0.0,0.0,0.0,0.0,0.0,0.0,0.0,0.0,0.0,,,,,,,,,,,,,,,0.0,0.0,0.0,0.0,0.0
2026,2027,Norfolk St.,norfolk state,Northwestern St.,northwestern state,2100346,J.C. Riley Jr.,Senior,F,82,0.7500433333333334,player_id,J.C. Riley Jr.,Northwestern St.,Norfolk St.,-10.1974,282.0,-1.1742,174.0,Slnd,216.65,349.623,68.0,51.0,17.0,11.0,20.0,26.0,46.0,6.0,4.0,7.0,0.60126,0.6754,0.4358,0.2396,0.16628,122.88,112.31,17.3216,0.111,0.1247,0.51961,0.5812,0.11373,0.13312,0.1069,-1.959,0.144,-2.103,51.00294666666667,8.250476666666668,34.50199333333334,0.45097105460000003,0.5065792673333334
2026,2027,Norfolk St.,norfolk state,Saint Peter's,saint peters,2540688,Jahki Gupton,Junior,F,79,0.7993216666666667,player_id,Jahki Gupton,Saint Peter's,Norfolk St.,-7.2407,253.0,-8.0176,317.0,MAAC,686.71,1105.733,215.0,189.0,62.0,21.0,46.0,92.0,138.0,28.0,22.0,49.0,0.1255,1.2014,-0.0504,1.2519,0.19728,96.12,104.32,12.1182,0.0073,0.07,0.45503,0.49699,0.06545,0.1151,0.18471,0.291,-1.264,1.555,171.85415833333334,16.785755,110.30639000000001,0.10031486916666667,0.9603050503333334
2026,2027,North Ala.,north alabama,Lee,lee,2118632,Ben Ritger,Junior,F,79,1.0,player_id,Ben Ritger,Lee,North Ala.,,,,,,0.0,0.0,0.0,0.0,0.0,0.0,0.0,0.0,0.0,0.0,0.0,0.0,0.0,0.0,0.0,0.0,,,,,,,,,,,,,,,0.0,0.0,0.0,0.0,0.0
2026,2027,North Ala.,north alabama,Point Loma,point loma,1938280,Caden Harris,Junior,G,77,1.0,player_id,Caden Harris,Point Loma,North Ala.,,,,,,0.0,0.0,0.0,0.0,0.0,0.0,0.0,0.0,0.0,0.0,0.0,0.0,0.0,0.0,0.0,0.0,,,,,,,,,,,,,,,0.0,0.0,0.0,0.0,0.0
2026,2027,North Ala.,north alabama,Alabama St.,alabama state,2333180,Damarien Yates,Junior,G,79,0.6416700000000001,player_id,Damarien Yates,Alabama St.,North Ala.,-14.2998,318.0,-6.93,295.0,SWAC,521.74,909.171,200.0,157.0,50.0,18.0,32.0,80.0,112.0,36.0,12.0,34.0,2.37926,1.3318,0.4146,0.9171,0.19802,106.13,105.06,16.703,0.1824,0.1021,0.52866,0.55866,0.07118,0.11921,0.15962,-3.688,-2.032,-1.656,128.334,11.550060000000002,71.86704,1.5266997642000002,0.8545761060000001
2026,2027,North Ala.,north alabama,Fairmont St.,fairmont state,1925569,Drey Carter,Junior,G,80,1.0,player_id,Drey Carter,Fairmont St.,North Ala.,,,,,,0.0,0.0,0.0,0.0,0.0,0.0,0.0,0.0,0.0,0.0,0.0,0.0,0.0,0.0,0.0,0.0,,,,,,,,,,,,,,,0.0,0.0,0.0,0.0,0.0
2026,2027,North Ala.,north alabama,Tennessee Tech,tennessee tech,2550019,Jacobe Whitted,Freshman,F,79,0.6559716666666666,player_id,Jacobe Whitted,Tennessee Tech,North Ala.,-13.4417,316.0,-7.9331,315.0,OVC,330.03,542.086,62.0,68.0,13.0,17.0,21.0,55.0,76.0,8.0,7.0,13.0,0.36097,0.3964,-0.0221,0.4185,0.136,95.87,110.52,9.584,0.0437,0.048,0.39706,0.42062,0.09804,0.13492,0.14991,0.8,0.037,0.763,40.67024333333333,11.151518333333332,49.85384666666666,0.23678609251666666,0.26002716866666664
2026,2027,North Ala.,north alabama,Gardner-Webb,gardner webb,2553896,Julius Clark,Junior,G,79,0.55,player_id,Julius Clark,Gardner-Webb,North Ala.,-26.2564,361.0,-1.3389,177.0,BSth,107.74,191.741,43.0,26.0,22.0,2.0,3.0,10.0,13.0,1.0,1.0,5.0,-0.09142,0.1171,0.1447,-0.0275,0.18527,113.14,127.52,12.7032,-0.0339,0.0435,0.53846,0.60224,0.04218,0.06757,0.12291,-3.287,-2.048,-1.239,23.650000000000002,1.1,7.15,-0.050281000000000006,0.064405
2026,2027,North Ala.,north alabama,Canisius,canisius,2110185,Mike Evbagharu,Junior,G,76,0.5643733333333333,player_id,Mike Evbagharu,Canisius,North Ala.,-18.9376,342.0,-7.8339,313.0,MAAC,972.56,1528.102,266.0,214.0,78.0,89.0,65.0,137.0,202.0,31.0,3.0,69.0,0.64943,1.6894,0.4593,1.2301,0.17734,102.53,110.54,13.8496,0.0267,0.0695,0.5,0.53564,0.2103,0.12368,0.21745,-3.314,-0.876,-2.438,150.12330666666665,50.22922666666666,114.00341333333333,0.3665209738666666,0.9534523093333332
2026,2027,North Ala.,north alabama,Austin Peay,austin peay,2334135,Quan Lax,Senior,G,74,0.9947733333333333,player_id,Quan Lax,Austin Peay,North Ala.,-0.3136,172.0,-6.8697,294.0,ASun,116.01,201.764,13.0,18.0,5.0,7.0,1.0,13.0,14.0,7.0,0.0,6.0,-0.47837,0.0209,-0.1687,0.1897,0.11175,68.73,106.39,2.9987,-0.1649,0.0072,0.27778,0.32178,0.09994,0.0659,0.22901,-0.039,-0.395,0.356,12.932053333333332,6.9634133333333335,13.926826666666667,-0.4758697194666667,0.020790762666666664
2026,2027,North Carolina,north carolina,Northwestern,northwestern,2567233,Cade Bennerman,Freshman,F,84,1.3053316666666668,player_id,Cade Bennerman,Northwestern,North Carolina,13.5199,58.0,12.9989,29.0,B10,0.0,0.0,0.0,0.0,0.0,0.0,0.0,0.0,0.0,0.0,0.0,0.0,0.0,0.0,0.0,0.0,,,,,,,,,,,,,,,0.0,0.0,0.0,0.0,0.0
2026,2027,North Carolina,north carolina,NC State,nc state,2474419,Matt Able,Freshman,G,78,1.4298483333333334,player_id,Matt Able,NC State,North Carolina,19.1909,37.0,11.7733,42.0,ACC,739.52,1258.106,300.0,250.0,54.0,32.0,26.0,91.0,117.0,42.0,11.0,32.0,2.45391,1.9919,0.8748,1.1171,0.2109,110.22,107.82,16.0482,0.1327,0.1077,0.514,0.54785,0.07741,0.0911,0.10466,3.584,3.026,0.558,428.9545,45.75514666666667,167.292255,3.50871912365,2.848114895166667
2026,2027,North Carolina,north carolina,Fla. Atlantic,florida atlantic,2315148,Maxim Logue,Sophomore,F,81,1.0598283333333334,player_id,Maxim Logue,Fla. Atlantic,North Carolina,3.5897,126.0,1.9615,115.0,Amer,294.0,505.594,131.0,84.0,35.0,1.0,47.0,32.0,79.0,13.0,13.0,15.0,1.75217,1.2549,0.7368,0.5181,0.19232,125.39,104.93,23.0083,0.2384,0.1707,0.69048,0.65895,0.00698,0.15128,0.13112,1.487,1.139,0.348,138.83751166666667,1.0598283333333334,83.72643833333333,1.8569994108166668,1.3299785755
2026,2027,North Carolina,north carolina,Virginia Tech,virginia tech,2481303,Neoklis Avdalas,Freshman,G,81,1.3014033333333335,player_id,Neoklis Avdalas,Virginia Tech,North Carolina,13.2842,60.0,9.3722,72.0,ACC,982.52,1631.81,375.0,334.0,101.0,142.0,3.0,93.0,96.0,18.0,17.0,69.0,0.88574,1.791,0.6988,1.0922,0.23301,103.71,112.25,13.2448,0.0361,0.0729,0.45958,0.49551,0.26903,0.05737,0.15421,5.695,2.085,3.61,488.02625000000006,184.79927333333336,124.93472000000001,1.1527049884666667,2.33081337
2026,2027,North Carolina,north carolina,Utah,utah,2092097,Terrence Brown,Junior,G,75,1.1091133333333334,player_id,Terrence Brown,Utah,North Carolina,3.5468,128.0,11.7731,43.0,B12,1009.63,1689.976,636.0,492.0,204.0,123.0,11.0,66.0,77.0,44.0,3.0,78.0,2.68082,2.6017,2.0539,0.5478,0.33682,110.81,118.59,21.6236,0.1062,0.1031,0.48577,0.54658,0.27748,0.04463,0.11822,1.486,0.308,1.178,705.39608,136.42094,85.40172666666668,2.973333206266667,2.8855801593333337
2026,2027,N.C. A&T,north carolina a and t,Delaware St.,delaware state,2317868,Ponce James,Sophomore,G,71,0.55,player_id,Ponce James,Delaware St.,N.C. A&T,-27.1047,362.0,-11.7313,359.0,MEAC,755.38,1204.752,314.0,286.0,79.0,72.0,17.0,48.0,65.0,41.0,1.0,47.0,1.88505,1.3028,0.2631,1.0396,0.25964,100.02,109.25,14.9299,0.0998,0.069,0.42657,0.4894,0.24989,0.05282,0.1278,-6.425,-3.363,-3.062,172.70000000000002,39.6,35.75,1.0367775000000001,0.7165400000000001
2026,2027,N.C. A&T,north carolina a and t,Alcorn,alcorn state,1925353,Shane Lancaster,Junior,G,76,0.55,player_id,Shane Lancaster,Alcorn,N.C. A&T,-20.0308,346.0,-5.2556,269.0,SWAC,918.25,1554.495,347.0,262.0,91.0,71.0,18.0,57.0,75.0,31.0,9.0,39.0,1.91271,1.7834,1.3831,0.4003,0.18997,115.07,119.8,14.5543,0.0833,0.0777,0.53626,0.5745,0.16246,0.04879,0.11436,-3.789,-1.834,-1.955,190.85000000000002,39.050000000000004,41.25,1.0519905,0.9808700000000001
2026,2027,N.C. Central,north carolina central,Morgan St.,morgan state,1890602,Christian Meeks,Junior,G,78,0.55,player_id,Christian Meeks,Morgan St.,N.C. Central,-21.6445,353.0,-12.8849,363.0,MEAC,780.12,1338.872,155.0,101.0,71.0,18.0,67.0,87.0,154.0,15.0,5.0,29.0,-1.27608,1.3329,0.6776,0.6553,0.10176,114.5,115.28,9.76,-0.0654,0.0683,0.55446,0.58623,0.04514,0.11028,0.17986,-3.709,-0.814,-2.895,85.25,9.9,84.7,-0.7018440000000001,0.733095
2026,2027,N.C. Central,north carolina central,Shaw,shaw,2327195,Isaiah Buckley,Sophomore,G,74,1.0,player_id,Isaiah Buckley,Shaw,N.C. Central,,,,,,0.0,0.0,0.0,0.0,0.0,0.0,0.0,0.0,0.0,0.0,0.0,0.0,0.0,0.0,0.0,0.0,,,,,,,,,,,,,,,0.0,0.0,0.0,0.0,0.0
2026,2027,N.C. Central,north carolina central,UMES,maryland eastern shore,2336165,Maurice Vassel,Sophomore,F,81,0.55,player_id,Maurice Vassel,UMES,N.C. Central,-20.726,350.0,-9.3762,343.0,MEAC,172.93,276.005,38.0,25.0,15.0,2.0,17.0,11.0,28.0,2.0,7.0,16.0,-0.57011,0.0895,-0.0804,0.1698,0.1465,90.44,113.59,7.4875,-0.1319,0.0207,0.56,0.60127,0.02379,0.10073,0.33613,-4.612,-2.454,-2.158,20.900000000000002,1.1,15.400000000000002,-0.3135605,0.049225000000000005
2026,2027,N.C. Central,north carolina central,UMES,maryland eastern shore,2555559,Trey Brown,Junior,G,79,0.55,player_id,Trey Brown,UMES,N.C. Central,-20.726,350.0,-9.3762,343.0,MEAC,357.07,562.587,85.0,86.0,23.0,33.0,13.0,47.0,60.0,13.0,5.0,41.0,-0.81742,-0.1357,-0.6586,0.5229,0.20738,77.8,108.16,6.6001,-0.0916,-0.0152,0.40116,0.44225,0.19783,0.10514,0.29901,-1.439,-0.987,-0.452,46.75000000000001,18.150000000000002,33.0,-0.44958100000000006,-0.07463499999999999
2026,2027,North Dakota,north dakota,St. Cloud St.,saint cloud state,2305368,Luke Winkel,Sophomore,G,71,1.0,player_id,Luke Winkel,St. Cloud St.,North Dakota,,,,,,0.0,0.0,0.0,0.0,0.0,0.0,0.0,0.0,0.0,0.0,0.0,0.0,0.0,0.0,0.0,0.0,,,,,,,,,,,,,,,0.0,0.0,0.0,0.0,0.0
2026,2027,North Dakota,north dakota,Le Moyne,le moyne,2543890,Samuel Hincapie,Junior,G,77,0.7240833333333333,player_id,Samuel Hincapie,Le Moyne,North Dakota,-11.755,299.0,-10.8242,353.0,NEC,469.73,796.027,148.0,131.0,35.0,21.0,12.0,51.0,63.0,5.0,2.0,19.0,-0.94792,0.5946,0.0923,0.5023,0.18366,99.46,112.69,9.554,-0.0807,0.0506,0.48855,0.50546,0.08965,0.07664,0.11487,-3.04,-3.096,0.056,107.16433333333333,15.20575,45.61725,-0.6863730733333333,0.43053995
2026,2027,North Dakota,north dakota,Austin Peay,austin peay,2474114,Tyler Wagner,Freshman,G,77,0.9947733333333333,player_id,Tyler Wagner,Austin Peay,North Dakota,-0.3136,172.0,-6.8697,294.0,ASun,126.64,221.742,32.0,31.0,1.0,0.0,1.0,21.0,22.0,3.0,0.0,2.0,-0.03612,0.2053,0.0282,0.1771,0.13193,101.34,109.03,7.5136,-0.0114,0.0648,0.51613,0.50955,0.0,0.09913,0.05981,-1.194,-0.5,-0.694,31.832746666666665,0.0,21.885013333333333,-0.0359312128,0.20422696533333334
2026,2027,North Dakota St.,north dakota state,Point Loma,point loma,2302582,Andrew Nagy,Sophomore,F,81,1.0,player_id,Andrew Nagy,Point Loma,North Dakota St.,,,,,,0.0,0.0,0.0,0.0,0.0,0.0,0.0,0.0,0.0,0.0,0.0,0.0,0.0,0.0,0.0,0.0,,,,,,,,,,,,,,,0.0,0.0,0.0,0.0,0.0
2026,2027,North Dakota St.,north dakota state,Wisconsin,wisconsin,2292663,Jack Robison,Sophomore,F,77,1.45,player_id,Jack Robison,Wisconsin,North Dakota St.,23.0859,23.0,13.5941,24.0,B10,31.06,53.72,17.0,8.0,3.0,1.0,1.0,7.0,8.0,2.0,1.0,4.0,0.25619,0.1146,0.0487,0.0659,0.21334,114.16,100.97,25.858,0.3299,0.1476,0.9375,0.91398,0.05797,0.14755,0.3003,,,,24.65,1.45,11.6,0.37147549999999996,0.16616999999999998
2026,2027,North Dakota St.,north dakota state,Maryland,maryland,2532374,Jaziah Harper,Freshman,F,79,1.1246066666666668,player_id,Jaziah Harper,Maryland,North Dakota St.,4.4764,119.0,14.6632,13.0,B10,0.0,0.0,0.0,0.0,0.0,0.0,0.0,0.0,0.0,0.0,0.0,0.0,0.0,0.0,0.0,0.0,,,,,,,,,,,,,,,0.0,0.0,0.0,0.0,0.0
2026,2027,North Dakota St.,north dakota state,San Jose St.,san jose state,2542053,Melvin Bell Jr.,Freshman,G,76,0.881115,player_id,Melvin Bell Jr.,San Jose St.,North Dakota St.,-4.7331,222.0,7.1866,80.0,MWC,1074.18,1719.432,280.0,221.0,131.0,15.0,50.0,78.0,128.0,29.0,1.0,38.0,-2.90082,0.4722,0.4502,0.022,0.15679,103.0,124.43,9.5045,-0.108,0.0176,0.45023,0.50251,0.02658,0.07466,0.12001,-3.107,0.109,-3.216,246.7122,13.216725,112.78272,-2.5559560143,0.416062503
2026,2027,North Dakota St.,north dakota state,Long Beach St.,long beach state,2172905,Rob Diaz,Junior,G,74,0.8603733333333333,player_id,Rob Diaz,Long Beach St.,North Dakota St.,-5.9776,233.0,0.5345,136.0,BW,663.92,1152.869,244.0,199.0,55.0,73.0,3.0,105.0,108.0,37.0,10.0,31.0,2.76772,1.8249,0.8112,1.0137,0.19341,111.1,107.58,17.3028,0.1668,0.1099,0.50251,0.54659,0.21001,0.09804,0.12195,-1.937,-1.283,-0.654,209.93109333333334,62.807253333333335,92.92032,2.3812724821333333,1.5700952959999999
2026,2027,North Florida,north florida,Wagner,wagner,2141800,Eddie Placer,Junior,G,77,0.6697266666666667,player_id,Eddie Placer,Wagner,North Florida,-12.6164,305.0,-9.1832,340.0,NEC,684.96,1091.278,224.0,193.0,29.0,33.0,8.0,44.0,52.0,13.0,1.0,25.0,0.06558,1.2866,0.7106,0.576,0.17889,110.96,115.27,10.6377,0.0038,0.0751,0.52332,0.54422,0.09918,0.04497,0.10834,-2.297,-0.997,-1.3,150.01877333333334,22.10098,34.825786666666666,0.043920674800000004,0.8616703293333333
2026,2027,North Florida,north florida,Ohio,ohio,2316418,Elijah Elliott,Sophomore,G,75,0.8642883333333333,player_id,Elijah Elliott,Ohio,North Florida,-5.7427,230.0,-1.7268,195.0,MAC,237.21,409.093,46.0,51.0,22.0,15.0,4.0,27.0,31.0,7.0,2.0,12.0,-0.83705,-0.0613,-0.2596,0.1983,0.15156,81.01,115.28,5.1484,-0.1411,-0.0103,0.31373,0.37891,0.10918,0.07315,0.16511,-0.921,-1.829,0.908,39.757263333333334,12.964325,26.792938333333332,-0.7234525494166666,-0.05298087483333333
2026,2027,North Texas,north texas,Fla. Atlantic,florida atlantic,2313709,Amar Amkou,Freshman,G,79,1.0598283333333334,player_id,Amar Amkou,Fla. Atlantic,North Texas,3.5897,126.0,1.9615,115.0,Amer,290.54,496.942,131.0,92.0,44.0,10.0,20.0,24.0,44.0,7.0,9.0,17.0,0.87227,0.925,0.5384,0.3866,0.22123,116.33,109.77,16.9911,0.1201,0.1273,0.52717,0.58797,0.0644,0.08515,0.13244,1.252,1.162,0.09,138.83751166666667,10.598283333333335,46.63244666666667,0.9244564603166667,0.9803412083333334
2026,2027,North Texas,north texas,UT Arlington,ut arlington,2302256,Casmir Chavis,Freshman,G,72,1.0174733333333332,player_id,Casmir Chavis,UT Arlington,North Texas,1.0484,154.0,0.2126,148.0,WAC,814.07,1323.605,310.0,271.0,119.0,96.0,14.0,59.0,73.0,34.0,10.0,68.0,0.10644,1.6526,0.1426,1.5101,0.24892,98.54,103.96,12.3923,0.0052,0.0812,0.39852,0.47928,0.26374,0.05357,0.17375,-0.014,-0.968,0.954,315.4167333333333,97.67743999999999,74.27555333333332,0.10829986159999999,1.6814764306666665
2026,2027,North Texas,north texas,SMU,smu,2315125,Mitchell Holmes,Freshman,F,82,1.3902816666666669,player_id,Mitchell Holmes,SMU,North Texas,16.8169,48.0,10.4606,63.0,ACC,137.0,249.376,43.0,27.0,5.0,4.0,5.0,18.0,23.0,2.0,4.0,4.0,-0.07309,0.4343,0.2859,0.1484,0.11755,138.36,112.59,14.5986,-0.0213,0.1268,0.7037,0.7363,0.04559,0.09411,0.12048,-0.006,-0.772,0.766,59.78211166666667,5.561126666666667,31.976478333333336,-0.10161568701666668,0.6037993278333335
2026,2027,Northeastern,northeastern,Loyola Chicago,loyola chicago,2313681,Brayden Young,Sophomore,F,81,0.7554516666666667,player_id,Brayden Young,Loyola Chicago,Northeastern,-9.8729,280.0,2.9,105.0,A10,53.6,86.813,4.0,3.0,3.0,1.0,4.0,7.0,11.0,1.0,1.0,4.0,-0.32555,-0.0334,-0.0741,0.0407,0.08276,65.7,116.16,0.9881,-0.2429,-0.0249,0.66667,0.46512,0.03624,0.12283,0.48077,-1.687,-0.929,-0.758,3.021806666666667,0.7554516666666667,8.309968333333334,-0.24593729008333337,-0.025232085666666668
2026,2027,Northeastern,northeastern,High Point,high point,2548906,Dorian Grosber,Freshman,G,79,1.1886683333333334,player_id,Dorian Grosber,High Point,Northeastern,9.5201,85.0,-7.853,314.0,BSth,0.0,0.0,0.0,0.0,0.0,0.0,0.0,0.0,0.0,0.0,0.0,0.0,0.0,0.0,0.0,0.0,,,,,,,,,,,,,,,0.0,0.0,0.0,0.0,0.0
2026,2027,Northeastern,northeastern,Idaho St.,idaho state,2472218,Louis Bond,Freshman,G,77,0.7977366666666666,player_id,Louis Bond,Idaho St.,Northeastern,-7.3358,255.0,-1.1637,172.0,BSky,329.87,549.488,118.0,82.0,39.0,13.0,10.0,35.0,45.0,8.0,6.0,21.0,0.13813,0.5797,0.3916,0.1881,0.189,111.25,118.34,13.544,0.0167,0.0703,0.51829,0.59476,0.0766,0.08917,0.17477,0.657,0.358,0.299,94.13292666666666,10.370576666666667,35.89815,0.11019136576666666,0.46244794566666664
2026,2027,Northern Ariz.,northern arizona,Saint Mary's (CA),saint marys,1908433,Cade Bennett,Junior,G,72,1.4245383333333335,player_id,Cade Bennett,Saint Mary's (CA),Northern Ariz.,21.8723,26.0,5.1762,91.0,WCC,25.64,42.273,8.0,4.0,2.0,2.0,0.0,5.0,5.0,0.0,0.0,1.0,0.06212,0.1234,0.0716,0.0519,0.11646,150.14,102.29,14.8088,0.0969,0.1926,0.75,0.81633,0.12911,0.1092,0.17007,,,,11.396306666666668,2.849076666666667,7.122691666666667,0.08849232126666667,0.17578803033333334
2026,2027,Northern Ariz.,northern arizona,Murray St.,murray state,1896873,Dylan Anderson,Junior,F,84,1.059785,player_id,Dylan Anderson,Murray St.,Northern Ariz.,3.5871,127.0,1.0872,126.0,MVC,216.17,389.536,45.0,46.0,10.0,13.0,16.0,36.0,52.0,3.0,10.0,16.0,-0.19444,0.1836,-0.0821,0.2657,0.14838,91.57,111.0,7.991,-0.036,0.034,0.42391,0.44643,0.09604,0.13436,0.24096,-0.695,-0.407,-0.288,47.690325,13.777205,55.10882,-0.2060645954,0.194576526
2026,2027,Northern Ariz.,northern arizona,Delaware,delaware,2303016,Lance Piper,Sophomore,G,78,0.7350316666666666,player_id,Lance Piper,Delaware,Northern Ariz.,-11.0981,291.0,-2.8411,218.0,CUSA,0.0,0.0,0.0,0.0,0.0,0.0,0.0,0.0,0.0,0.0,0.0,0.0,0.0,0.0,0.0,0.0,,,,,,,,,,,,,,,0.0,0.0,0.0,0.0,0.0
2026,2027,Northern Colo.,northern colorado,Colorado,colorado,2317074,Andrew Crawford,Freshman,G,79,1.2792316666666668,player_id,Andrew Crawford,Colorado,Northern Colo.,11.9539,70.0,10.6533,58.0,B12,46.78,81.014,14.0,10.0,2.0,3.0,1.0,5.0,6.0,3.0,1.0,3.0,0.11247,0.0974,0.0363,0.0611,0.15077,108.57,110.12,12.9857,0.0962,0.0833,0.65,0.6422,0.10835,0.07583,0.21614,,,,17.909243333333336,3.837695,7.67539,0.14387518555,0.12459716433333334
2026,2027,Northern Colo.,northern colorado,Southern Miss.,southern miss,2496767,Chiante Tramble,Sophomore,G,74,0.8891966666666666,player_id,Chiante Tramble,Southern Miss.,Northern Colo.,-4.2482,219.0,-3.9902,239.0,SB,409.96,701.766,118.0,101.0,23.0,27.0,6.0,30.0,36.0,14.0,1.0,23.0,-0.05668,0.6569,0.179,0.478,0.16356,103.08,111.63,9.2351,-0.0055,0.0641,0.49505,0.53105,0.12226,0.05109,0.17149,-0.234,-0.621,0.387,104.92520666666667,24.008309999999998,32.01108,-0.05039966706666667,0.5841132903333334
2026,2027,Northern Colo.,northern colorado,UTSA,utsa,2548802,Kaidon Rayfield,Freshman,F,80,0.5740816666666667,player_id,Kaidon Rayfield,UTSA,Northern Colo.,-18.3551,338.0,1.4951,121.0,Amer,470.97,804.572,152.0,138.0,65.0,19.0,37.0,66.0,103.0,17.0,16.0,24.0,-0.04474,0.2527,-0.0152,0.2678,0.19917,96.6,118.29,12.7986,-0.0038,0.0215,0.41667,0.45618,0.08569,0.11417,0.12592,-2.363,-2.999,0.636,87.26041333333335,10.907551666666668,59.130411666666674,-0.02568441376666667,0.14507043716666668
2026,2027,NIU,northern illinois,UC Irvine,uc irvine,1720480,Akiva McBirney-Griffin,Junior,F,81,1.0950883333333334,player_id,Akiva McBirney-Griffin,UC Irvine,NIU,5.7053,107.0,-1.0887,171.0,BW,308.0,539.312,65.0,55.0,39.0,11.0,20.0,42.0,62.0,10.0,11.0,24.0,-0.78771,0.4455,-0.2793,0.7248,0.1539,84.38,98.36,7.0175,-0.1023,0.0579,0.36364,0.45014,0.06023,0.10631,0.24958,-2.054,-3.45,1.396,71.18074166666668,12.045971666666668,67.89547666666667,-0.8626120310500001,0.4878618525000001
2026,2027,NIU,northern illinois,Northern Mich.,northern mich,2302966,Bennett Basich,Freshman,G,76,1.0,player_id,Bennett Basich,Northern Mich.,NIU,,,,,,0.0,0.0,0.0,0.0,0.0,0.0,0.0,0.0,0.0,0.0,0.0,0.0,0.0,0.0,0.0,0.0,,,,,,,,,,,,,,,0.0,0.0,0.0,0.0,0.0
2026,2027,NIU,northern illinois,Walsh,walsh,2592223,Brayden Gross,Freshman,F,79,1.0,player_id,Brayden Gross,Walsh,NIU,,,,,,0.0,0.0,0.0,0.0,0.0,0.0,0.0,0.0,0.0,0.0,0.0,0.0,0.0,0.0,0.0,0.0,,,,,,,,,,,,,,,0.0,0.0,0.0,0.0,0.0
2026,2027,NIU,northern illinois,Northern Mich.,northern mich,2119765,Cal Klesmit,Sophomore,G,74,1.0,player_id,Cal Klesmit,Northern Mich.,NIU,,,,,,0.0,0.0,0.0,0.0,0.0,0.0,0.0,0.0,0.0,0.0,0.0,0.0,0.0,0.0,0.0,0.0,,,,,,,,,,,,,,,0.0,0.0,0.0,0.0,0.0
2026,2027,NIU,northern illinois,Drury,drury,2153482,Colin Hardrick,Sophomore,G,75,1.0,player_id,Colin Hardrick,Drury,NIU,,,,,,0.0,0.0,0.0,0.0,0.0,0.0,0.0,0.0,0.0,0.0,0.0,0.0,0.0,0.0,0.0,0.0,,,,,,,,,,,,,,,0.0,0.0,0.0,0.0,0.0
2026,2027,NIU,northern illinois,Fresno St.,fresno state,2093340,David Douglas Jr.,Junior,G,77,1.0549433333333333,player_id,David Douglas Jr.,Fresno St.,NIU,3.2966,129.0,4.7529,96.0,MWC,319.69,541.923,130.0,92.0,32.0,3.0,5.0,21.0,26.0,6.0,2.0,10.0,0.55306,0.8599,0.5062,0.3538,0.1836,118.14,112.32,12.8814,0.0692,0.1076,0.58152,0.61263,0.01941,0.04568,0.08615,-0.692,-0.418,-0.274,137.14263333333332,3.1648300000000003,27.428526666666667,0.5834469599333333,0.9071457723333334
2026,2027,NIU,northern illinois,Illinois St.,illinois state,2281149,Jack Daugherty,Sophomore,F,80,1.15303,player_id,Jack Daugherty,Illinois St.,NIU,7.3818,97.0,2.0255,114.0,MVC,286.28,477.093,70.0,95.0,13.0,4.0,6.0,29.0,35.0,5.0,1.0,5.0,-0.69931,0.0945,-0.3693,0.4638,0.19228,80.27,106.53,3.2605,-0.0977,0.0132,0.31579,0.34757,0.02362,0.07149,0.04729,0.61,-0.441,1.051,80.7121,4.61212,40.35605,-0.8063254093,0.108961335
2026,2027,NIU,northern illinois,Northern Mich.,northern mich,2551865,Keller Hanson,Freshman,G,78,1.0,player_id,Keller Hanson,Northern Mich.,NIU,,,,,,0.0,0.0,0.0,0.0,0.0,0.0,0.0,0.0,0.0,0.0,0.0,0.0,0.0,0.0,0.0,0.0,,,,,,,,,,,,,,,0.0,0.0,0.0,0.0,0.0
2026,2027,NIU,northern illinois,Mercyhurst,mercyhurst,2287902,Mykolaus Ivanauskas,Sophomore,F,80,0.7436916666666668,player_id,Mykolaus Ivanauskas,Mercyhurst,NIU,-10.5785,285.0,-10.9797,354.0,NEC,592.1,937.812,212.0,178.0,27.0,13.0,46.0,101.0,147.0,17.0,13.0,33.0,0.90458,1.5048,0.3683,1.1365,0.20676,103.81,103.32,16.0415,0.0611,0.1017,0.55337,0.55819,0.04544,0.15144,0.14806,0.436,-0.219,0.655,157.66263333333336,9.667991666666667,109.32267500000002,0.6727286078333334,1.11910722
2026,2027,NIU,northern illinois,Lake Superior St.,lake superior state,2098195,Nino Carter-Smith,Junior,G,73,1.0,player_id,Nino Carter-Smith,Lake Superior St.,NIU,,,,,,0.0,0.0,0.0,0.0,0.0,0.0,0.0,0.0,0.0,0.0,0.0,0.0,0.0,0.0,0.0,0.0,,,,,,,,,,,,,,,0.0,0.0,0.0,0.0,0.0
2026,2027,NIU,northern illinois,Southern Ind.,southern indiana,2507470,Tolu Samuels,Junior,F,80,0.5674816666666667,player_id,Tolu Samuels,Southern Ind.,NIU,-18.7511,341.0,-8.6202,328.0,OVC,807.99,1339.871,190.0,146.0,110.0,33.0,73.0,154.0,227.0,14.0,26.0,27.0,0.6474,1.824,0.5369,1.2871,0.13662,107.17,106.79,13.9113,0.032,0.0903,0.44863,0.48868,0.08583,0.14923,0.12195,-0.968,-0.27,-0.698,107.82151666666667,18.726895,128.81833833333334,0.367387631,1.03508656
2026,2027,NIU,northern illinois,Northern Mich.,northern mich,2551871,Trevor Polite,Freshman,G,78,1.0,player_id,Trevor Polite,Northern Mich.,NIU,,,,,,0.0,0.0,0.0,0.0,0.0,0.0,0.0,0.0,0.0,0.0,0.0,0.0,0.0,0.0,0.0,0.0,,,,,,,,,,,,,,,0.0,0.0,0.0,0.0,0.0
2026,2027,NIU,northern illinois,South Dakota,south dakota,2550077,Uzziah Buntyn,Freshman,G,73,0.7445383333333334,player_id,Uzziah Buntyn,South Dakota,NIU,-10.5277,284.0,-6.2158,286.0,Sum,861.61,1500.537,349.0,242.0,161.0,92.0,18.0,59.0,77.0,35.0,1.0,64.0,1.0908,1.7631,1.091,0.6721,0.21665,109.8,115.94,14.7314,0.0506,0.0818,0.44008,0.55786,0.20078,0.05303,0.16983,0.285,1.13,-0.845,259.84387833333335,68.49752666666667,57.32945166666667,0.8121424140000001,1.3126955355
2026,2027,UNI,northern iowa,Western Mich.,western michigan,2501093,Carson Vis,Freshman,G,75,0.7637783333333333,player_id,Carson Vis,Western Mich.,UNI,-9.3733,274.0,-1.7056,193.0,MAC,432.02,729.529,169.0,137.0,58.0,21.0,16.0,48.0,64.0,15.0,3.0,18.0,0.40459,0.7356,0.429,0.3066,0.21028,107.88,116.71,14.6641,0.0375,0.0681,0.48175,0.52,0.09567,0.08402,0.09971,-1.924,0.505,-2.429,129.07853833333334,16.039345,48.881813333333334,0.3090170758833333,0.5618353420000001
2026,2027,UNI,northern iowa,North Dakota,north dakota,2286436,Greyson Uelmen,Freshman,G,74,0.7559283333333334,player_id,Greyson Uelmen,North Dakota,UNI,-9.8443,279.0,-4.2125,247.0,Sum,919.95,1557.974,557.0,362.0,209.0,75.0,20.0,71.0,91.0,36.0,2.0,82.0,2.99329,2.6968,2.1223,0.5746,0.29738,114.58,117.71,21.5214,0.1302,0.1173,0.53867,0.61344,0.1865,0.05773,0.153,-5.168,-2.115,-3.053,421.0520816666667,56.69462500000001,68.78947833333334,2.2627127208833335,2.0385875293333338
2026,2027,UNI,northern iowa,Tulsa,tulsa,2349988,Ian Smikle,Sophomore,F,82,1.2567283333333334,player_id,Ian Smikle,Tulsa,UNI,13.6037,56.0,1.9495,116.0,Amer,493.54,831.703,101.0,77.0,46.0,34.0,46.0,78.0,124.0,12.0,10.0,24.0,-0.3994,1.2325,0.4555,0.777,0.12455,111.37,107.11,11.7317,-0.0324,0.0999,0.54545,0.51955,0.11799,0.14451,0.19795,-1.907,-1.525,-0.382,126.92956166666667,42.72876333333334,155.83431333333334,-0.5019372963333334,1.5489176708333334
2026,2027,UNI,northern iowa,St. Thomas (MN),saint thomas,2319566,Isaiah Johnson-Arigu,Sophomore,F,79,1.08197,player_id,Isaiah Johnson-Arigu,St. Thomas (MN),UNI,4.9182,115.0,-5.6435,275.0,Sum,651.89,1116.535,320.0,205.0,103.0,34.0,19.0,100.0,119.0,18.0,16.0,40.0,2.49609,2.3714,1.2738,1.0976,0.23435,116.46,105.87,19.1882,0.1532,0.1455,0.60732,0.63923,0.094,0.11097,0.13778,0.965,1.236,-0.271,346.23040000000003,36.78698,128.75443,2.7006944973,2.565783658
2026,2027,UNI,northern iowa,Austin Peay,austin peay,2334129,Tate McCubbin,Sophomore,F,80,0.9947733333333333,player_id,Tate McCubbin,Austin Peay,UNI,-0.3136,172.0,-6.8697,294.0,ASun,873.86,1504.894,276.0,239.0,52.0,37.0,18.0,118.0,136.0,37.0,6.0,25.0,1.84275,2.1112,0.7844,1.3267,0.16462,110.04,107.7,12.365,0.0843,0.0966,0.49163,0.52692,0.07253,0.08982,0.08714,-0.425,-1.968,1.543,274.55744,36.80661333333333,135.28917333333334,1.83311856,2.1001654613333334
2026,2027,Northern Ky.,northern kentucky,SMU,smu,2503227,B.J. Davis-Ray,Freshman,F,78,1.3902816666666669,player_id,B.J. Davis-Ray,SMU,Northern Ky.,16.8169,48.0,10.4606,63.0,ACC,225.97,394.675,40.0,45.0,4.0,12.0,9.0,14.0,23.0,9.0,1.0,9.0,-0.55334,0.1984,-0.0104,0.2088,0.1207,96.11,114.37,6.1928,-0.0979,0.0351,0.41111,0.42735,0.07599,0.05754,0.16141,0.026,1.207,-1.181,55.61126666666667,16.683380000000003,31.976478333333336,-0.7692984574333335,0.2758318826666667
2026,2027,Northern Ky.,northern kentucky,La Salle,la salle,2091772,Eric Acker,Junior,G,74,0.8670366666666667,player_id,Eric Acker,La Salle,Northern Ky.,-5.5778,228.0,5.2334,90.0,A10,468.34,760.696,143.0,132.0,29.0,41.0,5.0,28.0,33.0,15.0,2.0,34.0,-0.88914,0.149,-0.1342,0.2832,0.1932,93.64,117.91,9.2459,-0.0759,0.0127,0.46591,0.49378,0.18828,0.04057,0.1902,-0.488,-0.28,-0.208,123.98624333333333,35.548503333333336,28.61221,-0.7709169818,0.12918846333333334
2026,2027,Northern Ky.,northern kentucky,East Texas A&M,texas a and m commerce,2132386,Noah Pagotto,Junior,F,79,0.7401616666666667,player_id,Noah Pagotto,East Texas A&M,Northern Ky.,-10.7903,288.0,-1.0408,170.0,Slnd,801.96,1325.933,316.0,214.0,78.0,30.0,55.0,114.0,169.0,26.0,18.0,31.0,2.40007,2.6035,1.6163,0.9872,0.18134,122.62,110.91,18.4196,0.1197,0.1299,0.59813,0.63633,0.08552,0.12152,0.11098,-1.062,-1.015,-0.047,233.8910866666667,22.20485,125.08732166666668,1.7764398113166668,1.9270108991666668
2026,2027,Northern Ky.,northern kentucky,Niagara,niagara,2321035,Will Shortt,Sophomore,F,80,0.5761733333333333,player_id,Will Shortt,Niagara,Northern Ky.,-18.2296,337.0,-8.1973,321.0,MAAC,567.43,869.581,192.0,146.0,37.0,19.0,52.0,76.0,128.0,7.0,26.0,26.0,1.16706,1.262,0.7179,0.5441,0.18823,111.96,113.9,17.8064,0.0823,0.089,0.60274,0.5915,0.08021,0.14384,0.13809,-3.579,-2.672,-0.907,110.62528,10.947293333333333,73.75018666666666,0.6724288504,0.7271307466666667
2026,2027,Northern St.,northern state,USC Upstate,usc upstate,2345227,Nic Book,Sophomore,F,80,0.6762666666666667,player_id,Nic Book,USC Upstate,Northern St.,-12.224,302.0,-5.6117,273.0,BSth,47.58,81.289,14.0,6.0,4.0,2.0,6.0,5.0,11.0,2.0,1.0,2.0,0.19786,0.2235,0.1536,0.0699,0.10218,156.55,108.11,19.7767,0.1663,0.1879,0.83333,0.89744,0.07858,0.12599,0.20492,1.01,0.771,0.239,9.467733333333333,1.3525333333333334,7.438933333333334,0.13380612266666667,0.15114560000000002
2026,2027,Northern St.,northern state,South Dakota,south dakota,2316653,Porter Ihnen,Freshman,G,78,0.7445383333333334,player_id,Porter Ihnen,South Dakota,Northern St.,-10.5277,284.0,-6.2158,286.0,Sum,5.5,10.266,0.0,0.0,1.0,0.0,0.0,0.0,0.0,0.0,0.0,0.0,-0.04513,,,0.0007,0.03521,,123.14,-6.5191,-0.3282,,,0.0,0.0,0.0,0.0,,,,0.0,0.0,0.0,-0.03360101498333334,0.0
2026,2027,Northwest Mo. St.,northwest mo state,Denver,denver,2298132,Corleone Dandridge,Freshman,G,77,0.8557633333333333,player_id,Corleone Dandridge,Denver,Northwest Mo. St.,-6.2542,235.0,-2.1995,204.0,Sum,49.53,90.607,7.0,7.0,2.0,1.0,2.0,7.0,9.0,3.0,0.0,3.0,-0.09423,-0.0127,-0.0444,0.0317,0.10768,79.78,117.51,7.0698,-0.0761,-0.0102,0.42857,0.44304,0.03525,0.10205,0.27574,-0.148,-0.938,0.79,5.990343333333334,0.8557633333333333,7.7018699999999995,-0.0806385789,-0.010868194333333333
2026,2027,Northwest Nazarene,northwest nazarene,Youngstown St.,youngstown state,1917644,Andrew King,Junior,G,75,0.8955416666666667,player_id,Andrew King,Youngstown St.,Northwest Nazarene,-3.8675,213.0,-3.9444,237.0,Horz,491.13,823.187,78.0,48.0,38.0,72.0,20.0,61.0,81.0,10.0,1.0,35.0,-0.91866,0.953,0.4312,0.5219,0.10384,111.98,112.77,10.1665,-0.0748,0.0776,0.53125,0.60278,0.24314,0.0994,0.35098,-2.646,-0.259,-2.387,69.85225,64.479,72.538875,-0.8226983075000001,0.8534512083333333
2026,2027,Northwestern,northwestern,BYU,byu,2478374,Aleksej Kostić,Freshman,G,76,1.45,player_id,Aleksej Kostić,BYU,Northwestern,22.7768,24.0,14.2815,17.0,B12,323.77,553.639,118.0,106.0,8.0,11.0,4.0,20.0,24.0,7.0,0.0,17.0,-0.22534,0.5321,0.2278,0.3043,0.19204,106.02,114.15,8.179,-0.0278,0.0657,0.52358,0.53881,0.05508,0.04148,0.13437,1.004,0.728,0.276,171.1,15.95,34.8,-0.326743,0.771545
2026,2027,Northwestern,northwestern,UC Santa Barbara,uc santa barbara,1897598,Colin Smith,Senior,F,80,1.0491766666666666,player_id,Colin Smith,UC Santa Barbara,Northwestern,2.9506,132.0,-1.4945,186.0,BW,887.96,1451.213,356.0,237.0,115.0,45.0,38.0,87.0,125.0,16.0,5.0,51.0,1.59966,2.6879,1.7209,0.9669,0.20034,119.14,112.52,15.0899,0.0721,0.1211,0.55274,0.61892,0.09867,0.08825,0.15062,3.787,2.203,1.584,373.5068933333333,47.21295,131.14708333333334,1.6783259466,2.820081962333333
2026,2027,Northwestern,northwestern,Penn,penn,2313827,Dylan Williams,Senior,G,71,1.0165283333333333,player_id,Dylan Williams,Penn,Northwestern,0.9917,156.0,-0.1807,152.0,Ivy,60.85,102.989,15.0,16.0,6.0,11.0,2.0,5.0,7.0,1.0,0.0,7.0,-0.22285,-0.0334,-0.0942,0.0607,0.21176,82.34,113.55,6.2103,-0.1465,-0.022,0.40625,0.40323,0.3216,0.0623,0.27301,0.547,0.574,-0.027,15.247924999999999,11.181811666666666,7.115698333333333,-0.2265333390833333,-0.03395204633333333
2026,2027,Northwestern,northwestern,Bellarmine,bellarmine,1890306,Jack Karasinski,Junior,F,79,0.757665,player_id,Jack Karasinski,Bellarmine,Northwestern,-9.7401,278.0,-5.0774,265.0,ASun,898.36,1454.029,650.0,378.0,192.0,35.0,31.0,111.0,142.0,18.0,8.0,43.0,7.40518,4.061,4.2856,-0.2246,0.31288,133.81,127.47,30.0583,0.3297,0.1808,0.65476,0.7027,0.08595,0.10685,0.08507,-0.978,3.395,-4.373,492.48225,26.518275000000003,107.58843,5.6106457047,3.076877565
2026,2027,Northwestern,northwestern,Northeastern,northeastern,1946384,LA Pratt,Senior,G,77,0.7407433333333334,player_id,LA Pratt,Northeastern,Northwestern,-10.7554,287.0,-2.175,200.0,CAA,98.92,161.101,51.0,40.0,11.0,10.0,0.0,5.0,5.0,7.0,0.0,6.0,0.30816,0.228,0.1536,0.0744,0.26817,110.86,116.22,19.2239,0.1246,0.0922,0.5125,0.5692,0.24305,0.02898,0.11802,0.582,-0.884,1.466,37.777910000000006,7.407433333333334,3.703716666666667,0.22826746560000002,0.16888948000000004
2026,2027,Northwestern,northwestern,Mount St. Mary's,mount st marys,2110378,Luke McEldon,Junior,F,82,0.7641300000000001,player_id,Luke McEldon,Mount St. Mary's,Northwestern,-9.3522,273.0,-7.2299,300.0,MAAC,769.05,1267.726,352.0,248.0,76.0,40.0,54.0,132.0,186.0,12.0,17.0,58.0,1.88879,2.3491,1.048,1.3012,0.22703,110.65,105.68,19.5068,0.0982,0.1222,0.64516,0.62544,0.13298,0.1367,0.17087,0.267,-1.325,1.592,268.97376,30.565200000000004,142.12818000000001,1.4432811027,1.7950177830000003
2026,2027,Northwestern,northwestern,Drake,drake,2399970,Okku Federiko,Sophomore,F,81,0.9102683333333333,player_id,Okku Federiko,Drake,Northwestern,-2.9839,205.0,1.4761,123.0,MVC,745.13,1234.831,265.0,196.0,88.0,46.0,55.0,98.0,153.0,19.0,31.0,42.0,1.77825,1.8638,0.9532,0.9106,0.19392,111.23,111.01,16.4646,0.0955,0.1,0.54337,0.56455,0.12393,0.11532,0.15178,-2.612,-0.182,-2.43,241.22110833333335,41.87234333333333,139.271055,1.61868466375,1.6965581196666666
2026,2027,Northwestern,northwestern,Columbia,columbia,2106658,Ryan Soulis,Sophomore,F,82,0.9651366666666666,player_id,Ryan Soulis,Columbia,Northwestern,-2.0918,193.0,-3.871,236.0,Ivy,479.45,800.242,133.0,113.0,30.0,35.0,30.0,75.0,105.0,12.0,24.0,29.0,0.9094,1.1015,0.3377,0.7637,0.16311,106.19,106.82,14.4137,0.0759,0.0919,0.50442,0.52694,0.12764,0.12882,0.18686,2.293,1.259,1.034,128.36317666666667,33.779783333333334,101.33935,0.8776952846666667,1.0630980383333333
2026,2027,Northwestern Okla.,northwestern okla,Ferris St.,ferris state,2320917,Chang Hoth,Junior,G,74,1.0,player_id,Chang Hoth,Ferris St.,Northwestern Okla.,,,,,,0.0,0.0,0.0,0.0,0.0,0.0,0.0,0.0,0.0,0.0,0.0,0.0,0.0,0.0,0.0,0.0,,,,,,,,,,,,,,,0.0,0.0,0.0,0.0,0.0
2026,2027,Northwestern Okla.,northwestern okla,Goldey-Beacom,goldey beacom,2350440,Julian Williams,Junior,F,80,1.0,player_id,Julian Williams,Goldey-Beacom,Northwestern Okla.,,,,,,0.0,0.0,0.0,0.0,0.0,0.0,0.0,0.0,0.0,0.0,0.0,0.0,0.0,0.0,0.0,0.0,,,,,,,,,,,,,,,0.0,0.0,0.0,0.0,0.0
2026,2027,Northwestern Okla.,northwestern okla,Central Okla.,central okla,2561156,"Marcus Zeigler, Jr.",Junior,G,73,1.0,player_id,"Marcus Zeigler, Jr.",Central Okla.,Northwestern Okla.,,,,,,0.0,0.0,0.0,0.0,0.0,0.0,0.0,0.0,0.0,0.0,0.0,0.0,0.0,0.0,0.0,0.0,,,,,,,,,,,,,,,0.0,0.0,0.0,0.0,0.0
2026,2027,Northwestern St.,northwestern state,Jackson St.,jackson state,1925426,Dionjahe Thomas,Junior,F,80,0.5680866666666667,player_id,Dionjahe Thomas,Jackson St.,Northwestern St.,-18.7148,340.0,-6.3771,289.0,SWAC,425.26,738.145,118.0,90.0,55.0,10.0,50.0,73.0,123.0,7.0,10.0,27.0,-0.51807,0.4224,0.1363,0.2861,0.16189,101.1,117.14,11.8134,-0.0487,0.0397,0.48333,0.51664,0.04839,0.1563,0.19122,-2.727,-0.345,-2.382,67.03422666666667,5.680866666666668,69.87466,-0.29430865940000006,0.23995980800000002
2026,2027,Northwestern St.,northwestern state,Wingate,wingate,2596572,Isaiah Vick,Freshman,F,79,1.0,player_id,Isaiah Vick,Wingate,Northwestern St.,,,,,,0.0,0.0,0.0,0.0,0.0,0.0,0.0,0.0,0.0,0.0,0.0,0.0,0.0,0.0,0.0,0.0,,,,,,,,,,,,,,,0.0,0.0,0.0,0.0,0.0
2026,2027,Northwestern St.,northwestern state,Thomas More,thomas more,2306394,Kai Simpson,Sophomore,G,74,1.0,player_id,Kai Simpson,Thomas More,Northwestern St.,,,,,,0.0,0.0,0.0,0.0,0.0,0.0,0.0,0.0,0.0,0.0,0.0,0.0,0.0,0.0,0.0,0.0,,,,,,,,,,,,,,,0.0,0.0,0.0,0.0,0.0
2026,2027,Northwood,northwood,Valparaiso,valparaiso,2324124,Jayden Watson,Freshman,F,79,1.0107966666666666,player_id,Jayden Watson,Valparaiso,Northwood,0.6478,163.0,0.2345,147.0,MVC,0.0,0.0,0.0,0.0,0.0,0.0,0.0,0.0,0.0,0.0,0.0,0.0,0.0,0.0,0.0,0.0,,,,,,,,,,,,,,,0.0,0.0,0.0,0.0,0.0
2026,2027,Notre Dame,notre dame,Gonzaga,gonzaga,1916997,Braeden Smith,Junior,G,72,1.45,player_id,Braeden Smith,Gonzaga,Notre Dame,26.9815,15.0,5.8434,86.0,WCC,597.83,1033.74,178.0,137.0,41.0,127.0,11.0,66.0,77.0,34.0,0.0,38.0,2.44094,2.7133,1.1468,1.5664,0.15903,120.78,95.45,17.4993,0.1633,0.1815,0.5292,0.57419,0.30815,0.07178,0.19685,3.311,1.622,1.689,258.09999999999997,184.15,111.64999999999999,3.539363,3.9342849999999996
2026,2027,Notre Dame,notre dame,Rutgers,rutgers,2292682,Bryce Dortch,Sophomore,F,81,1.11105,player_id,Bryce Dortch,Rutgers,Notre Dame,3.663,125.0,11.0455,53.0,B10,447.35,724.847,65.0,41.0,28.0,4.0,38.0,61.0,99.0,17.0,21.0,12.0,0.18308,0.9992,0.3948,0.6044,0.07633,119.67,109.56,12.1397,0.0164,0.0893,0.60976,0.60976,0.01667,0.12949,0.18371,2.421,-0.051,2.472,72.21825000000001,4.4442,109.99395000000001,0.20341103400000002,1.11016116
2026,2027,Notre Dame,notre dame,Davidson,davidson,2505305,Devin Brown,Freshman,G,78,1.09089,player_id,Devin Brown,Davidson,Notre Dame,5.4534,109.0,2.5983,109.0,A10,752.2,1187.38,204.0,173.0,62.0,48.0,14.0,91.0,105.0,21.0,8.0,32.0,-0.13126,1.4588,0.3123,1.1465,0.16939,102.51,107.64,11.2779,-0.007,0.0776,0.47977,0.50924,0.12162,0.08447,0.13776,-0.489,-1.879,1.39,222.54155999999998,52.362719999999996,114.54344999999999,-0.14319022139999998,1.591390332
2026,2027,Notre Dame,notre dame,Penn,penn,1933824,Ethan Roberts,Senior,F,77,1.0165283333333333,player_id,Ethan Roberts,Penn,Notre Dame,0.9917,156.0,-0.1807,152.0,Ivy,682.71,1160.999,361.0,281.0,133.0,53.0,18.0,68.0,86.0,20.0,3.0,40.0,1.35893,1.9233,1.0639,0.8595,0.27996,109.88,110.65,17.1291,0.0796,0.1127,0.45196,0.53166,0.16131,0.07034,0.1054,-0.249,0.716,-0.965,366.9667283333333,53.87600166666666,87.42143666666666,1.3813908480166666,1.9550889434999998
2026,2027,Notre Dame,notre dame,Winthrop,winthrop,1687935,Logan Duncomb,Senior,F,82,1.0218466666666666,player_id,Logan Duncomb,Winthrop,Notre Dame,1.3108,146.0,-4.8125,260.0,BSth,744.05,1295.451,547.0,305.0,251.0,48.0,109.0,152.0,261.0,24.0,23.0,58.0,7.21598,4.8085,3.5226,1.286,0.30183,131.31,105.39,33.6614,0.3879,0.2585,0.58689,0.6584,0.15451,0.18547,0.12251,-1.183,1.916,-3.099,558.9501266666666,49.04863999999999,266.70198,7.373625109733332,4.913549696666666
2026,2027,Notre Dame,notre dame,UVA Wise,uva wise,1938357,Yoro Diallo,Junior,F,81,1.0,player_id,Yoro Diallo,UVA Wise,Notre Dame,,,,,,0.0,0.0,0.0,0.0,0.0,0.0,0.0,0.0,0.0,0.0,0.0,0.0,0.0,0.0,0.0,0.0,,,,,,,,,,,,,,,0.0,0.0,0.0,0.0,0.0
2026,2027,Nova Southeastern,nova southeastern,Wofford,wofford,1931329,Brendan Rigsbee,Junior,G,75,0.8004033333333334,player_id,Brendan Rigsbee,Wofford,Nova Southeastern,-7.1758,251.0,-7.7174,311.0,SC,355.99,592.954,97.0,73.0,24.0,16.0,18.0,23.0,41.0,5.0,5.0,11.0,-0.4101,0.6277,0.4935,0.1343,0.13647,119.45,120.44,11.172,-0.0461,0.0705,0.55479,0.58014,0.08028,0.06709,0.11633,-2.996,-1.52,-1.476,77.63912333333333,12.806453333333334,32.816536666666664,-0.32824540700000004,0.5024131723333334
2026,2027,Nova Southeastern,nova southeastern,Jacksonville,jacksonville,2319499,Enrico Borio,Sophomore,F,77,0.7282833333333334,player_id,Enrico Borio,Jacksonville,Nova Southeastern,-11.503,295.0,-4.3292,251.0,ASun,219.88,361.105,47.0,48.0,11.0,8.0,9.0,21.0,30.0,6.0,2.0,12.0,-0.2925,0.0122,-0.1216,0.1338,0.15541,89.03,117.87,6.6068,-0.0532,0.0022,0.42708,0.44508,0.06557,0.08534,0.18507,-3.152,-1.242,-1.91,34.22931666666667,5.826266666666667,21.8485,-0.213022875,0.008885056666666669
2026,2027,Nova Southeastern,nova southeastern,Embry-Riddle (FL),embry riddle fl,1908253,Jared Berry,Junior,G,70,1.0,player_id,Jared Berry,Embry-Riddle (FL),Nova Southeastern,,,,,,0.0,0.0,0.0,0.0,0.0,0.0,0.0,0.0,0.0,0.0,0.0,0.0,0.0,0.0,0.0,0.0,,,,,,,,,,,,,,,0.0,0.0,0.0,0.0,0.0
2026,2027,Nova Southeastern,nova southeastern,Clarion,clarion,2162142,Jeremy Thomas II,Junior,G,77,1.0,player_id,Jeremy Thomas II,Clarion,Nova Southeastern,,,,,,0.0,0.0,0.0,0.0,0.0,0.0,0.0,0.0,0.0,0.0,0.0,0.0,0.0,0.0,0.0,0.0,,,,,,,,,,,,,,,0.0,0.0,0.0,0.0,0.0
2026,2027,Oakland,oakland,New Hampshire,new hampshire,2098106,Belal El Shakery,Junior,F,80,0.55,player_id,Belal El Shakery,New Hampshire,Oakland,-20.7105,349.0,-8.3317,325.0,AE,724.41,1188.297,303.0,294.0,104.0,38.0,52.0,164.0,216.0,29.0,20.0,56.0,0.53606,0.4499,-0.7773,1.2272,0.28699,88.6,105.67,15.7386,0.0296,0.0248,0.43367,0.44585,0.12842,0.17167,0.1415,0.583,-0.632,1.215,166.65,20.900000000000002,118.80000000000001,0.294833,0.24744500000000003
2026,2027,Oakland,oakland,Western Mich.,western michigan,2501091,Brady Swartz,Freshman,F,79,0.7637783333333333,player_id,Brady Swartz,Western Mich.,Oakland,-9.3733,274.0,-1.7056,193.0,MAC,483.81,810.078,177.0,145.0,47.0,6.0,32.0,72.0,104.0,6.0,3.0,8.0,1.03596,1.0913,0.797,0.2943,0.17975,118.55,117.85,14.0444,0.0857,0.0902,0.5,0.5341,0.02335,0.12088,0.04606,-1.509,-0.705,-0.804,135.188765,4.58267,79.43294666666667,0.7912438022,0.8335112951666667
2026,2027,Oakland,oakland,Campbell,campbell,2125285,Chris Fields Jr.,Junior,F,79,0.9716383333333334,player_id,Chris Fields Jr.,Campbell,Oakland,-1.7017,185.0,0.3211,143.0,CAA,460.19,800.747,227.0,181.0,100.0,30.0,55.0,101.0,156.0,27.0,6.0,49.0,1.8992,0.9934,0.2292,0.7643,0.29213,100.66,106.1,19.605,0.1651,0.0864,0.44475,0.50444,0.1445,0.19629,0.17883,-1.04,-1.168,0.128,220.56190166666667,29.149150000000002,151.57558,1.8453355226666668,0.9652255203333333
2026,2027,Oakland,oakland,UNI,northern iowa,2114197,RJ Taylor,Sophomore,G,71,1.2121983333333335,player_id,RJ Taylor,UNI,Oakland,10.9319,78.0,1.4812,122.0,MVC,307.01,480.784,71.0,62.0,4.0,25.0,1.0,28.0,29.0,11.0,0.0,9.0,-0.06163,0.8994,0.2439,0.6556,0.13559,109.96,100.78,10.4695,-0.008,0.1172,0.54032,0.55643,0.14673,0.05789,0.12369,-0.405,-1.139,0.734,86.06608166666668,30.30495833333334,35.15375166666667,-0.07470778328333334,1.0902511810000002
2026,2027,Oakland,oakland,St. Edward's,saint edwards,2576040,Ryder Bradley,Freshman,G,74,1.0,player_id,Ryder Bradley,St. Edward's,Oakland,,,,,,0.0,0.0,0.0,0.0,0.0,0.0,0.0,0.0,0.0,0.0,0.0,0.0,0.0,0.0,0.0,0.0,,,,,,,,,,,,,,,0.0,0.0,0.0,0.0,0.0
2026,2027,Ohio,ohio,Idaho,idaho,2092791,Kolton Mitchell,Sophomore,G,73,1.0165866666666667,player_id,Kolton Mitchell,Idaho,Ohio,0.9952,155.0,-1.5147,188.0,BSky,931.3,1585.678,409.0,321.0,122.0,107.0,11.0,91.0,102.0,34.0,3.0,52.0,3.42812,2.8786,1.5989,1.2797,0.23386,113.47,109.36,16.7083,0.1472,0.1236,0.4891,0.54577,0.22938,0.06225,0.12187,-2.241,0.283,-2.524,415.7839466666667,108.77477333333334,103.69184000000001,3.4849810837333335,2.926346378666667
2026,2027,Ohio,ohio,IU Indy,iupui,2173111,Kyler D'Augustino,Junior,G,73,0.6494616666666667,player_id,Kyler D'Augustino,IU Indy,Ohio,-13.8323,317.0,-3.6312,230.0,Horz,931.86,1714.943,537.0,406.0,87.0,91.0,33.0,62.0,95.0,36.0,2.0,55.0,1.55038,2.2737,2.1176,0.1561,0.24896,118.04,122.79,19.5665,0.0665,0.0976,0.57635,0.60432,0.18146,0.05807,0.11016,-2.607,-0.503,-2.104,348.760915,59.10101166666667,61.69885833333334,1.0069123787666667,1.4766809915
2026,2027,Ohio,ohio,Rhode Island,rhode island,2322227,Moek Icke,Freshman,F,85,1.045215,player_id,Moek Icke,Rhode Island,Ohio,2.7129,135.0,0.7494,132.0,A10,0.0,0.0,0.0,0.0,0.0,0.0,0.0,0.0,0.0,0.0,0.0,0.0,0.0,0.0,0.0,0.0,,,,,,,,,,,,,,,0.0,0.0,0.0,0.0,0.0
2026,2027,Ohio Dominican,ohio dominican,Mount Olive,mount olive,2356456,Raul Perez,Sophomore,G,77,1.0,player_id,Raul Perez,Mount Olive,Ohio Dominican,,,,,,0.0,0.0,0.0,0.0,0.0,0.0,0.0,0.0,0.0,0.0,0.0,0.0,0.0,0.0,0.0,0.0,,,,,,,,,,,,,,,0.0,0.0,0.0,0.0,0.0
2026,2027,Ohio St.,ohio state,Kentucky,kentucky,2506861,Andrija Jelavic,Freshman,F,83,1.45,player_id,Andrija Jelavic,Kentucky,Ohio St.,21.0942,29.0,16.3561,4.0,SEC,499.97,850.913,175.0,153.0,15.0,23.0,43.0,85.0,128.0,14.0,11.0,27.0,1.53378,1.3227,0.5428,0.7799,0.18551,110.13,107.2,15.6791,0.1227,0.1058,0.54575,0.54825,0.08172,0.14248,0.14469,-0.677,-0.41,-0.267,253.75,33.35,185.6,2.2239809999999998,1.9179149999999998
2026,2027,Ohio St.,ohio state,Memphis,memphis,2281242,Curtis Givens III,Sophomore,G,75,1.0469383333333333,player_id,Curtis Givens III,Memphis,Ohio St.,2.8163,133.0,5.5067,89.0,Amer,641.2,1115.929,236.0,188.0,59.0,57.0,15.0,38.0,53.0,21.0,5.0,40.0,0.61972,1.2716,0.6619,0.6096,0.19047,109.27,114.0,12.8202,0.0387,0.0793,0.52394,0.5514,0.16698,0.04517,0.15751,-2.712,-0.71,-2.002,247.07744666666667,59.675484999999995,55.48773166666666,0.6488086239333334,1.3312867846666667
2026,2027,Ohio St.,ohio state,Duquesne,duquesne,2281730,Jimmie Williams,Junior,G,77,1.0629133333333334,player_id,Jimmie Williams,Duquesne,Ohio St.,3.7748,123.0,2.6535,107.0,A10,941.15,1584.937,461.0,360.0,103.0,80.0,26.0,114.0,140.0,50.0,3.0,54.0,4.15024,3.0841,1.7002,1.3839,0.24652,113.97,108.18,18.9495,0.1764,0.1311,0.53333,0.56871,0.18038,0.08804,0.11757,3.833,2.249,1.584,490.0030466666667,85.03306666666667,148.80786666666668,4.411345432533333,3.2781310113333335
2026,2027,Ohio St.,ohio state,California,california,2293072,Justin Pippen,Sophomore,G,75,1.2643766666666667,player_id,Justin Pippen,California,Ohio St.,11.0626,75.0,6.0103,85.0,ACC,955.12,1620.19,430.0,345.0,153.0,144.0,21.0,102.0,123.0,57.0,18.0,78.0,4.65406,2.9148,1.1122,1.8026,0.26409,106.53,103.58,18.0558,0.1949,0.1221,0.44203,0.52146,0.29595,0.07222,0.15908,0.464,-0.168,0.632,543.6819666666667,182.07024,155.51833,5.884484869266667,3.6854051080000003
2026,2027,Oklahoma,oklahoma,Louisville,louisville,2299058,Khani Rooths,Sophomore,F,82,1.45,player_id,Khani Rooths,Louisville,Oklahoma,24.5674,19.0,12.6381,32.0,ACC,493.22,863.564,164.0,127.0,57.0,30.0,30.0,102.0,132.0,18.0,14.0,23.0,1.54624,1.7486,0.6427,1.106,0.17291,113.65,99.6,16.0342,0.1254,0.1418,0.5,0.53912,0.10034,0.14922,0.13137,5.028,1.785,3.243,237.79999999999998,43.5,191.4,2.242048,2.5354699999999997
2026,2027,Oklahoma,oklahoma,Texas A&M,texas a and m,1924195,Pop Isaacs,Junior,G,74,1.4214766666666667,player_id,Pop Isaacs,Texas A&M,Oklahoma,18.6886,39.0,11.9614,38.0,SEC,735.75,1293.183,324.0,244.0,75.0,86.0,11.0,71.0,82.0,22.0,3.0,53.0,1.50958,1.9529,1.1343,0.8186,0.21561,113.13,112.2,14.8036,0.0821,0.1062,0.54713,0.58484,0.2079,0.0603,0.16061,-0.649,2.111,-2.76,460.55844,122.24699333333334,116.56108666666667,2.1458327464666667,2.7760017823333336
2026,2027,Oklahoma,oklahoma,Utah Valley,utah valley,1935170,Tyler Hendricks,Junior,G,78,1.172615,player_id,Tyler Hendricks,Utah Valley,Oklahoma,8.5569,92.0,-0.4634,159.0,WAC,764.9,1303.02,278.0,214.0,36.0,47.0,24.0,79.0,103.0,31.0,17.0,34.0,2.91331,2.6301,1.2052,1.4249,0.171,118.69,103.79,15.5834,0.1523,0.1375,0.58411,0.60487,0.10691,0.08084,0.12887,3.702,2.002,1.7,325.98697,55.112905,120.77934499999999,3.41619100565,3.0840947115
2026,2027,Oklahoma,oklahoma,Oregon St.,oregon state,2110329,Yaak Yaak,Junior,F,83,0.9856483333333333,player_id,Yaak Yaak,Oregon St.,Oklahoma,-0.8611,179.0,2.6949,106.0,WCC,376.77,602.391,166.0,98.0,76.0,9.0,21.0,34.0,55.0,7.0,13.0,24.0,0.38996,1.0729,0.7129,0.3599,0.22556,116.48,114.01,16.7146,0.0414,0.1139,0.52551,0.63166,0.05762,0.08946,0.1544,1.141,0.706,0.435,163.61762333333334,8.870835,54.210658333333335,0.3843634240666666,1.0575020968333333
2026,2027,Oklahoma St.,oklahoma state,Arizona St.,arizona state,2548108,Andrija Grbovic,Junior,F,83,1.2867133333333334,player_id,Andrija Grbovic,Arizona St.,Oklahoma St.,12.4028,66.0,14.133,19.0,B12,654.8,1133.843,225.0,188.0,38.0,12.0,26.0,69.0,95.0,15.0,6.0,20.0,0.47506,1.2464,0.7076,0.5388,0.17168,112.18,115.49,11.4127,0.029,0.0761,0.51862,0.54958,0.03457,0.08345,0.089,0.253,0.018,0.235,289.51050000000004,15.440560000000001,122.23776666666667,0.6112660361333333,1.6037594986666666
2026,2027,Oklahoma St.,oklahoma state,Sam Houston,sam houston state,2550315,Jacob Walker,Freshman,G,73,1.0881683333333334,player_id,Jacob Walker,Sam Houston,Oklahoma St.,5.2901,111.0,0.3543,141.0,CUSA,791.85,1365.878,346.0,237.0,143.0,72.0,14.0,51.0,65.0,29.0,3.0,59.0,0.38068,1.986,1.1941,0.7919,0.21857,112.55,113.49,14.497,0.0192,0.1003,0.50633,0.57686,0.15823,0.04514,0.16438,-1.133,0.56,-1.693,376.5062433333334,78.34812000000001,70.73094166666667,0.41424392113333336,2.16110231
2026,2027,Oklahoma St.,oklahoma state,UCF,ucf,2113946,Jordan Burks,Junior,F,81,1.329565,player_id,Jordan Burks,UCF,Oklahoma St.,14.9739,53.0,11.8991,39.0,B12,929.03,1600.315,439.0,330.0,101.0,22.0,45.0,114.0,159.0,34.0,17.0,29.0,4.31,3.2902,2.1441,1.1461,0.21043,123.74,110.88,18.9509,0.1856,0.1417,0.54545,0.58627,0.04187,0.09661,0.07188,-0.421,2.015,-2.436,583.679035,29.25043,211.40083500000003,5.73042515,4.374534763000001
2026,2027,Oklahoma St.,oklahoma state,Georgetown,georgetown,2313804,Julius Halaifonua,Sophomore,F,84,1.2685333333333335,player_id,Julius Halaifonua,Georgetown,Oklahoma St.,11.312,74.0,10.6841,57.0,BE,632.2,1036.261,303.0,186.0,95.0,41.0,50.0,90.0,140.0,9.0,23.0,24.0,3.66233,3.0141,2.1608,0.8534,0.20609,134.34,109.6,23.674,0.2317,0.1907,0.62366,0.66506,0.14294,0.12768,0.09531,0.289,1.105,-0.816,384.36560000000003,52.009866666666674,177.59466666666668,4.6457876826666675,3.8234863200000007
2026,2027,Oklahoma St.,oklahoma state,Sam Houston,sam houston state,2550298,Kashie Natt,Senior,G,75,1.0881683333333334,player_id,Kashie Natt,Sam Houston,Oklahoma St.,5.2901,111.0,0.3543,141.0,CUSA,846.65,1465.019,350.0,251.0,128.0,76.0,72.0,181.0,253.0,63.0,14.0,39.0,6.56217,3.9629,2.1846,1.7784,0.19724,125.47,101.2,23.1557,0.31,0.1872,0.49801,0.56948,0.15548,0.16432,0.11261,5.479,4.665,0.814,380.8589166666667,82.70079333333334,275.30658833333337,7.140745591950001,4.312302288166666
2026,2027,Oklahoma St.,oklahoma state,North Carolina,north carolina,2506302,Luka Bogavac,Junior,G,78,1.4452433333333334,player_id,Luka Bogavac,North Carolina,Oklahoma St.,20.1146,32.0,11.1241,49.0,ACC,803.21,1350.935,323.0,271.0,72.0,73.0,18.0,64.0,82.0,12.0,0.0,38.0,0.58574,2.0697,1.0797,0.99,0.21592,111.39,110.91,13.2458,0.0292,0.1031,0.49815,0.53353,0.1616,0.05648,0.11154,3.413,1.124,2.289,466.8135966666667,105.50276333333333,118.50995333333334,0.8465368300666668,2.9912201270000005
2026,2027,Old Dominion,old dominion,Arizona St.,arizona state,1931595,Adante’ Holiman,Senior,G,71,1.2867133333333334,player_id,Adante’ Holiman,Arizona St.,Old Dominion,12.4028,66.0,14.133,19.0,B12,0.0,0.0,0.0,0.0,0.0,0.0,0.0,0.0,0.0,0.0,0.0,0.0,0.0,0.0,0.0,0.0,,,,,,,,,,,,,,,0.0,0.0,0.0,0.0,0.0
2026,2027,Old Dominion,old dominion,George Washington,george washington,2128750,Bubu Benjamin,Junior,G,79,1.186985,player_id,Bubu Benjamin,George Washington,Old Dominion,9.4191,86.0,2.6222,108.0,A10,587.36,1029.553,164.0,151.0,37.0,26.0,28.0,52.0,80.0,26.0,9.0,18.0,0.36769,1.3293,0.5323,0.797,0.15227,110.72,109.43,11.1164,0.025,0.0905,0.45695,0.49014,0.07336,0.07778,0.09715,2.714,1.927,0.787,194.66554,30.86161,94.9588,0.43644251465,1.5778591604999999
2026,2027,Old Dominion,old dominion,Wayne St. (MI),wayne st mi,2551835,Jotham Nweke,Junior,F,79,1.0,player_id,Jotham Nweke,Wayne St. (MI),Old Dominion,,,,,,0.0,0.0,0.0,0.0,0.0,0.0,0.0,0.0,0.0,0.0,0.0,0.0,0.0,0.0,0.0,0.0,,,,,,,,,,,,,,,0.0,0.0,0.0,0.0,0.0
2026,2027,Old Dominion,old dominion,Oakland,oakland,2143904,Khoi Thurmon,Junior,G,73,1.0042166666666668,player_id,Khoi Thurmon,Oakland,Old Dominion,0.253,168.0,-0.3334,154.0,Horz,357.01,622.296,79.0,84.0,26.0,39.0,8.0,17.0,25.0,18.0,2.0,27.0,-1.35262,-0.1882,-0.3214,0.1332,0.16827,85.51,120.49,6.4606,-0.1515,-0.0211,0.375,0.41405,0.17393,0.0392,0.22052,-1.58,-1.371,-0.209,79.33311666666667,39.16445,25.10541666666667,-1.3583235476666666,-0.1889935766666667
2026,2027,Old Dominion,old dominion,Louisiana Tech,louisiana tech,2532397,Kylan Howze,Junior,F,82,0.9551516666666666,player_id,Kylan Howze,Louisiana Tech,Old Dominion,-2.6909,197.0,-3.0304,222.0,CUSA,215.0,341.375,42.0,30.0,28.0,5.0,22.0,23.0,45.0,5.0,6.0,10.0,-0.30423,0.3798,0.0421,0.3377,0.12488,100.1,106.98,10.6363,-0.0566,0.0707,0.5,0.49645,0.04377,0.11504,0.19113,0.269,-0.714,0.983,40.116369999999996,4.775758333333333,42.981825,-0.29058579154999997,0.362766603
2026,2027,Old Dominion,old dominion,N.C. A&T,north carolina a and t,2099649,Zamoku Weluche-Ume,Sophomore,F,80,0.7354483333333334,player_id,Zamoku Weluche-Ume,N.C. A&T,Old Dominion,-11.0731,290.0,-4.0778,242.0,CAA,838.04,1416.333,300.0,249.0,92.0,25.0,47.0,150.0,197.0,21.0,22.0,63.0,0.21098,1.0392,0.0791,0.9601,0.2135,97.97,111.91,13.1848,0.0101,0.0496,0.4759,0.51813,0.05951,0.13581,0.17873,-0.672,0.258,-0.93,220.6345,18.386208333333336,144.88332166666666,0.15516488936666667,0.764277908
2026,2027,Oral Roberts,oral roberts,Nevada,nevada,2096211,Amire Robinson,Junior,G,76,1.2287700000000001,player_id,Amire Robinson,Nevada,Oral Roberts,11.9262,72.0,6.03,84.0,MWC,342.93,559.093,96.0,75.0,17.0,14.0,11.0,28.0,39.0,8.0,2.0,7.0,0.30881,0.913,0.5008,0.4122,0.13565,122.36,111.26,11.7623,0.036,0.1065,0.56,0.58182,0.07882,0.0673,0.07823,-0.366,-1.5,1.134,117.96192000000002,17.20278,47.92203000000001,0.3794564637,1.12186701
2026,2027,Oral Roberts,oral roberts,Northwestern,northwestern,1924063,Blake Smith,Senior,G,78,1.3053316666666668,player_id,Blake Smith,Northwestern,Oral Roberts,13.5199,58.0,12.9989,29.0,B10,0.0,0.0,0.0,0.0,0.0,0.0,0.0,0.0,0.0,0.0,0.0,0.0,0.0,0.0,0.0,0.0,,,,,,,,,,,,,,,0.0,0.0,0.0,0.0,0.0
2026,2027,Oral Roberts,oral roberts,Missouri Western,missouri western,2579013,Marko Pavlovic,Freshman,F,81,1.0,player_id,Marko Pavlovic,Missouri Western,Oral Roberts,,,,,,0.0,0.0,0.0,0.0,0.0,0.0,0.0,0.0,0.0,0.0,0.0,0.0,0.0,0.0,0.0,0.0,,,,,,,,,,,,,,,0.0,0.0,0.0,0.0,0.0
2026,2027,Oregon,oregon,Boise St.,boise state,2090932,Andrew Meadow,Junior,F,79,1.2548633333333334,player_id,Andrew Meadow,Boise St.,Oregon,13.4918,59.0,8.5218,75.0,MWC,900.35,1461.184,360.0,243.0,106.0,30.0,28.0,72.0,100.0,18.0,1.0,26.0,1.89119,3.0953,2.1044,0.9908,0.18381,127.18,112.41,16.4125,0.084,0.1375,0.59877,0.62155,0.07027,0.07067,0.08237,1.315,1.777,-0.462,451.7508,37.645900000000005,125.48633333333335,2.373184987366667,3.884178475666667
2026,2027,Oregon,oregon,Arizona,arizona,2478064,Dwayne Aristode,Freshman,G,80,1.45,player_id,Dwayne Aristode,Arizona,Oregon,38.0595,2.0,15.8848,7.0,B12,466.77,833.857,134.0,96.0,20.0,26.0,22.0,39.0,61.0,16.0,3.0,15.0,1.40253,1.7806,0.8412,0.9394,0.12227,130.12,102.29,13.4922,0.1202,0.1526,0.64583,0.63931,0.08349,0.07015,0.12521,3.998,1.674,2.324,194.29999999999998,37.699999999999996,88.45,2.0336685,2.58187
2026,2027,Oregon,oregon,Kentucky,kentucky,2506864,Jasper Johnson,Freshman,G,77,1.45,player_id,Jasper Johnson,Kentucky,Oregon,21.0942,29.0,16.3561,4.0,SEC,419.52,718.965,173.0,150.0,25.0,57.0,7.0,30.0,37.0,5.0,2.0,35.0,0.03,0.7665,0.4008,0.3657,0.23159,106.17,114.91,11.8175,0.0029,0.0731,0.50333,0.53727,0.24316,0.04908,0.17857,1.175,1.322,-0.147,250.85,82.64999999999999,53.65,0.0435,1.1114249999999999
2026,2027,Oregon,oregon,Southern California,usc,2485211,Jerry Easter II,Freshman,G,77,1.2623216666666668,player_id,Jerry Easter II,Southern California,Oregon,10.9393,77.0,12.0656,37.0,B10,487.35,851.842,121.0,105.0,39.0,26.0,17.0,67.0,84.0,14.0,8.0,24.0,-0.75588,0.6884,0.0887,0.5998,0.14809,99.72,110.93,10.2137,-0.062,0.0565,0.4381,0.49509,0.09622,0.09939,0.1642,-0.484,-0.64,0.156,152.74092166666668,32.82036333333333,106.03502,-0.9541637014000001,0.8689822353333334
2026,2027,Oregon,oregon,San Diego St.,san diego state,2285496,Pharaoh Compton,Sophomore,F,80,1.339445,player_id,Pharaoh Compton,San Diego St.,Oregon,16.7667,49.0,8.6625,74.0,MWC,440.84,745.673,226.0,126.0,66.0,10.0,35.0,49.0,84.0,16.0,29.0,23.0,3.00421,2.2707,1.3358,0.9349,0.20741,131.41,100.98,24.6472,0.2726,0.206,0.73016,0.72903,0.05029,0.11236,0.12918,4.378,3.306,1.072,302.71457,13.394449999999999,112.51338,4.02397406345,3.0414777615000004
2026,2027,Oregon,oregon,Alabama,alabama,2120172,Taylor Bol Bowen,Junior,F,82,1.45,player_id,Taylor Bol Bowen,Alabama,Oregon,27.2167,12.0,17.2303,2.0,SEC,571.11,1032.543,190.0,148.0,49.0,14.0,33.0,92.0,125.0,13.0,30.0,19.0,1.2593,1.5147,0.8232,0.6915,0.15456,118.67,111.17,14.3781,0.0882,0.1061,0.51014,0.56014,0.03843,0.11026,0.10076,0.312,0.163,0.149,275.5,20.3,181.25,1.825985,2.196315
2026,2027,Oregon,oregon,San Francisco,san francisco,2322770,Tyrone Riley IV,Sophomore,G,78,1.066445,player_id,Tyrone Riley IV,San Francisco,Oregon,3.9867,122.0,3.6636,102.0,WCC,970.85,1587.23,370.0,293.0,75.0,38.0,41.0,107.0,148.0,30.0,14.0,27.0,2.25092,2.8561,1.7064,1.1497,0.18999,118.94,111.49,16.5053,0.0927,0.1177,0.54096,0.56748,0.08472,0.08742,0.07649,4.591,2.858,1.733,394.58465,40.524910000000006,157.83386000000002,2.4004823794,3.0458735645000004
2026,2027,Oregon St.,oregon state,UCF,ucf,2092653,Chris Johnson,Junior,G,77,1.329565,player_id,Chris Johnson,UCF,Oregon St.,14.9739,53.0,11.8991,39.0,B12,501.67,866.793,199.0,162.0,40.0,60.0,7.0,38.0,45.0,16.0,5.0,21.0,1.3002,1.4507,0.966,0.4847,0.19415,119.62,113.87,15.4245,0.1037,0.1157,0.52778,0.55401,0.20274,0.05064,0.10469,3.092,2.805,0.287,264.583435,79.77390000000001,59.830425000000005,1.728700413,1.9287999455000002
2026,2027,Oregon St.,oregon state,Buffalo,buffalo,2292664,Daniel Freitag,Sophomore,G,74,0.9112399999999999,player_id,Daniel Freitag,Buffalo,Oregon St.,-2.9256,203.0,-3.9556,238.0,MAC,704.44,1175.252,421.0,279.0,169.0,79.0,14.0,77.0,91.0,29.0,7.0,39.0,4.66445,3.0005,2.3511,0.6493,0.29168,122.99,114.4,23.9995,0.2649,0.1704,0.50717,0.59564,0.23009,0.07962,0.0994,1.343,1.783,-0.44,383.63203999999996,71.98796,82.92284,4.250433418,2.73417562
2026,2027,Oregon St.,oregon state,Fresno St.,fresno state,2543794,DeShawn Gory,Freshman,F,78,1.0549433333333333,player_id,DeShawn Gory,Fresno St.,Oregon St.,3.2966,129.0,4.7529,96.0,MWC,919.1,1554.03,425.0,358.0,81.0,63.0,31.0,165.0,196.0,23.0,11.0,49.0,2.81451,2.6078,1.0672,1.5406,0.24631,107.91,105.96,17.8768,0.1225,0.1135,0.51955,0.53989,0.15474,0.12271,0.1107,-0.68,0.561,-1.241,448.35091666666665,66.46143000000001,206.76889333333332,2.9691485611,2.7510812246666667
2026,2027,Oregon St.,oregon state,Grand Canyon,grand canyon,2115901,Dennis Evans,Junior,F,85,1.25546,player_id,Dennis Evans,Grand Canyon,Oregon St.,13.5276,57.0,3.8097,100.0,MWC,208.86,349.695,66.0,36.0,24.0,1.0,15.0,32.0,47.0,4.0,30.0,10.0,1.38537,0.9522,0.3767,0.5756,0.13877,125.91,93.83,20.6483,0.2653,0.1824,0.66667,0.70815,0.00933,0.13226,0.1768,-1.562,-1.061,-0.501,82.86036,1.25546,59.00662,1.7392766202,1.195449012
2026,2027,Oregon St.,oregon state,Idaho,idaho,2481333,Jackson Rasmussen,Freshman,F,79,1.0165866666666667,player_id,Jackson Rasmussen,Idaho,Oregon St.,0.9952,155.0,-1.5147,188.0,BSky,1019.46,1724.464,416.0,337.0,111.0,41.0,43.0,107.0,150.0,20.0,12.0,61.0,-0.03976,2.0689,0.7929,1.276,0.22373,104.94,110.73,13.9477,-0.0016,0.0812,0.50742,0.53914,0.08287,0.08399,0.13651,2.064,0.842,1.222,422.90005333333335,41.68005333333333,152.488,-0.04041948586666667,2.1032161546666672
2026,2027,Oregon St.,oregon state,San Francisco,san francisco,2477455,Legend Smiley,Freshman,G,77,1.066445,player_id,Legend Smiley,San Francisco,Oregon St.,3.9867,122.0,3.6636,102.0,WCC,681.3,1112.75,248.0,182.0,39.0,19.0,18.0,41.0,59.0,15.0,4.0,25.0,0.67432,1.692,1.1249,0.5671,0.17211,120.26,115.41,12.8125,0.0396,0.0993,0.58791,0.62249,0.05723,0.05019,0.11153,-0.01,0.745,-0.755,264.47836,20.262455000000003,62.920255000000004,0.7191251924000001,1.80442494
2026,2027,Oregon St.,oregon state,Providence,providence,2507010,Peteris Pinnis,Freshman,F,84,1.2827883333333334,player_id,Peteris Pinnis,Providence,Oregon St.,12.1673,67.0,11.0749,51.0,BE,76.45,134.533,15.0,13.0,3.0,1.0,4.0,18.0,22.0,3.0,2.0,8.0,-0.30987,0.0058,-0.1087,0.1144,0.1429,75.54,107.98,6.4518,-0.1621,0.003,0.53846,0.52448,0.02015,0.15818,0.35842,2.223,0.795,1.428,19.241825000000002,1.2827883333333334,28.221343333333337,-0.39749762085,0.007440172333333333
2026,2027,Oregon St.,oregon state,San Francisco,san francisco,2477452,Sean Blakely Drummond,Freshman,G,76,1.066445,player_id,Sean Blakely Drummond,San Francisco,Oregon St.,3.9867,122.0,3.6636,102.0,WCC,4.65,7.559,0.0,1.0,2.0,0.0,1.0,0.0,1.0,0.0,1.0,0.0,-0.00395,-0.0227,-0.0295,0.0068,0.2,34.9,108.48,-0.4639,-0.034,-0.1956,0.0,0.0,0.0,0.12245,0.0,,,,0.0,0.0,1.066445,-0.004212457750000001,-0.024208301500000005
2026,2027,Oregon St.,oregon state,BYU,byu,2478375,Xavion Staton,Freshman,F,84,1.45,player_id,Xavion Staton,BYU,Oregon St.,22.7768,24.0,14.2815,17.0,B12,43.55,76.648,5.0,4.0,2.0,3.0,1.0,3.0,4.0,0.0,5.0,1.0,-0.09553,0.0843,0.0263,0.0581,0.06633,114.82,109.75,8.1823,-0.0877,0.0774,0.5,0.5102,0.09272,0.05118,0.17007,-1.149,0.053,-1.202,7.25,4.35,5.8,-0.1385185,0.122235
2026,2027,Pace,pace,Canisius,canisius,2487838,Andreo Ash,Freshman,F,80,0.5643733333333333,player_id,Andreo Ash,Canisius,Pace,-18.9376,342.0,-7.8339,313.0,MAAC,24.85,41.31,6.0,4.0,0.0,1.0,0.0,4.0,4.0,1.0,1.0,1.0,-0.00174,,,0.0425,0.10614,,105.55,13.9061,-0.0028,,0.75,0.75,0.11883,0.09574,0.2,,,,3.38624,0.5643733333333333,2.257493333333333,-0.0009820095999999998,0.0
2026,2027,Pace,pace,Wilmington (DE),wilmington de,2360053,Jaylin Horsey,Sophomore,G,76,1.0,player_id,Jaylin Horsey,Wilmington (DE),Pace,,,,,,0.0,0.0,0.0,0.0,0.0,0.0,0.0,0.0,0.0,0.0,0.0,0.0,0.0,0.0,0.0,0.0,,,,,,,,,,,,,,,0.0,0.0,0.0,0.0,0.0
2026,2027,Pacific,pacific,South Fla.,south florida,2560109,Adriel Nyorha,Freshman,G,77,1.3416183333333334,player_id,Adriel Nyorha,South Fla.,Pacific,16.8971,47.0,3.8094,101.0,Amer,262.01,464.49,92.0,83.0,28.0,46.0,12.0,28.0,40.0,12.0,4.0,30.0,0.07598,0.4759,0.0261,0.4498,0.22153,97.91,105.51,12.5349,0.0116,0.0727,0.43976,0.48269,0.30203,0.0782,0.23939,0.356,1.373,-1.017,123.42888666666667,61.714443333333335,53.66473333333333,0.10193616096666668,0.6384761648333334
2026,2027,Pacific,pacific,Dartmouth,dartmouth,2305785,Connor Amundsen,Sophomore,G,71,0.7620616666666667,player_id,Connor Amundsen,Dartmouth,Pacific,-9.4763,276.0,-2.63,214.0,Ivy,723.05,1226.765,226.0,188.0,70.0,92.0,6.0,41.0,47.0,11.0,0.0,27.0,-0.44106,1.2207,0.9073,0.3133,0.17785,112.33,119.82,11.2734,-0.0244,0.0675,0.46277,0.51645,0.25287,0.03732,0.10985,-1.286,0.265,-1.551,172.22593666666668,70.10967333333335,35.816898333333334,-0.33611491870000004,0.9302486765
2026,2027,Pacific,pacific,Loyola Chicago,loyola chicago,1581174,Dominick Harris,Senior,G,75,0.7554516666666667,player_id,Dominick Harris,Loyola Chicago,Pacific,-9.8729,280.0,2.9,105.0,A10,44.26,71.387,10.0,16.0,2.0,2.0,1.0,3.0,4.0,0.0,0.0,2.0,-0.26092,-0.1128,-0.1167,0.0039,0.22577,68.51,123.69,-2.4862,-0.2358,-0.1019,0.28125,0.29586,0.09512,0.05112,0.10593,-1.255,-0.488,-0.767,7.554516666666667,1.5109033333333335,3.021806666666667,-0.19711244886666668,-0.08521494800000001
2026,2027,Pacific,pacific,San Diego,san diego,2351037,Gavin Ripp,Freshman,F,79,0.8743766666666666,player_id,Gavin Ripp,San Diego,Pacific,-5.1374,226.0,1.8859,117.0,WCC,426.66,700.864,98.0,85.0,23.0,36.0,22.0,39.0,61.0,12.0,3.0,26.0,-1.09822,0.4217,0.1321,0.2896,0.14529,101.4,117.09,9.0272,-0.103,0.0395,0.47059,0.51525,0.15062,0.08587,0.21466,-0.399,1.079,-1.478,85.68891333333332,31.477559999999997,53.33697666666666,-0.9602579428666665,0.3687246403333333
2026,2027,Pacific,pacific,North Carolina,north carolina,2321291,Ivan Matlekovic,Sophomore,F,84,1.4452433333333334,player_id,Ivan Matlekovic,North Carolina,Pacific,20.1146,32.0,11.1241,49.0,ACC,7.14,12.393,2.0,1.0,0.0,0.0,0.0,0.0,0.0,0.0,0.0,0.0,-0.02095,,,0.005,0.0695,,116.85,12.7966,-0.1174,,1.0,1.0,0.0,0.0,0.0,,,,2.890486666666667,0.0,0.0,-0.030277847833333336,0.0
2026,2027,Pacific,pacific,Houston,houston,2111600,Jacob McFarland,Sophomore,F,83,1.45,player_id,Jacob McFarland,Houston,Pacific,33.8434,4.0,13.5559,25.0,B12,10.99,17.925,0.0,1.0,1.0,0.0,1.0,2.0,3.0,1.0,0.0,0.0,-0.02754,0.0182,-0.0184,0.0366,0.06471,46.04,87.39,5.7023,-0.1002,0.0663,0.0,0.0,0.0,0.16482,0.0,,,,0.0,0.0,4.35,-0.039932999999999996,0.02639
2026,2027,Pacific,pacific,Manhattan,manhattan,2351158,Jaden Winston,Junior,G,72,0.6092766666666666,player_id,Jaden Winston,Manhattan,Pacific,-16.2434,329.0,-8.2003,322.0,MAAC,1107.02,1841.461,482.0,345.0,156.0,119.0,21.0,72.0,93.0,80.0,1.0,73.0,3.71848,2.807,1.9218,0.8852,0.2266,113.95,115.75,18.722,0.1344,0.1014,0.51159,0.58269,0.22855,0.04781,0.15001,-1.904,-0.045,-1.859,293.6713533333333,72.50392333333332,56.66272999999999,2.2655830994666664,1.7102396033333331
2026,2027,Pacific,pacific,Stanford,stanford,1903953,Jaylen Thompson,Junior,F,79,1.2936783333333335,player_id,Jaylen Thompson,Stanford,Pacific,12.8207,63.0,8.4233,76.0,ACC,222.93,353.434,46.0,44.0,3.0,6.0,8.0,16.0,24.0,7.0,4.0,7.0,-0.42,0.337,0.0845,0.2525,0.12171,104.19,112.03,8.4481,-0.0754,0.0605,0.5,0.50773,0.04702,0.06656,0.13379,2.218,1.11,1.108,59.50920333333334,7.762070000000001,31.048280000000005,-0.5433449,0.43596959833333343
2026,2027,Penn,penn,Notre Dame,notre dame,2283119,Sir Mohammed,Sophomore,G,78,1.2210533333333333,player_id,Sir Mohammed,Notre Dame,Penn,8.4632,93.0,10.0663,66.0,ACC,506.73,837.005,178.0,169.0,44.0,48.0,28.0,53.0,81.0,15.0,4.0,46.0,-0.66128,0.3489,-0.1731,0.522,0.24033,93.88,113.11,11.2254,-0.0522,0.0275,0.45562,0.4724,0.19113,0.09247,0.19628,-1.189,1.275,-2.464,217.34749333333332,58.61056,98.90532,-0.8074581482666666,0.426025508
2026,2027,Penn St.,penn state,Miami (OH),miami oh,2320433,Brant Byers,Sophomore,F,80,1.174025,player_id,Brant Byers,Miami (OH),Penn St.,8.6415,90.0,-4.3293,252.0,MAC,990.44,1720.195,444.0,278.0,156.0,18.0,26.0,101.0,127.0,20.0,11.0,31.0,3.23824,3.6088,2.3677,1.2411,0.19543,126.55,110.72,16.7276,0.1308,0.1457,0.57734,0.64051,0.03058,0.07617,0.08209,2.741,2.391,0.35,521.2671,21.132450000000002,149.101175,3.801774716,4.23682142
2026,2027,Penn St.,penn state,St. Bonaventure,saint bonaventure,1896057,Dasonte Bowen,Junior,G,74,1.040695,player_id,Dasonte Bowen,St. Bonaventure,Penn St.,2.4417,137.0,1.4439,124.0,A10,1113.94,1844.401,356.0,300.0,108.0,156.0,14.0,84.0,98.0,40.0,0.0,70.0,-1.4147,2.0132,1.1601,0.8531,0.1901,108.72,116.1,12.8393,-0.0508,0.0723,0.44,0.51223,0.24134,0.05242,0.16766,2.458,1.772,0.686,370.48742,162.34841999999998,101.98810999999999,-1.4722712165,2.095127174
2026,2027,Penn St.,penn state,Central Conn. St.,central connecticut,1609006,Jay Rodgers,Senior,G,75,0.6685966666666666,player_id,Jay Rodgers,Central Conn. St.,Penn St.,-12.6842,307.0,-11.3191,358.0,NEC,842.87,1342.61,309.0,251.0,82.0,194.0,2.0,60.0,62.0,11.0,2.0,77.0,1.08288,1.6685,1.1302,0.5382,0.23536,108.53,117.52,15.4113,0.0514,0.0792,0.48207,0.53814,0.45833,0.04413,0.21149,-0.992,1.843,-2.835,206.59636999999998,129.70775333333333,41.45299333333333,0.7240099584,1.1155535383333333
2026,2027,Penn St.,penn state,Davidson,davidson,2306471,Roberts Blums,Sophomore,G,76,1.09089,player_id,Roberts Blums,Davidson,Penn St.,5.4534,109.0,2.5983,109.0,A10,685.61,1079.895,376.0,286.0,72.0,31.0,19.0,85.0,104.0,17.0,0.0,29.0,3.54649,2.4787,1.4887,0.99,0.27697,116.03,108.53,20.3908,0.2069,0.1446,0.57692,0.59175,0.10496,0.09224,0.08365,2.896,1.095,1.801,410.17463999999995,33.817589999999996,113.45255999999999,3.8688304760999994,2.7039890429999995
2026,2027,Penn St.,penn state,UAH,uah,1909478,Thomas Allard,Junior,G,79,1.0,player_id,Thomas Allard,UAH,Penn St.,,,,,,0.0,0.0,0.0,0.0,0.0,0.0,0.0,0.0,0.0,0.0,0.0,0.0,0.0,0.0,0.0,0.0,,,,,,,,,,,,,,,0.0,0.0,0.0,0.0,0.0
2026,2027,Penn St.,penn state,Buffalo,buffalo,2319448,Tim Oboh,Sophomore,F,83,0.9112399999999999,player_id,Tim Oboh,Buffalo,Penn St.,-2.9256,203.0,-3.9556,238.0,MAC,649.71,1073.693,263.0,170.0,114.0,10.0,42.0,106.0,148.0,23.0,47.0,43.0,1.75357,1.5239,0.6003,0.9236,0.21463,106.84,108.83,18.7053,0.108,0.0938,0.60588,0.59718,0.03183,0.14084,0.1634,-1.396,-1.786,0.39,239.65612,9.1124,134.86352,1.5979231268,1.388638636
2026,2027,Pepperdine,pepperdine,Xavier,xavier,2097928,Anthony Robinson,Sophomore,F,82,1.2116983333333333,player_id,Anthony Robinson,Xavier,Pepperdine,7.9019,94.0,11.554,47.0,BE,261.39,456.364,61.0,35.0,53.0,8.0,30.0,33.0,63.0,9.0,14.0,16.0,-0.05901,0.4108,0.096,0.3148,0.14101,102.13,111.22,11.6779,-0.009,0.0629,0.54286,0.52316,0.04985,0.1339,0.21529,-0.859,-2.181,1.322,73.91359833333333,9.693586666666667,76.336995,-0.07150231865,0.4977656753333333
2026,2027,Pepperdine,pepperdine,Stonehill,stonehill,1923646,Ethan Meuser,Senior,G,80,0.59199,player_id,Ethan Meuser,Stonehill,Pepperdine,-17.2806,333.0,-10.5414,352.0,NEC,408.5,655.056,122.0,111.0,35.0,25.0,34.0,70.0,104.0,11.0,14.0,23.0,1.28933,0.938,0.0794,0.8586,0.1965,99.15,101.12,13.9617,0.1263,0.0918,0.46396,0.48259,0.13258,0.1453,0.15395,-1.251,-3.395,2.144,72.22278,14.79975,61.56696,0.7632704667000001,0.55528662
2026,2027,Pepperdine,pepperdine,Butler,butler,2302156,Evan Haywood,Sophomore,G,76,1.2434033333333334,player_id,Evan Haywood,Butler,Pepperdine,9.8042,84.0,10.0079,67.0,BE,564.1,964.227,209.0,198.0,16.0,34.0,13.0,43.0,56.0,16.0,3.0,12.0,1.13864,1.2886,0.7585,0.53,0.18838,114.63,114.19,12.0146,0.0807,0.0914,0.49747,0.50976,0.11157,0.05528,0.05529,-1.56,-1.113,-0.447,259.8712966666667,42.275713333333336,69.63058666666667,1.4157887714666668,1.6022495353333335
2026,2027,Pepperdine,pepperdine,Kent St.,kent state,2117914,Jahari Williamson,Sophomore,G,73,1.011425,player_id,Jahari Williamson,Kent St.,Pepperdine,0.6855,161.0,-2.5733,212.0,MAC,824.12,1443.036,332.0,227.0,65.0,26.0,22.0,41.0,63.0,28.0,1.0,13.0,2.38129,2.7907,2.1587,0.632,0.15513,139.15,116.09,15.2323,0.1156,0.1355,0.61454,0.64945,0.05984,0.04233,0.0484,0.394,0.696,-0.302,335.7931,26.29705,63.719775,2.40849623825,2.8225837475000004
2026,2027,Pepperdine,pepperdine,Long Beach St.,long beach state,2324482,Petar Majstorovic,Sophomore,F,80,0.8603733333333333,player_id,Petar Majstorovic,Long Beach St.,Pepperdine,-5.9776,233.0,0.5345,136.0,BW,953.32,1648.341,432.0,307.0,107.0,53.0,50.0,140.0,190.0,50.0,9.0,69.0,4.15433,2.8268,1.4624,1.3644,0.22418,112.32,108.65,19.0245,0.1743,0.1186,0.57003,0.61,0.114,0.12012,0.16309,2.857,2.043,0.814,371.68128,45.59978666666667,163.47093333333333,3.5742747498666665,2.432103338666667
2026,2027,Pepperdine,pepperdine,North Texas,north texas,1704745,Will McClendon,Senior,G,74,1.0450766666666667,player_id,Will McClendon,North Texas,Pepperdine,2.7046,136.0,1.0251,128.0,Amer,76.64,117.045,41.0,25.0,19.0,4.0,2.0,7.0,9.0,0.0,1.0,3.0,0.35306,0.3643,0.2606,0.1037,0.25576,129.86,109.57,19.0509,0.1843,0.1901,0.5,0.61377,0.11202,0.07153,0.08251,0.757,-0.757,1.514,42.84814333333333,4.180306666666667,9.40569,0.36897476793333334,0.38072142966666667
2026,2027,Pepperdine,pepperdine,Northeastern,northeastern,1911411,Youri Fritz,Senior,F,80,0.7407433333333334,player_id,Youri Fritz,Northeastern,Pepperdine,-10.7554,287.0,-2.175,200.0,CAA,648.42,1097.406,245.0,163.0,96.0,38.0,45.0,90.0,135.0,20.0,22.0,39.0,0.99646,1.3692,0.8486,0.5206,0.19251,111.9,115.66,17.06,0.0615,0.0845,0.59816,0.59698,0.11267,0.12788,0.15968,0.321,-0.07,0.391,181.48211666666668,28.14824666666667,100.00035000000001,0.7381211019333335,1.014225772
2026,2027,Pitt.-Johnstown,pitt johnstown,South Dakota Mines,south dakota mines,2294236,Alec Wendt,Freshman,F,80,1.0,player_id,Alec Wendt,South Dakota Mines,Pitt.-Johnstown,,,,,,0.0,0.0,0.0,0.0,0.0,0.0,0.0,0.0,0.0,0.0,0.0,0.0,0.0,0.0,0.0,0.0,,,,,,,,,,,,,,,0.0,0.0,0.0,0.0,0.0
2026,2027,Pittsburg St.,pittsburg state,Jacksonville,jacksonville,2474831,Charles Caporaso,Sophomore,F,84,0.7282833333333334,player_id,Charles Caporaso,Jacksonville,Pittsburg St.,-11.503,295.0,-4.3292,251.0,ASun,255.52,410.022,89.0,60.0,31.0,8.0,22.0,28.0,50.0,7.0,7.0,10.0,0.51168,0.7451,0.5383,0.2068,0.17519,123.3,115.63,17.4353,0.0801,0.1166,0.55,0.60462,0.06446,0.12391,0.11956,-0.565,-0.877,0.312,64.81721666666667,5.826266666666667,36.41416666666667,0.372648016,0.5426439116666667
2026,2027,Pittsburg St.,pittsburg state,Missouri St.,missouri state,2535228,Collin Clark,Freshman,F,79,0.9108533333333333,player_id,Collin Clark,Missouri St.,Pittsburg St.,-2.9488,204.0,-1.7009,192.0,CUSA,0.0,0.0,0.0,0.0,0.0,0.0,0.0,0.0,0.0,0.0,0.0,0.0,0.0,0.0,0.0,0.0,,,,,,,,,,,,,,,0.0,0.0,0.0,0.0,0.0
2026,2027,Pittsburgh,pittsburgh,Charleston So.,charleston southern,1926381,A'lahn Sumler,Junior,G,76,0.8554833333333333,player_id,A'lahn Sumler,Charleston So.,Pittsburgh,-6.271,236.0,-6.4574,291.0,BSth,827.11,1495.502,521.0,389.0,134.0,104.0,25.0,100.0,125.0,21.0,4.0,67.0,3.64094,2.9288,1.9187,1.01,0.29759,114.71,110.97,21.0026,0.1761,0.1416,0.55656,0.58147,0.26406,0.0765,0.13011,0.699,0.472,0.227,445.7068166666666,88.97026666666666,106.93541666666665,3.1147634876666666,2.5055395866666665
2026,2027,Pittsburgh,pittsburgh,Mercer,mercer,1908246,Armani Mighty,Junior,F,82,0.9691533333333333,player_id,Armani Mighty,Mercer,Pittsburgh,-1.8508,188.0,-5.5005,271.0,SC,941.38,1598.307,385.0,238.0,155.0,29.0,118.0,197.0,315.0,18.0,48.0,48.0,5.39599,3.6283,2.3504,1.2779,0.18789,125.01,109.51,23.2945,0.2293,0.1542,0.63445,0.62867,0.05868,0.18815,0.13552,2.977,1.951,1.026,373.12403333333333,28.105446666666666,305.2833,5.229541695133333,3.516379039333333
2026,2027,Pittsburgh,pittsburgh,Georgia Tech,georgia tech,2099449,Baye Ndongo,Junior,F,81,1.0537433333333335,player_id,Baye Ndongo,Georgia Tech,Pittsburgh,0.2246,169.0,5.7008,87.0,ACC,733.46,1290.624,318.0,225.0,88.0,64.0,78.0,142.0,220.0,22.0,27.0,66.0,3.47458,2.3257,1.0746,1.251,0.21949,111.16,105.6,20.2313,0.1895,0.1268,0.56667,0.60296,0.18021,0.1623,0.20017,1.434,1.017,0.417,335.09038000000004,67.43957333333334,231.82353333333336,3.661315511133334,2.4506908703333337
2026,2027,Pittsburgh,pittsburgh,Gardner-Webb,gardner webb,2302897,Colin Hawkins,Sophomore,G,75,0.55,player_id,Colin Hawkins,Gardner-Webb,Pittsburgh,-26.2564,361.0,-1.3389,177.0,BSth,762.83,1316.881,217.0,208.0,61.0,55.0,20.0,33.0,53.0,27.0,1.0,61.0,-3.32937,-0.957,-0.7865,-0.1705,0.19995,85.5,127.16,7.1605,-0.1746,-0.0502,0.4351,0.4621,0.15331,0.03952,0.20619,-6.696,-3.23,-3.466,119.35000000000001,30.250000000000004,29.150000000000002,-1.8311535,-0.52635
2026,2027,Pittsburgh,pittsburgh,BYU,byu,2389434,Dominique Diomande,Freshman,F,80,1.45,player_id,Dominique Diomande,BYU,Pittsburgh,22.7768,24.0,14.2815,17.0,B12,171.71,299.353,46.0,37.0,16.0,3.0,8.0,22.0,30.0,16.0,3.0,4.0,0.57128,0.5352,0.1718,0.3634,0.1372,113.91,100.98,15.016,0.1331,0.1247,0.48649,0.52273,0.02745,0.09797,0.08326,1.523,-0.216,1.739,66.7,4.35,43.5,0.828356,0.77604
2026,2027,Pittsburgh,pittsburgh,Syracuse,syracuse,2099453,Ibrahim Souare,Sophomore,F,81,1.235845,player_id,Ibrahim Souare,Syracuse,Pittsburgh,9.3507,87.0,9.7239,70.0,ACC,240.26,398.129,25.0,15.0,13.0,5.0,19.0,35.0,54.0,5.0,18.0,10.0,-0.26723,0.4862,0.0778,0.4084,0.06615,105.79,105.61,8.6459,-0.0445,0.0809,0.66667,0.60386,0.03343,0.12879,0.32552,2.624,1.295,1.329,30.896125,6.179225000000001,66.73563,-0.33025485935000004,0.6008678390000001
2026,2027,Pittsburgh,pittsburgh,Alabama,alabama,2319562,Jalil Bethea,Sophomore,G,77,1.45,player_id,Jalil Bethea,Alabama,Pittsburgh,27.2167,12.0,17.2303,2.0,SEC,207.49,379.512,101.0,80.0,31.0,14.0,13.0,30.0,43.0,4.0,2.0,12.0,0.471,0.5729,0.383,0.1898,0.23915,114.84,114.46,15.953,0.0908,0.1104,0.475,0.53953,0.11726,0.10259,0.11359,-0.604,0.088,-0.692,146.45,20.3,62.35,0.68295,0.8307049999999999
2026,2027,Pittsburgh,pittsburgh,North Carolina,north carolina,2305894,Jonathan Powell,Sophomore,F,78,1.4452433333333334,player_id,Jonathan Powell,North Carolina,Pittsburgh,20.1146,32.0,11.1241,49.0,ACC,536.38,897.269,158.0,139.0,29.0,24.0,19.0,60.0,79.0,16.0,2.0,11.0,0.82777,1.4299,0.5848,0.8451,0.15447,113.69,107.09,11.5572,0.0617,0.1066,0.51799,0.52042,0.07466,0.08148,0.06758,2.865,1.056,1.809,228.3484466666667,34.68584,114.17422333333334,1.1963290740333334,2.0665534423333334
2026,2027,Pittsburgh,pittsburgh,Concord,concord,2322627,Kraig Gilbert,Sophomore,F,80,1.0,player_id,Kraig Gilbert,Concord,Pittsburgh,,,,,,0.0,0.0,0.0,0.0,0.0,0.0,0.0,0.0,0.0,0.0,0.0,0.0,0.0,0.0,0.0,0.0,,,,,,,,,,,,,,,0.0,0.0,0.0,0.0,0.0
2026,2027,Pittsburgh,pittsburgh,Syracuse,syracuse,2099451,Naithan George,Junior,G,75,1.235845,player_id,Naithan George,Syracuse,Pittsburgh,9.3507,87.0,9.7239,70.0,ACC,1027.17,1707.401,348.0,274.0,108.0,174.0,18.0,78.0,96.0,47.0,10.0,98.0,1.84351,2.113,0.7742,1.3388,0.21159,104.32,110.06,14.4282,0.0718,0.0823,0.4708,0.54121,0.30242,0.05359,0.2336,5.561,4.762,0.799,430.07406000000003,215.03703000000002,118.64112,2.2782926159500003,2.6113404850000004
2026,2027,Pittsburgh,pittsburgh,Bryant,bryant,2481545,Timofei Rudovskii,Freshman,G,81,0.55,player_id,Timofei Rudovskii,Bryant,Pittsburgh,-22.9639,355.0,-8.1635,320.0,AE,931.22,1466.446,379.0,290.0,96.0,53.0,24.0,116.0,140.0,28.0,21.0,75.0,1.45061,1.4792,0.5363,0.9429,0.23781,102.49,113.31,14.6109,0.0623,0.0635,0.51552,0.57044,0.14046,0.09013,0.18417,-3.041,-1.396,-1.645,208.45000000000002,29.150000000000002,77.0,0.7978355,0.8135600000000001
2026,2027,Point Loma,point loma,CUI,cui,2303150,Kaden Minter,Junior,F,79,1.0,player_id,Kaden Minter,CUI,Point Loma,,,,,,0.0,0.0,0.0,0.0,0.0,0.0,0.0,0.0,0.0,0.0,0.0,0.0,0.0,0.0,0.0,0.0,,,,,,,,,,,,,,,0.0,0.0,0.0,0.0,0.0
2026,2027,Point Loma,point loma,CUI,cui,2567154,Marcellus Edwards,Junior,G,75,1.0,player_id,Marcellus Edwards,CUI,Point Loma,,,,,,0.0,0.0,0.0,0.0,0.0,0.0,0.0,0.0,0.0,0.0,0.0,0.0,0.0,0.0,0.0,0.0,,,,,,,,,,,,,,,0.0,0.0,0.0,0.0,0.0
2026,2027,Point Loma,point loma,Boston U.,boston university,1942271,Otto Landrum,Senior,F,81,0.783775,player_id,Otto Landrum,Boston U.,Point Loma,-8.1735,262.0,-8.941,333.0,PL,0.0,0.0,0.0,0.0,0.0,0.0,0.0,0.0,0.0,0.0,0.0,0.0,0.0,0.0,0.0,0.0,,,,,,,,,,,,,,,0.0,0.0,0.0,0.0,0.0
2026,2027,Point Park,point park,Canisius,canisius,2099694,Nicco DiGiulio,Sophomore,G,70,0.5643733333333333,player_id,Nicco DiGiulio,Canisius,Point Park,-18.9376,342.0,-7.8339,313.0,MAAC,13.32,21.834,2.0,3.0,2.0,3.0,0.0,1.0,1.0,1.0,0.0,2.0,-0.05216,-0.035,-0.0552,0.0202,0.23369,61.2,107.73,2.1322,-0.1566,-0.1051,0.0,0.25641,0.50857,0.04492,0.34014,,,,1.1287466666666666,1.69312,0.5643733333333333,-0.029437713066666663,-0.019753066666666666
2026,2027,Portland,portland,Davidson,davidson,2116918,Hunter Adam,Junior,F,79,1.09089,player_id,Hunter Adam,Davidson,Portland,5.4534,109.0,2.5983,109.0,A10,478.58,754.405,167.0,120.0,24.0,23.0,16.0,55.0,71.0,13.0,7.0,13.0,1.95655,1.755,1.0234,0.7316,0.1648,127.34,107.59,16.7118,0.1635,0.1467,0.62083,0.63936,0.09819,0.08969,0.09055,1.037,1.375,-0.338,182.17863,25.090469999999996,77.45318999999999,2.1343808295,1.9145119499999996
2026,2027,Portland,portland,Louisiana,louisiana,2292698,Jaxon Olvera,Sophomore,G,77,0.6574983333333334,player_id,Jaxon Olvera,Louisiana,Portland,-13.3501,315.0,-4.8362,261.0,SB,960.98,1504.329,452.0,427.0,82.0,62.0,39.0,109.0,148.0,18.0,2.0,80.0,-0.35484,0.6728,-0.2325,0.9053,0.30789,95.16,114.13,13.3543,-0.0148,0.028,0.46019,0.48802,0.16724,0.09486,0.14731,-3.819,-2.775,-1.044,297.1892466666667,40.76489666666667,97.30975333333335,-0.23330670860000002,0.4423648786666667
2026,2027,Portland,portland,East Carolina,east carolina,2480406,Vito Perkovic,Freshman,F,82,0.841305,player_id,Vito Perkovic,East Carolina,Portland,-7.1217,249.0,-0.4504,158.0,Amer,118.95,200.526,37.0,45.0,5.0,1.0,4.0,21.0,25.0,1.0,1.0,1.0,-0.19541,0.0934,-0.0216,0.115,0.20071,94.64,113.86,7.9669,-0.0657,0.0314,0.35556,0.39195,0.01738,0.11694,0.02075,-1.474,-0.396,-1.078,31.128284999999998,0.841305,21.032625,-0.16439941005,0.078577887
2026,2027,Portland St.,portland state,Lubbock Christian,lubbock christian,2575974,Antonio Pusateri,Junior,F,79,1.0,player_id,Antonio Pusateri,Lubbock Christian,Portland St.,,,,,,0.0,0.0,0.0,0.0,0.0,0.0,0.0,0.0,0.0,0.0,0.0,0.0,0.0,0.0,0.0,0.0,,,,,,,,,,,,,,,0.0,0.0,0.0,0.0,0.0
2026,2027,Portland St.,portland state,Western Wash.,western wash,2533403,Dennis Johnson III,Freshman,G,75,1.0,player_id,Dennis Johnson III,Western Wash.,Portland St.,,,,,,0.0,0.0,0.0,0.0,0.0,0.0,0.0,0.0,0.0,0.0,0.0,0.0,0.0,0.0,0.0,0.0,,,,,,,,,,,,,,,0.0,0.0,0.0,0.0,0.0
2026,2027,Portland St.,portland state,North Dakota St.,north dakota state,1910775,Emil Skytta,Junior,G,77,1.0757966666666667,player_id,Emil Skytta,North Dakota St.,Portland St.,4.5478,118.0,-5.6324,274.0,Sum,288.64,475.116,82.0,67.0,16.0,15.0,17.0,26.0,43.0,11.0,1.0,9.0,-0.22608,0.8196,0.363,0.4566,0.14582,116.03,106.95,13.0054,-0.0313,0.1136,0.56716,0.55405,0.09113,0.08933,0.10838,1.501,0.855,0.646,88.21532666666667,16.136950000000002,46.25925666666667,-0.24321611040000002,0.8817229480000001
2026,2027,Portland St.,portland state,Southern Wesleyan,southern wesleyan,2481288,Jaquay Randolph,Junior,F,82,1.0,player_id,Jaquay Randolph,Southern Wesleyan,Portland St.,,,,,,0.0,0.0,0.0,0.0,0.0,0.0,0.0,0.0,0.0,0.0,0.0,0.0,0.0,0.0,0.0,0.0,,,,,,,,,,,,,,,0.0,0.0,0.0,0.0,0.0
2026,2027,Portland St.,portland state,Ole Miss,mississippi,1945370,Koren Johnson,Junior,G,73,1.29263,player_id,Koren Johnson,Ole Miss,Portland St.,12.7578,64.0,14.1129,20.0,SEC,240.25,400.253,46.0,60.0,11.0,36.0,1.0,18.0,19.0,11.0,4.0,11.0,-0.26572,0.0918,-0.1706,0.2624,0.16212,87.64,112.44,7.4598,-0.0442,0.0153,0.31667,0.35494,0.25053,0.04506,0.14504,5.175,2.101,3.074,59.46098,46.534679999999994,24.55997,-0.3434776436,0.118663434
2026,2027,Portland St.,portland state,Utah St.,utah state,2117989,Luke Kearney,Junior,F,79,1.4187666666666667,player_id,Luke Kearney,Utah St.,Portland St.,21.526,27.0,8.2978,78.0,MWC,36.17,59.354,20.0,18.0,2.0,2.0,1.0,2.0,3.0,2.0,0.0,1.0,0.17535,0.1259,0.0707,0.0552,0.2879,114.66,107.63,17.8831,0.1939,0.1392,0.5,0.5291,0.09363,0.05191,0.0503,,,,28.375333333333334,2.8375333333333335,4.2563,0.24878073500000003,0.17862272333333337
2026,2027,Portland St.,portland state,Western Wash.,western wash,2533406,Nehemiah Pollard,Junior,G,76,1.0,player_id,Nehemiah Pollard,Western Wash.,Portland St.,,,,,,0.0,0.0,0.0,0.0,0.0,0.0,0.0,0.0,0.0,0.0,0.0,0.0,0.0,0.0,0.0,0.0,,,,,,,,,,,,,,,0.0,0.0,0.0,0.0,0.0
2026,2027,Portland St.,portland state,DBU,dbu,1917643,Trevor Frank,Junior,G,73,1.0,player_id,Trevor Frank,DBU,Portland St.,,,,,,0.0,0.0,0.0,0.0,0.0,0.0,0.0,0.0,0.0,0.0,0.0,0.0,0.0,0.0,0.0,0.0,,,,,,,,,,,,,,,0.0,0.0,0.0,0.0,0.0
2026,2027,Post,post,Westminster (UT),westminster ut,2504090,Deng Diew,Junior,F,79,1.0,player_id,Deng Diew,Westminster (UT),Post,,,,,,0.0,0.0,0.0,0.0,0.0,0.0,0.0,0.0,0.0,0.0,0.0,0.0,0.0,0.0,0.0,0.0,,,,,,,,,,,,,,,0.0,0.0,0.0,0.0,0.0
2026,2027,Prairie View,prairie view a and m,Charleston So.,charleston southern,2333275,Anthony Gause,Sophomore,G,75,0.8554833333333333,player_id,Anthony Gause,Charleston So.,Prairie View,-6.271,236.0,-6.4574,291.0,BSth,0.0,0.0,0.0,0.0,0.0,0.0,0.0,0.0,0.0,0.0,0.0,0.0,0.0,0.0,0.0,0.0,,,,,,,,,,,,,,,0.0,0.0,0.0,0.0,0.0
2026,2027,Prairie View,prairie view a and m,Alcorn,alcorn state,2345717,Davian Williams,Sophomore,G,72,0.55,player_id,Davian Williams,Alcorn,Prairie View,-20.0308,346.0,-5.2556,269.0,SWAC,843.84,1432.26,249.0,243.0,50.0,43.0,21.0,71.0,92.0,43.0,3.0,50.0,-0.87,0.163,-0.4238,0.5867,0.19094,90.91,116.91,9.3378,-0.0412,0.0077,0.44239,0.46981,0.10369,0.06512,0.15873,-3.776,-0.757,-3.019,136.95000000000002,23.650000000000002,50.6,-0.47850000000000004,0.08965000000000001
2026,2027,Prairie View,prairie view a and m,Rider,rider,2311683,Davis Bynum,Sophomore,F,81,0.55,player_id,Davis Bynum,Rider,Prairie View,-24.1738,357.0,-4.9717,262.0,MAAC,518.43,840.718,164.0,158.0,42.0,13.0,40.0,59.0,99.0,14.0,16.0,25.0,-0.61577,0.3153,0.0001,0.3152,0.20006,96.96,117.87,12.9117,-0.0475,0.0243,0.42405,0.46459,0.05671,0.10668,0.12408,-2.165,-0.442,-1.723,90.2,7.15,54.45,-0.33867350000000007,0.17341500000000004
2026,2027,Prairie View,prairie view a and m,Clayton St.,clayton state,2140523,Eddie Page,Senior,F,81,1.0,player_id,Eddie Page,Clayton St.,Prairie View,,,,,,0.0,0.0,0.0,0.0,0.0,0.0,0.0,0.0,0.0,0.0,0.0,0.0,0.0,0.0,0.0,0.0,,,,,,,,,,,,,,,0.0,0.0,0.0,0.0,0.0
2026,2027,Prairie View,prairie view a and m,Texas St.,texas state,1895647,Jaelyn Lee,Junior,G,78,0.8487133333333333,player_id,Jaelyn Lee,Texas St.,Prairie View,-6.6772,246.0,-7.1147,298.0,SB,105.62,177.607,37.0,31.0,4.0,5.0,7.0,6.0,13.0,7.0,3.0,8.0,0.38739,0.2421,0.0648,0.1773,0.19562,103.91,105.99,14.9041,0.1467,0.0917,0.54839,0.56402,0.09631,0.07182,0.19627,-2.56,-1.231,-1.329,31.402393333333332,4.243566666666666,11.033273333333334,0.3287830582,0.205473498
2026,2027,Prairie View,prairie view a and m,Wyoming,wyoming,2333181,Jared Harris,Sophomore,G,74,1.1586100000000001,player_id,Jared Harris,Wyoming,Prairie View,7.7166,95.0,4.3718,98.0,MWC,109.32,190.79,46.0,34.0,17.0,3.0,7.0,17.0,24.0,7.0,0.0,3.0,0.63365,0.4451,0.2509,0.1942,0.19414,123.26,104.8,19.109,0.2319,0.1629,0.47059,0.55422,0.04511,0.12811,0.06745,0.706,0.214,0.492,53.296060000000004,3.47583,27.80664,0.7341532265000001,0.515697311
2026,2027,Prairie View,prairie view a and m,NIU,northern illinois,2281734,Jaylen Wharton,Junior,F,81,0.5893499999999999,player_id,Jaylen Wharton,NIU,Prairie View,-17.439,334.0,-1.5094,187.0,MAC,115.39,194.334,30.0,25.0,17.0,1.0,6.0,19.0,25.0,1.0,2.0,4.0,-0.4853,0.0505,-0.0397,0.0903,0.16116,91.99,115.87,7.326,-0.1682,0.0175,0.48,0.46154,0.01907,0.1312,0.10965,-1.895,-1.69,-0.205,17.6805,0.5893499999999999,14.733749999999999,-0.286011555,0.029762175
2026,2027,Prairie View,prairie view a and m,Portland St.,portland state,2305523,Sebastian Tidor,Junior,G,77,1.020835,player_id,Sebastian Tidor,Portland St.,Prairie View,1.2501,148.0,-2.4912,210.0,BSky,295.03,513.948,98.0,91.0,15.0,8.0,4.0,29.0,33.0,8.0,1.0,9.0,0.14988,0.5807,0.1288,0.4519,0.18292,102.82,107.52,9.5797,0.0203,0.0787,0.48352,0.50205,0.049,0.06604,0.08443,0.564,-0.9,1.464,100.04182999999999,8.16668,33.687554999999996,0.1530027498,0.5927988845
2026,2027,Presbyterian,presbyterian,Lincoln Memorial,lincoln memorial,2364461,EJ Smith,Sophomore,G,74,1.0,player_id,EJ Smith,Lincoln Memorial,Presbyterian,,,,,,0.0,0.0,0.0,0.0,0.0,0.0,0.0,0.0,0.0,0.0,0.0,0.0,0.0,0.0,0.0,0.0,,,,,,,,,,,,,,,0.0,0.0,0.0,0.0,0.0
2026,2027,Providence,providence,Northwestern,northwestern,2110386,Arrinten Page,Junior,F,83,1.3053316666666668,player_id,Arrinten Page,Northwestern,Providence,13.5199,58.0,12.9989,29.0,B10,662.51,1071.108,296.0,207.0,90.0,53.0,35.0,95.0,130.0,25.0,34.0,36.0,4.12744,2.3273,1.2797,1.0476,0.23026,115.86,107.03,22.3551,0.2492,0.1405,0.57246,0.60016,0.16604,0.11875,0.12739,1.176,0.213,0.963,386.3781733333334,69.18257833333334,169.69311666666667,5.387678134266667,3.0378983878333337
2026,2027,Providence,providence,Fla. Atlantic,florida atlantic,2128714,Devin Vanterpool,Sophomore,G,76,1.0598283333333334,player_id,Devin Vanterpool,Fla. Atlantic,Providence,3.5897,126.0,1.9615,115.0,Amer,697.58,1207.445,335.0,264.0,75.0,54.0,20.0,113.0,133.0,34.0,17.0,49.0,3.56533,2.3347,1.0191,1.3156,0.24269,110.71,103.55,18.5943,0.2044,0.1339,0.52273,0.56397,0.14065,0.10566,0.14162,2.015,0.983,1.032,355.0424916666667,57.23073,140.95716833333333,3.778637751683333,2.4743812098333335
2026,2027,Providence,providence,South Fla.,south florida,2560107,Gavin Hightower,Freshman,G,73,1.3416183333333334,player_id,Gavin Hightower,South Fla.,Providence,16.8971,47.0,3.8094,101.0,Amer,262.42,470.695,106.0,72.0,43.0,45.0,10.0,33.0,43.0,20.0,0.0,31.0,0.39304,0.8066,0.2547,0.5518,0.21359,106.26,101.2,16.6786,0.0599,0.1229,0.53472,0.58306,0.30292,0.08363,0.25427,0.609,0.138,0.471,142.21154333333334,60.372825,57.68958833333333,0.5273096697333334,1.0821493476666666
2026,2027,Providence,providence,UNLV,unlv,2126212,Jacob Bannarbie,Sophomore,F,81,1.106575,player_id,Jacob Bannarbie,UNLV,Providence,6.3945,104.0,7.0394,81.0,MWC,466.42,800.915,155.0,101.0,76.0,40.0,41.0,92.0,133.0,16.0,10.0,35.0,1.1257,1.2376,0.5938,0.6438,0.18159,111.34,109.21,16.441,0.0965,0.1061,0.5297,0.57664,0.15029,0.16922,0.20656,3.071,3.014,0.057,171.519125,44.263000000000005,147.174475,1.2456714775,1.3694972200000002
2026,2027,Providence,providence,Georgetown,georgetown,2111757,Malik Mack,Junior,G,74,1.2685333333333335,player_id,Malik Mack,Georgetown,Providence,11.312,74.0,10.6841,57.0,BE,1097.85,1797.587,463.0,404.0,121.0,141.0,14.0,88.0,102.0,29.0,5.0,68.0,1.57926,2.3058,1.1897,1.1161,0.24736,106.92,113.32,14.4763,0.0575,0.084,0.4505,0.50634,0.26119,0.05352,0.12946,2.441,1.845,0.596,587.3309333333334,178.86320000000003,129.39040000000003,2.0033439520000003,2.9249841600000006
2026,2027,Providence,providence,San Diego St.,san diego state,1890317,Miles Byrd,Junior,G,79,1.339445,player_id,Miles Byrd,San Diego St.,Providence,16.7667,49.0,8.6625,74.0,MWC,905.96,1534.525,338.0,278.0,88.0,85.0,17.0,132.0,149.0,62.0,40.0,63.0,5.4489,2.8894,0.5988,2.2906,0.21526,103.91,96.43,17.3283,0.2406,0.1276,0.48201,0.53363,0.175,0.09699,0.16591,1.448,0.18,1.268,452.73241,113.852825,199.577305,7.2985018605,3.8701923830000005
2026,2027,Providence,providence,Buffalo,buffalo,2134479,Ryan Sabol,Junior,G,74,0.9112399999999999,player_id,Ryan Sabol,Buffalo,Providence,-2.9256,203.0,-3.9556,238.0,MAC,1102.65,1827.929,568.0,447.0,92.0,98.0,19.0,81.0,100.0,20.0,2.0,56.0,3.73219,2.9822,2.4979,0.4843,0.26117,117.33,119.77,18.0237,0.1354,0.1082,0.54698,0.58256,0.18808,0.05607,0.10304,-0.037,0.442,-0.479,517.5843199999999,89.30152,91.124,3.4009208155999997,2.717499928
2026,2027,Providence,providence,Yale,yale,2143595,Samson Aletan,Junior,F,82,1.19832,player_id,Samson Aletan,Yale,Providence,10.0992,81.0,-1.4333,182.0,Ivy,749.98,1196.723,225.0,147.0,94.0,36.0,70.0,97.0,167.0,20.0,41.0,27.0,2.86099,2.7747,1.5864,1.1883,0.15189,126.06,107.0,18.4671,0.1526,0.148,0.57823,0.59713,0.08212,0.13564,0.12537,0.626,0.808,-0.182,269.622,43.139520000000005,200.11944,3.4283815368000004,3.324978504
2026,2027,Purdue Fort Wayne,purdue fort wayne,Manhattan,manhattan,2547144,Anthony Isaac,Junior,F,78,0.6092766666666666,player_id,Anthony Isaac,Manhattan,Purdue Fort Wayne,-16.2434,329.0,-8.2003,322.0,MAAC,749.79,1243.278,294.0,214.0,125.0,27.0,102.0,125.0,227.0,28.0,14.0,36.0,2.93993,2.136,1.4214,0.7146,0.20968,116.25,114.04,20.3268,0.1568,0.114,0.48364,0.54647,0.07613,0.17231,0.11803,-1.712,0.204,-1.916,179.12733999999998,16.45047,138.3058033333333,1.791230750633333,1.3014149599999998
2026,2027,Purdue Fort Wayne,purdue fort wayne,FIU,fiu,2333139,Ashton Williamson,Sophomore,G,74,0.9656266666666666,player_id,Ashton Williamson,FIU,Purdue Fort Wayne,-2.0624,192.0,-1.4048,181.0,CUSA,524.19,921.581,169.0,175.0,18.0,48.0,5.0,47.0,52.0,26.0,2.0,47.0,-0.84997,0.1693,-0.4136,0.5829,0.21153,88.4,112.27,8.6251,-0.0649,0.0129,0.44,0.462,0.16741,0.05401,0.20442,0.862,-0.818,1.68,163.19090666666665,46.35008,50.21258666666667,-0.8207536978666666,0.16348059466666667
2026,2027,Purdue Fort Wayne,purdue fort wayne,Seton Hill,seton hill,2170845,Edir Ortiz,Sophomore,F,81,1.0,player_id,Edir Ortiz,Seton Hill,Purdue Fort Wayne,,,,,,0.0,0.0,0.0,0.0,0.0,0.0,0.0,0.0,0.0,0.0,0.0,0.0,0.0,0.0,0.0,0.0,,,,,,,,,,,,,,,0.0,0.0,0.0,0.0,0.0
2026,2027,Purdue Northwest,purdue northwest,Sioux Falls,sioux falls,2567791,James Spencer III,Junior,F,79,1.0,player_id,James Spencer III,Sioux Falls,Purdue Northwest,,,,,,0.0,0.0,0.0,0.0,0.0,0.0,0.0,0.0,0.0,0.0,0.0,0.0,0.0,0.0,0.0,0.0,,,,,,,,,,,,,,,0.0,0.0,0.0,0.0,0.0
2026,2027,Purdue Northwest,purdue northwest,Cleveland St.,cleveland state,2539387,Kevo St.Hilaire,Freshman,F,82,0.6367566666666666,player_id,Kevo St.Hilaire,Cleveland St.,Purdue Northwest,-14.5946,319.0,-2.1756,201.0,Horz,59.32,100.543,15.0,12.0,4.0,2.0,6.0,6.0,12.0,4.0,1.0,3.0,-0.01186,0.0584,0.0397,0.0187,0.1457,106.88,121.15,12.9067,-0.008,0.0394,0.58333,0.54348,0.07446,0.11784,0.179,0.064,-0.285,0.349,9.55135,1.2735133333333333,7.64108,-0.007551934066666667,0.03718658933333333
2026,2027,Purdue Northwest,purdue northwest,Youngstown St.,youngstown state,2541968,Markus Navarra,Freshman,F,80,0.8955416666666667,player_id,Markus Navarra,Youngstown St.,Purdue Northwest,-3.8675,213.0,-3.9444,237.0,Horz,0.0,0.0,0.0,0.0,0.0,0.0,0.0,0.0,0.0,0.0,0.0,0.0,0.0,0.0,0.0,0.0,,,,,,,,,,,,,,,0.0,0.0,0.0,0.0,0.0
2026,2027,Queens (NC),queens,Wingate,wingate,1954997,Corbin Pack,Senior,G,77,1.0,player_id,Corbin Pack,Wingate,Queens (NC),,,,,,0.0,0.0,0.0,0.0,0.0,0.0,0.0,0.0,0.0,0.0,0.0,0.0,0.0,0.0,0.0,0.0,,,,,,,,,,,,,,,0.0,0.0,0.0,0.0,0.0
2026,2027,Queens (NC),queens,The Citadel,the citadel,2333233,Dante Kearse,Sophomore,F,76,0.55,player_id,Dante Kearse,The Citadel,Queens (NC),-20.1485,347.0,-5.7798,280.0,SC,313.62,495.13,95.0,74.0,23.0,16.0,19.0,28.0,47.0,6.0,1.0,12.0,0.02125,0.4631,0.4146,0.0485,0.16529,114.58,122.93,12.1565,0.0027,0.0591,0.5473,0.5648,0.10555,0.08977,0.12484,-2.96,-1.508,-1.452,52.25000000000001,8.8,25.85,0.011687500000000002,0.254705
2026,2027,Quinnipiac,quinnipiac,Cleveland St.,cleveland state,2287298,Holden Pierre-Louis,Sophomore,F,80,0.6367566666666666,player_id,Holden Pierre-Louis,Cleveland St.,Quinnipiac,-14.5946,319.0,-2.1756,201.0,Horz,430.1,738.749,86.0,68.0,30.0,29.0,22.0,49.0,71.0,6.0,29.0,38.0,-1.57406,-0.246,-0.2356,-0.0104,0.14058,88.9,124.93,7.337,-0.1464,-0.0229,0.54412,0.52956,0.12207,0.09845,0.31879,-2.03,-1.004,-1.026,54.76107333333333,18.465943333333332,45.20972333333333,-1.0022931987333332,-0.15664213999999999
2026,2027,Quinnipiac,quinnipiac,Gannon,gannon,2336223,Lucas Sekasi,Sophomore,G,77,1.0,player_id,Lucas Sekasi,Gannon,Quinnipiac,,,,,,0.0,0.0,0.0,0.0,0.0,0.0,0.0,0.0,0.0,0.0,0.0,0.0,0.0,0.0,0.0,0.0,,,,,,,,,,,,,,,0.0,0.0,0.0,0.0,0.0
2026,2027,Quinnipiac,quinnipiac,St. Thomas Aquinas,saint thomas aquinas,1733041,Michael Parrotta,Senior,F,77,1.0,player_id,Michael Parrotta,St. Thomas Aquinas,Quinnipiac,,,,,,0.0,0.0,0.0,0.0,0.0,0.0,0.0,0.0,0.0,0.0,0.0,0.0,0.0,0.0,0.0,0.0,,,,,,,,,,,,,,,0.0,0.0,0.0,0.0,0.0
2026,2027,Quinnipiac,quinnipiac,La Salle,la salle,2508978,Nas Hart,Freshman,F,82,0.8670366666666667,player_id,Nas Hart,La Salle,Quinnipiac,-5.5778,228.0,5.2334,90.0,A10,202.18,334.608,41.0,42.0,19.0,0.0,32.0,26.0,58.0,2.0,3.0,5.0,-0.36397,0.2209,0.075,0.1459,0.13814,102.57,116.6,10.3957,-0.072,0.0437,0.35714,0.40675,0.0,0.16283,0.09032,-1.288,-1.95,0.662,35.548503333333336,0.0,50.28812666666667,-0.31557533556666667,0.19152839966666668
2026,2027,Quinnipiac,quinnipiac,Assumption,assumption,2140452,Tayeshawn Cunningham-Pemberton,Junior,G,75,1.0,player_id,Tayeshawn Cunningham-Pemberton,Assumption,Quinnipiac,,,,,,0.0,0.0,0.0,0.0,0.0,0.0,0.0,0.0,0.0,0.0,0.0,0.0,0.0,0.0,0.0,0.0,,,,,,,,,,,,,,,0.0,0.0,0.0,0.0,0.0
2026,2027,Radford,radford,UT Arlington,ut arlington,2299497,Cameron Jackson,Sophomore,F,80,1.0174733333333332,player_id,Cameron Jackson,UT Arlington,Radford,1.0484,154.0,0.2126,148.0,WAC,502.97,815.165,115.0,80.0,33.0,14.0,44.0,69.0,113.0,11.0,14.0,26.0,0.20659,1.389,0.3923,0.9967,0.12416,110.05,102.55,12.9234,0.0164,0.1105,0.6125,0.60847,0.05814,0.1351,0.21573,-0.514,-0.295,-0.219,117.00943333333332,14.244626666666665,114.97448666666665,0.2101998159333333,1.41327046
2026,2027,Radford,radford,Austin Peay,austin peay,2474115,Ja'Corey Robinson,Freshman,G,78,0.9947733333333333,player_id,Ja'Corey Robinson,Austin Peay,Radford,-0.3136,172.0,-6.8697,294.0,ASun,477.86,819.195,177.0,135.0,48.0,53.0,18.0,56.0,74.0,26.0,10.0,37.0,0.90698,1.2794,0.4829,0.7965,0.20305,107.73,106.03,16.7415,0.0759,0.1071,0.52222,0.56694,0.20625,0.08908,0.19159,1.254,0.259,0.995,176.07487999999998,52.722986666666664,73.61322666666666,0.9022395178666667,1.2727130026666666
2026,2027,Radford,radford,Miami (FL),miami fl,2311234,Jordyn Kee,Freshman,G,75,1.45,player_id,Jordyn Kee,Miami (FL),Radford,20.6385,30.0,8.3865,77.0,ACC,25.26,44.769,3.0,7.0,0.0,3.0,1.0,2.0,3.0,1.0,0.0,2.0,-0.12801,,,0.0402,0.16829,,106.85,-2.6383,-0.2027,,0.21429,0.21429,0.14111,0.06835,0.22222,-1.079,-0.936,-0.143,4.35,4.35,4.35,-0.18561450000000002,0.0
2026,2027,Radford,radford,UVA Wise,uva wise,2276848,Kolier Pruett,Sophomore,G,76,1.0,player_id,Kolier Pruett,UVA Wise,Radford,,,,,,0.0,0.0,0.0,0.0,0.0,0.0,0.0,0.0,0.0,0.0,0.0,0.0,0.0,0.0,0.0,0.0,,,,,,,,,,,,,,,0.0,0.0,0.0,0.0,0.0
2026,2027,Radford,radford,Ohio St.,ohio state,2487484,Mathieu Grujicic,Freshman,G,78,1.45,player_id,Mathieu Grujicic,Ohio St.,Radford,22.2159,25.0,13.7133,22.0,B10,33.48,59.857,6.0,8.0,7.0,2.0,1.0,4.0,5.0,1.0,0.0,1.0,-0.10227,-0.0253,-0.0688,0.0435,0.17869,72.24,110.18,2.3369,-0.1222,-0.0303,0.1875,0.27027,0.07674,0.0931,0.08278,0.651,0.373,0.278,8.7,2.9,7.25,-0.1482915,-0.036684999999999995
2026,2027,Radford,radford,Marist,marist,2304233,Parby Kabamba,Sophomore,F,78,0.9119183333333333,player_id,Parby Kabamba,Marist,Radford,-2.8849,201.0,-8.9873,336.0,MAAC,505.5,817.592,168.0,159.0,17.0,28.0,21.0,75.0,96.0,11.0,15.0,17.0,1.23683,1.6176,0.336,1.2816,0.19211,105.11,96.49,13.3875,0.0979,0.128,0.49371,0.5045,0.11038,0.10902,0.09265,2.482,0.677,1.805,153.20228,25.53371333333333,87.54415999999999,1.1278879522166667,1.4751190959999998
2026,2027,Radford,radford,Mercer,mercer,2116956,Tristan Gross,Sophomore,G,78,0.9691533333333333,player_id,Tristan Gross,Mercer,Radford,-1.8508,188.0,-5.5005,271.0,SC,334.75,575.623,88.0,68.0,6.0,15.0,22.0,23.0,45.0,9.0,1.0,9.0,0.4335,0.8154,0.6193,0.1961,0.11853,130.79,118.12,13.0632,0.0518,0.0974,0.61765,0.62323,0.07526,0.07638,0.11301,-0.764,0.372,-1.136,85.28549333333333,14.5373,43.6119,0.42012796999999996,0.790247628
2026,2027,Rhode Island,rhode island,Towson,towson,1909402,Dylan Williamson,Senior,G,73,1.0143516666666668,player_id,Dylan Williamson,Towson,Rhode Island,0.8611,157.0,-1.3636,179.0,CAA,1182.97,1849.749,470.0,467.0,48.0,107.0,14.0,67.0,81.0,26.0,3.0,54.0,1.45919,2.6712,1.2135,1.4577,0.23947,106.94,110.88,13.4209,0.0493,0.0903,0.46574,0.48146,0.19846,0.03807,0.09961,0.796,-0.093,0.889,476.74528333333336,108.53562833333335,82.162485,1.4801318084833335,2.709536172
2026,2027,Rhode Island,rhode island,UC Santa Barbara,uc santa barbara,2125519,Jason Fontenet II,Junior,G,78,1.0491766666666666,player_id,Jason Fontenet II,UC Santa Barbara,Rhode Island,2.9506,132.0,-1.4945,186.0,BW,111.13,183.587,27.0,24.0,15.0,5.0,6.0,14.0,20.0,3.0,0.0,7.0,-0.32986,0.0723,-0.0675,0.1398,0.17725,89.42,110.63,7.2067,-0.1187,0.026,0.41667,0.44118,0.07844,0.10998,0.18617,-1.133,-0.228,-0.905,28.32777,5.2458833333333335,20.983533333333334,-0.34608141526666664,0.075855473
2026,2027,Rhode Island,rhode island,UT Martin,tennessee martin,2505178,Matas Deniusas,Freshman,F,81,0.8780249999999999,player_id,Matas Deniusas,UT Martin,Rhode Island,-4.9185,224.0,-9.0788,339.0,OVC,814.56,1318.93,378.0,300.0,112.0,50.0,49.0,105.0,154.0,25.0,25.0,53.0,3.50709,3.1377,1.274,1.8637,0.25261,111.42,99.15,18.2223,0.1722,0.1541,0.48833,0.54108,0.14673,0.10537,0.13175,2.417,1.358,1.059,331.89345,43.90125,135.21585,3.07931269725,2.7549790425
2026,2027,Rice,rice,USC Upstate,usc upstate,2345222,Carmelo Adkins,Sophomore,G,76,0.6762666666666667,player_id,Carmelo Adkins,USC Upstate,Rice,-12.224,302.0,-5.6117,273.0,BSth,908.8,1541.776,381.0,326.0,110.0,46.0,30.0,114.0,144.0,30.0,2.0,62.0,0.7793,1.4695,0.295,1.1745,0.24082,100.06,110.1,13.3278,0.0343,0.0647,0.44785,0.50881,0.10264,0.08828,0.14207,-3.474,-1.772,-1.702,257.6576,31.10826666666667,97.3824,0.5270146133333333,0.9937738666666667
2026,2027,Rice,rice,Seton Hall,seton hall,1947393,Jacob Dar,Junior,F,79,1.3481750000000001,player_id,Jacob Dar,Seton Hall,Rice,16.0905,51.0,9.0536,73.0,BE,311.81,505.529,98.0,76.0,26.0,10.0,28.0,31.0,59.0,9.0,9.0,10.0,1.04893,1.1172,0.5246,0.5925,0.15849,120.4,103.41,16.9943,0.1346,0.1433,0.51316,0.56064,0.06157,0.10903,0.10263,-0.473,-0.171,-0.302,132.12115,13.481750000000002,79.542325,1.41414120275,1.50618111
2026,2027,Rice,rice,Charlotte,charlotte,2540444,Jarne Elouna Eyenga,Freshman,F,82,0.9807466666666667,player_id,Jarne Elouna Eyenga,Charlotte,Rice,-1.1552,182.0,0.6191,135.0,Amer,439.01,699.177,85.0,70.0,23.0,18.0,19.0,52.0,71.0,9.0,3.0,21.0,-1.14165,0.4772,0.1257,0.3515,0.12408,101.96,115.73,7.8168,-0.104,0.0435,0.51429,0.53059,0.07557,0.09756,0.20767,0.668,0.108,0.56,83.36346666666667,17.65344,69.63301333333334,-1.119669432,0.4680123093333333
2026,2027,Richmond,richmond,Bucknell,bucknell,2531874,Amon Dörries,Freshman,F,83,0.6004633333333332,player_id,Amon Dörries,Bucknell,Richmond,-16.7722,331.0,-6.3678,288.0,PL,1070.92,1748.951,534.0,372.0,132.0,46.0,57.0,87.0,144.0,25.0,13.0,89.0,1.02273,2.2304,1.5668,0.6636,0.25674,110.03,117.72,17.7032,0.0382,0.0833,0.57796,0.62079,0.10882,0.08194,0.17146,-5.097,-2.658,-2.439,320.64741999999995,27.62131333333333,86.46671999999998,0.6141118648999998,1.3392734186666664
2026,2027,Richmond,richmond,Monmouth,monmouth,1925672,Andrew Ball,Senior,G,80,0.9822816666666667,player_id,Andrew Ball,Monmouth,Richmond,-1.0631,181.0,-2.9478,219.0,CAA,680.14,1121.41,260.0,202.0,50.0,20.0,33.0,91.0,124.0,21.0,20.0,26.0,2.3373,2.1282,0.9413,1.1869,0.19114,114.18,105.29,17.2312,0.1375,0.1252,0.56931,0.58036,0.06164,0.10532,0.104,1.688,1.015,0.673,255.39323333333334,19.645633333333336,121.80292666666668,2.2958869395,2.090491843
2026,2027,Richmond,richmond,UC Irvine,uc irvine,2111155,Derin Saran,Sophomore,G,77,1.0950883333333334,player_id,Derin Saran,UC Irvine,Richmond,5.7053,107.0,-1.0887,171.0,BW,990.37,1719.571,372.0,368.0,86.0,102.0,43.0,121.0,164.0,57.0,2.0,75.0,1.39395,2.1014,-0.2572,2.3586,0.2394,94.52,98.04,13.2787,0.0563,0.0849,0.42527,0.45835,0.1993,0.08748,0.15598,1.243,-1.299,2.542,407.37286000000006,111.69901000000002,179.59448666666668,1.5264983822500002,2.3012186236666667
2026,2027,Richmond,richmond,Penn St.,penn state,2303032,Dominick Stewart,Sophomore,G,77,1.0885133333333334,player_id,Dominick Stewart,Penn St.,Richmond,2.3108,139.0,10.5717,60.0,B10,720.74,1185.299,211.0,172.0,43.0,52.0,14.0,56.0,70.0,22.0,7.0,26.0,0.58812,1.0235,0.8006,0.2228,0.16058,112.55,121.21,11.6329,0.0326,0.0568,0.51453,0.55265,0.12854,0.0626,0.11986,-1.215,0.952,-2.167,229.67631333333335,56.60269333333334,76.19593333333334,0.6401764616000001,1.1140933966666668
2026,2027,Richmond,richmond,Butler,butler,2472769,Jack McCaffery,Freshman,F,81,1.2434033333333334,player_id,Jack McCaffery,Butler,Richmond,9.8042,84.0,10.0079,67.0,BE,85.89,157.488,25.0,20.0,8.0,4.0,7.0,7.0,14.0,2.0,2.0,4.0,0.15303,0.1806,0.0957,0.0849,0.14884,112.5,113.64,12.4079,0.0713,0.0841,0.475,0.53191,0.06972,0.08655,0.14535,0.641,0.429,0.212,31.085083333333337,4.973613333333334,17.40764666666667,0.1902780121,0.22455864200000003
2026,2027,Richmond,richmond,Butler,butler,2110182,"Jamie Kaiser, Jr.",Sophomore,G,78,1.2434033333333334,player_id,"Jamie Kaiser, Jr.",Butler,Richmond,9.8042,84.0,10.0079,67.0,BE,872.59,1484.779,286.0,225.0,66.0,30.0,40.0,90.0,130.0,36.0,2.0,21.0,1.6108,2.413,1.3904,1.0226,0.15542,121.4,111.6,14.046,0.0738,0.1106,0.52444,0.56299,0.06187,0.08388,0.07635,1.838,1.923,-0.085,355.61335333333335,37.3021,161.64243333333334,2.0028740893333334,3.0003322433333333
2026,2027,Rider,rider,Col. of Charleston,charleston,1931304,Bryce Baker,Senior,G,77,0.9943483333333333,player_id,Bryce Baker,Col. of Charleston,Rider,-0.3391,174.0,-2.4708,207.0,CAA,107.34,180.342,13.0,23.0,2.0,3.0,5.0,7.0,12.0,3.0,0.0,3.0,-0.38465,-0.0522,-0.1565,0.1043,0.12866,70.83,113.8,1.7887,-0.1433,-0.0195,0.26087,0.27197,0.05022,0.06254,0.11161,-0.452,-0.628,0.176,12.926528333333332,2.9830449999999997,11.932179999999999,-0.38247608641666664,-0.051904983
2026,2027,Rider,rider,Drexel,drexel,2118848,Horace Simmons,Sophomore,F,78,0.8796083333333333,player_id,Horace Simmons,Drexel,Rider,-4.8235,223.0,-4.7495,257.0,CAA,66.92,109.947,20.0,20.0,4.0,2.0,3.0,6.0,9.0,0.0,1.0,2.0,-0.12452,0.1018,0.0197,0.0821,0.18055,100.69,110.93,8.4249,-0.0744,0.0609,0.425,0.45872,0.0586,0.0774,0.08418,-1.591,-0.339,-1.252,17.592166666666667,1.7592166666666667,7.916475,-0.10952882966666667,0.08954412833333333
2026,2027,Rider,rider,Saint Francis,saint francis pa,2558307,Kameryn Wylie,Freshman,F,80,0.55,player_id,Kameryn Wylie,Saint Francis,Rider,-22.2465,354.0,-7.0288,297.0,NEC,0.0,0.0,0.0,0.0,0.0,0.0,0.0,0.0,0.0,0.0,0.0,0.0,0.0,0.0,0.0,0.0,,,,,,,,,,,,,,,0.0,0.0,0.0,0.0,0.0
2026,2027,Rider,rider,UMass Lowell,umass lowell,1890522,Khalil Farmer,Junior,G,75,0.6361866666666667,player_id,Khalil Farmer,UMass Lowell,Rider,-14.6288,320.0,-9.4174,346.0,AE,415.49,704.424,104.0,98.0,36.0,13.0,8.0,36.0,44.0,12.0,6.0,16.0,-0.84583,0.3004,-0.0583,0.3587,0.1564,94.84,114.99,6.8566,-0.0814,0.0289,0.41837,0.45694,0.05436,0.06075,0.12323,-4.662,-1.238,-3.424,66.16341333333334,8.270426666666667,27.992213333333332,-0.5381057682666667,0.19111047466666667
2026,2027,Rider,rider,Lafayette,lafayette,2119962,Mark Butler,Junior,G,70,0.6253116666666666,player_id,Mark Butler,Lafayette,Rider,-15.2813,326.0,-7.9402,316.0,PL,1065.6,1747.557,339.0,283.0,121.0,134.0,12.0,55.0,67.0,28.0,3.0,36.0,-1.57203,1.9686,1.29,0.6786,0.18553,111.16,117.55,13.2285,-0.059,0.0739,0.4364,0.50416,0.25306,0.03697,0.09671,-3.596,-2.72,-0.876,211.98065499999998,83.79176333333332,41.89588166666666,-0.9830086993499999,1.2309885469999997
2026,2027,Rider,rider,Akron,akron,2266041,Rich Brisco,Sophomore,F,80,1.22894,player_id,Rich Brisco,Akron,Rider,11.9364,71.0,-3.445,228.0,MAC,15.25,27.056,0.0,3.0,0.0,0.0,0.0,3.0,3.0,0.0,0.0,2.0,-0.14434,,,0.0212,0.1618,,109.14,-13.9385,-0.3786,,0.0,0.0,0.0,0.11063,0.4,,,,0.0,0.0,3.68682,-0.1773851996,0.0
2026,2027,Rider,rider,George Washington,george washington,2299982,Ty Bevins,Sophomore,G,78,1.186985,player_id,Ty Bevins,George Washington,Rider,9.4191,86.0,2.6222,108.0,A10,50.39,85.275,5.0,10.0,2.0,1.0,3.0,3.0,6.0,2.0,0.0,1.0,-0.14839,0.0014,-0.0555,0.0569,0.1166,73.75,111.99,0.471,-0.1178,0.0011,0.15,0.22936,0.02803,0.07132,0.08418,-1.907,-1.063,-0.844,5.934925,1.186985,7.12191,-0.17613670415,0.001661779
2026,2027,Robert Morris,robert morris,UMBC,umbc,2126088,Ace Valentine,Junior,G,75,0.9697166666666667,player_id,Ace Valentine,UMBC,Robert Morris,-1.817,187.0,-14.6218,365.0,AE,986.5,1604.713,361.0,253.0,85.0,114.0,3.0,117.0,120.0,26.0,1.0,41.0,3.87941,3.992,2.2358,1.7562,0.18266,124.19,104.82,17.7971,0.1573,0.1619,0.58498,0.62156,0.21567,0.07253,0.12372,1.545,1.494,0.051,350.0677166666667,110.5477,116.366,3.7619285338333333,3.8711089333333333
2026,2027,Robert Morris,robert morris,Nicholls,nicholls state,2567141,Jalik Dunkley,Sophomore,G,79,0.8551916666666666,player_id,Jalik Dunkley,Nicholls,Robert Morris,-6.2885,237.0,-0.4162,156.0,Slnd,838.6,1403.702,359.0,241.0,148.0,30.0,74.0,120.0,194.0,27.0,19.0,46.0,2.79296,2.2877,1.327,0.9607,0.21642,113.25,111.81,19.4192,0.1332,0.1091,0.58714,0.58641,0.07915,0.13825,0.13064,-0.941,-0.443,-0.498,307.0138083333333,25.655749999999998,165.9071833333333,2.388516117333333,1.9564219758333332
2026,2027,Robert Morris,robert morris,Merrimack,merrimack,2152581,KC Ugwuakazi,Junior,F,80,0.9895266666666667,player_id,KC Ugwuakazi,Merrimack,Robert Morris,-0.6284,177.0,-5.8089,281.0,MAAC,603.55,934.394,165.0,117.0,52.0,20.0,72.0,91.0,163.0,23.0,69.0,22.0,4.06944,2.5423,1.1074,1.4348,0.15029,121.87,98.07,21.005,0.2697,0.1685,0.5812,0.58971,0.07592,0.16151,0.1359,2.261,0.72,1.541,163.2719,19.790533333333332,161.29284666666666,4.0268193984,2.5156736446666668
2026,2027,Robert Morris,robert morris,Cal St. Fullerton,cal state fullerton,2483450,Kiwane Garris Jr,Freshman,G,77,1.000265,player_id,Kiwane Garris Jr,Cal St. Fullerton,Robert Morris,0.0159,170.0,0.8363,130.0,BW,441.54,817.404,216.0,147.0,61.0,16.0,17.0,74.0,91.0,17.0,1.0,13.0,2.17458,1.5668,0.9773,0.5895,0.20196,123.21,109.81,18.8279,0.197,0.1419,0.58844,0.6214,0.07102,0.11216,0.06958,0.59,1.566,-0.976,216.05723999999998,16.00424,91.024115,2.1751562637,1.5672152019999999
2026,2027,Rockhurst,rockhurst,Chowan,chowan,1912901,Eric Gordon Jr.,Junior,G,71,1.0,player_id,Eric Gordon Jr.,Chowan,Rockhurst,,,,,,0.0,0.0,0.0,0.0,0.0,0.0,0.0,0.0,0.0,0.0,0.0,0.0,0.0,0.0,0.0,0.0,,,,,,,,,,,,,,,0.0,0.0,0.0,0.0,0.0
2026,2027,Rockhurst,rockhurst,Minn.-Crookston,minn crookston,2275950,Hunter Lorenson,Sophomore,G,71,1.0,player_id,Hunter Lorenson,Minn.-Crookston,Rockhurst,,,,,,0.0,0.0,0.0,0.0,0.0,0.0,0.0,0.0,0.0,0.0,0.0,0.0,0.0,0.0,0.0,0.0,,,,,,,,,,,,,,,0.0,0.0,0.0,0.0,0.0
2026,2027,Rockhurst,rockhurst,Kansas City,umkc,2297037,Kernan Bundy,Senior,G,75,0.55,player_id,Kernan Bundy,Kansas City,Rockhurst,-25.4268,358.0,-2.1913,203.0,Sum,79.32,143.62,18.0,20.0,9.0,7.0,3.0,4.0,7.0,6.0,0.0,7.0,-0.14121,-0.0971,-0.1457,0.0485,0.19284,76.24,117.83,5.5268,-0.0712,-0.049,0.275,0.375,0.16432,0.0476,0.2261,0.341,-1.167,1.508,9.9,3.8500000000000005,3.8500000000000005,-0.07766550000000001,-0.05340500000000001
2026,2027,Rockhurst,rockhurst,Northeastern St.,northeastern state,2505094,Pierce Ross,Junior,G,76,1.0,player_id,Pierce Ross,Northeastern St.,Rockhurst,,,,,,0.0,0.0,0.0,0.0,0.0,0.0,0.0,0.0,0.0,0.0,0.0,0.0,0.0,0.0,0.0,0.0,,,,,,,,,,,,,,,0.0,0.0,0.0,0.0,0.0
2026,2027,Rutgers,rutgers,Virginia Tech,virginia tech,2481295,Christian Gurdak,Freshman,F,82,1.3014033333333335,player_id,Christian Gurdak,Virginia Tech,Rutgers,13.2842,60.0,9.3722,72.0,ACC,529.2,872.884,173.0,106.0,56.0,10.0,66.0,70.0,136.0,10.0,12.0,18.0,1.58601,2.0786,1.3731,0.7055,0.14405,134.75,109.78,18.6555,0.1199,0.1571,0.63208,0.66233,0.03469,0.15219,0.1211,3.693,-0.422,4.115,225.1427766666667,13.014033333333334,176.99085333333335,2.0640387007000003,2.7050969686666666
2026,2027,Rutgers,rutgers,Central Conn. St.,central connecticut,2107891,"Darin Smith, Jr.",Sophomore,F,79,0.6685966666666666,player_id,"Darin Smith, Jr.",Central Conn. St.,Rutgers,-12.6842,307.0,-11.3191,358.0,NEC,939.91,1497.294,577.0,422.0,171.0,32.0,37.0,111.0,148.0,18.0,7.0,48.0,4.09989,3.3715,2.4694,0.9021,0.31608,116.82,113.93,22.5221,0.1745,0.1435,0.50237,0.58025,0.07919,0.09446,0.08803,0.824,0.605,0.219,385.7802766666666,21.39509333333333,98.95230666666666,2.7411727877,2.2541736616666666
2026,2027,Rutgers,rutgers,Kansas St.,kansas state,2510652,Dorin Buca,Junior,F,86,1.1657333333333333,player_id,Dorin Buca,Kansas St.,Rutgers,6.944,103.0,12.7102,31.0,B12,346.29,619.634,86.0,67.0,30.0,14.0,39.0,50.0,89.0,5.0,35.0,31.0,0.28145,0.4165,-0.0316,0.448,0.15316,95.75,110.17,11.9476,0.0325,0.0481,0.52239,0.53616,0.06393,0.14427,0.27878,1.888,-0.883,2.771,100.25306666666667,16.320266666666665,103.75026666666666,0.32809564666666663,0.4855279333333333
2026,2027,Rutgers,rutgers,Coastal Carolina,coastal carolina,1946868,RaSheed Jones,Junior,G,78,0.84663,player_id,RaSheed Jones,Coastal Carolina,Rutgers,-6.8022,247.0,-5.1732,267.0,SB,1139.95,1900.433,466.0,384.0,114.0,87.0,15.0,124.0,139.0,31.0,15.0,47.0,3.8328,3.323,1.5961,1.7269,0.21801,111.67,107.77,15.8186,0.1345,0.1166,0.48698,0.53662,0.16465,0.0645,0.09768,-2.523,-1.514,-1.009,394.52958,73.65681,117.68157,3.244963464,2.81335149
2026,2027,Rutgers,rutgers,Manhattan,manhattan,2351173,Will Sydnor,Sophomore,F,80,0.6092766666666666,player_id,Will Sydnor,Manhattan,Rutgers,-16.2434,329.0,-8.2003,322.0,MAAC,0.0,0.0,0.0,0.0,0.0,0.0,0.0,0.0,0.0,0.0,0.0,0.0,0.0,0.0,0.0,0.0,,,,,,,,,,,,,,,0.0,0.0,0.0,0.0,0.0
2026,2027,Sacramento St.,sacramento state,UAB,uab,2491803,Joao Das Chagas,Junior,F,82,1.06267,player_id,Joao Das Chagas,UAB,Sacramento St.,3.7602,124.0,-0.7133,166.0,Amer,14.1,29.107,2.0,5.0,0.0,0.0,1.0,4.0,5.0,0.0,0.0,0.0,-0.09826,,,0.0252,0.14975,,104.76,-0.2812,-0.2788,,0.2,0.2,0.0,0.18185,0.0,,,,2.12534,0.0,5.31335,-0.1044179542,0.0
2026,2027,Sacramento St.,sacramento state,CSUN,cal state northridge,1927157,Larry Hughes II,Senior,G,76,0.988625,player_id,Larry Hughes II,CSUN,Sacramento St.,-0.6825,178.0,-0.5026,160.0,BW,993.72,1830.328,556.0,423.0,121.0,28.0,6.0,82.0,88.0,47.0,8.0,44.0,3.00575,3.079,1.8022,1.2768,0.24156,115.88,110.24,16.5391,0.121,0.1239,0.53428,0.58379,0.05132,0.04675,0.08458,0.901,0.87,0.031,549.6754999999999,27.6815,86.999,2.97155959375,3.043976375
2026,2027,Sacramento St.,sacramento state,UC Davis,uc davis,2282764,Marcus Wilson,Freshman,G,75,1.011125,player_id,Marcus Wilson,UC Davis,Sacramento St.,0.6675,162.0,-0.6836,165.0,BW,828.2,1439.263,387.0,302.0,122.0,122.0,10.0,87.0,97.0,33.0,4.0,70.0,1.87525,2.1039,0.8915,1.2124,0.25993,106.12,108.31,16.0732,0.0906,0.1016,0.47848,0.544,0.31514,0.06893,0.16444,0.527,1.147,-0.62,391.305375,123.35725000000001,98.079125,1.8961121562500003,2.1273058875
2026,2027,Sacramento St.,sacramento state,UC Riverside,uc riverside,2114043,Osiris Grady,Junior,F,81,0.7874133333333334,player_id,Osiris Grady,UC Riverside,Sacramento St.,-7.9552,261.0,1.0418,127.0,BW,930.73,1621.484,291.0,255.0,89.0,51.0,38.0,118.0,156.0,9.0,19.0,54.0,-2.1807,0.837,0.0203,0.8167,0.18637,97.22,114.85,10.3031,-0.0937,0.036,0.45882,0.49456,0.1099,0.0955,0.1551,-3.289,-2.003,-1.286,229.13728000000003,40.158080000000005,122.83648000000001,-1.717112256,0.65906496
2026,2027,Sacramento St.,sacramento state,Stonehill,stonehill,1909070,Ridvan Tutic,Junior,F,83,0.59199,player_id,Ridvan Tutic,Stonehill,Sacramento St.,-17.2806,333.0,-10.5414,352.0,NEC,644.27,1043.641,193.0,142.0,50.0,27.0,53.0,161.0,214.0,6.0,17.0,37.0,0.96657,1.9309,0.5456,1.3853,0.16511,108.04,100.58,16.5083,0.06,0.1199,0.58451,0.58841,0.09629,0.18662,0.18408,-1.459,-1.855,0.396,114.25407,15.983730000000001,126.68586,0.5721997743,1.143073491
2026,2027,Sacramento St.,sacramento state,Penn St.,penn state,2149055,Sasa Ciani,Junior,F,82,1.0885133333333334,player_id,Sasa Ciani,Penn St.,Sacramento St.,2.3108,139.0,10.5717,60.0,B10,279.23,462.417,58.0,54.0,22.0,6.0,16.0,37.0,53.0,3.0,5.0,11.0,-0.91511,0.0623,-0.0276,0.0899,0.14317,95.44,121.07,7.6691,-0.1311,0.0089,0.39815,0.45526,0.03715,0.12189,0.1473,-0.109,-0.843,0.734,63.13377333333334,6.531080000000001,57.69120666666667,-0.9961094364666667,0.06781438066666667
2026,2027,Sacred Heart,sacred heart,Richmond,richmond,2322689,Jaylen Robinson,Freshman,F,78,1.0177066666666668,player_id,Jaylen Robinson,Richmond,Sacred Heart,1.0624,153.0,-0.1326,151.0,A10,297.12,495.272,74.0,50.0,34.0,27.0,11.0,31.0,42.0,11.0,8.0,14.0,-0.1981,0.671,0.2541,0.4169,0.13886,109.67,109.0,11.8518,-0.0267,0.0903,0.63,0.56923,0.16996,0.08225,0.1773,-0.926,-0.05,-0.876,75.31029333333333,27.478080000000002,42.743680000000005,-0.20160769066666667,0.6828811733333334
2026,2027,Sacred Heart,sacred heart,Indiana St.,indiana state,2503129,Jo Van Buggenhout,Junior,G,74,0.9072549999999999,player_id,Jo Van Buggenhout,Indiana St.,Sacred Heart,-3.1647,207.0,0.7449,133.0,MVC,527.06,881.814,159.0,144.0,27.0,78.0,8.0,44.0,52.0,16.0,1.0,39.0,-0.10488,0.7315,0.1318,0.5997,0.19385,99.73,111.89,11.2164,-0.008,0.0555,0.48958,0.50994,0.27517,0.05694,0.20012,-2.077,-0.686,-1.391,144.25354499999997,70.76589,47.17726,-0.09515290439999999,0.6636570325
2026,2027,Sacred Heart,sacred heart,Southern N.H.,southern n h,2297035,JoJo Wallace,Sophomore,G,75,1.0,player_id,JoJo Wallace,Southern N.H.,Sacred Heart,,,,,,0.0,0.0,0.0,0.0,0.0,0.0,0.0,0.0,0.0,0.0,0.0,0.0,0.0,0.0,0.0,0.0,,,,,,,,,,,,,,,0.0,0.0,0.0,0.0,0.0
2026,2027,Sacred Heart,sacred heart,Seton Hill,seton hill,2170843,Kedrick Curtis,Junior,F,79,1.0,player_id,Kedrick Curtis,Seton Hill,Sacred Heart,,,,,,0.0,0.0,0.0,0.0,0.0,0.0,0.0,0.0,0.0,0.0,0.0,0.0,0.0,0.0,0.0,0.0,,,,,,,,,,,,,,,0.0,0.0,0.0,0.0,0.0
2026,2027,Sacred Heart,sacred heart,Quinnipiac,quinnipiac,2350355,Samson Reilly,Freshman,G,74,0.8918649999999999,player_id,Samson Reilly,Quinnipiac,Sacred Heart,-4.0881,217.0,-7.5332,307.0,MAAC,220.26,377.806,93.0,76.0,5.0,9.0,2.0,14.0,16.0,4.0,0.0,6.0,0.62983,0.6589,0.4273,0.2316,0.18753,122.85,112.89,13.8171,0.1144,0.1197,0.59211,0.59463,0.08056,0.04071,0.07126,-1.701,-0.76,-0.941,82.943445,8.026784999999999,14.269839999999999,0.56172333295,0.5876498485
2026,2027,St. Anselm,saint anselm,Penn,penn,2313809,Alex Massung,Sophomore,G,76,1.0165283333333333,player_id,Alex Massung,Penn,St. Anselm,0.9917,156.0,-0.1807,152.0,Ivy,47.27,79.925,12.0,13.0,6.0,5.0,2.0,4.0,6.0,1.0,0.0,3.0,-0.19974,0.0077,-0.0424,0.0501,0.19704,87.22,112.86,7.1987,-0.169,0.0065,0.30769,0.38462,0.18989,0.06998,0.16094,-0.083,0.132,-0.215,12.198339999999998,5.0826416666666665,6.099169999999999,-0.2030413693,0.007827268166666667
2026,2027,St. Anselm,saint anselm,New Hampshire,new hampshire,2336173,Antoni Siewruk,Sophomore,G,81,0.55,player_id,Antoni Siewruk,New Hampshire,St. Anselm,-20.7105,349.0,-8.3317,325.0,AE,5.17,8.745,0.0,0.0,1.0,0.0,1.0,1.0,2.0,0.0,0.0,1.0,-0.04079,,,0.0047,0.14414,,114.55,-4.3049,-0.3156,,,0.0,0.0,0.20817,0.69444,,,,0.0,0.0,1.1,-0.022434500000000003,0.0
2026,2027,St. Bonaventure,saint bonaventure,Boston College,boston college,2534670,Akbar Waheed III,Freshman,G,78,1.0630783333333333,player_id,Akbar Waheed III,Boston College,St. Bonaventure,0.7847,158.0,6.0956,83.0,ACC,0.0,0.0,0.0,0.0,0.0,0.0,0.0,0.0,0.0,0.0,0.0,0.0,0.0,0.0,0.0,0.0,,,,,,,,,,,,,,,0.0,0.0,0.0,0.0,0.0
2026,2027,St. Bonaventure,saint bonaventure,NJIT,njit,2337442,Ari Fulton,Sophomore,G,79,0.59924,player_id,Ari Fulton,NJIT,St. Bonaventure,-16.8456,332.0,-9.4685,347.0,AE,916.1,1518.07,341.0,270.0,114.0,39.0,42.0,161.0,203.0,20.0,18.0,47.0,1.84548,2.0753,0.7332,1.3422,0.20995,105.64,108.35,15.314,0.0806,0.0906,0.46667,0.53248,0.09441,0.12315,0.12801,-1.742,-0.492,-1.25,204.34084,23.370359999999998,121.64572,1.1058854352,1.243602772
2026,2027,St. Bonaventure,saint bonaventure,Daemen,daemen,1912879,Benjamin Bill,Junior,F,80,1.0,player_id,Benjamin Bill,Daemen,St. Bonaventure,,,,,,0.0,0.0,0.0,0.0,0.0,0.0,0.0,0.0,0.0,0.0,0.0,0.0,0.0,0.0,0.0,0.0,,,,,,,,,,,,,,,0.0,0.0,0.0,0.0,0.0
2026,2027,St. Bonaventure,saint bonaventure,Penn St.,penn state,2506617,Mason Blackwood,Freshman,F,79,1.0885133333333334,player_id,Mason Blackwood,Penn St.,St. Bonaventure,2.3108,139.0,10.5717,60.0,B10,318.21,523.599,67.0,55.0,9.0,6.0,11.0,35.0,46.0,5.0,1.0,8.0,-0.54446,0.3025,0.2363,0.0662,0.11317,112.05,122.34,8.8331,-0.0684,0.038,0.54545,0.5678,0.03365,0.09444,0.11947,-2.372,-0.598,-1.774,72.93039333333334,6.531080000000001,50.07161333333334,-0.5926519694666668,0.32927528333333334
2026,2027,St. Bonaventure,saint bonaventure,Daemen,daemen,2111727,Ryan Heath,Junior,G,71,1.0,player_id,Ryan Heath,Daemen,St. Bonaventure,,,,,,0.0,0.0,0.0,0.0,0.0,0.0,0.0,0.0,0.0,0.0,0.0,0.0,0.0,0.0,0.0,0.0,,,,,,,,,,,,,,,0.0,0.0,0.0,0.0,0.0
2026,2027,St. Bonaventure,saint bonaventure,Detroit Mercy,detroit,2319571,Ryan Kalambay,Sophomore,F,81,0.8914933333333332,player_id,Ryan Kalambay,Detroit Mercy,St. Bonaventure,-4.1104,218.0,-2.5606,211.0,Horz,610.68,1025.534,128.0,84.0,42.0,16.0,70.0,91.0,161.0,24.0,42.0,17.0,2.39463,1.8906,1.0535,0.8371,0.09649,131.96,109.34,17.2447,0.1569,0.1238,0.58333,0.62439,0.04411,0.14715,0.14228,2.278,0.951,1.327,114.11114666666666,14.263893333333332,143.53042666666664,2.1347966807999996,1.6854572959999998
2026,2027,St. Bonaventure,saint bonaventure,Daemen,daemen,2111728,Zach Philipkoski,Junior,G,76,1.0,player_id,Zach Philipkoski,Daemen,St. Bonaventure,,,,,,0.0,0.0,0.0,0.0,0.0,0.0,0.0,0.0,0.0,0.0,0.0,0.0,0.0,0.0,0.0,0.0,,,,,,,,,,,,,,,0.0,0.0,0.0,0.0,0.0
2026,2027,St. Edward's,saint edwards,West Tex. A&M,west tex a and m,2550054,Camden Cowgill,Freshman,G,76,1.0,player_id,Camden Cowgill,West Tex. A&M,St. Edward's,,,,,,0.0,0.0,0.0,0.0,0.0,0.0,0.0,0.0,0.0,0.0,0.0,0.0,0.0,0.0,0.0,0.0,,,,,,,,,,,,,,,0.0,0.0,0.0,0.0,0.0
2026,2027,St. Edward's,saint edwards,Sul Ross St.,sul ross state,1723773,Jackson Thoele,Junior,G,78,1.0,player_id,Jackson Thoele,Sul Ross St.,St. Edward's,,,,,,0.0,0.0,0.0,0.0,0.0,0.0,0.0,0.0,0.0,0.0,0.0,0.0,0.0,0.0,0.0,0.0,,,,,,,,,,,,,,,0.0,0.0,0.0,0.0,0.0
2026,2027,St. Edward's,saint edwards,Louisiana,louisiana,1926111,Sean Elkinton,Senior,F,80,0.6574983333333334,player_id,Sean Elkinton,Louisiana,St. Edward's,-13.3501,315.0,-4.8362,261.0,SB,0.0,0.0,0.0,0.0,0.0,0.0,0.0,0.0,0.0,0.0,0.0,0.0,0.0,0.0,0.0,0.0,,,,,,,,,,,,,,,0.0,0.0,0.0,0.0,0.0
2026,2027,St. John's (NY),saint johns,Columbia,columbia,1930364,Avery Brown,Senior,G,76,0.9651366666666666,player_id,Avery Brown,Columbia,St. John's (NY),-2.0918,193.0,-3.871,236.0,Ivy,44.7,74.191,13.0,11.0,4.0,1.0,2.0,4.0,6.0,0.0,0.0,6.0,-0.2743,-0.0512,-0.0853,0.0341,0.215,76.86,116.12,0.9027,-0.2455,-0.0459,0.5,0.50781,0.03767,0.08014,0.31983,-1.58,-1.229,-0.351,12.546776666666666,0.9651366666666666,5.79082,-0.26473698766666665,-0.049414997333333335
2026,2027,St. John's (NY),saint johns,Syracuse,syracuse,2324480,Donnie Freeman,Sophomore,F,81,1.235845,player_id,Donnie Freeman,Syracuse,St. John's (NY),9.3507,87.0,9.7239,70.0,ACC,718.89,1198.666,380.0,266.0,133.0,31.0,23.0,143.0,166.0,18.0,21.0,57.0,2.69925,2.2615,1.0206,1.2409,0.27657,108.99,105.32,20.0242,0.1502,0.1258,0.52256,0.58552,0.08423,0.1349,0.1494,2.598,1.193,1.405,469.6211,38.311195000000005,205.15027,3.3358546162500002,2.7948634675
2026,2027,St. John's (NY),saint johns,Mercer,mercer,1702368,Kyle Cuffe Jr.,Senior,G,74,0.9691533333333333,player_id,Kyle Cuffe Jr.,Mercer,St. John's (NY),-1.8508,188.0,-5.5005,271.0,SC,454.52,781.559,190.0,174.0,33.0,8.0,11.0,31.0,42.0,16.0,3.0,21.0,-0.31316,0.5703,0.2439,0.3264,0.23002,102.73,116.65,10.8417,-0.0276,0.0502,0.47126,0.50398,0.03246,0.05195,0.10023,-3.015,1.016,-4.031,184.13913333333332,7.7532266666666665,40.70444,-0.3035000578666667,0.5527081460000001
2026,2027,St. John's (NY),saint johns,Baylor,baylor,2481338,Tounde Yessoufou,Freshman,G,77,1.3807083333333334,player_id,Tounde Yessoufou,Baylor,St. John's (NY),16.2425,50.0,13.6395,23.0,B12,1078.49,1820.601,577.0,471.0,130.0,49.0,80.0,112.0,192.0,61.0,20.0,62.0,5.25117,3.6326,2.2661,1.3665,0.26915,115.4,110.52,21.0634,0.1948,0.1347,0.51062,0.54619,0.08858,0.10352,0.10505,-0.205,0.409,-0.614,796.6687083333334,67.65470833333333,265.096,7.250334178750001,5.015561091666667
2026,2027,Saint Joseph's,saint josephs,Elizabeth City St.,elizabeth city state,2593726,Donovan Flamer,Freshman,F,81,1.0,player_id,Donovan Flamer,Elizabeth City St.,Saint Joseph's,,,,,,0.0,0.0,0.0,0.0,0.0,0.0,0.0,0.0,0.0,0.0,0.0,0.0,0.0,0.0,0.0,0.0,,,,,,,,,,,,,,,0.0,0.0,0.0,0.0,0.0
2026,2027,Saint Joseph's,saint josephs,Oregon St.,oregon state,2126484,Gavin Marrs,Junior,F,84,0.9856483333333333,player_id,Gavin Marrs,Oregon St.,Saint Joseph's,-0.8611,179.0,2.6949,106.0,WCC,0.0,0.0,0.0,0.0,0.0,0.0,0.0,0.0,0.0,0.0,0.0,0.0,0.0,0.0,0.0,0.0,,,,,,,,,,,,,,,0.0,0.0,0.0,0.0,0.0
2026,2027,Saint Joseph's,saint josephs,Maine,maine,2116957,Logan Carey,Junior,G,75,0.55,player_id,Logan Carey,Maine,Saint Joseph's,-20.3087,348.0,-9.4028,344.0,AE,798.28,1267.204,283.0,211.0,100.0,74.0,24.0,61.0,85.0,49.0,5.0,55.0,1.83265,1.8039,0.4377,1.3662,0.22142,102.41,105.6,15.0645,0.0918,0.0904,0.51422,0.5549,0.22224,0.06595,0.17742,-0.065,-0.725,0.66,155.65,40.7,46.75000000000001,1.0079575,0.9921450000000002
2026,2027,Saint Joseph's,saint josephs,Davidson,davidson,1925901,Sean Logan,Senior,F,82,1.09089,player_id,Sean Logan,Davidson,Saint Joseph's,5.4534,109.0,2.5983,109.0,A10,394.34,612.517,91.0,76.0,45.0,17.0,32.0,53.0,85.0,11.0,61.0,20.0,1.94124,0.9702,0.014,0.9561,0.16161,97.43,97.58,16.2625,0.1969,0.0984,0.48684,0.47495,0.08251,0.13007,0.17271,1.34,-0.564,1.904,99.27099,18.54513,92.72564999999999,2.1176793036,1.0583814779999998
2026,2027,Saint Leo,saint leo,Nova Southeastern,nova southeastern,1924165,Blaise Vespe,Senior,F,79,1.0,player_id,Blaise Vespe,Nova Southeastern,Saint Leo,,,,,,0.0,0.0,0.0,0.0,0.0,0.0,0.0,0.0,0.0,0.0,0.0,0.0,0.0,0.0,0.0,0.0,,,,,,,,,,,,,,,0.0,0.0,0.0,0.0,0.0
2026,2027,Saint Leo,saint leo,App State,appalachian state,2475538,Tre Mckinnon,Freshman,F,77,0.9614783333333333,player_id,Tre Mckinnon,App State,Saint Leo,-2.3113,195.0,-5.7475,279.0,SB,0.0,0.0,0.0,0.0,0.0,0.0,0.0,0.0,0.0,0.0,0.0,0.0,0.0,0.0,0.0,0.0,,,,,,,,,,,,,,,0.0,0.0,0.0,0.0,0.0
2026,2027,Saint Louis,saint louis,Colorado,colorado,2540154,Alon Michaeli,Freshman,F,81,1.2792316666666668,player_id,Alon Michaeli,Colorado,Saint Louis,11.9539,70.0,10.6533,58.0,B12,542.34,929.67,219.0,202.0,54.0,32.0,30.0,92.0,122.0,16.0,7.0,32.0,0.4233,0.7601,0.1764,0.5836,0.24117,100.08,112.68,13.9271,0.0312,0.0561,0.44554,0.48494,0.10897,0.13094,0.12415,1.041,2.634,-1.593,280.15173500000003,40.93541333333334,156.06626333333335,0.5414987645,0.9723439898333334
2026,2027,Saint Louis,saint louis,South Carolina,south carolina,2128762,Elijah Strong,Junior,F,80,1.2054850000000001,player_id,Elijah Strong,South Carolina,Saint Louis,7.5291,96.0,10.7656,55.0,SEC,547.6,908.661,319.0,279.0,58.0,30.0,16.0,59.0,75.0,12.0,6.0,30.0,0.56581,1.0192,0.5211,0.4981,0.31994,104.13,114.51,17.3514,0.0413,0.0744,0.49283,0.52381,0.13863,0.08103,0.08968,1.075,2.189,-1.114,384.54971500000005,36.164550000000006,90.411375,0.6820754678500002,1.2286303120000002
2026,2027,Saint Louis,saint louis,Marquette,marquette,2505079,Sheek Pearson,Freshman,F,83,1.2473,player_id,Sheek Pearson,Marquette,Saint Louis,10.038,83.0,11.1206,50.0,BE,0.0,0.0,0.0,0.0,0.0,0.0,0.0,0.0,0.0,0.0,0.0,0.0,0.0,0.0,0.0,0.0,,,,,,,,,,,,,,,0.0,0.0,0.0,0.0,0.0
2026,2027,Saint Martin's,saint martins,Idaho St.,idaho state,2092794,Jaedyn Brown,Sophomore,G,76,0.7977366666666666,player_id,Jaedyn Brown,Idaho St.,Saint Martin's,-7.3358,255.0,-1.1637,172.0,BSky,7.82,11.872,2.0,2.0,0.0,0.0,0.0,0.0,0.0,0.0,0.0,0.0,-0.04723,,,-0.0019,0.1406,,127.39,7.0102,-0.2416,,0.5,0.5,0.0,0.0,0.0,,,,1.5954733333333333,0.0,0.0,-0.037677102766666665,0.0
2026,2027,Saint Mary's (CA),saint marys,Syracuse,syracuse,2531807,Luke Fennell,Freshman,G,78,1.235845,player_id,Luke Fennell,Syracuse,Saint Mary's (CA),9.3507,87.0,9.7239,70.0,ACC,64.9,110.34,11.0,14.0,3.0,4.0,0.0,6.0,6.0,2.0,0.0,2.0,-0.18696,0.0212,-0.053,0.0742,0.13443,83.08,111.85,4.8427,-0.1152,0.0131,0.28571,0.35948,0.09427,0.05038,0.11547,-0.048,-0.639,0.591,13.594295,4.94338,7.41507,-0.2310535812,0.026199914
2026,2027,Saint Mary's (CA),saint marys,UNLV,unlv,2113896,Myles Che,Junior,G,75,1.106575,player_id,Myles Che,UNLV,Saint Mary's (CA),6.3945,104.0,7.0394,81.0,MWC,0.0,0.0,0.0,0.0,0.0,0.0,0.0,0.0,0.0,0.0,0.0,0.0,0.0,0.0,0.0,0.0,,,,,,,,,,,,,,,0.0,0.0,0.0,0.0,0.0
2026,2027,Saint Mary's (CA),saint marys,Miami (FL),miami fl,2507070,Salih Altuntas,Freshman,F,82,1.45,player_id,Salih Altuntas,Miami (FL),Saint Mary's (CA),20.6385,30.0,8.3865,77.0,ACC,251.74,434.409,52.0,35.0,16.0,4.0,20.0,42.0,62.0,7.0,13.0,12.0,-0.05859,0.6841,0.164,0.5201,0.10606,109.73,101.53,11.2461,-0.0093,0.1087,0.65714,0.61905,0.02407,0.1469,0.22206,1.75,1.705,0.045,75.39999999999999,5.8,89.89999999999999,-0.0849555,0.9919450000000001
2026,2027,Saint Mary's (CA),saint marys,California Baptist,cal baptist,2126493,Thomas Ndong,Junior,F,82,1.1012533333333334,player_id,Thomas Ndong,California Baptist,Saint Mary's (CA),6.0752,105.0,-1.642,191.0,WAC,559.63,928.602,158.0,111.0,50.0,12.0,70.0,138.0,208.0,15.0,16.0,31.0,2.33268,2.2607,0.7306,1.5301,0.14617,115.39,94.21,18.0669,0.1667,0.1616,0.57207,0.59398,0.04099,0.20666,0.18902,-0.408,-0.963,0.555,173.99802666666668,13.215040000000002,229.06069333333335,2.5688716256,2.4896034106666667
2026,2027,Saint Mary's (CA),saint marys,Louisville,louisville,2483443,Vangelis Zougris,Junior,F,80,1.45,player_id,Vangelis Zougris,Louisville,Saint Mary's (CA),24.5674,19.0,12.6381,32.0,ACC,245.76,424.952,71.0,49.0,23.0,17.0,35.0,31.0,66.0,9.0,5.0,21.0,0.18936,0.8127,0.342,0.4708,0.15995,113.9,103.25,14.791,0.0308,0.1323,0.57143,0.60068,0.11168,0.15146,0.26211,1.482,1.771,-0.289,102.95,24.65,95.7,0.274572,1.178415
2026,2027,Saint Michael's,saint michaels,New Haven,new haven,2531832,Dior Kennedy,Freshman,G,74,0.6128966666666668,player_id,Dior Kennedy,New Haven,Saint Michael's,-16.0262,328.0,-9.6484,350.0,NEC,4.25,6.628,4.0,5.0,0.0,0.0,0.0,2.0,2.0,1.0,0.0,0.0,0.03717,,,0.0233,0.69477,,63.47,40.4101,0.3498,,0.4,0.4,0.0,0.29879,0.0,,,,2.451586666666667,0.0,1.2257933333333335,0.022781369100000004,0.0
2026,2027,Saint Michael's,saint michaels,Vermont,vermont,2314357,Drew Bessette,Sophomore,F,80,0.8527566666666666,player_id,Drew Bessette,Vermont,Saint Michael's,-6.4346,239.0,-11.1731,357.0,AE,6.58,10.718,0.0,2.0,0.0,1.0,1.0,2.0,3.0,0.0,0.0,0.0,0.02013,,,0.0118,0.16519,,104.61,5.0819,0.1224,,0.0,0.0,0.21519,0.2795,0.0,,,,0.0,0.8527566666666666,2.55827,0.017165991699999997,0.0
2026,2027,Saint Peter's,saint peters,Binghamton,binghamton,2134480,Bryson Wilson,Junior,G,77,0.55,player_id,Bryson Wilson,Binghamton,Saint Peter's,-25.5059,359.0,-12.5326,362.0,AE,736.41,1172.467,251.0,194.0,103.0,25.0,37.0,75.0,112.0,20.0,14.0,51.0,-0.53279,0.5281,0.0238,0.5043,0.22108,97.28,116.98,12.2088,-0.0289,0.0287,0.44072,0.52445,0.07671,0.09596,0.17567,-4.714,-2.099,-2.615,138.05,13.750000000000002,61.60000000000001,-0.29303450000000003,0.290455
2026,2027,Saint Peter's,saint peters,Davenport,davenport,2161682,Ken Walker,Junior,G,71,1.0,player_id,Ken Walker,Davenport,Saint Peter's,,,,,,0.0,0.0,0.0,0.0,0.0,0.0,0.0,0.0,0.0,0.0,0.0,0.0,0.0,0.0,0.0,0.0,,,,,,,,,,,,,,,0.0,0.0,0.0,0.0,0.0
2026,2027,Saint Peter's,saint peters,Toledo,toledo,2488773,Phoenix Glassnor,Freshman,G,72,1.0498883333333333,player_id,Phoenix Glassnor,Toledo,Saint Peter's,2.9933,130.0,-1.1979,175.0,MAC,29.08,52.068,9.0,9.0,0.0,2.0,1.0,2.0,3.0,1.0,0.0,2.0,-0.07711,,,0.0234,0.18726,,115.67,7.854,-0.1061,,0.5,0.5,0.10382,0.05929,0.18182,-0.117,-0.828,0.711,9.448995,2.0997766666666666,3.1496649999999997,-0.08095688938333333,0.0
2026,2027,Saint Peter's,saint peters,Rice,rice,1635482,Trey Patterson,Senior,F,80,0.8776816666666667,player_id,Trey Patterson,Rice,Saint Peter's,-4.9391,225.0,-0.2764,153.0,Amer,104.75,170.164,18.0,23.0,6.0,0.0,3.0,18.0,21.0,2.0,2.0,5.0,-0.45281,-0.0565,-0.1619,0.1054,0.14726,71.67,113.39,4.171,-0.1729,-0.0216,0.30435,0.35156,0.0,0.10954,0.16319,-1.304,-0.447,-0.857,15.79827,0.0,18.431315,-0.39742303548333335,-0.04958901416666667
2026,2027,St. Thomas (MN),saint thomas,Sioux Falls,sioux falls,2567785,Brogan Madson,Freshman,G,73,1.0,player_id,Brogan Madson,Sioux Falls,St. Thomas (MN),,,,,,0.0,0.0,0.0,0.0,0.0,0.0,0.0,0.0,0.0,0.0,0.0,0.0,0.0,0.0,0.0,0.0,,,,,,,,,,,,,,,0.0,0.0,0.0,0.0,0.0
2026,2027,St. Thomas (MN),saint thomas,Green Bay,green bay,2303001,Caden Wilkins,Freshman,F,78,0.9011699999999999,player_id,Caden Wilkins,Green Bay,St. Thomas (MN),-3.5298,211.0,-2.369,206.0,Horz,668.04,1048.632,213.0,164.0,39.0,16.0,19.0,72.0,91.0,9.0,12.0,21.0,0.78729,1.0969,0.7918,0.3051,0.16972,113.53,119.55,11.6698,0.0471,0.0657,0.56402,0.58775,0.04647,0.0885,0.10388,0.348,0.66,-0.312,191.94921,14.418719999999999,82.00647,0.7094821293,0.9884933729999998
2026,2027,St. Thomas (MN),saint thomas,DePaul,depaul,2098108,Jeremy Lorenz,Junior,F,80,1.2002633333333335,player_id,Jeremy Lorenz,DePaul,St. Thomas (MN),7.2158,99.0,8.13,79.0,BE,95.1,164.505,20.0,10.0,16.0,9.0,9.0,7.0,16.0,6.0,1.0,8.0,-0.00516,0.2258,0.0408,0.185,0.13172,102.82,102.86,11.2397,-0.0022,0.095,0.6,0.58824,0.17357,0.09722,0.31949,-0.087,-0.229,0.142,24.00526666666667,10.802370000000002,19.204213333333335,-0.006193358800000001,0.2710194606666667
2026,2027,Sam Houston,sam houston state,Western Colo.,western colo,2337646,Aidan McDowell,Sophomore,G,76,1.0,player_id,Aidan McDowell,Western Colo.,Sam Houston,,,,,,0.0,0.0,0.0,0.0,0.0,0.0,0.0,0.0,0.0,0.0,0.0,0.0,0.0,0.0,0.0,0.0,,,,,,,,,,,,,,,0.0,0.0,0.0,0.0,0.0
2026,2027,Sam Houston,sam houston state,Indiana St.,indiana state,2503126,Enel St. Bernard,Junior,F,78,0.9072549999999999,player_id,Enel St. Bernard,Indiana St.,Sam Houston,-3.1647,207.0,0.7449,133.0,MVC,520.85,867.456,163.0,107.0,60.0,25.0,49.0,106.0,155.0,21.0,31.0,26.0,2.3881,1.7408,0.6692,1.0716,0.1598,114.31,101.57,19.5559,0.1834,0.1337,0.64486,0.61094,0.0937,0.17127,0.16311,2.603,0.655,1.948,147.882565,22.681375,140.62452499999998,2.1666156654999997,1.5793495039999998
2026,2027,Sam Houston,sam houston state,Wisconsin,wisconsin,2292665,Riccardo Greppi,Sophomore,F,82,1.45,player_id,Riccardo Greppi,Wisconsin,Sam Houston,23.0859,23.0,13.5941,24.0,B10,18.2,31.4,0.0,6.0,2.0,2.0,4.0,1.0,5.0,0.0,0.0,2.0,-0.14905,-0.1072,-0.1159,0.0088,0.23963,46.46,119.27,-8.5273,-0.3276,-0.2355,0.0,0.0,0.14245,0.15431,0.22523,,,,0.0,2.9,7.25,-0.21612249999999997,-0.15544
2026,2027,Samford,samford,Coastal Carolina,coastal carolina,2119871,Braeden MacVicar,Junior,F,83,0.84663,player_id,Braeden MacVicar,Coastal Carolina,Samford,-6.8022,247.0,-5.1732,267.0,SB,156.39,260.272,55.0,53.0,16.0,1.0,13.0,22.0,35.0,0.0,2.0,5.0,0.13915,0.2783,0.0623,0.216,0.21488,101.27,109.26,9.2265,0.0356,0.0712,0.41509,0.45833,0.01268,0.11733,0.07688,-0.965,-1.292,0.327,46.56465,0.84663,29.63205,0.11780856449999999,0.23561712899999998
2026,2027,Samford,samford,Montevallo,montevallo,2133361,Brandon Fussell,Junior,G,73,1.0,player_id,Brandon Fussell,Montevallo,Samford,,,,,,0.0,0.0,0.0,0.0,0.0,0.0,0.0,0.0,0.0,0.0,0.0,0.0,0.0,0.0,0.0,0.0,,,,,,,,,,,,,,,0.0,0.0,0.0,0.0,0.0
2026,2027,Samford,samford,New Haven,new haven,2351714,Najimi George,Sophomore,G,76,0.6128966666666668,player_id,Najimi George,New Haven,Samford,-16.0262,328.0,-9.6484,350.0,NEC,973.88,1518.385,320.0,276.0,106.0,45.0,24.0,78.0,102.0,21.0,8.0,48.0,-1.04984,1.121,-0.1047,1.2258,0.21807,95.83,110.6,10.8024,-0.0431,0.046,0.45471,0.49597,0.10641,0.06583,0.12951,-2.041,-1.557,-0.484,196.12693333333337,27.580350000000003,62.51546000000001,-0.6434434365333335,0.6870571633333334
2026,2027,Samford,samford,Creighton,creighton,2315487,Ty Davis,Sophomore,G,76,1.2630466666666667,player_id,Ty Davis,Creighton,Samford,10.9828,76.0,11.636,45.0,BE,367.7,620.37,41.0,37.0,19.0,38.0,16.0,36.0,52.0,11.0,1.0,27.0,-1.20128,0.267,-0.1381,0.4051,0.10185,90.09,112.38,5.8747,-0.1307,0.029,0.35135,0.45154,0.16491,0.07991,0.37313,1.961,-0.067,2.028,51.784913333333336,47.99577333333333,65.67842666666667,-1.5172726997333332,0.33723346000000004
2026,2027,Samford,samford,Belmont,belmont,2113898,Win Miller,Junior,G,75,1.2293266666666667,player_id,Win Miller,Belmont,Samford,11.9596,69.0,-0.669,164.0,MVC,224.59,390.249,67.0,55.0,18.0,16.0,3.0,16.0,19.0,3.0,0.0,19.0,-0.74362,0.2066,-0.0264,0.233,0.18534,95.54,113.02,6.4,-0.1324,0.0368,0.46364,0.53259,0.11056,0.04926,0.23193,-3.353,-2.343,-1.01,82.36488666666666,19.669226666666667,23.357206666666666,-0.9141518958666666,0.25397888933333335
2026,2027,San Diego,san diego,Grambling,grambling state,2566982,Antonio Munoz,Freshman,F,78,0.7258133333333334,player_id,Antonio Munoz,Grambling,San Diego,-11.6512,298.0,-9.3252,342.0,SWAC,662.14,1126.543,331.0,236.0,164.0,50.0,27.0,65.0,92.0,18.0,11.0,71.0,-0.14948,1.2481,0.1671,1.081,0.29341,98.91,106.45,14.7112,-0.009,0.0754,0.47246,0.53699,0.1845,0.08391,0.18726,-0.489,-1.087,0.598,240.24421333333336,36.290666666666674,66.77482666666667,-0.10849457706666668,0.9058876213333334
2026,2027,San Diego,san diego,Ball St.,ball state,2506666,Davion Hill,Sophomore,G,74,0.7280216666666667,player_id,Davion Hill,Ball St.,San Diego,-11.5187,296.0,-4.5008,254.0,MAC,793.03,1266.439,413.0,330.0,100.0,67.0,27.0,103.0,130.0,35.0,9.0,48.0,3.88922,2.3469,1.1976,1.1492,0.2852,109.11,108.4,21.1844,0.1962,0.1184,0.51212,0.55214,0.22,0.09759,0.11374,0.464,1.051,-0.587,300.67294833333335,48.777451666666664,94.64281666666666,2.831436426433333,1.7085940495000003
2026,2027,San Diego,san diego,Grand Canyon,grand canyon,2105893,Dusty Stromer,Junior,G,78,1.25546,player_id,Dusty Stromer,Grand Canyon,San Diego,13.5276,57.0,3.8097,100.0,MWC,723.34,1213.623,204.0,184.0,45.0,34.0,21.0,65.0,86.0,15.0,3.0,32.0,-0.20868,1.5577,0.3172,1.2405,0.1659,103.1,105.48,8.812,-0.0115,0.0861,0.45652,0.50049,0.08489,0.07066,0.13571,-0.985,-1.351,0.366,256.11384,42.68564,107.96956,-0.2619893928,1.9556300420000001
2026,2027,San Diego,san diego,Central Mo.,central mo,1943645,Jevon Hill,Junior,F,81,1.0,player_id,Jevon Hill,Central Mo.,San Diego,,,,,,0.0,0.0,0.0,0.0,0.0,0.0,0.0,0.0,0.0,0.0,0.0,0.0,0.0,0.0,0.0,0.0,,,,,,,,,,,,,,,0.0,0.0,0.0,0.0,0.0
2026,2027,San Diego,san diego,UMBC,umbc,2161207,Jose Roberto Tanchyn,Junior,F,82,0.9697166666666667,player_id,Jose Roberto Tanchyn,UMBC,San Diego,-1.817,187.0,-14.6218,365.0,AE,582.31,939.078,198.0,156.0,37.0,25.0,46.0,131.0,177.0,19.0,16.0,22.0,3.64512,2.4883,1.0534,1.4349,0.1811,118.69,97.2,19.0253,0.2504,0.1709,0.55769,0.57458,0.08065,0.18118,0.11324,1.435,0.838,0.597,192.0039,24.242916666666666,171.63985,3.534733616,2.4129459816666667
2026,2027,San Diego,san diego,UC Riverside,uc riverside,2152573,Marqui Worthy,Sophomore,G,75,0.7874133333333334,player_id,Marqui Worthy,UC Riverside,San Diego,-7.9552,261.0,1.0418,127.0,BW,1050.78,1827.18,498.0,360.0,186.0,90.0,32.0,108.0,140.0,39.0,9.0,103.0,1.40726,1.8523,0.7648,1.0875,0.25834,103.27,113.1,15.2733,0.0536,0.0705,0.49722,0.5636,0.18164,0.07592,0.18905,0.315,-0.05,0.365,392.13184,70.86720000000001,110.23786666666668,1.1080952874666667,1.4585257173333335
2026,2027,San Diego,san diego,Milwaukee,milwaukee,2283165,Sekou Konneh,Freshman,F,81,0.7730750000000001,player_id,Sekou Konneh,Milwaukee,San Diego,-8.8155,268.0,-1.8407,197.0,Horz,398.31,681.111,182.0,147.0,38.0,7.0,60.0,78.0,138.0,16.0,26.0,21.0,2.60933,1.2624,0.7304,0.5319,0.23094,114.72,109.79,23.879,0.262,0.1268,0.54082,0.55589,0.03759,0.19789,0.11369,-1.939,-0.847,-1.092,140.69965000000002,5.411525,106.68435000000001,2.01720778975,0.97592988
2026,2027,San Diego,san diego,Eastern Ill.,eastern illinois,2328280,Terry McMorris,Sophomore,F,79,0.630705,player_id,Terry McMorris,Eastern Ill.,San Diego,-14.9577,324.0,-6.4907,292.0,OVC,785.12,1270.288,226.0,164.0,107.0,42.0,40.0,128.0,168.0,29.0,34.0,45.0,1.86564,1.7958,0.4221,1.3737,0.17354,103.69,105.12,15.4049,0.095,0.0915,0.44207,0.53529,0.11391,0.12676,0.17573,0.186,-0.241,0.427,142.53932999999998,26.48961,105.95844,1.1766684762,1.132620039
2026,2027,San Diego St.,san diego state,Boston U.,boston university,2482546,Chance Gladden,Freshman,G,75,0.783775,player_id,Chance Gladden,Boston U.,San Diego St.,-8.1735,262.0,-8.941,333.0,PL,1084.42,1681.621,466.0,330.0,141.0,145.0,20.0,83.0,103.0,21.0,8.0,87.0,1.34956,2.8675,2.3251,0.5423,0.24906,115.59,119.06,17.4266,0.0498,0.1058,0.52121,0.59439,0.26487,0.06202,0.18161,-2.979,-0.728,-2.251,365.23915,113.647375,80.728825,1.057751389,2.2474748125
2026,2027,San Diego St.,san diego state,Oregon St.,oregon state,2315186,Isaiah Sy,Junior,F,79,0.9856483333333333,player_id,Isaiah Sy,Oregon St.,San Diego St.,-0.8611,179.0,2.6949,106.0,WCC,924.51,1492.25,331.0,273.0,93.0,55.0,28.0,124.0,152.0,20.0,13.0,43.0,1.91975,1.819,0.8233,0.9957,0.20913,106.84,112.66,13.0225,0.0831,0.0787,0.45788,0.52724,0.13021,0.09928,0.12048,-0.131,0.186,-0.317,326.2495983333333,54.210658333333335,149.81854666666666,1.8921983879166668,1.7928943183333332
2026,2027,San Diego St.,san diego state,Sacramento St.,sacramento state,2345801,Jeremiah Cherry,Senior,F,83,0.7771483333333334,player_id,Jeremiah Cherry,Sacramento St.,San Diego St.,-8.5711,266.0,0.9227,129.0,BSky,117.69,203.931,61.0,51.0,14.0,4.0,5.0,22.0,27.0,4.0,6.0,12.0,0.06608,0.0605,-0.0684,0.1289,0.29423,92.28,112.45,17.0421,0.0225,0.0206,0.5098,0.53322,0.09599,0.12745,0.17351,-0.966,-1.182,0.216,47.40604833333334,3.1085933333333338,20.983005000000002,0.05135396186666667,0.04701747416666667
2026,2027,San Diego St.,san diego state,Rice,rice,1952830,Nick Anderson,Senior,G,75,0.8776816666666667,player_id,Nick Anderson,Rice,San Diego St.,-4.9391,225.0,-0.2764,153.0,Amer,872.26,1428.093,465.0,331.0,113.0,32.0,30.0,96.0,126.0,35.0,9.0,31.0,5.13608,3.5442,2.7219,0.8223,0.2371,128.67,114.1,21.786,0.2355,0.1625,0.56495,0.61072,0.08414,0.07895,0.07529,0.443,2.258,-1.815,408.121975,28.085813333333334,110.58789,4.507843254533333,3.110679363
2026,2027,San Francisco,san francisco,Auburn,auburn,2547348,Abdullahi Bashir,Junior,G,79,1.4300000000000002,player_id,Abdullahi Bashir,Auburn,San Francisco,19.2,36.0,14.6562,14.0,SEC,54.27,94.279,12.0,15.0,2.0,3.0,0.0,3.0,3.0,1.0,0.0,3.0,-0.21523,-0.0431,-0.0575,0.0144,0.16412,81.97,121.72,2.3673,-0.1586,-0.0318,0.33333,0.37736,0.08162,0.0299,0.1589,-0.237,-0.112,-0.125,17.160000000000004,4.290000000000001,4.290000000000001,-0.3077789,-0.06163300000000001
2026,2027,San Francisco,san francisco,St. Thomas (MN),saint thomas,2106781,Ben Oosterbaan,Sophomore,G,78,1.08197,player_id,Ben Oosterbaan,St. Thomas (MN),San Francisco,4.9182,115.0,-5.6435,275.0,Sum,761.07,1298.888,235.0,184.0,18.0,47.0,22.0,106.0,128.0,28.0,11.0,22.0,2.35095,2.4649,1.1907,1.2741,0.1481,120.94,105.97,15.0331,0.1236,0.1295,0.60598,0.6123,0.10245,0.10228,0.10284,1.859,1.107,0.752,254.26295000000002,50.852590000000006,138.49216,2.5436573715,2.6669478530000004
2026,2027,San Francisco,san francisco,Gonzaga,gonzaga,2281216,Ismaila Diagne,Sophomore,F,84,1.45,player_id,Ismaila Diagne,Gonzaga,San Francisco,26.9815,15.0,5.8434,86.0,WCC,196.55,347.561,30.0,24.0,15.0,4.0,19.0,48.0,67.0,4.0,16.0,10.0,0.20358,0.6523,0.0176,0.6347,0.10048,98.69,88.66,11.4393,0.0414,0.1327,0.5,0.4902,0.02689,0.189,0.24631,2.47,-0.114,2.584,43.5,5.8,97.14999999999999,0.295191,0.945835
2026,2027,San Jose St.,san jose state,Arkansas St.,arkansas state,2153999,Joey Chammaa,Sophomore,G,71,1.0212766666666666,player_id,Joey Chammaa,Arkansas St.,San Jose St.,1.2766,147.0,-4.1304,245.0,SB,340.9,612.503,194.0,98.0,118.0,35.0,13.0,33.0,46.0,16.0,1.0,32.0,1.63035,1.554,1.0762,0.4777,0.24778,124.98,108.96,21.1904,0.1913,0.1823,0.5051,0.6471,0.18748,0.07181,0.1759,-1.577,-1.56,-0.017,198.12767333333332,35.744683333333334,46.97872666666667,1.6650384134999998,1.58706394
2026,2027,San Jose St.,san jose state,Tulsa,tulsa,2540546,KJ Martin Jr.,Freshman,F,80,1.2567283333333334,player_id,KJ Martin Jr.,Tulsa,San Jose St.,13.6037,56.0,1.9495,116.0,Amer,287.98,484.357,64.0,48.0,19.0,23.0,10.0,32.0,42.0,12.0,1.0,10.0,0.06739,0.8116,0.3887,0.4229,0.11683,121.39,108.29,11.9958,0.0094,0.1127,0.53125,0.56738,0.134,0.08389,0.15069,0.392,1.437,-1.045,80.43061333333334,28.90475166666667,52.782590000000006,0.08469092238333335,1.0199607153333334
2026,2027,San Jose St.,san jose state,Simon Fraser,simon fraser,1387929,Luke Howard,Senior,F,81,1.0,player_id,Luke Howard,Simon Fraser,San Jose St.,,,,,,0.0,0.0,0.0,0.0,0.0,0.0,0.0,0.0,0.0,0.0,0.0,0.0,0.0,0.0,0.0,0.0,,,,,,,,,,,,,,,0.0,0.0,0.0,0.0,0.0
2026,2027,San Jose St.,san jose state,San Francisco,san francisco,2112558,Mookie Cook,Junior,F,78,1.066445,player_id,Mookie Cook,San Francisco,San Jose St.,3.9867,122.0,3.6636,102.0,WCC,497.99,816.328,179.0,133.0,56.0,37.0,25.0,71.0,96.0,14.0,20.0,39.0,1.13567,1.1487,0.4267,0.722,0.20789,106.11,108.54,14.7734,0.0912,0.0923,0.52256,0.56789,0.15567,0.11035,0.19833,0.503,1.952,-1.449,190.89365500000002,39.458465000000004,102.37872000000002,1.2111295931500001,1.2250253715000001
2026,2027,San Jose St.,san jose state,Minnesota,minnesota,1703222,Robert Vaihola,Senior,F,80,1.247705,player_id,Robert Vaihola,Minnesota,San Jose St.,10.0623,82.0,10.4951,62.0,B10,107.44,173.946,25.0,10.0,22.0,7.0,15.0,23.0,38.0,6.0,3.0,5.0,0.73655,0.484,0.2419,0.242,0.11832,128.43,99.55,21.3419,0.2742,0.1802,0.7,0.63452,0.12071,0.2031,0.20259,2.777,0.663,2.114,31.192625000000003,8.733935,47.41279,0.9189971177500001,0.60388922
2026,2027,San Jose St.,san jose state,Tulane,tulane,2113933,Scotty Middleton,Junior,G,78,0.9036416666666667,player_id,Scotty Middleton,Tulane,San Jose St.,-3.3815,210.0,0.2351,146.0,Amer,814.6,1344.671,215.0,194.0,23.0,34.0,32.0,89.0,121.0,14.0,25.0,23.0,0.82132,1.2476,0.5343,0.7133,0.14887,106.94,114.88,10.902,0.0403,0.0613,0.51031,0.5267,0.08723,0.08516,0.10127,-0.306,0.288,-0.594,194.28295833333334,30.723816666666668,109.34064166666667,0.7421789736666667,1.1273833433333333
2026,2027,San Jose St.,san jose state,Columbia,columbia,1930377,Zine Eddine Bedri,Senior,F,81,0.9651366666666666,player_id,Zine Eddine Bedri,Columbia,San Jose St.,-2.0918,193.0,-3.871,236.0,Ivy,122.11,198.589,64.0,46.0,17.0,11.0,7.0,30.0,37.0,3.0,2.0,21.0,0.2042,0.1639,-0.0472,0.2112,0.31142,94.22,105.29,17.3384,0.0669,0.0537,0.58696,0.59813,0.20461,0.17071,0.28195,1.336,0.02,1.316,61.768746666666665,10.616503333333332,35.71005666666667,0.19708090733333333,0.15818589966666666
2026,2027,Santa Clara,santa clara,Kansas St.,kansas state,2313647,David Castillo,Sophomore,G,73,1.1657333333333333,player_id,David Castillo,Kansas St.,Santa Clara,6.944,103.0,12.7102,31.0,B12,901.13,1615.305,329.0,290.0,50.0,57.0,10.0,52.0,62.0,13.0,1.0,43.0,-1.81285,0.9751,0.5524,0.4227,0.18834,104.66,119.41,9.2476,-0.0805,0.0433,0.49655,0.52724,0.10594,0.03858,0.12113,-0.2,-0.739,0.539,383.52626666666663,66.4468,72.27546666666666,-2.113299673333333,1.1367065733333332
2026,2027,Santa Clara,santa clara,Arizona,arizona,2478070,Sidi Gueye,Freshman,F,82,1.45,player_id,Sidi Gueye,Arizona,Santa Clara,38.0595,2.0,15.8848,7.0,B12,89.62,156.959,33.0,18.0,11.0,5.0,5.0,15.0,20.0,2.0,8.0,5.0,0.43437,0.4336,0.193,0.2405,0.14917,128.39,94.83,20.2326,0.1939,0.1935,0.72222,0.72368,0.09019,0.11953,0.1796,0.386,0.546,-0.16,47.85,7.25,29.0,0.6298364999999999,0.62872
2026,2027,Seattle U,seattle,Cincinnati,cincinnati,2321268,Halvine Dzellat,Sophomore,F,82,1.4001783333333335,player_id,Halvine Dzellat,Cincinnati,Seattle U,17.4107,43.0,10.7272,56.0,B12,216.2,364.615,55.0,38.0,18.0,3.0,28.0,23.0,51.0,4.0,3.0,11.0,-0.24933,0.6867,0.2508,0.4359,0.13333,115.17,102.11,12.3868,-0.0461,0.127,0.55263,0.59913,0.02537,0.13112,0.19325,1.933,0.503,1.43,77.00980833333334,4.200535,71.40909500000001,-0.34910646385000005,0.9615024615000001
2026,2027,Seattle U,seattle,Saint Martin's,saint martins,1943592,Kaden Hansen,Senior,G,74,1.0,player_id,Kaden Hansen,Saint Martin's,Seattle U,,,,,,0.0,0.0,0.0,0.0,0.0,0.0,0.0,0.0,0.0,0.0,0.0,0.0,0.0,0.0,0.0,0.0,,,,,,,,,,,,,,,0.0,0.0,0.0,0.0,0.0
2026,2027,Seattle U,seattle,Iowa St.,iowa state,2136429,Mason Williams,Junior,G,77,1.45,player_id,Mason Williams,Iowa St.,Seattle U,32.0047,7.0,12.3948,35.0,B12,0.0,0.0,0.0,0.0,0.0,0.0,0.0,0.0,0.0,0.0,0.0,0.0,0.0,0.0,0.0,0.0,,,,,,,,,,,,,,,0.0,0.0,0.0,0.0,0.0
2026,2027,Seattle U,seattle,Washington St.,washington state,2282762,Tomas Thrastarson,Sophomore,G,78,1.03543,player_id,Tomas Thrastarson,Washington St.,Seattle U,2.1258,140.0,4.655,97.0,WCC,418.93,708.349,164.0,118.0,58.0,21.0,16.0,60.0,76.0,7.0,7.0,28.0,0.29032,0.8417,0.4563,0.3854,0.21035,108.78,114.4,13.9738,0.0277,0.0804,0.50424,0.57143,0.09925,0.10654,0.16325,1.103,-0.629,1.732,169.81052000000003,21.744030000000002,78.69268000000001,0.30060603760000004,0.871521431
2026,2027,Seattle U,seattle,Holy Cross,holy cross,2299337,Tyler Boston,Sophomore,G,72,0.6040116666666667,player_id,Tyler Boston,Holy Cross,Seattle U,-16.5593,330.0,-7.4158,306.0,PL,976.34,1573.927,434.0,317.0,136.0,112.0,6.0,101.0,107.0,26.0,0.0,55.0,2.55679,2.4735,1.7796,0.6938,0.24413,113.51,116.72,17.7183,0.1047,0.1013,0.50631,0.5759,0.25148,0.06758,0.12736,-2.121,-1.288,-0.833,262.14106333333336,67.64930666666667,64.62924833333334,1.5443309892166668,1.4940228575
2026,2027,Seton Hall,seton hall,Western Caro.,western carolina,2306698,Abdulai Fanta Kabba,Sophomore,F,84,0.8691933333333333,player_id,Abdulai Fanta Kabba,Western Caro.,Seton Hall,-5.4484,227.0,-4.0804,243.0,SC,462.73,780.1,113.0,77.0,35.0,9.0,62.0,84.0,146.0,17.0,19.0,25.0,0.92905,1.0861,0.4938,0.5923,0.12466,113.84,110.32,15.9723,0.0803,0.0939,0.66234,0.61147,0.03482,0.17903,0.21295,-0.136,-0.84,0.704,98.21884666666666,7.82274,126.90222666666665,0.8075240663333333,0.9440308793333333
2026,2027,Seton Hall,seton hall,Rutgers,rutgers,2474221,Christopher Nwuli,Freshman,F,80,1.11105,player_id,Christopher Nwuli,Rutgers,Seton Hall,3.663,125.0,11.0455,53.0,B10,303.41,497.041,66.0,51.0,35.0,11.0,17.0,27.0,44.0,6.0,9.0,19.0,-0.81898,0.1868,-0.0646,0.2514,0.14668,93.87,115.4,7.4122,-0.108,0.0246,0.41176,0.49699,0.06693,0.08463,0.22248,1.193,0.331,0.862,73.3293,12.22155,48.8862,-0.9099277290000001,0.20754414000000002
2026,2027,Seton Hall,seton hall,Radford,radford,2305268,Del Jones,Sophomore,G,75,0.7942766666666667,player_id,Del Jones,Radford,Seton Hall,-7.5434,257.0,-7.2526,301.0,BSth,942.97,1666.698,520.0,421.0,169.0,96.0,16.0,92.0,108.0,23.0,11.0,86.0,0.53349,1.7828,0.9138,0.869,0.29899,104.37,114.36,16.0158,0.0226,0.0756,0.45368,0.52483,0.21881,0.0639,0.14793,-3.57,-1.697,-1.873,413.0238666666667,76.25056000000001,85.78188,0.42373865890000006,1.4160364413333335
2026,2027,Seton Hall,seton hall,Fla. Atlantic,florida atlantic,2106224,Devin Williams,Sophomore,F,82,1.0598283333333334,player_id,Devin Williams,Fla. Atlantic,Seton Hall,3.5897,126.0,1.9615,115.0,Amer,749.63,1284.317,232.0,186.0,37.0,42.0,68.0,93.0,161.0,6.0,80.0,41.0,3.52832,2.2569,0.9844,1.2725,0.16079,114.31,105.66,17.5894,0.1883,0.1204,0.55645,0.57341,0.10084,0.11921,0.16853,-0.651,-1.553,0.902,245.88017333333335,44.51279,170.63236166666667,3.7394135050666666,2.3919265655
2026,2027,Seton Hall,seton hall,Dartmouth,dartmouth,2305786,Kareem Thomas,Sophomore,G,77,0.7620616666666667,player_id,Kareem Thomas,Dartmouth,Seton Hall,-9.4763,276.0,-2.63,214.0,Ivy,712.22,1198.828,382.0,244.0,161.0,35.0,9.0,59.0,68.0,13.0,5.0,58.0,0.06624,1.4766,1.0352,0.4414,0.27387,109.39,117.74,15.5979,0.0037,0.0829,0.52254,0.60673,0.11482,0.05484,0.15556,-1.372,-1.09,-0.282,291.1075566666667,26.672158333333336,51.820193333333336,0.0504789648,1.125260257
2026,2027,Seton Hall,seton hall,Bowling Green,bowling green,2106723,Mayar Wol,Sophomore,F,80,1.0227233333333334,player_id,Mayar Wol,Bowling Green,Seton Hall,1.3634,144.0,-3.7275,233.0,MAC,587.02,1009.211,299.0,225.0,56.0,19.0,16.0,58.0,74.0,23.0,12.0,31.0,2.6617,1.9574,0.9943,0.963,0.23975,113.96,106.23,18.5562,0.1814,0.1334,0.57333,0.59896,0.06573,0.07325,0.11046,-0.571,0.537,-1.108,305.7942766666667,19.431743333333337,75.68152666666667,2.7221826963333338,2.001878652666667
2026,2027,Seton Hall,seton hall,Illinois,illinois,2548110,Mihailo Petrovic,Sophomore,G,75,1.45,player_id,Mihailo Petrovic,Illinois,Seton Hall,33.6649,5.0,14.668,12.0,B10,107.95,178.902,31.0,36.0,6.0,21.0,5.0,9.0,14.0,3.0,0.0,13.0,-0.30677,0.0903,-0.0653,0.1556,0.24174,91.89,108.62,8.7315,-0.1137,0.0335,0.36111,0.40155,0.32145,0.07127,0.25174,-1.473,-1.551,0.078,44.949999999999996,30.45,20.3,-0.44481649999999995,0.130935
2026,2027,Seton Hall,seton hall,Xavier,xavier,1924051,Roddie Anderson III,Senior,G,75,1.2116983333333333,player_id,Roddie Anderson III,Xavier,Seton Hall,7.9019,94.0,11.554,47.0,BE,784.37,1369.639,359.0,322.0,90.0,74.0,19.0,91.0,110.0,44.0,5.0,44.0,0.98066,1.2732,0.3881,0.8851,0.25741,101.41,112.07,15.3254,0.05,0.0649,0.45652,0.4964,0.17724,0.07834,0.10848,-2.373,-1.542,-0.831,434.9997016666667,89.66567666666667,133.28681666666665,1.1882640875666666,1.5427343180000002
2026,2027,Seton Hall,seton hall,LMU (CA),loyola marymount,2099869,Rodney Brown Jr.,Junior,G,78,1.0094666666666667,player_id,Rodney Brown Jr.,LMU (CA),Seton Hall,0.568,165.0,0.2503,145.0,WCC,986.62,1632.853,418.0,348.0,51.0,52.0,13.0,60.0,73.0,21.0,2.0,47.0,1.73744,2.1701,1.1376,1.0325,0.22062,109.31,112.9,13.4399,0.0704,0.088,0.54023,0.56425,0.10777,0.04297,0.11259,0.886,0.05,0.836,421.9570666666667,52.49226666666667,73.69106666666667,1.7538877653333336,2.1906436133333336
2026,2027,Seton Hall,seton hall,Texas,texas,2112487,Simeon Wilcher,Junior,G,76,1.45,player_id,Simeon Wilcher,Texas,Seton Hall,20.5737,31.0,15.0696,10.0,SEC,650.78,1091.848,189.0,164.0,46.0,61.0,13.0,50.0,63.0,22.0,10.0,41.0,0.0724,1.0855,0.4677,0.6178,0.17531,106.08,114.05,10.5656,0.0045,0.0667,0.44817,0.51303,0.15712,0.05759,0.18203,3.263,1.777,1.486,274.05,88.45,91.35,0.10498,1.573975
2026,2027,Siena,siena,Gannon,gannon,2336227,Pace Prosser,Sophomore,G,74,1.0,player_id,Pace Prosser,Gannon,Siena,,,,,,0.0,0.0,0.0,0.0,0.0,0.0,0.0,0.0,0.0,0.0,0.0,0.0,0.0,0.0,0.0,0.0,,,,,,,,,,,,,,,0.0,0.0,0.0,0.0,0.0
2026,2027,Siena,siena,VMI,vmi,2110985,Tan Yildizoglu,Junior,G,76,0.55,player_id,Tan Yildizoglu,VMI,Siena,-26.1602,360.0,-5.8423,282.0,SC,917.77,1522.947,301.0,279.0,79.0,129.0,25.0,78.0,103.0,42.0,1.0,71.0,-0.91983,0.0702,0.0676,0.0026,0.21877,97.67,124.63,12.3731,-0.0401,0.0031,0.44982,0.4796,0.31118,0.06259,0.18453,-5.894,-1.655,-4.239,165.55,70.95,56.650000000000006,-0.5059065,0.038610000000000005
2026,2027,Simon Fraser,simon fraser,Weber St.,weber state,2326109,David Hansen,Freshman,F,81,0.9112416666666666,player_id,David Hansen,Weber St.,Simon Fraser,-2.9255,202.0,-2.479,209.0,BSky,107.47,188.359,27.0,26.0,6.0,2.0,5.0,18.0,23.0,2.0,0.0,6.0,-0.03772,0.0874,-0.0157,0.1031,0.15949,94.85,113.96,6.2461,-0.014,0.0325,0.40385,0.47203,0.0305,0.12589,0.17321,-0.972,-1.291,0.319,24.603524999999998,1.8224833333333332,20.958558333333333,-0.03437203566666666,0.07964252166666667
2026,2027,SIUE,siu edwardsville,Saint Francis,saint francis pa,1946946,Gestin Liberis,Senior,F,81,0.55,player_id,Gestin Liberis,Saint Francis,SIUE,-22.2465,354.0,-7.0288,297.0,NEC,698.15,1198.024,203.0,127.0,105.0,30.0,65.0,75.0,140.0,8.0,12.0,46.0,-1.19872,0.7745,0.621,0.1535,0.15841,108.68,122.21,11.6513,-0.0687,0.0444,0.53543,0.58603,0.08191,0.11944,0.20985,-1.897,-1.96,0.063,111.65,16.5,77.0,-0.6592960000000001,0.425975
2026,2027,SIUE,siu edwardsville,NIU,northern illinois,2289044,Gianni Cobb,Sophomore,G,72,0.5893499999999999,player_id,Gianni Cobb,NIU,SIUE,-17.439,334.0,-1.5094,187.0,MAC,817.74,1382.954,274.0,236.0,106.0,101.0,17.0,57.0,74.0,43.0,0.0,66.0,-0.70469,0.6359,-0.031,0.6669,0.21461,96.58,115.5,11.5054,-0.0345,0.0311,0.44492,0.48478,0.27917,0.05368,0.18931,-0.874,-1.365,0.491,161.48189999999997,59.52434999999999,43.61189999999999,-0.41530905149999997,0.37476766499999997
2026,2027,SIUE,siu edwardsville,Alabama,alabama,2583223,Jacob Martin,Freshman,F,82,1.45,player_id,Jacob Martin,Alabama,SIUE,27.2167,12.0,17.2303,2.0,SEC,13.19,24.089,3.0,1.0,2.0,1.0,1.0,0.0,1.0,0.0,3.0,0.0,0.08517,0.0542,0.0408,0.0134,0.06513,180.89,113.35,21.5858,0.2583,0.1643,1.0,0.78947,0.10326,0.03726,0.0,,,,4.35,1.45,1.45,0.1234965,0.07859
2026,2027,Slippery Rock,slippery rock,Pitt.-Johnstown,pitt johnstown,2328150,Jay Rose,Sophomore,F,77,1.0,player_id,Jay Rose,Pitt.-Johnstown,Slippery Rock,,,,,,0.0,0.0,0.0,0.0,0.0,0.0,0.0,0.0,0.0,0.0,0.0,0.0,0.0,0.0,0.0,0.0,,,,,,,,,,,,,,,0.0,0.0,0.0,0.0,0.0
2026,2027,SMU,smu,North Texas,north texas,2144227,David Terrell Jr.,Junior,G,76,1.0450766666666667,player_id,David Terrell Jr.,North Texas,SMU,2.7046,136.0,1.0251,128.0,Amer,1034.28,1671.111,423.0,326.0,192.0,153.0,20.0,98.0,118.0,52.0,9.0,65.0,3.68126,3.4005,1.381,2.0195,0.23802,109.16,102.89,17.7708,0.1424,0.1315,0.45092,0.51523,0.32928,0.06589,0.1367,1.356,-0.141,1.497,442.06743,159.89673,123.31904666666667,3.847198929933333,3.5537832050000002
2026,2027,SMU,smu,Santa Clara,santa clara,2119928,Gehrig Normand,Sophomore,G,77,1.37698,player_id,Gehrig Normand,Santa Clara,SMU,19.0188,38.0,6.1685,82.0,WCC,0.0,0.0,0.0,0.0,0.0,0.0,0.0,0.0,0.0,0.0,0.0,0.0,0.0,0.0,0.0,0.0,,,,,,,,,,,,,,,0.0,0.0,0.0,0.0,0.0
2026,2027,SMU,smu,Utah,utah,2474918,Jacob Patrick,Junior,G,78,1.1091133333333334,player_id,Jacob Patrick,Utah,SMU,3.5468,128.0,11.7731,43.0,B12,203.0,354.269,72.0,53.0,4.0,5.0,1.0,13.0,14.0,3.0,6.0,3.0,0.45594,0.4666,0.3891,0.0774,0.14098,130.23,120.39,12.6364,0.0898,0.0919,0.66038,0.65693,0.04411,0.0379,0.05194,3.607,1.838,1.769,79.85616,5.545566666666667,15.527586666666668,0.5056891332000001,0.5175122813333334
2026,2027,SMU,smu,UConn,connecticut,2106198,Jaylin Stewart,Junior,F,79,1.45,player_id,Jaylin Stewart,UConn,SMU,29.7785,9.0,14.3188,16.0,BE,519.99,852.383,133.0,114.0,27.0,35.0,22.0,62.0,84.0,15.0,10.0,23.0,0.27767,1.4913,0.4137,1.0775,0.14839,108.89,101.44,11.4566,0.0214,0.1147,0.51316,0.5282,0.11083,0.09485,0.15449,3.077,0.96,2.117,192.85,50.75,121.8,0.40262149999999997,2.162385
2026,2027,SMU,smu,Oregon St.,oregon state,2315156,Johan Munch,Sophomore,F,83,0.9856483333333333,player_id,Johan Munch,Oregon St.,SMU,-0.8611,179.0,2.6949,106.0,WCC,651.92,1056.092,245.0,169.0,104.0,32.0,55.0,103.0,158.0,23.0,23.0,47.0,1.49306,1.6207,0.6522,0.9686,0.2174,107.04,108.1,17.1416,0.0916,0.0994,0.52959,0.5703,0.1167,0.14681,0.17955,-1.556,-1.532,-0.024,241.48384166666668,31.540746666666667,155.73243666666667,1.4716321005666668,1.5974402538333334
2026,2027,SMU,smu,Texas,texas,2305495,Nic Codie,Sophomore,F,80,1.45,player_id,Nic Codie,Texas,SMU,20.5737,31.0,15.0696,10.0,SEC,371.55,615.511,90.0,77.0,25.0,19.0,25.0,45.0,70.0,3.0,13.0,14.0,-0.08295,0.7196,0.381,0.3386,0.1379,112.72,114.48,12.0989,-0.0089,0.0775,0.48052,0.51136,0.08721,0.11107,0.13725,-0.495,0.591,-1.086,130.5,27.55,101.5,-0.1202775,1.04342
2026,2027,SMU,smu,Tulane,tulane,1918656,Rowan Brumbaugh,Junior,G,76,0.9036416666666667,player_id,Rowan Brumbaugh,Tulane,SMU,-3.3815,210.0,0.2351,146.0,Amer,1154.39,1913.412,610.0,405.0,234.0,111.0,29.0,125.0,154.0,49.0,6.0,76.0,5.51192,3.8432,2.6346,1.2086,0.2701,115.99,112.97,21.0507,0.191,0.1332,0.52222,0.60039,0.2324,0.07648,0.13015,-0.609,0.017,-0.626,551.2214166666666,100.304225,139.16081666666668,4.980800575333333,3.4728756533333334
2026,2027,South Alabama,south alabama,Staten Island,staten island,2137126,Aaron Goldstein,Junior,G,72,1.0,player_id,Aaron Goldstein,Staten Island,South Alabama,,,,,,0.0,0.0,0.0,0.0,0.0,0.0,0.0,0.0,0.0,0.0,0.0,0.0,0.0,0.0,0.0,0.0,,,,,,,,,,,,,,,0.0,0.0,0.0,0.0,0.0
2026,2027,South Carolina,south carolina,Wisconsin,wisconsin,2491503,Aleksas Bieliauskas,Freshman,F,82,1.45,player_id,Aleksas Bieliauskas,Wisconsin,South Carolina,23.0859,23.0,13.5941,24.0,B10,704.89,1179.615,171.0,144.0,30.0,30.0,53.0,100.0,153.0,6.0,21.0,28.0,0.17622,1.5401,0.7422,0.7979,0.13392,113.71,112.02,11.3204,0.01,0.0874,0.52778,0.54389,0.07084,0.12499,0.15119,0.856,1.202,-0.346,247.95,43.5,221.85,0.255519,2.233145
2026,2027,South Carolina,south carolina,Texas,texas,1911497,Camden Heide,Junior,F,79,1.45,player_id,Camden Heide,Texas,South Carolina,20.5737,31.0,15.0696,10.0,SEC,768.73,1279.13,198.0,142.0,17.0,20.0,28.0,63.0,91.0,14.0,4.0,12.0,0.96937,2.089,1.5293,0.5597,0.10663,140.84,116.53,11.4364,0.0504,0.1087,0.65493,0.66221,0.04384,0.07045,0.07431,3.252,3.483,-0.231,287.09999999999997,29.0,131.95,1.4055864999999998,3.02905
2026,2027,South Carolina,south carolina,Alabama,alabama,2550730,Davion Hannah,Freshman,G,78,1.45,player_id,Davion Hannah,Alabama,South Carolina,27.2167,12.0,17.2303,2.0,SEC,127.88,239.269,33.0,26.0,8.0,8.0,4.0,15.0,19.0,7.0,2.0,10.0,-0.18584,0.1617,0.0085,0.1532,0.13884,97.95,111.31,10.3225,-0.0581,0.0506,0.53846,0.55932,0.08735,0.07204,0.25304,1.947,1.133,0.814,47.85,11.6,27.55,-0.269468,0.234465
2026,2027,South Carolina,south carolina,Duquesne,duquesne,2112624,Jakub Necas,Junior,F,80,1.0629133333333334,player_id,Jakub Necas,Duquesne,South Carolina,3.7748,123.0,2.6535,107.0,A10,738.83,1254.623,205.0,143.0,68.0,30.0,52.0,100.0,152.0,30.0,14.0,38.0,0.90082,1.9147,0.8235,1.0913,0.14379,113.59,108.1,13.6338,0.0488,0.1037,0.54895,0.59283,0.07385,0.12137,0.18016,3.193,1.748,1.445,217.89723333333333,31.8874,161.56282666666667,0.9574935889333334,2.0351601593333335
2026,2027,South Carolina,south carolina,George Mason,george mason,2150477,Kory Mincy,Junior,G,74,1.1481616666666667,player_id,Kory Mincy,George Mason,South Carolina,7.0897,100.0,0.3541,142.0,A10,1085.39,1719.594,453.0,353.0,92.0,93.0,10.0,105.0,115.0,34.0,1.0,51.0,3.81922,3.7235,2.1039,1.6196,0.22183,117.32,108.01,16.7882,0.1408,0.1372,0.52691,0.5756,0.17476,0.06385,0.11474,2.572,3.379,-0.807,520.117235,106.77903500000001,132.03859166666666,4.385082000566667,4.275179965833334
2026,2027,South Carolina,south carolina,Drexel,drexel,1910949,Shane Blakeney,Junior,G,77,0.8796083333333333,player_id,Shane Blakeney,Drexel,South Carolina,-4.8235,223.0,-4.7495,257.0,CAA,1091.15,1741.559,458.0,408.0,79.0,81.0,32.0,129.0,161.0,36.0,23.0,67.0,3.68154,2.7567,0.8143,1.9424,0.24889,103.92,104.73,15.85,0.135,0.1011,0.49632,0.51716,0.16741,0.086,0.13143,1.053,0.063,0.99,402.86061666666666,71.24827499999999,141.61694166666666,3.2383132635,2.4248162925
2026,2027,South Carolina St.,south carolina state,Mercyhurst,mercyhurst,2287898,Deshaun Jackson Jr.,Sophomore,G,74,0.7436916666666668,player_id,Deshaun Jackson Jr.,Mercyhurst,South Carolina St.,-10.5785,285.0,-10.9797,354.0,NEC,721.89,1146.021,195.0,179.0,44.0,91.0,20.0,73.0,93.0,32.0,10.0,45.0,-0.20574,1.3894,0.1138,1.2756,0.18575,98.75,105.01,12.7911,-0.0114,0.077,0.46369,0.49143,0.24322,0.07808,0.18491,1.899,1.446,0.453,145.019875,67.67594166666667,69.16332500000001,-0.1530071235,1.0332852016666667
2026,2027,South Dakota,south dakota,Iowa St.,iowa state,2099046,Cade Kelderman,Junior,G,73,1.45,player_id,Cade Kelderman,Iowa St.,South Dakota,32.0047,7.0,12.3948,35.0,B12,72.47,127.446,16.0,10.0,8.0,13.0,1.0,3.0,4.0,6.0,0.0,1.0,0.38228,0.3787,0.1981,0.1807,0.09775,148.09,96.73,16.8301,0.211,0.209,0.6,0.59259,0.23818,0.03348,0.06887,-0.384,0.243,-0.627,23.2,18.849999999999998,5.8,0.554306,0.5491149999999999
2026,2027,South Dakota,south dakota,D'Youville,dyouville,2337538,Elisha Warren,Junior,G,75,1.0,player_id,Elisha Warren,D'Youville,South Dakota,,,,,,0.0,0.0,0.0,0.0,0.0,0.0,0.0,0.0,0.0,0.0,0.0,0.0,0.0,0.0,0.0,0.0,,,,,,,,,,,,,,,0.0,0.0,0.0,0.0,0.0
2026,2027,South Dakota,south dakota,Creighton,creighton,2113959,Josh Townley-Thomas,Junior,F,82,1.2630466666666667,player_id,Josh Townley-Thomas,Creighton,South Dakota,10.9828,76.0,11.636,45.0,BE,5.42,9.587,6.0,4.0,0.0,0.0,0.0,0.0,0.0,0.0,0.0,1.0,-0.02041,,,0.0026,0.40179,,119.22,26.003,-0.1506,,0.75,0.75,0.0,0.0,0.2,,,,7.5782799999999995,0.0,0.0,-0.025778782466666667,0.0
2026,2027,South Dakota,south dakota,UTEP,utep,2313857,KJ Thomas,Sophomore,G,73,0.7636216666666668,player_id,KJ Thomas,UTEP,South Dakota,-9.3827,275.0,-0.4242,157.0,CUSA,822.19,1321.991,163.0,124.0,74.0,78.0,9.0,59.0,68.0,30.0,2.0,49.0,-1.59505,0.8992,0.0587,0.8404,0.13444,98.07,113.25,8.2423,-0.0776,0.0437,0.43548,0.52043,0.18522,0.04883,0.23837,-0.359,-0.316,-0.043,124.47033166666668,59.562490000000004,51.92627333333334,-1.218014739416667,0.6866486026666667
2026,2027,South Dakota,south dakota,Pacific,pacific,2106889,Kajus Kublickas,Sophomore,G,74,1.087695,player_id,Kajus Kublickas,Pacific,South Dakota,5.2617,112.0,2.5501,110.0,WCC,609.13,987.18,171.0,157.0,51.0,83.0,12.0,63.0,75.0,12.0,1.0,58.0,-1.18034,0.6407,-0.1849,0.8257,0.20381,93.76,109.57,7.812,-0.0775,0.0421,0.42675,0.47659,0.24891,0.07248,0.24427,-1.858,-2.426,0.568,185.995845,90.27868500000001,81.57712500000001,-1.2838499163000001,0.6968861865000001
2026,2027,South Dakota,south dakota,Central Conn. St.,central connecticut,1925402,Melo Sanchez,Senior,G,76,0.6685966666666666,player_id,Melo Sanchez,Central Conn. St.,South Dakota,-12.6842,307.0,-11.3191,358.0,NEC,680.92,1080.5,262.0,202.0,28.0,20.0,11.0,46.0,57.0,25.0,4.0,24.0,1.9127,1.6779,1.0331,0.6448,0.1914,116.32,114.07,14.8436,0.1124,0.0986,0.59406,0.61129,0.05973,0.05034,0.1007,0.022,-0.326,0.348,175.17232666666666,13.371933333333333,38.110009999999996,1.2788248443333332,1.121838347
2026,2027,South Dakota,south dakota,Duquesne,duquesne,2134407,Stef van Bussel,Sophomore,F,82,1.0629133333333334,player_id,Stef van Bussel,Duquesne,South Dakota,3.7748,123.0,2.6535,107.0,A10,77.97,135.32,8.0,5.0,8.0,6.0,7.0,15.0,22.0,0.0,1.0,8.0,-0.36067,0.0046,-0.09,0.0946,0.1057,78.16,111.06,3.8969,-0.185,0.0024,0.6,0.47059,0.11825,0.16462,0.48426,-1.084,-1.128,0.044,8.503306666666667,6.37748,23.384093333333333,-0.38336095193333336,0.004889401333333334
2026,2027,South Dakota St.,south dakota state,Western Mich.,western michigan,2302940,EJ Ryans,Sophomore,G,75,0.7637783333333333,player_id,EJ Ryans,Western Mich.,South Dakota St.,-9.3733,274.0,-1.7056,193.0,MAC,793.61,1339.604,224.0,196.0,44.0,56.0,17.0,33.0,50.0,15.0,2.0,33.0,-1.59357,0.7991,0.6035,0.1955,0.15749,107.83,121.9,9.091,-0.0803,0.0403,0.47194,0.51996,0.12915,0.03573,0.13287,0.102,0.792,-0.69,171.08634666666666,42.771586666666664,38.188916666666664,-1.21713423865,0.6103352661666667
2026,2027,South Dakota St.,south dakota state,Colorado St.,colorado state,2321351,Jon Mekonnen,Sophomore,F,80,1.1838816666666667,player_id,Jon Mekonnen,Colorado St.,South Dakota St.,9.2329,88.0,4.8349,95.0,MWC,38.37,60.679,10.0,12.0,8.0,0.0,3.0,4.0,7.0,4.0,0.0,2.0,-0.0466,0.0044,-0.0724,0.0768,0.25178,78.97,102.38,6.895,-0.0486,0.0046,0.08333,0.32258,0.0,0.11751,0.11416,-0.46,0.01,-0.47,11.838816666666666,0.0,8.287171666666667,-0.055168885666666674,0.005209079333333334
2026,2027,South Dakota St.,south dakota state,SIUE,siu edwardsville,2321367,Myles Thompson,Senior,F,79,0.7918466666666667,player_id,Myles Thompson,SIUE,South Dakota St.,-7.6892,258.0,-11.1294,356.0,OVC,229.82,378.407,86.0,70.0,35.0,11.0,12.0,37.0,49.0,5.0,1.0,16.0,-0.20845,0.4655,-0.0058,0.4714,0.2232,96.72,101.66,13.0023,-0.0363,0.081,0.47857,0.50351,0.09667,0.11315,0.15779,-0.205,-1.098,0.893,68.09881333333334,8.710313333333334,38.80048666666667,-0.16506043766666667,0.3686046233333334
2026,2027,South Fla.,south florida,Coastal Carolina,coastal carolina,2110381,AJ Dancler,Junior,G,74,0.84663,player_id,AJ Dancler,Coastal Carolina,South Fla.,-6.8022,247.0,-5.1732,267.0,SB,1041.31,1735.694,483.0,407.0,111.0,63.0,19.0,146.0,165.0,24.0,4.0,45.0,3.19786,2.9863,1.365,1.6213,0.24842,109.27,107.3,16.2028,0.1228,0.1147,0.49017,0.52984,0.13681,0.08381,0.08985,-2.517,-1.636,-0.881,408.92229,53.33769,139.69395,2.7074042118,2.528291169
2026,2027,South Fla.,south florida,Stony Brook,stony brook,2477828,Andrej Shoshkikj,Freshman,G,74,0.8654133333333333,player_id,Andrej Shoshkikj,Stony Brook,South Fla.,-5.6752,229.0,-3.3239,225.0,CAA,790.55,1286.193,311.0,229.0,51.0,74.0,11.0,68.0,79.0,45.0,6.0,56.0,2.51118,2.3058,1.1413,1.1645,0.20436,112.68,108.13,17.0866,0.1271,0.1167,0.57205,0.61854,0.19885,0.05679,0.18215,-1.027,-1.952,0.925,269.1435466666666,64.04058666666666,68.36765333333332,2.1732086543999998,1.9954700639999998
2026,2027,South Fla.,south florida,Col. of Charleston,charleston,2509278,Chris Davis Jr,Freshman,G,76,0.9943483333333333,player_id,Chris Davis Jr,Col. of Charleston,South Fla.,-0.3391,174.0,-2.4708,207.0,CAA,543.82,902.218,223.0,178.0,55.0,19.0,26.0,53.0,79.0,13.0,0.0,20.0,1.03679,1.3842,0.7986,0.5856,0.2092,113.54,112.63,14.4999,0.0763,0.1018,0.51685,0.55143,0.06899,0.07893,0.09001,1.667,0.788,0.879,221.73967833333333,18.89261833333333,78.55351833333333,1.0309304085166666,1.376376963
2026,2027,South Fla.,south florida,George Washington,george washington,1698630,Garrett Johnson,Junior,G,80,1.186985,player_id,Garrett Johnson,George Washington,South Fla.,9.4191,86.0,2.6222,108.0,A10,654.57,1113.742,331.0,267.0,74.0,34.0,25.0,73.0,98.0,11.0,4.0,30.0,1.4664,2.0701,1.3723,0.6978,0.2454,117.72,112.7,16.2543,0.0896,0.1265,0.50375,0.5524,0.10022,0.0863,0.09103,-0.023,3.145,-3.168,392.89203499999996,40.35749,116.32453,1.7405948039999999,2.4571776485
2026,2027,South Fla.,south florida,Louisiana,louisiana,2484764,Joshua Lewis,Freshman,G,79,0.6574983333333334,player_id,Joshua Lewis,Louisiana,South Fla.,-13.3501,315.0,-4.8362,261.0,SB,406.21,638.269,145.0,105.0,22.0,13.0,11.0,57.0,68.0,8.0,6.0,16.0,0.79587,1.143,0.6647,0.4782,0.17606,118.77,111.5,14.9279,0.0784,0.1125,0.60952,0.63208,0.07857,0.10293,0.12244,-2.68,-1.202,-1.478,95.33725833333334,8.547478333333334,44.70988666666667,0.52328319855,0.7515205950000001
2026,2027,South Fla.,south florida,Vanderbilt,vanderbilt,1687585,Mike James,Junior,G,77,1.45,player_id,Mike James,Vanderbilt,South Fla.,27.3546,11.0,14.615,15.0,SEC,233.75,394.472,32.0,34.0,7.0,16.0,1.0,42.0,43.0,1.0,1.0,6.0,-0.68027,0.3168,0.0157,0.301,0.09174,98.59,110.29,4.5391,-0.1164,0.0542,0.41176,0.43127,0.1,0.10424,0.13928,-0.401,0.103,-0.504,46.4,23.2,62.35,-0.9863915,0.45936000000000005
2026,2027,South Fla.,south florida,Stony Brook,stony brook,2273129,Richard Goods,Sophomore,F,81,0.8654133333333333,player_id,Richard Goods,Stony Brook,South Fla.,-5.6752,229.0,-3.3239,225.0,CAA,761.78,1240.694,233.0,200.0,72.0,59.0,59.0,118.0,177.0,29.0,18.0,44.0,2.18593,1.7476,0.4824,1.2652,0.19017,104.03,106.02,14.7985,0.1148,0.0918,0.4925,0.50281,0.15462,0.13204,0.15961,0.057,1.027,-0.97,201.64130666666665,51.05938666666666,153.17816,1.8917329677333332,1.5123963413333332
2026,2027,South Fla.,south florida,Toledo,toledo,2121782,Sonny Wilson,Junior,G,73,1.0498883333333333,player_id,Sonny Wilson,Toledo,South Fla.,2.9933,130.0,-1.1979,175.0,MAC,1179.83,2012.54,549.0,427.0,127.0,144.0,35.0,86.0,121.0,44.0,1.0,53.0,3.46251,3.7525,2.8157,0.9368,0.23069,120.08,115.8,19.4722,0.1174,0.1272,0.53981,0.56844,0.21998,0.05994,0.0989,-0.32,1.006,-1.326,576.388695,151.18392,127.03648833333332,3.63524885305,3.9397059708333333
2026,2027,South Fla.,south florida,Syracuse,syracuse,2531806,Tiefing Diawara,Freshman,F,84,1.235845,player_id,Tiefing Diawara,Syracuse,South Fla.,9.3507,87.0,9.7239,70.0,ACC,9.24,15.62,2.0,1.0,0.0,0.0,1.0,2.0,3.0,0.0,2.0,0.0,0.09971,,,0.022,0.05551,,97.93,26.2596,0.4316,,1.0,1.0,0.0,0.17374,0.0,,,,2.47169,0.0,3.707535,0.12322610495,0.0
2026,2027,South Fla.,south florida,North Carolina,north carolina,2106185,Zayden High,Sophomore,F,82,1.4452433333333334,player_id,Zayden High,North Carolina,South Fla.,20.1146,32.0,11.1241,49.0,ACC,265.27,442.615,100.0,77.0,34.0,14.0,25.0,57.0,82.0,10.0,7.0,18.0,0.83567,0.89,0.2964,0.5936,0.2107,108.51,99.7,17.7168,0.126,0.1342,0.5,0.54348,0.09452,0.17091,0.1637,-1.629,-1.13,-0.499,144.52433333333335,20.233406666666667,118.50995333333334,1.2077464963666669,1.2862665666666668
2026,2027,Southeast Mo. St.,southeast missouri state,Colorado Mesa,colorado mesa,2575005,Clayton Jewell,Junior,F,81,1.0,player_id,Clayton Jewell,Colorado Mesa,Southeast Mo. St.,,,,,,0.0,0.0,0.0,0.0,0.0,0.0,0.0,0.0,0.0,0.0,0.0,0.0,0.0,0.0,0.0,0.0,,,,,,,,,,,,,,,0.0,0.0,0.0,0.0,0.0
2026,2027,Southeast Mo. St.,southeast missouri state,Missouri St.,missouri state,2304016,Darrion Sutton,Sophomore,F,81,0.9108533333333333,player_id,Darrion Sutton,Missouri St.,Southeast Mo. St.,-2.9488,204.0,-1.7009,192.0,CUSA,408.23,664.123,118.0,97.0,27.0,22.0,44.0,78.0,122.0,15.0,20.0,19.0,1.86408,1.2209,0.527,0.6939,0.16437,113.55,105.67,18.2878,0.1826,0.1196,0.52577,0.54178,0.11118,0.18069,0.14858,-0.33,0.964,-1.294,107.48069333333333,20.03877333333333,111.12410666666666,1.6979034815999998,1.1120608346666667
2026,2027,Southeast Mo. St.,southeast missouri state,West Tex. A&M,west tex a and m,2550040,Fontaine Williams,Junior,G,74,1.0,player_id,Fontaine Williams,West Tex. A&M,Southeast Mo. St.,,,,,,0.0,0.0,0.0,0.0,0.0,0.0,0.0,0.0,0.0,0.0,0.0,0.0,0.0,0.0,0.0,0.0,,,,,,,,,,,,,,,0.0,0.0,0.0,0.0,0.0
2026,2027,Southeastern La.,southeastern louisiana,Bryant,bryant,2481549,"Ashley Sims, II",Freshman,F,80,0.55,player_id,"Ashley Sims, II",Bryant,Southeastern La.,-22.9639,355.0,-8.1635,320.0,AE,928.59,1461.894,209.0,189.0,39.0,60.0,34.0,109.0,143.0,19.0,11.0,35.0,-2.01109,1.1095,0.3796,0.7299,0.14123,103.26,115.85,11.1573,-0.0866,0.0478,0.5,0.50679,0.14891,0.09232,0.14513,-3.227,-1.03,-2.197,114.95,33.0,78.65,-1.1060995,0.610225
2026,2027,Southeastern La.,southeastern louisiana,Bryant,bryant,2481548,Gio Sanford,Freshman,G,76,0.55,player_id,Gio Sanford,Bryant,Southeastern La.,-22.9639,355.0,-8.1635,320.0,AE,193.9,301.751,27.0,28.0,8.0,9.0,6.0,14.0,20.0,1.0,3.0,6.0,-0.89063,0.0452,-0.0425,0.0877,0.10656,92.45,119.59,4.4407,-0.1837,0.0093,0.375,0.42857,0.09988,0.06166,0.15991,-0.606,-0.557,-0.049,14.850000000000001,4.95,11.0,-0.4898465000000001,0.02486
2026,2027,Southeastern La.,southeastern louisiana,UMass Lowell,umass lowell,2550228,JJ Massaquoi,Freshman,G,78,0.6361866666666667,player_id,JJ Massaquoi,UMass Lowell,Southeastern La.,-14.6288,320.0,-9.4174,346.0,AE,455.59,780.078,217.0,180.0,68.0,11.0,40.0,36.0,76.0,7.0,2.0,30.0,-0.64933,0.6247,0.3448,0.28,0.26261,103.58,117.78,14.8756,-0.057,0.0548,0.48333,0.51691,0.05197,0.09578,0.12504,-3.549,-0.468,-3.081,138.05250666666666,6.998053333333333,48.350186666666666,-0.41309508826666663,0.3974258106666667
2026,2027,Southeastern La.,southeastern louisiana,Army West Point,army,2483393,Jackson Furman,Freshman,G,75,0.57038,player_id,Jackson Furman,Army West Point,Southeastern La.,-18.5772,339.0,-8.2047,323.0,PL,715.37,1171.82,257.0,240.0,45.0,39.0,15.0,82.0,97.0,20.0,4.0,53.0,-1.36278,0.2142,-0.2896,0.5038,0.22592,92.78,116.8,8.5955,-0.0762,0.012,0.45833,0.49461,0.11297,0.07948,0.16944,-2.878,-0.715,-2.163,146.58766,22.24482,55.326859999999996,-0.7773024564000001,0.122175396
2026,2027,Southeastern La.,southeastern louisiana,Lipscomb,lipscomb,2122525,Logan Suber,Junior,G,72,0.9119983333333332,player_id,Logan Suber,Lipscomb,Southeastern La.,-2.8801,200.0,-5.4775,270.0,ASun,0.0,0.0,0.0,0.0,0.0,0.0,0.0,0.0,0.0,0.0,0.0,0.0,0.0,0.0,0.0,0.0,,,,,,,,,,,,,,,0.0,0.0,0.0,0.0,0.0
2026,2027,Southeastern La.,southeastern louisiana,Bryant,bryant,1933859,Quincy Allen,Senior,G,80,0.55,player_id,Quincy Allen,Bryant,Southeastern La.,-22.9639,355.0,-8.1635,320.0,AE,347.47,573.018,133.0,133.0,27.0,10.0,16.0,43.0,59.0,22.0,20.0,20.0,1.02269,0.317,-0.246,0.563,0.25286,90.48,106.49,15.2132,0.1177,0.0365,0.43609,0.45894,0.07552,0.09813,0.1213,-3.667,-3.452,-0.215,73.15,5.5,32.45,0.5624795000000001,0.17435
2026,2027,Southeastern La.,southeastern louisiana,East Carolina,east carolina,2268712,Tybo Bailey,Sophomore,G,74,0.841305,player_id,Tybo Bailey,East Carolina,Southeastern La.,-7.1217,249.0,-0.4504,158.0,Amer,437.04,740.961,123.0,118.0,48.0,15.0,7.0,35.0,42.0,14.0,0.0,24.0,-1.1693,0.0823,-0.2617,0.3439,0.18463,89.29,115.87,5.9368,-0.107,0.0075,0.38136,0.44213,0.06772,0.05366,0.14713,-1.844,-2.367,0.523,103.480515,12.619575,35.33481,-0.9837379365,0.06923940149999999
2026,2027,Southeastern La.,southeastern louisiana,Nevada,nevada,2096210,Tyler Rolison,Junior,G,72,1.2287700000000001,player_id,Tyler Rolison,Nevada,Southeastern La.,11.9262,72.0,6.03,84.0,MWC,585.97,961.914,186.0,157.0,75.0,90.0,9.0,50.0,59.0,24.0,1.0,34.0,0.26457,1.3457,0.5199,0.8258,0.19798,106.56,108.95,13.2675,0.0181,0.0919,0.41083,0.48947,0.30206,0.05895,0.15179,1.511,0.874,0.637,228.55122000000003,110.58930000000001,72.49743000000001,0.3250956789000001,1.653555789
2026,2027,Southern U.,southern,Coker,coker,2172772,Aaron Hall,Junior,F,80,1.0,player_id,Aaron Hall,Coker,Southern U.,,,,,,0.0,0.0,0.0,0.0,0.0,0.0,0.0,0.0,0.0,0.0,0.0,0.0,0.0,0.0,0.0,0.0,,,,,,,,,,,,,,,0.0,0.0,0.0,0.0,0.0
2026,2027,Southern U.,southern,Queens (NC),queens,2549969,Jimma James,Junior,G,78,0.9705233333333333,player_id,Jimma James,Queens (NC),Southern U.,-1.7686,186.0,-5.1015,266.0,ASun,0.0,0.0,0.0,0.0,0.0,0.0,0.0,0.0,0.0,0.0,0.0,0.0,0.0,0.0,0.0,0.0,,,,,,,,,,,,,,,0.0,0.0,0.0,0.0,0.0
2026,2027,Southern U.,southern,Chicago St.,chicago state,2569046,Lionel Larvadain,Sophomore,G,72,0.5546,player_id,Lionel Larvadain,Chicago St.,Southern U.,-19.524,344.0,-4.7794,259.0,NEC,222.81,375.334,57.0,64.0,19.0,13.0,0.0,22.0,22.0,16.0,2.0,20.0,-0.9114,-0.3171,-0.5514,0.2343,0.21715,71.28,112.94,4.8773,-0.1636,-0.0569,0.33594,0.39365,0.11839,0.05958,0.21654,-1.259,-1.0,-0.259,31.612199999999998,7.2097999999999995,12.2012,-0.50546244,-0.17586365999999998
2026,2027,Southern U.,southern,Alabama St.,alabama state,2567995,R'Chaun King,Freshman,F,78,0.6416700000000001,player_id,R'Chaun King,Alabama St.,Southern U.,-14.2998,318.0,-6.93,295.0,SWAC,353.3,618.296,132.0,75.0,64.0,9.0,36.0,29.0,65.0,12.0,4.0,22.0,0.17268,0.9958,0.6308,0.3649,0.17115,119.25,113.14,15.6393,0.0196,0.1127,0.57333,0.63953,0.0519,0.10201,0.17578,-2.136,-1.371,-0.765,84.70044000000001,5.775030000000001,41.70855,0.11080357560000001,0.6389749860000001
2026,2027,Southern U.,southern,Ga. Southern,georgia southern,2472417,Sean Van Dorn Jr.,Freshman,G,78,0.8588266666666666,player_id,Sean Van Dorn Jr.,Ga. Southern,Southern U.,-6.0704,234.0,-6.0504,283.0,SB,9.11,17.009,9.0,5.0,2.0,1.0,1.0,0.0,1.0,0.0,0.0,0.0,0.11534,0.0915,0.0919,-0.0004,0.3178,169.8,125.15,45.1356,0.5064,0.4019,0.7,0.76271,0.38762,0.06141,0.0,,,,7.729439999999999,0.8588266666666666,0.8588266666666666,0.09905706773333332,0.07858264
2026,2027,Southern Ark.,southern ark,Tex. A&M Int'l,tex a and m intl,2547890,Aidan Williams,Freshman,F,79,1.0,player_id,Aidan Williams,Tex. A&M Int'l,Southern Ark.,,,,,,0.0,0.0,0.0,0.0,0.0,0.0,0.0,0.0,0.0,0.0,0.0,0.0,0.0,0.0,0.0,0.0,,,,,,,,,,,,,,,0.0,0.0,0.0,0.0,0.0
2026,2027,Southern Ark.,southern ark,Omaha,nebraska omaha,2319749,Khamani Cooper,Junior,G,76,0.7812483333333333,player_id,Khamani Cooper,Omaha,Southern Ark.,-8.3251,264.0,-3.3471,227.0,Sum,321.96,533.756,103.0,87.0,22.0,17.0,2.0,18.0,20.0,9.0,1.0,22.0,-0.87356,0.1479,-0.0386,0.1865,0.19331,95.53,118.2,7.7685,-0.1085,0.0184,0.48851,0.53257,0.10187,0.03669,0.18537,-2.461,-0.514,-1.947,80.46857833333333,13.281221666666667,15.624966666666666,-0.6824672940666666,0.1155466285
2026,2027,Southern Ill.,southern illinois,Saint Leo,saint leo,1925356,Donovan Hill,Senior,F,80,1.0,player_id,Donovan Hill,Saint Leo,Southern Ill.,,,,,,0.0,0.0,0.0,0.0,0.0,0.0,0.0,0.0,0.0,0.0,0.0,0.0,0.0,0.0,0.0,0.0,,,,,,,,,,,,,,,0.0,0.0,0.0,0.0,0.0
2026,2027,Southern Ind.,southern indiana,UT Martin,tennessee martin,2311788,Afan Trnka,Junior,G,74,0.8780249999999999,player_id,Afan Trnka,UT Martin,Southern Ind.,-4.9185,224.0,-9.0788,339.0,OVC,635.85,1044.656,177.0,151.0,66.0,60.0,25.0,52.0,77.0,21.0,10.0,49.0,0.09887,1.3634,0.0829,1.2805,0.18356,98.51,102.21,9.7629,0.0062,0.0858,0.43709,0.49167,0.19913,0.06689,0.21394,-1.711,-1.663,-0.048,155.410425,52.6815,67.607925,0.08681033175,1.197099285
2026,2027,Southern Ind.,southern indiana,UAB,uab,2491801,Ari Gooch,Sophomore,G,74,1.06267,player_id,Ari Gooch,UAB,Southern Ind.,3.7602,124.0,-0.7133,166.0,Amer,127.3,224.816,33.0,28.0,17.0,6.0,9.0,11.0,20.0,11.0,1.0,6.0,0.24098,0.291,0.033,0.2581,0.15418,100.49,102.04,12.5245,0.0757,0.0915,0.39286,0.46479,0.07632,0.08219,0.14465,1.785,-0.25,2.035,35.06811,6.3760200000000005,21.2534,0.2560822166,0.30923697
2026,2027,Southern Ind.,southern indiana,Bellarmine,bellarmine,2138876,Donovan Hunter,Junior,F,80,0.757665,player_id,Donovan Hunter,Bellarmine,Southern Ind.,-9.7401,278.0,-5.0774,265.0,ASun,347.74,572.079,107.0,112.0,10.0,20.0,12.0,37.0,49.0,12.0,4.0,16.0,0.03851,-0.1044,-0.069,-0.0354,0.21076,94.83,125.81,9.5068,0.0044,-0.012,0.45089,0.45962,0.09949,0.095,0.12085,-2.72,-0.862,-1.858,81.070155,15.153300000000002,37.125585,0.029177679150000004,-0.07910022600000001
2026,2027,Southern Ind.,southern indiana,Purdue Fort Wayne,purdue fort wayne,2331487,Ebrahim Kaba,Freshman,F,81,0.7903416666666667,player_id,Ebrahim Kaba,Purdue Fort Wayne,Southern Ind.,-7.7795,259.0,-1.9814,198.0,Horz,195.49,337.325,45.0,53.0,3.0,7.0,5.0,35.0,40.0,8.0,3.0,14.0,-0.27144,-0.1189,-0.3334,0.2145,0.1799,75.84,112.36,6.2806,-0.0555,-0.0243,0.39623,0.41436,0.05934,0.1212,0.20492,-0.732,0.239,-0.971,35.565375,5.532391666666667,31.613666666666667,-0.214530342,-0.09397162416666668
2026,2027,Southern Ind.,southern indiana,Arkansas St.,arkansas state,2539293,Fredy-Salam Sylla,Sophomore,G,79,1.0212766666666666,player_id,Fredy-Salam Sylla,Arkansas St.,Southern Ind.,1.2766,147.0,-4.1304,245.0,SB,152.83,273.599,54.0,49.0,13.0,5.0,12.0,17.0,29.0,4.0,0.0,10.0,-0.19394,0.2108,0.0262,0.1846,0.19372,98.98,111.13,10.3475,-0.0508,0.0552,0.5,0.4936,0.05643,0.10061,0.15451,-0.427,0.146,-0.573,55.148939999999996,5.1063833333333335,29.617023333333332,-0.19806639673333332,0.2152851213333333
2026,2027,Southern Ind.,southern indiana,UTEP,utep,2138874,LA Hayes,Junior,G,77,0.7636216666666668,player_id,LA Hayes,UTEP,Southern Ind.,-9.3827,275.0,-0.4242,157.0,CUSA,266.86,431.61,99.0,85.0,43.0,16.0,13.0,32.0,45.0,23.0,1.0,10.0,1.12955,0.687,0.1884,0.4986,0.22854,103.96,103.8,16.8004,0.1693,0.103,0.39412,0.47642,0.13361,0.09799,0.08778,-1.717,-1.969,0.252,75.59854500000002,12.217946666666668,34.362975000000006,0.8625488535833334,0.5246080850000001
2026,2027,Southern Ind.,southern indiana,Cal St. Fullerton,cal state fullerton,2483458,Yesan Warren,Sophomore,G,73,1.000265,player_id,Yesan Warren,Cal St. Fullerton,Southern Ind.,0.0159,170.0,0.8363,130.0,BW,0.0,0.0,0.0,0.0,0.0,0.0,0.0,0.0,0.0,0.0,0.0,0.0,0.0,0.0,0.0,0.0,,,,,,,,,,,,,,,0.0,0.0,0.0,0.0,0.0
2026,2027,Southern Ind.,southern indiana,Oral Roberts,oral roberts,1948700,Yuto Yamanouchi-Williams,Junior,F,82,0.6603683333333333,player_id,Yuto Yamanouchi-Williams,Oral Roberts,Southern Ind.,-13.1779,311.0,-2.2215,205.0,Sum,486.68,818.209,199.0,162.0,71.0,10.0,37.0,72.0,109.0,9.0,23.0,37.0,0.01971,0.5317,0.0821,0.4496,0.24052,98.55,114.33,14.0672,0.0016,0.0437,0.45988,0.51501,0.04479,0.12908,0.1607,-4.255,-3.179,-1.076,131.41329833333333,6.603683333333334,71.98014833333333,0.013015859849999999,0.3511178428333333
2026,2027,Southern Miss.,southern miss,West Florida,west florida,1956906,Anthony Igiede,Junior,G,76,1.0,player_id,Anthony Igiede,West Florida,Southern Miss.,,,,,,0.0,0.0,0.0,0.0,0.0,0.0,0.0,0.0,0.0,0.0,0.0,0.0,0.0,0.0,0.0,0.0,,,,,,,,,,,,,,,0.0,0.0,0.0,0.0,0.0
2026,2027,Southern Miss.,southern miss,Saint Leo,saint leo,2349947,Camden Cerese,Sophomore,G,76,1.0,player_id,Camden Cerese,Saint Leo,Southern Miss.,,,,,,0.0,0.0,0.0,0.0,0.0,0.0,0.0,0.0,0.0,0.0,0.0,0.0,0.0,0.0,0.0,0.0,,,,,,,,,,,,,,,0.0,0.0,0.0,0.0,0.0
2026,2027,Southern Miss.,southern miss,Little Rock,little rock,1908347,Cameron Wallace,Junior,F,80,0.662565,player_id,Cameron Wallace,Little Rock,Southern Miss.,-13.0461,310.0,-6.7833,293.0,OVC,855.1,1418.354,363.0,312.0,112.0,51.0,101.0,103.0,204.0,27.0,7.0,48.0,1.67065,1.915,0.9486,0.9663,0.24501,106.94,112.02,17.9428,0.0781,0.0896,0.47917,0.50235,0.12715,0.13568,0.11728,0.641,0.653,-0.012,240.51109499999998,33.790814999999995,135.16325999999998,1.10691421725,1.268811975
2026,2027,Southern Miss.,southern miss,West Ala.,west ala,2324258,Elliot Tulip,Sophomore,G,78,1.0,player_id,Elliot Tulip,West Ala.,Southern Miss.,,,,,,0.0,0.0,0.0,0.0,0.0,0.0,0.0,0.0,0.0,0.0,0.0,0.0,0.0,0.0,0.0,0.0,,,,,,,,,,,,,,,0.0,0.0,0.0,0.0,0.0
2026,2027,Southern Miss.,southern miss,Hampton,hampton,2118851,Jalyke Gaines-Wyatt,Junior,G,72,0.7643033333333334,player_id,Jalyke Gaines-Wyatt,Hampton,Southern Miss.,-9.3418,272.0,-4.1585,246.0,CAA,731.71,1181.799,318.0,229.0,153.0,79.0,5.0,35.0,40.0,20.0,2.0,62.0,-0.54604,1.2948,0.5904,0.7044,0.25318,104.07,113.93,13.2483,-0.0299,0.0708,0.43886,0.53662,0.24597,0.0318,0.17303,-2.476,-0.877,-1.599,243.04846000000003,60.37996333333334,30.572133333333337,-0.4173401921333334,0.9896199560000001
2026,2027,Southern Miss.,southern miss,San Jose St.,san jose state,2118871,Marcus Overstreet,Junior,F,81,0.881115,player_id,Marcus Overstreet,San Jose St.,Southern Miss.,-4.7331,222.0,7.1866,80.0,MWC,255.52,403.608,60.0,51.0,14.0,8.0,32.0,38.0,70.0,8.0,6.0,10.0,0.30605,0.4491,0.3077,0.1414,0.14089,114.25,118.48,14.5385,0.0479,0.0703,0.5098,0.52448,0.06399,0.169,0.1489,-0.513,0.546,-1.059,52.8669,7.04892,61.67805,0.26966524575,0.3957087465
2026,2027,Southern Miss.,southern miss,Frostburg St.,frostburg state,2138381,Mike Montano,Sophomore,F,79,1.0,player_id,Mike Montano,Frostburg St.,Southern Miss.,,,,,,0.0,0.0,0.0,0.0,0.0,0.0,0.0,0.0,0.0,0.0,0.0,0.0,0.0,0.0,0.0,0.0,,,,,,,,,,,,,,,0.0,0.0,0.0,0.0,0.0
2026,2027,Southern Nazarene,southern nazarene,Colorado Mesa,colorado mesa,2575007,Yanis Mahoundo,Junior,G,77,1.0,player_id,Yanis Mahoundo,Colorado Mesa,Southern Nazarene,,,,,,0.0,0.0,0.0,0.0,0.0,0.0,0.0,0.0,0.0,0.0,0.0,0.0,0.0,0.0,0.0,0.0,,,,,,,,,,,,,,,0.0,0.0,0.0,0.0,0.0
2026,2027,Southern Utah,southern utah,CSU Pueblo,csu pueblo,2505611,Dylan Sanders,Junior,G,76,1.0,player_id,Dylan Sanders,CSU Pueblo,Southern Utah,,,,,,0.0,0.0,0.0,0.0,0.0,0.0,0.0,0.0,0.0,0.0,0.0,0.0,0.0,0.0,0.0,0.0,,,,,,,,,,,,,,,0.0,0.0,0.0,0.0,0.0
2026,2027,Southern Utah,southern utah,Tennessee Tech,tennessee tech,2292735,JaJuan Nicholls,Junior,F,80,0.6559716666666666,player_id,JaJuan Nicholls,Tennessee Tech,Southern Utah,-13.4417,316.0,-7.9331,315.0,OVC,510.47,850.178,303.0,191.0,102.0,12.0,56.0,91.0,147.0,9.0,22.0,28.0,3.82074,2.4058,1.7125,0.6933,0.26474,126.04,109.52,28.2569,0.2994,0.1885,0.60733,0.64222,0.06173,0.16737,0.10611,-1.132,1.582,-2.714,198.759415,7.871659999999999,96.42783499999999,2.5062971857,1.5781366356666666
2026,2027,Southern Utah,southern utah,UNC Greensboro,unc greensboro,2540611,Jordan Brown,Senior,G,73,0.67896,player_id,Jordan Brown,UNC Greensboro,Southern Utah,-12.0624,300.0,-6.2364,287.0,SC,0.0,0.0,0.0,0.0,0.0,0.0,0.0,0.0,0.0,0.0,0.0,0.0,0.0,0.0,0.0,0.0,,,,,,,,,,,,,,,0.0,0.0,0.0,0.0,0.0
2026,2027,Southern Wesleyan,southern wesleyan,Franklin Pierce,franklin pierce,2112506,Jaren Morton,,G,77,1.0,player_id,Jaren Morton,Franklin Pierce,Southern Wesleyan,,,,,,0.0,0.0,0.0,0.0,0.0,0.0,0.0,0.0,0.0,0.0,0.0,0.0,0.0,0.0,0.0,0.0,,,,,,,,,,,,,,,0.0,0.0,0.0,0.0,0.0
2026,2027,Stanford,stanford,Seattle U,seattle,2283672,Austin Maurer,Sophomore,F,84,1.0873083333333333,player_id,Austin Maurer,Seattle U,Stanford,5.2385,113.0,1.7632,119.0,WCC,601.21,1013.427,237.0,171.0,71.0,17.0,54.0,100.0,154.0,18.0,32.0,26.0,3.04077,2.4792,1.0248,1.4543,0.19875,116.05,97.51,18.9926,0.2023,0.1649,0.54386,0.58605,0.06118,0.15057,0.11392,3.823,0.887,2.936,257.692075,18.484241666666666,167.44548333333333,3.3062545607500002,2.69565482
2026,2027,Stanford,stanford,Delaware,delaware,2097929,Christian Bliss,Junior,G,76,0.7350316666666666,player_id,Christian Bliss,Delaware,Stanford,-11.0981,291.0,-2.8411,218.0,CUSA,1194.88,1866.846,505.0,356.0,161.0,176.0,21.0,133.0,154.0,54.0,3.0,93.0,5.7877,3.5886,2.4531,1.1354,0.25081,114.34,114.05,19.6485,0.1938,0.1201,0.51826,0.59161,0.33281,0.08142,0.1789,-2.804,-0.862,-1.942,371.19099166666666,129.36557333333332,113.19487666666666,4.254142777166667,2.637734639
2026,2027,Stanislaus St.,stanislaus state,San Fran. St.,san fran state,2295246,Diego Martinez,Sophomore,F,78,1.0,player_id,Diego Martinez,San Fran. St.,Stanislaus St.,,,,,,0.0,0.0,0.0,0.0,0.0,0.0,0.0,0.0,0.0,0.0,0.0,0.0,0.0,0.0,0.0,0.0,,,,,,,,,,,,,,,0.0,0.0,0.0,0.0,0.0
2026,2027,SFA,stephen f austin,UT Arlington,ut arlington,2540427,Amari Reed,Freshman,F,80,1.0174733333333332,player_id,Amari Reed,UT Arlington,SFA,1.0484,154.0,0.2126,148.0,WAC,301.92,489.066,76.0,50.0,32.0,2.0,32.0,35.0,67.0,13.0,20.0,20.0,0.68581,0.8505,0.1378,0.7127,0.14432,103.61,98.32,14.3076,0.0909,0.1127,0.58,0.59282,0.0139,0.13298,0.23787,3.584,0.785,2.799,77.32797333333332,2.0349466666666665,68.17071333333332,0.6977933867333332,0.86536107
2026,2027,SFA,stephen f austin,TCU,tcu,2305302,Ashton Simmons,Freshman,G,75,1.3991016666666667,player_id,Ashton Simmons,TCU,SFA,17.3461,44.0,11.8204,40.0,B12,18.73,32.825,5.0,7.0,0.0,1.0,0.0,3.0,3.0,0.0,0.0,3.0,-0.14363,,,0.0263,0.25275,,109.01,-4.7144,-0.3067,,0.35714,0.35714,0.09828,0.08705,0.3,,,,6.995508333333333,1.3991016666666667,4.197305,-0.20095297238333334,0.0
2026,2027,SFA,stephen f austin,A&M-Corpus Christi,texas a and m corpus chris,2558060,Devon Kobi Pearson,Freshman,F,80,0.99438,player_id,Devon Kobi Pearson,A&M-Corpus Christi,SFA,-0.3372,173.0,-0.387,155.0,Slnd,226.91,378.376,80.0,53.0,38.0,7.0,14.0,28.0,42.0,6.0,5.0,19.0,-0.16604,0.4323,0.029,0.4033,0.20517,98.35,104.8,11.7336,-0.0293,0.0762,0.57547,0.57389,0.06583,0.1128,0.21416,-1.564,-1.944,0.38,79.5504,6.960660000000001,41.763960000000004,-0.1651068552,0.42987047400000006
2026,2027,SFA,stephen f austin,Charleston So.,charleston southern,2474252,Easton Hupp,Freshman,G,76,0.8554833333333333,player_id,Easton Hupp,Charleston So.,SFA,-6.271,236.0,-6.4574,291.0,BSth,2.17,3.671,0.0,1.0,0.0,0.0,0.0,0.0,0.0,0.0,0.0,1.0,-0.02216,,,0.0009,0.4688,,120.07,-43.6393,-0.4085,,0.0,0.0,0.0,0.0,0.5,,,,0.0,0.0,0.0,-0.018957510666666663,0.0
2026,2027,SFA,stephen f austin,La Salle,la salle,2510375,Edwin Daniel,Junior,F,81,0.8670366666666667,player_id,Edwin Daniel,La Salle,SFA,-5.5778,228.0,5.2334,90.0,A10,433.65,705.916,110.0,100.0,28.0,10.0,41.0,58.0,99.0,16.0,38.0,26.0,0.44926,0.5659,-0.0811,0.647,0.16276,94.46,108.0,13.3353,0.0414,0.0522,0.48,0.48976,0.04975,0.13058,0.18797,0.196,-1.403,1.599,95.37403333333333,8.670366666666666,85.83663,0.38952489286666664,0.49065604966666665
2026,2027,SFA,stephen f austin,ULM,louisiana monroe,1915448,MJ Russell,Junior,G,75,0.55,player_id,MJ Russell,ULM,SFA,-21.1017,352.0,-4.0088,240.0,SB,1078.7,1865.753,451.0,408.0,101.0,59.0,30.0,88.0,118.0,38.0,31.0,61.0,-0.55715,0.428,0.1435,0.2845,0.24032,98.25,121.72,13.5307,-0.0207,0.0159,0.46569,0.49845,0.12563,0.06148,0.11881,-5.252,-1.442,-3.81,248.05,32.45,64.9,-0.30643250000000005,0.23540000000000003
2026,2027,Stetson,stetson,Middle Tenn.,middle tennessee,1606026,Alec Oglesby,Senior,G,77,0.991705,player_id,Alec Oglesby,Middle Tenn.,Stetson,-0.4977,175.0,0.705,134.0,CUSA,677.06,1097.279,225.0,175.0,36.0,22.0,12.0,39.0,51.0,20.0,2.0,20.0,0.75154,1.5205,0.9248,0.5957,0.16353,117.29,114.83,11.9877,0.0444,0.0898,0.57143,0.58962,0.06262,0.04451,0.09486,-0.378,-1.018,0.64,223.133625,21.81751,50.576955,0.7453059756999999,1.5078874525
2026,2027,Stetson,stetson,Kent St.,kent state,1908234,Magnus Entenmann,Junior,F,80,1.011425,player_id,Magnus Entenmann,Kent St.,Stetson,0.6855,161.0,-2.5733,212.0,MAC,353.14,629.293,71.0,51.0,27.0,15.0,31.0,37.0,68.0,9.0,8.0,15.0,-0.06127,0.7476,0.3916,0.356,0.10509,118.51,113.39,10.6616,-0.0069,0.0847,0.47059,0.56439,0.07232,0.10641,0.1926,-0.355,0.131,-0.486,71.811175,15.171375000000001,68.7769,-0.06197000975,0.7561413300000001
2026,2027,Stetson,stetson,FIU,fiu,2541678,Thiago Sucatzky,Freshman,G,70,0.9656266666666666,player_id,Thiago Sucatzky,FIU,Stetson,-2.0624,192.0,-1.4048,181.0,CUSA,386.65,681.747,93.0,86.0,16.0,56.0,5.0,22.0,27.0,20.0,1.0,40.0,-0.89664,0.1881,-0.1947,0.3827,0.16616,90.69,113.63,8.3269,-0.0928,0.0195,0.4593,0.5,0.24857,0.03863,0.30066,-0.906,1.692,-2.598,89.80328,54.07509333333333,26.07192,-0.8658194944,0.181634376
2026,2027,Stonehill,stonehill,Maine,maine,2291034,Amare Allen,Sophomore,F,79,0.55,player_id,Amare Allen,Maine,Stonehill,-20.3087,348.0,-9.4028,344.0,AE,315.71,504.165,83.0,78.0,32.0,6.0,7.0,29.0,36.0,9.0,3.0,17.0,-1.09543,0.0251,-0.4091,0.4342,0.19725,81.61,109.35,6.6481,-0.1388,0.0032,0.41667,0.4506,0.04208,0.07069,0.15585,-4.966,-4.76,-0.206,45.650000000000006,3.3000000000000003,19.8,-0.6024865,0.013805000000000001
2026,2027,Stonehill,stonehill,Florida A&M,florida a and m,2134475,Anquan Boldin Jr.,Junior,G,76,0.6649816666666667,player_id,Anquan Boldin Jr.,Florida A&M,Stonehill,-12.9011,308.0,-8.9776,334.0,SWAC,351.19,623.968,106.0,84.0,47.0,19.0,21.0,34.0,55.0,16.0,4.0,24.0,-0.15417,0.4821,-0.0211,0.5032,0.1813,96.24,108.63,11.7462,-0.0176,0.0549,0.49405,0.50621,0.11216,0.09229,0.18651,-3.927,-4.011,0.084,70.48805666666667,12.634651666666667,36.57399166666667,-0.10252022355000001,0.3205876615
2026,2027,Stonehill,stonehill,Yale,yale,1949283,Devon Arlington,Senior,G,75,1.19832,player_id,Devon Arlington,Yale,Stonehill,10.0992,81.0,-1.4333,182.0,Ivy,392.19,631.266,76.0,75.0,20.0,37.0,4.0,48.0,52.0,14.0,4.0,29.0,-0.91625,0.3028,-0.2553,0.5581,0.15192,87.74,108.8,6.3568,-0.0934,0.0309,0.42667,0.45346,0.14856,0.08013,0.25709,-3.502,-0.259,-3.243,91.07232,44.33784,62.31264,-1.0979607,0.36285129600000005
2026,2027,Stonehill,stonehill,Le Moyne,le moyne,2543885,Eli Greenberg,Freshman,G,76,0.7240833333333333,player_id,Eli Greenberg,Le Moyne,Stonehill,-11.755,299.0,-10.8242,353.0,NEC,416.24,704.073,69.0,68.0,18.0,46.0,7.0,29.0,36.0,14.0,2.0,32.0,-1.2481,0.2013,-0.2986,0.4999,0.13498,86.09,111.21,4.7536,-0.1199,0.0193,0.40441,0.45455,0.1963,0.0493,0.29652,2.385,0.99,1.395,49.961749999999995,33.307833333333335,26.067,-0.9037284083333332,0.145757975
2026,2027,Stonehill,stonehill,Idaho,idaho,2313972,Ewan Steele,Sophomore,F,81,1.0165866666666667,player_id,Ewan Steele,Idaho,Stonehill,0.9952,155.0,-1.5147,188.0,BSky,45.21,79.409,4.0,7.0,2.0,4.0,1.0,8.0,9.0,0.0,2.0,1.0,-0.13315,0.0319,-0.036,0.0679,0.09787,80.02,107.95,3.9148,-0.1178,0.0282,0.21429,0.25316,0.14103,0.11085,0.11261,,,,4.066346666666667,4.066346666666667,9.149280000000001,-0.13535851466666668,0.03242911466666667
2026,2027,Stonehill,stonehill,Southern Miss.,southern miss,2496770,Felipe Patino,Sophomore,G,76,0.8891966666666666,player_id,Felipe Patino,Southern Miss.,Stonehill,-4.2482,219.0,-3.9902,239.0,SB,81.38,136.607,9.0,15.0,3.0,1.0,5.0,1.0,6.0,3.0,0.0,2.0,-0.26888,-0.013,-0.0893,0.0763,0.11256,74.43,114.18,1.8438,-0.1322,-0.0064,0.23333,0.27607,0.0206,0.04261,0.10917,-1.354,-1.112,-0.242,8.00277,0.8891966666666666,5.335179999999999,-0.23908719973333334,-0.011559556666666665
2026,2027,Stonehill,stonehill,St. Anselm,saint anselm,2119582,Jack Medalie,Junior,F,78,1.0,player_id,Jack Medalie,St. Anselm,Stonehill,,,,,,0.0,0.0,0.0,0.0,0.0,0.0,0.0,0.0,0.0,0.0,0.0,0.0,0.0,0.0,0.0,0.0,,,,,,,,,,,,,,,0.0,0.0,0.0,0.0,0.0
2026,2027,Stony Brook,stony brook,Canisius,canisius,2118981,Bryan Ndjonga,Junior,F,81,0.5643733333333333,player_id,Bryan Ndjonga,Canisius,Stony Brook,-18.9376,342.0,-7.8339,313.0,MAAC,989.06,1559.323,414.0,349.0,123.0,54.0,46.0,126.0,172.0,16.0,20.0,69.0,0.29845,1.45,0.3525,1.0976,0.25859,100.12,112.27,14.2027,0.0121,0.0586,0.45989,0.51352,0.14074,0.10367,0.14615,-2.992,-1.881,-1.111,233.65055999999998,30.476159999999997,97.07221333333332,0.1684372213333333,0.8183413333333333
2026,2027,Stony Brook,stony brook,Oregon,oregon,2531871,Efe Vatan,Freshman,F,82,1.1679833333333334,player_id,Efe Vatan,Oregon,Stony Brook,7.079,101.0,12.4195,34.0,B10,14.02,21.199,6.0,3.0,3.0,0.0,1.0,1.0,2.0,0.0,0.0,1.0,-0.03507,0.0287,0.0237,0.005,0.21182,116.64,120.69,13.7562,-0.1001,0.0817,0.66667,0.69767,0.0,0.08416,0.18797,,,,7.0079,0.0,2.3359666666666667,-0.040961175499999995,0.03352112166666667
2026,2027,Stony Brook,stony brook,Richmond,richmond,2133595,Jaden Daughtry,Junior,F,79,1.0177066666666668,player_id,Jaden Daughtry,Richmond,Stony Brook,1.0624,153.0,-0.1326,151.0,A10,473.11,791.171,270.0,197.0,67.0,17.0,18.0,68.0,86.0,23.0,3.0,42.0,1.29478,1.1144,0.3724,0.742,0.2975,103.26,107.15,19.5232,0.1095,0.0942,0.58376,0.59603,0.08348,0.10556,0.15644,4.546,1.802,2.744,274.7808,17.301013333333334,87.52277333333335,1.3177062378666669,1.1341323093333335
2026,2027,Stony Brook,stony brook,Colorado,colorado,2540161,Leonardo Van Elswyk,Freshman,F,85,1.2792316666666668,player_id,Leonardo Van Elswyk,Colorado,Stony Brook,11.9539,70.0,10.6533,58.0,B12,0.0,0.0,0.0,0.0,0.0,0.0,0.0,0.0,0.0,0.0,0.0,0.0,0.0,0.0,0.0,0.0,,,,,,,,,,,,,,,0.0,0.0,0.0,0.0,0.0
2026,2027,Stony Brook,stony brook,West Virginia,west virginia,2092471,Morris Ugusuk,Junior,G,76,1.3244633333333333,player_id,Morris Ugusuk,West Virginia,Stony Brook,14.6678,55.0,9.4159,71.0,B12,271.31,434.143,33.0,44.0,9.0,4.0,11.0,24.0,35.0,4.0,1.0,2.0,-0.65996,0.3464,-0.0778,0.4242,0.09967,90.24,107.13,4.4506,-0.0973,0.0511,0.31818,0.34375,0.0258,0.07646,0.04003,0.506,-0.21,0.716,43.70729,5.297853333333333,46.35621666666667,-0.8740928214666667,0.45879409866666665
2026,2027,Syracuse,syracuse,Temple,temple,2287297,Aiden Tobiason,Sophomore,G,77,1.0130116666666666,player_id,Aiden Tobiason,Temple,Syracuse,0.7807,159.0,-1.4871,184.0,Amer,1102.01,1757.846,474.0,323.0,150.0,63.0,14.0,102.0,116.0,38.0,6.0,42.0,3.61129,3.8041,2.5213,1.2828,0.20985,122.47,111.68,18.295,0.1311,0.1381,0.54799,0.60925,0.12043,0.06298,0.09745,0.168,0.735,-0.567,480.16753,63.819735,117.50935333333334,3.6582789017166664,3.853597681166667
2026,2027,Syracuse,syracuse,Siena,siena,2506627,Francis Folefac,Freshman,F,79,0.982635,player_id,Francis Folefac,Siena,Syracuse,-1.0419,180.0,-8.8236,332.0,MAAC,983.37,1543.695,396.0,274.0,146.0,77.0,68.0,117.0,185.0,30.0,43.0,70.0,4.47655,3.6702,1.6622,2.008,0.2252,113.2,101.87,19.7379,0.1821,0.1493,0.52555,0.58545,0.16095,0.11398,0.17147,-0.126,-1.282,1.156,389.12346,75.662895,181.787475,4.39881470925,3.606466977
2026,2027,Syracuse,syracuse,McNeese,mcneese state,2110977,Garwey Dual,Junior,G,77,1.2382,player_id,Garwey Dual,McNeese,Syracuse,12.492,65.0,-1.3434,178.0,Slnd,857.94,1389.148,265.0,216.0,66.0,132.0,36.0,55.0,91.0,52.0,19.0,54.0,3.52828,3.0074,1.3195,1.6878,0.17959,114.54,102.76,17.0294,0.1645,0.1402,0.49769,0.54082,0.28119,0.06261,0.18058,4.372,1.778,2.594,328.123,163.4424,112.6762,4.368716296,3.72376268
2026,2027,Syracuse,syracuse,Siena,siena,2311541,Gavin Doty,Sophomore,G,77,0.982635,player_id,Gavin Doty,Siena,Syracuse,-1.0419,180.0,-8.8236,332.0,MAAC,1286.66,2016.478,629.0,465.0,183.0,78.0,51.0,191.0,242.0,44.0,2.0,35.0,8.16772,6.3349,3.8019,2.533,0.24475,125.38,102.69,22.7445,0.2539,0.1969,0.50753,0.57654,0.13055,0.11395,0.06029,-0.348,-0.929,0.581,618.077415,76.64553000000001,237.79767,8.0258875422,6.224894461500001
2026,2027,Syracuse,syracuse,App State,appalachian state,2127609,Luke Wilson,Sophomore,F,81,0.9614783333333333,player_id,Luke Wilson,App State,Syracuse,-2.3113,195.0,-5.7475,279.0,SB,869.28,1370.554,311.0,161.0,197.0,18.0,94.0,158.0,252.0,12.0,56.0,36.0,4.90144,3.7774,1.9982,1.7792,0.17521,124.68,101.8,22.2115,0.2255,0.1738,0.62112,0.62778,0.04337,0.16157,0.1269,0.927,0.152,0.775,299.0197616666667,17.30661,242.29254,4.712628362133334,3.6318882563333332
2026,2027,Syracuse,syracuse,Siena,siena,2090930,Tasman Goodrick,Junior,F,82,0.982635,player_id,Tasman Goodrick,Siena,Syracuse,-1.0419,180.0,-8.8236,332.0,MAAC,210.39,334.264,87.0,62.0,12.0,12.0,28.0,38.0,66.0,7.0,8.0,9.0,1.72641,1.1212,0.63,0.4912,0.19068,129.66,98.61,26.5517,0.3282,0.2132,0.64516,0.64636,0.119,0.19109,0.11799,0.878,0.297,0.581,85.489245,11.79162,64.85391,1.69643089035,1.101730362
2026,2027,Tampa,tampa,Saint Leo,saint leo,1941883,Owen Pawlikowski,Senior,G,76,1.0,player_id,Owen Pawlikowski,Saint Leo,Tampa,,,,,,0.0,0.0,0.0,0.0,0.0,0.0,0.0,0.0,0.0,0.0,0.0,0.0,0.0,0.0,0.0,0.0,,,,,,,,,,,,,,,0.0,0.0,0.0,0.0,0.0
2026,2027,Tarleton St.,tarleton state,UTEP,utep,1948178,Caleb Blackwell,Junior,G,73,0.7636216666666668,player_id,Caleb Blackwell,UTEP,Tarleton St.,-9.3827,275.0,-0.4242,157.0,CUSA,771.1,1256.519,268.0,238.0,34.0,73.0,5.0,64.0,69.0,32.0,2.0,41.0,1.10383,1.3471,0.4737,0.8734,0.20471,103.75,112.02,13.057,0.0573,0.0699,0.51891,0.52964,0.21349,0.05247,0.13947,0.079,-0.728,0.807,204.6506066666667,55.744381666666676,52.68989500000001,0.8429085043166669,1.0286747471666668
2026,2027,Tarleton St.,tarleton state,Texas St.,texas state,2126105,Franck Emmou,Junior,G,77,0.8487133333333333,player_id,Franck Emmou,Texas St.,Tarleton St.,-6.6772,246.0,-7.1147,298.0,SB,661.48,1079.876,211.0,168.0,35.0,39.0,12.0,41.0,53.0,11.0,5.0,18.0,0.42054,1.7472,1.1105,0.6367,0.15789,122.3,113.96,12.1828,0.0254,0.1057,0.53274,0.57525,0.10973,0.04914,0.08937,2.089,2.918,-0.829,179.07851333333332,33.09982,44.981806666666664,0.3569179052,1.482871936
2026,2027,Tarleton St.,tarleton state,Elon,elon,2147102,Isaac Harrell,Junior,F,80,0.862335,player_id,Isaac Harrell,Elon,Tarleton St.,-5.8599,231.0,-2.7547,216.0,CAA,781.97,1295.123,234.0,177.0,41.0,14.0,44.0,67.0,111.0,22.0,6.0,10.0,1.15732,1.8919,1.4953,0.3966,0.13385,130.88,119.01,13.8147,0.0592,0.0968,0.57627,0.6,0.03231,0.08169,0.04877,-1.58,1.993,-3.573,201.78638999999998,12.07269,95.719185,0.9979975421999999,1.6314515864999999
2026,2027,Tarleton St.,tarleton state,West Ga.,west georgia,2199187,JaVar Daniel,Junior,F,82,0.6691716666666667,player_id,JaVar Daniel,West Ga.,Tarleton St.,-12.6497,306.0,-7.0028,296.0,ASun,558.31,959.97,219.0,168.0,48.0,18.0,49.0,102.0,151.0,23.0,47.0,18.0,3.76636,1.9954,1.1449,0.8505,0.18245,122.16,107.63,22.5251,0.2698,0.143,0.5506,0.57906,0.06034,0.15126,0.08691,-0.246,-0.723,0.477,146.548595,12.045090000000002,101.04492166666668,2.520341398466667,1.3352651436666667
2026,2027,Tarleton St.,tarleton state,Fresno St.,fresno state,1942786,Jac Mani,Sophomore,F,81,1.0549433333333333,player_id,Jac Mani,Fresno St.,Tarleton St.,3.2966,129.0,4.7529,96.0,MWC,293.45,497.734,145.0,113.0,48.0,10.0,19.0,46.0,65.0,5.0,5.0,21.0,0.51427,0.7014,0.2478,0.4536,0.26992,104.22,107.42,15.5115,0.0701,0.0956,0.49558,0.54064,0.07297,0.1255,0.13538,1.962,-0.263,2.225,152.96678333333332,10.549433333333333,68.57131666666666,0.5425257080333333,0.739937254
2026,2027,Tarleton St.,tarleton state,New Orleans,new orleans,2489658,Tavaj Cope,Junior,G,79,0.96355,player_id,Tavaj Cope,New Orleans,Tarleton St.,-2.187,194.0,0.3192,144.0,Slnd,683.51,1161.592,264.0,161.0,115.0,26.0,21.0,72.0,93.0,16.0,10.0,40.0,0.02649,1.626,1.001,0.625,0.18211,115.45,114.45,14.3643,0.0016,0.0952,0.57453,0.62382,0.07953,0.07553,0.15898,0.589,1.457,-0.868,254.37720000000002,25.0523,89.61015,0.0255244395,1.5667323
2026,2027,Tarleton St.,tarleton state,West Virginia St.,west virginia state,2361664,Trey Harris,Senior,F,79,1.0,player_id,Trey Harris,West Virginia St.,Tarleton St.,,,,,,0.0,0.0,0.0,0.0,0.0,0.0,0.0,0.0,0.0,0.0,0.0,0.0,0.0,0.0,0.0,0.0,,,,,,,,,,,,,,,0.0,0.0,0.0,0.0,0.0
2026,2027,TCU,tcu,West Virginia,west virginia,2505107,DJ Thomas,Freshman,F,79,1.3244633333333333,player_id,DJ Thomas,West Virginia,TCU,14.6678,55.0,9.4159,71.0,B12,582.77,916.194,230.0,186.0,40.0,21.0,35.0,38.0,73.0,10.0,5.0,26.0,0.68767,1.7021,0.8132,0.8889,0.21362,112.12,107.56,15.0944,0.0472,0.1168,0.55108,0.56483,0.08023,0.07494,0.11324,1.362,1.291,0.071,304.6265666666667,27.81373,96.68582333333333,0.9107937004333333,2.2543690396666665
2026,2027,TCU,tcu,Long Beach St.,long beach state,2505240,Gavin Sykes,Freshman,G,76,0.8603733333333333,player_id,Gavin Sykes,Long Beach St.,TCU,-5.9776,233.0,0.5345,136.0,BW,878.74,1518.577,511.0,376.0,126.0,39.0,13.0,65.0,78.0,8.0,7.0,32.0,2.81241,2.7574,2.1719,0.5854,0.26716,119.37,117.21,19.4515,0.128,0.1255,0.54521,0.59226,0.0963,0.05416,0.06905,-0.886,-0.74,-0.146,439.65077333333335,33.55456,67.10912,2.4197225664,2.3723934293333335
2026,2027,TCU,tcu,Texas Tech,texas tech,2296822,Luke Bamgboye,Sophomore,F,82,1.45,player_id,Luke Bamgboye,Texas Tech,TCU,24.4578,20.0,15.5665,8.0,B12,351.52,570.621,94.0,61.0,45.0,10.0,20.0,51.0,71.0,6.0,35.0,13.0,0.56129,1.1034,0.4699,0.6335,0.13972,118.59,104.54,15.1037,0.0639,0.1256,0.5082,0.58168,0.04891,0.11714,0.13859,2.715,-0.158,2.873,136.29999999999998,14.5,102.95,0.8138704999999999,1.5999299999999999
2026,2027,Temple,temple,UTSA,utsa,2321456,Baboucarr Njie,Sophomore,F,78,0.5740816666666667,player_id,Baboucarr Njie,UTSA,Temple,-18.3551,338.0,1.4951,121.0,Amer,699.87,1183.542,258.0,214.0,99.0,36.0,54.0,91.0,145.0,18.0,43.0,67.0,-0.54642,0.0571,-0.2959,0.353,0.22813,92.96,119.01,13.5908,-0.0312,0.0033,0.45327,0.50078,0.11181,0.10742,0.20643,-2.496,-1.503,-0.993,148.11307000000002,20.66694,83.24184166666667,-0.31368970430000004,0.032780063166666665
2026,2027,Temple,temple,South Carolina,south carolina,2303014,Cam Scott,Sophomore,G,78,1.2054850000000001,player_id,Cam Scott,South Carolina,Temple,7.5291,96.0,10.7656,55.0,SEC,0.0,0.0,0.0,0.0,0.0,0.0,0.0,0.0,0.0,0.0,0.0,0.0,0.0,0.0,0.0,0.0,,,,,,,,,,,,,,,0.0,0.0,0.0,0.0,0.0
2026,2027,Temple,temple,Georgia St.,georgia state,2511312,Christian Beam,Sophomore,G,78,0.6639033333333334,player_id,Christian Beam,Georgia St.,Temple,-12.9658,309.0,-4.2366,248.0,SB,381.32,639.99,78.0,51.0,53.0,5.0,35.0,60.0,95.0,7.0,19.0,19.0,-0.43899,0.6209,0.0956,0.5253,0.12353,101.11,109.32,11.0404,-0.046,0.0651,0.47059,0.5249,0.02773,0.13409,0.2036,-3.275,-2.638,-0.637,51.78446,3.319516666666667,63.07081666666667,-0.2914469243,0.4122175796666667
2026,2027,Temple,temple,Indiana (PA),indiana pa,1722570,Dallis Dillard,Senior,G,75,1.0,player_id,Dallis Dillard,Indiana (PA),Temple,,,,,,0.0,0.0,0.0,0.0,0.0,0.0,0.0,0.0,0.0,0.0,0.0,0.0,0.0,0.0,0.0,0.0,,,,,,,,,,,,,,,0.0,0.0,0.0,0.0,0.0
2026,2027,Temple,temple,Oregon St.,oregon state,2125105,Dez White,Sophomore,G,74,0.9856483333333333,player_id,Dez White,Oregon St.,Temple,-0.8611,179.0,2.6949,106.0,WCC,887.67,1425.255,292.0,255.0,43.0,63.0,8.0,74.0,82.0,27.0,3.0,38.0,0.7898,1.3597,0.5746,0.7851,0.19153,104.95,114.8,11.4182,0.0356,0.0613,0.50588,0.53304,0.1613,0.05603,0.12183,-2.824,0.293,-3.117,287.80931333333336,62.095845000000004,80.82316333333334,0.7784650536666666,1.3401860388333333
2026,2027,Temple,temple,Indiana,indiana,1913079,Jason Drake,Junior,G,73,1.3980750000000002,player_id,Jason Drake,Indiana,Temple,17.2845,45.0,11.598,46.0,B10,0.0,0.0,0.0,0.0,0.0,0.0,0.0,0.0,0.0,0.0,0.0,0.0,0.0,0.0,0.0,0.0,,,,,,,,,,,,,,,0.0,0.0,0.0,0.0,0.0
2026,2027,Temple,temple,Southern California,usc,2127610,Jordan Marsh,Junior,G,71,1.2623216666666668,player_id,Jordan Marsh,Southern California,Temple,10.9393,77.0,12.0656,37.0,B10,488.1,859.091,194.0,148.0,61.0,49.0,5.0,47.0,52.0,17.0,3.0,31.0,0.73325,1.1065,0.5776,0.5289,0.20665,109.99,112.57,13.2443,0.0601,0.0907,0.49324,0.55492,0.19005,0.06144,0.1506,2.356,0.886,1.47,244.89040333333335,61.85376166666667,65.64072666666667,0.9255973620833333,1.396758924166667
2026,2027,Temple,temple,Louisiana Tech,louisiana tech,1725192,Sir Issac Herron,Senior,F,80,0.9551516666666666,player_id,Sir Issac Herron,Louisiana Tech,Temple,-2.6909,197.0,-3.0304,222.0,CUSA,309.45,490.516,109.0,73.0,28.0,9.0,17.0,34.0,51.0,7.0,13.0,18.0,0.35927,0.9019,0.3938,0.5081,0.17305,113.41,106.18,16.8016,0.0464,0.1166,0.63699,0.63892,0.06386,0.09408,0.17422,-2.204,-0.42,-1.784,104.11153166666666,8.596364999999999,48.712734999999995,0.3431573392833333,0.8614512881666666
2026,2027,Tennessee,tennessee,Kennesaw St.,kennesaw state,2334144,Braedan Lue,Sophomore,F,81,1.0198483333333332,player_id,Braedan Lue,Kennesaw St.,Tennessee,1.1909,149.0,-1.5987,190.0,CUSA,865.97,1506.855,349.0,300.0,91.0,40.0,67.0,97.0,164.0,30.0,46.0,50.0,1.8417,2.0289,0.8564,1.1725,0.21465,107.46,109.52,15.8303,0.0851,0.0937,0.475,0.51324,0.09345,0.10215,0.12819,-0.134,0.463,-0.597,355.9270683333333,40.79393333333333,167.25512666666665,1.8782546754999998,2.0691702835
2026,2027,Tennessee,tennessee,VCU,vcu,1920045,Christian Fermin,Senior,F,82,1.3506,player_id,Christian Fermin,VCU,Tennessee,17.436,42.0,4.9152,94.0,A10,51.54,94.562,3.0,1.0,10.0,3.0,6.0,4.0,10.0,1.0,6.0,0.0,0.08373,0.1399,0.0436,0.0963,0.04786,120.68,103.77,11.0111,0.065,0.1086,0.0,0.27778,0.08623,0.10145,0.0,0.045,-0.448,0.493,4.0518,4.0518,13.506,0.113085738,0.18894894
2026,2027,Tennessee,tennessee,California,california,2115343,Dai Dai Ames,Junior,G,73,1.2643766666666667,player_id,Dai Dai Ames,California,Tennessee,11.0626,75.0,6.0103,85.0,ACC,1049.84,1778.754,562.0,436.0,116.0,70.0,8.0,57.0,65.0,20.0,5.0,59.0,0.88475,2.9295,1.7429,1.1866,0.2682,111.67,112.04,16.2656,0.0337,0.1116,0.52982,0.577,0.14711,0.03504,0.10805,3.682,1.502,2.18,710.5796866666667,88.50636666666666,82.18448333333333,1.1186572558333334,3.703991445
2026,2027,Tennessee,tennessee,Notre Dame,notre dame,2483783,Jalen Haralson,Freshman,G,79,1.2210533333333333,player_id,Jalen Haralson,Notre Dame,Tennessee,8.4632,93.0,10.0663,66.0,ACC,717.96,1160.977,437.0,301.0,181.0,69.0,40.0,67.0,107.0,14.0,7.0,74.0,1.60069,1.9945,1.369,0.6256,0.33104,109.81,114.89,21.178,0.0892,0.1111,0.52326,0.57409,0.2331,0.08665,0.16277,-1.02,-1.053,0.033,533.6003066666667,84.25268,130.65270666666666,1.9545278601333334,2.435390873333333
2026,2027,Tennessee,tennessee,Wake Forest,wake forest,2313602,Juke Harris,Sophomore,F,79,1.256415,player_id,Juke Harris,Wake Forest,Tennessee,10.5849,80.0,9.9169,68.0,ACC,1229.93,2069.294,750.0,527.0,249.0,68.0,44.0,185.0,229.0,44.0,7.0,58.0,7.37189,5.0946,3.6377,1.4569,0.28722,121.41,111.44,23.3033,0.2397,0.1657,0.52657,0.58907,0.11645,0.11037,0.08351,4.556,3.937,0.619,942.3112500000001,85.43622,287.719035,9.26215317435,6.400931859
2026,2027,Tennessee,tennessee,Loyola Chicago,loyola chicago,2107312,Miles Rubin,Junior,F,82,0.7554516666666667,player_id,Miles Rubin,Loyola Chicago,Tennessee,-9.8729,280.0,2.9,105.0,A10,979.56,1573.841,372.0,275.0,92.0,75.0,66.0,167.0,233.0,22.0,76.0,67.0,4.01424,2.432,1.202,1.23,0.20718,109.96,110.6,20.616,0.1639,0.0993,0.58545,0.58954,0.18814,0.14108,0.17517,-1.07,-0.528,-0.542,281.02802,56.65887500000001,176.02023833333334,3.0325642984000005,1.8372584533333334
2026,2027,Tennessee,tennessee,VCU,vcu,2296820,Terrence Hill Jr.,Sophomore,G,75,1.3506,player_id,Terrence Hill Jr.,VCU,Tennessee,17.436,42.0,4.9152,94.0,A10,900.58,1513.296,539.0,369.0,135.0,102.0,11.0,85.0,96.0,21.0,2.0,40.0,5.85017,4.6809,3.4498,1.2311,0.26156,131.15,109.38,23.457,0.2598,0.2079,0.57588,0.62908,0.23857,0.05994,0.0854,3.119,1.942,1.177,727.9734,137.7612,129.6576,7.901239602,6.322023540000001
2026,2027,Tennessee,tennessee,Belmont,belmont,1705470,Tyler Lundblade,Senior,G,77,1.2293266666666667,player_id,Tyler Lundblade,Belmont,Tennessee,11.9596,69.0,-0.669,164.0,MVC,1073.4,1836.732,490.0,340.0,90.0,57.0,5.0,75.0,80.0,9.0,1.0,29.0,3.53417,3.8393,2.8029,1.0364,0.19471,130.21,113.83,15.6621,0.1317,0.1431,0.59706,0.64542,0.08793,0.04417,0.07097,4.269,5.303,-1.034,602.3700666666666,70.07162,98.34613333333334,4.344649425533333,4.719753871333333
2026,2027,UT Martin,tennessee martin,Georgia Tech,georgia tech,2474282,Davi Remagen,Freshman,G,75,1.0537433333333335,player_id,Davi Remagen,Georgia Tech,UT Martin,0.2246,169.0,5.7008,87.0,ACC,118.28,205.949,18.0,22.0,7.0,8.0,2.0,11.0,13.0,10.0,1.0,6.0,-0.29614,0.0694,-0.1407,0.2101,0.13145,76.59,104.81,6.1056,-0.1001,0.0235,0.31818,0.35857,0.10686,0.06254,0.19305,1.69,0.44,1.25,18.967380000000002,8.429946666666668,13.698663333333336,-0.3120555507333334,0.07312978733333335
2026,2027,Tennessee St.,tennessee state,Memphis,memphis,2113942,Aaron Bradshaw,Junior,F,85,1.0469383333333333,player_id,Aaron Bradshaw,Memphis,Tennessee St.,2.8163,133.0,5.5067,89.0,Amer,549.08,958.491,250.0,168.0,79.0,16.0,68.0,55.0,123.0,15.0,16.0,42.0,1.68664,1.7243,1.0548,0.6695,0.21248,116.73,110.99,18.3826,0.1229,0.1256,0.5625,0.61637,0.06086,0.12179,0.1716,3.164,1.506,1.658,261.7345833333333,16.751013333333333,128.773415,1.7658080705333332,1.8052357681666666
2026,2027,Tennessee St.,tennessee state,Bethune-Cookman,bethune cookman,1918655,Arterio Morris,Junior,G,75,0.8521749999999999,player_id,Arterio Morris,Bethune-Cookman,Tennessee St.,-6.4695,240.0,-7.2738,303.0,SWAC,804.32,1386.136,323.0,303.0,106.0,79.0,27.0,79.0,106.0,39.0,24.0,87.0,-0.50511,0.2734,-0.8832,1.1566,0.27127,87.86,108.58,11.2132,-0.0251,0.0136,0.43234,0.46196,0.19668,0.07484,0.19925,-1.57,0.037,-1.607,275.252525,67.32182499999999,90.33054999999999,-0.4304421142499999,0.23298464499999996
2026,2027,Tennessee St.,tennessee state,Abilene Christian,abilene christian,2313773,Christian Alston,Sophomore,G,77,0.8496049999999999,player_id,Christian Alston,Abilene Christian,Tennessee St.,-6.6237,245.0,-0.1147,150.0,WAC,308.13,525.63,127.0,123.0,45.0,9.0,18.0,36.0,54.0,14.0,5.0,24.0,-0.22825,0.1766,-0.2882,0.4649,0.27445,88.91,107.82,10.6401,-0.0296,0.0229,0.38211,0.44468,0.06711,0.11234,0.14388,-2.606,-2.542,-0.064,107.899835,7.646445,45.87867,-0.19392234125,0.150040243
2026,2027,Tennessee St.,tennessee state,Iona,iona,2474868,Deondrea Lindsey,Freshman,F,80,0.7944433333333334,player_id,Deondrea Lindsey,Iona,Tennessee St.,-7.5334,256.0,-8.7473,329.0,MAAC,0.0,0.0,0.0,0.0,0.0,0.0,0.0,0.0,0.0,0.0,0.0,0.0,0.0,0.0,0.0,0.0,,,,,,,,,,,,,,,0.0,0.0,0.0,0.0,0.0
2026,2027,Tennessee St.,tennessee state,NIU,northern illinois,2543672,Isaiah Stewart,Freshman,F,78,0.5893499999999999,player_id,Isaiah Stewart,NIU,Tennessee St.,-17.439,334.0,-1.5094,187.0,MAC,46.09,79.42,9.0,4.0,2.0,1.0,2.0,3.0,5.0,1.0,0.0,0.0,-0.07293,0.1217,0.1005,0.0212,0.05275,189.66,119.5,11.1479,-0.0633,0.1056,1.0,0.91837,0.04453,0.06306,0.0,,,,5.304149999999999,0.5893499999999999,2.9467499999999998,-0.04298129549999999,0.071723895
2026,2027,Tennessee Tech,tennessee tech,Marshall,marshall,2560959,Caleb Hollenbeck,Senior,G,76,0.9062483333333333,player_id,Caleb Hollenbeck,Marshall,Tennessee Tech,-3.2251,209.0,-4.5008,255.0,SB,531.34,922.927,156.0,136.0,12.0,29.0,14.0,28.0,42.0,7.0,0.0,13.0,-0.03002,0.8922,0.6632,0.229,0.14335,117.73,119.86,9.1305,-0.0023,0.0672,0.55515,0.55202,0.08816,0.04329,0.08426,-0.362,1.358,-1.72,141.37474,26.281201666666668,38.06243,-0.027205574966666667,0.808554763
2026,2027,Tennessee Tech,tennessee tech,South Fla.,south florida,2560106,Caleb Sanders,Freshman,F,78,1.3416183333333334,player_id,Caleb Sanders,South Fla.,Tennessee Tech,16.8971,47.0,3.8094,101.0,Amer,73.05,137.246,30.0,14.0,14.0,5.0,4.0,7.0,11.0,3.0,0.0,4.0,0.23577,0.3284,0.2152,0.1133,0.14734,138.83,107.36,18.5766,0.1291,0.1798,0.67857,0.74257,0.10666,0.07776,0.16556,0.331,0.548,-0.217,40.24855,6.708091666666666,14.757801666666667,0.31631335445000003,0.4405874606666667
2026,2027,Tennessee Tech,tennessee tech,Abilene Christian,abilene christian,2144728,Cbo Newton,Sophomore,G,75,0.8496049999999999,player_id,Cbo Newton,Abilene Christian,Tennessee Tech,-6.6237,245.0,-0.1147,150.0,WAC,735.65,1241.588,294.0,234.0,69.0,33.0,17.0,40.0,57.0,32.0,5.0,42.0,0.13389,1.4323,0.5341,0.8982,0.21175,105.12,111.03,12.9156,0.0073,0.0779,0.52778,0.55598,0.10209,0.05098,0.13709,1.236,1.5,-0.264,249.78386999999998,28.036965,48.427485,0.11375361345,1.2168892414999999
2026,2027,Tennessee Tech,tennessee tech,Colorado Mesa,colorado mesa,2579888,Cohenj Gonzales,Junior,G,69,1.0,player_id,Cohenj Gonzales,Colorado Mesa,Tennessee Tech,,,,,,0.0,0.0,0.0,0.0,0.0,0.0,0.0,0.0,0.0,0.0,0.0,0.0,0.0,0.0,0.0,0.0,,,,,,,,,,,,,,,0.0,0.0,0.0,0.0,0.0
2026,2027,Tennessee Tech,tennessee tech,UTRGV,ut rio grande valley,2534674,Dane Christensen,Sophomore,F,79,1.0769233333333332,player_id,Dane Christensen,UTRGV,Tennessee Tech,4.6154,117.0,-1.456,183.0,Slnd,319.96,532.669,72.0,67.0,22.0,20.0,9.0,36.0,45.0,8.0,2.0,14.0,-0.53297,0.4915,0.0006,0.4909,0.15021,96.99,107.54,7.5072,-0.0666,0.0614,0.44776,0.46936,0.10866,0.08176,0.15439,-1.87,-0.406,-1.464,77.53847999999999,21.538466666666665,48.461549999999995,-0.5739678289666666,0.5293078183333333
2026,2027,Tennessee Tech,tennessee tech,Stonehill,stonehill,2539309,Davante Hackett,Junior,G,75,0.59199,player_id,Davante Hackett,Stonehill,Tennessee Tech,-17.2806,333.0,-10.5414,352.0,NEC,871.01,1419.912,430.0,346.0,108.0,43.0,29.0,98.0,127.0,26.0,14.0,43.0,3.31354,2.719,1.1631,1.5558,0.26449,108.86,104.66,17.579,0.1522,0.1249,0.50723,0.54638,0.12287,0.0818,0.09851,-1.925,-0.321,-1.604,254.5557,25.45557,75.18273,1.9615825446000001,1.60962081
2026,2027,Tennessee Tech,tennessee tech,South Fla.,south florida,1909088,De'Ante Green,Senior,F,82,1.3416183333333334,player_id,De'Ante Green,South Fla.,Tennessee Tech,16.8971,47.0,3.8094,101.0,Amer,0.0,0.0,0.0,0.0,0.0,0.0,0.0,0.0,0.0,0.0,0.0,0.0,0.0,0.0,0.0,0.0,,,,,,,,,,,,,,,0.0,0.0,0.0,0.0,0.0
2026,2027,Tennessee Tech,tennessee tech,UIndy,uindy,2111744,Shaun Arnold,Junior,F,77,1.0,player_id,Shaun Arnold,UIndy,Tennessee Tech,,,,,,0.0,0.0,0.0,0.0,0.0,0.0,0.0,0.0,0.0,0.0,0.0,0.0,0.0,0.0,0.0,0.0,,,,,,,,,,,,,,,0.0,0.0,0.0,0.0,0.0
2026,2027,Tennessee Tech,tennessee tech,Le Moyne,le moyne,1946960,Trent Mosquera,Senior,G,76,0.7240833333333333,player_id,Trent Mosquera,Le Moyne,Tennessee Tech,-11.755,299.0,-10.8242,353.0,NEC,996.77,1689.004,427.0,354.0,87.0,71.0,25.0,157.0,182.0,40.0,22.0,64.0,4.21011,2.4193,0.6961,1.7232,0.23857,103.74,105.3,15.8179,0.169,0.0971,0.51271,0.54423,0.15019,0.10439,0.14026,-0.463,1.073,-1.536,309.18358333333333,51.40991666666667,131.78316666666666,3.0484704825,1.751774808333333
2026,2027,Texas,texas,Tennessee,tennessee,2505201,Amari Evans,Freshman,G,77,1.45,player_id,Amari Evans,Tennessee,Texas,27.0008,14.0,15.9675,6.0,SEC,505.45,829.418,142.0,129.0,40.0,27.0,32.0,80.0,112.0,34.0,8.0,21.0,1.59343,1.6234,0.434,1.1894,0.16048,109.26,98.43,14.9863,0.1261,0.1285,0.46124,0.48431,0.08968,0.12344,0.1253,2.056,0.506,1.55,205.9,39.15,162.4,2.3104734999999996,2.35393
2026,2027,Texas,texas,TCU,tcu,2305305,David Punch,Sophomore,F,79,1.3991016666666667,player_id,David Punch,TCU,Texas,17.3461,44.0,11.8204,40.0,B12,1008.47,1702.677,478.0,354.0,170.0,68.0,68.0,162.0,230.0,45.0,66.0,58.0,6.19352,4.0815,1.7856,2.2959,0.23942,113.76,99.29,22.2132,0.2457,0.1619,0.51836,0.55737,0.13791,0.13204,0.11915,3.94,0.348,3.592,668.7705966666667,95.13891333333333,321.79338333333334,8.665364154533334,5.7104334525
2026,2027,Texas,texas,Auburn,auburn,2364052,Elyjah Freeman,Sophomore,G,80,1.4300000000000002,player_id,Elyjah Freeman,Auburn,Texas,19.2,36.0,14.6562,14.0,SEC,1019.19,1711.413,350.0,266.0,113.0,45.0,70.0,129.0,199.0,49.0,23.0,41.0,3.32409,2.8397,1.7873,1.0524,0.17307,119.77,113.16,17.1343,0.1305,0.1114,0.5094,0.55432,0.07752,0.11444,0.11494,5.027,2.428,2.599,500.50000000000006,64.35000000000001,284.57000000000005,4.753448700000001,4.060771000000001
2026,2027,Texas,texas,Colorado,colorado,2540151,Isaiah Johnson,Freshman,G,73,1.2792316666666668,player_id,Isaiah Johnson,Colorado,Texas,11.9539,70.0,10.6533,58.0,B12,979.85,1674.337,540.0,333.0,195.0,96.0,27.0,65.0,92.0,33.0,1.0,46.0,5.26498,4.0638,3.4274,0.6363,0.24027,130.4,117.43,22.3475,0.2149,0.1659,0.57057,0.6447,0.18378,0.05486,0.09897,2.606,1.747,0.859,690.7851,122.80624,117.68931333333335,6.735129140366667,5.198541647
2026,2027,Texas,texas,Saint Mary's (CA),saint marys,2268743,Mikey Lewis,Sophomore,G,75,1.4245383333333335,player_id,Mikey Lewis,Saint Mary's (CA),Texas,21.8723,26.0,5.1762,91.0,WCC,856.43,1383.35,447.0,375.0,93.0,64.0,12.0,72.0,84.0,23.0,8.0,43.0,2.78019,3.4698,1.7886,1.6812,0.27746,115.61,102.96,17.3296,0.1299,0.1621,0.48667,0.53739,0.15546,0.05691,0.0937,4.955,4.135,0.82,636.768635,91.17045333333334,119.66122000000001,3.9604872289500004,4.942863109000001
2026,2027,Texas A&M,texas a and m,Tennessee,tennessee,2092652,Cade Phillips,Junior,F,81,1.45,player_id,Cade Phillips,Tennessee,Texas A&M,27.0008,14.0,15.9675,6.0,SEC,168.66,286.129,38.0,26.0,13.0,4.0,18.0,22.0,40.0,2.0,11.0,7.0,0.15888,0.4672,0.1564,0.3108,0.1088,114.13,104.12,14.2437,0.0377,0.1108,0.65385,0.59937,0.03815,0.12872,0.18079,1.57,-0.475,2.045,55.1,5.8,58.0,0.23037599999999997,0.6774399999999999
2026,2027,Texas A&M,texas a and m,LSU,lsu,2486086,Jalen Reece,Freshman,G,72,1.2998266666666667,player_id,Jalen Reece,LSU,Texas A&M,13.1896,61.0,10.6212,59.0,SEC,760.94,1268.341,185.0,179.0,47.0,116.0,4.0,54.0,58.0,28.0,3.0,41.0,-0.64128,0.9702,0.3731,0.5971,0.16005,103.45,115.87,10.2131,-0.0337,0.051,0.42179,0.46319,0.25491,0.04383,0.17035,-1.488,0.369,-1.857,240.46793333333335,150.77989333333335,75.38994666666667,-0.8335528447999999,1.261091832
2026,2027,Texas A&M,texas a and m,LMU (CA),loyola marymount,2328171,Jalen Shelley,Sophomore,F,80,1.0094666666666667,player_id,Jalen Shelley,LMU (CA),Texas A&M,0.568,165.0,0.2503,145.0,WCC,764.67,1279.949,333.0,253.0,113.0,62.0,25.0,134.0,159.0,17.0,15.0,56.0,2.06805,2.0099,0.725,1.2849,0.24216,105.61,105.77,16.7951,0.1082,0.1051,0.50198,0.55005,0.16457,0.11807,0.15611,1.091,-0.498,1.589,336.1524,62.586933333333334,160.5052,2.08762754,2.0289270533333337
2026,2027,Texas A&M,texas a and m,Radford,radford,2106225,Lukas Walls,Junior,G,77,0.7942766666666667,player_id,Lukas Walls,Radford,Texas A&M,-7.5434,257.0,-7.2526,301.0,BSth,706.19,1250.524,228.0,132.0,66.0,29.0,17.0,50.0,67.0,26.0,6.0,29.0,0.95212,2.0031,1.3229,0.6802,0.13051,129.62,113.9,13.0676,0.0539,0.1135,0.67803,0.70807,0.07481,0.05293,0.1526,0.543,1.44,-0.897,181.09508000000002,23.034023333333337,53.21653666666667,0.7562466998666667,1.5910155910000001
2026,2027,Texas A&M,texas a and m,Kansas St.,kansas state,1917531,PJ Haggerty,Junior,G,76,1.1657333333333333,player_id,PJ Haggerty,Kansas St.,Texas A&M,6.944,103.0,12.7102,31.0,B12,1090.54,1967.027,725.0,554.0,204.0,119.0,38.0,125.0,163.0,37.0,1.0,102.0,2.70808,2.9467,1.9465,1.0003,0.32597,109.48,114.39,20.5256,0.0993,0.1081,0.52527,0.56306,0.22519,0.08371,0.13677,1.586,1.859,-0.273,845.1566666666666,138.72226666666666,190.01453333333333,3.156899125333333,3.435066413333333
2026,2027,Texas A&M,texas a and m,McNeese,mcneese state,2126509,Tyshawn Archie,Junior,G,73,1.2382,player_id,Tyshawn Archie,McNeese,Texas A&M,12.492,65.0,-1.3434,178.0,Slnd,832.75,1346.006,455.0,389.0,68.0,89.0,13.0,47.0,60.0,52.0,12.0,50.0,5.02273,3.3515,1.7718,1.5797,0.29013,114.3,103.55,21.2704,0.2413,0.161,0.50643,0.54309,0.23128,0.04253,0.10663,2.251,2.294,-0.043,563.381,110.1998,74.292,6.219144286,4.1498273
2026,2027,East Texas A&M,texas a and m commerce,Weber St.,weber state,2541451,Edwin Suarez Jr.,Junior,F,78,0.9112416666666666,player_id,Edwin Suarez Jr.,Weber St.,East Texas A&M,-2.9255,202.0,-2.479,209.0,BSky,653.97,1120.054,279.0,217.0,99.0,34.0,75.0,107.0,182.0,38.0,15.0,59.0,2.27075,1.4963,0.4968,0.9995,0.24383,103.66,107.6,18.6179,0.1389,0.0915,0.51152,0.5353,0.10209,0.16414,0.18463,0.648,0.88,-0.232,254.236425,30.982216666666666,165.84598333333332,2.0692020145833334,1.3634909058333333
2026,2027,East Texas A&M,texas a and m commerce,Sam Houston,sam houston state,2313722,Jaxson Ford,Sophomore,F,79,1.0881683333333334,player_id,Jaxson Ford,Sam Houston,East Texas A&M,5.2901,111.0,0.3543,141.0,CUSA,149.53,262.547,47.0,38.0,9.0,7.0,14.0,24.0,38.0,3.0,4.0,14.0,-0.32998,0.2291,0.02,0.2091,0.17736,98.54,109.05,10.4146,-0.0883,0.0613,0.55263,0.55952,0.08292,0.13811,0.25018,-1.562,-1.867,0.305,51.14391166666667,7.617178333333333,41.35039666666667,-0.35907378663333334,0.24929936516666668
2026,2027,A&M-Corpus Christi,texas a and m corpus chris,Wagner,wagner,2569026,Binael Basil,Sophomore,F,79,0.6697266666666667,player_id,Binael Basil,Wagner,A&M-Corpus Christi,-12.6164,305.0,-9.1832,340.0,NEC,637.06,1017.784,243.0,173.0,90.0,31.0,71.0,96.0,167.0,12.0,11.0,41.0,1.73089,1.7792,0.9423,0.8369,0.21008,112.05,109.99,18.0204,0.1087,0.1117,0.56069,0.5715,0.10814,0.1542,0.16167,-2.431,-2.295,-0.136,162.74358,20.76152666666667,111.84435333333333,1.1592231900666667,1.1915776853333333
2026,2027,A&M-Corpus Christi,texas a and m corpus chris,Fort Hays St.,fort hays state,1903449,Dan Mukuna,Junior,F,80,1.0,player_id,Dan Mukuna,Fort Hays St.,A&M-Corpus Christi,,,,,,0.0,0.0,0.0,0.0,0.0,0.0,0.0,0.0,0.0,0.0,0.0,0.0,0.0,0.0,0.0,0.0,,,,,,,,,,,,,,,0.0,0.0,0.0,0.0,0.0
2026,2027,A&M-Corpus Christi,texas a and m corpus chris,Tarleton St.,tarleton state,2317055,Jordan Mizell,Sophomore,G,73,0.8858583333333333,player_id,Jordan Mizell,Tarleton St.,A&M-Corpus Christi,-4.4485,220.0,0.3794,139.0,WAC,795.34,1359.803,141.0,134.0,50.0,59.0,39.0,54.0,93.0,47.0,4.0,48.0,-1.39304,0.8529,-0.2598,1.1128,0.12763,91.67,108.98,8.3816,-0.0701,0.0429,0.39552,0.45192,0.13378,0.07166,0.23529,1.397,-0.996,2.393,124.906025,52.26564166666667,82.38482499999999,-1.2340360926666667,0.7555485725
2026,2027,A&M-Corpus Christi,texas a and m corpus chris,NJIT,njit,2117659,Sebastian Robinson,Junior,G,73,0.59924,player_id,Sebastian Robinson,NJIT,A&M-Corpus Christi,-16.8456,332.0,-9.4685,347.0,AE,798.75,1307.608,422.0,355.0,133.0,62.0,9.0,72.0,81.0,35.0,4.0,58.0,0.23004,1.2976,0.283,1.0145,0.31003,99.62,110.52,16.7329,0.0115,0.065,0.46197,0.51028,0.20957,0.05658,0.12301,-1.815,-1.78,-0.035,252.87928,37.152879999999996,48.53844,0.1378491696,0.7775738240000001
2026,2027,Texas Southern,texas southern,Jacksonville St.,jacksonville state,2208098,Bencao Vungo,Junior,F,78,0.9066666666666666,player_id,Bencao Vungo,Jacksonville St.,Texas Southern,-3.2,208.0,-2.9923,220.0,CUSA,62.8,103.223,17.0,14.0,0.0,2.0,3.0,15.0,18.0,0.0,2.0,2.0,0.13995,,,0.1072,0.13114,,105.56,14.9549,0.0891,,0.60714,0.60714,0.07813,0.15125,0.125,-1.037,-2.005,0.968,15.413333333333332,1.8133333333333332,16.32,0.12688799999999997,0.0
2026,2027,Texas Southern,texas southern,Bowling Green,bowling green,2472549,Jason Kimbrough Jr.,Junior,G,72,1.0227233333333334,player_id,Jason Kimbrough Jr.,Bowling Green,Texas Southern,1.3634,144.0,-3.7275,233.0,MAC,35.95,61.996,0.0,6.0,0.0,7.0,0.0,3.0,3.0,0.0,1.0,3.0,-0.22874,,,0.045,0.12384,,110.6,-5.8795,-0.2545,,0.0,0.0,0.29727,0.04735,0.33333,0.578,-0.045,0.623,0.0,7.159063333333334,3.0681700000000003,-0.2339377352666667,0.0
2026,2027,Texas Southern,texas southern,St. Bonaventure,saint bonaventure,2331491,Xander Wedlow,Sophomore,F,82,1.040695,player_id,Xander Wedlow,St. Bonaventure,Texas Southern,2.4417,137.0,1.4439,124.0,A10,6.19,10.421,0.0,1.0,0.0,0.0,1.0,1.0,2.0,0.0,0.0,2.0,-0.06056,,,0.0044,0.24733,,116.71,-19.1642,-0.3913,,0.0,0.0,0.0,0.18203,0.66667,,,,0.0,0.0,2.08139,-0.06302448919999999,0.0
2026,2027,Texas St.,texas state,Boston College,boston college,2534675,Caleb Steger,Freshman,G,77,1.0630783333333333,player_id,Caleb Steger,Boston College,Texas St.,0.7847,158.0,6.0956,83.0,ACC,351.53,571.325,101.0,93.0,24.0,6.0,5.0,27.0,32.0,6.0,2.0,15.0,-0.6977,0.3681,-0.0852,0.4534,0.17738,93.68,110.28,6.4938,-0.0794,0.0419,0.45699,0.48745,0.0342,0.04991,0.12652,-1.089,-2.039,0.95,107.37091166666667,6.37847,34.01850666666667,-0.7417097531666667,0.3913191345
2026,2027,Texas St.,texas state,UNC Greensboro,unc greensboro,2540609,KJ Younger,Freshman,G,76,0.67896,player_id,KJ Younger,UNC Greensboro,Texas St.,-12.0624,300.0,-6.2364,287.0,SC,920.56,1544.06,482.0,357.0,150.0,34.0,34.0,105.0,139.0,28.0,6.0,40.0,2.87537,2.2285,1.8478,0.3807,0.25978,115.32,120.05,18.8759,0.1249,0.0968,0.52661,0.56974,0.07962,0.08769,0.08639,-1.549,-0.53,-1.019,327.25872,23.08464,94.37544,1.9522612152,1.51306236
2026,2027,Texas St.,texas state,Southern Ill.,southern illinois,2303546,Quel'Ron House,Sophomore,G,72,1.07197,player_id,Quel'Ron House,Southern Ill.,Texas St.,4.3182,120.0,1.3427,125.0,MVC,884.38,1519.454,437.0,382.0,97.0,96.0,20.0,79.0,99.0,47.0,4.0,68.0,1.81298,2.4173,0.6116,1.8057,0.27723,102.64,101.86,17.302,0.082,0.1093,0.47775,0.51448,0.22253,0.06213,0.13802,1.229,-1.585,2.814,468.45089,102.90912,106.12503000000001,1.9434601706,2.591273081
2026,2027,Texas St.,texas state,CSU Bakersfield,cal state bakersfield,2118548,Ronald Jessamy,Junior,F,80,0.6209233333333334,player_id,Ronald Jessamy,CSU Bakersfield,Texas St.,-15.5446,327.0,-0.0925,149.0,BW,769.25,1366.268,384.0,281.0,134.0,36.0,61.0,132.0,193.0,36.0,53.0,82.0,3.08508,1.3982,0.4186,0.9797,0.26302,101.56,110.43,20.1784,0.1604,0.0727,0.51779,0.56471,0.10992,0.13793,0.19433,-1.525,-0.523,-1.002,238.43456000000003,22.353240000000003,119.83820333333334,1.9155981572000003,0.8681750046666667
2026,2027,Texas Tech,texas tech,Hofstra,hofstra,1890622,Cruz Davis,Senior,G,75,1.1809516666666666,player_id,Cruz Davis,Hofstra,Texas Tech,9.0571,89.0,-0.5762,162.0,CAA,1270.93,2031.346,663.0,518.0,165.0,153.0,13.0,103.0,116.0,35.0,11.0,83.0,5.55937,5.1589,3.2765,1.8824,0.27565,118.14,108.11,19.6575,0.175,0.1624,0.50676,0.56129,0.26395,0.05052,0.12322,0.993,0.991,0.002,782.970955,180.68560499999998,136.99039333333332,6.565347267116667,6.0924115531666665
2026,2027,Texas Tech,texas tech,Wyoming,wyoming,2305462,Damarion Dennis,Sophomore,G,73,1.1586100000000001,player_id,Damarion Dennis,Wyoming,Texas Tech,7.7166,95.0,4.3718,98.0,MWC,744.28,1220.061,347.0,246.0,66.0,43.0,33.0,67.0,100.0,27.0,8.0,20.0,3.80867,3.277,2.3469,0.9301,0.20139,133.95,110.69,21.3266,0.2047,0.1761,0.58537,0.63091,0.11736,0.07991,0.06779,2.127,2.026,0.101,402.03767000000005,49.82023000000001,115.86100000000002,4.412763148700001,3.796764970000001
2026,2027,Texas Tech,texas tech,UNLV,unlv,2142746,Dra Gibbs-Lawhorn,Junior,G,73,1.106575,player_id,Dra Gibbs-Lawhorn,UNLV,Texas Tech,6.3945,104.0,7.0394,81.0,MWC,1171.22,2020.082,705.0,508.0,126.0,86.0,16.0,91.0,107.0,47.0,18.0,82.0,5.46257,3.985,2.9135,1.0715,0.27513,118.5,114.42,20.9595,0.1866,0.1361,0.59055,0.62567,0.15743,0.05309,0.12705,0.738,1.679,-0.941,780.1353750000001,95.16545,118.40352500000002,6.0447433977500005,4.409701375
2026,2027,The Citadel,the citadel,Iona,iona,1889831,Chase Cormier,Junior,G,74,0.7944433333333334,player_id,Chase Cormier,Iona,The Citadel,-7.5334,256.0,-8.7473,329.0,MAAC,300.78,506.986,65.0,64.0,6.0,11.0,3.0,20.0,23.0,11.0,0.0,8.0,-0.35056,0.4532,0.0472,0.4059,0.12812,99.88,109.58,6.7321,-0.0466,0.0603,0.46875,0.48799,0.06442,0.04272,0.10718,-0.987,-0.949,-0.038,51.63881666666667,8.738876666666668,18.27219666666667,-0.27850005493333335,0.3600417186666667
2026,2027,The Citadel,the citadel,Furman,furman,2146831,Eddrin Bronson,Sophomore,G,76,0.9763616666666667,player_id,Eddrin Bronson,Furman,The Citadel,-1.4183,184.0,-5.6642,276.0,SC,589.02,957.376,172.0,144.0,46.0,30.0,12.0,41.0,53.0,11.0,10.0,36.0,-1.03402,0.7259,0.0801,0.6458,0.17887,98.71,112.39,8.5947,-0.0702,0.0493,0.47917,0.52375,0.09108,0.05202,0.17978,-1.837,-3.045,1.208,167.93420666666668,29.29085,51.747168333333335,-1.0095774905666666,0.7087409338333334
2026,2027,The Citadel,the citadel,Davidson,davidson,1933861,Joe Hurlburt,Senior,F,83,1.09089,player_id,Joe Hurlburt,Davidson,The Citadel,5.4534,109.0,2.5983,109.0,A10,71.23,115.877,13.0,14.0,4.0,6.0,11.0,16.0,27.0,1.0,1.0,6.0,0.08441,0.1131,-0.0196,0.1326,0.16353,93.89,103.86,11.0497,0.0474,0.0635,0.42857,0.41139,0.14767,0.22546,0.27574,1.299,-0.182,1.481,14.181569999999999,6.5453399999999995,29.454029999999996,0.09208202489999999,0.123379659
2026,2027,The Citadel,the citadel,Shepherd,shepherd,2138846,Marcus Banks,Junior,G,74,1.0,player_id,Marcus Banks,Shepherd,The Citadel,,,,,,0.0,0.0,0.0,0.0,0.0,0.0,0.0,0.0,0.0,0.0,0.0,0.0,0.0,0.0,0.0,0.0,,,,,,,,,,,,,,,0.0,0.0,0.0,0.0,0.0
2026,2027,The Citadel,the citadel,Green Bay,green bay,2505129,Ramel Bethea,Sophomore,F,81,0.9011699999999999,player_id,Ramel Bethea,Green Bay,The Citadel,-3.5298,211.0,-2.369,206.0,Horz,351.28,557.747,91.0,54.0,18.0,7.0,28.0,37.0,65.0,8.0,34.0,14.0,1.4334,1.036,0.671,0.3651,0.12098,130.44,113.02,17.4989,0.1632,0.118,0.74074,0.73506,0.03886,0.11976,0.1844,-0.492,0.997,-1.489,82.00647,6.30819,58.576049999999995,1.291737078,0.9336121199999999
2026,2027,The Citadel,the citadel,BYU,byu,1910969,Tyler Mrus,Junior,F,79,1.45,player_id,Tyler Mrus,BYU,The Citadel,22.7768,24.0,14.2815,17.0,B12,260.22,458.384,54.0,48.0,11.0,8.0,6.0,18.0,24.0,6.0,3.0,6.0,-0.07202,0.4671,0.2022,0.2648,0.10932,113.65,113.28,7.5033,-0.0111,0.0718,0.45833,0.51136,0.04375,0.05072,0.10197,3.342,2.406,0.936,78.3,11.6,34.8,-0.104429,0.677295
2026,2027,Toledo,toledo,UMass Lowell,umass lowell,1913024,Angel Montas Jr.,Junior,G,78,0.6361866666666667,player_id,Angel Montas Jr.,UMass Lowell,Toledo,-14.6288,320.0,-9.4174,346.0,AE,830.82,1387.095,454.0,354.0,99.0,40.0,45.0,94.0,139.0,24.0,10.0,51.0,2.95336,2.2977,1.5401,0.7576,0.2705,113.0,114.45,20.8682,0.1422,0.1106,0.55085,0.57093,0.10525,0.09601,0.1137,1.471,2.516,-1.045,288.8287466666667,25.447466666666667,88.42994666666667,1.8788882538666667,1.4617661039999998
2026,2027,Toledo,toledo,Providence,providence,2110976,Rich Barron,Junior,F,77,1.2827883333333334,player_id,Rich Barron,Providence,Toledo,12.1673,67.0,11.0749,51.0,BE,0.0,0.0,0.0,0.0,0.0,0.0,0.0,0.0,0.0,0.0,0.0,0.0,0.0,0.0,0.0,0.0,,,,,,,,,,,,,,,0.0,0.0,0.0,0.0,0.0
2026,2027,Toledo,toledo,Marquette,marquette,1908385,Sean Jones,Junior,G,70,1.2473,player_id,Sean Jones,Marquette,Toledo,10.038,83.0,11.1206,50.0,BE,170.18,305.072,50.0,48.0,16.0,31.0,0.0,11.0,11.0,8.0,0.0,12.0,-0.05744,0.2194,0.0254,0.194,0.18664,98.58,111.9,9.8087,-0.0135,0.0516,0.40625,0.45455,0.3354,0.03331,0.179,-2.676,-1.721,-0.955,62.365,38.6663,13.720300000000002,-0.071644912,0.27365762000000005
2026,2027,Towson,towson,Claflin,claflin,2325497,Alex Atkinson,Sophomore,F,82,1.0,player_id,Alex Atkinson,Claflin,Towson,,,,,,0.0,0.0,0.0,0.0,0.0,0.0,0.0,0.0,0.0,0.0,0.0,0.0,0.0,0.0,0.0,0.0,,,,,,,,,,,,,,,0.0,0.0,0.0,0.0,0.0
2026,2027,Towson,towson,San Jose St.,san jose state,2284411,Ben Roseborough,Freshman,G,76,0.881115,player_id,Ben Roseborough,San Jose St.,Towson,-4.7331,222.0,7.1866,80.0,MWC,275.85,438.845,117.0,100.0,28.0,8.0,3.0,13.0,16.0,10.0,1.0,9.0,0.06855,0.3149,0.3026,0.0123,0.23432,108.36,124.16,12.9428,0.0099,0.0457,0.47,0.52093,0.06709,0.03591,0.07418,0.971,-0.637,1.608,103.09045499999999,7.04892,14.09784,0.060400433249999996,0.2774631135
2026,2027,Towson,towson,Rutgers,rutgers,2474222,Denis Badalau,Freshman,F,81,1.11105,player_id,Denis Badalau,Rutgers,Towson,3.663,125.0,11.0455,53.0,B10,299.93,482.519,74.0,83.0,21.0,21.0,14.0,27.0,41.0,6.0,4.0,13.0,-0.33112,0.0689,-0.149,0.2179,0.18407,90.9,116.54,8.0928,-0.0442,0.0092,0.36145,0.4013,0.14199,0.07928,0.12353,-0.17,-0.11,-0.06,82.21770000000001,23.332050000000002,45.553050000000006,-0.36789087600000003,0.076551345
2026,2027,Towson,towson,Villanova,villanova,2116901,Zion Stanford,Junior,G,78,1.4419183333333334,player_id,Zion Stanford,Villanova,Towson,19.9151,33.0,10.8642,54.0,BE,50.54,80.212,13.0,10.0,4.0,4.0,3.0,2.0,5.0,2.0,0.0,7.0,-0.23641,0.0021,-0.0598,0.0619,0.19209,84.47,110.95,5.6358,-0.1871,0.0017,0.5,0.55085,0.14044,0.05794,0.37313,-1.096,-0.977,-0.119,18.744938333333334,5.767673333333334,7.209591666666667,-0.3408839131833334,0.0030280285
2026,2027,Trevecca Nazarene,trevecca nazarene,Southern Miss.,southern miss,2329171,Jett Montgomery,Sophomore,G,71,0.8891966666666666,player_id,Jett Montgomery,Southern Miss.,Trevecca Nazarene,-4.2482,219.0,-3.9902,239.0,SB,0.0,0.0,0.0,0.0,0.0,0.0,0.0,0.0,0.0,0.0,0.0,0.0,0.0,0.0,0.0,0.0,,,,,,,,,,,,,,,0.0,0.0,0.0,0.0,0.0
2026,2027,Trevecca Nazarene,trevecca nazarene,Abilene Christian,abilene christian,2505145,Tylan Lewis,Freshman,G,72,0.8496049999999999,player_id,Tylan Lewis,Abilene Christian,Trevecca Nazarene,-6.6237,245.0,-0.1147,150.0,WAC,78.79,136.032,2.0,9.0,0.0,6.0,0.0,5.0,5.0,1.0,1.0,3.0,-0.51127,,,0.0741,0.07695,,114.16,-1.8574,-0.2596,,0.11111,0.11111,0.14004,0.04032,0.25,-1.464,-0.902,-0.562,1.6992099999999999,5.09763,4.248025,-0.43437754835,0.0
2026,2027,Troy,troy,UMBC,umbc,2333157,Caden Diggs,Sophomore,F,79,0.9697166666666667,player_id,Caden Diggs,UMBC,Troy,-1.817,187.0,-14.6218,365.0,AE,694.42,1130.596,308.0,239.0,65.0,28.0,19.0,91.0,110.0,20.0,10.0,37.0,1.83396,2.2601,0.901,1.3591,0.23845,109.72,102.85,17.3704,0.1056,0.1302,0.54184,0.57549,0.08212,0.09386,0.12147,0.111,-0.98,1.091,298.6727333333333,27.152066666666666,106.66883333333334,1.7784215780000001,2.1916566383333334
2026,2027,Troy,troy,Longwood,longwood,2099646,Jacoi Hutchinson,Junior,G,75,0.7710183333333334,player_id,Jacoi Hutchinson,Longwood,Troy,-8.9389,270.0,-8.4407,327.0,BSth,837.87,1422.592,351.0,284.0,112.0,95.0,25.0,75.0,100.0,40.0,4.0,52.0,1.96941,2.498,1.2861,1.2118,0.22924,112.02,108.59,16.8611,0.094,0.1193,0.44894,0.52655,0.23448,0.07131,0.13497,1.193,0.578,0.615,270.627435,73.24674166666667,77.10183333333333,1.51845121585,1.926003796666667
2026,2027,Troy,troy,NC State,nc state,2474913,Jayme Kontuniemi,Freshman,G,76,1.4298483333333334,player_id,Jayme Kontuniemi,NC State,Troy,19.1909,37.0,11.7733,42.0,ACC,0.0,0.0,0.0,0.0,0.0,0.0,0.0,0.0,0.0,0.0,0.0,0.0,0.0,0.0,0.0,0.0,,,,,,,,,,,,,,,0.0,0.0,0.0,0.0,0.0
2026,2027,Troy,troy,Old Dominion,old dominion,2140328,Robert Davis Jr.,Junior,G,78,0.8429249999999999,player_id,Robert Davis Jr.,Old Dominion,Troy,-7.0245,248.0,-3.3276,226.0,SB,763.31,1310.571,247.0,253.0,25.0,35.0,10.0,54.0,64.0,13.0,3.0,28.0,-0.6908,0.3835,-0.0835,0.467,0.19329,95.62,117.79,8.1852,-0.0362,0.0201,0.44862,0.4678,0.0874,0.04625,0.09589,-0.888,0.046,-0.934,208.202475,29.502374999999997,53.947199999999995,-0.5822925899999999,0.3232617375
2026,2027,Troy,troy,SMU,smu,2099742,Sam Walters,Junior,F,81,1.3902816666666669,player_id,Sam Walters,SMU,Troy,16.8169,48.0,10.4606,63.0,ACC,221.8,381.092,63.0,60.0,1.0,9.0,11.0,14.0,25.0,1.0,2.0,9.0,-0.31518,0.2921,0.1705,0.1216,0.15421,108.8,118.56,7.5068,-0.0568,0.0527,0.525,0.52152,0.06057,0.06302,0.12961,-2.581,-1.627,-0.954,87.58774500000001,12.512535000000002,34.75704166666667,-0.4381889757000001,0.4061012748333334
2026,2027,Tulane,tulane,Queens (NC),queens,2125325,Carson Schwieger,Sophomore,F,80,0.9705233333333333,player_id,Carson Schwieger,Queens (NC),Tulane,-1.7686,186.0,-5.1015,266.0,ASun,815.82,1405.502,343.0,265.0,27.0,27.0,26.0,78.0,104.0,18.0,4.0,18.0,2.68405,1.985,1.8043,0.1807,0.18107,127.21,122.19,15.2653,0.1316,0.0973,0.61132,0.61936,0.05637,0.07495,0.06104,2.339,2.58,-0.241,332.8895033333333,26.20413,100.93442666666667,2.6049331528333335,1.9264888166666667
2026,2027,Tulane,tulane,Arizona St.,arizona state,2548123,Dame Salane,Freshman,F,85,1.2867133333333334,player_id,Dame Salane,Arizona St.,Tulane,12.4028,66.0,14.133,19.0,B12,0.0,0.0,0.0,0.0,0.0,0.0,0.0,0.0,0.0,0.0,0.0,0.0,0.0,0.0,0.0,0.0,,,,,,,,,,,,,,,0.0,0.0,0.0,0.0,0.0
2026,2027,Tulane,tulane,VCU,vcu,2143840,Jordann Dumont,Sophomore,F,80,1.3506,player_id,Jordann Dumont,VCU,Tulane,17.436,42.0,4.9152,94.0,A10,24.5,43.843,8.0,9.0,2.0,0.0,0.0,1.0,1.0,1.0,0.0,0.0,-0.08327,0.0271,-0.0058,0.0329,0.19198,93.87,109.63,7.1739,-0.136,0.0443,0.33333,0.40404,0.0,0.02174,0.0,,,,10.8048,0.0,1.3506,-0.112464462,0.03660126
2026,2027,Tulane,tulane,ULM,louisiana monroe,2492287,Krystian Lewis,Sophomore,G,75,0.55,player_id,Krystian Lewis,ULM,Tulane,-21.1017,352.0,-4.0088,240.0,SB,1091.22,1887.534,563.0,438.0,212.0,94.0,15.0,123.0,138.0,42.0,2.0,86.0,0.76358,1.1887,0.8524,0.3363,0.28561,103.23,121.22,16.0273,0.028,0.0436,0.4395,0.52983,0.19542,0.07107,0.13932,-5.133,-1.295,-3.838,309.65000000000003,51.7,75.9,0.41996900000000004,0.6537850000000001
2026,2027,Tulane,tulane,Tampa,tampa,2328374,Ryan Blount,Sophomore,G,78,1.0,player_id,Ryan Blount,Tampa,Tulane,,,,,,0.0,0.0,0.0,0.0,0.0,0.0,0.0,0.0,0.0,0.0,0.0,0.0,0.0,0.0,0.0,0.0,,,,,,,,,,,,,,,0.0,0.0,0.0,0.0,0.0
2026,2027,Tulane,tulane,Detroit Mercy,detroit,2319572,TJ Nadeau,Sophomore,G,77,0.8914933333333332,player_id,TJ Nadeau,Detroit Mercy,Tulane,-4.1104,218.0,-2.5606,211.0,Horz,779.12,1318.371,391.0,277.0,68.0,31.0,18.0,72.0,90.0,16.0,6.0,29.0,2.77191,2.5857,2.1204,0.4653,0.21329,128.02,117.99,18.3924,0.1423,0.1327,0.60108,0.63702,0.07883,0.06455,0.08633,-0.313,1.181,-1.494,348.5738933333333,27.63629333333333,80.2344,2.4711392856,2.305134312
2026,2027,Tulsa,tulsa,Creighton,creighton,2540179,Aleksa Dimitrijevic,Freshman,F,84,1.2630466666666667,player_id,Aleksa Dimitrijevic,Creighton,Tulsa,10.9828,76.0,11.636,45.0,BE,0.0,0.0,0.0,0.0,0.0,0.0,0.0,0.0,0.0,0.0,0.0,0.0,0.0,0.0,0.0,0.0,,,,,,,,,,,,,,,0.0,0.0,0.0,0.0,0.0
2026,2027,Tulsa,tulsa,UTSA,utsa,2548800,Brent Moss,Junior,F,78,0.5740816666666667,player_id,Brent Moss,UTSA,Tulsa,-18.3551,338.0,1.4951,121.0,Amer,730.53,1246.542,258.0,260.0,39.0,24.0,32.0,88.0,120.0,39.0,10.0,27.0,0.86823,0.5777,0.1645,0.4132,0.20563,99.54,118.32,13.2398,0.0475,0.0316,0.44038,0.46537,0.07096,0.08501,0.08877,-1.241,-0.35,-0.891,148.11307000000002,13.77796,68.88980000000001,0.49843492545,0.33164697883333333
2026,2027,Tulsa,tulsa,Middle Tenn.,middle tennessee,2110423,Chris Loofe,Junior,F,83,0.991705,player_id,Chris Loofe,Middle Tenn.,Tulsa,-0.4977,175.0,0.705,134.0,CUSA,739.63,1202.819,206.0,144.0,82.0,21.0,58.0,121.0,179.0,6.0,31.0,53.0,-0.53346,1.2586,0.3054,0.9532,0.16503,102.32,110.26,11.8134,-0.0289,0.0681,0.53472,0.5719,0.0541,0.1425,0.22739,-0.172,-0.776,0.604,204.29122999999998,20.825805,177.51519499999998,-0.5290349493000001,1.2481599129999998
2026,2027,Tulsa,tulsa,Campbell,campbell,2302975,Jeremiah Johnson,Sophomore,G,76,0.9716383333333334,player_id,Jeremiah Johnson,Campbell,Tulsa,-1.7017,185.0,0.3211,143.0,CAA,1058.4,1801.456,480.0,332.0,168.0,63.0,20.0,93.0,113.0,23.0,5.0,70.0,0.88403,2.586,1.865,0.721,0.22186,115.32,117.05,15.1502,0.0334,0.0977,0.50301,0.59128,0.11893,0.06275,0.14708,0.378,1.689,-1.311,466.38640000000004,61.213215000000005,109.79513166666668,0.8589574358166667,2.51265673
2026,2027,Tulsa,tulsa,Missouri St.,missouri state,2143980,Kobi Williams,Junior,G,76,0.9108533333333333,player_id,Kobi Williams,Missouri St.,Tulsa,-2.9488,204.0,-1.7009,192.0,CUSA,1076.88,1743.089,426.0,301.0,129.0,43.0,23.0,54.0,77.0,28.0,6.0,47.0,1.42256,2.618,1.8415,0.7765,0.19719,117.7,116.61,13.4876,0.0528,0.0972,0.5299,0.5953,0.08147,0.04316,0.11612,0.336,1.404,-1.068,388.02351999999996,39.166693333333335,70.13570666666666,1.2957435178666667,2.3846140266666667
2026,2027,Tulsa,tulsa,Delaware,delaware,2327275,Macon Emory,Sophomore,F,80,0.7350316666666666,player_id,Macon Emory,Delaware,Tulsa,-11.0981,291.0,-2.8411,218.0,CUSA,1114.3,1738.66,339.0,291.0,65.0,37.0,40.0,151.0,191.0,34.0,18.0,50.0,0.75856,1.4903,0.4265,1.0638,0.19122,101.53,114.0,12.7755,0.0272,0.0535,0.49828,0.53035,0.07242,0.10829,0.13528,-0.791,-0.663,-0.128,249.175735,27.196171666666665,140.39104833333332,0.5575656210666666,1.0954176928333332
2026,2027,Tulsa,tulsa,Seton Hall,seton hall,2098797,Mike Williams III,Sophomore,G,75,1.3481750000000001,player_id,Mike Williams III,Seton Hall,Tulsa,16.0905,51.0,9.0536,73.0,BE,688.45,1116.677,232.0,213.0,54.0,50.0,11.0,75.0,86.0,34.0,3.0,34.0,1.04748,1.8008,0.3571,1.4436,0.20073,103.02,101.21,12.5911,0.0609,0.1046,0.44836,0.48986,0.13984,0.07219,0.12557,0.769,-0.28,1.049,312.77660000000003,67.40875000000001,115.94305000000001,1.4121863490000002,2.42779354
2026,2027,Tusculum,tusculum,Lincoln Memorial,lincoln memorial,2488742,Emmanuel James,Junior,F,78,1.0,player_id,Emmanuel James,Lincoln Memorial,Tusculum,,,,,,0.0,0.0,0.0,0.0,0.0,0.0,0.0,0.0,0.0,0.0,0.0,0.0,0.0,0.0,0.0,0.0,,,,,,,,,,,,,,,0.0,0.0,0.0,0.0,0.0
2026,2027,UAB,uab,Maryland,maryland,2532369,Aleks Alston,Freshman,F,82,1.1246066666666668,player_id,Aleks Alston,Maryland,UAB,4.4764,119.0,14.6632,13.0,B10,215.02,361.742,34.0,36.0,9.0,8.0,13.0,29.0,42.0,5.0,4.0,10.0,-0.27302,0.1057,-0.0713,0.1769,0.11849,90.96,115.47,7.3556,-0.0508,0.0197,0.40278,0.425,0.06872,0.11423,0.20016,-3.073,-2.614,-0.459,38.236626666666666,8.996853333333334,47.23348,-0.3070401121333333,0.11887092466666668
2026,2027,UAB,uab,Saint Joseph's,saint josephs,2321194,Deuce Jones II,Sophomore,G,74,1.0953133333333334,player_id,Deuce Jones II,Saint Joseph's,UAB,5.7188,106.0,2.9029,104.0,A10,255.89,441.846,148.0,113.0,59.0,31.0,9.0,27.0,36.0,12.0,2.0,24.0,0.88212,0.8124,0.3498,0.4626,0.3098,106.56,104.5,19.2109,0.1379,0.127,0.4469,0.53237,0.27412,0.07404,0.14728,-3.094,-0.917,-2.177,162.10637333333335,33.95471333333333,39.43128,0.9661977976,0.889832552
2026,2027,UAB,uab,Southern Utah,southern utah,2540191,Elijah Duval,Freshman,G,75,0.79934,player_id,Elijah Duval,Southern Utah,UAB,-7.2396,252.0,1.7768,118.0,WAC,777.06,1350.208,451.0,367.0,135.0,102.0,27.0,90.0,117.0,34.0,7.0,109.0,0.95345,0.6709,-0.0661,0.737,0.3433,96.41,114.05,16.3832,0.0491,0.0345,0.5,0.52885,0.30669,0.08519,0.20359,-2.904,-0.268,-2.636,360.50234,81.53268,93.52278000000001,0.7621307230000001,0.5362772060000001
2026,2027,UAB,uab,Southeastern La.,southeastern louisiana,2313655,Jeremy Elyzee,Sophomore,F,78,0.7433966666666667,player_id,Jeremy Elyzee,Southeastern La.,UAB,-10.5962,286.0,-1.1685,173.0,Slnd,892.81,1437.018,333.0,274.0,99.0,51.0,52.0,83.0,135.0,33.0,22.0,56.0,1.14838,1.7086,0.5065,1.2021,0.22347,102.64,109.59,15.2304,0.0515,0.0765,0.47993,0.52424,0.14021,0.09142,0.14991,0.186,-0.603,0.789,247.55109000000002,37.91323,100.35855000000001,0.8537018640666667,1.2701675446666667
2026,2027,UAB,uab,Delaware,delaware,1793555,Justyn Fernandez,Senior,G,77,0.7350316666666666,player_id,Justyn Fernandez,Delaware,UAB,-11.0981,291.0,-2.8411,218.0,CUSA,1047.83,1634.134,465.0,365.0,90.0,60.0,10.0,118.0,128.0,25.0,14.0,85.0,0.62713,1.2354,0.4621,0.7733,0.27102,100.75,116.42,14.8246,0.0239,0.0472,0.52877,0.57464,0.13889,0.07805,0.17361,-2.14,-0.567,-1.573,341.789725,44.1019,94.08405333333333,0.46096040911666664,0.908058121
2026,2027,UAB,uab,Arkansas St.,arkansas state,1947754,TJ Caldwell,Junior,G,76,1.0212766666666666,player_id,TJ Caldwell,Arkansas St.,UAB,1.2766,147.0,-4.1304,245.0,SB,597.24,1065.712,270.0,219.0,79.0,29.0,25.0,54.0,79.0,24.0,9.0,36.0,0.93169,1.6385,0.8147,0.8238,0.22543,111.49,109.21,13.9913,0.0624,0.1097,0.46804,0.53191,0.08991,0.07121,0.12424,-2.03,-1.711,-0.319,275.74469999999997,29.617023333333332,80.68085666666666,0.9515132575666666,1.6733618183333334
2026,2027,UAH,uah,Trevecca Nazarene,trevecca nazarene,2356579,Jax Abernathy,Freshman,G,76,1.0,player_id,Jax Abernathy,Trevecca Nazarene,UAH,,,,,,0.0,0.0,0.0,0.0,0.0,0.0,0.0,0.0,0.0,0.0,0.0,0.0,0.0,0.0,0.0,0.0,,,,,,,,,,,,,,,0.0,0.0,0.0,0.0,0.0
2026,2027,UC Davis,uc davis,Tennessee,tennessee,2505208,Clarence Massamba,Freshman,G,77,1.45,player_id,Clarence Massamba,Tennessee,UC Davis,27.0008,14.0,15.9675,6.0,SEC,41.73,72.922,4.0,7.0,2.0,4.0,1.0,2.0,3.0,1.0,0.0,2.0,-0.15277,0.0102,-0.0438,0.0541,0.10917,76.49,110.22,-0.1352,-0.1464,0.0098,0.21429,0.25316,0.12486,0.03926,0.20243,1.009,0.32,0.689,5.8,5.8,4.35,-0.22151649999999998,0.014790000000000001
2026,2027,UC Davis,uc davis,San Francisco,san francisco,2322773,Veniamin Abosi,Sophomore,F,78,1.066445,player_id,Veniamin Abosi,San Francisco,UC Davis,3.9867,122.0,3.6636,102.0,WCC,400.58,654.455,110.0,82.0,39.0,27.0,17.0,76.0,93.0,9.0,9.0,27.0,0.43193,0.7951,0.2053,0.5897,0.16411,103.72,108.29,11.9297,0.0431,0.0794,0.5122,0.55444,0.12502,0.1332,0.21401,-0.704,0.279,-0.983,117.30895000000001,28.794015,99.17938500000001,0.46062958885,0.8479304195000001
2026,2027,UC Irvine,uc irvine,Florida,florida,2298483,Olivier Rioux,Freshman,F,93,1.45,player_id,Olivier Rioux,Florida,UC Irvine,33.5671,6.0,15.3307,9.0,SEC,16.24,28.598,7.0,6.0,2.0,1.0,3.0,3.0,6.0,0.0,0.0,1.0,0.02763,0.0601,0.0309,0.0292,0.21999,115.36,104.61,17.8676,0.0681,0.1481,0.5,0.50725,0.08422,0.19468,0.1269,,,,10.15,1.45,8.7,0.040063499999999995,0.087145
2026,2027,UC Riverside,uc riverside,West Virginia,west virginia,2305897,Abraham Oyeadier,Freshman,F,81,1.3244633333333333,player_id,Abraham Oyeadier,West Virginia,UC Riverside,14.6678,55.0,9.4159,71.0,B12,2.37,3.772,0.0,0.0,2.0,0.0,0.0,2.0,2.0,0.0,0.0,0.0,-0.01464,,,0.0113,0.20346,,71.31,-3.1879,-0.2471,,,0.0,0.0,0.5358,0.0,,,,0.0,0.0,2.6489266666666667,-0.0193901432,0.0
2026,2027,UC Riverside,uc riverside,Western Wash.,western wash,2306107,Aidan Rice,Sophomore,G,74,1.0,player_id,Aidan Rice,Western Wash.,UC Riverside,,,,,,0.0,0.0,0.0,0.0,0.0,0.0,0.0,0.0,0.0,0.0,0.0,0.0,0.0,0.0,0.0,0.0,,,,,,,,,,,,,,,0.0,0.0,0.0,0.0,0.0
2026,2027,UC Riverside,uc riverside,Long Beach St.,long beach state,2505241,Dallas Washington,Freshman,F,82,0.8603733333333333,player_id,Dallas Washington,Long Beach St.,UC Riverside,-5.9776,233.0,0.5345,136.0,BW,233.57,407.861,60.0,69.0,21.0,7.0,15.0,16.0,31.0,4.0,2.0,15.0,-1.0579,-0.2003,-0.3836,0.1833,0.20051,78.66,115.88,3.0253,-0.1812,-0.0343,0.37681,0.38363,0.05426,0.0792,0.16088,-4.577,-3.138,-1.439,51.6224,6.022613333333333,26.671573333333335,-0.9101889493333334,-0.17233277866666666
2026,2027,UC Riverside,uc riverside,California Baptist,cal baptist,2282117,Devon Malcolm,Senior,G,77,1.1012533333333334,player_id,Devon Malcolm,California Baptist,UC Riverside,6.0752,105.0,-1.642,191.0,WAC,450.55,746.51,191.0,150.0,76.0,18.0,49.0,63.0,112.0,37.0,10.0,30.0,2.83644,1.8824,0.5624,1.32,0.23564,108.69,92.03,20.4287,0.2518,0.1671,0.48,0.52072,0.08235,0.13764,0.14055,-0.164,-0.699,0.535,210.33938666666668,19.822560000000003,123.34037333333335,3.1236390048000002,2.072999274666667
2026,2027,UC Riverside,uc riverside,Northwest Nazarene,northwest nazarene,1898731,Easton Reagan,Junior,G,77,1.0,player_id,Easton Reagan,Northwest Nazarene,UC Riverside,,,,,,0.0,0.0,0.0,0.0,0.0,0.0,0.0,0.0,0.0,0.0,0.0,0.0,0.0,0.0,0.0,0.0,,,,,,,,,,,,,,,0.0,0.0,0.0,0.0,0.0
2026,2027,UC Riverside,uc riverside,CSUN,cal state northridge,2345778,James Evans Jr.,Freshman,G,78,0.988625,player_id,James Evans Jr.,CSUN,UC Riverside,-0.6825,178.0,-0.5026,160.0,BW,478.89,884.163,184.0,176.0,45.0,36.0,20.0,35.0,55.0,19.0,6.0,26.0,-0.01269,0.6691,0.098,0.5711,0.21323,99.19,111.27,10.7432,-0.0011,0.0559,0.44602,0.46987,0.12571,0.0605,0.11722,0.451,-0.535,0.986,181.90699999999998,35.5905,54.374375,-0.01254565125,0.6614889875
2026,2027,UC Riverside,uc riverside,Saint Mary's (CA),saint marys,2351033,Tony Duckett,Sophomore,G,77,1.4245383333333335,player_id,Tony Duckett,Saint Mary's (CA),UC Riverside,21.8723,26.0,5.1762,91.0,WCC,133.36,216.574,59.0,44.0,23.0,8.0,2.0,7.0,9.0,6.0,5.0,8.0,0.09739,0.5128,0.2085,0.3044,0.24017,112.48,99.43,15.1708,0.0292,0.1538,0.43182,0.54529,0.11811,0.03851,0.12878,-1.024,-2.205,1.181,84.04776166666667,11.396306666666668,12.820845000000002,0.13873578828333336,0.7305032573333334
2026,2027,UC Riverside,uc riverside,Biola,biola,1916424,Tyus Parrish-Tillman,Junior,F,80,1.0,player_id,Tyus Parrish-Tillman,Biola,UC Riverside,,,,,,0.0,0.0,0.0,0.0,0.0,0.0,0.0,0.0,0.0,0.0,0.0,0.0,0.0,0.0,0.0,0.0,,,,,,,,,,,,,,,0.0,0.0,0.0,0.0,0.0
2026,2027,UC San Diego,uc san diego,Loyola Chicago,loyola chicago,2316833,Kayde Dotson,Sophomore,G,74,0.7554516666666667,player_id,Kayde Dotson,Loyola Chicago,UC San Diego,-9.8729,280.0,2.9,105.0,A10,747.78,1192.512,295.0,234.0,61.0,55.0,14.0,64.0,78.0,15.0,1.0,44.0,0.51653,1.1186,0.8041,0.3145,0.21809,108.57,119.95,12.6183,0.0276,0.0598,0.52991,0.56557,0.16579,0.06225,0.14434,-3.4,-0.128,-3.272,222.8582416666667,41.54984166666667,58.925230000000006,0.3902134493833334,0.8450482343333334
2026,2027,UC San Diego,uc san diego,Oregon St.,oregon state,2540509,Olavi Suutela,Freshman,F,82,0.9856483333333333,player_id,Olavi Suutela,Oregon St.,UC San Diego,-0.8611,179.0,2.6949,106.0,WCC,579.2,937.204,181.0,116.0,55.0,28.0,34.0,54.0,88.0,13.0,4.0,33.0,-0.16087,1.2729,0.7653,0.5076,0.16198,114.93,114.89,12.9125,-0.0111,0.0879,0.625,0.64551,0.10943,0.09175,0.19053,1.277,0.252,1.025,178.40234833333335,27.598153333333332,86.73705333333334,-0.15856124738333335,1.2546317635
2026,2027,UC San Diego,uc san diego,FGCU,florida gulf coast,2126241,Rahmir Barno,Junior,G,72,0.85042,player_id,Rahmir Barno,FGCU,UC San Diego,-6.5748,244.0,-6.0818,285.0,ASun,1026.17,1736.614,374.0,313.0,121.0,160.0,10.0,77.0,87.0,46.0,4.0,65.0,-0.12083,1.9378,1.0776,0.8602,0.21186,107.62,115.3,14.8334,-0.0047,0.0755,0.47284,0.51065,0.28109,0.04895,0.15073,-0.383,-0.826,0.443,318.05708,136.06719999999999,73.98653999999999,-0.1027562486,1.6479438759999998
2026,2027,UC Santa Barbara,uc santa barbara,New Mexico,new mexico,1890494,Antonio Chol,Junior,F,81,1.34191,player_id,Antonio Chol,New Mexico,UC Santa Barbara,16.9146,46.0,5.5552,88.0,MWC,879.24,1518.401,272.0,258.0,28.0,29.0,21.0,84.0,105.0,10.0,23.0,23.0,0.38489,1.8997,0.5535,1.3462,0.16527,106.21,107.55,9.9932,0.0175,0.0864,0.49419,0.50314,0.05628,0.06739,0.07841,2.122,3.413,-1.291,364.99951999999996,38.915389999999995,140.90054999999998,0.5164877399,2.549226427
2026,2027,UC Santa Barbara,uc santa barbara,Texas,texas,2505541,Declan Duru Jr.,Freshman,F,80,1.45,player_id,Declan Duru Jr.,Texas,UC Santa Barbara,20.5737,31.0,15.0696,10.0,SEC,72.51,125.738,10.0,12.0,3.0,0.0,4.0,8.0,12.0,5.0,1.0,3.0,-0.12267,0.0353,-0.0712,0.1065,0.10794,77.79,108.26,7.01,-0.0677,0.0195,0.41667,0.37594,0.0,0.09023,0.18382,2.484,0.311,2.173,14.5,0.0,17.4,-0.1778715,0.051184999999999994
2026,2027,UC Santa Barbara,uc santa barbara,FIU,fiu,2541652,Eric Dibami,Freshman,F,82,0.9656266666666666,player_id,Eric Dibami,FIU,UC Santa Barbara,-2.0624,192.0,-1.4048,181.0,CUSA,823.59,1432.674,267.0,196.0,115.0,40.0,90.0,114.0,204.0,40.0,41.0,47.0,2.49074,2.16,0.8803,1.2798,0.17239,110.1,107.34,17.2676,0.121,0.1049,0.52551,0.54136,0.08694,0.13761,0.16008,0.543,-1.29,1.833,257.82232,38.62506666666667,196.98784,2.4051249637333334,2.0857536
2026,2027,UC Santa Barbara,uc santa barbara,DePaul,depaul,1933860,RJ Smith,Junior,G,75,1.2002633333333335,player_id,RJ Smith,DePaul,UC Santa Barbara,7.2158,99.0,8.13,79.0,BE,882.61,1452.367,212.0,194.0,44.0,78.0,13.0,64.0,77.0,20.0,10.0,34.0,-0.21183,1.6685,0.4296,1.2389,0.14476,104.47,108.93,9.1721,-0.0096,0.0756,0.46134,0.49672,0.16513,0.05167,0.13745,4.957,2.019,2.938,254.4558266666667,93.62054,92.42027666666668,-0.25425178190000003,2.002639371666667
2026,2027,UC Santa Barbara,uc santa barbara,Weber St.,weber state,2148445,Viljami Vartiainen,Junior,F,78,0.9112416666666666,player_id,Viljami Vartiainen,Weber St.,UC Santa Barbara,-2.9255,202.0,-2.479,209.0,BSky,763.67,1299.023,322.0,237.0,37.0,22.0,5.0,77.0,82.0,20.0,3.0,17.0,2.76029,2.3622,1.7401,0.6221,0.17663,129.38,115.57,15.7957,0.1446,0.1237,0.61814,0.63561,0.05387,0.06307,0.0629,1.386,2.245,-0.859,293.41981666666663,20.047316666666667,74.72181666666667,2.515291260083333,2.152535065
2026,2027,UCF,ucf,Wofford,wofford,2110219,Cayden Vasko,Junior,G,78,0.8004033333333334,player_id,Cayden Vasko,Wofford,UCF,-7.1758,251.0,-7.7174,311.0,SC,984.24,1649.014,330.0,280.0,62.0,124.0,32.0,108.0,140.0,34.0,9.0,34.0,3.19829,2.6549,1.9139,0.7409,0.1769,120.67,116.24,16.1202,0.13,0.1079,0.5,0.53693,0.22636,0.08217,0.09962,0.768,2.316,-1.548,264.1331,99.25001333333334,112.05646666666667,2.559921976966667,2.1249908096666665
2026,2027,UCF,ucf,New Orleans,new orleans,2097918,Churchill Abass,Junior,F,82,0.96355,player_id,Churchill Abass,New Orleans,UCF,-2.187,194.0,0.3192,144.0,Slnd,663.04,1123.24,277.0,176.0,97.0,15.0,59.0,128.0,187.0,14.0,57.0,53.0,2.80168,1.8957,0.802,1.0936,0.20272,110.31,106.23,19.6292,0.169,0.1144,0.63068,0.63329,0.05088,0.15649,0.19508,-1.474,-0.319,-1.155,266.90335,14.45325,180.18385,2.6995587640000003,1.826601735
2026,2027,UCF,ucf,Tarleton St.,tarleton state,1908675,Dior Johnson,Junior,G,75,0.8858583333333333,player_id,Dior Johnson,Tarleton St.,UCF,-4.4485,220.0,0.3794,139.0,WAC,494.24,866.044,447.0,269.0,165.0,31.0,14.0,47.0,61.0,22.0,2.0,41.0,4.51933,3.0914,2.4279,0.6635,0.37597,127.32,109.61,33.6356,0.3658,0.2502,0.57063,0.65427,0.17194,0.07621,0.10716,1.081,2.213,-1.132,395.978675,27.46160833333333,54.03735833333333,4.003486141583333,2.7385424516666665
2026,2027,UCF,ucf,FGCU,florida gulf coast,2532375,Isaiah Malone,Junior,F,80,0.85042,player_id,Isaiah Malone,FGCU,UCF,-6.5748,244.0,-6.0818,285.0,ASun,730.13,1225.439,333.0,198.0,116.0,17.0,53.0,124.0,177.0,21.0,54.0,47.0,3.85728,2.7276,1.6759,1.0518,0.2044,122.41,108.57,21.8862,0.2113,0.1494,0.60859,0.66867,0.04363,0.13996,0.15876,-1.665,-2.134,0.469,283.18986,14.457139999999999,150.52434,3.2803080575999997,2.319605592
2026,2027,UCF,ucf,N.C. A&T,north carolina a and t,2326233,Lewis Walker,Freshman,F,78,0.7354483333333334,player_id,Lewis Walker,N.C. A&T,UCF,-11.0731,290.0,-4.0778,242.0,CAA,961.72,1626.037,523.0,314.0,206.0,49.0,27.0,111.0,138.0,18.0,2.0,49.0,3.24701,3.8147,3.1453,0.6694,0.23975,128.9,116.92,21.2129,0.1351,0.1587,0.54936,0.64632,0.10894,0.08313,0.10802,0.479,1.859,-1.38,384.63947833333333,36.036968333333334,101.49187,2.388008092816667,2.8055147571666668
2026,2027,UCF,ucf,Col. of Charleston,charleston,2345224,Mister Dean,Sophomore,G,78,0.9943483333333333,player_id,Mister Dean,Col. of Charleston,UCF,-0.3391,174.0,-2.4708,207.0,CAA,52.19,87.667,31.0,19.0,16.0,9.0,3.0,8.0,11.0,4.0,1.0,8.0,0.35481,0.1858,0.0764,0.1094,0.33198,106.12,101.23,25.0755,0.2719,0.1424,0.52632,0.59615,0.3979,0.11342,0.23502,1.0,0.328,0.672,30.82479833333333,8.949135,10.937831666666666,0.35280473215,0.18474992033333332
2026,2027,UCLA,ucla,Butler,butler,2472770,Azavier Robinson,Freshman,G,74,1.2434033333333334,player_id,Azavier Robinson,Butler,UCLA,9.8042,84.0,10.0079,67.0,BE,402.07,694.785,134.0,100.0,38.0,54.0,11.0,31.0,42.0,32.0,6.0,42.0,0.68352,0.8042,0.1552,0.6491,0.19118,101.14,106.67,13.6812,0.068,0.08,0.535,0.57412,0.23439,0.05803,0.26462,4.087,2.331,1.756,166.61604666666668,67.14378,52.22294,0.8498910464000001,0.9999449606666667
2026,2027,UCLA,ucla,Auburn,auburn,2547352,Filip Jovic,Freshman,F,80,1.4300000000000002,player_id,Filip Jovic,Auburn,UCLA,19.2,36.0,14.6562,14.0,SEC,676.32,1141.02,232.0,139.0,99.0,22.0,75.0,72.0,147.0,23.0,12.0,27.0,1.36921,2.117,1.5875,0.5295,0.15297,128.99,115.94,17.9478,0.081,0.1252,0.64029,0.63527,0.05886,0.12733,0.12884,6.264,4.852,1.412,331.76000000000005,31.460000000000004,210.21000000000004,1.9579703000000002,3.0273100000000004
2026,2027,UCLA,ucla,Texas Tech,texas tech,2505051,Jaylen Petty,Freshman,G,73,1.45,player_id,Jaylen Petty,Texas Tech,UCLA,24.4578,20.0,15.5665,8.0,B12,1005.78,1673.755,326.0,271.0,48.0,74.0,21.0,108.0,129.0,19.0,1.0,30.0,0.98793,2.8412,1.7066,1.1346,0.16281,121.21,112.07,12.5498,0.0393,0.113,0.53321,0.55803,0.12246,0.07247,0.09313,5.678,2.676,3.002,472.7,107.3,187.04999999999998,1.4324985,4.11974
2026,2027,UCLA,ucla,Mississippi St.,mississippi state,2506917,Sergej Macura,Sophomore,F,81,1.1673416666666667,player_id,Sergej Macura,Mississippi St.,UCLA,7.0405,102.0,13.0385,28.0,SEC,515.32,905.731,140.0,106.0,37.0,23.0,39.0,96.0,135.0,12.0,4.0,18.0,0.34282,1.1371,0.6487,0.4884,0.13205,117.08,114.02,14.6375,0.0266,0.0883,0.58491,0.57236,0.07526,0.13908,0.12831,3.511,1.072,2.439,163.42783333333335,26.848858333333336,157.591125,0.4001880701666667,1.3273842091666668
2026,2027,UIndy,uindy,Embry-Riddle (FL),embry riddle fl,1906892,Braeden Moore,Junior,F,80,1.0,player_id,Braeden Moore,Embry-Riddle (FL),UIndy,,,,,,0.0,0.0,0.0,0.0,0.0,0.0,0.0,0.0,0.0,0.0,0.0,0.0,0.0,0.0,0.0,0.0,,,,,,,,,,,,,,,0.0,0.0,0.0,0.0,0.0
2026,2027,UIndy,uindy,Coker,coker,2307619,Zundra Jackson,Freshman,G,74,1.0,player_id,Zundra Jackson,Coker,UIndy,,,,,,0.0,0.0,0.0,0.0,0.0,0.0,0.0,0.0,0.0,0.0,0.0,0.0,0.0,0.0,0.0,0.0,,,,,,,,,,,,,,,0.0,0.0,0.0,0.0,0.0
2026,2027,UMass Lowell,umass lowell,Siena,siena,2506619,Christian Jones,Freshman,G,71,0.982635,player_id,Christian Jones,Siena,UMass Lowell,-1.0419,180.0,-8.8236,332.0,MAAC,594.49,941.673,146.0,146.0,23.0,41.0,4.0,23.0,27.0,19.0,1.0,28.0,-0.69199,0.8105,-0.0457,0.8562,0.16801,95.89,108.59,7.044,-0.0466,0.0545,0.42466,0.46765,0.12482,0.02752,0.15207,-2.617,-1.079,-1.538,143.46471,40.288035,26.531145000000002,-0.67997359365,0.7964256675
2026,2027,UMass Lowell,umass lowell,Georgia St.,georgia state,2099637,Jakai Newton,Sophomore,G,76,0.6639033333333334,player_id,Jakai Newton,Georgia St.,UMass Lowell,-12.9658,309.0,-4.2366,248.0,SB,325.91,547.971,135.0,113.0,52.0,12.0,18.0,52.0,70.0,16.0,2.0,20.0,0.54492,0.6113,0.1066,0.5046,0.24472,100.04,107.42,14.3577,0.0669,0.075,0.40708,0.49669,0.08771,0.11924,0.1283,-0.124,-0.763,0.639,89.62695000000001,7.966840000000001,46.47323333333334,0.3617742044,0.4058441076666667
2026,2027,UMass Lowell,umass lowell,Eastern Ky.,eastern kentucky,2334509,Jayden Harris,Freshman,F,79,0.7258983333333334,player_id,Jayden Harris,Eastern Ky.,UMass Lowell,-11.6461,297.0,-4.3024,250.0,ASun,303.11,506.804,156.0,139.0,29.0,11.0,23.0,40.0,63.0,5.0,4.0,10.0,0.8938,0.6121,0.5393,0.0728,0.26842,113.03,121.97,17.9371,0.118,0.0808,0.48201,0.51383,0.07877,0.12065,0.06182,0.308,1.539,-1.231,113.24014000000001,7.984881666666667,45.731595000000006,0.6488079303333334,0.4443223698333334
2026,2027,UMBC,umbc,Troy,troy,2318975,Austin Cross,Freshman,G,75,1.0192733333333333,player_id,Austin Cross,Troy,UMBC,1.1564,150.0,-2.7944,217.0,SB,510.25,833.597,101.0,106.0,18.0,10.0,16.0,31.0,47.0,8.0,1.0,12.0,-1.50434,0.4693,0.0242,0.4451,0.12657,97.87,114.96,5.1512,-0.1179,0.0368,0.43396,0.44337,0.03483,0.05278,0.0953,-2.048,-1.767,-0.281,102.94660666666665,10.192733333333333,47.90584666666666,-1.5333336462666665,0.4783449753333333
2026,2027,UMBC,umbc,Rider,rider,2293243,Flash Burton,Sophomore,G,75,0.55,player_id,Flash Burton,Rider,UMBC,-24.1738,357.0,-4.9717,262.0,MAAC,905.16,1454.241,417.0,377.0,109.0,80.0,17.0,71.0,88.0,35.0,5.0,61.0,0.56391,0.8434,0.4328,0.4106,0.27659,100.94,119.6,15.0314,0.0249,0.0373,0.44032,0.49059,0.21385,0.05463,0.12552,-5.833,-2.497,-3.336,229.35000000000002,44.0,48.400000000000006,0.31015050000000005,0.46387000000000006
2026,2027,UMBC,umbc,St. Anselm,saint anselm,2099456,Jovan Ristic,Sophomore,G,77,1.0,player_id,Jovan Ristic,St. Anselm,UMBC,,,,,,0.0,0.0,0.0,0.0,0.0,0.0,0.0,0.0,0.0,0.0,0.0,0.0,0.0,0.0,0.0,0.0,,,,,,,,,,,,,,,0.0,0.0,0.0,0.0,0.0
2026,2027,Kansas City,umkc,ETSU,east tennessee state,2107334,Jaylen Smith,Junior,G,71,1.0100033333333334,player_id,Jaylen Smith,ETSU,Kansas City,0.6002,164.0,-8.0976,319.0,SC,793.14,1289.292,294.0,254.0,53.0,96.0,12.0,65.0,77.0,40.0,7.0,53.0,2.30447,1.9794,0.7451,1.2343,0.22378,106.3,107.31,14.606,0.1162,0.0998,0.49606,0.53011,0.21938,0.0605,0.16045,1.002,0.544,0.458,296.94098,96.96032,77.77025666666667,2.3275223815666664,1.999200598
2026,2027,Kansas City,umkc,Oregon St.,oregon state,2540507,Matija Samar,Freshman,G,78,0.9856483333333333,player_id,Matija Samar,Oregon St.,Kansas City,-0.8611,179.0,2.6949,106.0,WCC,457.04,731.628,132.0,130.0,24.0,38.0,9.0,44.0,53.0,8.0,1.0,23.0,-0.40825,0.3637,0.0052,0.3585,0.1949,97.09,115.92,8.5595,-0.0357,0.0318,0.42308,0.46942,0.18661,0.0702,0.14062,-1.564,-0.261,-1.303,130.10558,37.454636666666666,52.23936166666667,-0.4023909320833333,0.3584802988333334
2026,2027,Kansas City,umkc,Chattanooga,chattanooga,2136419,Sebastian Hartmann,Junior,G,77,0.677615,player_id,Sebastian Hartmann,Chattanooga,Kansas City,-12.1431,301.0,-7.1722,299.0,SC,121.87,195.392,41.0,28.0,9.0,4.0,9.0,16.0,25.0,5.0,0.0,6.0,0.41073,0.3145,0.2128,0.1017,0.16956,119.58,115.37,15.3273,0.1348,0.1032,0.60714,0.64063,0.07008,0.12508,0.15806,0.916,0.545,0.371,27.782214999999997,2.71046,16.940375,0.27831680895,0.2131099175
2026,2027,UNC Asheville,unc asheville,Wyoming,wyoming,2134401,Abou Magassa,Sophomore,F,79,1.1586100000000001,player_id,Abou Magassa,Wyoming,UNC Asheville,7.7166,95.0,4.3718,98.0,MWC,278.13,464.38,83.0,57.0,39.0,5.0,33.0,46.0,79.0,8.0,6.0,14.0,0.01947,0.7541,0.3128,0.4413,0.16135,111.7,106.92,13.5257,0.0028,0.1084,0.5614,0.5593,0.03268,0.17076,0.1588,2.198,0.642,1.556,96.16463000000002,5.793050000000001,91.53019,0.022558136700000005,0.8737078010000001
2026,2027,UNC Asheville,unc asheville,Purdue Fort Wayne,purdue fort wayne,2324377,Ja'Corey Lipkins,Sophomore,G,73,0.7903416666666667,player_id,Ja'Corey Lipkins,Purdue Fort Wayne,UNC Asheville,-7.7795,259.0,-1.9814,198.0,Horz,0.0,0.0,0.0,0.0,0.0,0.0,0.0,0.0,0.0,0.0,0.0,0.0,0.0,0.0,0.0,0.0,,,,,,,,,,,,,,,0.0,0.0,0.0,0.0,0.0
2026,2027,UNC Asheville,unc asheville,Portland St.,portland state,2112614,Kelcy Phipps,Junior,G,74,1.020835,player_id,Kelcy Phipps,Portland St.,UNC Asheville,1.2501,148.0,-2.4912,210.0,BSky,493.37,826.958,116.0,87.0,42.0,25.0,4.0,42.0,46.0,30.0,7.0,24.0,0.09806,1.0286,0.0643,0.9644,0.13363,99.17,102.79,9.4332,0.008,0.0834,0.55172,0.54976,0.08937,0.05487,0.18536,-1.697,-1.867,0.17,118.41685999999999,25.520874999999997,46.95841,0.10010308009999999,1.0500308809999999
2026,2027,UNC Asheville,unc asheville,Ga. Southern,georgia southern,2472410,Khayri Dunn,Sophomore,G,73,0.8588266666666666,player_id,Khayri Dunn,Ga. Southern,UNC Asheville,-6.0704,234.0,-6.0504,283.0,SB,592.89,1029.891,245.0,215.0,43.0,25.0,10.0,44.0,54.0,12.0,1.0,49.0,-1.21898,0.2615,-0.0509,0.3124,0.23724,96.11,118.8,9.1017,-0.0822,0.0176,0.48837,0.52373,0.08384,0.05066,0.17319,-2.134,-1.774,-0.36,210.41253333333333,21.470666666666666,46.376639999999995,-1.0468925301333332,0.22458317333333333
2026,2027,UNC Asheville,unc asheville,Lee,lee,2118631,Tylon Chatman,Junior,G,72,1.0,player_id,Tylon Chatman,Lee,UNC Asheville,,,,,,0.0,0.0,0.0,0.0,0.0,0.0,0.0,0.0,0.0,0.0,0.0,0.0,0.0,0.0,0.0,0.0,,,,,,,,,,,,,,,0.0,0.0,0.0,0.0,0.0
2026,2027,UNC Greensboro,unc greensboro,UIC,illinois chicago,1910795,Ante Beljan,Junior,F,82,1.0907233333333333,player_id,Ante Beljan,UIC,UNC Greensboro,5.4434,110.0,1.5693,120.0,MVC,157.63,265.024,53.0,43.0,10.0,4.0,8.0,11.0,19.0,3.0,3.0,16.0,-0.72064,0.0821,-0.1075,0.1896,0.20485,89.4,111.21,8.0953,-0.1829,0.0208,0.55814,0.55907,0.04983,0.0711,0.25237,0.459,-0.17,0.629,57.80833666666666,4.362893333333333,20.72374333333333,-0.7860188629333332,0.08954838566666667
2026,2027,UNC Greensboro,unc greensboro,West Tex. A&M,west tex a and m,1926322,Brock Mishak,Junior,G,75,1.0,player_id,Brock Mishak,West Tex. A&M,UNC Greensboro,,,,,,0.0,0.0,0.0,0.0,0.0,0.0,0.0,0.0,0.0,0.0,0.0,0.0,0.0,0.0,0.0,0.0,,,,,,,,,,,,,,,0.0,0.0,0.0,0.0,0.0
2026,2027,UNC Greensboro,unc greensboro,Stanford,stanford,2092658,Cameron Grant,Sophomore,F,79,1.2936783333333335,player_id,Cameron Grant,Stanford,UNC Greensboro,12.8207,63.0,8.4233,76.0,ACC,209.49,355.97,43.0,57.0,2.0,8.0,9.0,16.0,25.0,2.0,3.0,7.0,-0.36053,0.0659,-0.1158,0.1817,0.15412,88.69,114.99,4.1667,-0.0688,0.0126,0.35965,0.37133,0.06634,0.06948,0.10789,0.818,0.48,0.338,55.62816833333334,10.349426666666668,32.34195833333334,-0.46640984951666675,0.08525340216666667
2026,2027,UNC Greensboro,unc greensboro,Colorado,colorado,2306702,Jon Mani,Sophomore,G,79,1.2792316666666668,player_id,Jon Mani,Colorado,UNC Greensboro,11.9539,70.0,10.6533,58.0,B12,0.0,0.0,0.0,0.0,0.0,0.0,0.0,0.0,0.0,0.0,0.0,0.0,0.0,0.0,0.0,0.0,,,,,,,,,,,,,,,0.0,0.0,0.0,0.0,0.0
2026,2027,UNC Greensboro,unc greensboro,Davidson,davidson,2505297,RJ Greer,Freshman,G,75,1.09089,player_id,RJ Greer,Davidson,UNC Greensboro,5.4534,109.0,2.5983,109.0,A10,79.27,126.466,33.0,24.0,5.0,2.0,0.0,3.0,3.0,2.0,1.0,4.0,0.17035,0.1897,0.0995,0.0902,0.20995,111.85,111.95,13.4522,0.086,0.0957,0.60417,0.62977,0.04926,0.02368,0.13245,-0.473,0.339,-0.812,35.99937,2.18178,3.2726699999999997,0.18583311149999998,0.206941833
2026,2027,UNC Greensboro,unc greensboro,Western Caro.,western carolina,1924950,Vernon Collins,Senior,F,82,0.8691933333333333,player_id,Vernon Collins,Western Caro.,UNC Greensboro,-5.4484,227.0,-4.0804,243.0,SC,27.93,48.931,4.0,4.0,0.0,1.0,5.0,7.0,12.0,2.0,0.0,1.0,0.11379,,,0.048,0.0881,,105.41,15.4421,0.163,,0.5,0.5,0.06124,0.24639,0.2,-0.011,-0.356,0.345,3.476773333333333,0.8691933333333333,10.430319999999998,0.0989055094,0.0
2026,2027,UNC Greensboro,unc greensboro,Wagner,wagner,2304165,Zavier Fitch,Sophomore,F,79,0.6697266666666667,player_id,Zavier Fitch,Wagner,UNC Greensboro,-12.6164,305.0,-9.1832,340.0,NEC,340.89,554.362,92.0,70.0,29.0,14.0,24.0,55.0,79.0,2.0,14.0,12.0,0.67351,0.8984,0.4437,0.4547,0.14509,116.39,109.76,13.8845,0.079,0.1054,0.52857,0.55556,0.07885,0.13065,0.12664,1.651,3.127,-1.476,61.614853333333336,9.376173333333334,52.90840666666667,0.4510676072666667,0.6016824373333334
2026,2027,UNCW,unc wilmington,Charlotte,charlotte,2096206,Spencer Elliott,Junior,F,81,0.9807466666666667,player_id,Spencer Elliott,Charlotte,UNCW,-1.1552,182.0,0.6191,135.0,Amer,565.32,889.26,136.0,113.0,47.0,32.0,31.0,58.0,89.0,11.0,21.0,24.0,-0.32661,0.8741,0.3902,0.4839,0.15031,106.91,115.11,11.6048,-0.0231,0.0619,0.5,0.5086,0.10925,0.09538,0.15221,1.401,0.986,0.415,133.38154666666668,31.383893333333333,87.28645333333333,-0.3203216688,0.8572706613333333
2026,2027,UNCW,unc wilmington,Western Caro.,western carolina,2532787,Tahlan Pettway,Freshman,G,74,0.8691933333333333,player_id,Tahlan Pettway,Western Caro.,UNCW,-5.4484,227.0,-4.0804,243.0,SC,614.16,1027.443,247.0,187.0,42.0,56.0,11.0,47.0,58.0,24.0,0.0,33.0,1.67604,1.6575,1.2512,0.4063,0.19165,121.1,117.25,15.8838,0.1092,0.1079,0.57487,0.60097,0.17046,0.05406,0.13838,2.167,1.173,0.994,214.6907533333333,48.67482666666666,50.41321333333333,1.4568027944,1.4406879499999998
2026,2027,UNCW,unc wilmington,Miami (FL),miami fl,2507065,Treyvon Maddox,Freshman,G,78,1.45,player_id,Treyvon Maddox,Miami (FL),UNCW,20.6385,30.0,8.3865,77.0,ACC,0.0,0.0,0.0,0.0,0.0,0.0,0.0,0.0,0.0,0.0,0.0,0.0,0.0,0.0,0.0,0.0,,,,,,,,,,,,,,,0.0,0.0,0.0,0.0,0.0
2026,2027,UNCW,unc wilmington,Northeastern,northeastern,2112342,William Kermoury,Junior,G,77,0.7407433333333334,player_id,William Kermoury,Northeastern,UNCW,-10.7554,287.0,-2.175,200.0,CAA,725.48,1238.032,355.0,278.0,46.0,61.0,12.0,74.0,86.0,28.0,0.0,39.0,2.87417,1.6607,1.247,0.4137,0.23614,114.09,118.27,17.4552,0.1585,0.0916,0.57914,0.59524,0.16243,0.07156,0.11564,0.509,1.616,-1.107,262.96388333333334,45.185343333333336,63.703926666666675,2.129022266366667,1.2301524536666668
2026,2027,UNCW,unc wilmington,South Fla.,south florida,1928890,Xavier Brown,Senior,G,74,1.3416183333333334,player_id,Xavier Brown,South Fla.,UNCW,16.8971,47.0,3.8094,101.0,Amer,36.57,72.432,8.0,9.0,4.0,5.0,1.0,1.0,2.0,0.0,0.0,1.0,-0.1341,0.0464,0.0159,0.0305,0.13647,103.52,115.37,3.7266,-0.1467,0.0507,0.33333,0.37037,0.18552,0.02904,0.08503,0.291,0.234,0.057,10.732946666666667,6.708091666666666,2.6832366666666667,-0.1799110185,0.06225109066666666
2026,2027,Union (TN),union tn,Lubbock Christian,lubbock christian,2575056,Emerson Juhasz,Freshman,G,76,1.0,player_id,Emerson Juhasz,Lubbock Christian,Union (TN),,,,,,0.0,0.0,0.0,0.0,0.0,0.0,0.0,0.0,0.0,0.0,0.0,0.0,0.0,0.0,0.0,0.0,,,,,,,,,,,,,,,0.0,0.0,0.0,0.0,0.0
2026,2027,UNLV,unlv,NC State,nc state,1600753,Alyn Breed,Senior,G,75,1.4298483333333334,player_id,Alyn Breed,NC State,UNLV,19.1909,37.0,11.7733,42.0,ACC,311.68,533.894,95.0,74.0,28.0,27.0,5.0,35.0,40.0,14.0,1.0,9.0,0.24015,0.8964,0.4962,0.4002,0.15304,119.83,110.35,13.3083,0.0308,0.115,0.47297,0.55041,0.14032,0.07307,0.09442,0.942,-0.588,1.53,135.83559166666666,38.605905,57.193933333333334,0.34337807725,1.281716046
2026,2027,UNLV,unlv,Florida St.,florida state,2550804,Cam Miles,Freshman,G,74,1.2976966666666667,player_id,Cam Miles,Florida St.,UNLV,13.0618,62.0,10.5312,61.0,ACC,346.76,628.371,135.0,133.0,34.0,42.0,9.0,17.0,26.0,17.0,0.0,21.0,-0.07655,0.4595,0.1155,0.344,0.22918,100.14,113.59,11.5589,-0.0088,0.053,0.42105,0.45608,0.2212,0.03961,0.12429,-1.908,-0.792,-1.116,175.18905,54.503260000000004,33.74011333333333,-0.09933867983333335,0.5962916183333333
2026,2027,UNLV,unlv,Lindenwood,lindenwood,2313766,Dontrez Williams,Sophomore,G,77,0.7766433333333334,player_id,Dontrez Williams,Lindenwood,UNLV,-8.6014,267.0,-9.1937,341.0,OVC,909.79,1624.256,425.0,363.0,142.0,60.0,33.0,111.0,144.0,75.0,23.0,76.0,2.73301,2.0544,-0.0077,2.0621,0.25895,96.89,99.3,16.4452,0.1202,0.0903,0.47658,0.49941,0.13405,0.08405,0.15155,0.267,-0.509,0.776,330.0734166666667,46.598600000000005,111.83664,2.1225739964333337,1.5955360639999998
2026,2027,UNLV,unlv,UCF,ucf,1925929,Jeremy Foumena,Junior,F,83,1.329565,player_id,Jeremy Foumena,UCF,UNLV,14.9739,53.0,11.8991,39.0,B12,248.73,432.115,92.0,73.0,24.0,6.0,23.0,38.0,61.0,3.0,5.0,10.0,-0.0684,0.6066,0.3316,0.2749,0.18207,113.59,112.31,14.8002,-0.011,0.0975,0.54795,0.55024,0.0416,0.13838,0.10688,-0.632,0.127,-0.759,122.31998000000002,7.977390000000001,81.103465,-0.090942246,0.8065141290000001
2026,2027,UNLV,unlv,New Orleans,new orleans,2329985,MJ Thomas,Sophomore,F,80,0.96355,player_id,MJ Thomas,New Orleans,UNLV,-2.187,194.0,0.3192,144.0,Slnd,852.51,1438.372,347.0,224.0,146.0,47.0,101.0,155.0,256.0,27.0,22.0,58.0,3.92112,2.998,1.7687,1.2293,0.20132,119.02,108.55,20.2515,0.184,0.1407,0.53571,0.60201,0.11757,0.16611,0.16751,-0.413,1.24,-1.653,334.35185,45.28685,246.6688,3.778195176,2.8887229000000003
2026,2027,UNLV,unlv,Northwestern St.,northwestern state,2569009,Moustapha Loum,Sophomore,F,82,0.7500433333333334,player_id,Moustapha Loum,Northwestern St.,UNLV,-10.1974,282.0,-1.1742,174.0,Slnd,197.55,321.756,40.0,28.0,18.0,5.0,7.0,18.0,25.0,6.0,11.0,9.0,-0.35376,0.2332,-0.0077,0.2409,0.12228,96.27,111.04,9.5256,-0.0716,0.0472,0.60714,0.5571,0.05288,0.07714,0.20036,-1.834,-0.865,-0.969,30.001733333333334,3.7502166666666668,18.751083333333334,-0.26533532960000006,0.17491010533333334
2026,2027,UNLV,unlv,Missouri,missouri,2106222,Sebastian Mack,Junior,G,75,1.3288466666666667,player_id,Sebastian Mack,Missouri,UNLV,14.9308,54.0,11.6927,44.0,SEC,293.91,503.799,126.0,118.0,31.0,11.0,5.0,18.0,23.0,16.0,1.0,19.0,-0.57298,0.2787,-0.0353,0.314,0.2524,95.83,112.63,11.3684,-0.078,0.0379,0.44492,0.47872,0.0674,0.04561,0.12613,-0.145,-0.911,0.766,167.43468000000001,14.617313333333334,30.563473333333334,-0.7614025630666668,0.370349566
2026,2027,UNLV,unlv,Tulsa,tulsa,1910988,Terrance Ford Jr.,Junior,G,73,1.2567283333333334,player_id,Terrance Ford Jr.,Tulsa,UNLV,13.6037,56.0,1.9495,116.0,Amer,0.0,0.0,0.0,0.0,0.0,0.0,0.0,0.0,0.0,0.0,0.0,0.0,0.0,0.0,0.0,0.0,,,,,,,,,,,,,,,0.0,0.0,0.0,0.0,0.0
2026,2027,UNLV,unlv,Vanderbilt,vanderbilt,2095945,Tyler Harris,Junior,G,80,1.45,player_id,Tyler Harris,Vanderbilt,UNLV,27.3546,11.0,14.615,15.0,SEC,382.74,674.778,165.0,156.0,30.0,9.0,19.0,50.0,69.0,5.0,20.0,12.0,0.71735,0.7892,0.2641,0.5251,0.23285,104.12,109.34,14.6205,0.075,0.0825,0.47756,0.48759,0.04113,0.10338,0.06623,6.538,2.379,4.159,239.25,13.049999999999999,100.05,1.0401575,1.14434
2026,2027,Upper Iowa,upper iowa,Wis.-Parkside,wis parkside,2095961,Braden McGlothlin,Sophomore,G,75,1.0,player_id,Braden McGlothlin,Wis.-Parkside,Upper Iowa,,,,,,0.0,0.0,0.0,0.0,0.0,0.0,0.0,0.0,0.0,0.0,0.0,0.0,0.0,0.0,0.0,0.0,,,,,,,,,,,,,,,0.0,0.0,0.0,0.0,0.0
2026,2027,Upper Iowa,upper iowa,South Dakota,south dakota,2550085,Jonah Funk,Freshman,F,82,0.7445383333333334,player_id,Jonah Funk,South Dakota,Upper Iowa,-10.5277,284.0,-6.2158,286.0,Sum,0.0,0.0,0.0,0.0,0.0,0.0,0.0,0.0,0.0,0.0,0.0,0.0,0.0,0.0,0.0,0.0,,,,,,,,,,,,,,,0.0,0.0,0.0,0.0,0.0
2026,2027,Southern California,usc,Hawaii,hawaii,2306124,Aaron Hunkin-Claytor,Sophomore,G,74,1.093075,player_id,Aaron Hunkin-Claytor,Hawaii,Southern California,5.5845,108.0,-3.1161,223.0,BW,416.76,719.703,80.0,66.0,30.0,57.0,11.0,29.0,40.0,14.0,2.0,29.0,-0.76246,0.9231,0.1058,0.8173,0.12765,100.93,102.75,8.6369,-0.0732,0.0886,0.45455,0.50505,0.2285,0.05443,0.26802,3.637,0.718,2.919,87.446,62.305275,43.723,-0.8334259645000001,1.0090175325000001
2026,2027,Southern California,usc,UConn,connecticut,2488802,Eric Reibe,Freshman,F,85,1.45,player_id,Eric Reibe,UConn,Southern California,29.7785,9.0,14.3188,16.0,BE,551.89,887.104,237.0,158.0,48.0,19.0,46.0,85.0,131.0,10.0,29.0,24.0,2.3734,2.5398,1.2712,1.2686,0.19125,125.25,98.9,21.1629,0.172,0.1841,0.67089,0.66164,0.06855,0.14055,0.11816,0.623,1.159,-0.536,343.65,27.55,189.95,3.44143,3.68271
2026,2027,Southern California,usc,South Dakota,south dakota,2119905,Isaac Bruns,Junior,G,77,0.7445383333333334,player_id,Isaac Bruns,South Dakota,Southern California,-10.5277,284.0,-6.2158,286.0,Sum,544.95,970.508,355.0,271.0,116.0,20.0,28.0,63.0,91.0,20.0,2.0,38.0,1.82803,1.4819,0.9835,0.4984,0.31356,110.04,114.44,21.2713,0.1342,0.1088,0.47417,0.55124,0.08146,0.09748,0.10554,-2.918,0.342,-3.26,264.3111083333334,14.890766666666668,67.75298833333333,1.3610384094833334,1.1033313561666669
2026,2027,Southern California,usc,Lindenwood,lindenwood,2319958,Jadis Jones,Sophomore,G,77,0.7766433333333334,player_id,Jadis Jones,Lindenwood,Southern California,-8.6014,267.0,-9.1937,341.0,OVC,864.46,1546.551,387.0,272.0,141.0,64.0,89.0,130.0,219.0,32.0,21.0,41.0,4.37503,3.5565,1.923,1.6335,0.20372,120.61,103.52,21.4682,0.2024,0.1646,0.55515,0.57934,0.15161,0.13562,0.10932,0.622,0.734,-0.112,300.56097,49.705173333333335,170.08489,3.397837882633333,2.762132015
2026,2027,Southern California,usc,Colgate,colgate,2122310,Jalen Cox,Junior,G,75,0.8009666666666667,player_id,Jalen Cox,Colgate,Southern California,-7.142,250.0,-7.3311,304.0,PL,1012.04,1667.049,533.0,385.0,138.0,152.0,19.0,134.0,153.0,49.0,8.0,71.0,6.00114,4.0908,2.7669,1.3239,0.27372,118.92,110.11,24.4006,0.2372,0.1617,0.53896,0.59794,0.31246,0.09095,0.13741,0.806,-0.094,0.9,426.91523333333333,121.74693333333335,122.54790000000001,4.806713102000001,3.27659444
2026,2027,Southern California,usc,Evansville,evansville,2143529,Joshua Hughes,Junior,F,82,0.6599483333333334,player_id,Joshua Hughes,Evansville,Southern California,-13.2031,312.0,3.9238,99.0,MVC,843.37,1387.778,272.0,200.0,52.0,24.0,39.0,102.0,141.0,13.0,13.0,34.0,0.76304,1.4587,0.9788,0.4799,0.16426,113.16,118.29,13.114,0.0362,0.0692,0.5825,0.61014,0.0619,0.10125,0.13236,-0.804,0.282,-1.086,179.50594666666666,15.83876,93.052715,0.5035669762666667,0.9626666338333334
2026,2027,Southern California,usc,Georgetown,georgetown,2098972,KJ Lewis,Junior,G,76,1.2685333333333335,player_id,KJ Lewis,Georgetown,Southern California,11.312,74.0,10.6841,57.0,BE,840.7,1373.818,416.0,333.0,149.0,71.0,33.0,111.0,144.0,59.0,16.0,62.0,3.97273,2.4617,0.8802,1.5815,0.2817,105.48,103.67,19.6031,0.189,0.1171,0.45646,0.52183,0.18175,0.09774,0.13462,4.555,2.262,2.293,527.7098666666667,90.06586666666668,182.66880000000003,5.039540429333334,3.122748506666667
2026,2027,USC Aiken,usc aiken,Wofford,wofford,2092600,Callum Richard,Junior,F,82,0.8004033333333334,player_id,Callum Richard,Wofford,USC Aiken,-7.1758,251.0,-7.7174,311.0,SC,29.53,49.591,6.0,5.0,0.0,2.0,4.0,2.0,6.0,0.0,2.0,4.0,-0.08549,,,0.0157,0.14964,,118.71,8.6542,-0.1158,,0.6,0.6,0.1294,0.10509,0.44444,0.289,-0.303,0.592,4.80242,1.6008066666666667,4.80242,-0.06842648096666666,0.0
2026,2027,USC Upstate,usc upstate,Wofford,wofford,2475433,Alessandro Perotti,Freshman,F,82,0.8004033333333334,player_id,Alessandro Perotti,Wofford,USC Upstate,-7.1758,251.0,-7.7174,311.0,SC,0.0,0.0,0.0,0.0,0.0,0.0,0.0,0.0,0.0,0.0,0.0,0.0,0.0,0.0,0.0,0.0,,,,,,,,,,,,,,,0.0,0.0,0.0,0.0,0.0
2026,2027,USC Upstate,usc upstate,UTEP,utep,2101702,David Tubek,Junior,F,79,0.7636216666666668,player_id,David Tubek,UTEP,USC Upstate,-9.3827,275.0,-0.4242,157.0,CUSA,62.8,105.046,18.0,19.0,2.0,2.0,4.0,6.0,10.0,0.0,0.0,6.0,-0.30987,-0.0605,-0.1049,0.0444,0.21528,80.14,116.77,3.3949,-0.1974,-0.0386,0.44737,0.45226,0.0687,0.0946,0.23184,-1.459,-1.317,-0.142,13.745190000000001,1.5272433333333335,7.636216666666668,-0.23662344585,-0.046199110833333334
2026,2027,USC Upstate,usc upstate,Delaware St.,delaware state,1946942,Miles Webb,Senior,F,80,0.55,player_id,Miles Webb,Delaware St.,USC Upstate,-27.1047,362.0,-11.7313,359.0,MEAC,590.94,947.957,217.0,161.0,49.0,12.0,29.0,95.0,124.0,14.0,8.0,35.0,0.57366,1.2631,0.3811,0.882,0.19793,104.53,107.95,15.155,0.0388,0.0855,0.59938,0.59419,0.05486,0.13179,0.16088,0.353,-0.737,1.09,119.35000000000001,6.6000000000000005,68.2,0.315513,0.694705
2026,2027,USC Upstate,usc upstate,Bloomsburg,bloomsburg,2347146,Ries Naugle,Freshman,G,76,1.0,player_id,Ries Naugle,Bloomsburg,USC Upstate,,,,,,0.0,0.0,0.0,0.0,0.0,0.0,0.0,0.0,0.0,0.0,0.0,0.0,0.0,0.0,0.0,0.0,,,,,,,,,,,,,,,0.0,0.0,0.0,0.0,0.0
2026,2027,USC Upstate,usc upstate,Cleveland St.,cleveland state,2539388,Waqo Tessema,Junior,G,72,0.6367566666666666,player_id,Waqo Tessema,Cleveland St.,USC Upstate,-14.5946,319.0,-2.1756,201.0,Horz,0.0,0.0,0.0,0.0,0.0,0.0,0.0,0.0,0.0,0.0,0.0,0.0,0.0,0.0,0.0,0.0,,,,,,,,,,,,,,,0.0,0.0,0.0,0.0,0.0
2026,2027,USC Upstate,usc upstate,UCF,ucf,2475474,Zachary Johnson,Freshman,G,78,1.329565,player_id,Zachary Johnson,UCF,USC Upstate,14.9739,53.0,11.8991,39.0,B12,14.0,23.514,0.0,1.0,0.0,0.0,0.0,2.0,2.0,0.0,0.0,0.0,-0.03753,,,0.0108,0.03424,,116.07,-0.3456,-0.1072,,0.0,0.0,0.0,0.07968,0.0,,,,0.0,0.0,2.65913,-0.049898574450000004,0.0
2026,2027,UT Arlington,ut arlington,Richmond,richmond,2322691,Bryson McGlothin,Freshman,F,80,1.0177066666666668,player_id,Bryson McGlothin,Richmond,UT Arlington,1.0624,153.0,-0.1326,151.0,A10,9.55,15.544,0.0,2.0,0.0,0.0,0.0,1.0,1.0,1.0,0.0,0.0,-0.05262,,,0.02,0.11357,,101.3,-3.757,-0.2204,,0.0,0.0,0.0,0.06395,0.0,,,,0.0,0.0,1.0177066666666668,-0.053551724800000006,0.0
2026,2027,UT Arlington,ut arlington,Xavier,xavier,2096205,Mier Panoam,Junior,G,74,1.2116983333333333,player_id,Mier Panoam,Xavier,UT Arlington,7.9019,94.0,11.554,47.0,BE,39.86,71.67,6.0,8.0,5.0,5.0,0.0,6.0,6.0,0.0,1.0,3.0,-0.23532,-0.066,-0.0944,0.0284,0.15816,66.53,116.72,1.7051,-0.2361,-0.0662,0.25,0.29412,0.19198,0.08074,0.22727,-1.437,-0.437,-1.0,7.2701899999999995,6.058491666666667,7.2701899999999995,-0.2851368518,-0.07997209000000001
2026,2027,UT Arlington,ut arlington,Alcorn,alcorn state,2345734,Tycen McDaniels,Junior,F,80,0.55,player_id,Tycen McDaniels,Alcorn,UT Arlington,-20.0308,346.0,-5.2556,269.0,SWAC,870.68,1478.135,383.0,267.0,134.0,33.0,64.0,131.0,195.0,43.0,39.0,84.0,2.35367,1.5917,0.5827,1.009,0.24084,103.13,111.73,18.5763,0.1081,0.0731,0.52809,0.58742,0.08714,0.13378,0.2049,-3.766,-1.974,-1.792,210.65,18.150000000000002,107.25000000000001,1.2945185000000001,0.875435
2026,2027,UT Permian Basin,ut permian basin,Tex. A&M-Kingsville,tex a and m kingsville,2138684,Bryson Goldsmith,Junior,G,74,1.0,player_id,Bryson Goldsmith,Tex. A&M-Kingsville,UT Permian Basin,,,,,,0.0,0.0,0.0,0.0,0.0,0.0,0.0,0.0,0.0,0.0,0.0,0.0,0.0,0.0,0.0,0.0,,,,,,,,,,,,,,,0.0,0.0,0.0,0.0,0.0
2026,2027,UT Permian Basin,ut permian basin,Ferris St.,ferris state,2351297,Tyler Hamilton,Senior,G,71,1.0,player_id,Tyler Hamilton,Ferris St.,UT Permian Basin,,,,,,0.0,0.0,0.0,0.0,0.0,0.0,0.0,0.0,0.0,0.0,0.0,0.0,0.0,0.0,0.0,0.0,,,,,,,,,,,,,,,0.0,0.0,0.0,0.0,0.0
2026,2027,UTRGV,ut rio grande valley,Lamar University,lamar,1916385,B.B. Knight,Junior,G,78,0.8549066666666666,player_id,B.B. Knight,Lamar University,UTRGV,-6.3056,238.0,-2.9961,221.0,Slnd,147.86,237.601,46.0,56.0,16.0,6.0,3.0,7.0,10.0,3.0,1.0,10.0,-0.76562,-0.1181,-0.266,0.1479,0.25747,79.6,113.48,1.9953,-0.2071,-0.032,0.27679,0.36508,0.08048,0.04087,0.13691,-2.25,-1.987,-0.263,39.32570666666666,5.12944,8.549066666666667,-0.6545336421333332,-0.10096447733333332
2026,2027,UTRGV,ut rio grande valley,Lander,lander,2580017,Bobby Crawford Jr,Freshman,F,80,1.0,player_id,Bobby Crawford Jr,Lander,UTRGV,,,,,,0.0,0.0,0.0,0.0,0.0,0.0,0.0,0.0,0.0,0.0,0.0,0.0,0.0,0.0,0.0,0.0,,,,,,,,,,,,,,,0.0,0.0,0.0,0.0,0.0
2026,2027,UTRGV,ut rio grande valley,Oregon,oregon,2092654,Devon Pryor,Junior,F,79,1.1679833333333334,player_id,Devon Pryor,Oregon,UTRGV,7.079,101.0,12.4195,34.0,B10,291.61,476.439,47.0,40.0,19.0,19.0,18.0,22.0,40.0,8.0,3.0,9.0,-0.41642,0.3982,0.1785,0.2198,0.1008,109.09,116.21,8.9653,-0.0571,0.0546,0.475,0.48554,0.13035,0.07802,0.1569,-1.338,-1.564,0.226,54.89521666666667,22.191683333333334,46.71933333333334,-0.4863716196666667,0.46509096333333333
2026,2027,UTRGV,ut rio grande valley,TCU,tcu,2099007,Jace Posey,Sophomore,F,77,1.3991016666666667,player_id,Jace Posey,TCU,UTRGV,17.3461,44.0,11.8204,40.0,B12,306.28,521.199,124.0,100.0,47.0,6.0,26.0,37.0,63.0,11.0,4.0,17.0,0.01937,0.7716,0.2396,0.5321,0.22282,105.08,105.3,14.6556,0.0025,0.1008,0.46,0.51367,0.03723,0.12006,0.12347,0.261,1.4,-1.139,173.48860666666667,8.39461,88.143405,0.027100599283333332,1.079546846
2026,2027,UTRGV,ut rio grande valley,USC Upstate,usc upstate,2543746,Jafeth Martinez,Junior,F,81,0.6762666666666667,player_id,Jafeth Martinez,USC Upstate,UTRGV,-12.224,302.0,-5.6117,273.0,BSth,531.2,902.956,130.0,69.0,58.0,5.0,56.0,88.0,144.0,4.0,50.0,21.0,1.63344,1.7331,0.8472,0.8859,0.10908,126.64,105.87,16.2978,0.123,0.1305,0.68116,0.68783,0.0177,0.15105,0.18179,0.572,-0.78,1.352,87.91466666666666,3.3813333333333335,97.3824,1.104641024,1.17203776
2026,2027,UTRGV,ut rio grande valley,McNeese,mcneese state,2126400,T'Johnn Brown,Junior,G,71,1.2382,player_id,T'Johnn Brown,McNeese,UTRGV,12.492,65.0,-1.3434,178.0,Slnd,0.0,0.0,0.0,0.0,0.0,0.0,0.0,0.0,0.0,0.0,0.0,0.0,0.0,0.0,0.0,0.0,,,,,,,,,,,,,,,0.0,0.0,0.0,0.0,0.0
2026,2027,UT Tyler,ut tyler,UT Arlington,ut arlington,1890638,Alex Bossinakis,Junior,G,74,1.0174733333333332,player_id,Alex Bossinakis,UT Arlington,UT Tyler,1.0484,154.0,0.2126,148.0,WAC,2.1,3.569,0.0,1.0,0.0,0.0,0.0,0.0,0.0,0.0,1.0,0.0,0.00097,,,0.0071,0.24044,,87.13,0.0,0.0185,,0.0,0.0,0.0,0.0,0.0,,,,0.0,0.0,0.0,0.0009869491333333333,0.0
2026,2027,UT Tyler,ut tyler,MSU Denver,msu denver,2143442,Garrett Falls,Junior,G,77,1.0,player_id,Garrett Falls,MSU Denver,UT Tyler,,,,,,0.0,0.0,0.0,0.0,0.0,0.0,0.0,0.0,0.0,0.0,0.0,0.0,0.0,0.0,0.0,0.0,,,,,,,,,,,,,,,0.0,0.0,0.0,0.0,0.0
2026,2027,UT Tyler,ut tyler,Portland,portland,2539450,Garrett Nuckolls,Junior,G,78,0.9076616666666666,player_id,Garrett Nuckolls,Portland,UT Tyler,-3.1403,206.0,3.1713,103.0,WCC,828.43,1409.155,212.0,214.0,44.0,80.0,17.0,89.0,106.0,37.0,14.0,68.0,-1.53073,0.1918,-0.7571,0.9489,0.18638,86.21,111.83,8.495,-0.0739,0.0093,0.40888,0.45416,0.17788,0.07674,0.22564,1.634,0.674,0.96,192.4242733333333,72.61293333333333,96.21213666666665,-1.3893849430166665,0.17408950766666664
2026,2027,UT Tyler,ut tyler,ETSU,east tennessee state,2506766,Henry Sisemore,Freshman,F,80,1.0100033333333334,player_id,Henry Sisemore,ETSU,UT Tyler,0.6002,164.0,-8.0976,319.0,SC,9.41,15.606,4.0,5.0,0.0,2.0,2.0,3.0,5.0,0.0,0.0,1.0,0.07752,,,0.0172,0.33286,,104.27,23.385,0.3295,,0.4,0.4,0.3649,0.31628,0.16667,,,,4.0400133333333335,2.0200066666666667,5.050016666666667,0.0782954584,0.0
2026,2027,UT Tyler,ut tyler,Henderson St.,henderson state,2358936,Jameel Wesley II,Sophomore,G,73,1.0,player_id,Jameel Wesley II,Henderson St.,UT Tyler,,,,,,0.0,0.0,0.0,0.0,0.0,0.0,0.0,0.0,0.0,0.0,0.0,0.0,0.0,0.0,0.0,0.0,,,,,,,,,,,,,,,0.0,0.0,0.0,0.0,0.0
2026,2027,Utah,utah,Utah Valley,utah valley,2113994,Jackson Holcombe,Sophomore,G,79,1.172615,player_id,Jackson Holcombe,Utah Valley,Utah,8.5569,92.0,-0.4634,159.0,WAC,949.39,1618.219,492.0,347.0,189.0,113.0,64.0,138.0,202.0,70.0,36.0,79.0,7.13039,4.3932,2.0051,2.3881,0.26875,114.33,96.47,23.9966,0.3004,0.1851,0.52594,0.57183,0.23521,0.12918,0.15516,4.02,2.269,1.751,576.92658,132.505495,236.86822999999998,8.36120226985,5.151532218
2026,2027,Utah,utah,Weber St.,weber state,2113992,Malek Gomma,Junior,F,80,0.9112416666666666,player_id,Malek Gomma,Weber St.,Utah,-2.9255,202.0,-2.479,209.0,BSky,776.37,1324.884,240.0,186.0,95.0,42.0,86.0,119.0,205.0,17.0,5.0,34.0,0.85323,1.7931,1.0444,0.7488,0.16827,113.58,113.9,15.2673,0.044,0.0924,0.52688,0.52678,0.09764,0.15574,0.12987,1.252,1.131,0.121,218.69799999999998,38.272149999999996,186.80454166666667,0.77749872725,1.6339474324999999
2026,2027,Utah,utah,Wright St.,wright state,2292692,TJ Burch,Sophomore,G,73,1.0392766666666666,player_id,TJ Burch,Wright St.,Utah,2.3566,138.0,-3.6119,229.0,Horz,825.4,1395.791,422.0,350.0,101.0,112.0,33.0,48.0,81.0,84.0,10.0,69.0,5.11748,2.8078,1.3938,1.414,0.28484,110.12,105.54,22.1656,0.248,0.1361,0.49714,0.53499,0.26893,0.05921,0.14889,0.735,-0.895,1.63,438.5747533333333,116.39898666666666,84.18141,5.318477556133333,2.9180810246666664
2026,2027,Utah,utah,Ohio St.,ohio state,2113934,Taison Chatman,Junior,G,76,1.45,player_id,Taison Chatman,Ohio St.,Utah,22.2159,25.0,13.7133,22.0,B10,363.0,583.508,121.0,87.0,20.0,23.0,7.0,26.0,33.0,10.0,3.0,21.0,0.42934,0.9102,0.5035,0.4067,0.17251,115.36,112.16,12.4836,0.0473,0.1003,0.5977,0.63152,0.11092,0.05749,0.17979,0.145,-0.335,0.48,175.45,33.35,47.85,0.622543,1.31979
2026,2027,Utah St.,utah state,Louisiana Tech,louisiana tech,2307384,AJ Bates,Sophomore,G,75,0.9551516666666666,player_id,AJ Bates,Louisiana Tech,Utah St.,-2.6909,197.0,-3.0304,222.0,CUSA,1056.25,1672.395,381.0,360.0,111.0,179.0,17.0,66.0,83.0,37.0,2.0,75.0,1.02588,2.2184,0.8057,1.4127,0.23679,103.9,109.61,13.7204,0.0388,0.084,0.40833,0.466,0.34846,0.04452,0.15501,0.57,0.757,-0.187,363.912785,170.97214833333334,79.27758833333333,0.9798709917999998,2.118908457333333
2026,2027,Utah St.,utah state,Chattanooga,chattanooga,2113895,Collin Mulholland,Sophomore,F,82,0.677615,player_id,Collin Mulholland,Chattanooga,Utah St.,-12.1431,301.0,-7.1722,299.0,SC,394.94,647.813,174.0,147.0,38.0,39.0,15.0,63.0,78.0,5.0,11.0,23.0,0.92051,0.7588,0.4579,0.3009,0.25723,107.05,116.18,16.6104,0.0932,0.0769,0.48639,0.53146,0.20343,0.11632,0.12318,-1.959,-1.182,-0.777,117.90500999999999,26.426985,52.85397,0.62375138365,0.514174262
2026,2027,Utah St.,utah state,Evansville,evansville,1895635,Connor Turnbull,Junior,F,82,0.6599483333333334,player_id,Connor Turnbull,Evansville,Utah St.,-13.2031,312.0,3.9238,99.0,MVC,290.48,486.173,166.0,140.0,45.0,13.0,26.0,62.0,88.0,5.0,33.0,30.0,1.68043,0.3351,-0.1073,0.4425,0.348,94.55,107.61,22.5792,0.2314,0.0461,0.48571,0.5194,0.13419,0.18301,0.15806,-0.65,-1.859,1.209,109.55142333333333,8.579328333333333,58.075453333333336,1.1089969777833335,0.22114868650000002
2026,2027,Utah St.,utah state,Wright St.,wright state,2125322,Solomon Callaghan,Sophomore,G,74,1.0392766666666666,player_id,Solomon Callaghan,Wright St.,Utah St.,2.3566,138.0,-3.6119,229.0,Horz,907.87,1524.765,333.0,236.0,68.0,35.0,12.0,51.0,63.0,16.0,0.0,27.0,1.20134,2.4969,1.9134,0.5835,0.16381,128.25,117.49,13.1578,0.0529,0.11,0.57203,0.62618,0.06592,0.04169,0.09218,-2.381,-0.509,-1.872,346.07912999999996,36.37468333333333,65.47443,1.2485246307333333,2.594969909
2026,2027,Utah St.,utah state,UNI,northern iowa,2279660,Will Hornseth,Sophomore,F,80,1.2121983333333335,player_id,Will Hornseth,UNI,Utah St.,10.9319,78.0,1.4812,122.0,MVC,916.9,1427.248,390.0,280.0,91.0,77.0,45.0,116.0,161.0,18.0,22.0,51.0,3.65683,3.741,1.7243,2.0167,0.23258,114.97,100.07,20.5978,0.1595,0.1632,0.61071,0.60938,0.18453,0.1092,0.13745,1.031,-0.929,1.96,472.7573500000001,93.33927166666668,195.16393166666668,4.432803231283334,4.534833965000001
2026,2027,Utah Valley,utah valley,Utah St.,utah state,2333227,Jordy Barnes,Sophomore,G,76,1.4187666666666667,player_id,Jordy Barnes,Utah St.,Utah Valley,21.526,27.0,8.2978,78.0,MWC,81.24,135.157,8.0,17.0,2.0,9.0,4.0,5.0,9.0,4.0,0.0,3.0,-0.21474,0.0299,-0.0918,0.1217,0.13187,78.92,107.93,2.8736,-0.1057,0.0147,0.20588,0.22346,0.15561,0.06735,0.14368,-0.414,0.576,-0.99,11.350133333333334,12.7689,12.7689,-0.304665954,0.04242112333333333
2026,2027,Utah Valley,utah valley,Utah Tech,dixie state,2477849,Tanner Davis,Freshman,G,77,0.967125,player_id,Tanner Davis,Utah Tech,Utah Valley,-1.9725,189.0,0.3707,140.0,WAC,806.23,1341.233,215.0,166.0,69.0,53.0,32.0,60.0,92.0,49.0,9.0,30.0,0.91608,1.8196,0.7734,1.0462,0.1475,111.23,110.24,13.8951,0.0455,0.0903,0.54217,0.54735,0.12059,0.06759,0.13253,-2.148,-1.158,-0.99,207.931875,51.257625,88.9755,0.88596387,1.7597806500000002
2026,2027,UTEP,utep,Ole Miss,mississippi,2092573,Augusto Cassia,Junior,F,80,1.29263,player_id,Augusto Cassia,Ole Miss,UTEP,12.7578,64.0,14.1129,20.0,SEC,321.25,532.328,68.0,55.0,18.0,16.0,17.0,32.0,49.0,11.0,7.0,10.0,-0.25917,0.6665,0.3019,0.3646,0.1167,113.94,111.97,9.9714,-0.0323,0.083,0.49091,0.54054,0.0855,0.08641,0.13714,3.1,0.977,2.123,87.89883999999999,20.68208,63.33887,-0.3350109171,0.8615378949999999
2026,2027,UTEP,utep,Weber St.,weber state,1908613,Jace Whiting,Junior,G,75,0.9112416666666666,player_id,Jace Whiting,Weber St.,UTEP,-2.9255,202.0,-2.479,209.0,BSky,577.51,1014.001,194.0,168.0,34.0,44.0,6.0,56.0,62.0,21.0,2.0,25.0,0.17758,1.0792,0.5528,0.5264,0.17529,109.3,114.49,12.743,0.0123,0.0747,0.49405,0.53005,0.13905,0.05996,0.12022,0.045,-0.556,0.601,176.78088333333332,40.094633333333334,56.49698333333333,0.16181829516666665,0.9834120066666665
2026,2027,UTEP,utep,Stetson,stetson,2319957,Janusz Ratowski,Freshman,F,83,0.6710866666666667,player_id,Janusz Ratowski,Stetson,UTEP,-12.5348,303.0,-4.0923,244.0,ASun,167.28,279.992,49.0,35.0,9.0,6.0,11.0,20.0,31.0,6.0,7.0,12.0,-0.0309,0.2295,0.0969,0.1327,0.1598,104.91,115.82,13.2949,-0.0074,0.0549,0.61429,0.62821,0.07276,0.11291,0.23548,-1.397,-1.138,-0.259,32.88324666666667,4.0265200000000005,20.803686666666668,-0.020736578000000002,0.15401439000000003
2026,2027,UTEP,utep,Evansville,evansville,2548119,Leif Moeller,Freshman,G,79,0.6599483333333334,player_id,Leif Moeller,Evansville,UTEP,-13.2031,312.0,3.9238,99.0,MVC,984.19,1614.598,332.0,280.0,78.0,112.0,10.0,100.0,110.0,25.0,10.0,83.0,-0.5979,0.4713,-0.0868,0.5581,0.21771,96.08,118.31,11.5311,-0.0243,0.0192,0.48393,0.52816,0.24752,0.06769,0.2089,-4.579,-1.077,-3.502,219.10284666666666,73.91421333333334,72.59431666666667,-0.3945831085,0.3110336495
2026,2027,UTEP,utep,William & Mary,william and mary,1925322,Reese Miller,Junior,G,76,1.0226383333333333,player_id,Reese Miller,William & Mary,UTEP,1.3583,145.0,-2.4783,208.0,CAA,703.09,1265.771,345.0,267.0,90.0,71.0,12.0,60.0,72.0,16.0,7.0,41.0,1.30704,1.6983,0.9879,0.7104,0.24428,110.43,113.45,15.868,0.0744,0.0966,0.52247,0.56262,0.20034,0.05815,0.11795,-1.933,-0.121,-1.812,352.810225,72.60732166666666,73.62996,1.3366292072,1.7367466815
2026,2027,UTEP,utep,East Carolina,east carolina,2283650,Reid Cason,Sophomore,F,82,0.841305,player_id,Reid Cason,East Carolina,UTEP,-7.1217,249.0,-0.4504,158.0,Amer,457.07,779.852,116.0,80.0,38.0,9.0,39.0,62.0,101.0,17.0,30.0,27.0,0.78867,0.9548,0.2993,0.6555,0.13415,107.27,108.64,14.2633,0.069,0.0836,0.56875,0.59979,0.03813,0.1235,0.21823,-3.533,-2.504,-1.029,97.59138,7.571745,84.971805,0.66351201435,0.803278014
2026,2027,UTEP,utep,William & Mary,william and mary,2284682,"Ryan Jackson, Jr.",Sophomore,F,78,1.0226383333333333,player_id,"Ryan Jackson, Jr.",William & Mary,UTEP,1.3583,145.0,-2.4783,208.0,CAA,534.46,960.457,193.0,118.0,53.0,18.0,22.0,63.0,85.0,22.0,12.0,23.0,0.79033,1.6553,0.8896,0.7657,0.15179,122.86,108.76,15.8835,0.0591,0.1239,0.66525,0.68294,0.06206,0.09087,0.13997,1.953,0.892,1.061,197.36919833333334,18.40749,86.92425833333333,0.8082217539833333,1.6927732331666667
2026,2027,UTSA,utsa,South Dakota,south dakota,1691850,Ashton Smith,Senior,F,81,0.7445383333333334,player_id,Ashton Smith,South Dakota,UTSA,-10.5277,284.0,-6.2158,286.0,Sum,26.38,48.823,3.0,4.0,2.0,0.0,1.0,3.0,4.0,1.0,1.0,2.0,-0.16933,-0.0338,-0.0648,0.031,0.11935,54.74,111.53,-1.1285,-0.2568,-0.0513,0.25,0.30612,0.0,0.08563,0.2907,-0.979,-0.072,-0.907,2.2336150000000004,0.0,2.9781533333333337,-0.12607267598333335,-0.025165395666666666
2026,2027,UTSA,utsa,Houston Christian,houston baptist,1716954,Demari Williams,Junior,G,77,0.7344183333333334,player_id,Demari Williams,Houston Christian,UTSA,-11.1349,293.0,-2.6863,215.0,Slnd,603.8,947.51,270.0,184.0,99.0,23.0,32.0,54.0,86.0,21.0,3.0,30.0,1.49365,1.7484,1.1942,0.5542,0.23185,116.91,114.41,18.257,0.0989,0.1158,0.51359,0.59315,0.08693,0.08928,0.11648,-1.74,-1.079,-0.661,198.29295000000002,16.89162166666667,63.15997666666667,1.0969639435833334,1.284057014
2026,2027,UTSA,utsa,Oklahoma St.,oklahoma state,2101704,Isaiah Coleman,Junior,G,77,1.259565,player_id,Isaiah Coleman,Oklahoma St.,UTSA,10.7739,79.0,11.3599,48.0,B12,633.87,1153.476,210.0,174.0,63.0,28.0,39.0,86.0,125.0,25.0,6.0,40.0,-0.69646,0.8949,0.2076,0.6873,0.18065,100.99,112.52,12.1998,-0.0439,0.0565,0.5,0.52058,0.0765,0.10654,0.16548,-0.169,-0.566,0.397,264.50865,35.26782,157.445625,-0.8772366399,1.1271847185000001
2026,2027,UTSA,utsa,Maryland,maryland,2093279,Isaiah Watts,Sophomore,G,75,1.1246066666666668,player_id,Isaiah Watts,Maryland,UTSA,4.4764,119.0,14.6632,13.0,B10,548.32,906.947,139.0,136.0,28.0,21.0,9.0,50.0,59.0,24.0,8.0,25.0,-0.36655,0.4301,-0.0578,0.4879,0.16179,95.42,114.73,8.1683,-0.0267,0.0314,0.44485,0.46864,0.07857,0.06244,0.14424,4.24,2.269,1.971,156.3203266666667,23.61674,66.35179333333333,-0.4122245736666667,0.48369332733333337
2026,2027,UTSA,utsa,Ohio,ohio,2532464,JJ Kelly,Freshman,G,78,0.8642883333333333,player_id,JJ Kelly,Ohio,UTSA,-5.7427,230.0,-1.7268,195.0,MAC,784.61,1341.298,242.0,182.0,44.0,17.0,33.0,81.0,114.0,23.0,24.0,24.0,1.01038,1.7734,1.0645,0.7089,0.14429,118.69,114.53,13.7874,0.0515,0.0904,0.57143,0.60079,0.03922,0.08374,0.1065,0.616,0.766,-0.15,209.15777666666668,14.692901666666666,98.52887,0.8732596462333334,1.5327289303333334
2026,2027,UTSA,utsa,Morehead St.,morehead state,2327045,Josiah LeGree,Sophomore,G,72,0.74494,player_id,Josiah LeGree,Morehead St.,UTSA,-10.5036,283.0,-7.3832,305.0,OVC,509.68,841.435,202.0,173.0,47.0,82.0,8.0,41.0,49.0,23.0,5.0,54.0,0.87856,0.7493,0.2618,0.4875,0.24939,101.43,114.01,13.8838,0.0689,0.0588,0.47399,0.52142,0.32949,0.05492,0.21802,0.715,0.344,0.371,150.47788,61.085080000000005,36.50206,0.6544744864,0.558183542
2026,2027,UTSA,utsa,Murray St.,murray state,2305893,KJ Tenner,Sophomore,G,72,1.059785,player_id,KJ Tenner,Murray St.,UTSA,3.5871,127.0,1.0872,126.0,MVC,550.75,971.084,197.0,146.0,58.0,68.0,12.0,38.0,50.0,20.0,1.0,28.0,0.1633,1.5322,1.0374,0.4947,0.17494,120.4,114.68,13.751,0.0119,0.1113,0.5274,0.57434,0.21404,0.05084,0.14034,-0.906,-1.066,0.16,208.777645,72.06538,52.98925,0.1730628905,1.623802577
2026,2027,UTSA,utsa,Eastern Ill.,eastern illinois,1933319,Preston Turner,Junior,G,77,0.630705,player_id,Preston Turner,Eastern Ill.,UTSA,-14.9577,324.0,-6.4907,292.0,OVC,567.55,924.073,195.0,135.0,48.0,21.0,3.0,38.0,41.0,19.0,4.0,40.0,0.28349,0.9397,0.3388,0.601,0.18415,104.52,112.84,11.3764,0.02,0.0662,0.57037,0.6246,0.08076,0.04284,0.20396,-4.516,-4.048,-0.468,122.98747499999999,13.244805,25.858905,0.17879856045,0.5926734884999999
2026,2027,UTSA,utsa,South Dakota,south dakota,2119901,Shey Eberwein,Sophomore,G,77,0.7445383333333334,player_id,Shey Eberwein,South Dakota,UTSA,-10.5277,284.0,-6.2158,286.0,Sum,210.12,379.946,83.0,56.0,42.0,19.0,8.0,14.0,22.0,8.0,0.0,20.0,-0.09855,0.2729,0.1161,0.1568,0.20822,102.32,116.32,12.9698,-0.0188,0.052,0.47321,0.55705,0.16922,0.06002,0.21169,-3.309,-0.287,-3.022,61.79668166666667,14.146228333333335,16.379843333333334,-0.07337425275000001,0.20318451116666666
2026,2027,UVA Wise,uva wise,New Hampshire,new hampshire,2114133,Dylan Saunders,Junior,F,80,0.55,player_id,Dylan Saunders,New Hampshire,UVA Wise,-20.7105,349.0,-8.3317,325.0,AE,25.94,42.975,9.0,7.0,0.0,0.0,0.0,4.0,4.0,0.0,1.0,1.0,0.07836,,,0.0265,0.15998,,113.19,12.1178,0.1208,,0.64286,0.64286,0.0,0.08513,0.125,,,,4.95,0.0,2.2,0.043098000000000004,0.0
2026,2027,Valparaiso,valparaiso,Indiana St.,indiana state,2322668,Bruno Alocen,Sophomore,G,78,0.9072549999999999,player_id,Bruno Alocen,Indiana St.,Valparaiso,-3.1647,207.0,0.7449,133.0,MVC,658.09,1095.352,193.0,161.0,45.0,46.0,14.0,71.0,85.0,20.0,4.0,33.0,0.16929,1.1247,0.2888,0.8359,0.1695,102.84,110.4,10.6241,0.0103,0.0684,0.49068,0.53374,0.1264,0.07439,0.15435,1.601,-0.05,1.651,175.100215,41.733729999999994,77.11667499999999,0.15358919894999998,1.0203896985
2026,2027,Valparaiso,valparaiso,Bradley,bradley,2106190,Kai Yu,Sophomore,F,84,1.0498083333333332,player_id,Kai Yu,Bradley,Valparaiso,2.9885,131.0,0.4325,137.0,MVC,234.19,386.341,74.0,58.0,21.0,10.0,20.0,36.0,56.0,5.0,2.0,11.0,0.25064,0.6391,0.2952,0.3439,0.17452,112.51,108.3,13.7916,0.0428,0.1092,0.50862,0.5506,0.08266,0.14247,0.14059,-1.449,-1.02,-0.429,77.68581666666665,10.498083333333332,58.78926666666666,0.2631239606666666,0.6709325058333333
2026,2027,Vanderbilt,vanderbilt,Washington St.,washington state,2506887,Ace Glass lll,Freshman,G,75,1.03543,player_id,Ace Glass lll,Washington St.,Vanderbilt,2.1258,140.0,4.655,97.0,WCC,896.2,1512.097,499.0,385.0,95.0,74.0,11.0,83.0,94.0,24.0,3.0,73.0,2.09375,2.2169,1.5285,0.6884,0.28703,110.93,116.1,17.7855,0.0935,0.0989,0.54026,0.58458,0.17465,0.06314,0.14606,2.486,1.72,0.766,516.67957,76.62182,97.33042,2.1679315625,2.295444767
2026,2027,Vanderbilt,vanderbilt,Colorado,colorado,2139331,Bangot Dak,Junior,F,83,1.2792316666666668,player_id,Bangot Dak,Colorado,Vanderbilt,11.9539,70.0,10.6533,58.0,B12,823.27,1410.82,368.0,295.0,87.0,46.0,52.0,157.0,209.0,22.0,50.0,42.0,4.01447,2.3772,1.2471,1.1301,0.23089,112.04,109.37,20.4912,0.195,0.1155,0.51525,0.55206,0.10697,0.14832,0.11192,3.262,1.288,1.974,470.7572533333334,58.84465666666667,267.35941833333334,5.135437148883334,3.0409895180000004
2026,2027,Vanderbilt,vanderbilt,Nebraska,nebraska,2106221,Berke Buyuktuncel,Junior,F,81,1.45,player_id,Berke Buyuktuncel,Nebraska,Vanderbilt,26.5826,16.0,12.1157,36.0,B10,802.11,1307.092,216.0,173.0,67.0,62.0,60.0,124.0,184.0,29.0,34.0,38.0,2.80237,2.977,0.9384,2.0386,0.16082,112.23,96.37,15.9736,0.1397,0.1485,0.50578,0.53333,0.13497,0.13482,0.15802,4.898,1.156,3.742,313.2,89.89999999999999,266.8,4.0634365,4.31665
2026,2027,Vanderbilt,vanderbilt,Auburn,auburn,2547354,Sebastian Williams-Adams,Freshman,F,80,1.4300000000000002,player_id,Sebastian Williams-Adams,Auburn,Vanderbilt,19.2,36.0,14.6562,14.0,SEC,1039.6,1749.445,267.0,186.0,129.0,58.0,55.0,79.0,134.0,47.0,30.0,41.0,-0.01274,2.0424,1.1737,0.8688,0.13497,114.81,115.36,13.1693,-0.0005,0.0786,0.53763,0.54984,0.09378,0.07555,0.14449,2.182,2.531,-0.349,381.81000000000006,82.94000000000001,191.62000000000003,-0.0182182,2.920632000000001
2026,2027,Vanderbilt,vanderbilt,Missouri,missouri,2300862,T.O. Barrett,Sophomore,G,76,1.3288466666666667,player_id,T.O. Barrett,Missouri,Vanderbilt,14.9308,54.0,11.6927,44.0,SEC,751.72,1245.206,285.0,226.0,86.0,99.0,27.0,63.0,90.0,39.0,7.0,69.0,0.86692,1.6249,0.7397,0.8853,0.22362,106.34,111.4,15.1126,0.0461,0.0865,0.48009,0.54018,0.23994,0.07109,0.20731,-0.393,1.98,-2.373,378.72130000000004,131.55582,119.59620000000001,1.1520037522666668,2.159242948666667
2026,2027,VCU,vcu,Creighton,creighton,2270228,Blake Harper,Sophomore,G,79,1.2630466666666667,player_id,Blake Harper,Creighton,VCU,10.9828,76.0,11.636,45.0,BE,627.45,1052.97,262.0,179.0,98.0,40.0,32.0,92.0,124.0,17.0,2.0,45.0,0.59435,1.6567,0.8582,0.7985,0.2205,110.85,110.47,15.66,0.0379,0.1056,0.51955,0.58982,0.12146,0.11156,0.16846,2.485,1.126,1.359,330.91822666666667,50.52186666666667,156.61778666666666,0.7506917863333333,2.0924894126666667
2026,2027,VCU,vcu,Lafayette,lafayette,2119966,Joshua Wyche,Junior,F,79,0.6253116666666666,player_id,Joshua Wyche,Lafayette,VCU,-15.2813,326.0,-7.9402,316.0,PL,76.88,121.963,7.0,8.0,4.0,3.0,4.0,14.0,18.0,3.0,0.0,2.0,-0.23308,0.0695,-0.0319,0.1015,0.08112,86.74,109.91,5.7024,-0.1213,0.0362,0.375,0.35714,0.07157,0.1334,0.17007,-1.116,-0.681,-0.435,4.377181666666666,1.8759349999999997,11.255609999999999,-0.14574764326666664,0.04345916083333333
2026,2027,VCU,vcu,Sacred Heart,sacred heart,2342508,Nyle Ralph-Beyer,Sophomore,G,76,0.7303016666666667,player_id,Nyle Ralph-Beyer,Sacred Heart,VCU,-11.3819,294.0,-7.5968,310.0,MAAC,924.6,1548.997,430.0,324.0,53.0,21.0,32.0,84.0,116.0,15.0,5.0,30.0,2.14369,2.3996,1.8922,0.5074,0.2103,121.04,118.53,16.662,0.0927,0.1038,0.59568,0.61906,0.04939,0.07172,0.07951,-1.512,0.729,-2.241,314.0297166666667,15.336335000000002,84.71499333333334,1.5655403798166667,1.7524318793333336
2026,2027,VCU,vcu,Middle Tenn.,middle tennessee,2110420,Torey Alston,Sophomore,F,80,0.991705,player_id,Torey Alston,Middle Tenn.,VCU,-0.4977,175.0,0.705,134.0,CUSA,877.86,1427.575,385.0,243.0,181.0,41.0,59.0,172.0,231.0,14.0,33.0,59.0,2.56094,2.7602,1.4716,1.2886,0.22767,113.32,108.26,19.8383,0.1167,0.1258,0.55556,0.59671,0.09918,0.15494,0.1546,2.107,0.566,1.541,381.806425,40.659904999999995,229.083855,2.5396970026999997,2.737304141
2026,2027,Vermont,vermont,Loyola Chicago,loyola chicago,2313676,Daniil Glazkov,Sophomore,G,78,0.7554516666666667,player_id,Daniil Glazkov,Loyola Chicago,Vermont,-9.8729,280.0,2.9,105.0,A10,328.88,531.113,71.0,58.0,20.0,14.0,17.0,33.0,50.0,5.0,0.0,13.0,-0.49357,0.2955,0.1582,0.1373,0.13075,105.2,119.99,8.3467,-0.06,0.0359,0.52586,0.53144,0.0854,0.09115,0.16291,-0.506,-1.208,0.702,53.63706833333334,10.576323333333335,37.77258333333334,-0.3728682791166667,0.22323596750000002
2026,2027,Vermont,vermont,UMass Lowell,umass lowell,1890860,Darrel Yepdo,Junior,G,72,0.6361866666666667,player_id,Darrel Yepdo,UMass Lowell,Vermont,-14.6288,320.0,-9.4174,346.0,AE,967.64,1634.419,317.0,281.0,67.0,98.0,16.0,80.0,96.0,24.0,3.0,69.0,-0.77581,1.041,0.3408,0.7003,0.19627,100.96,116.56,10.2992,-0.0321,0.043,0.47331,0.51047,0.18638,0.05691,0.18183,-2.112,0.303,-2.415,201.67117333333334,62.346293333333335,61.07392,-0.49355997786666667,0.66227032
2026,2027,Vermont,vermont,St. Anselm,saint anselm,2507656,Hayden Johns,Freshman,G,78,1.0,player_id,Hayden Johns,St. Anselm,Vermont,,,,,,0.0,0.0,0.0,0.0,0.0,0.0,0.0,0.0,0.0,0.0,0.0,0.0,0.0,0.0,0.0,0.0,,,,,,,,,,,,,,,0.0,0.0,0.0,0.0,0.0
2026,2027,Vermont,vermont,South Alabama,south alabama,2144554,John Broom,Junior,G,77,0.9528033333333333,player_id,John Broom,South Alabama,Vermont,-2.8318,199.0,-5.5539,272.0,SB,420.41,672.889,56.0,53.0,3.0,12.0,21.0,55.0,76.0,15.0,7.0,6.0,0.43849,0.9616,0.3169,0.6447,0.07864,116.83,107.61,10.3844,0.0417,0.0915,0.50943,0.51565,0.04832,0.10279,0.09947,0.108,1.144,-1.036,53.356986666666664,11.43364,72.41305333333334,0.4177947336333333,0.9162156853333333
2026,2027,Vermont,vermont,Iona,iona,2336170,Khalil Badru,Sophomore,G,77,0.7944433333333334,player_id,Khalil Badru,Iona,Vermont,-7.5334,256.0,-8.7473,329.0,MAAC,313.25,526.923,111.0,81.0,48.0,6.0,22.0,60.0,82.0,10.0,12.0,29.0,-0.11152,0.5512,-0.0904,0.6416,0.21613,93.99,101.78,13.6947,-0.0142,0.0704,0.5,0.54358,0.03771,0.14594,0.22117,-2.606,-2.141,-0.465,88.18321,4.76666,65.14435333333334,-0.08859632053333333,0.4378971653333334
2026,2027,Vermont,vermont,St. Anselm,saint anselm,2350799,Will Davies,Sophomore,G,76,1.0,player_id,Will Davies,St. Anselm,Vermont,,,,,,0.0,0.0,0.0,0.0,0.0,0.0,0.0,0.0,0.0,0.0,0.0,0.0,0.0,0.0,0.0,0.0,,,,,,,,,,,,,,,0.0,0.0,0.0,0.0,0.0
2026,2027,Villanova,villanova,Towson,towson,1700340,Abdou Samb,Senior,F,80,1.0143516666666668,player_id,Abdou Samb,Towson,Villanova,0.8611,157.0,-1.3636,179.0,CAA,34.71,53.147,4.0,5.0,0.0,1.0,1.0,1.0,2.0,1.0,0.0,0.0,-0.19535,,,0.0444,0.07758,,110.36,3.1704,-0.2251,,0.4,0.4,0.05568,0.03231,0.0,0.903,0.506,0.397,4.057406666666667,1.0143516666666668,2.0287033333333335,-0.19815359808333335,0.0
2026,2027,Villanova,villanova,St. Bonaventure,saint bonaventure,2126150,Darryl Simmons II,Junior,G,70,1.040695,player_id,Darryl Simmons II,St. Bonaventure,Villanova,2.4417,137.0,1.4439,124.0,A10,1182.75,1955.564,537.0,440.0,69.0,94.0,9.0,54.0,63.0,27.0,0.0,48.0,0.79747,3.0078,2.4336,0.5742,0.22303,119.18,119.24,15.2047,0.027,0.1017,0.53977,0.57079,0.15037,0.03191,0.0926,2.098,2.401,-0.303,558.853215,97.82533,65.563785,0.82992304165,3.130202421
2026,2027,Villanova,villanova,Ohio St.,ohio state,2113935,Devin Royal,Junior,F,78,1.45,player_id,Devin Royal,Ohio St.,Villanova,22.2159,25.0,13.7133,22.0,B10,1039.76,1684.623,438.0,317.0,131.0,52.0,51.0,131.0,182.0,20.0,5.0,54.0,2.51128,3.3224,2.0429,1.2795,0.21944,117.36,110.93,16.6973,0.0966,0.1278,0.52524,0.58462,0.09214,0.11036,0.12598,2.138,2.329,-0.191,635.1,75.39999999999999,263.9,3.641356,4.81748
2026,2027,Villanova,villanova,UIC,illinois chicago,2293406,Elijah Crawford,Sophomore,G,75,1.0907233333333333,player_id,Elijah Crawford,UIC,Villanova,5.4434,110.0,1.5693,120.0,MVC,594.48,964.555,324.0,267.0,81.0,113.0,10.0,56.0,66.0,33.0,6.0,59.0,3.28822,2.0391,1.0279,1.0112,0.31376,109.3,105.64,21.5235,0.2213,0.1372,0.49251,0.53536,0.41362,0.06612,0.16315,4.844,1.868,2.976,353.39436,123.25173666666666,71.98774,3.586538279133333,2.224093949
2026,2027,Villanova,villanova,Cornell,cornell,2125882,Jake Fiegen,Junior,G,76,1.0053833333333333,player_id,Jake Fiegen,Cornell,Villanova,0.323,166.0,-1.8253,196.0,Ivy,604.15,1036.473,383.0,252.0,79.0,45.0,36.0,78.0,114.0,21.0,8.0,25.0,4.52735,2.7112,2.3552,0.356,0.25955,133.68,118.1,26.0081,0.2998,0.1795,0.63889,0.66771,0.14422,0.11424,0.08019,2.498,3.253,-0.755,385.06181666666663,45.24225,114.6137,4.551722234166666,2.725795293333333
2026,2027,Villanova,villanova,Oregon,oregon,2112552,Kwame Evans Jr.,Junior,F,82,1.1679833333333334,player_id,Kwame Evans Jr.,Oregon,Villanova,7.079,101.0,12.4195,34.0,B10,925.73,1501.833,400.0,271.0,154.0,59.0,65.0,158.0,223.0,29.0,39.0,57.0,5.25444,3.2034,1.9013,1.3021,0.22214,117.55,108.89,21.023,0.227,0.1384,0.51107,0.59032,0.13571,0.14139,0.14403,1.102,0.638,0.464,467.1933333333333,68.91101666666667,260.46028333333334,6.137098346,3.74151781
2026,2027,Virginia,virginia,Arkansas St.,arkansas state,2539281,Christian Harmon,Junior,G,78,1.0212766666666666,player_id,Christian Harmon,Arkansas St.,Virginia,1.2766,147.0,-4.1304,245.0,SB,837.17,1481.944,395.0,308.0,86.0,71.0,37.0,74.0,111.0,27.0,4.0,62.0,2.77375,2.5251,1.5146,1.0105,0.22636,115.53,111.14,15.7316,0.1325,0.1206,0.5276,0.57114,0.15953,0.07138,0.15202,2.523,2.44,0.083,403.4042833333333,72.51064333333333,113.36170999999999,2.832766154166667,2.578825711
2026,2027,Virginia,virginia,LMU (CA),loyola marymount,2106228,Jan Vide,Junior,G,78,1.0094666666666667,player_id,Jan Vide,LMU (CA),Virginia,0.568,165.0,0.2503,145.0,WCC,760.43,1252.493,313.0,278.0,76.0,105.0,7.0,73.0,80.0,20.0,4.0,61.0,-0.45645,1.2813,0.2994,0.9819,0.2585,100.33,110.15,13.9035,-0.024,0.0674,0.46043,0.50257,0.28665,0.06202,0.16378,2.48,1.74,0.74,315.9630666666667,105.99400000000001,80.75733333333334,-0.46077106000000007,1.2934296400000003
2026,2027,Virginia,virginia,UC Irvine,uc irvine,2111158,Jurian Dixon,Sophomore,G,77,1.0950883333333334,player_id,Jurian Dixon,UC Irvine,Virginia,5.7053,107.0,-1.0887,171.0,BW,1016.87,1765.595,518.0,437.0,109.0,80.0,26.0,95.0,121.0,40.0,2.0,51.0,3.56998,3.5452,1.4776,2.0676,0.25989,110.26,101.93,17.2077,0.1404,0.1395,0.49314,0.53402,0.16348,0.06286,0.09516,2.642,-0.172,2.814,567.2557566666667,87.60706666666667,132.50568833333335,3.909443448233334,3.8823071593333336
2026,2027,Virginia,virginia,Saint Louis,saint louis,1926072,Kalu Anya,Senior,F,80,1.3850950000000002,player_id,Kalu Anya,Saint Louis,Virginia,19.5057,34.0,2.3751,113.0,A10,0.0,0.0,0.0,0.0,0.0,0.0,0.0,0.0,0.0,0.0,0.0,0.0,0.0,0.0,0.0,0.0,,,,,,,,,,,,,,,0.0,0.0,0.0,0.0,0.0
2026,2027,Virginia St.,virginia state,Ark.-Pine Bluff,arkansas pine bluff,2329099,Anthony Sellars,Senior,G,79,0.6598783333333333,player_id,Anthony Sellars,Ark.-Pine Bluff,Virginia St.,-13.2073,313.0,-5.6911,277.0,SWAC,66.27,111.947,9.0,8.0,3.0,1.0,2.0,4.0,6.0,2.0,1.0,4.0,-0.34828,-0.0215,-0.0533,0.0319,0.10419,79.48,119.28,1.6748,-0.2102,-0.013,0.375,0.48387,0.02562,0.05489,0.3003,0.093,-0.727,0.82,5.938905,0.6598783333333333,3.95927,-0.22982242593333332,-0.014187384166666666
2026,2027,Virginia St.,virginia state,Norfolk St.,norfolk state,2330177,Melo Baines,Sophomore,F,80,0.625715,player_id,Melo Baines,Norfolk St.,Virginia St.,-15.2571,325.0,-12.0225,361.0,MEAC,251.52,423.97,78.0,46.0,26.0,1.0,9.0,30.0,39.0,1.0,2.0,13.0,-0.70105,0.5486,0.2903,0.2583,0.14122,115.86,113.18,10.0981,-0.1115,0.0872,0.6413,0.67944,0.00792,0.09175,0.18455,-3.912,-0.127,-3.785,48.80577,0.625715,24.402885,-0.43865750075,0.343267249
2026,2027,Virginia Tech,virginia tech,Stetson,stetson,2536198,Ethan Copeland,Junior,G,74,0.6710866666666667,player_id,Ethan Copeland,Stetson,Virginia Tech,-12.5348,303.0,-4.0923,244.0,ASun,997.45,1655.422,450.0,356.0,57.0,64.0,13.0,103.0,116.0,48.0,2.0,42.0,4.04491,2.2959,1.6747,0.6212,0.22355,115.03,117.72,17.7436,0.1622,0.0921,0.56461,0.5904,0.13539,0.07001,0.09927,-0.8,-0.111,-0.689,301.98900000000003,42.94954666666667,77.84605333333334,2.7144851688666667,1.5407478780000001
2026,2027,Virginia Tech,virginia tech,Fla. Atlantic,florida atlantic,2328170,Isaiah Elohim,Sophomore,G,77,1.0598283333333334,player_id,Isaiah Elohim,Fla. Atlantic,Virginia Tech,3.5897,126.0,1.9615,115.0,Amer,857.24,1483.458,365.0,288.0,104.0,32.0,27.0,96.0,123.0,16.0,10.0,26.0,0.87781,2.4551,1.367,1.0881,0.20751,115.28,110.45,15.1423,0.041,0.1146,0.51563,0.54673,0.0705,0.07913,0.07227,0.295,-0.618,0.913,386.8373416666667,33.91450666666667,130.35888500000001,0.9303279092833333,2.6019845411666664
2026,2027,Virginia Tech,virginia tech,Oklahoma St.,oklahoma state,2140323,Jaylen Curry,Junior,G,73,1.259565,player_id,Jaylen Curry,Oklahoma St.,Virginia Tech,10.7739,79.0,11.3599,48.0,B12,786.38,1425.034,332.0,273.0,98.0,116.0,8.0,96.0,104.0,41.0,2.0,46.0,1.84347,2.0244,1.1382,0.8862,0.2188,111.68,112.04,16.7772,0.0938,0.103,0.46337,0.52515,0.26033,0.07142,0.12703,2.848,1.871,0.977,418.17558,146.10954,130.99476,2.32197029055,2.549863386
2026,2027,Virginia Tech,virginia tech,Oklahoma,oklahoma,2280419,Kuol Atak,Freshman,F,81,1.4162266666666667,player_id,Kuol Atak,Oklahoma,Virginia Tech,18.3736,41.0,13.1361,27.0,SEC,297.05,499.669,168.0,127.0,9.0,4.0,7.0,23.0,30.0,4.0,10.0,9.0,1.79396,0.9989,0.8094,0.1895,0.23648,126.66,117.52,20.264,0.2416,0.1345,0.63386,0.64122,0.02648,0.05672,0.0643,2.306,3.116,-0.81,237.92608,5.664906666666667,42.4868,2.5406539909333334,1.4146688173333335
2026,2027,Virginia Tech,virginia tech,San Diego St.,san diego state,2092588,Miles Heide,Junior,F,82,1.339445,player_id,Miles Heide,San Diego St.,Virginia Tech,16.7667,49.0,8.6625,74.0,MWC,596.16,1008.943,166.0,116.0,51.0,26.0,62.0,79.0,141.0,16.0,18.0,33.0,1.11005,1.882,0.7372,1.1447,0.14743,114.24,103.22,14.5476,0.0745,0.1263,0.60345,0.59971,0.07943,0.13987,0.19249,1.457,0.334,1.123,222.34787,34.82557,188.861745,1.48685092225,2.52083549
2026,2027,Virginia Tech,virginia tech,NC State,nc state,2504084,Musa Sagnia,Freshman,F,82,1.4298483333333334,player_id,Musa Sagnia,NC State,Virginia Tech,19.1909,37.0,11.7733,42.0,ACC,422.16,727.401,79.0,57.0,22.0,8.0,43.0,53.0,96.0,20.0,17.0,16.0,0.26902,1.1331,0.4718,0.6612,0.0999,118.96,107.2,12.9547,0.0255,0.1074,0.60526,0.5922,0.03061,0.13093,0.19352,5.007,2.815,2.192,112.95801833333334,11.438786666666667,137.26544,0.3846577986333333,1.6201611465
2026,2027,Virginia Tech,virginia tech,Elon,elon,2147106,Ned Hull,Sophomore,G,75,0.862335,player_id,Ned Hull,Elon,Virginia Tech,-5.8599,231.0,-2.7547,216.0,CAA,532.93,876.886,132.0,113.0,13.0,30.0,10.0,41.0,51.0,13.0,0.0,17.0,-0.3572,0.7071,0.5032,0.2038,0.13,113.81,120.4,9.3958,-0.0268,0.0531,0.5354,0.55602,0.09797,0.05507,0.12526,-0.049,-0.117,0.068,113.82822,25.87005,43.979085,-0.308026062,0.6097570784999999
2026,2027,VMI,vmi,UC San Diego,uc san diego,2302206,Trap Johnson,Freshman,G,78,1.0716083333333333,player_id,Trap Johnson,UC San Diego,VMI,4.2965,121.0,-1.4934,185.0,BW,196.59,335.619,58.0,47.0,15.0,3.0,8.0,19.0,27.0,2.0,0.0,5.0,-0.24166,0.4482,0.1612,0.287,0.15155,109.68,108.32,8.8443,-0.0492,0.0912,0.51064,0.54104,0.02644,0.07493,0.08532,-1.518,-1.423,-0.095,62.15328333333333,3.214825,28.933425,-0.25896486983333333,0.48029485499999997
2026,2027,Wagner,wagner,Oral Roberts,oral roberts,2319740,Baron Smith Jr.,Sophomore,F,81,0.6603683333333333,player_id,Baron Smith Jr.,Oral Roberts,Wagner,-13.1779,311.0,-2.2215,205.0,Sum,157.44,265.421,32.0,35.0,21.0,5.0,12.0,22.0,34.0,6.0,6.0,8.0,-0.47102,0.0003,-0.1697,0.17,0.17041,82.99,112.59,7.5459,-0.1197,0.0001,0.25714,0.36199,0.05915,0.12436,0.15314,-1.405,-1.801,0.396,21.131786666666667,3.301841666666667,22.452523333333332,-0.31104669236666665,0.0001981105
2026,2027,Wagner,wagner,Fairfield,fairfield,2125950,Cam Estevez,Junior,G,75,0.7890766666666668,player_id,Cam Estevez,Fairfield,Wagner,-7.8554,260.0,-9.6415,349.0,MAAC,224.78,378.491,64.0,67.0,9.0,18.0,6.0,17.0,23.0,4.0,1.0,10.0,-0.36263,0.3024,0.0677,0.2347,0.17918,100.8,113.02,8.7218,-0.0645,0.0538,0.43284,0.4507,0.13622,0.05798,0.12352,-2.176,-0.393,-1.783,50.50090666666667,14.203380000000001,18.148763333333335,-0.28614287163333335,0.23861678400000003
2026,2027,Wagner,wagner,Oral Roberts,oral roberts,2561374,Laymen McGrady,Freshman,G,76,0.6603683333333333,player_id,Laymen McGrady,Oral Roberts,Wagner,-13.1779,311.0,-2.2215,205.0,Sum,0.0,0.0,0.0,0.0,0.0,0.0,0.0,0.0,0.0,0.0,0.0,0.0,0.0,0.0,0.0,0.0,,,,,,,,,,,,,,,0.0,0.0,0.0,0.0,0.0
2026,2027,Wagner,wagner,Fordham,fordham,2321289,Ryan Pettis,Sophomore,G,76,1.01191,player_id,Ryan Pettis,Fordham,Wagner,0.7146,160.0,-2.1844,202.0,A10,38.37,60.953,5.0,6.0,0.0,3.0,0.0,7.0,7.0,1.0,2.0,1.0,0.02632,,,0.089,0.092,,98.79,8.3465,0.0274,,0.41667,0.41667,0.13357,0.09446,0.14286,-0.415,-0.921,0.506,5.059550000000001,3.03573,7.08337,0.0266334712,0.0
2026,2027,Wagner,wagner,Sacred Heart,sacred heart,2342529,Taj Bryant,Sophomore,G,74,0.7303016666666667,player_id,Taj Bryant,Sacred Heart,Wagner,-11.3819,294.0,-7.5968,310.0,MAAC,263.44,440.464,58.0,52.0,22.0,24.0,14.0,46.0,60.0,6.0,2.0,26.0,-0.70859,0.0647,-0.2015,0.2662,0.16845,87.76,113.37,7.7766,-0.1076,0.0098,0.39423,0.47002,0.1701,0.1331,0.29653,-2.025,-2.029,0.004,42.35749666666667,17.527240000000003,43.8181,-0.5174844579833334,0.04725051783333333
2026,2027,Wagner,wagner,Siena,siena,2311539,Tajae Jones,Sophomore,F,80,0.982635,player_id,Tajae Jones,Siena,Wagner,-1.0419,180.0,-8.8236,332.0,MAAC,13.9,21.702,4.0,5.0,0.0,0.0,0.0,2.0,2.0,1.0,0.0,1.0,-0.07514,,,0.0347,0.23371,,96.82,3.9457,-0.2162,,0.4,0.4,0.0,0.09184,0.16667,,,,3.93054,0.0,1.96527,-0.0738351939,0.0
2026,2027,Wagner,wagner,New Orleans,new orleans,2121796,William Patterson,Sophomore,F,86,0.96355,player_id,William Patterson,New Orleans,Wagner,-2.187,194.0,0.3192,144.0,Slnd,30.76,54.038,2.0,5.0,0.0,0.0,2.0,3.0,5.0,0.0,3.0,2.0,-0.19693,,,0.0319,0.11048,,113.07,-1.7197,-0.2561,,0.2,0.2,0.0,0.0862,0.28571,-1.387,-1.188,-0.199,1.9271,0.0,4.81775,-0.1897519015,0.0
2026,2027,Wake Forest,wake forest,Virginia Tech,virginia tech,2481304,Antonio Dorn,Freshman,F,84,1.3014033333333335,player_id,Antonio Dorn,Virginia Tech,Wake Forest,13.2842,60.0,9.3722,72.0,ACC,206.77,343.419,62.0,42.0,16.0,10.0,26.0,18.0,44.0,2.0,5.0,12.0,0.01804,0.5814,0.3638,0.2176,0.15186,120.34,112.92,14.3343,0.0035,0.1125,0.64286,0.63265,0.08754,0.12682,0.19659,1.099,0.675,0.424,80.68700666666668,13.014033333333334,57.261746666666674,0.023477316133333336,0.7566358980000001
2026,2027,Wake Forest,wake forest,Kansas,kansas,2119860,Jamari McDowell,Junior,G,76,1.45,player_id,Jamari McDowell,Kansas,Wake Forest,24.1522,21.0,16.6274,3.0,B12,604.95,1003.321,117.0,100.0,24.0,39.0,7.0,49.0,56.0,15.0,5.0,17.0,-0.10375,1.352,0.366,0.986,0.10867,109.43,106.48,7.9739,-0.0069,0.0894,0.51,0.52893,0.10706,0.0492,0.13327,4.578,1.984,2.594,169.65,56.55,81.2,-0.1504375,1.9604000000000001
2026,2027,Wake Forest,wake forest,Monmouth,monmouth,2314232,Justin Ray,Sophomore,G,75,0.9822816666666667,player_id,Justin Ray,Monmouth,Wake Forest,-1.0631,181.0,-2.9478,219.0,CAA,952.89,1562.502,368.0,281.0,72.0,40.0,11.0,60.0,71.0,36.0,4.0,22.0,2.32529,3.1433,1.8246,1.3187,0.18264,122.76,109.3,14.7198,0.0976,0.1319,0.54093,0.58842,0.08371,0.04304,0.06573,1.375,0.801,0.574,361.4796533333334,39.29126666666667,69.74199833333334,2.2840897366833333,3.0876059628333334
2026,2027,Wake Forest,wake forest,Merrimack,merrimack,2566998,Kevair Kennedy,Freshman,G,74,0.9895266666666667,player_id,Kevair Kennedy,Merrimack,Wake Forest,-0.6284,177.0,-5.8089,281.0,MAAC,1251.18,1934.135,627.0,432.0,277.0,143.0,46.0,112.0,158.0,63.0,4.0,102.0,5.19083,4.5242,2.4113,2.1128,0.29463,111.23,105.77,21.3849,0.1659,0.1446,0.46644,0.56599,0.29056,0.07634,0.15552,1.678,0.945,0.733,620.43322,141.50231333333332,156.34521333333333,5.136464707133333,4.4768165453333335
2026,2027,Wake Forest,wake forest,Northern Colo.,northern colorado,2277269,Ring Nyeri,Sophomore,F,80,1.02613,player_id,Ring Nyeri,Northern Colo.,Wake Forest,1.5678,143.0,-2.6243,213.0,BSky,760.65,1302.223,244.0,193.0,32.0,17.0,52.0,136.0,188.0,12.0,27.0,28.0,1.80597,2.0849,1.0119,1.0731,0.15819,116.05,108.9,14.988,0.095,0.1096,0.58549,0.58909,0.03763,0.14641,0.11911,-0.566,-0.66,0.094,250.37572,17.444209999999998,192.91244,1.8531599961,2.139378437
2026,2027,Wake Forest,wake forest,George Washington,george washington,2489654,Vincent Chaudhri,Freshman,F,79,1.186985,player_id,Vincent Chaudhri,George Washington,Wake Forest,9.4191,86.0,2.6222,108.0,A10,0.0,0.0,0.0,0.0,0.0,0.0,0.0,0.0,0.0,0.0,0.0,0.0,0.0,0.0,0.0,0.0,,,,,,,,,,,,,,,0.0,0.0,0.0,0.0,0.0
2026,2027,Wake Forest,wake forest,Fla. Atlantic,florida atlantic,2550737,Xander Pintelon,Junior,F,83,1.0598283333333334,player_id,Xander Pintelon,Fla. Atlantic,Wake Forest,3.5897,126.0,1.9615,115.0,Amer,565.16,976.0,183.0,154.0,39.0,22.0,31.0,78.0,109.0,18.0,17.0,24.0,1.66948,1.5348,0.6118,0.923,0.17108,111.49,106.38,13.4663,0.1182,0.1086,0.48701,0.53446,0.0672,0.10705,0.12298,1.584,1.226,0.358,193.948585,23.316223333333333,115.52128833333333,1.7693622059333334,1.626624526
2026,2027,Walsh,walsh,Indiana (PA),indiana pa,2293255,Tyler Grove,Sophomore,F,79,1.0,player_id,Tyler Grove,Indiana (PA),Walsh,,,,,,0.0,0.0,0.0,0.0,0.0,0.0,0.0,0.0,0.0,0.0,0.0,0.0,0.0,0.0,0.0,0.0,,,,,,,,,,,,,,,0.0,0.0,0.0,0.0,0.0
2026,2027,Washburn,washburn,Minot St.,minot state,2170857,Carson Yale,Freshman,F,81,1.0,player_id,Carson Yale,Minot St.,Washburn,,,,,,0.0,0.0,0.0,0.0,0.0,0.0,0.0,0.0,0.0,0.0,0.0,0.0,0.0,0.0,0.0,0.0,,,,,,,,,,,,,,,0.0,0.0,0.0,0.0,0.0
2026,2027,Washburn,washburn,Lubbock Christian,lubbock christian,1932416,Lucas Mercandino,Junior,F,78,1.0,player_id,Lucas Mercandino,Lubbock Christian,Washburn,,,,,,0.0,0.0,0.0,0.0,0.0,0.0,0.0,0.0,0.0,0.0,0.0,0.0,0.0,0.0,0.0,0.0,,,,,,,,,,,,,,,0.0,0.0,0.0,0.0,0.0
2026,2027,Washington,washington,Texas Tech,texas tech,1918024,LeJuan Watts,Junior,F,78,1.45,player_id,LeJuan Watts,Texas Tech,Washington,24.4578,20.0,15.5665,8.0,B12,902.07,1500.99,388.0,300.0,134.0,80.0,62.0,137.0,199.0,22.0,8.0,82.0,0.88876,2.3652,1.0784,1.2868,0.25051,107.47,108.73,15.9129,0.0394,0.1049,0.475,0.54039,0.15793,0.12659,0.18596,1.539,3.824,-2.285,562.6,116.0,288.55,1.288702,3.4295400000000003
2026,2027,Washington,washington,Davidson,davidson,2125516,Parker Friedrichsen,Junior,G,76,1.09089,player_id,Parker Friedrichsen,Davidson,Washington,5.4534,109.0,2.5983,109.0,A10,825.0,1298.684,347.0,269.0,78.0,45.0,17.0,64.0,81.0,36.0,1.0,39.0,2.52512,2.4087,1.1859,1.2228,0.22761,111.88,108.11,16.0416,0.1224,0.1168,0.53717,0.57204,0.11316,0.05941,0.11393,0.653,0.571,0.082,378.53882999999996,49.09005,88.36209,2.7546281567999995,2.627626743
2026,2027,Washington,washington,San Francisco,san francisco,2169496,Ryan Beasley,Junior,G,71,1.066445,player_id,Ryan Beasley,San Francisco,Washington,3.9867,122.0,3.6636,102.0,WCC,1023.26,1672.35,417.0,314.0,138.0,123.0,17.0,87.0,104.0,35.0,4.0,51.0,2.80373,3.2132,2.1247,1.0885,0.21746,118.32,112.83,16.7941,0.1096,0.1256,0.48248,0.55645,0.25259,0.05901,0.1198,-1.225,-0.659,-0.566,444.70756500000005,131.17273500000002,110.91028000000001,2.99002383985,3.4267010740000003
2026,2027,Washington,washington,Gonzaga,gonzaga,1334130,Steele Venters,Senior,F,79,1.45,player_id,Steele Venters,Gonzaga,Washington,26.9815,15.0,5.8434,86.0,WCC,406.53,723.499,134.0,114.0,12.0,28.0,5.0,30.0,35.0,17.0,2.0,17.0,1.04356,1.4183,0.4685,0.9498,0.16135,113.77,98.62,11.658,0.1027,0.1396,0.54386,0.56161,0.09574,0.04795,0.12474,4.443,2.865,1.578,194.29999999999998,40.6,50.75,1.5131620000000001,2.056535
2026,2027,Washington St.,washington state,Manhattan,manhattan,2351183,Fraser Roxburgh,Sophomore,F,79,0.6092766666666666,player_id,Fraser Roxburgh,Manhattan,Washington St.,-16.2434,329.0,-8.2003,322.0,MAAC,957.12,1590.634,338.0,303.0,38.0,35.0,32.0,145.0,177.0,16.0,16.0,49.0,-0.29719,0.9674,0.3835,0.5839,0.19858,101.68,117.86,12.6765,-0.0124,0.0404,0.5099,0.52862,0.07775,0.10525,0.13289,-2.421,0.057,-2.478,205.9355133333333,21.32468333333333,107.84196999999999,-0.18107093256666665,0.5894142473333333
2026,2027,Washington St.,washington state,Oregon,oregon,2306710,Jamari Phillips,Sophomore,G,76,1.1679833333333334,player_id,Jamari Phillips,Oregon,Washington St.,7.079,101.0,12.4195,34.0,B10,296.32,471.524,69.0,73.0,6.0,14.0,5.0,18.0,23.0,3.0,1.0,14.0,-0.94289,0.0194,-0.1099,0.1292,0.15785,91.39,119.77,4.1578,-0.1273,0.0026,0.43836,0.45635,0.08771,0.0457,0.15618,0.763,-0.629,1.392,80.59085,16.351766666666666,26.86361666666667,-1.1012798051666668,0.022658876666666668
2026,2027,Washington St.,washington state,Providence,providence,2507003,Jaylen Harrell,Freshman,G,77,1.2827883333333334,player_id,Jaylen Harrell,Providence,Washington St.,12.1673,67.0,11.0749,51.0,BE,54.87,98.664,22.0,16.0,3.0,2.0,3.0,1.0,4.0,1.0,0.0,0.0,0.20089,0.1882,0.1776,0.0106,0.1503,147.32,122.52,17.0315,0.1464,0.1372,0.59375,0.63584,0.05572,0.03771,0.0,1.446,0.984,0.462,28.221343333333337,2.565576666666667,5.131153333333334,0.25769934828333335,0.24142076433333337
2026,2027,Washington St.,washington state,UNLV,unlv,2113318,Ladji Dembele,Junior,F,80,1.106575,player_id,Ladji Dembele,UNLV,Washington St.,6.3945,104.0,7.0394,81.0,MWC,100.24,188.441,26.0,27.0,4.0,7.0,8.0,13.0,21.0,3.0,4.0,6.0,0.13968,0.1192,0.004,0.1152,0.16044,97.45,111.8,10.4845,0.0557,0.0476,0.44444,0.45139,0.1135,0.11671,0.17261,-0.327,0.62,-0.947,28.770950000000003,7.746025,23.238075000000002,0.15456639600000002,0.13190374000000002
2026,2027,Washington St.,washington state,Central Mo.,central mo,2561407,Lazerek Houston,Freshman,G,72,1.0,player_id,Lazerek Houston,Central Mo.,Washington St.,,,,,,0.0,0.0,0.0,0.0,0.0,0.0,0.0,0.0,0.0,0.0,0.0,0.0,0.0,0.0,0.0,0.0,,,,,,,,,,,,,,,0.0,0.0,0.0,0.0,0.0
2026,2027,Washington St.,washington state,TCU,tcu,2115344,RJ Jones,Sophomore,G,75,1.3991016666666667,player_id,RJ Jones,TCU,Washington St.,17.3461,44.0,11.8204,40.0,B12,55.77,95.753,23.0,20.0,2.0,7.0,0.0,4.0,4.0,1.0,0.0,3.0,0.10695,0.1534,0.0824,0.071,0.20715,113.18,110.47,12.2401,0.0767,0.1101,0.55,0.55024,0.21897,0.04085,0.12563,1.478,2.681,-1.203,32.179338333333334,9.793711666666667,5.596406666666667,0.14963392325,0.21462219566666668
2026,2027,Washington St.,washington state,East Texas A&M,texas a and m commerce,2317040,Ronnie Harrison,Junior,F,78,0.7401616666666667,player_id,Ronnie Harrison,East Texas A&M,Washington St.,-10.7903,288.0,-1.0408,170.0,Slnd,851.34,1418.062,397.0,324.0,113.0,50.0,28.0,146.0,174.0,33.0,20.0,65.0,1.19464,1.3117,0.1114,1.2003,0.268,98.1,108.91,16.4465,0.0561,0.0616,0.49846,0.53117,0.14343,0.11739,0.14816,-2.792,-1.176,-1.616,293.8441816666667,37.00808333333334,128.78813,0.8842267334666667,0.9708700581666668
2026,2027,Washington St.,washington state,Wake Forest,wake forest,2306685,Sebastian Akins,Sophomore,G,74,1.256415,player_id,Sebastian Akins,Wake Forest,Washington St.,10.5849,80.0,9.9169,68.0,ACC,532.63,894.98,184.0,156.0,63.0,65.0,13.0,38.0,51.0,26.0,2.0,41.0,-0.24608,0.7627,0.2413,0.5214,0.21459,101.54,113.74,12.4089,-0.0185,0.0573,0.43269,0.50082,0.22321,0.05676,0.18245,-0.957,-1.526,0.569,231.18036,81.66697500000001,64.07716500000001,-0.3091786032,0.9582677205000001
2026,2027,Washington St.,washington state,Northwestern,northwestern,2567230,Tyler Kropp,Freshman,F,81,1.3053316666666668,player_id,Tyler Kropp,Northwestern,Washington St.,13.5199,58.0,12.9989,29.0,B10,368.29,581.844,95.0,77.0,26.0,9.0,21.0,45.0,66.0,11.0,8.0,10.0,-0.0952,0.8423,0.3822,0.4601,0.14553,113.11,110.73,12.336,-0.0103,0.0915,0.46104,0.53733,0.04401,0.11056,0.10158,-1.418,-0.959,-0.459,124.00650833333334,11.747985000000002,86.15189000000001,-0.12426757466666669,1.0994808628333335
2026,2027,Wayne St. (MI),wayne st mi,Canisius,canisius,2161306,Anthony Benard,Junior,G,72,0.5643733333333333,player_id,Anthony Benard,Canisius,Wayne St. (MI),-18.9376,342.0,-7.8339,313.0,MAAC,220.4,349.186,62.0,49.0,15.0,27.0,4.0,10.0,14.0,8.0,0.0,28.0,-0.68958,-0.012,-0.2133,0.2013,0.20839,87.15,114.46,6.9203,-0.1252,-0.0022,0.53061,0.55755,0.28464,0.03852,0.33493,-2.303,0.318,-2.621,34.991146666666666,15.238079999999998,7.901226666666666,-0.38918056319999994,-0.006772479999999999
2026,2027,Weber St.,weber state,Rice,rice,2281663,Aaron Powell,Sophomore,G,73,0.8776816666666667,player_id,Aaron Powell,Rice,Weber St.,-4.9391,225.0,-0.2764,153.0,Amer,0.0,0.0,0.0,0.0,0.0,0.0,0.0,0.0,0.0,0.0,0.0,0.0,0.0,0.0,0.0,0.0,,,,,,,,,,,,,,,0.0,0.0,0.0,0.0,0.0
2026,2027,Weber St.,weber state,Utah,utah,2496678,Alvin Jackson,Sophomore,G,77,1.1091133333333334,player_id,Alvin Jackson,Utah,Weber St.,3.5468,128.0,11.7731,43.0,B12,0.0,0.0,0.0,0.0,0.0,0.0,0.0,0.0,0.0,0.0,0.0,0.0,0.0,0.0,0.0,0.0,,,,,,,,,,,,,,,0.0,0.0,0.0,0.0,0.0
2026,2027,Weber St.,weber state,New Mexico St.,new mexico state,2489405,Augustine Ekwe,Freshman,F,81,0.9772166666666666,player_id,Augustine Ekwe,New Mexico St.,Weber St.,-1.367,183.0,-1.3684,180.0,CUSA,199.22,322.957,47.0,34.0,9.0,2.0,17.0,27.0,44.0,3.0,15.0,11.0,-0.04951,0.4462,0.1428,0.3033,0.12688,109.07,107.61,12.7488,-0.0099,0.0896,0.58824,0.61842,0.01884,0.12519,0.22467,-0.254,0.283,-0.537,45.929183333333334,1.9544333333333332,42.99753333333333,-0.04838199716666666,0.43603407666666666
2026,2027,Weber St.,weber state,Seattle U,seattle,2126383,Brock Felder,Junior,F,80,1.0873083333333333,player_id,Brock Felder,Seattle U,Weber St.,5.2385,113.0,1.7632,119.0,WCC,168.69,284.13,60.0,36.0,9.0,1.0,15.0,32.0,47.0,1.0,4.0,10.0,0.24182,0.6172,0.2648,0.3524,0.15418,120.26,101.21,17.2723,0.0573,0.1464,0.77778,0.75,0.01322,0.16284,0.20016,-1.928,-0.982,-0.946,65.2385,1.0873083333333333,51.10349166666666,0.2629329011666667,0.6710867033333333
2026,2027,Weber St.,weber state,Saint Louis,saint louis,2325459,Dylan Warlick,,F,77,1.3850950000000002,player_id,Dylan Warlick,Saint Louis,Weber St.,19.5057,34.0,2.3751,113.0,A10,0.0,0.0,0.0,0.0,0.0,0.0,0.0,0.0,0.0,0.0,0.0,0.0,0.0,0.0,0.0,0.0,,,,,,,,,,,,,,,0.0,0.0,0.0,0.0,0.0
2026,2027,Weber St.,weber state,Georgia Tech,georgia tech,2304017,Dyllan Thompson,Sophomore,F,79,1.0537433333333335,player_id,Dyllan Thompson,Georgia Tech,Weber St.,0.2246,169.0,5.7008,87.0,ACC,0.0,0.0,0.0,0.0,0.0,0.0,0.0,0.0,0.0,0.0,0.0,0.0,0.0,0.0,0.0,0.0,,,,,,,,,,,,,,,0.0,0.0,0.0,0.0,0.0
2026,2027,Weber St.,weber state,UNLV,unlv,2550759,Mason Abittan,Freshman,G,78,1.106575,player_id,Mason Abittan,UNLV,Weber St.,6.3945,104.0,7.0394,81.0,MWC,0.0,0.0,0.0,0.0,0.0,0.0,0.0,0.0,0.0,0.0,0.0,0.0,0.0,0.0,0.0,0.0,,,,,,,,,,,,,,,0.0,0.0,0.0,0.0,0.0
2026,2027,Weber St.,weber state,New Mexico,new mexico,2543852,Sir Marius Jones,Freshman,G,76,1.34191,player_id,Sir Marius Jones,New Mexico,Weber St.,16.9146,46.0,5.5552,88.0,MWC,0.0,0.0,0.0,0.0,0.0,0.0,0.0,0.0,0.0,0.0,0.0,0.0,0.0,0.0,0.0,0.0,,,,,,,,,,,,,,,0.0,0.0,0.0,0.0,0.0
2026,2027,West Ala.,west ala,Mississippi Col.,mississippi col,1927420,Avaughn Johnson,Junior,G,79,1.0,player_id,Avaughn Johnson,Mississippi Col.,West Ala.,,,,,,0.0,0.0,0.0,0.0,0.0,0.0,0.0,0.0,0.0,0.0,0.0,0.0,0.0,0.0,0.0,0.0,,,,,,,,,,,,,,,0.0,0.0,0.0,0.0,0.0
2026,2027,West Ala.,west ala,Wagner,wagner,2569023,Michael Cooper,Junior,G,78,0.6697266666666667,player_id,Michael Cooper,Wagner,West Ala.,-12.6164,305.0,-9.1832,340.0,NEC,387.57,619.925,131.0,97.0,48.0,19.0,28.0,37.0,65.0,10.0,6.0,25.0,0.55636,0.8807,0.4348,0.4459,0.19488,109.63,111.81,13.6915,0.0574,0.0909,0.47423,0.55461,0.09834,0.09865,0.17468,-1.077,-0.268,-0.809,87.73419333333334,12.724806666666668,43.53223333333334,0.37260912826666664,0.5898282753333334
2026,2027,West Chester,west chester,Rider,rider,2160981,Antwan Wilson,Junior,G,77,0.55,player_id,Antwan Wilson,Rider,West Chester,-24.1738,357.0,-4.9717,262.0,MAAC,305.07,484.458,77.0,87.0,20.0,16.0,11.0,27.0,38.0,7.0,7.0,16.0,-0.80317,-0.1569,-0.2845,0.1276,0.19027,85.64,119.99,6.6614,-0.1053,-0.0206,0.35632,0.40188,0.10825,0.07085,0.14311,-3.038,-0.402,-2.636,42.35,8.8,20.900000000000002,-0.44174350000000007,-0.08629500000000001
2026,2027,West Florida,west florida,Wingate,wingate,2574953,Alex Godley,Junior,F,77,1.0,player_id,Alex Godley,Wingate,West Florida,,,,,,0.0,0.0,0.0,0.0,0.0,0.0,0.0,0.0,0.0,0.0,0.0,0.0,0.0,0.0,0.0,0.0,,,,,,,,,,,,,,,0.0,0.0,0.0,0.0,0.0
2026,2027,West Florida,west florida,UMBC,umbc,2350327,Daylon Dickerson,Junior,F,78,0.9697166666666667,player_id,Daylon Dickerson,UMBC,West Florida,-1.817,187.0,-14.6218,365.0,AE,262.04,437.092,101.0,59.0,42.0,20.0,12.0,46.0,58.0,3.0,6.0,18.0,0.75454,1.0593,0.5422,0.5171,0.1971,119.35,102.67,18.6091,0.1152,0.1617,0.59322,0.65161,0.14754,0.13177,0.18852,-2.435,-0.357,-2.078,97.94138333333333,19.394333333333332,56.243566666666666,0.7316900136666666,1.0272208649999999
2026,2027,West Florida,west florida,The Citadel,the citadel,2273135,Eze Wali,Sophomore,G,73,0.55,player_id,Eze Wali,The Citadel,West Florida,-20.1485,347.0,-5.7798,280.0,SC,763.73,1206.549,152.0,153.0,54.0,69.0,19.0,81.0,100.0,31.0,6.0,37.0,-1.65099,0.1747,-0.1999,0.3747,0.15094,93.26,119.17,8.758,-0.0865,0.0092,0.37908,0.42986,0.17271,0.07843,0.17309,-4.226,-3.902,-0.324,83.60000000000001,37.95,55.00000000000001,-0.9080445,0.096085
2026,2027,West Florida,west florida,Minot St.,minot state,1892349,Isaiah Alexander,Junior,F,79,1.0,player_id,Isaiah Alexander,Minot St.,West Florida,,,,,,0.0,0.0,0.0,0.0,0.0,0.0,0.0,0.0,0.0,0.0,0.0,0.0,0.0,0.0,0.0,0.0,,,,,,,,,,,,,,,0.0,0.0,0.0,0.0,0.0
2026,2027,West Florida,west florida,Denver,denver,2493725,Trajan Thompson,Freshman,G,77,0.8557633333333333,player_id,Trajan Thompson,Denver,West Florida,-6.2542,235.0,-2.1995,204.0,Sum,0.0,0.0,0.0,0.0,0.0,0.0,0.0,0.0,0.0,0.0,0.0,0.0,0.0,0.0,0.0,0.0,,,,,,,,,,,,,,,0.0,0.0,0.0,0.0,0.0
2026,2027,West Ga.,west georgia,Hofstra,hofstra,2291375,Amir Williams,Sophomore,G,76,1.1809516666666666,player_id,Amir Williams,Hofstra,West Ga.,9.0571,89.0,-0.5762,162.0,CAA,2.15,3.499,0.0,0.0,0.0,0.0,0.0,1.0,1.0,0.0,0.0,0.0,-0.0122,,,0.007,0.0,,88.49,1.4006,-0.227,,,,0.0,0.26204,,,,,0.0,0.0,1.1809516666666666,-0.014407610333333334,0.0
2026,2027,West Ga.,west georgia,Vermont,vermont,2153997,David Simon,Sophomore,F,83,0.8527566666666666,player_id,David Simon,Vermont,West Ga.,-6.4346,239.0,-11.1731,357.0,AE,155.47,244.686,46.0,31.0,6.0,5.0,6.0,26.0,32.0,2.0,7.0,10.0,0.14043,0.4124,0.1286,0.2838,0.15696,108.85,104.27,14.4081,0.0361,0.1061,0.70968,0.68452,0.06586,0.12693,0.22915,0.522,-0.577,1.099,39.22680666666666,4.263783333333333,27.28821333333333,0.1197526187,0.3516768493333333
2026,2027,West Ga.,west georgia,Northwestern St.,northwestern state,2313597,Justin Redmond,Sophomore,G,74,0.7500433333333334,player_id,Justin Redmond,Northwestern St.,West Ga.,-10.1974,282.0,-1.1742,174.0,Slnd,351.45,568.094,126.0,127.0,24.0,24.0,8.0,23.0,31.0,13.0,1.0,20.0,-0.19514,0.1533,-0.1561,0.3094,0.24157,92.76,114.83,9.9049,-0.0222,0.0174,0.41732,0.45785,0.15161,0.05472,0.12694,-2.461,-1.094,-1.367,94.50546000000001,18.001040000000003,23.251343333333335,-0.14636345606666668,0.11498164300000001
2026,2027,West Ga.,west georgia,Alabama A&M,alabama a and m,1925932,Louis Hutchinson,Junior,F,79,0.669865,player_id,Louis Hutchinson,Alabama A&M,West Ga.,-12.6081,304.0,-10.9888,355.0,SWAC,499.48,821.087,116.0,98.0,25.0,17.0,17.0,34.0,51.0,7.0,4.0,11.0,-0.38597,0.8383,0.4433,0.395,0.12693,112.96,115.84,8.7344,-0.0309,0.0671,0.4898,0.53211,0.06721,0.06089,0.09167,-2.493,-1.278,-1.215,77.70434,11.387705,34.163115000000005,-0.25854779405,0.5615478295
2026,2027,West Va. Wesleyan,west va wesleyan,Mississippi Col.,mississippi col,2486751,Josh Holman,Junior,G,78,1.0,player_id,Josh Holman,Mississippi Col.,West Va. Wesleyan,,,,,,0.0,0.0,0.0,0.0,0.0,0.0,0.0,0.0,0.0,0.0,0.0,0.0,0.0,0.0,0.0,0.0,,,,,,,,,,,,,,,0.0,0.0,0.0,0.0,0.0
2026,2027,West Virginia,west virginia,Butler,butler,2092579,Finley Bizjack,Junior,G,76,1.2434033333333334,player_id,Finley Bizjack,Butler,West Virginia,9.8042,84.0,10.0079,67.0,BE,1053.0,1794.513,530.0,383.0,160.0,79.0,17.0,52.0,69.0,23.0,3.0,54.0,1.94779,3.1709,2.406,0.7649,0.23715,119.93,116.57,16.6625,0.074,0.1205,0.51436,0.58447,0.14433,0.03704,0.10642,2.71,2.752,-0.042,659.0037666666667,98.22886333333334,85.79483,2.4218885786333333,3.942707629666667
2026,2027,West Virginia,west virginia,Boise St.,boise state,2305534,Javan Buchanan,Senior,F,79,1.2548633333333334,player_id,Javan Buchanan,Boise St.,West Virginia,13.4918,59.0,8.5218,75.0,MWC,815.24,1322.503,372.0,270.0,133.0,45.0,54.0,94.0,148.0,20.0,5.0,31.0,3.5251,3.3299,2.255,1.0749,0.23152,124.38,109.98,19.4867,0.173,0.1634,0.48148,0.56621,0.11747,0.11566,0.08623,2.892,2.136,0.756,466.80916,56.46885,185.71977333333334,4.4235187363333335,4.178569413666667
2026,2027,West Virginia,west virginia,St. John's (NY),saint johns,2322695,Joson Sanon,Sophomore,G,77,1.45,player_id,Joson Sanon,St. John's (NY),West Virginia,27.1702,13.0,12.5947,33.0,BE,775.11,1342.161,291.0,266.0,82.0,26.0,18.0,72.0,90.0,21.0,6.0,39.0,-0.90184,1.6459,0.1993,1.4466,0.21321,99.92,103.85,9.0097,-0.0465,0.0849,0.42857,0.48163,0.05802,0.06377,0.11434,0.825,0.552,0.273,421.95,37.699999999999996,130.5,-1.3076679999999998,2.386555
2026,2027,West Virginia,west virginia,Florida St.,florida state,2334355,Martin Somerville,Sophomore,G,75,1.2976966666666667,player_id,Martin Somerville,Florida St.,West Virginia,13.0618,62.0,10.5312,61.0,ACC,858.49,1504.333,265.0,226.0,67.0,78.0,25.0,73.0,98.0,49.0,1.0,34.0,1.86335,2.1106,1.0323,1.0784,0.16341,113.42,110.64,12.5518,0.0868,0.0983,0.46903,0.51859,0.15295,0.06209,0.11745,5.853,1.988,3.865,343.88961666666665,101.22034000000001,127.17427333333333,2.4180630838333337,2.7389185846666666
2026,2027,West Virginia,west virginia,Georgia Tech,georgia tech,2474283,Mouhamed Sylla,Freshman,F,82,1.0537433333333335,player_id,Mouhamed Sylla,Georgia Tech,West Virginia,0.2246,169.0,5.7008,87.0,ACC,343.62,605.188,154.0,114.0,49.0,10.0,32.0,83.0,115.0,12.0,19.0,23.0,1.46502,0.962,0.2553,0.7066,0.22507,104.53,101.68,20.3103,0.1705,0.112,0.58333,0.56785,0.06033,0.18125,0.14506,0.079,-0.964,1.043,162.27647333333334,10.537433333333334,121.18048333333336,1.5437550582000001,1.0137010866666667
2026,2027,West Virginia,west virginia,Utah,utah,2147079,Seydou Traore,Junior,F,79,1.1091133333333334,player_id,Seydou Traore,Utah,West Virginia,3.5468,128.0,11.7731,43.0,B12,890.59,1477.245,279.0,254.0,55.0,61.0,20.0,86.0,106.0,38.0,15.0,56.0,-0.25649,0.6955,0.0378,0.6578,0.19363,97.46,116.39,11.0,-0.0115,0.0312,0.47047,0.50144,0.12467,0.06993,0.16756,1.063,1.108,-0.045,309.44262000000003,67.65591333333333,117.56601333333334,-0.28447647886666666,0.7713883233333334
2026,2027,Western Caro.,western carolina,Old Dominion,old dominion,2117884,Donovan Raymond,Sophomore,F,82,0.8429249999999999,player_id,Donovan Raymond,Old Dominion,Western Caro.,-7.0245,248.0,-3.3276,226.0,SB,192.63,331.302,45.0,25.0,24.0,5.0,13.0,26.0,39.0,10.0,10.0,8.0,0.16171,0.5013,0.1966,0.3048,0.11392,115.52,106.89,12.7479,0.0336,0.1041,0.68,0.63202,0.04593,0.11348,0.18365,-3.237,-2.847,-0.39,37.931625,4.214625,32.874075,0.13630940174999998,0.4225583024999999
2026,2027,Western Caro.,western carolina,Sam Houston,sam houston state,2099006,Isaiah Manning,Sophomore,F,80,1.0881683333333334,player_id,Isaiah Manning,Sam Houston,Western Caro.,5.2901,111.0,0.3543,141.0,CUSA,254.68,452.96,125.0,94.0,31.0,13.0,12.0,31.0,43.0,5.0,5.0,14.0,0.79384,0.8385,0.548,0.2904,0.22385,119.18,111.93,16.755,0.1247,0.1317,0.52128,0.58086,0.09335,0.09126,0.11509,0.012,-0.915,0.927,136.02104166666666,14.146188333333335,46.79123833333334,0.8638315497333334,0.9124291475
2026,2027,Western Caro.,western carolina,Hofstra,hofstra,2505817,Jaeden Roberts,Freshman,G,75,1.1809516666666666,player_id,Jaeden Roberts,Hofstra,Western Caro.,9.0571,89.0,-0.5762,162.0,CAA,163.98,258.701,75.0,59.0,8.0,15.0,3.0,8.0,11.0,5.0,2.0,5.0,0.8552,0.7142,0.4881,0.226,0.21655,129.6,109.26,19.0751,0.2086,0.1742,0.59322,0.6,0.18998,0.03695,0.07405,0.204,0.847,-0.643,88.571375,17.714275,12.990468333333332,1.0099498653333332,0.8434356803333333
2026,2027,Western Caro.,western carolina,Col. of Charleston,charleston,2302243,Jaxon Prunty,Sophomore,G,78,0.9943483333333333,player_id,Jaxon Prunty,Col. of Charleston,Western Caro.,-0.3391,174.0,-2.4708,207.0,CAA,501.38,838.48,120.0,92.0,52.0,28.0,18.0,42.0,60.0,13.0,0.0,16.0,-0.54976,1.0067,0.4831,0.5235,0.13405,112.84,112.99,9.7414,-0.0439,0.0803,0.41304,0.52219,0.09774,0.06546,0.12225,1.305,2.286,-0.981,119.3218,27.841753333333333,59.6609,-0.5466529397333333,1.0010104671666666
2026,2027,Western Caro.,western carolina,Georgia St.,georgia state,2101705,Malachi Brown,Junior,G,73,0.6639033333333334,player_id,Malachi Brown,Georgia St.,Western Caro.,-12.9658,309.0,-4.2366,248.0,SB,931.8,1555.143,358.0,313.0,77.0,88.0,25.0,85.0,110.0,39.0,0.0,68.0,1.00425,1.3167,0.2994,1.0173,0.22719,100.12,112.5,13.1366,0.0431,0.0565,0.47284,0.516,0.22691,0.0644,0.1639,-4.036,-2.804,-1.232,237.67739333333336,58.42349333333334,73.02936666666668,0.6667249225000002,0.874161519
2026,2027,Western Caro.,western carolina,Howard,howard,2567182,Travelle Bryson,Sophomore,F,77,0.95592,player_id,Travelle Bryson,Howard,Western Caro.,-2.6448,196.0,-13.3472,364.0,MEAC,506.33,864.36,240.0,200.0,39.0,25.0,22.0,67.0,89.0,15.0,8.0,23.0,1.44734,1.8471,0.8324,1.0147,0.23519,114.05,102.37,17.7496,0.1143,0.1459,0.515,0.55249,0.11005,0.10428,0.09577,-1.344,-1.764,0.42,229.42079999999999,23.898,85.07688,1.3835412528,1.765679832
2026,2027,Western Ill.,western illinois,Army West Point,army,2347024,Joshua Eli,Sophomore,F,78,0.57038,player_id,Joshua Eli,Army West Point,Western Ill.,-18.5772,339.0,-8.2047,323.0,PL,399.22,653.167,115.0,83.0,40.0,22.0,42.0,56.0,98.0,10.0,2.0,9.0,0.98048,1.132,0.8346,0.2974,0.14189,128.16,116.35,16.4541,0.0982,0.1134,0.54819,0.57157,0.11172,0.14367,0.08212,-1.627,-1.612,-0.015,65.5937,12.54836,55.89724,0.5592461824,0.64567016
2026,2027,Western Ill.,western illinois,Lincoln (MO),lincoln mo,2350947,Matthieu Biembongo,Sophomore,F,83,1.0,player_id,Matthieu Biembongo,Lincoln (MO),Western Ill.,,,,,,0.0,0.0,0.0,0.0,0.0,0.0,0.0,0.0,0.0,0.0,0.0,0.0,0.0,0.0,0.0,0.0,,,,,,,,,,,,,,,0.0,0.0,0.0,0.0,0.0
2026,2027,Western Ill.,western illinois,Mo.-St. Louis,mo st louis,2291451,Taye Moore,Freshman,G,72,1.0,player_id,Taye Moore,Mo.-St. Louis,Western Ill.,,,,,,0.0,0.0,0.0,0.0,0.0,0.0,0.0,0.0,0.0,0.0,0.0,0.0,0.0,0.0,0.0,0.0,,,,,,,,,,,,,,,0.0,0.0,0.0,0.0,0.0
2026,2027,Western Ky.,western kentucky,Marshall,marshall,2560958,Drew Fuquay,Junior,F,80,0.9062483333333333,player_id,Drew Fuquay,Marshall,Western Ky.,-3.2251,209.0,-4.5008,255.0,SB,204.86,355.708,79.0,47.0,22.0,5.0,15.0,33.0,48.0,5.0,10.0,7.0,0.73478,0.7993,0.5275,0.2718,0.1533,135.56,109.89,18.1677,0.1435,0.1561,0.67021,0.69665,0.04248,0.12727,0.10992,-1.307,0.696,-2.003,71.59361833333334,4.531241666666666,43.49992,0.6658931503666666,0.7243642928333334
2026,2027,Western Ky.,western kentucky,South Carolina,south carolina,2480430,EJ Walker,Freshman,F,79,1.2054850000000001,player_id,EJ Walker,South Carolina,Western Ky.,7.5291,96.0,10.7656,55.0,SEC,351.3,578.309,63.0,56.0,17.0,8.0,20.0,39.0,59.0,6.0,5.0,18.0,-1.08789,0.2261,-0.0863,0.3124,0.1215,92.64,114.74,5.885,-0.1239,0.0257,0.49107,0.49606,0.04229,0.10097,0.22091,-2.1,-1.279,-0.821,75.94555500000001,9.643880000000001,71.12361500000002,-1.3114350766500003,0.27256015850000004
2026,2027,Western Ky.,western kentucky,Jacksonville St.,jacksonville state,2533450,Emondrek Erkins-Ford,Junior,F,81,0.9066666666666666,player_id,Emondrek Erkins-Ford,Jacksonville St.,Western Ky.,-3.2,208.0,-2.9923,220.0,CUSA,638.26,1027.572,250.0,176.0,89.0,28.0,34.0,71.0,105.0,13.0,27.0,25.0,1.83707,2.094,1.1535,0.9405,0.20026,117.46,108.17,17.8608,0.1151,0.1312,0.54545,0.58086,0.10137,0.09687,0.1041,-1.124,0.849,-1.973,226.66666666666666,25.386666666666667,95.19999999999999,1.6656101333333333,1.8985599999999998
2026,2027,Western Ky.,western kentucky,UNC Greensboro,unc greensboro,2540608,Noah Norgaard,Freshman,G,74,0.67896,player_id,Noah Norgaard,UNC Greensboro,Western Ky.,-12.0624,300.0,-6.2364,287.0,SC,814.67,1366.114,248.0,215.0,45.0,50.0,5.0,60.0,65.0,18.0,2.0,39.0,-1.38025,0.4496,0.3437,0.106,0.17359,102.6,123.21,9.3218,-0.0678,0.0221,0.50233,0.52811,0.11554,0.04633,0.14244,-1.989,-0.471,-1.518,168.38208,33.948,44.132400000000004,-0.93713454,0.305260416
2026,2027,Western Ky.,western kentucky,Akron,akron,2266042,Sharron Young,Sophomore,G,72,1.22894,player_id,Sharron Young,Akron,Western Ky.,11.9364,71.0,-3.445,228.0,MAC,606.26,1060.632,227.0,178.0,56.0,49.0,21.0,61.0,82.0,38.0,2.0,24.0,2.36593,2.2277,1.1772,1.0505,0.18336,121.31,105.34,15.7535,0.1561,0.147,0.50843,0.56022,0.12404,0.07712,0.10589,2.151,0.277,1.874,278.96938,60.218059999999994,100.77308,2.9075860142,2.7377096379999997
2026,2027,Western Ky.,western kentucky,East Carolina,east carolina,2268709,Trevion LaBeaux,Senior,F,75,0.841305,player_id,Trevion LaBeaux,East Carolina,Western Ky.,-7.1217,249.0,-0.4504,158.0,Amer,0.0,0.0,0.0,0.0,0.0,0.0,0.0,0.0,0.0,0.0,0.0,0.0,0.0,0.0,0.0,0.0,,,,,,,,,,,,,,,0.0,0.0,0.0,0.0,0.0
2026,2027,Western Mich.,western michigan,Wyoming,wyoming,2098197,Adam Harakow,Junior,G,79,1.1586100000000001,player_id,Adam Harakow,Wyoming,Western Mich.,7.7166,95.0,4.3718,98.0,MWC,605.58,990.432,190.0,139.0,49.0,21.0,30.0,57.0,87.0,16.0,7.0,19.0,0.85841,1.709,0.9948,0.7143,0.15057,122.12,111.47,13.0049,0.0567,0.1129,0.56475,0.59153,0.06289,0.08569,0.10581,0.642,1.338,-0.696,220.13590000000002,24.330810000000003,100.79907000000001,0.9945624101000001,1.9800644900000004
2026,2027,Western Mich.,western michigan,Colorado St.,colorado state,2133592,Augustinas Kiudulas,Junior,F,80,1.1838816666666667,player_id,Augustinas Kiudulas,Colorado St.,Western Mich.,9.2329,88.0,4.8349,95.0,MWC,471.54,746.517,192.0,111.0,85.0,26.0,38.0,48.0,86.0,17.0,1.0,35.0,1.32998,1.5489,1.0212,0.5277,0.21501,119.03,112.2,17.4946,0.1128,0.1314,0.5991,0.6469,0.11231,0.11749,0.19084,-0.837,-0.204,-0.633,227.30528,30.780923333333334,101.81382333333333,1.5745389390333333,1.8337143135
2026,2027,Western Mich.,western michigan,Hawaii,hawaii,1912475,Isaac Finlinson,Junior,F,80,1.093075,player_id,Isaac Finlinson,Hawaii,Western Mich.,5.5845,108.0,-3.1161,223.0,BW,727.81,1295.665,292.0,199.0,101.0,25.0,26.0,91.0,117.0,19.0,8.0,40.0,1.36646,2.5019,0.9689,1.533,0.18928,113.37,101.13,14.4066,0.0751,0.1375,0.56784,0.59984,0.06482,0.09019,0.14112,-0.885,-0.461,-0.424,319.1779,27.326875,127.889775,1.4936432645,2.7347643425
2026,2027,Western Mich.,western michigan,UTRGV,ut rio grande valley,2314365,Jaylen Washington,Sophomore,G,70,1.0769233333333332,player_id,Jaylen Washington,UTRGV,Western Mich.,4.6154,117.0,-1.456,183.0,Slnd,843.3,1361.799,311.0,225.0,74.0,124.0,26.0,45.0,71.0,35.0,4.0,48.0,2.6176,3.1862,1.9921,1.1942,0.19409,122.67,108.86,17.9662,0.1242,0.1511,0.55111,0.60365,0.2893,0.04956,0.15709,1.516,1.897,-0.381,334.9231566666666,133.53849333333332,76.46155666666667,2.818954517333333,3.4312931246666665
2026,2027,Western Mich.,western michigan,UTRGV,ut rio grande valley,2534677,Julien Gomez,Freshman,G,74,1.0769233333333332,player_id,Julien Gomez,UTRGV,Western Mich.,4.6154,117.0,-1.456,183.0,Slnd,707.54,1137.83,229.0,160.0,52.0,45.0,32.0,66.0,98.0,24.0,1.0,30.0,1.66484,2.361,1.2822,1.0788,0.16117,122.12,107.64,14.2814,0.0941,0.1335,0.5875,0.62603,0.11818,0.08153,0.14092,0.445,0.978,-0.533,246.6154433333333,48.461549999999995,105.53848666666666,1.7929050422666666,2.54261599
2026,2027,Western Mich.,western michigan,USC Upstate,usc upstate,2543737,Mason Bendinger,Junior,G,76,0.6762666666666667,player_id,Mason Bendinger,USC Upstate,Western Mich.,-12.224,302.0,-5.6117,273.0,BSth,883.65,1502.729,417.0,387.0,122.0,33.0,23.0,82.0,105.0,13.0,12.0,54.0,-2.48261,0.5814,-0.3093,0.8908,0.28075,94.02,113.3,11.7716,-0.1124,0.0263,0.4522,0.47311,0.08474,0.0662,0.10916,-1.864,-1.895,0.031,282.0032,22.3168,71.008,-1.6789063893333336,0.39318144000000005
2026,2027,Western Mich.,western michigan,Claflin,claflin,2579718,Ramere Draper,Junior,G,76,1.0,player_id,Ramere Draper,Claflin,Western Mich.,,,,,,0.0,0.0,0.0,0.0,0.0,0.0,0.0,0.0,0.0,0.0,0.0,0.0,0.0,0.0,0.0,0.0,,,,,,,,,,,,,,,0.0,0.0,0.0,0.0,0.0
2026,2027,Western Mich.,western michigan,Lamar University,lamar,2138719,"Rob Lee, Jr.",Junior,G,74,0.8549066666666666,player_id,"Rob Lee, Jr.",Lamar University,Western Mich.,-6.3056,238.0,-2.9961,221.0,Slnd,832.62,1341.949,462.0,374.0,93.0,55.0,12.0,81.0,93.0,15.0,2.0,45.0,1.76911,2.6329,1.6758,0.9571,0.28241,114.25,111.82,17.6038,0.085,0.1265,0.51738,0.55676,0.15369,0.0642,0.09784,0.593,0.399,0.194,394.96687999999995,47.019866666666665,79.50631999999999,1.5124239330666664,2.2508837626666662
2026,2027,Western Mich.,western michigan,Southern Utah,southern utah,1906895,Tanner Hayhurst,Junior,G,78,0.79934,player_id,Tanner Hayhurst,Southern Utah,Western Mich.,-7.2396,252.0,1.7768,118.0,WAC,865.02,1500.236,280.0,201.0,52.0,40.0,23.0,69.0,92.0,18.0,0.0,27.0,0.32892,1.8646,1.4493,0.4153,0.14426,123.91,119.29,12.7989,0.0152,0.0862,0.58458,0.62528,0.08639,0.06004,0.10762,3.028,2.713,0.315,223.8152,31.9736,73.53928,0.2629189128,1.490449364
2026,2027,Western Ore.,western ore,Northern Ariz.,northern arizona,2319447,Kavon Bradford,Sophomore,G,73,0.6341100000000001,player_id,Kavon Bradford,Northern Ariz.,Western Ore.,-14.7534,321.0,-1.5861,189.0,BSky,410.05,674.462,131.0,108.0,60.0,36.0,5.0,38.0,43.0,14.0,3.0,32.0,-1.24676,-0.0839,-0.2427,0.1588,0.22475,91.11,120.34,9.4058,-0.1216,-0.0082,0.42593,0.48735,0.17362,0.06516,0.19231,-3.372,-1.687,-1.685,83.06841000000001,22.82796,27.266730000000003,-0.7905829836000001,-0.053201829000000006
2026,2027,Westminster (UT),westminster ut,Weber St.,weber state,2295790,Brady Smith,Junior,G,72,0.9112416666666666,player_id,Brady Smith,Weber St.,Westminster (UT),-2.9255,202.0,-2.479,209.0,BSky,6.66,11.377,2.0,1.0,2.0,0.0,0.0,1.0,1.0,0.0,0.0,1.0,-0.04084,-0.0087,-0.0129,0.0042,0.22501,76.27,117.66,2.6108,-0.2453,-0.0525,0.0,0.52632,0.0,0.09819,0.34722,,,,1.8224833333333332,0.0,0.9112416666666666,-0.03721510966666666,-0.0079278025
2026,2027,Westminster (UT),westminster ut,UC San Diego,uc san diego,2331437,Christopher Cox,Sophomore,G,80,1.0716083333333333,player_id,Christopher Cox,UC San Diego,Westminster (UT),4.2965,121.0,-1.4934,185.0,BW,3.57,6.475,3.0,2.0,0.0,0.0,0.0,1.0,1.0,0.0,0.0,0.0,0.04047,,,0.0073,0.27215,,101.9,33.8936,0.4534,,0.75,0.75,0.0,0.14273,0.0,,,,3.214825,0.0,1.0716083333333333,0.043367989249999996,0.0
2026,2027,Westminster (UT),westminster ut,Hawaii Pacific,hawaii pacific,2098109,Quentin Meza,Junior,G,72,1.0,player_id,Quentin Meza,Hawaii Pacific,Westminster (UT),,,,,,0.0,0.0,0.0,0.0,0.0,0.0,0.0,0.0,0.0,0.0,0.0,0.0,0.0,0.0,0.0,0.0,,,,,,,,,,,,,,,0.0,0.0,0.0,0.0,0.0
2026,2027,Wichita St.,wichita state,Dayton,dayton,2291871,Bryce Heard,Freshman,G,78,1.231815,player_id,Bryce Heard,Dayton,Wichita St.,12.1089,68.0,5.0222,93.0,A10,664.65,1105.778,236.0,162.0,86.0,27.0,20.0,65.0,85.0,14.0,3.0,28.0,0.26387,1.9625,0.9211,1.0414,0.1816,114.76,107.23,12.7942,0.0159,0.1181,0.51852,0.59059,0.08365,0.07763,0.12289,0.863,1.454,-0.591,290.70834,33.259005,104.70427500000001,0.32503902405,2.4174369375
2026,2027,Wichita St.,wichita state,New Mexico St.,new mexico state,2092578,Cyr Malonga,Junior,F,83,0.9772166666666666,player_id,Cyr Malonga,New Mexico St.,Wichita St.,-1.367,183.0,-1.3684,180.0,CUSA,222.41,370.677,60.0,32.0,30.0,3.0,20.0,23.0,43.0,4.0,7.0,9.0,-0.01045,0.6199,0.3605,0.2594,0.12264,124.21,111.6,14.1535,-0.0019,0.1115,0.65625,0.66372,0.02554,0.10755,0.16605,-0.286,-1.904,1.618,58.632999999999996,2.93165,42.020316666666666,-0.010211914166666666,0.6057766116666666
2026,2027,Wichita St.,wichita state,George Mason,george mason,1599913,Jahari Long,Senior,G,77,1.1481616666666667,player_id,Jahari Long,George Mason,Wichita St.,7.0897,100.0,0.3541,142.0,A10,1083.39,1714.735,378.0,284.0,92.0,129.0,13.0,94.0,107.0,19.0,4.0,56.0,2.39267,3.3919,1.9966,1.3953,0.19024,118.21,110.29,15.064,0.0883,0.1252,0.53521,0.58243,0.23206,0.05952,0.14718,3.16,1.831,1.329,434.00511000000006,148.11285500000002,122.85329833333334,2.7471719749833334,3.8944495571666673
2026,2027,Wichita St.,wichita state,Chattanooga,chattanooga,2126360,Jordan Frison,Junior,G,72,0.677615,player_id,Jordan Frison,Chattanooga,Wichita St.,-12.1431,301.0,-7.1722,299.0,SC,905.85,1493.232,478.0,326.0,99.0,120.0,12.0,86.0,98.0,23.0,4.0,53.0,4.19952,3.2963,2.8621,0.4342,0.25371,124.79,119.33,22.261,0.1854,0.1456,0.60736,0.64665,0.29589,0.06456,0.12543,-2.467,-0.733,-1.734,323.89997,81.3138,66.40626999999999,2.8456577447999996,2.2336223244999998
2026,2027,William & Mary,william and mary,West Virginia,west virginia,2505105,Jayden Forsythe,Freshman,G,77,1.3244633333333333,player_id,Jayden Forsythe,West Virginia,William & Mary,14.6678,55.0,9.4159,71.0,B12,20.61,32.335,6.0,7.0,0.0,0.0,0.0,2.0,2.0,1.0,0.0,0.0,0.01976,,,0.0418,0.18272,,101.91,7.9501,0.0384,,0.42857,0.42857,0.0,0.05863,0.0,0.968,0.034,0.934,7.94678,0.0,2.6489266666666667,0.026171395466666667,0.0
2026,2027,William & Mary,william and mary,South Dakota,south dakota,2550087,Jesse Mcintosh,Freshman,G,79,0.7445383333333334,player_id,Jesse Mcintosh,South Dakota,William & Mary,-10.5277,284.0,-6.2158,286.0,Sum,308.09,544.937,122.0,105.0,32.0,24.0,9.0,49.0,58.0,11.0,3.0,17.0,0.77207,0.5853,0.2497,0.3356,0.21263,105.42,112.48,14.7966,0.1002,0.076,0.45238,0.51217,0.15544,0.10779,0.12493,-1.898,-0.584,-1.314,90.83367666666668,17.868920000000003,43.18322333333334,0.5748357110166668,0.43577828650000006
2026,2027,William & Mary,william and mary,Cornell,cornell,1936756,Josh Baldwin,Senior,G,77,1.0053833333333333,player_id,Josh Baldwin,Cornell,William & Mary,0.323,166.0,-1.8253,196.0,Ivy,487.6,842.714,193.0,138.0,70.0,80.0,33.0,73.0,106.0,12.0,12.0,44.0,1.5858,1.2509,0.9523,0.2986,0.21754,115.44,117.85,17.3173,0.1301,0.1026,0.52174,0.57168,0.26703,0.12977,0.20677,3.388,2.113,1.275,194.03898333333333,80.43066666666667,106.57063333333333,1.5943368900000001,1.2576340116666664
2026,2027,William & Mary,william and mary,Providence,providence,2298455,Nilavan Daniels,Sophomore,G,75,1.2827883333333334,player_id,Nilavan Daniels,Providence,William & Mary,12.1673,67.0,11.0749,51.0,BE,195.42,337.932,39.0,23.0,9.0,8.0,6.0,15.0,21.0,6.0,1.0,3.0,-0.03649,0.4791,0.3516,0.1275,0.07539,149.48,117.39,9.2743,-0.0075,0.0981,0.69565,0.72222,0.06246,0.0597,0.10013,1.961,1.902,0.059,50.028745,10.262306666666667,26.938555,-0.04680894628333334,0.6145838905000001
2026,2027,William & Mary,william and mary,George Mason,george mason,2321355,Stas Sivka,Sophomore,F,82,1.1481616666666667,player_id,Stas Sivka,George Mason,William & Mary,7.0897,100.0,0.3541,142.0,A10,298.47,468.227,55.0,55.0,10.0,8.0,10.0,29.0,39.0,2.0,8.0,9.0,-0.3948,0.4117,0.0153,0.3964,0.12283,97.91,109.84,7.2048,-0.0529,0.0552,0.44545,0.46296,0.04698,0.07826,0.13158,2.113,0.917,1.196,63.14889166666667,9.185293333333334,44.778305,-0.453294226,0.4726981581666667
2026,2027,William & Mary,william and mary,Idaho,idaho,1934522,Trevon Blassingame,Senior,G,76,1.0165866666666667,player_id,Trevon Blassingame,Idaho,William & Mary,0.9952,155.0,-1.5147,188.0,BSky,540.85,911.402,117.0,89.0,19.0,19.0,22.0,62.0,84.0,19.0,6.0,22.0,0.04557,1.2339,0.4308,0.8031,0.11265,112.39,108.13,10.0946,0.0034,0.0913,0.58427,0.60062,0.06277,0.08866,0.18432,1.218,-0.561,1.779,118.94064000000002,19.315146666666667,85.39328,0.046325854400000005,1.2543662880000002
2026,2027,William & Mary,william and mary,UC Santa Barbara,uc santa barbara,2305478,Zachiah Clark,Sophomore,G,74,1.0491766666666666,player_id,Zachiah Clark,UC Santa Barbara,William & Mary,2.9506,132.0,-1.4945,186.0,BW,124.75,209.697,45.0,36.0,7.0,6.0,2.0,13.0,15.0,6.0,0.0,9.0,-0.0378,0.2429,0.06,0.1829,0.19995,102.56,108.31,11.109,-0.0121,0.0779,0.54167,0.57545,0.08894,0.07791,0.18719,-0.692,0.014,-0.706,47.21295,6.295059999999999,15.73765,-0.039658878,0.25484501233333334
2026,2027,Winona St.,winona state,South Dakota St.,south dakota state,1930481,Luke Haertle,Junior,G,75,0.8824933333333334,player_id,Luke Haertle,South Dakota St.,Winona St.,-4.6504,221.0,-3.6826,232.0,Sum,405.2,672.666,100.0,93.0,38.0,36.0,21.0,56.0,77.0,15.0,3.0,31.0,-0.35779,0.3709,-0.172,0.5429,0.17825,91.94,109.68,9.7211,-0.0353,0.0366,0.41398,0.45579,0.15326,0.11014,0.2203,-1.118,-1.134,0.016,88.24933333333334,31.76976,67.95198666666667,-0.3157472897333333,0.32731677733333336
2026,2027,Winston-Salem,winston salem,Dist. Columbia,dist columbia,2161322,Kevon Corley,Junior,F,78,1.0,player_id,Kevon Corley,Dist. Columbia,Winston-Salem,,,,,,0.0,0.0,0.0,0.0,0.0,0.0,0.0,0.0,0.0,0.0,0.0,0.0,0.0,0.0,0.0,0.0,,,,,,,,,,,,,,,0.0,0.0,0.0,0.0,0.0
2026,2027,Winthrop,winthrop,North Dakota,north dakota,2506812,Anthony Smith lll,Freshman,G,73,0.7559283333333334,player_id,Anthony Smith lll,North Dakota,Winthrop,-9.8443,279.0,-4.2125,247.0,Sum,553.38,944.061,236.0,182.0,70.0,66.0,19.0,42.0,61.0,21.0,1.0,40.0,0.75481,1.133,0.7951,0.3379,0.23372,110.32,117.86,16.7127,0.0546,0.0819,0.48901,0.55451,0.25084,0.06429,0.15823,-3.952,-1.097,-2.855,178.39908666666668,49.891270000000006,46.111628333333336,0.5705822652833333,0.8564668016666668
2026,2027,Winthrop,winthrop,North Dakota,north dakota,2286437,George Natsvlishvili,Junior,F,82,0.7559283333333334,player_id,George Natsvlishvili,North Dakota,Winthrop,-9.8443,279.0,-4.2125,247.0,Sum,626.55,1061.111,247.0,176.0,116.0,33.0,77.0,78.0,155.0,16.0,7.0,35.0,1.00843,1.4938,1.0359,0.4579,0.21348,113.23,116.52,17.3611,0.0644,0.0954,0.5142,0.54405,0.1084,0.14439,0.13357,-1.261,0.908,-2.169,186.71429833333335,24.945635000000003,117.16889166666668,0.7623008091833334,1.1292057443333334
2026,2027,Winthrop,winthrop,Detroit Mercy,detroit,2550397,Keshawn Fisher,Freshman,F,79,0.8914933333333332,player_id,Keshawn Fisher,Detroit Mercy,Winthrop,-4.1104,218.0,-2.5606,211.0,Horz,195.31,340.521,83.0,82.0,12.0,13.0,12.0,24.0,36.0,6.0,6.0,19.0,0.08779,0.1077,-0.0834,0.1911,0.25894,93.33,113.73,11.8301,0.018,0.0221,0.44512,0.47537,0.12962,0.09986,0.17877,0.103,-0.936,1.039,73.99394666666666,11.589413333333333,32.093759999999996,0.07826419973333333,0.096013832
2026,2027,Winthrop,winthrop,UT Tyler,ut tyler,2555505,Kyle Morgan,Junior,G,76,1.0,player_id,Kyle Morgan,UT Tyler,Winthrop,,,,,,0.0,0.0,0.0,0.0,0.0,0.0,0.0,0.0,0.0,0.0,0.0,0.0,0.0,0.0,0.0,0.0,,,,,,,,,,,,,,,0.0,0.0,0.0,0.0,0.0
2026,2027,Winthrop,winthrop,IU Indy,iupui,2334508,Micah Davis,Sophomore,G,74,0.6494616666666667,player_id,Micah Davis,IU Indy,Winthrop,-13.8323,317.0,-3.6312,230.0,Horz,781.5,1419.577,285.0,264.0,36.0,87.0,26.0,37.0,63.0,36.0,3.0,54.0,-0.40032,0.4127,0.2714,0.1413,0.20016,100.82,122.64,11.16,-0.0205,0.0211,0.49432,0.50929,0.17802,0.04628,0.16175,-2.771,-0.929,-1.842,185.096575,56.503165,40.916085,-0.25999249440000005,0.2680328298333334
2026,2027,Winthrop,winthrop,Gardner-Webb,gardner webb,2553894,Spence Sims,Freshman,G,73,0.55,player_id,Spence Sims,Gardner-Webb,Winthrop,-26.2564,361.0,-1.3389,177.0,BSth,713.98,1237.961,282.0,222.0,31.0,23.0,5.0,48.0,53.0,13.0,1.0,46.0,-0.44552,0.1719,0.3984,-0.2265,0.20069,103.51,128.21,10.717,-0.025,0.0096,0.58333,0.59847,0.07112,0.04217,0.16333,-6.784,-3.123,-3.661,155.10000000000002,12.65,29.150000000000002,-0.24503600000000003,0.094545
2026,2027,Winthrop,winthrop,Wheeling,wheeling,2140080,Tee Harris,Junior,F,79,1.0,player_id,Tee Harris,Wheeling,Winthrop,,,,,,0.0,0.0,0.0,0.0,0.0,0.0,0.0,0.0,0.0,0.0,0.0,0.0,0.0,0.0,0.0,0.0,,,,,,,,,,,,,,,0.0,0.0,0.0,0.0,0.0
2026,2027,Winthrop,winthrop,UIndy,uindy,2286442,Tyler Parrish,Freshman,G,75,1.0,player_id,Tyler Parrish,UIndy,Winthrop,,,,,,0.0,0.0,0.0,0.0,0.0,0.0,0.0,0.0,0.0,0.0,0.0,0.0,0.0,0.0,0.0,0.0,,,,,,,,,,,,,,,0.0,0.0,0.0,0.0,0.0
2026,2027,Wis.-Eau Claire,wis eau claire,Northern St.,northern state,2350602,Marley Baah-Yeboah,Sophomore,G,76,1.0,player_id,Marley Baah-Yeboah,Northern St.,Wis.-Eau Claire,,,,,,0.0,0.0,0.0,0.0,0.0,0.0,0.0,0.0,0.0,0.0,0.0,0.0,0.0,0.0,0.0,0.0,,,,,,,,,,,,,,,0.0,0.0,0.0,0.0,0.0
2026,2027,Wis.-Parkside,wis parkside,South Alabama,south alabama,2125366,Brian Hawthorne,Sophomore,G,74,0.9528033333333333,player_id,Brian Hawthorne,South Alabama,Wis.-Parkside,-2.8318,199.0,-5.5539,272.0,SB,166.99,265.78,28.0,35.0,20.0,14.0,5.0,16.0,21.0,9.0,0.0,14.0,-0.74786,-0.1678,-0.4182,0.2504,0.1864,68.66,107.99,3.7475,-0.1791,-0.0402,0.21429,0.31963,0.1403,0.07056,0.24221,-2.13,-0.731,-1.399,26.678493333333332,13.339246666666666,20.00887,-0.7125635008666666,-0.15988039933333334
2026,2027,Wis.-Parkside,wis parkside,Rockhurst,rockhurst,2289102,Dillon Mong,Sophomore,F,79,1.0,player_id,Dillon Mong,Rockhurst,Wis.-Parkside,,,,,,0.0,0.0,0.0,0.0,0.0,0.0,0.0,0.0,0.0,0.0,0.0,0.0,0.0,0.0,0.0,0.0,,,,,,,,,,,,,,,0.0,0.0,0.0,0.0,0.0
2026,2027,Wis.-Parkside,wis parkside,Rockhurst,rockhurst,2289100,Micah Deaver,Sophomore,G,73,1.0,player_id,Micah Deaver,Rockhurst,Wis.-Parkside,,,,,,0.0,0.0,0.0,0.0,0.0,0.0,0.0,0.0,0.0,0.0,0.0,0.0,0.0,0.0,0.0,0.0,,,,,,,,,,,,,,,0.0,0.0,0.0,0.0,0.0
2026,2027,Wisconsin,wisconsin,Miami (OH),miami oh,2137339,Eian Elmer,Junior,F,78,1.174025,player_id,Eian Elmer,Miami (OH),Wisconsin,8.6415,90.0,-4.3293,252.0,MAC,970.0,1685.778,397.0,266.0,91.0,34.0,30.0,159.0,189.0,37.0,22.0,40.0,5.12815,3.6834,1.9779,1.7054,0.18285,123.27,105.1,18.0388,0.2115,0.1519,0.61842,0.64869,0.05935,0.11575,0.11559,3.468,1.877,1.591,466.08792500000004,39.916850000000004,221.89072500000003,6.02057630375,4.324403685
2026,2027,Wisconsin,wisconsin,George Washington,george washington,2099644,Trey Autry,Junior,G,76,1.186985,player_id,Trey Autry,George Washington,Wisconsin,9.4191,86.0,2.6222,108.0,A10,951.75,1624.805,361.0,271.0,58.0,46.0,27.0,92.0,119.0,24.0,6.0,30.0,2.3444,3.0702,2.0138,1.0564,0.16744,127.47,112.21,14.3163,0.0985,0.129,0.57934,0.60877,0.08488,0.07253,0.09188,1.636,1.354,0.282,428.501585,54.60131,141.251215,2.782767634,3.6442813469999997
2026,2027,Wisconsin,wisconsin,Hofstra,hofstra,2485508,Victory Onuetu,Freshman,F,82,1.1809516666666666,player_id,Victory Onuetu,Hofstra,Wisconsin,9.0571,89.0,-0.5762,162.0,CAA,585.37,935.602,149.0,112.0,45.0,13.0,87.0,135.0,222.0,15.0,33.0,34.0,2.02333,2.1521,0.6816,1.4705,0.14731,112.72,96.58,17.4584,0.1383,0.1471,0.5625,0.56525,0.04232,0.2099,0.20507,-0.135,-0.096,-0.039,175.96179833333332,15.352371666666667,262.17127,2.3894549357166666,2.541526081833333
2026,2027,Wofford,wofford,Black Hills St.,black hills state,2122488,Cam Lowe,Sophomore,G,78,1.0,player_id,Cam Lowe,Black Hills St.,Wofford,,,,,,0.0,0.0,0.0,0.0,0.0,0.0,0.0,0.0,0.0,0.0,0.0,0.0,0.0,0.0,0.0,0.0,,,,,,,,,,,,,,,0.0,0.0,0.0,0.0,0.0
2026,2027,Wofford,wofford,Jacksonville,jacksonville,2319484,Chris Arias,Sophomore,G,78,0.7282833333333334,player_id,Chris Arias,Jacksonville,Wofford,-11.503,295.0,-4.3292,251.0,ASun,512.69,824.768,194.0,169.0,30.0,19.0,12.0,52.0,64.0,12.0,4.0,20.0,0.79595,0.8659,0.5761,0.2898,0.20899,109.82,118.35,13.42,0.0621,0.0676,0.5,0.53238,0.07593,0.07793,0.09891,-3.781,-1.788,-1.993,141.28696666666667,13.837383333333335,46.61013333333334,0.5796771191666668,0.6306205383333334
2026,2027,Wofford,wofford,UVA Wise,uva wise,2140177,Evan Ramsey,Sophomore,F,84,1.0,player_id,Evan Ramsey,UVA Wise,Wofford,,,,,,0.0,0.0,0.0,0.0,0.0,0.0,0.0,0.0,0.0,0.0,0.0,0.0,0.0,0.0,0.0,0.0,,,,,,,,,,,,,,,0.0,0.0,0.0,0.0,0.0
2026,2027,Wofford,wofford,Lander,lander,2580018,Jacob Daniels,Freshman,G,72,1.0,player_id,Jacob Daniels,Lander,Wofford,,,,,,0.0,0.0,0.0,0.0,0.0,0.0,0.0,0.0,0.0,0.0,0.0,0.0,0.0,0.0,0.0,0.0,,,,,,,,,,,,,,,0.0,0.0,0.0,0.0,0.0
2026,2027,Wright St.,wright state,Green Bay,green bay,2302985,C.J. O'Hara,Sophomore,G,76,0.9011699999999999,player_id,C.J. O'Hara,Green Bay,Wright St.,-3.5298,211.0,-2.369,206.0,Horz,1031.1,1628.165,440.0,267.0,167.0,38.0,44.0,92.0,136.0,31.0,8.0,49.0,2.09004,3.0368,2.5177,0.5192,0.21184,123.33,119.02,18.9738,0.0811,0.1178,0.57491,0.64611,0.07764,0.0857,0.12581,0.752,0.194,0.558,396.5148,34.24446,122.55912,1.8834813468,2.736673056
2026,2027,Wright St.,wright state,Col. of Charleston,charleston,2509279,Chadlyn Traylor,Freshman,G,75,0.9943483333333333,player_id,Chadlyn Traylor,Col. of Charleston,Wright St.,-0.3391,174.0,-2.4708,207.0,CAA,534.47,888.35,119.0,99.0,32.0,63.0,5.0,28.0,33.0,11.0,4.0,15.0,-0.69347,1.0537,0.5892,0.4645,0.12306,116.0,114.95,9.8192,-0.0519,0.0789,0.5101,0.52608,0.21177,0.03378,0.11711,0.637,-0.347,0.984,118.32745166666666,62.643944999999995,32.813494999999996,-0.6895507387166666,1.0477448388333332
2026,2027,Wright St.,wright state,DePaul,depaul,2543751,Ilija Milijasevic,Freshman,G,74,1.2002633333333335,player_id,Ilija Milijasevic,DePaul,Wright St.,7.2158,99.0,8.13,79.0,BE,117.83,201.465,33.0,28.0,4.0,8.0,0.0,7.0,7.0,7.0,0.0,4.0,0.28338,0.3041,0.0993,0.2049,0.14719,110.43,105.18,10.8305,0.0962,0.1032,0.53571,0.55369,0.1268,0.03469,0.11848,-0.129,0.883,-1.012,39.60869,9.602106666666668,8.401843333333334,0.34013062340000005,0.3650000796666667
2026,2027,Wright St.,wright state,Colorado St.,colorado state,2091774,Nikola Djapa,Junior,F,84,1.1838816666666667,player_id,Nikola Djapa,Colorado St.,Wright St.,9.2329,88.0,4.8349,95.0,MWC,164.4,263.256,33.0,22.0,14.0,13.0,15.0,16.0,31.0,6.0,3.0,16.0,-0.26526,0.2218,0.0195,0.2023,0.14846,98.49,110.96,9.1874,-0.0645,0.054,0.61364,0.58511,0.14375,0.12231,0.36232,0.691,-0.364,1.055,39.068095,15.390461666666667,36.70033166666667,-0.3140364509,0.2625849536666667
2026,2027,Wright St.,wright state,Cedarville,cedarville,2359144,Sam Johnson,Sophomore,F,79,1.0,player_id,Sam Johnson,Cedarville,Wright St.,,,,,,0.0,0.0,0.0,0.0,0.0,0.0,0.0,0.0,0.0,0.0,0.0,0.0,0.0,0.0,0.0,0.0,,,,,,,,,,,,,,,0.0,0.0,0.0,0.0,0.0
2026,2027,Wyoming,wyoming,North Dakota,north dakota,2506788,Micah Curtis,Freshman,F,80,0.7559283333333334,player_id,Micah Curtis,North Dakota,Wyoming,-9.8443,279.0,-4.2125,247.0,Sum,17.6,32.592,3.0,7.0,2.0,1.0,0.0,1.0,1.0,1.0,0.0,0.0,-0.12153,-0.0589,-0.0713,0.0124,0.21671,52.7,116.8,-0.5477,-0.2762,-0.1338,0.14286,0.18987,0.08052,0.03179,0.0,-1.196,-0.845,-0.351,2.2677850000000004,0.7559283333333334,0.7559283333333334,-0.09186797035000001,-0.04452417883333334
2026,2027,Wyoming,wyoming,Cal St. Monterey Bay,cal state monterey bay,2143470,Michael Mora,Sophomore,F,78,1.0,player_id,Michael Mora,Cal St. Monterey Bay,Wyoming,,,,,,0.0,0.0,0.0,0.0,0.0,0.0,0.0,0.0,0.0,0.0,0.0,0.0,0.0,0.0,0.0,0.0,,,,,,,,,,,,,,,0.0,0.0,0.0,0.0,0.0
2026,2027,Wyoming,wyoming,Washington St.,washington state,2093262,Parker Gerrits,Sophomore,G,73,1.03543,player_id,Parker Gerrits,Washington St.,Wyoming,2.1258,140.0,4.655,97.0,WCC,283.95,477.73,57.0,52.0,0.0,24.0,12.0,23.0,35.0,15.0,0.0,11.0,0.43636,,,0.2928,0.1142,,113.16,10.5117,0.0615,,0.54808,0.54808,0.1422,0.0744,0.1746,0.81,0.109,0.701,59.019510000000004,24.850320000000004,36.240050000000004,0.45182023480000005,0.0
2026,2027,Wyoming,wyoming,ULM,louisiana monroe,2331293,Renars Sondors,Sophomore,F,81,0.55,player_id,Renars Sondors,ULM,Wyoming,-21.1017,352.0,-4.0088,240.0,SB,745.75,1289.37,271.0,206.0,78.0,24.0,20.0,83.0,103.0,9.0,8.0,35.0,-0.60499,0.5967,0.5581,0.0386,0.18632,106.34,124.09,11.4009,-0.0325,0.032,0.52913,0.56388,0.06825,0.07763,0.12712,-1.813,-1.856,0.043,149.05,13.200000000000001,56.650000000000006,-0.33274450000000005,0.328185
2026,2027,Xavier,xavier,Drake,drake,1924343,Braden Appelhans,Junior,G,79,0.9102683333333333,player_id,Braden Appelhans,Drake,Xavier,-2.9839,205.0,1.4761,123.0,MVC,319.04,532.927,113.0,104.0,6.0,12.0,3.0,31.0,34.0,6.0,2.0,9.0,0.18999,0.4632,0.2173,0.2459,0.18834,105.75,116.05,11.3298,0.0238,0.0581,0.52404,0.53002,0.07357,0.05957,0.07783,0.66,0.79,-0.13,102.86032166666666,10.92322,30.949123333333333,0.17294188065,0.421636292
2026,2027,Xavier,xavier,UAB,uab,1905712,Chance Westry,Sophomore,G,78,1.06267,player_id,Chance Westry,UAB,Xavier,3.7602,124.0,-0.7133,166.0,Amer,961.12,1645.882,474.0,334.0,188.0,174.0,35.0,80.0,115.0,39.0,15.0,59.0,5.32725,3.9814,2.5363,1.4451,0.2414,120.18,107.89,22.5277,0.2217,0.1657,0.51048,0.56875,0.34281,0.06406,0.12402,4.156,2.077,2.079,503.70558,184.90458,122.20705,5.6611087575,4.230914338
2026,2027,Xavier,xavier,LSU,lsu,2118682,Michael Nwoko,Junior,F,82,1.2998266666666667,player_id,Michael Nwoko,LSU,Xavier,13.1896,61.0,10.6212,59.0,SEC,698.15,1172.368,428.0,254.0,155.0,26.0,76.0,114.0,190.0,14.0,27.0,58.0,4.32469,3.1691,2.3278,0.8413,0.27556,124.1,111.16,26.3967,0.2478,0.1816,0.61024,0.66418,0.08094,0.15648,0.15255,2.07,2.806,-0.736,556.3258133333334,33.79549333333333,246.96706666666668,5.621347387066667,4.119280689333333
2026,2027,Xavier,xavier,Robert Morris,robert morris,2126124,Nikolaos Chitikoudis,Junior,F,78,1.0287833333333334,player_id,Nikolaos Chitikoudis,Robert Morris,Xavier,1.727,141.0,-4.759,258.0,Horz,794.18,1287.937,333.0,278.0,94.0,55.0,96.0,134.0,230.0,21.0,20.0,41.0,3.06613,2.5496,1.3134,1.2361,0.23277,112.71,107.3,19.9546,0.1544,0.1284,0.53237,0.52129,0.13778,0.17365,0.11378,-0.661,-0.779,0.118,342.58485,56.583083333333335,236.62016666666668,3.154383441833333,2.6229859866666665
2026,2027,Xavier,xavier,Southern Ill.,southern illinois,2342581,Rolyns Aligbe,Sophomore,F,81,1.07197,player_id,Rolyns Aligbe,Southern Ill.,Xavier,4.3182,120.0,1.3427,125.0,MVC,765.48,1307.731,292.0,240.0,71.0,22.0,76.0,159.0,235.0,28.0,20.0,37.0,3.77152,2.7995,0.928,1.8715,0.20092,110.53,97.36,18.0952,0.1971,0.1463,0.50833,0.53835,0.05394,0.1704,0.12004,-1.645,-0.102,-1.543,313.01524,23.583340000000003,251.91295000000002,4.042956294400001,3.0009800150000006
2026,2027,Xavier,xavier,Texas A&M,texas a and m,2550592,Ruben Dominguez,Sophomore,G,78,1.4214766666666667,player_id,Ruben Dominguez,Texas A&M,Xavier,18.6886,39.0,11.9614,38.0,SEC,793.4,1393.782,346.0,253.0,62.0,47.0,13.0,66.0,79.0,14.0,4.0,13.0,2.91951,2.7863,2.0639,0.7224,0.17774,132.98,114.47,15.9915,0.1472,0.1405,0.57708,0.6172,0.10209,0.05409,0.04433,2.887,1.966,0.921,491.8309266666667,66.80940333333334,112.29665666666668,4.1500153431,3.9606604363333338
2026,2027,Xavier,xavier,Miami (FL),miami fl,2126447,Tru Washington,Junior,G,76,1.45,player_id,Tru Washington,Miami (FL),Xavier,20.6385,30.0,8.3865,77.0,ACC,851.93,1446.639,370.0,300.0,90.0,55.0,41.0,83.0,124.0,56.0,0.0,44.0,3.23094,3.0682,1.4565,1.6117,0.22167,114.98,103.48,17.8049,0.1517,0.1441,0.505,0.54476,0.11036,0.08732,0.1147,3.528,2.198,1.33,536.5,79.75,179.79999999999998,4.684863,4.44889
2026,2027,Youngstown St.,youngstown state,North Ala.,north alabama,2147818,Canin Jefferson,Junior,G,74,0.5580766666666667,player_id,Canin Jefferson,North Ala.,Youngstown St.,-19.3154,343.0,-5.0469,264.0,ASun,611.09,987.586,254.0,205.0,80.0,57.0,2.0,36.0,38.0,26.0,2.0,44.0,0.24719,0.6144,0.4542,0.1603,0.24586,103.84,121.72,14.03,0.0162,0.0402,0.47073,0.52873,0.20479,0.03659,0.15482,-1.855,-1.198,-0.657,141.75147333333334,31.81037,21.206913333333333,0.13795097123333333,0.34288230399999997
2026,2027,Youngstown St.,youngstown state,Duquesne,duquesne,2539328,Dom Aekins,Freshman,G,70,1.0629133333333334,player_id,Dom Aekins,Duquesne,Youngstown St.,3.7748,123.0,2.6535,107.0,A10,86.72,155.292,36.0,37.0,6.0,5.0,3.0,5.0,8.0,4.0,0.0,6.0,-0.28295,0.0405,-0.0593,0.0998,0.25706,90.87,111.76,9.04,-0.1305,0.0187,0.43243,0.45455,0.11409,0.05404,0.13146,-2.824,-1.086,-1.738,38.264880000000005,5.314566666666667,8.503306666666667,-0.3007513276666667,0.04304799
2026,2027,Youngstown St.,youngstown state,San Jose St.,san jose state,2542061,Japhet Moupadele,Freshman,F,80,0.881115,player_id,Japhet Moupadele,San Jose St.,Youngstown St.,-4.7331,222.0,7.1866,80.0,MWC,252.73,408.163,50.0,56.0,11.0,14.0,11.0,23.0,34.0,6.0,7.0,16.0,-0.74107,-0.1955,-0.2551,0.0596,0.16249,83.44,122.03,4.1227,-0.1173,-0.0309,0.40179,0.41118,0.1051,0.0839,0.20822,-1.113,0.681,-1.794,44.055749999999996,12.335609999999999,29.95791,-0.65296789305,-0.1722579825
2026,2027,Youngstown St.,youngstown state,Wofford,wofford,2475429,Jayden Tyler,Freshman,G,70,0.8004033333333334,player_id,Jayden Tyler,Wofford,Youngstown St.,-7.1758,251.0,-7.7174,311.0,SC,296.94,496.291,99.0,79.0,32.0,9.0,6.0,15.0,21.0,14.0,4.0,7.0,0.14231,0.4986,0.2841,0.2145,0.17305,110.3,116.58,11.3435,0.0192,0.0672,0.52532,0.53169,0.0516,0.04201,0.06994,-0.149,0.812,-0.961,79.23993,7.20363,16.80847,0.11390539836666666,0.399081102
2026,2027,Youngstown St.,youngstown state,Oklahoma,oklahoma,2280418,Jeff Nwankwo,Senior,G,78,1.4162266666666667,player_id,Jeff Nwankwo,Oklahoma,Youngstown St.,18.3736,41.0,13.1361,27.0,SEC,273.52,465.143,69.0,77.0,22.0,17.0,7.0,49.0,56.0,11.0,0.0,10.0,-0.24466,0.2545,-0.0977,0.3522,0.1763,92.31,110.24,7.8402,-0.0358,0.0372,0.37662,0.39792,0.09982,0.1167,0.10343,2.055,1.38,0.675,97.71964,24.075853333333335,79.30869333333334,-0.34649401626666665,0.3604296866666667
2026,2027,Youngstown St.,youngstown state,St. Thomas (MN),saint thomas,2143901,Jermaine Coleman,Sophomore,F,79,1.08197,player_id,Jermaine Coleman,St. Thomas (MN),Youngstown St.,4.9182,115.0,-5.6435,275.0,Sum,419.05,723.033,122.0,106.0,14.0,15.0,5.0,44.0,49.0,5.0,3.0,11.0,-0.20869,0.7605,0.2516,0.5089,0.15485,106.25,111.1,9.1962,-0.0199,0.0726,0.53302,0.54367,0.05751,0.07111,0.08931,-2.357,-1.095,-1.262,132.00034000000002,16.229550000000003,53.01653,-0.2257963193,0.822838185
2026,2027,Youngstown St.,youngstown state,UIndy,uindy,2095960,Kelvin Amoako,Sophomore,F,83,1.0,player_id,Kelvin Amoako,UIndy,Youngstown St.,,,,,,0.0,0.0,0.0,0.0,0.0,0.0,0.0,0.0,0.0,0.0,0.0,0.0,0.0,0.0,0.0,0.0,,,,,,,,,,,,,,,0.0,0.0,0.0,0.0,0.0
2026,2027,Youngstown St.,youngstown state,VMI,vmi,2328971,Linus Holmstrom,Sophomore,G,75,0.55,player_id,Linus Holmstrom,VMI,Youngstown St.,-26.1602,360.0,-5.8423,282.0,SC,756.52,1260.942,306.0,244.0,42.0,37.0,12.0,49.0,61.0,25.0,4.0,41.0,0.15433,0.5566,0.7183,-0.1616,0.20863,107.59,127.05,12.6854,0.0082,0.0294,0.56148,0.58286,0.11167,0.045,0.1351,1.222,0.583,0.639,168.3,20.35,33.550000000000004,0.0848815,0.30613
