season,team,team_key,cbb_transfer_players,cbb_transfer_source_teams,cbb_transfer_500_minute_players,cbb_transfer_200_minute_players,cbb_transfer_high_usage_players,cbb_transfer_positive_warp_players,cbb_transfer_plus_one_warp_players,cbb_transfer_top_50_source_players,cbb_transfer_top_100_source_players,cbb_transfer_minutes,cbb_transfer_possessions,cbb_transfer_points,cbb_transfer_field_goal_attempts,cbb_transfer_free_throw_attempts,cbb_transfer_assists,cbb_transfer_offensive_rebounds,cbb_transfer_defensive_rebounds,cbb_transfer_rebounds,cbb_transfer_steals,cbb_transfer_blocks,cbb_transfer_turnovers,cbb_transfer_warp,cbb_transfer_win_shares,cbb_transfer_offensive_win_shares,cbb_transfer_defensive_win_shares,cbb_transfer_minutes_weighted_usage_pct,cbb_transfer_minutes_weighted_ortg_player,cbb_transfer_minutes_weighted_drtg_player,cbb_transfer_minutes_weighted_per,cbb_transfer_minutes_weighted_warp_per_40,cbb_transfer_minutes_weighted_win_shares_per_40,cbb_transfer_minutes_weighted_effective_fg_pct,cbb_transfer_minutes_weighted_true_shooting_pct,cbb_transfer_minutes_weighted_assist_pct,cbb_transfer_minutes_weighted_rebound_pct,cbb_transfer_minutes_weighted_turnover_pct,cbb_transfer_minutes_weighted_rapm,cbb_transfer_minutes_weighted_offensive_rapm,cbb_transfer_minutes_weighted_defensive_rapm,cbb_transfer_source_adjusted_points,cbb_transfer_source_adjusted_assists,cbb_transfer_source_adjusted_rebounds,cbb_transfer_source_adjusted_warp,cbb_transfer_source_adjusted_win_shares,cbb_transfer_minutes_weighted_source_adj_em,cbb_transfer_minutes_weighted_source_rank_adj_em,cbb_transfer_minutes_weighted_source_sos,cbb_transfer_minutes_weighted_source_context_multiplier,cbb_transfer_minutes_weighted_net_rating,cbb_transfer_players_percentile,cbb_transfer_500_minute_players_percentile,cbb_transfer_200_minute_players_percentile,cbb_transfer_high_usage_players_percentile,cbb_transfer_positive_warp_players_percentile,cbb_transfer_plus_one_warp_players_percentile,cbb_transfer_minutes_percentile,cbb_transfer_warp_percentile,cbb_transfer_win_shares_percentile,cbb_transfer_source_adjusted_warp_percentile,cbb_transfer_source_adjusted_win_shares_percentile,cbb_transfer_minutes_weighted_per_percentile,cbb_transfer_minutes_weighted_net_rating_percentile,cbb_transfer_minutes_weighted_source_adj_em_percentile,cbb_transfer_production_percentile
2027,Abilene Christian,abilene christian,1,1,0,0,0,1,0,1,1,55.04,95.439,23.0,23.0,5.0,1.0,4.0,8.0,12.0,2.0,2.0,3.0,0.14251,0.1224,0.0071,0.1153,0.24901,98.17,101.25,12.9323,0.1036,0.0889,0.3913,0.4563499999999999,0.02805,0.12182999999999998,0.10638000000000002,,,,30.86393,1.34191,16.102919999999997,0.1912355941,0.16424978399999998,16.9146,46.0,5.5552,1.34191,-3.0799999999999983,0.0,0.0,0.0,0.0,0.37922077922077924,0.0,0.23636363636363636,0.44935064935064933,0.2831168831168831,0.45714285714285713,0.2909090909090909,0.4115755627009646,0.42524916943521596,0.9453376205787781,0.3952254195900776
2027,Akron,akron,5,5,3,4,1,2,2,1,2,2766.46,4532.683,998.0,788.0,232.0,225.0,117.0,307.0,424.0,57.0,31.0,151.0,3.73938,6.8083,4.0236,2.7845,0.19627409273945765,112.81437754386474,113.39164918343297,15.066801520716005,0.054047092312919764,0.09842097048213241,0.5186519559292381,0.5499898239989011,0.16692208454125487,0.09055879506661943,0.1468617018500177,0.040065350664748506,0.42067902301135746,-0.380613672346609,916.6461083333334,203.11845333333332,405.56711666666666,3.792451565216667,6.800764750166667,-1.1704775142239539,195.226495232174,0.8093678224156504,0.947878592762351,-0.577271639568238,0.8337662337662337,0.7844155844155845,0.8233766233766234,0.5454545454545454,0.6181818181818182,0.7428571428571429,0.8363636363636363,0.7246753246753247,0.812987012987013,0.7298701298701299,0.8,0.5819935691318328,0.5116279069767442,0.48231511254019294,0.6752265627568743
2027,Alabama,alabama,3,3,3,3,1,3,2,1,2,1939.53,3276.085,718.0,487.0,216.0,93.0,164.0,298.0,462.0,43.0,86.0,103.0,6.611890000000001,6.4915,3.7746,2.717,0.1804188332224817,120.40456038318561,108.99866864652776,18.493150045114017,0.13633402834707378,0.13388321242775308,0.6132070061819099,0.6092201590075946,0.09467868509381139,0.1370023228307889,0.15580147953370146,0.2611791104030359,0.6390406490232169,-0.3778615386201811,923.3597550000001,122.19200666666667,594.670955,8.520623195383335,8.355172890833334,13.642729221512425,64.2348713348079,12.388106785664567,1.28468462016571,11.40589173665785,0.5324675324675324,0.787012987012987,0.7220779220779221,0.548051948051948,0.7428571428571429,0.7454545454545455,0.7480519480519481,0.8155844155844156,0.8025974025974026,0.8389610389610389,0.8337662337662337,0.8392282958199357,0.867109634551495,0.9163987138263665,0.8329326931414293
2027,Alabama A&M,alabama a and m,1,1,1,1,1,0,0,0,0,603.25,947.3,176.0,154.0,54.0,50.0,7.0,41.0,48.0,18.0,1.0,56.0,-1.62576,-0.0023,-0.5582,0.5559,0.21048,87.18,114.37,6.8575,-0.10779999999999999,-0.0002,0.44805,0.49494000000000005,0.18995,0.0477,0.23956,-2.083,-2.353,0.27,99.32970666666665,28.218666666666664,27.08992,-0.9175355904,-0.0012980586666666665,-18.9376,342.0,-7.833900000000001,0.5643733333333333,-27.189999999999998,0.0025974025974025974,0.43896103896103894,0.3064935064935065,0.5506493506493506,0.0,0.0025974025974025974,0.43116883116883115,0.015584415584415584,0.025974025974025976,0.03636363636363636,0.025974025974025976,0.08360128617363344,0.04318936877076412,0.028938906752411574,0.15545672773776306
2027,Alabama St.,alabama state,2,2,0,1,1,0,0,0,0,426.46,695.289,221.0,194.0,79.0,19.0,7.0,38.0,45.0,10.0,6.0,32.0,-0.68747,0.4832,0.0159,0.4853,0.30475959081742715,97.25,111.90199244946773,12.87052360596539,-0.06448102518407353,0.045700000000000005,0.40858762650658914,0.48114585353843264,0.11552777446888338,0.05694691764761056,0.12287576326032923,-2.701,-0.344,-2.357,125.41344833333333,10.782151666666667,25.817906666666666,-0.39817828399999994,0.27420714133333335,-18.653423887351686,340.2314636777189,-8.608020721755851,0.5697567903593929,-14.651992449467727,0.2909090909090909,0.0025974025974025974,0.3090909090909091,0.5532467532467532,0.0025974025974025974,0.005194805194805195,0.37922077922077924,0.08831168831168831,0.36103896103896105,0.11168831168831168,0.32987012987012987,0.3987138263665595,0.14950166112956811,0.03215434083601286,0.20053520738696626
2027,UAlbany,albany,1,1,0,1,0,0,0,0,0,379.34,595.855,55.0,52.0,19.0,11.0,30.0,32.0,62.0,3.0,8.0,12.0,-0.94949,0.6289,0.1378,0.4911,0.10509,103.84,110.2,7.227600000000001,-0.1001,0.0663,0.42308000000000007,0.4553,0.05004,0.09925,0.16584,-4.088,-3.225,-0.863,46.90161666666666,9.380323333333333,52.87091333333333,-0.8096839274333333,0.5362986676666667,-6.4346000000000005,239.0,-11.1731,0.8527566666666666,-6.359999999999999,0.005194805194805195,0.005194805194805195,0.3116883116883117,0.0025974025974025974,0.005194805194805195,0.007792207792207792,0.36623376623376624,0.05454545454545454,0.37922077922077924,0.04935064935064935,0.38441558441558443,0.09646302250803858,0.3122923588039867,0.2990353697749196,0.2161407937545357
2027,Alcorn,alcorn state,2,2,0,0,0,0,0,0,0,0.0,0.0,0.0,0.0,0.0,0.0,0.0,0.0,0.0,0.0,0.0,0.0,0.0,0.0,0.0,0.0,,,,,,,,,,,,,,,0.0,0.0,0.0,0.0,0.0,,,,,,0.2935064935064935,0.007792207792207792,0.0025974025974025974,0.005194805194805195,0.007792207792207792,0.01038961038961039,0.0,0.23116883116883116,0.02857142857142857,0.23116883116883116,0.02857142857142857,,,,0.06688311688311688
2027,App State,appalachian state,2,2,1,1,0,0,0,0,0,1085.17,1767.165,378.0,332.0,51.0,41.0,11.0,76.0,87.0,14.0,1.0,37.0,-0.3459,2.2153,0.7973,1.418,0.19062,106.22,110.03,10.5887,-0.0128,0.0817,0.50151,0.5333,0.08418,0.04529,0.09452,-3.591,-3.8570000000000007,0.266,223.77222,24.27159,51.50313,-0.204769341,1.311435447,-17.2806,333.0,-10.5414,0.59199,-3.8100000000000023,0.2961038961038961,0.44155844155844154,0.3142857142857143,0.007792207792207792,0.01038961038961039,0.012987012987012988,0.5974025974025974,0.12727272727272726,0.5792207792207792,0.16623376623376623,0.5038961038961038,0.21221864951768488,0.39867109634551495,0.05466237942122187,0.33923471919647585
2027,Arizona,arizona,2,2,1,2,0,1,0,1,2,1168.44,1960.295,329.0,283.0,63.0,160.0,14.0,110.0,124.0,25.0,2.0,65.0,0.31522,2.6389,1.1714,1.4675,0.16209248373900242,110.10862072506931,110.6429600150628,11.443897695217554,0.01077643353531204,0.09036451080072574,0.49636409443360385,0.5295376154530828,0.22775693557221596,0.059129310876039856,0.1735317449762076,1.740915280202663,1.1197668172948545,0.6211484629078086,462.8164266666667,223.45995,173.98714166666667,0.45923794981666666,3.7090919525,18.317187069083563,39.3850604224436,11.380140044846119,1.4042088605177272,-0.5343392899934827,0.2987012987012987,0.44415584415584414,0.5532467532467532,0.01038961038961039,0.38181818181818183,0.015584415584415584,0.6181818181818182,0.4883116883116883,0.625974025974026,0.522077922077922,0.6961038961038961,0.2990353697749196,0.5182724252491694,0.9614147909967846,0.5798917237914791
2027,Arizona St.,arizona state,7,6,5,5,3,6,5,3,4,5003.46,8195.788,2081.0,1529.0,545.0,449.0,244.0,685.0,929.0,140.0,107.0,291.0,22.36923,19.2343,10.320500000000001,8.9138,0.21507166208983386,119.49362948839405,104.86074828218871,18.862551714213765,0.17884146310752957,0.15376428991138133,0.5513976834430574,0.5874885370923322,0.1776170182233894,0.11082968521782924,0.1370827528750105,3.199661832012248,1.62429772997086,1.575364102041387,2376.537911666667,494.3203833333333,1107.7779333333333,26.1098141668,23.628594012166666,10.853698549603674,112.84974397716779,1.9500032751336074,1.179399888843587,14.63288120620534,0.9584415584415584,0.9454545454545454,0.9038961038961039,0.9012987012987013,0.9688311688311688,0.9714285714285714,0.9818181818181818,0.9922077922077922,0.9974025974025974,0.9896103896103896,0.9974025974025974,0.8553054662379421,0.9368770764119602,0.8745980707395499,0.9401523325250238
2027,Arkansas,arkansas,2,2,2,2,1,2,2,1,1,1455.1100000000001,2509.047,841.0,575.0,240.0,90.0,44.0,146.0,190.0,56.0,37.0,72.0,7.30175,6.3469,4.3575,1.9893,0.25078180336881745,127.41567744019353,109.37624440763928,22.939364213702056,0.20074477393461662,0.17449666966758526,0.6172845650157032,0.6475578684772971,0.12090238009497564,0.07488353615877838,0.10294068056710488,-0.23157263024788496,0.5608969906055211,-0.7924696208534062,1067.5221616666668,112.51275000000001,214.2556166666667,9.073712316583332,7.697366782166667,9.946478209207552,102.50264928424654,3.485053586326807,1.2259404662075948,18.039433032554257,0.3012987012987013,0.6701298701298701,0.5558441558441558,0.5558441558441558,0.6207792207792208,0.7480519480519481,0.6779220779220779,0.8389610389610389,0.7922077922077922,0.8623376623376623,0.8181818181818182,0.977491961414791,0.9601328903654485,0.8392282958199357,0.8293463680245149
2027,Ark.-Pine Bluff,arkansas pine bluff,1,1,0,0,0,0,0,0,0,0.0,0.0,0.0,0.0,0.0,0.0,0.0,0.0,0.0,0.0,0.0,0.0,0.0,0.0,0.0,0.0,,,,,,,,,,,,,,,0.0,0.0,0.0,0.0,0.0,,,,,,0.007792207792207792,0.01038961038961039,0.005194805194805195,0.012987012987012988,0.012987012987012988,0.01818181818181818,0.0025974025974025974,0.23376623376623376,0.03116883116883117,0.23376623376623376,0.03116883116883117,,,,0.06948051948051948
2027,Arkansas St.,arkansas state,4,4,2,3,1,3,3,0,0,1724.83,2937.474,619.0,475.0,157.0,141.0,92.0,210.0,302.0,46.0,41.0,74.0,5.50583,5.048,3.3554,1.6925,0.1793637986352278,120.53637170039947,113.7142449980578,16.724778185096504,0.12766563777299794,0.11706876097934289,0.5257419282480013,0.5644794907324201,0.14965446971585605,0.10182794953705583,0.12163413774111072,0.04234387736762455,1.224429717711311,-1.1820858403436862,548.065255,137.645165,254.30021333333332,4.7541653574166665,4.493743677,-3.6704124876074746,209.0799035267244,-0.9471465686473449,0.8941143419834613,6.822126702341677,0.7142857142857143,0.6727272727272727,0.7246753246753247,0.5584415584415584,0.7454545454545455,0.8441558441558441,0.7064935064935065,0.7896103896103897,0.7376623376623377,0.7766233766233767,0.7350649350649351,0.7170418006430869,0.7308970099667774,0.3858520900321543,0.6749571416501585
2027,Auburn,auburn,5,5,3,4,2,4,4,2,3,3187.06,5249.14,1374.0,1003.0,327.0,137.0,200.0,497.0,697.0,107.0,109.0,123.0,18.98182,12.5381,7.2555,5.2828,0.20805537256907622,122.71279489560912,106.17125306709003,20.605697797970546,0.23823354031615346,0.15739089505688628,0.5628645553582299,0.6012815046155391,0.08555773932715419,0.12545955165575798,0.09821892176488678,1.046633700024474,0.5925396164490158,0.45409408357545816,1494.07131,150.47373666666667,778.11324,20.9445477615,13.915986995666666,4.117387230237272,138.4514850677427,-0.6480929508700809,1.0877094885045568,16.541541828519087,0.8363636363636363,0.7896103896103897,0.825974025974026,0.7454545454545455,0.8545454545454545,0.9246753246753247,0.8987012987012987,0.9766233766233766,0.9428571428571428,0.9766233766233766,0.9376623376623376,0.9517684887459807,0.9501661129568106,0.6784565916398714,0.883284085134295
2027,Augustana (SD),augustana sd,2,2,0,2,0,0,0,0,0,580.29,1015.979,108.0,81.0,27.0,22.0,32.0,49.0,81.0,14.0,12.0,27.0,-0.95383,0.8337,0.28049999999999997,0.5532,0.10450959778731325,108.52813420875769,113.99085922555963,8.778688367885024,-0.06573339709455617,0.0574676989091661,0.5596028051491496,0.5956915524996123,0.06625261903530993,0.08118863723310758,0.2295563573385721,-1.542869151631081,-0.43935366799358944,-1.1035154836374916,79.40784500000001,16.277568333333335,59.530315,-0.7046608080333334,0.6141637355,-11.002871881300731,289.80752727084734,-8.00002724499819,0.7366188019783212,-5.46272501680194,0.3038961038961039,0.012987012987012988,0.5584415584415584,0.015584415584415584,0.015584415584415584,0.02077922077922078,0.42337662337662335,0.05194805194805195,0.412987012987013,0.05714285714285714,0.38701298701298703,0.12540192926045016,0.33222591362126247,0.17363344051446947,0.21596868055938037
2027,Austin Peay,austin peay,1,1,0,1,0,1,0,0,0,311.14,541.702,110.0,80.0,32.0,12.0,14.0,46.0,60.0,10.0,3.0,17.0,0.05616,0.6797,0.3257,0.354,0.17495,110.67,111.99,13.2414,0.007200000000000001,0.0874,0.5625,0.58448,0.06453,0.10713000000000002,0.15304,-3.3489999999999998,-0.742,-2.607,99.68731666666666,10.87498,54.3749,0.0508949064,0.6159769921666667,-3.2251,209.0,-4.5008,0.9062483333333334,-1.3199999999999932,0.01038961038961039,0.015584415584415584,0.3168831168831169,0.01818181818181818,0.38441558441558443,0.023376623376623377,0.34025974025974026,0.43376623376623374,0.3948051948051948,0.43636363636363634,0.3922077922077922,0.45016077170418006,0.4883720930232558,0.40836012861736337,0.3616155111086262
2027,Ball St.,ball state,7,7,4,5,3,3,3,2,2,2846.85,4789.746,1138.0,872.0,271.0,194.0,121.0,319.0,440.0,77.0,43.0,162.0,4.8066,7.3435,4.0398000000000005,3.3034,0.2047215020109946,112.61489277622634,111.68070347928415,14.67049569313452,0.06752568733863744,0.10317260621388552,0.5259961235751796,0.5702518474805487,0.1293283600821961,0.08985587814602106,0.1465254913325254,-0.9738035135651442,0.09332665558915654,-1.0671301691543005,1092.8016483333333,193.86039833333334,430.95355166666667,4.22298698195,7.1056920371666665,-0.5887932023113265,177.5178917048668,-2.2479360837416795,0.976095798373641,0.9341892969421934,0.961038961038961,0.9012987012987013,0.9064935064935065,0.9038961038961039,0.7480519480519481,0.8467532467532467,0.8415584415584415,0.7662337662337663,0.8363636363636363,0.7454545454545455,0.8103896103896104,0.5466237942122186,0.5581395348837209,0.5080385852090032,0.7016433161437489
2027,Barry,barry,2,2,0,0,0,0,0,0,0,1.07,1.736,0.0,1.0,0.0,0.0,1.0,0.0,1.0,0.0,0.0,0.0,-0.00828,0.0,0.0,0.0007,0.49448999999999993,,116.85,-14.1366,-0.3095,,0.0,0.0,0.0,0.53405,0.0,,,,0.0,0.0,1.02613,-0.008496356399999998,0.0,1.5678,143.0,-2.6243,1.02613,,0.3064935064935065,0.01818181818181818,0.007792207792207792,0.02077922077922078,0.01818181818181818,0.025974025974025976,0.19220779220779222,0.22597402597402597,0.033766233766233764,0.22077922077922077,0.033766233766233764,0.0,,0.6045016077170418,0.17823944544201778
2027,Baylor,baylor,4,4,4,4,2,4,4,0,1,3783.71,6184.499,1562.0,1116.0,395.0,278.0,158.0,476.0,634.0,114.0,45.0,138.0,16.06285,12.9572,8.7415,4.2157,0.2019277240591906,123.6180973171834,112.23353153386492,19.401153459435317,0.16982818926397636,0.13699245819579198,0.5627490680046833,0.6044075559437695,0.13844979958823483,0.09820752798179565,0.09404721881433831,1.1643623057792485,1.7955182532487954,-0.6311559474695471,1729.0628616666668,311.60800333333333,702.6192266666667,17.90993627981667,14.469221821833333,5.2029176226507845,114.87894949665804,1.7511619994661325,1.1058419445376804,11.384565783318479,0.7168831168831169,0.9038961038961039,0.8285714285714286,0.7480519480519481,0.8571428571428571,0.9272727272727272,0.9298701298701298,0.9558441558441558,0.9506493506493506,0.9584415584415584,0.948051948051948,0.909967845659164,0.8637873754152824,0.6913183279742765,0.8864761841869233
2027,Bellarmine,bellarmine,1,1,0,1,1,0,0,0,0,218.2,357.033,75.0,53.0,43.0,10.0,16.0,36.0,52.0,2.0,6.0,21.0,-0.27968,0.2864,-0.0484,0.3348,0.22066,94.8,107.59,10.5517,-0.0513,0.0525,0.46226000000000006,0.52156,0.09632999999999999,0.13481,0.22600000000000003,0.522,0.459,0.063,75.80975,10.107966666666666,52.56142666666666,-0.2826996117333333,0.2894921653333333,0.6478,163.0,0.2345,1.0107966666666666,-12.790000000000006,0.012987012987012988,0.02077922077922078,0.3194805194805195,0.561038961038961,0.02077922077922078,0.02857142857142857,0.3012987012987013,0.14545454545454545,0.3220779220779221,0.13506493506493505,0.33246753246753247,0.2057877813504823,0.18272425249169436,0.5594855305466238,0.24822970771417
2027,Belmont,belmont,2,2,0,0,0,0,0,0,0,57.0,95.216,12.0,9.0,7.0,0.0,0.0,2.0,2.0,0.0,1.0,0.0,-0.21899,0.0805,0.035,0.0455,0.10948,110.91,115.77,4.6704,-0.1537,0.0565,0.38889,0.49587,0.0,0.02007,0.0,-0.876,-0.373,-0.503,12.5977,0.0,2.0996166666666665,-0.22989752691666662,0.08450957083333333,2.9885,131.0,0.4325,1.0498083333333332,-4.859999999999999,0.3090909090909091,0.023376623376623377,0.01038961038961039,0.023376623376623377,0.023376623376623377,0.03116883116883117,0.24155844155844156,0.16103896103896104,0.2675324675324675,0.15584415584415584,0.2753246753246753,0.03215434083601286,0.3588039867109635,0.6559485530546624,0.2490015395293621
2027,Bentley,bentley,1,1,0,0,0,0,0,0,0,0.0,0.0,0.0,0.0,0.0,0.0,0.0,0.0,0.0,0.0,0.0,0.0,0.0,0.0,0.0,0.0,,,,,,,,,,,,,,,0.0,0.0,0.0,0.0,0.0,,,,,,0.015584415584415584,0.025974025974025976,0.012987012987012988,0.025974025974025976,0.025974025974025976,0.033766233766233764,0.005194805194805195,0.23636363636363636,0.03636363636363636,0.23636363636363636,0.03636363636363636,,,,0.07597402597402597
2027,Bethune-Cookman,bethune cookman,2,2,1,1,1,1,0,0,0,939.8699999999999,1593.622,347.0,287.0,97.0,88.0,19.0,63.0,82.0,63.0,5.0,67.0,0.6296999999999999,1.2207,0.3977,0.823,0.21532709066147449,101.07876897868856,114.8933944056093,13.921841551491164,0.026843671997191107,0.05196534520731592,0.4721616814027472,0.5251759201804505,0.20123928330513796,0.05203099630800005,0.16744097598604063,-0.2970116718269548,-0.9529343419834659,0.6559226701565111,194.92036000000002,48.739196666666665,47.81357333333334,0.25015578516666664,0.6727757063333334,-19.08304132699203,338.3735410216306,-5.179611644163555,0.57036905089711,-13.814625426920742,0.3116883116883117,0.44675324675324674,0.3220779220779221,0.5636363636363636,0.38701298701298703,0.03636363636363636,0.5636363636363636,0.5402597402597402,0.4701298701298701,0.4779220779220779,0.4,0.5016077170418006,0.16943521594684385,0.022508038585209004,0.3688375228407917
2027,Binghamton,binghamton,2,2,0,0,0,0,0,0,0,246.45,430.67600000000004,76.0,75.0,7.0,7.0,8.0,23.0,31.0,3.0,2.0,16.0,-0.74407,0.019099999999999992,-0.1686,0.1876,0.19154102860620817,88.03438831405965,116.15203895313452,6.546816494217895,-0.12080791235544737,0.0031245891661594635,0.47797099817407185,0.4832749847839319,0.05873312233718807,0.07137209373097991,0.17546732197200243,-2.4148551430310405,-0.8440742544126598,-1.570780888618381,59.605496666666674,5.488101666666667,24.243271666666672,-0.5776784693500001,0.016367169666666667,-8.261899634814364,264.0079123554474,0.7268286062081559,0.7823016727530941,-28.117650639074867,0.3142857142857143,0.02857142857142857,0.015584415584415584,0.02857142857142857,0.02857142857142857,0.03896103896103896,0.3090909090909091,0.07792207792207792,0.2519480519480519,0.08571428571428572,0.2545454545454545,0.07717041800643087,0.03986710963455149,0.2508038585209003,0.14939478058342295
2027,Black Hills St.,black hills state,1,1,0,0,0,0,0,0,0,0.0,0.0,0.0,0.0,0.0,0.0,0.0,0.0,0.0,0.0,0.0,0.0,0.0,0.0,0.0,0.0,,,,,,,,,,,,,,,0.0,0.0,0.0,0.0,0.0,,,,,,0.01818181818181818,0.03116883116883117,0.01818181818181818,0.03116883116883117,0.03116883116883117,0.04155844155844156,0.007792207792207792,0.23896103896103896,0.03896103896103896,0.23896103896103896,0.03896103896103896,,,,0.07922077922077922
2027,Boise St.,boise state,2,2,2,2,1,2,2,0,0,1666.12,2836.094,702.0,536.0,218.0,97.0,100.0,186.0,286.0,62.0,63.0,90.0,5.88594,5.2966999999999995,2.6715999999999998,2.6250999999999998,0.2143794227306557,113.18217307276788,107.05661140854201,17.58495018546083,0.14132200741843326,0.1271687843612705,0.5084040240198786,0.5562238643675126,0.11116636238686291,0.09703903338294963,0.1291550156051185,-0.6552756224041486,-0.3560537116174106,-0.2992219107867381,638.4291866666667,96.10387000000001,228.66679333333337,5.086977645866668,4.840989101000001,-4.17022744820301,210.51074352387587,-6.232609703982906,0.8749897630822911,6.12556166422587,0.3168831168831169,0.6753246753246753,0.561038961038961,0.5662337662337662,0.6233766233766234,0.7506493506493507,0.6961038961038961,0.8,0.7506493506493507,0.7948051948051948,0.7428571428571429,0.77491961414791,0.7109634551495017,0.3762057877813505,0.6815971094528103
2027,Boston College,boston college,7,7,6,6,4,4,3,1,2,5008.29,8298.896999999999,2270.0,1664.0,642.0,337.0,262.0,562.0,824.0,128.0,85.0,328.0,16.53331,14.716000000000001,8.605,6.1647,0.2363493460841924,113.31212931403716,110.9038944829473,17.819465015005118,0.1320416066162303,0.1183631563178035,0.5181216553953545,0.575482613826276,0.13986208110952042,0.09443102420187328,0.13691231536113127,-0.47841601565249203,0.5311573051331084,-1.0095733207856006,2151.751748333333,314.47928333333334,761.8856266666667,15.012533263316667,13.893566466166668,-2.125233258457478,197.14538295506054,-3.615515038266554,0.9419782069462166,2.408234831089871,0.9636363636363636,0.9818181818181818,0.9636363636363636,0.974025974025974,0.8597402597402597,0.8493506493506493,0.9844155844155844,0.961038961038961,0.9636363636363636,0.9402597402597402,0.935064935064935,0.8038585209003215,0.6112956810631229,0.4565916398713826,0.8161863261990384
2027,Boston U.,boston university,1,1,0,0,0,1,0,0,0,47.08,79.732,15.0,9.0,4.0,1.0,2.0,11.0,13.0,2.0,3.0,2.0,0.21812,0.1832,0.0761,0.107,0.13754,123.96000000000001,99.36000000000001,19.9892,0.18529999999999996,0.1556,0.66667,0.69444,0.04104,0.15379,0.15674,,,,15.247924999999999,1.0165283333333333,13.214868333333332,0.22172516006666665,0.18622799066666665,0.9917,156.0,-0.1807,1.0165283333333333,24.599999999999994,0.02077922077922078,0.033766233766233764,0.02077922077922078,0.033766233766233764,0.38961038961038963,0.04415584415584416,0.21818181818181817,0.4701298701298701,0.2987012987012987,0.4675324675324675,0.2987012987012987,0.932475884244373,0.9966777408637874,0.5659163987138264,0.5018931202862579
2027,Bowling Green,bowling green,5,5,1,1,1,2,0,1,2,1080.44,1823.971,450.0,377.0,89.0,59.0,44.0,99.0,143.0,23.0,10.0,58.0,0.21283,1.6644,1.2458,0.4187,0.21859060604938724,109.77383649254006,120.3437978045981,12.910606175261929,0.00787763318647958,0.061652295361149155,0.5092243016733923,0.5393050795972012,0.10708733062456036,0.07462224538151123,0.12256144191255414,-2.236076579911888,-0.26689651438302914,-1.9691800655288583,379.2939166666667,49.26370833333334,140.42816833333336,0.20475310401666666,1.5483272646666668,-5.302219751212468,236.6830180296916,-1.116251125467402,0.8722296115779992,-10.569961312058041,0.8389610389610389,0.44935064935064933,0.3246753246753247,0.5688311688311688,0.625974025974026,0.046753246753246755,0.5948051948051948,0.4675324675324675,0.5246753246753246,0.4597402597402597,0.5298701298701298,0.40836012861736337,0.21926910299003322,0.34726688102893893,0.42980890662893845
2027,Bradley,bradley,4,4,1,2,1,3,0,0,1,1406.12,2435.9629999999997,423.0,299.0,88.0,100.0,49.0,149.0,198.0,37.0,22.0,78.0,1.38288,2.4887,1.6138000000000001,0.8748,0.1479947628225187,114.8616226922311,117.7025614456803,12.774054105623986,0.03934433974340738,0.07080982561943504,0.6043170370949847,0.6375548265439649,0.13385051823457458,0.08290184827752967,0.18981119093676216,-3.8571543111540976,-0.8055883992831336,-3.051565911870964,304.12998000000005,68.86804333333333,146.724195,1.16251285965,1.9044283096666668,-11.45535928868091,295.11994708844196,-5.0433397185162,0.7058136123635724,-2.8409387534492083,0.7194805194805195,0.45194805194805193,0.5636363636363636,0.5714285714285714,0.7506493506493507,0.04935064935064935,0.6649350649350649,0.5948051948051948,0.6103896103896104,0.6,0.574025974025974,0.38263665594855306,0.43521594684385384,0.1607717041800643,0.46707619969736597
2027,Bryant,bryant,2,2,1,1,1,2,1,1,1,920.57,1432.95,303.0,269.0,33.0,47.0,24.0,117.0,141.0,23.0,20.0,43.0,1.68359,1.7961,0.3461,1.4507999999999999,0.20324021595315947,101.2,107.06297467873165,13.862721164061396,0.0731542978806609,0.0781,0.51115,0.53439,0.12160055183201712,0.09616188383284269,0.13169,-1.503,-1.817,0.314,185.70769,28.80614333333334,87.14715166666667,1.0409830070833335,1.100823703,-15.985786637626688,327.6550724007951,-9.63188054574883,0.6137911727697696,-5.862974678731646,0.3194805194805195,0.45454545454545453,0.32727272727272727,0.574025974025974,0.6285714285714286,0.561038961038961,0.548051948051948,0.612987012987013,0.5402597402597402,0.587012987012987,0.4753246753246753,0.49517684887459806,0.32558139534883723,0.07717041800643087,0.4232662467378473
2027,Bucknell,bucknell,1,1,0,0,0,0,0,0,0,0.0,0.0,0.0,0.0,0.0,0.0,0.0,0.0,0.0,0.0,0.0,0.0,0.0,0.0,0.0,0.0,,,,,,,,,,,,,,,0.0,0.0,0.0,0.0,0.0,,,,,,0.023376623376623377,0.03636363636363636,0.023376623376623377,0.03636363636363636,0.033766233766233764,0.05194805194805195,0.01038961038961039,0.24155844155844156,0.04155844155844156,0.24155844155844156,0.04155844155844156,,,,0.08246753246753247
2027,Buffalo,buffalo,6,5,5,5,2,3,2,0,0,3714.37,6334.5470000000005,1242.0,1049.0,268.0,263.0,174.0,369.0,543.0,136.0,83.0,231.0,5.5074,7.620900000000001,2.2831,5.3379,0.18789539108920222,106.19876660106559,108.60782062637809,12.99421396522156,0.05929373944975865,0.0820823076322499,0.5150462541696169,0.5441013284083169,0.13942249870099102,0.08326719400598219,0.16706559946908897,0.5757395062958186,-0.1869393679143436,0.7626788742101622,1140.4260483333333,233.275755,509.8346833333334,5.989434334466667,7.752710136166668,-3.1101822475951506,196.38347552882456,-2.915989988611797,0.9232704710130296,-2.4090540253125,0.9064935064935065,0.948051948051948,0.9090909090909091,0.7506493506493507,0.7532467532467533,0.7532467532467533,0.9246753246753247,0.7922077922077922,0.8415584415584415,0.8155844155844156,0.8207792207792208,0.4180064308681672,0.45182724252491696,0.41479099678456594,0.6848165113240798
2027,Butler,butler,4,4,3,3,2,3,3,1,2,2049.35,3434.136,942.0,684.0,244.0,138.0,110.0,273.0,383.0,63.0,42.0,123.0,8.20059,6.6281,3.9702,2.6579,0.22595588093785837,116.61586707980581,110.152424964013,18.913910573596507,0.16005361114499722,0.12932888525630076,0.5606791167931295,0.5928485045502232,0.12890653436455463,0.10860817912996805,0.13661588454875936,1.4595282260228855,1.0316928245541268,0.4278354014687584,951.43283,141.97784333333334,410.3767966666667,8.696660223466667,7.012631026,2.419457735379511,155.83179544733696,-0.20565857613389607,1.0444577522954432,6.463442115792816,0.7220779220779221,0.7922077922077922,0.7272727272727273,0.7532467532467533,0.7558441558441559,0.8519480519480519,0.7792207792207793,0.8519480519480519,0.8051948051948052,0.8493506493506493,0.8051948051948052,0.8617363344051447,0.717607973421927,0.639871382636656,0.7778842452053933
2027,BYU,byu,3,3,3,3,0,3,2,2,3,2251.95,3735.469,740.0,588.0,125.0,115.0,66.0,256.0,322.0,66.0,25.0,77.0,5.4867300000000006,6.4474,3.1793,3.2682,0.1647345459268634,116.69854894646863,108.4245854037612,13.419410191167655,0.09745394080685629,0.11450721108372744,0.5480198570128112,0.5733005052954108,0.08970043366859833,0.08319153871089502,0.10849351162325985,3.853159759319701,2.855248415817403,0.9979113435022979,1023.165555,163.70625,444.20007499999997,7.60978543515,8.967798702000001,17.37827069872777,46.941774906192414,12.804018949355006,1.3871519845911324,8.273963542707435,0.535064935064935,0.7948051948051948,0.7298701298701299,0.03896103896103896,0.7584415584415585,0.7558441558441559,0.7922077922077922,0.787012987012987,0.7948051948051948,0.825974025974026,0.8415584415584415,0.4694533762057878,0.7873754152823921,0.9517684887459807,0.7804489621113736
2027,California Baptist,cal baptist,2,2,1,1,1,1,1,0,0,763.87,1294.435,320.0,259.0,34.0,31.0,22.0,64.0,86.0,25.0,6.0,23.0,1.41069,1.8681999999999999,1.0644,0.8039000000000001,0.1977299541806852,113.07980428606962,112.9317258172202,14.917098703967955,0.07383072643250815,0.09778898503672093,0.6016772797727362,0.5751635871287,0.07738130990875411,0.06625041499207981,0.12255458546611334,-0.7321982274470786,0.1613966250801839,-0.8935948525272626,292.38945333333334,28.684438333333333,80.56305499999999,1.2499130044666666,1.7170087159999998,-2.5359645319229713,196.4088130179219,-4.261164969170147,0.9257143399836796,0.14807846884941966,0.3220779220779221,0.45714285714285713,0.32987012987012987,0.5766233766233766,0.3922077922077922,0.5636363636363636,0.4805194805194805,0.6025974025974026,0.5584415584415584,0.6051948051948052,0.5558441558441558,0.5691318327974276,0.5382059800664452,0.43729903536977494,0.5204768781335638
2027,Cal Poly,cal poly,1,1,0,0,0,0,0,0,0,0.0,0.0,0.0,0.0,0.0,0.0,0.0,0.0,0.0,0.0,0.0,0.0,0.0,0.0,0.0,0.0,,,,,,,,,,,,,,,0.0,0.0,0.0,0.0,0.0,,,,,,0.025974025974025976,0.03896103896103896,0.025974025974025976,0.04155844155844156,0.03636363636363636,0.05454545454545454,0.012987012987012988,0.24415584415584415,0.04415584415584416,0.24415584415584415,0.04415584415584416,,,,0.08506493506493507
2027,Cal St. East Bay,cal state east bay,1,1,0,0,0,0,0,0,0,129.83,210.319,26.0,20.0,2.0,3.0,1.0,11.0,12.0,2.0,1.0,7.0,-0.5002,0.0599,-0.0246,0.0845,0.11494,92.91,117.37,5.293,-0.1541,0.0185,0.625,0.62201,0.04776,0.05696,0.25108,-1.646,-0.667,-0.979,23.59920333333333,2.7229849999999995,10.891939999999998,-0.4540123656666666,0.05436893383333333,-3.1403,206.0,3.1713,0.9076616666666666,-24.460000000000008,0.02857142857142857,0.04155844155844156,0.02857142857142857,0.04415584415584416,0.03896103896103896,0.05714285714285714,0.2675324675324675,0.0987012987012987,0.2597402597402597,0.1012987012987013,0.2623376623376623,0.04180064308681672,0.06976744186046512,0.4115755627009646,0.17083870291078845
2027,Cal St. Fullerton,cal state fullerton,3,3,0,0,0,0,0,0,0,0.0,0.0,0.0,0.0,0.0,0.0,0.0,0.0,0.0,0.0,0.0,0.0,0.0,0.0,0.0,0.0,,,,,,,,,,,,,,,0.0,0.0,0.0,0.0,0.0,,,,,,0.5376623376623376,0.04415584415584416,0.03116883116883117,0.046753246753246755,0.04155844155844156,0.05974025974025974,0.015584415584415584,0.24675324675324675,0.046753246753246755,0.24675324675324675,0.046753246753246755,,,,0.08831168831168831
2027,CSUN,cal state northridge,2,2,2,2,2,1,1,0,0,1334.1999999999998,2312.488,500.0,410.0,123.0,47.0,27.0,129.0,156.0,43.0,5.0,68.0,0.3209899999999999,1.8675,0.5605,1.307,0.20514660912906613,101.83970274321693,113.7019067606056,11.293953842752211,0.009632935092190075,0.05596753710088443,0.4940619016639185,0.5390961002098636,0.06659740945885174,0.06942106220956379,0.12754616211962225,-0.8154056213461249,-0.7898730550142408,-0.02553256633188427,469.0751416666667,44.01384,147.775345,0.3690080033833333,1.7802909150000001,-2.584022983810523,198.13395293059514,1.2986400067456156,0.9365980679433369,-11.862204017388663,0.3246753246753247,0.6779220779220779,0.5662337662337662,0.7558441558441559,0.3948051948051948,0.5662337662337662,0.6545454545454545,0.4909090909090909,0.5558441558441558,0.4961038961038961,0.5662337662337662,0.2829581993569132,0.19601328903654486,0.4340836012861736,0.4725514692121181
2027,California,california,4,3,2,3,2,3,2,2,3,1857.43,3188.4669999999996,709.0,567.0,203.0,143.0,64.0,194.0,258.0,71.0,18.0,85.0,3.06657,4.9159,2.7935,2.1222,0.1968501334639798,114.95806140742852,111.87190106760416,15.162875697603678,0.06604969716220799,0.10586889519389692,0.49053343043883224,0.5413885080460636,0.13369260795830798,0.07798326547972198,0.11678643652789068,1.7025055587559155,0.01588255277453256,1.6866230059813827,936.0489616666667,191.5752116666667,340.8795566666667,3.9984878855500003,6.617460903166667,13.708189101608134,64.50514420462682,10.81609773396575,1.3230950263087526,3.08616033982436,0.7246753246753247,0.6805194805194805,0.7324675324675325,0.7584415584415585,0.7610389610389611,0.7584415584415585,0.7350649350649351,0.7038961038961039,0.7298701298701299,0.7350649350649351,0.7948051948051948,0.5852090032154341,0.6312292358803987,0.9196141479099679,0.7259295617800495
2027,California (PA),california pa,1,1,0,0,0,0,0,0,0,0.0,0.0,0.0,0.0,0.0,0.0,0.0,0.0,0.0,0.0,0.0,0.0,0.0,0.0,0.0,0.0,,,,,,,,,,,,,,,0.0,0.0,0.0,0.0,0.0,,,,,,0.03116883116883117,0.046753246753246755,0.033766233766233764,0.04935064935064935,0.04415584415584416,0.06233766233766234,0.01818181818181818,0.24935064935064935,0.04935064935064935,0.24935064935064935,0.04935064935064935,,,,0.09090909090909091
2027,Campbell,campbell,2,1,0,0,0,0,0,0,0,0.0,0.0,0.0,0.0,0.0,0.0,0.0,0.0,0.0,0.0,0.0,0.0,0.0,0.0,0.0,0.0,,,,,,,,,,,,,,,0.0,0.0,0.0,0.0,0.0,,,,,,0.32727272727272727,0.04935064935064935,0.03636363636363636,0.05194805194805195,0.046753246753246755,0.06493506493506493,0.02077922077922078,0.2519480519480519,0.05194805194805195,0.2519480519480519,0.05194805194805195,,,,0.0935064935064935
2027,Canisius,canisius,5,5,1,2,2,0,0,0,0,999.92,1667.9470000000001,363.0,292.0,74.0,64.0,14.0,65.0,79.0,25.0,2.0,55.0,-0.37576,0.9663999999999999,0.6274,0.33890000000000003,0.202801721337707,104.80446755740459,120.87492559404754,11.001276170093606,-0.01503707496599728,0.038648263861108895,0.534378134650772,0.5614619301544123,0.13128742539403152,0.04987349827986239,0.14338661732938637,-3.3542755020401636,-1.4124697575806067,-1.941805744459557,281.53375666666665,49.01495,63.231548333333336,-0.3235116586833333,0.8049360386666667,-8.66424048723898,265.0087607008561,-2.56781878550284,0.7846367151372109,-16.070458036642947,0.8415584415584415,0.4597402597402597,0.5688311688311688,0.7610389610389611,0.04935064935064935,0.06753246753246753,0.5792207792207792,0.11688311688311688,0.43636363636363634,0.12207792207792208,0.41818181818181815,0.2379421221864952,0.12956810631229235,0.2347266881028939,0.31163681368892293
2027,Central Ark.,central arkansas,2,2,0,2,1,1,0,1,2,550.87,916.0219999999999,178.0,167.0,19.0,25.0,25.0,35.0,60.0,13.0,10.0,18.0,0.41456,1.2106,0.5641999999999999,0.6465000000000001,0.17848939441247483,113.70737814729429,111.54890173725198,10.488917837239276,0.030062368616915053,0.08787780238531777,0.49323095594241834,0.5129930077876813,0.07659078857080619,0.0650867487792038,0.08267609671973424,-1.1701765933886399,0.41523871330803996,-1.5854153066966796,226.26464333333337,33.12775666666667,76.54083,0.6102408040666667,1.6234342446666667,14.697131747962313,60.6265906656743,6.356358897743569,1.2901169352115744,2.1584764100423115,0.32987012987012987,0.05194805194805195,0.5714285714285714,0.5792207792207792,0.3974025974025974,0.07012987012987013,0.4155844155844156,0.5194805194805194,0.4675324675324675,0.5454545454545454,0.5428571428571428,0.20257234726688103,0.6013289036544851,0.932475884244373,0.47031732728712783
2027,Central Okla.,central okla,1,1,0,0,0,0,0,0,0,0.0,0.0,0.0,0.0,0.0,0.0,0.0,0.0,0.0,0.0,0.0,0.0,0.0,0.0,0.0,0.0,,,,,,,,,,,,,,,0.0,0.0,0.0,0.0,0.0,,,,,,0.033766233766233764,0.05454545454545454,0.03896103896103896,0.05454545454545454,0.05194805194805195,0.07272727272727272,0.023376623376623377,0.2545454545454545,0.05454545454545454,0.2545454545454545,0.05454545454545454,,,,0.09675324675324674
2027,Col. of Charleston,charleston,2,2,1,1,0,0,0,1,2,943.96,1558.8960000000002,276.0,231.0,71.0,69.0,28.0,77.0,105.0,28.0,12.0,37.0,-0.40478,1.81,0.8943,0.9157,0.16634438408407135,110.11857917708379,113.8310542819611,12.154601764905292,-0.017194425611254713,0.07667958176193908,0.4883734823509471,0.5430514803593373,0.1373083278952498,0.06578258697402432,0.13846181045807027,0.9279709521589898,1.9635562311962373,-1.0355852790372473,340.98902666666675,86.48853166666667,132.95962500000002,-0.5532803839666667,2.296243366666667,10.084345603627272,83.00302978939784,10.785941289885164,1.2542614601607414,-3.7124751048773135,0.33246753246753247,0.4623376623376623,0.33246753246753247,0.05714285714285714,0.05454545454545454,0.07532467532467532,0.5662337662337662,0.11168831168831168,0.5454545454545454,0.09090909090909091,0.6155844155844156,0.33762057877813506,0.4053156146179402,0.8488745980707395,0.4752679609331071
2027,Charleston So.,charleston southern,4,4,0,0,0,0,0,0,0,17.03,29.726,5.0,5.0,0.0,0.0,0.0,0.0,0.0,0.0,0.0,1.0,-0.08674,0.0,0.0,-0.0027,0.17631,,126.47000000000001,2.5362,-0.2037,,0.5,0.5,0.0,0.0,0.16667,,,,3.8188916666666666,0.0,0.0,-0.06625013263333333,0.0,-9.3733,274.0,-1.7056,0.7637783333333333,,0.7272727272727273,0.05714285714285714,0.04155844155844156,0.05974025974025974,0.05714285714285714,0.07792207792207792,0.2,0.2025974025974026,0.05714285714285714,0.2051948051948052,0.05714285714285714,0.022508038585209004,,0.21543408360128619,0.12623710694450244
2027,Charlotte,charlotte,5,2,2,4,2,1,0,4,4,2315.73,3831.172,770.0,654.0,181.0,145.0,108.0,196.0,304.0,62.0,29.0,130.0,-0.75951,4.9516,1.3067,3.6449,0.1915757597820126,103.82160243206249,107.05960150794783,11.888548813980906,-0.013119351996994471,0.08555255578154622,0.49247239587516684,0.5211245840404538,0.11854576608671998,0.07487340341922419,0.15374713209225602,1.1624765063284581,0.8342904095036988,0.3281860968247594,984.4597366666668,197.82154833333337,384.01973333333336,-1.3260531459833336,6.462364283000001,12.563951995267152,71.90907834678484,10.83941658094856,1.2982462157649353,-3.237999075885341,0.8441558441558441,0.6831168831168831,0.8311688311688312,0.7636363636363637,0.4,0.08051948051948052,0.7948051948051948,0.07532467532467532,0.7324675324675325,0.015584415584415584,0.7818181818181819,0.3279742765273312,0.4152823920265781,0.9003215434083601,0.5598432696124207
2027,Chattanooga,chattanooga,2,2,1,1,1,1,1,0,0,833.82,1297.029,359.0,261.0,71.0,45.0,42.0,93.0,135.0,11.0,10.0,33.0,3.1756,2.4553,1.9628,0.4926,0.22494,120.79,118.07,18.9335,0.1523,0.11780000000000002,0.57663,0.61431,0.12743,0.10169,0.10146,-0.566,-0.36800000000000005,-0.19799999999999998,263.87636833333335,33.076425,99.229275,2.3341665606666666,1.8047232511666664,-11.0981,291.0,-2.8411,0.7350316666666666,2.720000000000013,0.33506493506493507,0.4649350649350649,0.33506493506493507,0.5818181818181818,0.4025974025974026,0.5688311688311688,0.509090909090909,0.7090909090909091,0.6,0.6935064935064935,0.5714285714285714,0.864951768488746,0.6212624584717608,0.17041800643086816,0.5565133246217734
2027,Chicago St.,chicago state,1,1,0,0,0,0,0,0,0,0.0,0.0,0.0,0.0,0.0,0.0,0.0,0.0,0.0,0.0,0.0,0.0,0.0,0.0,0.0,0.0,,,,,,,,,,,,,,,0.0,0.0,0.0,0.0,0.0,,,,,,0.03636363636363636,0.05974025974025974,0.04415584415584416,0.06233766233766234,0.05974025974025974,0.08311688311688312,0.025974025974025976,0.2571428571428571,0.05974025974025974,0.2571428571428571,0.05974025974025974,,,,0.10064935064935064
2027,Cincinnati,cincinnati,9,7,7,8,5,8,8,3,7,6768.0599999999995,11189.954,2945.0,2194.0,810.0,582.0,321.0,880.0,1201.0,247.0,92.0,406.0,27.33712,25.1494,14.177200000000001,10.9719,0.22443806974228953,118.07189977630222,106.55221109150924,19.02010964515681,0.1615772110471834,0.14863522043244295,0.5220306151245704,0.5774786802865223,0.16228689419124537,0.10370497661072745,0.13740702351929504,1.5761322373028608,1.2575876972130864,0.3185445400897747,3502.8708,715.0339150000001,1431.5384433333334,32.05501022081667,29.81918166166667,10.102723969645657,87.3069624087257,1.6787529096964275,1.2009070348814876,11.519688684792982,0.9922077922077922,1.0,0.9948051948051948,0.987012987012987,0.9948051948051948,1.0,1.0,1.0,1.0,1.0,1.0,0.8745980707395499,0.8704318936877077,0.8520900321543409,0.9424457137973713
2027,Clemson,clemson,3,3,3,3,2,3,3,1,2,2385.45,3989.469,1155.0,796.0,367.0,99.0,111.0,300.0,411.0,42.0,47.0,78.0,10.69572,9.0984,6.252000000000001,2.8465,0.22416423706218955,125.36643337735018,111.33662784799513,20.026416121905722,0.17936698736087534,0.1525639413947054,0.5631416542790668,0.6037192228300741,0.0911565918799388,0.09906696539437004,0.07326100861472679,2.6276636902890442,2.5153823848749712,0.11228130541407279,1301.882735,108.75614166666666,443.80794833333334,11.093715428666666,10.33112774,7.600526950470562,113.89210002305644,5.588267035989016,1.1790663188217458,14.029805529355045,0.5402597402597402,0.7974025974025974,0.7350649350649351,0.7662337662337663,0.7636363636363637,0.8545454545454545,0.8025974025974026,0.9064935064935065,0.8701298701298701,0.8961038961038961,0.8857142857142857,0.9356913183279743,0.9169435215946844,0.7588424437299035,0.8561850664958206
2027,Cleveland St.,cleveland state,7,6,1,4,1,3,1,0,0,1946.34,3298.6130000000003,705.0,579.0,182.0,104.0,87.0,196.0,283.0,60.0,18.0,94.0,2.1114100000000002,4.0275,1.8241,2.2134,0.1938015155111646,108.06902621278002,111.9430602566869,12.805522582385402,0.04338014940863364,0.08320051847185071,0.5148471054903049,0.5377529472753989,0.1097334001253635,0.08362902267846317,0.13337093642426298,-2.0725627743408075,-1.4152110965369797,-0.6573516778038276,579.203755,94.80482833333333,249.71370333333334,1.4768263609000003,3.547922089,-6.571100285664375,221.6176515922193,-2.975185750177256,0.8652783260547148,-3.8740340439068888,0.9662337662337662,0.4675324675324675,0.8337662337662337,0.5844155844155844,0.7662337662337663,0.5714285714285714,0.7506493506493507,0.6493506493506493,0.7064935064935065,0.625974025974026,0.6883116883116883,0.3890675241157556,0.3953488372093023,0.29260450160771706,0.5156411993429011
2027,Coastal Carolina,coastal carolina,3,3,0,1,0,1,0,0,2,429.81,746.477,161.0,118.0,47.0,34.0,17.0,39.0,56.0,11.0,0.0,24.0,0.21147000000000002,1.1728,0.6744,0.4984,0.19289242618831579,115.2059803168842,111.74810078872059,13.83777606616877,0.01972008096600824,0.10913579953933132,0.5298699727786697,0.5805830718224332,0.13374785928666155,0.07792502896628743,0.1461240078174077,-1.3309407412577652,-0.38125748586584773,-0.9496832553919173,190.99538500000003,40.3288,66.81647000000001,0.24612480725000005,1.3855474700000003,8.942769728484679,88.44978013540866,-2.120825776505898,1.186797261464368,3.457879528163602,0.5428571428571428,0.06233766233766234,0.33766233766233766,0.06493506493506493,0.4051948051948052,0.08571428571428572,0.38181818181818183,0.4649350649350649,0.4597402597402597,0.4727272727272727,0.5168831168831168,0.4919614147909968,0.6478405315614618,0.8038585209003215,0.48248952871700196
2027,Coker,coker,1,1,0,0,0,0,0,0,0,0.0,0.0,0.0,0.0,0.0,0.0,0.0,0.0,0.0,0.0,0.0,0.0,0.0,0.0,0.0,0.0,,,,,,,,,,,,,,,0.0,0.0,0.0,0.0,0.0,,,,,,0.03896103896103896,0.06493506493506493,0.046753246753246755,0.06753246753246753,0.06233766233766234,0.08831168831168831,0.02857142857142857,0.2597402597402597,0.06233766233766234,0.2597402597402597,0.06233766233766234,,,,0.10389610389610389
2027,Colorado,colorado,3,3,2,2,2,3,2,0,0,1776.46,2972.524,864.0,525.0,362.0,109.0,133.0,401.0,534.0,41.0,39.0,117.0,9.92246,7.1005,4.8431,2.3122000000000003,0.2313646241401439,122.901289041364,110.10722673181496,23.27951566936492,0.22340347770284724,0.16348814915441556,0.5554121346948426,0.6311127718046002,0.12505029980973398,0.17581027256453846,0.14564968127624603,-1.0822475147202864,0.052298740191166704,-1.1345462549114531,704.3251033333333,87.0072,428.56785,7.989338085833334,5.911026119666667,-5.451261159834728,227.59429427062813,-5.853473911036557,0.8378168248464175,12.794062309549034,0.5454545454545454,0.6857142857142857,0.574025974025974,0.7688311688311689,0.7688311688311689,0.7610389610389611,0.7142857142857143,0.9012987012987013,0.8285714285714286,0.8311688311688312,0.7740259740259741,0.9839228295819936,0.9003322259136213,0.3408360128617363,0.7471836962217366
2027,Colorado St.,colorado state,2,2,1,1,1,1,1,0,0,881.53,1436.845,384.0,305.0,68.0,113.0,5.0,81.0,86.0,38.0,4.0,64.0,4.07135,3.2644,1.1649,2.0995,0.23952,109.45,98.19,17.0166,0.1847,0.1481,0.52623,0.57331,0.26686,0.056010000000000004,0.16042999999999996,3.082,0.975,2.107,350.17663999999996,103.04677166666666,78.42497666666667,3.7127387064166664,2.9768662073333334,-2.8849,201.0,-8.9873,0.9119183333333333,11.260000000000005,0.33766233766233766,0.4701298701298701,0.34025974025974026,0.587012987012987,0.4077922077922078,0.574025974025974,0.535064935064935,0.7480519480519481,0.6649350649350649,0.7220779220779221,0.6571428571428571,0.7459807073954984,0.8571428571428571,0.42443729903536975,0.6302823497127585
2027,Concordia-St. Paul,concordia st paul,2,2,0,0,0,0,0,0,0,0.0,0.0,0.0,0.0,0.0,0.0,0.0,0.0,0.0,0.0,0.0,0.0,0.0,0.0,0.0,0.0,,,,,,,,,,,,,,,0.0,0.0,0.0,0.0,0.0,,,,,,0.34025974025974026,0.06753246753246753,0.04935064935064935,0.07012987012987013,0.06493506493506493,0.09090909090909091,0.03116883116883117,0.2623376623376623,0.06493506493506493,0.2623376623376623,0.06493506493506493,,,,0.10649350649350649
2027,UConn,connecticut,3,3,2,3,0,3,3,1,3,1778.59,2890.35,525.0,369.0,147.0,68.0,164.0,262.0,426.0,56.0,111.0,76.0,8.27172,7.2521,3.0871,4.165,0.1465526186473555,122.26540371867603,98.55059063640299,17.931370695326073,0.1860141078044968,0.1631066204127989,0.5852009072355068,0.6062921356242866,0.06774122642092893,0.13966340814915187,0.15253813380261896,3.400652443789743,0.9370021815033254,2.463650262286418,724.1585816666667,95.04761166666667,579.7552900000001,11.143120496200002,9.974587352833334,24.24918510224391,33.80925901978534,11.075454485856774,1.3770381522535642,23.71481308227304,0.548051948051948,0.6883116883116883,0.7376623376623377,0.07272727272727272,0.7714285714285715,0.8571428571428571,0.7168831168831169,0.8597402597402597,0.8337662337662337,0.8987012987012987,0.8701298701298701,0.8070739549839229,0.9933554817275747,0.9967845659163987,0.8530342823791244
2027,Coppin St.,coppin state,1,1,0,0,0,0,0,0,0,36.96,58.68,8.0,13.0,2.0,0.0,0.0,1.0,1.0,1.0,0.0,2.0,-0.31382,-0.1132,-0.1527,0.0396,0.23667,55.03,112.69,-5.5683,-0.3396,-0.12249999999999998,0.23077,0.28777,0.0,0.01641,0.12594,-0.635,0.028,-0.663,7.916213333333333,0.0,0.9895266666666667,-0.3105332585333333,-0.11201441866666666,-0.6284,177.0,-5.8089,0.9895266666666666,-57.66,0.04155844155844156,0.07012987012987013,0.05194805194805195,0.07532467532467532,0.06753246753246753,0.09350649350649351,0.21038961038961038,0.13506493506493505,0.012987012987012988,0.13246753246753246,0.007792207792207792,0.003215434083601286,0.0,0.5048231511254019,0.1326882579983177
2027,Cornell,cornell,1,1,0,0,0,0,0,0,0,0.0,0.0,0.0,0.0,0.0,0.0,0.0,0.0,0.0,0.0,0.0,0.0,0.0,0.0,0.0,0.0,,,,,,,,,,,,,,,0.0,0.0,0.0,0.0,0.0,,,,,,0.04415584415584416,0.07272727272727272,0.05454545454545454,0.07792207792207792,0.07012987012987013,0.09610389610389611,0.033766233766233764,0.2649350649350649,0.06753246753246753,0.2649350649350649,0.06753246753246753,,,,0.10974025974025974
2027,Cornell College,cornell college,1,1,0,0,0,0,0,0,0,0.0,0.0,0.0,0.0,0.0,0.0,0.0,0.0,0.0,0.0,0.0,0.0,0.0,0.0,0.0,0.0,,,,,,,,,,,,,,,0.0,0.0,0.0,0.0,0.0,,,,,,0.046753246753246755,0.07532467532467532,0.05714285714285714,0.08051948051948052,0.07272727272727272,0.0987012987012987,0.03636363636363636,0.2675324675324675,0.07012987012987013,0.2675324675324675,0.07012987012987013,,,,0.11233766233766233
2027,Creighton,creighton,4,4,3,3,2,4,3,3,4,2721.17,4757.49,1152.0,883.0,263.0,180.0,136.0,363.0,499.0,79.0,76.0,134.0,9.70679,9.4053,5.2363,4.169,0.20004585505499473,119.40180014479066,107.5692356229122,17.147428428212866,0.1426503463583679,0.13823640603122922,0.5612815959679108,0.5903934617094853,0.1241976380013009,0.10075506796708769,0.13077041992966262,3.627615433802372,1.8763506653388062,1.7512647684635654,1533.8918133333334,240.2738,653.5871416666666,12.840341394683334,12.4771790525,15.442185935829073,53.49819379164109,7.556289016121742,1.325074429399854,11.832564521878453,0.7298701298701299,0.8,0.7402597402597403,0.7714285714285715,0.8623376623376623,0.8597402597402597,0.8311688311688312,0.8961038961038961,0.8857142857142857,0.922077922077922,0.9246753246753247,0.7556270096463023,0.8803986710963455,0.9389067524115756,0.8646935015823287
2027,CSU Pueblo,csu pueblo,1,1,0,0,0,0,0,0,0,0.0,0.0,0.0,0.0,0.0,0.0,0.0,0.0,0.0,0.0,0.0,0.0,0.0,0.0,0.0,0.0,,,,,,,,,,,,,,,0.0,0.0,0.0,0.0,0.0,,,,,,0.04935064935064935,0.07792207792207792,0.05974025974025974,0.08311688311688312,0.07532467532467532,0.1012987012987013,0.03896103896103896,0.2701298701298701,0.07272727272727272,0.2701298701298701,0.07272727272727272,,,,0.11493506493506493
2027,Davidson,davidson,2,2,1,2,1,1,1,0,1,1221.82,2089.1059999999998,570.0,432.0,120.0,72.0,38.0,161.0,199.0,26.0,9.0,43.0,4.172,4.063,2.412,1.651,0.2261411721857557,117.19128251297244,109.58142017645808,18.252305874842445,0.13660870504656988,0.13305808547903944,0.5651519330179569,0.58160240673749,0.11061443338625984,0.0972681820562767,0.08090574094383789,-0.5240391874416854,-0.39118870210014567,-0.13285048534153965,624.9560000000001,78.87044,222.57653000000002,4.462297572666667,4.465557303333334,5.809566486061777,109.3445843086543,-2.7881718338216763,1.1114207292399862,7.609862336514354,0.34285714285714286,0.4727272727272727,0.5766233766233766,0.5896103896103896,0.4103896103896104,0.5766233766233766,0.6285714285714286,0.7506493506493507,0.7116883116883117,0.7584415584415585,0.7324675324675325,0.8263665594855305,0.7674418604651163,0.7138263665594855,0.6999775112454178
2027,Davis & Elkins,davis and elkins,1,1,0,0,0,0,0,0,0,0.0,0.0,0.0,0.0,0.0,0.0,0.0,0.0,0.0,0.0,0.0,0.0,0.0,0.0,0.0,0.0,,,,,,,,,,,,,,,0.0,0.0,0.0,0.0,0.0,,,,,,0.05194805194805195,0.08051948051948052,0.06233766233766234,0.08571428571428572,0.07792207792207792,0.1038961038961039,0.04155844155844156,0.2727272727272727,0.07532467532467532,0.2727272727272727,0.07532467532467532,,,,0.11753246753246753
2027,Dayton,dayton,6,6,3,4,2,4,3,1,3,2355.58,4032.3109999999997,867.0,697.0,180.0,141.0,106.0,267.0,373.0,106.0,35.0,82.0,9.16412,7.2226,3.893,3.3297,0.18037040945329813,118.57182209901595,108.85590988206727,16.20654995882118,0.15561584832610226,0.1226495928815833,0.5241139910765077,0.5583044873449426,0.10847175757138369,0.0883174618565279,0.09098014684281579,0.46010066735156524,0.24288790871038124,0.21721275864118386,882.0158966666667,148.21191833333333,367.99068666666665,8.943969470816667,7.0822740185,1.7592052734358419,163.23990269912295,0.4723687979181345,1.0316668559901738,9.71591221694868,0.9090909090909091,0.8025974025974026,0.8363636363636363,0.7740259740259741,0.8649350649350649,0.8623376623376623,0.7974025974025974,0.8805194805194805,0.8311688311688312,0.8571428571428571,0.8077922077922078,0.6720257234726688,0.8172757475083057,0.6109324758842444,0.7664527159714691
2027,Delaware,delaware,2,2,2,2,0,0,0,0,1,1644.46,2706.888,576.0,482.0,170.0,113.0,32.0,96.0,128.0,46.0,4.0,72.0,-1.25129,2.3695,1.462,0.9075,0.19790959670651764,107.39112596232196,118.51093441007991,11.600482469625288,-0.030402875107938168,0.05764070637169648,0.4473877539131386,0.5180527294066137,0.13574590759276603,0.0453167674494971,0.11453820573318901,-2.2583226712720283,-0.9787221215474988,-1.2796005497245297,479.17848000000004,89.91103666666666,126.30789333333334,-0.8142024175666666,2.2606688696666666,-6.081198727849873,236.28708512216778,-3.066710145579704,0.8327592841013666,-11.119808447757947,0.34545454545454546,0.6909090909090909,0.5792207792207792,0.08831168831168831,0.08051948051948052,0.10649350649350649,0.6935064935064935,0.03896103896103896,0.5922077922077922,0.046753246753246755,0.6077922077922078,0.3086816720257235,0.21262458471760798,0.31511254019292606,0.4107685479853281
2027,Delaware St.,delaware state,2,2,0,0,0,0,0,0,0,0.0,0.0,0.0,0.0,0.0,0.0,0.0,0.0,0.0,0.0,0.0,0.0,0.0,0.0,0.0,0.0,,,,,,,,,,,,,,,0.0,0.0,0.0,0.0,0.0,,,,,,0.34805194805194806,0.08311688311688312,0.06493506493506493,0.09090909090909091,0.08311688311688312,0.10909090909090909,0.04415584415584416,0.2753246753246753,0.07792207792207792,0.2753246753246753,0.07792207792207792,,,,0.12012987012987013
2027,Denver,denver,3,3,0,2,2,0,0,0,0,763.1899999999999,1333.99,262.0,215.0,104.0,33.0,27.0,89.0,116.0,13.0,26.0,52.0,-1.48481,0.21140000000000003,-0.0427,0.2541,0.20264592080609023,94.13452888533655,120.93359897273288,9.85763988914949,-0.07780745947929087,0.011068778416907978,0.45274724760544555,0.4925978086714973,0.07895392143502929,0.08489094943592028,0.17976860178985576,-3.413301772821971,-2.5342818040068655,-0.879019968815105,178.36912666666666,24.205506666666665,73.35038666666667,-1.0606789564,0.15723272933333335,-15.42890767960796,304.2454041588595,-3.4185427586839445,0.6739762337032716,-26.79907008739633,0.5506493506493506,0.08571428571428572,0.5818181818181818,0.7766233766233767,0.08571428571428572,0.11168831168831168,0.4727272727272727,0.025974025974025976,0.3038961038961039,0.033766233766233764,0.2883116883116883,0.17363344051446947,0.046511627906976744,0.08038585209003216,0.16872148586156555
2027,DePaul,depaul,6,6,5,6,3,6,5,1,3,4855.66,8162.784000000001,1985.0,1481.0,538.0,311.0,243.0,687.0,930.0,206.0,119.0,294.0,20.65193,14.936399999999999,7.078,7.8584,0.21271529886771315,112.25430096011667,106.60193940679535,17.73739696601492,0.1701153921403064,0.12305177710136211,0.5355172165060981,0.5735221311006126,0.12607442320920328,0.11058337463908098,0.15090423623153187,2.3029553799071603,1.5339751465300289,0.7689802333771311,2156.6853316666666,342.27833333333336,1029.1423766666667,22.290246303916668,16.457208726833333,6.832513453989776,113.15422208309477,2.9239746798581447,1.1262460862786934,5.652361553321313,0.9116883116883117,0.9506493506493506,0.9662337662337662,0.9064935064935065,0.9714285714285714,0.974025974025974,0.974025974025974,0.9844155844155844,0.9688311688311688,0.9818181818181818,0.9636363636363636,0.7877813504823151,0.6976744186046512,0.7363344051446945,0.8702742920516473
2027,Detroit Mercy,detroit,1,1,0,0,0,0,0,0,0,0.0,0.0,0.0,0.0,0.0,0.0,0.0,0.0,0.0,0.0,0.0,0.0,0.0,0.0,0.0,0.0,,,,,,,,,,,,,,,0.0,0.0,0.0,0.0,0.0,,,,,,0.05454545454545454,0.08831168831168831,0.06753246753246753,0.09350649350649351,0.08831168831168831,0.11428571428571428,0.046753246753246755,0.2779220779220779,0.08051948051948052,0.2779220779220779,0.08051948051948052,,,,0.12337662337662338
2027,Utah Tech,dixie state,2,2,1,2,0,0,0,0,0,1143.5,1865.018,211.0,255.0,51.0,125.0,16.0,118.0,134.0,55.0,14.0,91.0,-2.19646,0.36310000000000003,-1.7752000000000001,2.1383,0.16914007608220377,77.25712400524704,103.74481442938347,5.6730649960647135,-0.07684241626585046,0.012677029296020988,0.36052541705290775,0.3872143158723218,0.21599312050721467,0.06566151622212504,0.25376393065150854,-1.0194298294709228,-1.3022057892435503,0.28277595977262787,151.29471,84.88772333333333,89.37801999999999,-1.4898677572666665,0.21486780766666666,-12.643360937472671,289.02894621775255,-7.754178362046349,0.7003157086139047,-26.48769042413643,0.35064935064935066,0.4753246753246753,0.5844155844155844,0.09610389610389611,0.09090909090909091,0.11688311688311688,0.612987012987013,0.005194805194805195,0.33506493506493507,0.007792207792207792,0.3142857142857143,0.05787781350482315,0.053156146179401995,0.13183279742765272,0.23617948107164116
2027,Drake,drake,2,2,2,2,1,2,1,0,1,1343.46,2209.27,520.0,354.0,193.0,97.0,110.0,188.0,298.0,47.0,20.0,74.0,4.76008,5.048299999999999,2.9549000000000003,2.0936,0.19260597427537848,121.3732913521802,107.30226340940555,19.28850455391303,0.1417251395650038,0.15031088979202953,0.5269743853929405,0.5902942954758608,0.1332357804475012,0.12519456909770293,0.14508768329537164,0.0015081952570230928,1.0683971089574678,-1.0668889137004451,482.40921000000003,109.5112,248.73716000000002,3.8411246152,4.723263247,-0.7575645661203163,190.20334062793086,-3.0521589626784573,0.9559816978547929,14.071027942774649,0.35324675324675325,0.6935064935064935,0.587012987012987,0.5922077922077922,0.6311688311688312,0.5792207792207792,0.6571428571428571,0.7636363636363637,0.7402597402597403,0.7324675324675325,0.7376623376623377,0.9035369774919614,0.920265780730897,0.4983922829581994,0.7347106088514684
2027,Duke,duke,2,2,2,2,2,2,2,1,2,1801.12,3039.3869999999997,972.0,652.0,324.0,157.0,104.0,249.0,353.0,61.0,42.0,110.0,10.77108,7.8271999999999995,5.1289,2.6982,0.2559952882650795,121.99779692635693,107.883476947677,22.63860808830061,0.23919386381806873,0.17379572044061475,0.5878819763258418,0.6133160722217287,0.1655948287732078,0.11435775828373457,0.12354391289864086,1.994357266589678,1.797258439193391,0.19709882739628665,1338.3431866666667,210.43748,471.9081266666667,14.469417165333333,10.650214475999999,19.051047181753574,39.68148707470907,8.421714819667763,1.3699747965710225,14.11431997867993,0.35584415584415585,0.6961038961038961,0.5896103896103896,0.7792207792207793,0.6337662337662338,0.7636363636363637,0.7220779220779221,0.9090909090909091,0.8493506493506493,0.935064935064935,0.8935064935064935,0.9710610932475884,0.9235880398671097,0.9678456591639871,0.8727497198617046
2027,Duquesne,duquesne,3,3,2,2,2,2,1,0,1,1935.77,3322.344,915.0,757.0,282.0,195.0,45.0,158.0,203.0,61.0,21.0,110.0,2.2829800000000002,3.8165999999999998,2.8303000000000003,0.9863,0.25417187656591433,110.25206181519498,118.97240818898939,15.850058978597664,0.04719712414181437,0.0788735438610992,0.46347805911859363,0.520656084865454,0.18079450378918982,0.060870662268761276,0.11671192745005865,1.1380376491008746,0.8372441767358726,0.30079347236500203,760.71606,175.14151,185.10374333333334,1.8448534106666665,3.2704982353333336,-5.057159869715926,225.31499093384028,-4.773870284692912,0.8728946589643054,-8.720346373794413,0.5532467532467532,0.6987012987012987,0.5922077922077922,0.7818181818181819,0.6363636363636364,0.5818181818181818,0.7454545454545455,0.6571428571428571,0.6909090909090909,0.6623376623376623,0.6753246753246753,0.6495176848874598,0.26578073089701,0.3504823151125402,0.5782284161021704
2027,East Carolina,east carolina,4,4,3,3,1,2,2,0,0,2370.12,4071.12,949.0,791.0,274.0,280.0,83.0,344.0,427.0,106.0,20.0,210.0,5.40273,5.251,1.5276,3.7232,0.2296700856918637,103.45801166185679,107.03053765210201,14.847605779454204,0.09118140811435707,0.08859226157325367,0.4651655718275869,0.5162718158996169,0.22067223018243806,0.09720640300913035,0.1888286369466525,0.41776658143891454,-0.19762420890081478,0.6153907903397295,886.5886683333333,272.110905,396.36605999999995,4.857984241883333,4.949000158666666,-2.1604167379710733,191.5686674092451,-3.757351899903803,0.9531340261322915,-3.572525990245225,0.7324675324675325,0.8051948051948052,0.7428571428571429,0.5948051948051948,0.638961038961039,0.7662337662337663,0.8,0.7844155844155845,0.7454545454545455,0.7844155844155845,0.7454545454545455,0.5659163987138264,0.4119601328903654,0.4533762057877814,0.6523310960652726
2027,ETSU,east tennessee state,2,2,2,2,2,2,0,0,0,1876.27,3109.61,690.0,627.0,128.0,137.0,38.0,107.0,145.0,56.0,6.0,89.0,1.3974,3.3353,1.1248,2.2104999999999997,0.21650876179867504,103.42436946708096,111.51134431611656,12.255704185964705,0.029790543471888378,0.07109495808172596,0.47550940845400713,0.5049948724863692,0.14429707920501847,0.04499999882746086,0.11230921263997184,0.24488427038752422,0.09401887788004924,0.15086539250747497,625.93097,120.67775166666667,132.44535333333334,1.29206913665,3.0253240946666664,-4.375543032186199,215.29202087119657,-6.967158755935978,0.9073263787105977,-8.086974849035599,0.35844155844155845,0.7012987012987013,0.5948051948051948,0.7844155844155845,0.6415584415584416,0.11948051948051948,0.7428571428571429,0.5974025974025974,0.6675324675324675,0.6103896103896104,0.6597402597402597,0.34726688102893893,0.27906976744186046,0.3729903536977492,0.530516102350609
2027,Eastern Ill.,eastern illinois,1,1,0,0,0,0,0,0,0,0.0,0.0,0.0,0.0,0.0,0.0,0.0,0.0,0.0,0.0,0.0,0.0,0.0,0.0,0.0,0.0,,,,,,,,,,,,,,,0.0,0.0,0.0,0.0,0.0,,,,,,0.05714285714285714,0.09090909090909091,0.07012987012987013,0.0987012987012987,0.09350649350649351,0.12207792207792208,0.04935064935064935,0.2805194805194805,0.08311688311688312,0.2805194805194805,0.08311688311688312,,,,0.12597402597402596
2027,Eastern Ky.,eastern kentucky,3,3,1,1,0,1,1,0,0,925.23,1531.586,222.0,171.0,54.0,16.0,78.0,111.0,189.0,17.0,49.0,33.0,1.42645,2.5059,0.9923,1.5134999999999998,0.1263507671605979,116.28878160025076,106.39785264204578,13.106556254120594,0.061660032640532624,0.10833432659987247,0.552129274450677,0.5759088609318764,0.030903159971034228,0.11909744258184453,0.14807892707759152,-1.352348324200469,-1.6634852955481338,0.311136971347665,206.08562999999998,14.902239999999999,170.682935,1.2682733657499998,2.2878521051666665,-2.7672580147638963,201.19337894361402,-7.557787337202641,0.9211909447200516,9.89092895820498,0.5558441558441558,0.4779220779220779,0.34285714285714286,0.1012987012987013,0.412987012987013,0.5844155844155844,0.5558441558441558,0.6051948051948052,0.612987012987013,0.6077922077922078,0.612987012987013,0.4340836012861736,0.8272425249169435,0.43086816720257237,0.5638199639930206
2027,Eastern Mich.,eastern michigan,3,3,1,1,1,1,1,0,0,663.73,1199.361,312.0,236.0,86.0,60.0,17.0,85.0,102.0,26.0,24.0,69.0,1.28465,1.2258,0.2085,1.0173,0.25527,99.79000000000002,107.65,14.4869,0.0774,0.0739,0.52542,0.56976,0.17371,0.08785,0.20125999999999997,-0.177,-0.798,0.621,319.06316,61.3583,104.30911,1.3137323349166667,1.2535500689999999,1.3583,145.0,-2.4783,1.0226383333333333,-7.859999999999985,0.5584415584415584,0.4805194805194805,0.34545454545454546,0.5974025974025974,0.4155844155844156,0.587012987012987,0.45194805194805193,0.5844155844155844,0.4779220779220779,0.6155844155844156,0.4961038961038961,0.5337620578778135,0.2857142857142857,0.594855305466238,0.4940696418877402
2027,Eastern Wash.,eastern washington,1,1,0,0,0,0,0,0,0,0.0,0.0,0.0,0.0,0.0,0.0,0.0,0.0,0.0,0.0,0.0,0.0,0.0,0.0,0.0,0.0,,,,,,,,,,,,,,,0.0,0.0,0.0,0.0,0.0,,,,,,0.05974025974025974,0.09350649350649351,0.07272727272727272,0.1038961038961039,0.09610389610389611,0.12467532467532468,0.05194805194805195,0.2831168831168831,0.08571428571428572,0.2831168831168831,0.08571428571428572,,,,0.12857142857142856
2027,Elon,elon,1,1,0,1,0,1,0,0,0,348.19,579.837,94.0,73.0,18.0,14.0,16.0,47.0,63.0,4.0,1.0,11.0,0.37343,0.8786,0.4315,0.4472,0.13827,117.00000000000001,110.22,11.724,0.0429,0.1009,0.55479,0.58096,0.07294,0.10531,0.11967,-1.703,-1.018,-0.685,94.88986666666668,14.132533333333335,63.5964,0.37696513733333337,0.8869174133333334,0.568,165.0,0.2503,1.0094666666666667,6.780000000000015,0.06233766233766234,0.09610389610389611,0.34805194805194806,0.10649350649350649,0.41818181818181815,0.12727272727272726,0.35584415584415585,0.5012987012987012,0.42077922077922075,0.5012987012987012,0.44155844155844154,0.31189710610932475,0.7275747508305648,0.5530546623794212,0.4267616734463579
2027,Evansville,evansville,1,1,1,1,0,1,0,0,0,604.4,1020.644,222.0,138.0,88.0,24.0,49.0,67.0,116.0,10.0,17.0,40.0,0.18328,1.1797,0.7466,0.4331,0.18049,111.9,116.61000000000001,15.363599999999998,0.0121,0.0781,0.63406,0.62818,0.0951,0.11385,0.18457,-2.406,1.016,-3.422,130.83569999999997,14.144399999999997,68.3646,0.10801606799999999,0.6952561949999999,-17.439,334.0,-1.5094,0.5893499999999999,-4.710000000000008,0.06493506493506493,0.4831168831168831,0.35064935064935066,0.10909090909090909,0.42077922077922075,0.12987012987012986,0.43376623376623374,0.45454545454545453,0.4623376623376623,0.44675324675324674,0.4051948051948052,0.6012861736334405,0.36212624584717606,0.03858520900321544,0.3958326853307144
2027,Fairfield,fairfield,1,1,1,1,0,1,1,0,0,1023.86,1619.965,388.0,283.0,84.0,34.0,71.0,155.0,226.0,28.0,82.0,30.0,6.57523,4.2379,2.0698,2.1681,0.18833,121.51,101.12,22.3889,0.2569,0.1656,0.59717,0.60625,0.07063,0.13378,0.08572,-0.802,0.597,-1.399,288.55236666666667,25.28551666666667,168.07431666666668,4.889943757416668,3.1516909141666667,-10.5785,285.0,-10.9797,0.7436916666666668,20.39,0.06753246753246753,0.4857142857142857,0.35324675324675325,0.11168831168831168,0.42337662337662335,0.5896103896103896,0.5844155844155844,0.812987012987013,0.7194805194805195,0.787012987012987,0.6727272727272727,0.9678456591639871,0.9800664451827242,0.1864951768488746,0.6663253444379594
2027,FDU,fairleigh dickinson,2,2,0,0,0,0,0,0,0,169.01,292.587,34.0,26.0,4.0,1.0,13.0,32.0,45.0,5.0,3.0,7.0,-0.17032,0.4074,0.1269,0.2805,0.10276000000000002,112.54,106.11,11.2582,-0.0403,0.0964,0.57692,0.61151,0.00981,0.15486,0.20138,0.648,-0.861,1.509,33.822293333333334,0.9947733333333333,44.7648,-0.1694297941333333,0.40527065599999995,-0.3136,172.0,-6.8697,0.9947733333333333,6.430000000000007,0.36103896103896105,0.0987012987012987,0.07532467532467532,0.11428571428571428,0.0987012987012987,0.13246753246753246,0.2831168831168831,0.18441558441558442,0.34285714285714286,0.18441558441558442,0.36883116883116884,0.2797427652733119,0.7142857142857143,0.5209003215434084,0.34999910516676713
2027,Fayetteville St.,fayetteville state,1,1,0,0,0,0,0,0,0,0.0,0.0,0.0,0.0,0.0,0.0,0.0,0.0,0.0,0.0,0.0,0.0,0.0,0.0,0.0,0.0,,,,,,,,,,,,,,,0.0,0.0,0.0,0.0,0.0,,,,,,0.07012987012987013,0.1012987012987013,0.07792207792207792,0.11688311688311688,0.1012987012987013,0.13506493506493505,0.05454545454545454,0.2857142857142857,0.08831168831168831,0.2857142857142857,0.08831168831168831,,,,0.13246753246753246
2027,Ferris St.,ferris state,2,2,0,0,0,0,0,0,0,162.95000000000002,275.192,40.0,43.0,8.0,3.0,13.0,22.0,35.0,5.0,2.0,10.0,-0.30421000000000004,0.096,-0.1377,0.2342,0.1797153384473765,86.47,108.66002700214788,6.861525780914392,-0.07467609082540656,0.0237,0.40698,0.43011,0.032992903344584226,0.12453154955507825,0.17693,-1.335,-1.157,-0.178,34.022933333333334,2.55172,29.770066666666665,-0.26026442743333333,0.08165504,-6.517963829395519,242.43939858852406,-0.9509830561521939,0.8515808319525416,-22.190027002147886,0.36363636363636365,0.1038961038961039,0.08051948051948052,0.11948051948051948,0.1038961038961039,0.13766233766233765,0.2753246753246753,0.13766233766233765,0.2727272727272727,0.14285714285714285,0.2727272727272727,0.08681672025723473,0.07641196013289037,0.2958199356913183,0.17912197298380544
2027,FIU,fiu,1,1,0,0,0,0,0,1,1,0.0,0.0,0.0,0.0,0.0,0.0,0.0,0.0,0.0,0.0,0.0,0.0,0.0,0.0,0.0,0.0,,,,,,,,,,,,,,,0.0,0.0,0.0,0.0,0.0,,,,,,0.07272727272727272,0.10649350649350649,0.08311688311688312,0.12207792207792208,0.10649350649350649,0.14025974025974025,0.05714285714285714,0.2883116883116883,0.09090909090909091,0.2883116883116883,0.09090909090909091,,,,0.1357142857142857
2027,Flagler,flagler,2,2,0,0,0,0,0,0,0,170.47,279.191,34.0,36.0,5.0,4.0,10.0,18.0,28.0,2.0,1.0,12.0,-0.7926,-0.1236,-0.2204,0.0968,0.16107,79.86,118.31,5.2652,-0.186,-0.029000000000000005,0.45833,0.44503,0.04651,0.10129000000000002,0.23904,-5.578,-3.05,-2.528,20.53639666666667,2.416046666666667,16.91232666666667,-0.47873964700000005,-0.07465584200000001,-16.5593,330.0,-7.415799999999999,0.6040116666666667,-38.45,0.36623376623376624,0.10909090909090909,0.08571428571428572,0.12467532467532468,0.10909090909090909,0.14285714285714285,0.2883116883116883,0.06493506493506493,0.01038961038961039,0.0987012987012987,0.012987012987012988,0.03858520900321544,0.009966777408637873,0.06109324758842444,0.08839087758445527
2027,Florida,florida,1,1,1,1,1,1,1,1,1,1100.3,1871.834,485.0,374.0,124.0,123.0,23.0,66.0,89.0,24.0,3.0,47.0,2.13238,3.5226,2.5187,1.004,0.2147,121.34,114.45,16.2286,0.0775,0.1281,0.51604,0.5658,0.20312,0.04522,0.09883,7.247,3.543,3.704,703.25,178.35,129.04999999999998,3.091951,5.10777,21.0942,29.0,16.3561,1.45,6.890000000000001,0.07532467532467532,0.4883116883116883,0.35584415584415585,0.6,0.42597402597402595,0.5922077922077922,0.6025974025974026,0.6519480519480519,0.6727272727272727,0.7116883116883117,0.7506493506493507,0.6752411575562701,0.7408637873754153,0.9839228295819936,0.7076106468229189
2027,Fla. Atlantic,florida atlantic,4,4,2,2,2,2,2,1,2,1982.61,3306.1859999999997,952.0,694.0,328.0,175.0,52.0,237.0,289.0,85.0,21.0,117.0,6.97043,5.9708,3.7714000000000003,2.1994,0.24796250472861533,113.86543268721533,112.28748937007279,18.94345842298788,0.1406180882775735,0.12045957601343685,0.5120206626114062,0.5788799294868885,0.19463922995445399,0.08298544978588832,0.14301048466415484,-0.2921974367122127,1.0232046544706221,-1.3154020911828346,625.0188400000001,116.21445833333334,212.77636333333336,4.3764403280333335,4.020918019666667,-12.003435432081952,297.24823338932015,-5.788767931665834,0.6957128640025019,1.577943317142541,0.7350649350649351,0.7038961038961039,0.5974025974025974,0.787012987012987,0.6441558441558441,0.7688311688311689,0.7636363636363637,0.825974025974026,0.7792207792207793,0.7558441558441559,0.7038961038961039,0.8681672025723473,0.5880398671096345,0.14790996784565916,0.6473413949714812
2027,FGCU,florida gulf coast,2,2,0,0,0,1,0,0,0,112.54,187.918,26.0,21.0,8.0,3.0,5.0,15.0,20.0,2.0,8.0,6.0,0.01528,0.0909,0.0071,0.0838,0.14406,97.92,116.36,9.159600000000001,0.0054,0.0323,0.5,0.53061,0.04757999999999999,0.11685,0.19658999999999996,-0.9349999999999999,-0.712,-0.223,28.30134666666667,3.2655400000000006,21.770266666666668,0.016632483733333335,0.09894586200000001,2.3108,139.0,10.5717,1.0885133333333334,-18.439999999999998,0.36883116883116884,0.11168831168831168,0.08831168831168831,0.12727272727272726,0.42857142857142855,0.14545454545454545,0.2571428571428571,0.42597402597402595,0.2701298701298701,0.42857142857142855,0.2779220779220779,0.1382636655948553,0.10963455149501661,0.6270096463022508,0.278604648388114
2027,Florida St.,florida state,5,5,4,5,3,4,3,1,4,3810.41,6415.7699999999995,1562.0,1197.0,546.0,297.0,149.0,413.0,562.0,132.0,69.0,236.0,8.9481,9.5302,4.9058,4.6244,0.224426808821098,110.52736429937984,111.0804905246417,15.790080705225945,0.09393363627536144,0.10005294443380108,0.49195863652467847,0.5471693170551201,0.14998884755183822,0.0862792857723972,0.14410013284659656,0.25556239092381144,0.4057264257652064,-0.15016403484139504,1784.040835,350.89061333333336,667.99705,9.731628110416667,11.032188794333333,7.936020130117232,112.09505013896143,6.854569724517835,1.182656015424412,-0.5531262252618632,0.8467532467532467,0.9064935064935065,0.9116883116883117,0.9090909090909091,0.8675324675324675,0.8649350649350649,0.935064935064935,0.8727272727272727,0.8909090909090909,0.8805194805194805,0.9064935064935065,0.6366559485530546,0.5149501661129569,0.77491961414791,0.7935853081979072
2027,Fordham,fordham,2,2,1,1,1,1,1,1,1,1139.06,1830.286,526.0,424.0,126.0,145.0,14.0,83.0,97.0,38.0,0.0,64.0,2.55307,3.0913,2.4612,0.6301000000000001,0.25004504240338526,116.15923024248065,118.46174512317174,18.090871899636543,0.08962617421382545,0.10855425175144418,0.5028378617456498,0.5475904802205328,0.25857539234105315,0.05165978613944832,0.11809581777957263,-2.3549565957895107,-1.0828256983828772,-1.2721308974066337,337.77394,93.98892000000001,62.05096,1.5581872462000002,1.950267802,-14.063317368707532,314.9298193247064,-7.187549251136902,0.6510841086509931,-2.302514880691092,0.37142857142857144,0.4909090909090909,0.35844155844155845,0.6025974025974026,0.43116883116883115,0.5948051948051948,0.6103896103896104,0.6805194805194805,0.6545454545454545,0.638961038961039,0.5766233766233766,0.8167202572347267,0.46179401993355484,0.09967845659163987,0.5278679786632912
2027,Francis Marion,francis marion,3,2,0,0,0,0,0,0,0,0.0,0.0,0.0,0.0,0.0,0.0,0.0,0.0,0.0,0.0,0.0,0.0,0.0,0.0,0.0,0.0,,,,,,,,,,,,,,,0.0,0.0,0.0,0.0,0.0,,,,,,0.561038961038961,0.11428571428571428,0.09090909090909091,0.12987012987012986,0.11168831168831168,0.14805194805194805,0.05974025974025974,0.2909090909090909,0.09350649350649351,0.2909090909090909,0.09350649350649351,,,,0.1396103896103896
2027,Fresno St.,fresno state,3,3,0,1,0,1,0,1,2,401.70000000000005,686.588,140.0,122.0,43.0,26.0,10.0,42.0,52.0,18.0,4.0,26.0,0.29656,0.9276,0.1063,0.8211999999999999,0.2064366293253672,99.42420263878515,101.87567637540451,11.727336704007966,0.029541090365944732,0.09237488673139159,0.47939332387353745,0.4886855205377147,0.13805224147373663,0.07212399402539207,0.1376277206870799,0.002630570077172017,-1.179062633806323,1.1816932038834949,148.41687000000002,26.618205000000003,54.269925,0.20820147659999996,0.9887066190000001,6.025618685586258,123.66412745830222,-1.4394525865073433,1.106940296489918,-2.451473736619363,0.5636363636363636,0.11688311688311688,0.36103896103896105,0.13246753246753246,0.43376623376623374,0.15064935064935064,0.36883116883116884,0.4779220779220779,0.43116883116883115,0.4623376623376623,0.45454545454545453,0.31511254019292606,0.4485049833887043,0.7202572347266881,0.41235316584367443
2027,Frostburg St.,frostburg state,1,1,0,0,0,0,0,0,0,0.0,0.0,0.0,0.0,0.0,0.0,0.0,0.0,0.0,0.0,0.0,0.0,0.0,0.0,0.0,0.0,,,,,,,,,,,,,,,0.0,0.0,0.0,0.0,0.0,,,,,,0.07792207792207792,0.11948051948051948,0.09350649350649351,0.13506493506493505,0.11428571428571428,0.15324675324675324,0.06233766233766234,0.2935064935064935,0.09610389610389611,0.2935064935064935,0.09610389610389611,,,,0.14285714285714285
2027,Furman,furman,2,2,2,2,1,1,0,0,0,1491.15,2468.542,576.0,490.0,125.0,90.0,43.0,138.0,181.0,30.0,8.0,73.0,-0.14849,2.7984999999999998,1.5066,1.2919,0.20898945987995843,107.67970854709452,114.98032498407268,13.17970541595413,-0.003995738188646347,0.07508446769272038,0.5018116683096939,0.5264245781443851,0.12600270925124904,0.06864015900479496,0.1241331348288234,-0.03205719075881031,0.4392180062367971,-0.47127519699560744,536.136315,90.63604,166.04881833333332,-0.2711086079166668,2.6091831093333333,-2.846018571572276,198.1918116889649,0.16818151091439523,0.9501422549374643,-7.30061643697816,0.37402597402597404,0.7064935064935065,0.6,0.6051948051948052,0.43636363636363634,0.15584415584415584,0.6857142857142857,0.18961038961038962,0.6363636363636364,0.13766233766233765,0.6363636363636364,0.4405144694533762,0.292358803986711,0.42765273311897106,0.4752513961132606
2027,Gannon,gannon,1,1,0,0,0,0,0,0,0,174.68,298.862,51.0,44.0,13.0,3.0,5.0,26.0,31.0,6.0,0.0,11.0,-0.4988,0.1641,-0.0643,0.2284,0.17608,92.09,110.00999999999999,7.8049,-0.1142,0.0376,0.46591,0.51308,0.02947,0.10408999999999999,0.18116,-0.8660000000000001,-2.092,1.226,51.975205,3.057365,31.592771666666668,-0.5083378873333334,0.1672378655,1.1473,151.0,-5.7261,1.0191216666666667,-17.919999999999987,0.08051948051948052,0.12207792207792208,0.09610389610389611,0.13766233766233765,0.11688311688311688,0.15844155844155844,0.2909090909090909,0.1012987012987013,0.2909090909090909,0.09350649350649351,0.2961038961038961,0.1157556270096463,0.11295681063122924,0.5787781350482315,0.2300125678980728
2027,Gardner-Webb,gardner webb,4,4,0,1,0,2,0,0,0,446.61,749.01,91.0,71.0,38.0,12.0,46.0,62.0,108.0,25.0,16.0,22.0,0.43894,0.9692000000000001,0.2589,0.7102999999999999,0.12834918273213766,107.2910203533284,106.90693311838066,13.295380432592193,0.039310384899576806,0.08677913615906493,0.5048169743176373,0.5138819081525268,0.0460481128949195,0.1450378688341058,0.1949034031929424,-0.8509902151765523,-0.721445175880522,-0.12954503929603006,82.65159,10.838004999999999,97.94891999999999,0.39972897309999994,0.8763712454999999,-3.3277025055417475,207.8425247979221,-5.193072622646156,0.904538291574304,0.3840872349477422,0.7376623376623377,0.12467532467532468,0.36363636363636365,0.14025974025974025,0.6467532467532467,0.16103896103896104,0.38961038961038963,0.5272727272727272,0.43896103896103894,0.509090909090909,0.43376623376623374,0.45980707395498394,0.5481727574750831,0.40514469453376206,0.41003819758666943
2027,George Mason,george mason,6,6,5,6,4,4,4,0,1,4468.67,7435.873,1949.0,1460.0,580.0,334.0,219.0,436.0,655.0,125.0,36.0,250.0,11.07437,11.8337,8.2255,3.6081000000000003,0.22425789740571578,115.39008658057094,115.63227839603282,17.019545581571254,0.09914498363047618,0.10592284326208916,0.5132481640398597,0.5670242278798837,0.14840738991691038,0.08439696583099669,0.12731887615330736,-2.2432754577984046,-0.521299044234638,-1.721976413563767,1574.45338,300.1411933333333,530.8486433333334,8.695368878083332,9.829260280833333,-7.582574607433532,247.3352272600125,-4.104412913909508,0.8190123397230048,-0.2421918154618794,0.9142857142857143,0.9532467532467532,0.9688311688311688,0.9766233766233766,0.8701298701298701,0.9298701298701298,0.9636363636363636,0.9168831168831169,0.9324675324675324,0.8467532467532467,0.8675324675324675,0.7491961414790996,0.5249169435215947,0.26366559485530544,0.7384210730035472
2027,George Washington,george washington,7,7,1,6,0,4,0,2,6,3322.98,5629.059,962.0,778.0,240.0,149.0,182.0,376.0,558.0,109.0,82.0,173.0,0.17338000000000015,6.1961,2.3211,3.875,0.160737212291377,108.58997017737093,111.631331726342,12.343070885169336,0.0020951531456704546,0.07457445004182993,0.5207252592552468,0.5494834593647872,0.08101744747184757,0.09476771340784476,0.15835654511914005,0.21655885379990256,-0.02873628490090218,0.2452951387008047,1170.857725,187.67950333333334,664.7696766666667,0.783203987383333,7.575065677,9.011344177816296,101.52073440104968,8.40420407585962,1.214923314193886,-3.041361548971068,0.9688311688311688,0.4935064935064935,0.9714285714285714,0.14285714285714285,0.8727272727272727,0.16363636363636364,0.9116883116883117,0.45194805194805193,0.7844155844155845,0.5714285714285714,0.8155844155844156,0.3536977491961415,0.42857142857142855,0.8070739549839229,0.625935846422755
2027,Georgetown,georgetown,3,3,2,2,1,2,1,2,2,1382.53,2319.178,508.0,368.0,177.0,77.0,64.0,182.0,246.0,44.0,87.0,87.0,3.80838,4.0417,1.4012,2.6406,0.19627750146470602,108.02033518260001,103.32941346661555,16.427170182202197,0.11021025004882354,0.116968371753235,0.5099683925846094,0.5703057499656428,0.09808363102428158,0.09677333569615126,0.16684221651609732,1.022080634778269,0.7542795310047521,0.2678011037735167,612.6627466666666,108.91609,281.06182333333334,3.651956073266667,4.840944395833333,12.937876131440186,89.72011457255901,8.137001993446798,1.2482124876615093,4.690921715984459,0.5662337662337662,0.7090909090909091,0.6025974025974026,0.6077922077922078,0.6493506493506493,0.5974025974025974,0.6623376623376623,0.7298701298701299,0.7090909090909091,0.7168831168831169,0.7402597402597403,0.7009646302250804,0.6843853820598007,0.9035369774919614,0.7310654883354673
2027,Georgia,georgia,3,3,2,3,1,3,3,1,1,1814.9,3056.581,792.0,595.0,158.0,110.0,83.0,174.0,257.0,69.0,58.0,95.0,7.291790000000001,5.3364,3.248,2.0884,0.2173650546035594,116.98099223097691,111.80350851286572,18.433038824728634,0.16073114882362663,0.11760207780042978,0.5800278918397708,0.6053699560306353,0.11969561904237146,0.08566702606204199,0.1308167877569012,3.271828194390875,2.12431958785608,1.1475086065347953,924.1762533333334,128.89235166666668,295.410885,8.181427273216668,6.377373532833333,7.689354572152735,105.91016033941266,6.151171760427571,1.1710280788014034,5.177483718111191,0.5688311688311688,0.7116883116883117,0.7454545454545455,0.6103896103896104,0.7740259740259741,0.8675324675324675,0.7246753246753247,0.8363636363636363,0.7558441558441559,0.8337662337662337,0.7792207792207793,0.8360128617363344,0.6910299003322259,0.7652733118971061,0.763095246188045
2027,Ga. Southern,georgia southern,3,3,1,1,1,0,0,0,1,669.04,1120.366,302.0,286.0,61.0,52.0,5.0,44.0,49.0,17.0,5.0,47.0,-1.49478,0.4253,0.0686,0.3568,0.2680391018474232,97.12944143847902,118.70933950137513,10.91660275768265,-0.0893975681573598,0.02540769759655626,0.43897442888317595,0.4783444737235442,0.15464819861293794,0.04150188777950496,0.13182518578859265,-2.2325222856630393,0.4357108842520627,-2.6682331699151027,243.06501000000003,42.19914166666668,44.67809666666667,-1.3157123075166668,0.33538629500000006,-6.3837788846705745,243.25058292478775,-2.037996200526127,0.8289846789180517,-21.579898062896106,0.5714285714285714,0.4961038961038961,0.36623376623376624,0.612987012987013,0.11948051948051948,0.16623376623376623,0.45454545454545453,0.023376623376623377,0.34545454545454546,0.01818181818181818,0.35324675324675325,0.2347266881028939,0.08637873754152824,0.3054662379421222,0.27837851223778093
2027,Georgia St.,georgia state,2,2,1,2,1,1,0,0,0,1191.26,2049.339,464.0,421.0,73.0,43.0,29.0,106.0,135.0,41.0,4.0,47.0,-0.46747000000000005,2.2967,0.7522,1.5446,0.20781085111562547,104.73996096570018,110.18725551097157,12.425263510904418,-0.015692586840824,0.07712481322297399,0.49154392214965664,0.5211955850108289,0.06794153081611067,0.06189334309890368,0.09717095873277036,0.3027640649396436,0.6044932760270638,-0.3017292110874202,487.27861000000007,45.06532333333334,142.06658666666667,-0.49923663043333333,2.4052300603333334,2.8157684451756966,134.15216661350166,-0.5100116154323994,1.0469294740862616,-5.44729454527139,0.37662337662337664,0.4987012987012987,0.6051948051948052,0.6155844155844156,0.43896103896103894,0.16883116883116883,0.6233766233766234,0.10649350649350649,0.5844155844155844,0.09610389610389611,0.625974025974026,0.3633440514469453,0.33554817275747506,0.6495176848874598,0.456080821892532
2027,Georgia Tech,georgia tech,4,4,3,3,3,3,3,0,1,3107.57,5063.44,1721.0,1257.0,564.0,383.0,61.0,268.0,329.0,109.0,14.0,261.0,11.2459,9.1319,6.4024,2.7296,0.301265289277474,112.3603107572798,114.85774888417639,20.462689983491924,0.14475835105886595,0.11752252306464536,0.5041313898962855,0.5712393630714674,0.27769371730966635,0.06363064770865981,0.14690677001644373,-0.5000829973258849,0.2953821345939109,-0.795465131919796,1483.6530283333332,341.39893666666666,291.6081933333333,9.629931486983335,7.8948514915,-5.330657210617943,226.2915525635786,-1.9455833693207227,0.8683542959718793,-2.497438126896583,0.7402597402597403,0.8077922077922078,0.7480519480519481,0.9116883116883117,0.7766233766233767,0.8701298701298701,0.8857142857142857,0.9194805194805195,0.8727272727272727,0.8753246753246753,0.825974025974026,0.9421221864951769,0.44518272425249167,0.3440514469453376,0.7323087932140286
2027,Gonzaga,gonzaga,1,1,0,1,0,1,0,1,1,443.31,698.871,114.0,129.0,31.0,17.0,17.0,48.0,65.0,19.0,8.0,10.0,0.30466,1.1002,0.0151,1.0851,0.17776,97.42000000000002,97.26,9.345799999999999,0.0275,0.0993,0.36822,0.39972,0.06304,0.08318,0.06551,4.225,0.328,3.897,165.29999999999998,24.65,94.25,0.44175699999999996,1.59529,33.8434,4.0,13.555900000000001,1.45,0.1600000000000108,0.08311688311688312,0.12727272727272726,0.36883116883116884,0.14545454545454545,0.44155844155844154,0.17142857142857143,0.38701298701298703,0.4805194805194805,0.45454545454545453,0.5168831168831168,0.5402597402597402,0.14469453376205788,0.5415282392026578,1.0,0.46537876348475526
2027,Grambling,grambling state,1,1,0,1,0,0,0,0,0,464.87,780.822,122.0,88.0,43.0,16.0,33.0,56.0,89.0,6.0,5.0,54.0,-2.21325,-0.2213,-0.5187,0.2973,0.17424,83.45,117.47,5.5263,-0.1904,-0.019,0.58523,0.57063,0.07574,0.11357,0.33557,-0.663,-2.897,2.234,71.90069999999999,9.429599999999999,52.452149999999996,-1.3043788874999998,-0.13042315499999999,-17.439,333.99999999999994,-1.5094,0.5893499999999999,-34.019999999999996,0.08571428571428572,0.12987012987012986,0.37142857142857144,0.14805194805194805,0.12207792207792208,0.17402597402597403,0.3922077922077922,0.0025974025974025974,0.007792207792207792,0.02077922077922078,0.005194805194805195,0.04823151125401929,0.029900332225913623,0.04180064308681672,0.0954263478026711
2027,Grand Canyon,grand canyon,6,6,5,5,2,5,3,1,4,4133.39,6951.917,1566.0,1111.0,535.0,281.0,187.0,438.0,625.0,146.0,56.0,223.0,9.34161,13.1278,7.0036,6.1241,0.19208649878187156,117.9005734760088,108.12817539598248,15.796266051836387,0.09040774884537874,0.12702790856899543,0.5382971456359067,0.5905199397346973,0.12331877500066533,0.08885940025015787,0.14518900674748814,2.7693859205156066,1.4772876017022352,1.2920983188133712,1762.9868066666668,340.72891,735.6414850000001,11.330345646983334,15.545665561333333,9.039264830320874,109.04261877054913,1.563722533803972,1.1648564530849175,9.77239808002632,0.9168831168831169,0.9558441558441558,0.9142857142857143,0.7896103896103897,0.935064935064935,0.8727272727272727,0.9376623376623376,0.8857142857142857,0.9558441558441558,0.9090909090909091,0.9558441558441558,0.639871382636656,0.8205980066445183,0.8135048231511254,0.8617736815534084
2027,Grand Valley St.,grand valley state,1,1,0,0,0,0,0,0,0,0.0,0.0,0.0,0.0,0.0,0.0,0.0,0.0,0.0,0.0,0.0,0.0,0.0,0.0,0.0,0.0,,,,,,,,,,,,,,,0.0,0.0,0.0,0.0,0.0,,,,,,0.08831168831168831,0.13246753246753246,0.0987012987012987,0.15064935064935064,0.12467532467532468,0.17662337662337663,0.06493506493506493,0.2961038961038961,0.0987012987012987,0.2961038961038961,0.0987012987012987,,,,0.14805194805194805
2027,Green Bay,green bay,2,2,1,1,1,1,1,0,0,653.48,1186.801,319.0,242.0,70.0,48.0,49.0,109.0,158.0,28.0,19.0,50.0,1.8848,1.3626,0.9014,0.4612,0.2323,110.39,116.76,19.1428,0.11539999999999999,0.0834,0.55165,0.58468,0.13015,0.13878,0.15489,-2.388,-1.045,-1.343,207.1782716666667,31.17416,102.61494333333334,1.2241053493333334,0.8849564670000001,-13.8323,317.0,-3.6312,0.6494616666666667,-6.3700000000000045,0.37922077922077924,0.5012987012987012,0.37402597402597404,0.6181818181818182,0.44415584415584414,0.6,0.44935064935064933,0.6311688311688312,0.5012987012987012,0.6025974025974026,0.43896103896103894,0.887459807073955,0.3089700996677741,0.10932475884244373,0.4711374939702807
2027,Hampton,hampton,2,2,2,2,1,2,2,0,0,1470.3400000000001,2320.522,594.0,438.0,137.0,43.0,69.0,226.0,295.0,55.0,60.0,71.0,5.9413100000000005,4.2143,2.0766999999999998,2.1374,0.21073988342832273,112.92510582586338,108.38974611314389,19.119300446155307,0.16162399036957437,0.11461621189656815,0.5846821286913231,0.6000022938231973,0.06835167505474923,0.12023368010120108,0.12514612593005697,-2.4082627895588775,-0.3889873566658053,-2.019275432893072,366.42988333333335,26.496319999999997,185.73214,3.7886670320333335,2.6807589403333334,-17.29466299835412,328.52808194023146,-9.903808013112613,0.6154058592117014,4.535359712719497,0.38181818181818183,0.7142857142857143,0.6077922077922078,0.6207792207792208,0.6519480519480519,0.7714285714285715,0.6831168831168831,0.8025974025974026,0.7168831168831169,0.7272727272727273,0.638961038961039,0.8842443729903537,0.6810631229235881,0.05144694533762058,0.6257701149839895
2027,Hawaii,hawaii,7,7,3,4,2,4,2,0,1,2750.38,4626.431,1110.0,850.0,300.0,165.0,142.0,286.0,428.0,69.0,41.0,170.0,4.43295,6.4842,2.9269,3.5573,0.2174629856238047,108.17145034504324,110.20700812251395,14.96659812098692,0.06447134359615762,0.09433317868803583,0.5376738673928694,0.5649319186439692,0.11837199565150994,0.08941672038045653,0.14661058660985027,-0.10205508329758069,-0.34542956246045997,0.2433744791628793,1095.310225,164.04430833333333,431.9344083333333,4.294384075283333,6.570067336499999,0.5674398504933865,163.1244773449487,0.7335238577941956,1.001640810942488,-2.0355577774707143,0.9714285714285714,0.8103896103896104,0.8389610389610389,0.7922077922077922,0.8753246753246753,0.7740259740259741,0.8337662337662337,0.7610389610389611,0.8,0.7480519480519481,0.787012987012987,0.572347266881029,0.46511627906976744,0.5498392282958199,0.680931936209628
2027,Hawaii Pacific,hawaii pacific,3,3,0,1,0,0,0,0,1,275.33,477.241,65.0,61.0,14.0,22.0,3.0,21.0,24.0,5.0,3.0,16.0,-0.39076,0.1816,0.0005,0.1811,0.1511,96.99,117.3,7.3472,-0.0568,0.0264,0.41803,0.48363000000000006,0.14061,0.04975,0.1924,-4.33,-3.589,-0.741,41.352133333333335,13.996106666666666,15.26848,-0.24859630186666667,0.11553149866666668,-14.6288,320.0,-9.4174,0.6361866666666667,-20.310000000000002,0.574025974025974,0.13506493506493505,0.37662337662337664,0.15324675324675324,0.12727272727272726,0.17922077922077922,0.3194805194805195,0.11428571428571428,0.2961038961038961,0.14545454545454545,0.2805194805194805,0.10289389067524116,0.08970099667774087,0.0932475884244373,0.16662313661384284
2027,Henderson St.,henderson state,1,1,0,0,0,0,0,0,0,49.34,91.134,15.0,13.0,2.0,2.0,0.0,4.0,4.0,0.0,1.0,4.0,-0.11132,-0.0149,-0.037,0.0222,0.16721,86.92,119.65,4.8407,-0.0902,-0.0121,0.57692,0.53957,0.07349,0.042539999999999994,0.22371,-0.725,-0.341,-0.384,11.413425,1.52179,3.04358,-0.0847028314,-0.0113373355,-9.5463,277.0,-6.4271,0.760895,-32.730000000000004,0.09090909090909091,0.13766233766233765,0.1012987012987013,0.15584415584415584,0.12987012987012986,0.18181818181818182,0.22077922077922077,0.19480519480519481,0.02077922077922078,0.19220779220779222,0.02077922077922078,0.03536977491961415,0.03322259136212625,0.21221864951768488,0.12174851246114238
2027,High Point,high point,5,5,4,5,3,4,3,2,2,4147.92,7093.634,1754.0,1322.0,605.0,356.0,290.0,627.0,917.0,168.0,96.0,234.0,17.8397,14.868400000000001,7.931900000000001,6.9365000000000006,0.21576176642751063,117.7606470713032,106.0490128305271,19.03835216903894,0.17203126048718398,0.1433751658662655,0.49613788653108065,0.5598902096472448,0.1601628520559702,0.12255817643541825,0.12729194164786206,1.4822366993577503,0.8550012994464695,0.6272353999112807,1940.796605,413.0651433333333,984.8660383333333,18.093332393883333,16.479015105333335,6.05950275632124,126.03960298173544,0.17682652220872142,1.1205547224994696,11.711634240776092,0.8493506493506493,0.9090909090909091,0.9168831168831169,0.9142857142857143,0.8779220779220779,0.8753246753246753,0.9402597402597402,0.9688311688311688,0.9662337662337662,0.961038961038961,0.9662337662337662,0.8778135048231511,0.8770764119601329,0.7234726688102894,0.89356942317385
2027,Hofstra,hofstra,4,3,2,3,2,1,1,0,0,1831.58,2959.578,686.0,575.0,161.0,154.0,48.0,155.0,203.0,44.0,60.0,139.0,0.5030400000000002,2.0624000000000002,0.6992,1.3632,0.22455765732318547,101.80134949060377,116.3308689765121,12.3042985285928,0.011001563677262256,0.04502007556317497,0.5008064212319419,0.5389004772382315,0.18496247458478474,0.06600617958265541,0.17762406850915605,-0.352899660402494,0.5992478734207625,-0.9521475338232565,539.3934333333334,117.74045666666667,164.28370833333335,0.6605372214999999,1.7484118183333335,-8.492947883248345,264.60439074460305,1.3272580897367299,0.7876422771232124,-14.529519485908324,0.7428571428571429,0.7168831168831169,0.7506493506493507,0.7948051948051948,0.44675324675324674,0.6025974025974026,0.7298701298701299,0.535064935064935,0.5688311688311688,0.5558441558441558,0.561038961038961,0.3504823151125402,0.15614617940199335,0.24115755627009647,0.4730603449172848
2027,Holy Cross,holy cross,1,1,0,0,0,0,0,0,0,0.0,0.0,0.0,0.0,0.0,0.0,0.0,0.0,0.0,0.0,0.0,0.0,0.0,0.0,0.0,0.0,,,,,,,,,,,,,,,0.0,0.0,0.0,0.0,0.0,,,,,,0.09350649350649351,0.14025974025974025,0.1038961038961039,0.15844155844155844,0.13246753246753246,0.18441558441558442,0.06753246753246753,0.2987012987012987,0.1012987012987013,0.2987012987012987,0.1012987012987013,,,,0.15194805194805194
2027,Houston,houston,4,4,3,4,4,4,4,0,1,3204.98,5426.649,1773.0,1288.0,527.0,285.0,202.0,574.0,776.0,116.0,79.0,230.0,17.9878,11.854800000000001,7.4318,4.423,0.27427797895774697,115.97063388851099,109.22395671735859,23.72305261436889,0.2245001872086565,0.14797049653975997,0.5330365588552813,0.5829487041416794,0.1865080560253106,0.1377392412433151,0.131300279065704,1.1306664253755092,0.5604074908423765,0.5702589345331328,1675.6707833333335,292.3479483333333,732.8518233333333,17.12871504115,11.4425452535,-1.6058426916860629,193.27123414186667,-0.5383039538468257,0.9515180037004911,6.746677171152399,0.7454545454545455,0.812987012987013,0.8415584415584415,0.9792207792207792,0.8805194805194805,0.9324675324675324,0.9012987012987013,0.9714285714285714,0.935064935064935,0.9532467532467532,0.9116883116883117,0.9871382636655949,0.7242524916943521,0.4694533762057878,0.8228664158266448
2027,Houston Christian,houston baptist,2,2,0,1,0,0,0,0,0,272.7,460.774,81.0,64.0,30.0,15.0,16.0,28.0,44.0,11.0,0.0,17.0,-0.2517,0.4352,0.1043,0.3309,0.17769,101.64,111.1,11.3797,-0.0369,0.0638,0.5,0.52461,0.09422,0.09269,0.18047,-2.9,-0.289,-2.611,71.48196,13.237400000000001,38.82970666666667,-0.222123572,0.38406109866666666,-4.6504,221.0,-3.6826,0.8824933333333334,-9.459999999999994,0.38441558441558443,0.14285714285714285,0.37922077922077924,0.16103896103896104,0.13506493506493505,0.18701298701298702,0.3168831168831169,0.15324675324675324,0.35064935064935066,0.16103896103896104,0.36103896103896105,0.2861736334405145,0.24584717607973422,0.36012861736334406,0.26770965838596783
2027,Howard,howard,1,1,0,0,0,0,0,1,1,50.02,85.536,11.0,4.0,13.0,3.0,5.0,8.0,13.0,1.0,2.0,2.0,-0.01931,0.1594,0.0617,0.0977,0.1172,116.3,102.87,11.1835,-0.0154,0.1275,0.75,0.56701,0.09452,0.13481,0.17065,-0.925,-0.577,-0.34800000000000003,15.897676666666667,4.33573,18.788163333333333,-0.02790764876666667,0.23037178733333333,20.1146,32.0,11.1241,1.4452433333333332,13.429999999999993,0.09610389610389611,0.14545454545454545,0.10649350649350649,0.16363636363636364,0.13766233766233765,0.18961038961038962,0.22597402597402597,0.22077922077922077,0.2883116883116883,0.21818181818181817,0.3168831168831169,0.26688102893890675,0.9102990033222591,0.9742765273311897,0.43685000944083746
2027,Idaho,idaho,2,2,0,0,0,0,0,0,0,40.68,70.948,14.0,13.0,0.0,0.0,0.0,2.0,2.0,2.0,0.0,1.0,-0.04863,0.0,0.0,0.0348,0.17416,,115.13000000000001,10.4817,-0.0478,,0.53846,0.53846,0.0,0.03251,0.07143,-1.961,-1.123,-0.8379999999999999,14.496020000000001,0.0,2.07086,-0.0503529609,0.0,2.1258,140.0,4.655,1.03543,,0.38701298701298703,0.14805194805194805,0.10909090909090909,0.16623376623376623,0.14025974025974025,0.19220779220779222,0.21298701298701297,0.21298701298701297,0.1038961038961039,0.2077922077922078,0.1038961038961039,0.19935691318327975,,0.6205787781350482,0.2487771606742668
2027,Idaho St.,idaho state,4,3,0,0,0,0,0,0,0,0.0,0.0,0.0,0.0,0.0,0.0,0.0,0.0,0.0,0.0,0.0,0.0,0.0,0.0,0.0,0.0,,,,,,,,,,,,,,,0.0,0.0,0.0,0.0,0.0,,,,,,0.7480519480519481,0.15064935064935064,0.11168831168831168,0.16883116883116883,0.14285714285714285,0.19480519480519481,0.07012987012987013,0.3012987012987013,0.10649350649350649,0.3012987012987013,0.10649350649350649,,,,0.15714285714285714
2027,Illinois,illinois,1,1,1,1,1,1,1,0,1,976.07,1726.284,491.0,380.0,112.0,99.0,14.0,63.0,77.0,26.0,8.0,59.0,3.27032,2.6239,2.1134,0.5105,0.24229,117.63,118.83,16.7439,0.134,0.1075,0.52237,0.57186,0.18262,0.04332,0.12083,1.543,3.395,-1.852,629.8490716666668,126.99604500000001,98.77470166666667,4.195128342266667,3.3659083078333336,12.1673,67.0,11.0749,1.2827883333333334,-1.2000000000000028,0.0987012987012987,0.5038961038961038,0.38181818181818183,0.6233766233766234,0.44935064935064933,0.6051948051948052,0.5688311688311688,0.7116883116883117,0.6233766233766234,0.7428571428571429,0.6805194805194805,0.729903536977492,0.49169435215946844,0.8971061093247589,0.6592582706522307
2027,UIC,illinois chicago,2,2,0,2,0,1,1,1,1,857.69,1373.994,201.0,141.0,56.0,47.0,83.0,89.0,172.0,24.0,30.0,28.0,2.00826,2.6751,1.4101,1.2651,0.11731878044514917,122.67983851974488,108.20174736793014,15.229918278165767,0.09366297729949047,0.12475889773694457,0.5667601723233335,0.5861215625692265,0.09486524688407233,0.11659771292658187,0.16456763084564352,1.752938672480733,1.5932337441266657,0.15970492835406727,196.45096333333333,60.99253833333333,161.558425,0.8886276546666667,2.4798715155,6.699917829285641,145.0968181977171,2.266756374680829,1.1072614144582154,14.478091151814738,0.38961038961038963,0.15324675324675324,0.6103896103896104,0.17142857142857143,0.45194805194805193,0.6077922077922078,0.5194805194805194,0.638961038961039,0.6311688311688312,0.5766233766233766,0.6311688311688312,0.5884244372990354,0.9269102990033222,0.729903536977492,0.5893939648284757
2027,Illinois St.,illinois state,2,2,2,2,1,0,0,0,0,1414.83,2319.29,444.0,376.0,108.0,75.0,20.0,88.0,108.0,36.0,8.0,47.0,-1.50681,2.3604,1.0717,1.2887,0.17364726581992185,109.13432680958137,114.50115639334763,10.58830819391729,-0.04261606341397907,0.06673205614808846,0.5036345902334556,0.5337543265268619,0.10338361315493734,0.04537829180890991,0.10215672398804099,-2.451911077655973,-2.0758383127301516,-0.3760727649258214,435.5448,71.509965,105.736775,-1.4926650906999999,2.2621704749999996,-0.525880708636373,174.20984146505234,-0.8302928189252421,0.9675586960624245,-5.366829583766261,0.3922077922077922,0.7194805194805195,0.612987012987013,0.625974025974026,0.14545454545454545,0.1974025974025974,0.6675324675324675,0.02077922077922078,0.5896103896103896,0.005194805194805195,0.6103896103896104,0.2090032154340836,0.34219269102990035,0.5112540192926045,0.43786390405057013
2027,UIW,incarnate word,4,4,1,1,0,3,0,0,1,1089.76,1835.8719999999998,293.0,281.0,72.0,195.0,32.0,108.0,140.0,34.0,10.0,88.0,0.47575,1.2515,0.3911,0.8711,0.18817224352150935,100.98033935585231,115.73833293569226,10.756049318198503,0.01748217680957275,0.046227900743958224,0.42633304911173103,0.4703738781933637,0.32977918055351635,0.07433747384745265,0.21940202980472767,-0.9885254193429139,0.49863838085116224,-1.4871638001940761,223.215935,144.14609833333336,108.90317666666668,0.38641552738333335,0.9444155833333334,-10.224693154456029,281.32587909264424,-5.940167320327412,0.7569897100890718,-14.757993579839948,0.7506493506493507,0.5064935064935064,0.38441558441558443,0.17402597402597403,0.7792207792207793,0.2,0.6,0.5324675324675324,0.4805194805194805,0.5064935064935064,0.44675324675324674,0.22508038585209003,0.13953488372093023,0.19614147909967847,0.37435671548756544
2027,Indiana,indiana,6,6,4,6,2,6,4,4,5,4190.1900000000005,7164.168,1753.0,1288.0,516.0,281.0,274.0,455.0,729.0,103.0,125.0,204.0,12.7012,13.7731,8.4987,5.2744,0.20410844577453532,119.8873309086223,110.61730487161682,17.577279123619693,0.12123151575465553,0.13149143929034246,0.5444551557089297,0.5798328482956621,0.12426248597318977,0.09478342590670114,0.11848245883838203,3.6696903171455237,2.103774084230071,1.5659162329154526,2355.2626983333334,367.130125,984.6049800000001,17.815150355366665,18.784468243,17.45133418890313,60.36472331803571,11.233003620360892,1.341703013554676,9.27002603700548,0.9194805194805195,0.9116883116883117,0.974025974025974,0.7974025974025974,0.974025974025974,0.935064935064935,0.9428571428571428,0.9298701298701298,0.9584415584415584,0.9558441558441558,0.9766233766233766,0.7717041800643086,0.8039867109634552,0.954983922829582,0.9025268286957618
2027,Indiana St.,indiana state,2,2,2,2,0,2,1,0,0,1417.9299999999998,2503.362,534.0,455.0,81.0,43.0,73.0,127.0,200.0,54.0,38.0,47.0,2.06081,2.4857,1.4469999999999998,1.0385,0.18325240717101693,109.9636733830302,116.49625580952517,13.797922924968091,0.058157151622435524,0.07014653755827156,0.5134906105378968,0.5396795745911294,0.05626921886129781,0.07851690591213954,0.08889312660004374,-1.3312647098234751,-0.12441069728406905,-1.2068540125394063,349.3831466666667,28.129035000000002,131.79863333333336,1.3477532015333336,1.6323510723333334,-13.458281070997865,313.5468535118095,-3.8925168604938185,0.655695315483369,-6.532582426494969,0.3948051948051948,0.7220779220779221,0.6155844155844156,0.17662337662337663,0.6545454545454545,0.6103896103896104,0.6727272727272727,0.6441558441558441,0.6077922077922078,0.6181818181818182,0.5454545454545454,0.4855305466237942,0.2956810631229236,0.1157556270096463,0.4936298278854175
2027,Iona,iona,5,5,3,5,1,4,1,2,2,3046.7200000000003,4982.213,990.0,806.0,231.0,172.0,71.0,310.0,381.0,86.0,33.0,137.0,2.0915299999999997,6.2394,2.8669,3.3725,0.18199741702552255,109.36624038310053,112.29371954101461,12.817588029750027,0.027467458447116906,0.0818958479939082,0.5032943717506039,0.5441772151362777,0.11235338777439345,0.07516326255776705,0.12966465021400064,-0.9140070075359733,-0.6864419080191158,-0.22756509951685752,824.4429666666667,153.93781333333334,332.79787833333336,1.6316521669666666,5.665325482666667,-4.525505361175298,230.62944084129822,-2.4135278893367293,0.8627008938793195,-2.927479157914078,0.8519480519480519,0.8155844155844156,0.9194805194805195,0.6285714285714286,0.8831168831168831,0.612987012987013,0.8701298701298701,0.6467532467532467,0.787012987012987,0.6415584415584416,0.7688311688311689,0.39228295819935693,0.4318936877076412,0.3665594855305466,0.6124057182202058
2027,Iowa,iowa,2,2,2,2,2,2,2,1,2,1519.58,2491.081,606.0,438.0,194.0,117.0,135.0,249.0,384.0,48.0,32.0,112.0,6.7954799999999995,5.9511,2.4958,3.4553000000000003,0.21809427657642244,113.22488253333158,99.39489286513381,19.1562708551047,0.17887263849221496,0.15663749391279172,0.5418698896405586,0.5772997904026113,0.15128838119743615,0.14732232537938114,0.17660135267639746,4.192318008923519,1.168230820358257,3.024087188565262,770.6858883333334,150.65199333333334,522.0439533333334,9.094227116483333,7.764236231333333,14.487063595862013,62.18590005132997,3.5704124606799246,1.2861612430079365,13.829989668197769,0.3974025974025974,0.7246753246753247,0.6181818181818182,0.8,0.6571428571428571,0.7766233766233767,0.6883116883116883,0.8181818181818182,0.7766233766233767,0.8649350649350649,0.8233766233766234,0.8906752411575563,0.9136212624584718,0.9260450160771704,0.8330914601417
2027,Iowa St.,iowa state,5,5,5,5,3,5,4,0,2,4724.18,7685.812,1860.0,1430.0,485.0,366.0,213.0,523.0,736.0,174.0,69.0,165.0,19.19559,17.1136,9.7806,7.333,0.20390876234605793,119.62634101579533,107.33136400391177,18.021693005770313,0.16251119919224077,0.14492781900774312,0.5184689878243419,0.5640977315004931,0.1517510379155748,0.0930037055954684,0.09711609635957985,2.522736997743524,1.1515335656135033,1.3712034321300204,2091.098016666667,406.4196866666667,856.829925,20.9619728246,19.2204594225,7.081167460808012,103.35068096473886,3.384471954921277,1.1464166610043083,12.29497701188356,0.8545454545454545,0.9584415584415584,0.922077922077922,0.9168831168831169,0.9376623376623376,0.9376623376623376,0.9714285714285714,0.9818181818181818,0.9844155844155844,0.9792207792207792,0.9792207792207792,0.8135048231511254,0.893687707641196,0.7427652733118971,0.9054670703451295
2027,IU Indy,iupui,2,2,0,1,0,0,0,0,0,289.49,455.415,73.0,69.0,24.0,29.0,7.0,26.0,33.0,8.0,1.0,8.0,-0.27965,0.6543,0.2285,0.4258,0.16236,107.62,108.23,10.8821,-0.0386,0.0904,0.42754,0.45854,0.19725,0.06353,0.09137,-5.992,-1.98,-4.012,70.18791833333333,27.882871666666666,31.728785,-0.2688774159166667,0.6290952734999999,-2.3113,195.0,-5.7475,0.9614783333333333,-0.6099999999999994,0.4,0.15584415584415584,0.38701298701298703,0.17922077922077922,0.14805194805194805,0.2025974025974026,0.32987012987012987,0.14805194805194805,0.38701298701298703,0.14025974025974025,0.3948051948051948,0.2315112540192926,0.5083056478405316,0.4437299035369775,0.31490371802514605
2027,Jackson St.,jackson state,2,2,0,0,0,1,0,0,0,164.59,269.638,40.0,27.0,13.0,5.0,21.0,17.0,38.0,4.0,12.0,8.0,0.38572,0.4301,0.2531,0.177,0.12736,120.19000000000001,112.58999999999999,15.3334,0.0937,0.1045,0.59259,0.61162,0.058620000000000005,0.14023,0.19646,1.083,0.8179999999999998,0.265,31.147400000000005,3.8934250000000006,29.590030000000002,0.30035437820000005,0.33491241850000003,-8.4789,265.0,-1.7156,0.7786850000000001,7.600000000000023,0.4025974025974026,0.15844155844155844,0.11428571428571428,0.18181818181818182,0.45454545454545453,0.2051948051948052,0.2805194805194805,0.5038961038961038,0.34805194805194806,0.4883116883116883,0.34805194805194806,0.5980707395498392,0.7641196013289037,0.24437299035369775,0.41169828665101654
2027,Jacksonville,jacksonville,4,4,1,3,2,3,2,0,1,1969.72,3294.991,899.0,705.0,257.0,161.0,58.0,209.0,267.0,48.0,25.0,126.0,3.59626,3.6501,2.2697,1.3804,0.2506277036837723,107.71915546372072,116.83320507483297,15.583258081351664,0.07304722346323335,0.07415188503949799,0.4889343569644417,0.5501026362122534,0.1828189092358305,0.08128359802408464,0.13512253843185834,-2.9209620758280366,-1.8417794255021018,-1.0791826503259345,562.4061666666666,101.70131166666667,171.66460333333333,2.1844857158333335,2.239510932,-16.073613853238022,322.8408555530736,-6.910355245923278,0.6306031017860406,-9.11404961111225,0.7532467532467533,0.509090909090909,0.7532467532467533,0.8025974025974026,0.7818181818181819,0.7792207792207793,0.7610389610389611,0.7194805194805195,0.6779220779220779,0.6831168831168831,0.6025974025974026,0.6237942122186495,0.2558139534883721,0.07395498392282958,0.501343900782001
2027,Jacksonville St.,jacksonville state,4,4,1,2,0,3,0,1,3,1127.56,1883.3949999999998,386.0,338.0,81.0,43.0,52.0,108.0,160.0,31.0,21.0,37.0,0.46725,2.1327,1.1176,1.0151,0.18750545274752567,109.39646187910152,114.59711013161163,12.986256601865977,0.01659095391819504,0.07588212043607392,0.4815313406782977,0.51811172562201,0.07291723996949163,0.08235346225478023,0.09095852069216954,-1.751415612939942,0.011294189830870223,-1.7627098027708121,314.71227500000003,31.225150000000003,150.36112,0.36833570800000004,1.9719426355,-5.654423792082018,248.13745609989712,-3.776494639753096,0.8271934446799579,-5.200648252510106,0.7558441558441559,0.5116883116883116,0.6207792207792208,0.18441558441558442,0.7844155844155845,0.2077922077922078,0.6077922077922078,0.5298701298701298,0.5714285714285714,0.4935064935064935,0.5792207792207792,0.41479099678456594,0.34551495016611294,0.33440514469453375,0.4695598405504292
2027,James Madison,james madison,4,4,3,3,2,3,1,0,2,2480.35,4130.674,882.0,691.0,263.0,132.0,117.0,321.0,438.0,68.0,38.0,144.0,2.77598,3.8352,2.2022,1.633,0.19953573326345073,108.58261563892192,117.31829665168222,13.961008595561111,0.044775084967847274,0.0618615566351523,0.49331641732013637,0.5464024470336848,0.11398584244159089,0.10189028495978389,0.14442146301933195,-2.8285573931098438,-1.326954998286532,-1.5016023948233117,594.5850116666667,93.32472166666668,321.0145283333333,1.9090931976000003,3.1302544013333335,-13.607905250871855,276.0857137097587,-1.4623376547664646,0.7522495087454056,-8.735681012760296,0.7584415584415585,0.8181818181818182,0.7558441558441559,0.8051948051948052,0.787012987012987,0.6155844155844156,0.8155844155844156,0.6987012987012987,0.6935064935064935,0.6649350649350649,0.6701298701298701,0.5112540192926045,0.26245847176079734,0.11254019292604502,0.5507262646872308
2027,Jamestown,jamestown,2,2,0,0,0,0,0,0,0,143.86,237.989,36.0,27.0,8.0,2.0,12.0,6.0,18.0,0.0,3.0,2.0,-0.09693,0.277,0.2528,0.0241,0.11467000000000001,129.98,122.79000000000002,9.7366,-0.027,0.077,0.57407,0.59016,0.02429,0.07414,0.0615,-1.247,0.8940000000000001,-2.141,27.213420000000003,1.5118566666666668,13.606710000000001,-0.07327213335,0.2093921483333334,-9.8443,279.0,-4.2125,0.7559283333333334,7.189999999999969,0.4051948051948052,0.16103896103896104,0.11688311688311688,0.18701298701298702,0.15064935064935064,0.21038961038961038,0.2701298701298701,0.1974025974025974,0.3194805194805195,0.2,0.3090909090909091,0.15755627009646303,0.7441860465116279,0.2090032154340836,0.29300075318598784
2027,Kansas,kansas,3,3,3,3,2,3,3,0,0,2713.7,4566.216,1257.0,871.0,317.0,223.0,170.0,478.0,648.0,81.0,65.0,147.0,15.467369999999999,10.311,6.9542,3.3568,0.21837115167483506,123.08096978295318,110.8395950178723,22.311338007148915,0.22802613000700156,0.15198339315325937,0.5923623490805912,0.6234552381250692,0.1522210724472123,0.13667348568375284,0.12854235409219886,1.9793094852047024,1.6077821277222983,0.37152735748240406,1324.95667,237.60068333333334,683.917965,16.19648548015,10.816986127,2.404163443637838,139.70445517190552,3.20585965176696,1.0582079100920023,12.241374765080877,0.5766233766233766,0.8207792207792208,0.7584415584415585,0.8077922077922078,0.7896103896103897,0.8779220779220779,0.8285714285714286,0.9532467532467532,0.9064935064935065,0.948051948051948,0.9012987012987013,0.9646302250803859,0.8870431893687708,0.6366559485530546,0.8552900945290729
2027,Kansas St.,kansas state,10,10,5,8,3,8,4,2,7,5142.81,8522.856,1725.0,1393.0,329.0,333.0,183.0,449.0,632.0,132.0,93.0,202.0,9.11876,13.0012,7.0908,5.9103,0.17560582800064553,115.06789206678837,111.82903751062162,13.367975435802604,0.07092528948182024,0.10110921947340072,0.5311459934938292,0.5563228465177599,0.12527252332868605,0.07141246493648414,0.11294197220974525,2.4561658334645844,1.7207825352287953,0.7353832982357894,2110.867871666667,395.96145666666666,781.5219566666667,11.280679643266668,16.02670584166667,10.473132951829838,82.01629459381155,7.254722153647519,1.2284780014751986,3.238854556166757,1.0,0.961038961038961,0.9974025974025974,0.9194805194805195,0.9974025974025974,0.9402597402597402,0.987012987012987,0.8779220779220779,0.9532467532467532,0.9064935064935065,0.9584415584415584,0.4662379421221865,0.6378737541528239,0.8585209003215434,0.8250885156547952
2027,Kennesaw St.,kennesaw state,3,3,1,2,0,2,0,0,1,1286.18,2106.834,402.0,288.0,129.0,56.0,80.0,106.0,186.0,35.0,10.0,66.0,0.90135,3.0795999999999997,1.6021,1.4774,0.16569508544682704,113.52323174050291,111.81425329269622,13.062036573418967,0.028028670948078812,0.09576780232937847,0.5475515282464353,0.582789932513334,0.09000193697616199,0.08329696636551649,0.15858667356046588,0.10158239904212477,0.15521993033634482,-0.0536375312942201,393.43675499999995,53.61383166666666,186.11497166666666,0.6535637580333332,2.9046817276666665,0.31354679982584066,173.23473386306742,-0.8179196037879618,0.9852910896738146,1.708978447806686,0.5792207792207792,0.5142857142857142,0.6233766233766234,0.18961038961038962,0.6597402597402597,0.21298701298701297,0.638961038961039,0.5636363636363636,0.6519480519480519,0.5532467532467532,0.6519480519480519,0.42443729903536975,0.5946843853820598,0.5466237942122186,0.5605981481530294
2027,Kent St.,kent state,3,3,2,2,1,2,1,0,0,1306.88,2200.542,451.0,334.0,112.0,36.0,96.0,193.0,289.0,28.0,49.0,52.0,2.33393,3.5587,1.8619,1.6968,0.17098665087842801,117.52392071192459,110.18147580497062,15.710610445488491,0.0714181210210578,0.10892323396180213,0.5703057260039177,0.5984982393180706,0.055477737435724775,0.12839630861287954,0.12026706070947601,-0.5708829502326151,0.05248589005876593,-0.623368840291381,397.39855,31.12596833333333,252.43116666666666,2.0337249062166665,3.1098683166666663,-4.967272412922379,225.6452543462292,0.9982842831782566,0.8740216269410096,7.342444906953972,0.5818181818181818,0.7272727272727273,0.625974025974026,0.6311688311688312,0.6623376623376623,0.6181818181818182,0.6467532467532467,0.6597402597402597,0.6753246753246753,0.6753246753246753,0.6675324675324675,0.6302250803858521,0.7475083056478405,0.3536977491961415,0.6354734645875644
2027,Kentucky,kentucky,2,2,2,2,2,2,2,0,1,1949.55,3193.424,1100.0,850.0,264.0,298.0,37.0,157.0,194.0,47.0,4.0,208.0,4.29,5.6285,3.5218,2.1067,0.3115179804057346,110.21839588623016,112.57486589212895,18.753432617270654,0.08800021594726988,0.11550528224462056,0.5193044866764125,0.5692579734810597,0.3257833930907133,0.057772919699417814,0.1754900388807674,2.989901351593957,2.1948412300274422,0.7950601215665154,1259.6718133333334,343.5455166666667,235.92209666666668,5.105334466666667,6.6667718295,6.939132605473057,117.80330845579749,3.1026992618809475,1.155771417087704,-2.3564700058987995,0.4077922077922078,0.7298701298701299,0.6285714285714286,0.8103896103896104,0.6649350649350649,0.7818181818181819,0.7558441558441559,0.7558441558441559,0.7688311688311689,0.7974025974025974,0.7974025974025974,0.8520900321543409,0.4584717607973422,0.7395498392282959,0.7329473018142085
2027,La Salle,la salle,5,5,3,3,1,2,2,0,3,2037.22,3274.6059999999998,704.0,586.0,130.0,89.0,48.0,200.0,248.0,45.0,19.0,88.0,2.4659,4.4491,1.7467000000000001,2.7024999999999997,0.19034154028529074,107.95614278281188,109.83350281265648,11.941180571072344,0.048424382246394594,0.08735387930611324,0.5010805977263134,0.5420751737662108,0.08440155530575982,0.07035835246070626,0.11933412017356987,-1.020923184535789,-0.5774963626903329,-0.44342682184545607,674.6130633333333,86.76362166666667,242.043735,2.067586664833333,4.441393949,-0.30843207999136074,168.51952170114174,-2.396426741343596,0.9714580162999907,-1.8773600298445956,0.8571428571428571,0.8233766233766234,0.7610389610389611,0.6337662337662338,0.6675324675324675,0.7844155844155845,0.7740259740259741,0.6779220779220779,0.7246753246753247,0.6779220779220779,0.7298701298701299,0.3311897106109325,0.4750830564784053,0.5305466237942122,0.6202877422969079
2027,Lamar University,lamar,5,5,0,1,0,0,0,0,0,406.4,657.837,70.0,87.0,29.0,33.0,19.0,26.0,45.0,13.0,2.0,13.0,-1.0463799999999999,0.1649,-0.2537,0.4186,0.1466608031496063,87.96450196850394,113.14432874015748,6.288533228346457,-0.1029973622047244,0.016258090551181104,0.29997381692913383,0.34645821259842524,0.15640485236220472,0.06409886023622047,0.11614133267716537,-0.9754968503937009,-1.2709492125984252,0.2954523622047244,49.85934333333334,21.971335000000003,32.600215000000006,-0.7316059801833333,0.13172951416666667,-11.697836594488189,298.2407480314961,-5.947167972440945,0.6963982614829397,-25.179826771653538,0.8597402597402597,0.16363636363636364,0.38961038961038963,0.19220779220779222,0.15324675324675324,0.21558441558441557,0.37402597402597404,0.04935064935064935,0.2935064935064935,0.05194805194805195,0.2857142857142857,0.0707395498392283,0.059800664451827246,0.15434083601286175,0.16574367508979895
2027,Le Moyne,le moyne,2,2,0,2,1,1,1,0,0,617.94,981.4730000000001,178.0,177.0,47.0,51.0,36.0,63.0,99.0,30.0,5.0,42.0,0.3249000000000002,0.9262,-0.1744,1.1007,0.20407812441337347,96.85022688286888,104.78137553807812,11.107536825581771,0.021018571382334844,0.05993865747483574,0.4098057461889504,0.45237073437550573,0.18224890377706573,0.09174052205715764,0.1693886147522413,-0.44599194096514205,-0.7373268925785674,0.29133495161342526,137.263,37.2347,76.09965,0.69310708525,0.9920331824999999,-12.163059070459914,276.59164320160534,-8.711340984561607,0.746335123960255,-7.931148655209242,0.4103896103896104,0.16623376623376623,0.6311688311688312,0.6363636363636364,0.45714285714285713,0.6207792207792208,0.43636363636363634,0.4935064935064935,0.42857142857142855,0.561038961038961,0.45714285714285713,0.24115755627009647,0.2823920265780731,0.1414790996784566,0.3265439861865495
2027,Liberty,liberty,4,3,2,2,0,2,1,0,0,2001.3000000000002,3282.077,691.0,551.0,109.0,178.0,50.0,119.0,169.0,77.0,2.0,90.0,4.06629,5.6832,3.4179000000000004,2.2653,0.17670596912007194,118.92801479038624,112.07710388247638,14.310026502773196,0.08127315744765902,0.11359531804327187,0.5458573377304751,0.5767826972467895,0.17477257432668766,0.048444217758456996,0.1287149717683506,1.399399340428721,1.8758685354519562,-0.4764691950232348,704.3178733333333,181.4306533333333,172.2571933333333,4.1446609626,5.792734208,1.1563999999999999,150.0,-2.7943999999999996,1.0192733333333333,6.850910907909864,0.7610389610389611,0.7324675324675325,0.6337662337662338,0.19480519480519481,0.6701298701298701,0.6233766233766234,0.7714285714285715,0.7454545454545455,0.7714285714285715,0.7402597402597403,0.7714285714285715,0.5241157556270096,0.7375415282392026,0.5852090032154341,0.6946358146665803
2027,Lincoln Memorial,lincoln memorial,1,1,0,0,0,0,0,0,0,0.0,0.0,0.0,0.0,0.0,0.0,0.0,0.0,0.0,0.0,0.0,0.0,0.0,0.0,0.0,0.0,,,,,,,,,,,,,,,0.0,0.0,0.0,0.0,0.0,,,,,,0.1012987012987013,0.16883116883116883,0.11948051948051948,0.1974025974025974,0.15584415584415584,0.21818181818181817,0.07272727272727272,0.3038961038961039,0.10909090909090909,0.3038961038961039,0.10909090909090909,,,,0.16363636363636364
2027,Lincoln (PA),lincoln pa,1,1,0,1,1,0,0,0,0,344.38,585.809,94.0,93.0,30.0,36.0,8.0,19.0,27.0,16.0,2.0,33.0,-1.12345,-0.243,-0.4394,0.1965,0.20723,83.57,118.29999999999998,6.126200000000001,-0.1305,-0.0282,0.3871,0.44256,0.20863,0.04687999999999999,0.23707,-1.911,-0.723,-1.188,51.7,19.8,14.850000000000001,-0.6178975000000001,-0.13365000000000002,-20.0308,346.0,-5.2556,0.55,-34.72999999999999,0.1038961038961039,0.17142857142857143,0.3922077922077922,0.638961038961039,0.15844155844155844,0.22077922077922077,0.35324675324675325,0.04415584415584416,0.0025974025974025974,0.07272727272727272,0.0025974025974025974,0.06752411575562701,0.026578073089700997,0.01607717041800643,0.10145419418047634
2027,Lindenwood,lindenwood,2,2,0,0,0,0,0,0,0,0.0,0.0,0.0,0.0,0.0,0.0,0.0,0.0,0.0,0.0,0.0,0.0,0.0,0.0,0.0,0.0,,,,,,,,,,,,,,,0.0,0.0,0.0,0.0,0.0,,,,,,0.412987012987013,0.17402597402597403,0.12207792207792208,0.2,0.16103896103896104,0.22337662337662337,0.07532467532467532,0.3064935064935065,0.11168831168831168,0.3064935064935065,0.11168831168831168,,,,0.16688311688311688
2027,Lipscomb,lipscomb,1,1,1,1,0,0,0,0,0,520.34,882.529,120.0,100.0,18.0,60.0,29.0,57.0,86.0,4.0,3.0,34.0,-0.17093,0.9311,0.4899,0.4412,0.13879,110.48,115.16,9.9833,-0.0131,0.0716,0.52,0.55607,0.19116,0.09689,0.23957,2.648,3.059,-0.411,122.2946,61.1473,87.64446333333333,-0.17419846648333334,0.9489041838333334,1.1473,151.0,-5.7261,1.0191216666666667,-4.679999999999993,0.10649350649350649,0.5168831168831168,0.3948051948051948,0.2025974025974026,0.16363636363636364,0.22597402597402597,0.4025974025974026,0.18181818181818182,0.43376623376623374,0.18181818181818182,0.44935064935064933,0.18006430868167203,0.3654485049833887,0.5819935691318328,0.3825936762066063
2027,Little Rock,little rock,2,2,1,1,1,1,1,0,0,1065.87,1749.471,440.0,365.0,125.0,49.0,12.0,86.0,98.0,27.0,7.0,52.0,0.6719100000000001,2.5714,0.7729,1.7985,0.23894935949036938,103.2477673637498,105.85230347040446,13.251325161605074,0.025203090433167274,0.09652028859054108,0.461102104384212,0.5197123015940031,0.08986157495754643,0.05466212943417115,0.1117704955576196,-1.0756549766857122,-0.000458311051066267,-1.0751966656346459,429.1425,47.639475,96.14245833333334,0.5839027468333333,2.4882126925000003,-1.1533530683854505,179.91655642808226,-13.590154725247922,0.9807774488602425,-2.6045361066546633,0.4155844155844156,0.5194805194805194,0.3974025974025974,0.6415584415584416,0.4597402597402597,0.625974025974026,0.5922077922077922,0.5454545454545454,0.6207792207792208,0.5402597402597402,0.6337662337662338,0.4533762057877814,0.4418604651162791,0.4887459807073955,0.524242419617963
2027,LIU,liu,2,2,1,1,0,0,0,0,0,824.14,1334.108,170.0,152.0,39.0,65.0,11.0,34.0,45.0,10.0,3.0,45.0,-1.97917,0.5927,0.056,0.5368,0.13733,98.06,117.4,5.5362,-0.0961,0.0288,0.46382,0.50236,0.14065,0.03315,0.21012,-1.5,-0.563,-0.937,131.21053333333336,50.16873333333334,34.732200000000006,-1.527576183866667,0.4574616653333334,-8.8904,269.0,-4.9978,0.7718266666666668,-19.340000000000003,0.41818181818181815,0.522077922077922,0.4,0.2051948051948052,0.16623376623376623,0.22857142857142856,0.5012987012987012,0.007792207792207792,0.36883116883116884,0.0025974025974025974,0.37402597402597404,0.05144694533762058,0.09634551495016612,0.2282958199356913,0.25372689717478253
2027,Long Beach St.,long beach state,2,2,1,1,0,1,1,0,1,844.8,1429.702,245.0,228.0,52.0,44.0,40.0,101.0,141.0,19.0,11.0,36.0,0.82715,1.6978,0.4586,1.2391,0.17272520916193182,103.19432208806818,108.31390447443181,10.792326686789771,0.039181914062499996,0.0803812109375,0.4337241470170455,0.4834195450994318,0.09559019673295453,0.0964979129971591,0.12603314701704546,-2.205708664772727,-1.4340387784090909,-0.7716698863636363,256.22993333333335,46.16305333333334,149.54942666666668,0.6474801994000001,1.7380000586666668,3.5938038210227274,134.67961647727273,-0.410681122159091,1.0661172559185608,-5.119582386363632,0.42077922077922075,0.5246753246753246,0.4025974025974026,0.2077922077922078,0.4623376623376623,0.6285714285714286,0.5116883116883116,0.5532467532467532,0.5298701298701298,0.548051948051948,0.5584415584415584,0.2282958199356913,0.3488372093023256,0.6720257234726688,0.48457369936683264
2027,Longwood,longwood,4,4,1,1,1,2,1,0,1,800.15,1345.2859999999998,316.0,272.0,77.0,129.0,31.0,95.0,126.0,45.0,2.0,65.0,2.60601,1.6684999999999999,1.1244,0.5738,0.23195654814722236,110.57790139064475,116.63912391426608,16.332702699493844,0.13027962257076797,0.08434166877370416,0.47909822970692995,0.5178209023308129,0.31152540648628385,0.0904437999125164,0.1748620289945635,1.059482490518331,0.6012301517067004,0.45825233881163074,236.12417333333335,95.32596000000001,96.98228833333334,1.9217203422500002,1.2900565806666668,-10.105412141473474,279.6250078110354,-3.7128930200587384,0.7597174378762316,-6.061222523621325,0.7636363636363637,0.5272727272727272,0.4051948051948052,0.6441558441558441,0.6727272727272727,0.6311688311688312,0.4909090909090909,0.6857142857142857,0.5272727272727272,0.6675324675324675,0.5012987012987012,0.684887459807074,0.3222591362126246,0.20257234726688103,0.4852474186142238
2027,Louisiana,louisiana,3,3,2,3,2,2,1,0,0,2202.56,3789.671,796.0,627.0,263.0,206.0,74.0,228.0,302.0,73.0,22.0,181.0,1.0687600000000002,3.8785,1.2027,2.6757999999999997,0.2090132049978207,99.82181048416388,111.10076860562255,12.659241212498184,0.019405296563998257,0.07041563362632573,0.4552701341166642,0.5134415833847886,0.17557356512421912,0.07770950630175795,0.20235610662138603,-1.735249573223885,-0.5826665244079617,-1.1525830488159232,571.0112583333333,154.47672833333334,215.78723333333335,0.5204378782666665,2.749111607333333,-10.562522227771321,286.0880520848467,-6.99071564406872,0.7354803731566905,-11.278958121458672,0.5844155844155844,0.7350649350649351,0.7636363636363637,0.812987012987013,0.6753246753246753,0.6337662337662338,0.787012987012987,0.5766233766233766,0.6961038961038961,0.5272727272727272,0.6441558441558441,0.3729903536977492,0.2059800664451827,0.19292604501607716,0.4950575655236432
2027,ULM,louisiana monroe,4,2,0,2,1,4,0,0,0,774.6700000000001,1324.666,266.0,246.0,58.0,31.0,23.0,72.0,95.0,37.0,4.0,38.0,0.6490499999999999,1.2748,0.12630000000000002,1.2138,0.1941960097848116,98.55565811236194,107.17748512269739,11.153681421766684,0.0334737862573741,0.06801326628608013,0.4620067599202183,0.49204234758026,0.06902142563930448,0.06556624872526365,0.12049582712638929,1.077767459851678,-0.7156558982019953,1.7934233580536734,282.47656333333333,32.94277,100.46950833333334,0.6835793009,1.354691716,3.667505185433797,125.0689971213549,-0.8254186518130301,1.0611250864238964,-8.621827010335451,0.7662337662337663,0.17662337662337663,0.6363636363636364,0.6467532467532467,0.8857142857142857,0.23116883116883116,0.4857142857142857,0.5428571428571428,0.4857142857142857,0.5584415584415584,0.509090909090909,0.2540192926045016,0.2691029900332226,0.6752411575562701,0.418319081437732
2027,Louisiana Tech,louisiana tech,3,3,0,0,0,0,0,0,0,0.0,0.0,0.0,0.0,0.0,0.0,0.0,0.0,0.0,0.0,0.0,0.0,0.0,0.0,0.0,0.0,,,,,,,,,,,,,,,0.0,0.0,0.0,0.0,0.0,,,,,,0.587012987012987,0.17922077922077922,0.12467532467532468,0.21038961038961038,0.16883116883116883,0.23376623376623376,0.07792207792207792,0.3090909090909091,0.11428571428571428,0.3090909090909091,0.11428571428571428,,,,0.17012987012987013
2027,Louisville,louisville,6,6,3,6,3,6,5,3,5,4214.38,6971.979,1694.0,1233.0,359.0,305.0,236.0,558.0,794.0,171.0,161.0,233.0,22.78515,16.0328,8.0894,7.9434,0.20126259074881717,118.27509408264086,103.64553531005748,19.908853550462936,0.21624676797061487,0.15218392029195277,0.596108940793189,0.6175779701640572,0.1470134111779194,0.1099435194738016,0.14973322512445483,5.732876221413351,2.748245573488864,2.984630647924487,2285.103058333333,406.964495,1097.5935,31.23430886345,21.965584546833334,18.271748148007536,45.51609489414813,12.019859521922562,1.3500431832994018,14.62955877258338,0.922077922077922,0.825974025974026,0.9766233766233766,0.922077922077922,0.9766233766233766,0.9766233766233766,0.9454545454545454,0.9974025974025974,0.974025974025974,0.9974025974025974,0.9896103896103896,0.9260450160771704,0.9335548172757475,0.9581993569131833,0.9394629641010942
2027,Loyola Chicago,loyola chicago,6,6,3,5,3,4,3,1,1,3061.7,5129.656,1212.0,904.0,443.0,199.0,165.0,433.0,598.0,91.0,55.0,180.0,5.79746,7.7176,3.7768,3.9554,0.21575326227259367,111.62426793663263,110.24206094653299,16.238555491393672,0.07573930006205704,0.1010651983503535,0.5035238230557738,0.5580794950576067,0.13107108077212007,0.11082800300486656,0.14000007035307185,-0.27127351073579475,-0.40820558719560096,0.13693207645980626,1072.632995,178.48381666666666,534.43664,4.307777245366666,6.8070601108333335,-3.5661585534180356,207.18789234738873,-0.08122101446908554,0.9185047759795756,1.3822069900996468,0.9246753246753247,0.8285714285714286,0.9246753246753247,0.9246753246753247,0.8883116883116883,0.8805194805194805,0.8727272727272727,0.7974025974025974,0.8467532467532467,0.7506493506493507,0.8025974025974026,0.6784565916398714,0.5780730897009967,0.3890675241157556,0.700020380000297
2027,LMU (CA),loyola marymount,5,5,3,4,1,3,3,0,2,2897.96,4852.926,983.0,779.0,172.0,114.0,102.0,446.0,548.0,59.0,47.0,99.0,6.3030100000000004,6.8606,3.6286,3.2322,0.16976159670940938,114.05060345898494,112.20564662728265,14.240433064293503,0.087009674391641,0.09470095032367597,0.5519780490068876,0.573561103120816,0.07253496152465873,0.11392762743447114,0.10224023482035638,-0.0941994264931193,0.41274491366340466,-0.5069443401565239,954.7913133333334,124.08541333333334,488.70526666666666,5.5388263597166665,6.5920769405,-2.1734770890557487,192.92965051277451,0.4425629063203087,0.9436097480929113,1.8449568317022909,0.8623376623376623,0.8311688311688312,0.8441558441558441,0.6493506493506493,0.7922077922077922,0.8831168831168831,0.8467532467532467,0.8077922077922078,0.8233766233766234,0.8051948051948052,0.7922077922077922,0.5176848874598071,0.5980066445182725,0.45016077170418006,0.691596711286705
2027,Loyola Maryland,loyola md,3,3,0,0,0,1,0,0,0,311.66999999999996,540.635,96.0,68.0,37.0,8.0,16.0,33.0,49.0,8.0,1.0,12.0,-0.27123,0.4526,0.32030000000000003,0.1323,0.15618686655757694,109.99566657041102,119.91713831937626,11.434383880386306,-0.03480982770237752,0.058080662238906546,0.5436830801809607,0.563607939166426,0.04789320306734688,0.08844524625405077,0.12316634966470948,-1.237922674623801,-0.5304033753649694,-0.7075192992588315,68.07460333333334,6.152823333333333,31.45726,-0.1807698885666667,0.33531915,-14.902465062405753,302.0811756024,-5.529619940963198,0.6766679164928717,-9.921471748965246,0.5896103896103896,0.18181818181818182,0.12727272727272726,0.21298701298701297,0.4649350649350649,0.23636363636363636,0.34285714285714286,0.15064935064935064,0.35584415584415585,0.17662337662337663,0.35064935064935066,0.2958199356913183,0.23588039867109634,0.08360128617363344,0.2381785246405857
2027,LSU,lsu,1,1,1,1,0,1,1,1,1,669.16,1136.07,273.0,179.0,112.0,31.0,69.0,102.0,171.0,30.0,31.0,26.0,3.94336,2.8954,1.6798,1.2156,0.18886,126.02999999999999,104.33,21.6698,0.23570000000000002,0.1731,0.55866,0.5979,0.08563,0.1437,0.10224999999999998,4.567,2.894,1.673,395.84999999999997,44.949999999999996,247.95,5.717872,4.1983299999999995,21.0942,29.0,16.3561,1.45,21.69999999999999,0.10909090909090909,0.5298701298701298,0.4077922077922078,0.21558441558441557,0.4675324675324675,0.6363636363636364,0.45714285714285713,0.7428571428571429,0.6415584415584416,0.8103896103896104,0.7142857142857143,0.9581993569131833,0.9867109634551495,0.9871382636655949,0.7776766993888913
2027,Maine,maine,3,3,1,1,1,0,0,1,1,872.3100000000001,1415.151,266.0,245.0,46.0,56.0,15.0,90.0,105.0,22.0,6.0,49.0,-1.2691999999999999,0.5740999999999999,-0.0484,0.6581,0.19722107519115908,96.3316803859349,116.22916268299113,10.227429419587072,-0.05824790728066857,0.026858575225694646,0.462779770265158,0.4944922929921702,0.1334869886852151,0.07409847485412295,0.1577626789788034,-2.4727570108778383,-0.8859818039178952,-1.5867752069599428,165.61236000000002,34.34520666666667,65.50343833333334,-0.9128631443666668,0.3620413381666667,-14.871056636975387,315.4671848310807,-6.687574300420722,0.6424508982853955,-19.89748229705623,0.5922077922077922,0.5324675324675324,0.4103896103896104,0.6519480519480519,0.17142857142857143,0.23896103896103896,0.5298701298701298,0.03636363636363636,0.36363636363636365,0.04155844155844156,0.35584415584415585,0.1832797427652733,0.09302325581395349,0.08681672025723473,0.26040856836810305
2027,Manhattan,manhattan,2,2,1,1,1,1,1,0,0,632.43,991.8100000000001,207.0,164.0,61.0,26.0,32.0,106.0,138.0,23.0,14.0,37.0,1.15069,1.1933,0.3292,0.8641,0.20331855335768387,102.82271524121246,109.32849675062853,14.807701462612464,0.07282365637303734,0.075454170422023,0.47275155558717963,0.5463900923422355,0.08923159495912593,0.13849182296854987,0.16287516246857361,-1.6093084768274748,-1.9088974590073209,0.299588982179846,123.94014,15.499646666666667,84.18418,0.5711817925333333,0.6720772666666667,-16.463470347706465,319.96437550400833,-7.378690307227679,0.6144585026010784,-6.505781509416067,0.42337662337662335,0.535064935064935,0.412987012987013,0.6545454545454545,0.4701298701298701,0.638961038961039,0.44415584415584414,0.5818181818181818,0.4649350649350649,0.5324675324675324,0.3974025974025974,0.5562700964630225,0.29900332225913623,0.06752411575562701,0.40455549193838497
2027,Marist,marist,1,1,0,0,0,0,0,0,0,0.0,0.0,0.0,0.0,0.0,0.0,0.0,0.0,0.0,0.0,0.0,0.0,0.0,0.0,0.0,0.0,,,,,,,,,,,,,,,0.0,0.0,0.0,0.0,0.0,,,,,,0.11168831168831168,0.18441558441558442,0.12987012987012986,0.21818181818181817,0.17402597402597403,0.24155844155844156,0.08051948051948052,0.3116883116883117,0.11688311688311688,0.3116883116883117,0.11688311688311688,,,,0.17337662337662338
2027,Marquette,marquette,2,2,2,2,1,2,2,1,1,1751.83,3011.688,927.0,590.0,301.0,174.0,121.0,232.0,353.0,70.0,67.0,123.0,12.075410000000002,8.5224,5.1541,3.3683,0.24879540257901742,125.35595737029278,103.18954715925634,24.34654546559883,0.2757353921327983,0.19460831187957736,0.6391456543157726,0.6647954733050583,0.18985486531227347,0.11636416313226741,0.15398845903997535,4.422767528812727,2.8321488557679686,1.5906186730447591,1118.9156400000002,204.08807000000002,460.69383000000005,14.899161650700002,10.663548319,13.564238330203274,72.75809296564165,2.400767162909643,1.2439105108943223,22.16641021103645,0.42597402597402595,0.7376623376623377,0.638961038961039,0.6571428571428571,0.6779220779220779,0.787012987012987,0.7116883116883117,0.9246753246753247,0.8571428571428571,0.9376623376623376,0.8961038961038961,0.9903536977491961,0.9900332225913622,0.9131832797427653,0.882383869028601
2027,Marshall,marshall,3,3,1,2,0,1,1,0,0,1034.74,1774.487,335.0,279.0,58.0,78.0,19.0,77.0,96.0,55.0,14.0,45.0,1.9092500000000001,1.9862,1.0299,0.9562999999999999,0.16658513597618727,110.09914761196049,114.35244215938303,13.279620146123666,0.07378626708158571,0.07677312948180218,0.5187266120957922,0.5422454268705182,0.12854696793397374,0.05336979299147612,0.16059513327019348,-2.603458260046002,0.5967222297388716,-3.2001804897848736,261.899185,65.63909,78.92944,1.45038841395,1.561421297,-8.078922270328778,258.68962251386824,-4.965294993911514,0.8012733628737654,-4.253294547422541,0.5948051948051948,0.5376623376623376,0.6415584415584416,0.22077922077922077,0.4727272727272727,0.6415584415584416,0.5896103896103896,0.6337662337662338,0.5636363636363636,0.6233766233766234,0.5324675324675324,0.4565916398713826,0.3787375415282392,0.2540192926045016,0.48178076530300096
2027,Maryland,maryland,6,6,5,5,2,6,4,3,4,4559.6900000000005,7636.069,1761.0,1287.0,434.0,349.0,250.0,625.0,875.0,173.0,58.0,215.0,18.965700000000002,15.5179,9.4427,6.075,0.1899962369810228,121.0023139292364,109.78364597154632,18.21998851873702,0.16636329794350052,0.1361483894738458,0.5648864024089357,0.5926914418962691,0.13285169068511235,0.11192196195355385,0.13083145755522851,0.9273168833846159,1.7351256247683502,-0.8078087413837344,2003.9940816666667,435.6007783333333,1052.44164,20.854349170066666,18.183949984333335,10.947355610578787,113.18259355350912,3.8911053295289797,1.1783825909729242,11.218667957690073,0.9272727272727272,0.9636363636363636,0.9272727272727272,0.8155844155844156,0.9792207792207792,0.9428571428571428,0.9662337662337662,0.974025974025974,0.9714285714285714,0.974025974025974,0.9714285714285714,0.8231511254019293,0.8538205980066446,0.8810289389067524,0.9190464768057145
2027,UMES,maryland eastern shore,1,1,0,0,0,0,0,0,0,102.15,175.449,32.0,20.0,8.0,1.0,10.0,13.0,23.0,3.0,3.0,11.0,-0.21165,0.1011,-0.0037,0.1048,0.17404,96.51,113.2,12.4909,-0.0829,0.0396,0.7,0.68085,0.02067,0.13066,0.31866,-0.48,-1.318,0.8380000000000001,23.369653333333336,0.7303016666666667,16.796938333333333,-0.15456834775000003,0.0738334985,-11.381899999999998,294.0,-7.5968,0.7303016666666667,-16.689999999999998,0.11428571428571428,0.18701298701298702,0.13246753246753246,0.22337662337662337,0.17662337662337663,0.24415584415584415,0.2545454545454545,0.16623376623376623,0.2753246753246753,0.18701298701298702,0.2701298701298701,0.3665594855305466,0.12624584717607973,0.16720257234726688,0.22267274339359885
2027,Massachusetts,massachusetts,1,1,1,1,0,1,0,0,1,566.09,896.558,120.0,97.0,15.0,42.0,5.0,48.0,53.0,15.0,5.0,14.0,0.19714,1.0591,0.5168,0.5423,0.1133,115.22,113.98,9.4419,0.0139,0.0748,0.57732,0.57915,0.12882,0.0579,0.11905,3.565,0.705,2.86,156.6398,54.823930000000004,69.18257833333334,0.2573330847666667,1.3824767681666668,13.5199,58.0,12.9989,1.3053316666666668,1.2399999999999949,0.11688311688311688,0.5402597402597402,0.4155844155844156,0.22597402597402597,0.4753246753246753,0.24675324675324675,0.41818181818181815,0.4623376623376623,0.44935064935064933,0.4805194805194805,0.5116883116883116,0.15112540192926044,0.5681063122923588,0.909967845659164,0.5114069872185906
2027,McNeese,mcneese state,6,6,0,1,0,3,1,1,4,757.85,1301.779,156.0,127.0,49.0,47.0,69.0,108.0,177.0,31.0,33.0,43.0,1.11386,1.5292,0.4359,1.0919,0.12505641195487235,107.55250651180096,108.54586329748632,13.189150851751666,0.05879818433726989,0.08131226876461832,0.5376739755888368,0.5349968319588309,0.10333324840007917,0.13007870871544497,0.22131585406083,1.4666778405420635,-0.6186590112563393,2.085336851798403,200.4876,58.968848333333334,228.73543833333332,1.5415669397833334,2.010138302833333,12.13207964504849,69.62796067823447,13.251574645378371,1.2734189827582414,-0.9933567856853642,0.9298701298701298,0.18961038961038962,0.41818181818181815,0.22857142857142856,0.7948051948051948,0.6441558441558441,0.4701298701298701,0.5792207792207792,0.5116883116883116,0.6311688311688312,0.5844155844155844,0.4437299035369775,0.4950166112956811,0.8938906752411575,0.5297088379140702
2027,Memphis,memphis,3,3,1,2,1,3,1,1,2,1305.3899999999999,2164.571,594.0,453.0,119.0,55.0,32.0,124.0,156.0,37.0,10.0,49.0,4.24294,3.7505,2.6174,1.133,0.21829006166739445,119.77539049632679,114.96481235492841,16.825839862416597,0.12999363944874712,0.1149239545269996,0.5591293502324977,0.5945824725177916,0.08537758715786088,0.07109616528393814,0.08885549414351268,0.05616729100115675,1.7661674135698913,-1.7100001225687345,673.5112833333334,64.57256000000001,173.02139666666667,4.68390927395,4.201201677333334,5.381634575107823,116.09175801867642,7.333655051746989,1.1286267955425837,4.810578141398381,0.5974025974025974,0.5428571428571428,0.6441558441558441,0.6597402597402597,0.7974025974025974,0.6467532467532467,0.6441558441558441,0.7532467532467533,0.6831168831168831,0.7714285714285715,0.7168831168831169,0.7331189710610932,0.6877076411960132,0.7009646302250804,0.685302273972409
2027,Mercer,mercer,3,3,0,0,0,0,0,0,1,0.0,0.0,0.0,0.0,0.0,0.0,0.0,0.0,0.0,0.0,0.0,0.0,0.0,0.0,0.0,0.0,,,,,,,,,,,,,,,0.0,0.0,0.0,0.0,0.0,,,,,,0.6,0.19220779220779222,0.13506493506493505,0.23116883116883116,0.17922077922077922,0.24935064935064935,0.08311688311688312,0.3142857142857143,0.11948051948051948,0.3142857142857143,0.11948051948051948,,,,0.17727272727272728
2027,Merrimack,merrimack,3,3,1,2,1,1,0,0,0,1248.24,2069.66,384.0,371.0,65.0,70.0,53.0,108.0,161.0,35.0,21.0,53.0,0.19695999999999997,2.0439,0.383,1.6608999999999998,0.18802014908991863,100.47591512850096,109.78150588027944,10.622214367429343,0.006329791546497468,0.06550784384413255,0.47530903167660066,0.4859378577036467,0.10660876738447735,0.07276904217137732,0.1213450212298917,-0.5159400756264821,-0.6386091456771135,0.12266907005063131,319.20987,57.18669333333334,138.56390666666667,0.1099709800333333,1.710533797,-5.734712113055183,235.0498061270269,-6.682502193488432,0.8404927331282449,-9.305590751778482,0.6025974025974026,0.5454545454545454,0.6467532467532467,0.6623376623376623,0.4779220779220779,0.2519480519480519,0.6311688311688312,0.4597402597402597,0.5662337662337662,0.45194805194805193,0.5532467532467532,0.21543408360128619,0.25249169435215946,0.3311897106109325,0.42584766719750855
2027,Miami (FL),miami fl,4,4,3,4,2,3,3,2,2,3176.12,5271.91,1288.0,886.0,341.0,258.0,192.0,396.0,588.0,130.0,95.0,177.0,14.58896,11.5415,6.7636,4.7779,0.19395560844678414,120.81465212271577,107.85027624900822,19.92365238435576,0.1837457249726081,0.1453213345213657,0.6075281076596601,0.6187623040061458,0.15587451516315504,0.10715720832336309,0.1486294086810322,3.561610924650202,2.1768240274296944,1.384786897220508,1574.4686366666667,336.38850833333333,700.1145616666666,18.823160876333336,14.483466191166666,8.472269106645843,113.23169779479365,3.4235781192146395,1.1814650860956135,12.964375873707553,0.7688311688311689,0.8337662337662337,0.8467532467532467,0.8181818181818182,0.8,0.8857142857142857,0.8935064935064935,0.9454545454545454,0.9246753246753247,0.9662337662337662,0.9506493506493506,0.9292604501607717,0.9036544850498339,0.7877813504823151,0.8949788756926808
2027,Miami (OH),miami oh,3,3,3,3,0,3,2,0,0,1947.0,3241.001,629.0,497.0,136.0,87.0,116.0,248.0,364.0,61.0,37.0,56.0,5.21767,5.355499999999999,3.2066,2.1489000000000003,0.16049601304571132,119.82215634309192,112.31495901386748,15.369311709809963,0.10720397431946582,0.1100243251155624,0.552505771391885,0.567470408320493,0.08373722978941962,0.11039360133538777,0.09844438988186953,0.16947382639958908,0.39651963533641493,-0.22704580893682583,511.2745616666667,74.12263166666666,290.7085666666667,4.3216117411166675,4.3751437825,-7.631179001540832,254.27364663584999,-3.3895718515665125,0.8083845102208526,7.507197329224439,0.6051948051948052,0.8363636363636363,0.7662337662337663,0.23376623376623376,0.8025974025974026,0.7896103896103897,0.7532467532467533,0.7766233766233767,0.7584415584415585,0.7532467532467533,0.7246753246753247,0.6045016077170418,0.760797342192691,0.2604501607717042,0.6704687968877006
2027,Michigan,michigan,3,3,2,2,2,3,2,2,3,1553.74,2609.596,783.0,575.0,190.0,47.0,171.0,262.0,433.0,38.0,64.0,83.0,8.39686,6.8051,3.3645,3.4405,0.23531525802257777,118.13688660908515,99.91286978516352,22.816638274099912,0.21616837823574084,0.17517349556553863,0.5751186394763602,0.5939736535070217,0.06364699035874727,0.15343989637905955,0.11153069355233178,3.9654956298994684,1.525610018407198,2.43988561149227,1107.0109183333334,66.75216,611.7335183333333,11.869566694216667,9.641153407000001,20.846033945190314,32.97547208670691,12.757250154465996,1.4125766806758746,18.22401682392163,0.6077922077922078,0.7402597402597403,0.6493506493506493,0.8207792207792208,0.8051948051948052,0.7922077922077922,0.6909090909090909,0.8623376623376623,0.8103896103896104,0.9142857142857143,0.8597402597402597,0.9742765273311897,0.9634551495016611,0.977491961414791,0.8743454919203496
2027,Michigan St.,michigan state,1,1,1,1,1,1,1,0,0,846.42,1323.122,342.0,234.0,92.0,35.0,97.0,171.0,268.0,8.0,49.0,49.0,5.3426,3.1554,2.0513,1.1041,0.20594999999999997,122.55,110.11,23.1157,0.2525,0.1491,0.60043,0.62295,0.09116,0.19183,0.15148,1.873,1.71,0.16300000000000003,335.41536,34.32613333333333,262.84010666666666,5.239737141333333,3.0946480320000003,-1.1552,182.0,0.6191,0.9807466666666667,12.439999999999998,0.11948051948051948,0.548051948051948,0.42077922077922075,0.6649350649350649,0.4805194805194805,0.6493506493506493,0.5142857142857142,0.7818181818181819,0.6623376623376623,0.8,0.6649350649350649,0.9807073954983923,0.8970099667774086,0.4855305466237942,0.6986458051674747
2027,Middle Tenn.,middle tennessee,2,2,1,1,0,1,0,0,0,573.56,943.341,195.0,156.0,44.0,7.0,10.0,38.0,48.0,18.0,5.0,18.0,0.22727,0.6453,0.4949,0.1504,0.18031,108.67,121.74,11.1539,0.0158,0.045,0.51603,0.55587,0.02203,0.05375,0.09309,1.407,0.756,0.651,212.26010000000002,7.619593333333334,52.24864000000001,0.24738642526666668,0.702417654,2.3108,139.0,10.5717,1.0885133333333334,-13.069999999999993,0.42857142857142855,0.5506493506493506,0.42337662337662335,0.23636363636363636,0.4831168831168831,0.2545454545454545,0.42077922077922075,0.4727272727272727,0.38441558441558443,0.4753246753246753,0.4077922077922078,0.2572347266881029,0.17940199335548174,0.6302250803858521,0.41734389356784163
2027,Millersville,millersville,1,1,0,1,0,0,0,0,0,281.4,490.566,52.0,73.0,18.0,19.0,6.0,17.0,23.0,9.0,4.0,17.0,-1.29979,-0.4851,-0.5623,0.0772,0.17504,71.09,121.60000000000001,1.2621,-0.1848,-0.069,0.24658,0.32138,0.11851000000000002,0.04854,0.17361,-4.286,-2.586,-1.7,28.6,10.450000000000001,12.65,-0.7148845,-0.266805,-22.2465,354.0,-7.0288,0.55,-50.510000000000005,0.12207792207792208,0.19480519480519481,0.42597402597402595,0.23896103896103896,0.18181818181818182,0.2571428571428571,0.3246753246753247,0.033766233766233764,0.0,0.05454545454545454,0.0,0.01929260450160772,0.0033222591362126247,0.003215434083601286,0.08569375310677081
2027,Milwaukee,milwaukee,2,2,0,0,0,0,0,0,1,27.21,45.335,0.0,1.0,0.0,0.0,1.0,0.0,1.0,0.0,1.0,2.0,-0.19639,0.0,0.0,0.0252,0.05629,,114.32,-5.1766,-0.2887,,0.0,0.0,0.0,0.02054,0.6666700000000001,,,,0.0,0.0,1.0953133333333334,-0.21510858553333334,0.0,5.7188,106.0,2.9029,1.0953133333333334,,0.43116883116883115,0.1974025974025974,0.13766233766233765,0.24155844155844156,0.18441558441558442,0.2597402597402597,0.2051948051948052,0.17922077922077922,0.12207792207792208,0.16363636363636364,0.12207792207792208,0.006430868167202572,,0.7106109324758842,0.23422558149246253
2027,Minn.-Crookston,minn crookston,1,1,0,0,0,0,0,0,0,0.0,0.0,0.0,0.0,0.0,0.0,0.0,0.0,0.0,0.0,0.0,0.0,0.0,0.0,0.0,0.0,,,,,,,,,,,,,,,0.0,0.0,0.0,0.0,0.0,,,,,,0.12467532467532468,0.2,0.14025974025974025,0.24415584415584415,0.18701298701298702,0.2623376623376623,0.08571428571428572,0.3168831168831169,0.12467532467532468,0.3168831168831169,0.12467532467532468,,,,0.18181818181818182
2027,Minn. Duluth,minn duluth,1,1,0,0,0,0,0,0,0,0.0,0.0,0.0,0.0,0.0,0.0,0.0,0.0,0.0,0.0,0.0,0.0,0.0,0.0,0.0,0.0,,,,,,,,,,,,,,,0.0,0.0,0.0,0.0,0.0,,,,,,0.12727272727272726,0.2025974025974026,0.14285714285714285,0.24675324675324675,0.18961038961038962,0.2649350649350649,0.08831168831168831,0.3194805194805195,0.12727272727272726,0.3194805194805195,0.12727272727272726,,,,0.18441558441558442
2027,Minnesota,minnesota,4,3,1,1,0,3,0,4,4,829.67,1429.49,195.0,192.0,37.0,91.0,17.0,80.0,97.0,26.0,5.0,46.0,-0.48526,1.4631,0.1604,1.3027,0.152450862511601,100.63216206443526,107.1239299962636,8.254619358299083,-0.023416933238516516,0.07057045692865839,0.43980721238564724,0.46083819795822434,0.1743910983885159,0.06344128484819266,0.17210658008605834,3.7631052346113516,1.098830486820061,2.6642747477912905,282.1268766666667,131.55995333333334,140.46449,-0.6997017511000001,2.117828085666667,23.464023154989334,25.878301011245433,12.706033262622489,1.4466487707562445,-6.491767931828335,0.7714285714285715,0.5532467532467532,0.42857142857142855,0.24935064935064935,0.8077922077922078,0.2675324675324675,0.5038961038961038,0.1038961038961039,0.509090909090909,0.05974025974025974,0.5974025974025974,0.12218649517684887,0.3023255813953488,0.9935691318327974,0.4474809889558156
2027,Minnesota St.,minnesota state,1,1,0,0,0,0,0,0,0,0.0,0.0,0.0,0.0,0.0,0.0,0.0,0.0,0.0,0.0,0.0,0.0,0.0,0.0,0.0,0.0,,,,,,,,,,,,,,,0.0,0.0,0.0,0.0,0.0,,,,,,0.12987012987012986,0.2051948051948052,0.14545454545454545,0.2519480519480519,0.19220779220779222,0.2701298701298701,0.09090909090909091,0.3220779220779221,0.12987012987012986,0.3220779220779221,0.12987012987012986,,,,0.18701298701298702
2027,Ole Miss,mississippi,4,4,3,4,3,4,3,0,2,3040.2400000000002,4957.148999999999,1185.0,935.0,366.0,234.0,221.0,353.0,574.0,126.0,112.0,211.0,8.72634,8.3012,3.3903,4.911,0.2221728237244428,108.05969383996002,106.58264850801251,17.46048808317764,0.11481443438675894,0.10922718272241666,0.5136323286319501,0.5428883902915559,0.15940628542483487,0.11171599679630555,0.16515431242270345,2.507490671789069,1.1469243711022814,1.3605663006867876,1399.3135933333333,296.68695,637.5642133333333,10.166601510100001,9.775927850000002,7.386110800792041,108.82798726416335,6.348792034181512,1.167190734399258,1.477045331947508,0.7740259740259741,0.8389610389610389,0.8493506493506493,0.9272727272727272,0.8909090909090909,0.8883116883116883,0.8675324675324675,0.8675324675324675,0.8545454545454545,0.8857142857142857,0.8649350649350649,0.7620578778135049,0.5813953488372093,0.752411575562701,0.7932868084794674
2027,Mississippi St.,mississippi state,4,4,4,4,2,2,2,0,2,3015.07,5099.8099999999995,1138.0,882.0,365.0,194.0,102.0,298.0,400.0,111.0,51.0,154.0,4.41301,7.4412,3.6178999999999997,3.8233,0.19604775660266596,110.2632109370595,110.48404252637584,14.307022896980829,0.058525951304613154,0.09872356595369261,0.5161677721578604,0.5456442162868523,0.12902817397274358,0.0744421090720945,0.12937655424252173,0.9468845333607513,0.7174916801268296,0.22939285323392153,1333.9549116666667,216.47023666666666,479.07328500000006,5.035875234466666,8.892784775666668,8.30306241513464,99.16194980547716,6.743218285810943,1.1879583469924966,-0.22083158931634728,0.7766233766233767,0.9142857142857143,0.8519480519480519,0.8233766233766234,0.6805194805194805,0.7948051948051948,0.8571428571428571,0.7584415584415585,0.8389610389610389,0.7922077922077922,0.8389610389610389,0.5209003215434084,0.5282392026578073,0.7845659163987139,0.7480432633139046
2027,Missouri,missouri,3,3,3,3,2,3,2,2,3,2388.0299999999997,4040.237,920.0,690.0,326.0,126.0,198.0,379.0,577.0,50.0,55.0,151.0,3.89621,6.7468,2.9158999999999997,3.8308999999999997,0.20451335364296094,109.6314892610227,106.77028094286925,16.367362015971324,0.06526305615926098,0.1130226395815798,0.520426835048136,0.5510461363131954,0.09683865110572314,0.13199890914268245,0.15633788976687898,5.686966767586672,2.78183458331763,2.9051321842690423,1272.298895,175.67711,813.073155,5.419633605483333,9.404242623166667,20.96096765576647,34.37518791639971,14.58186530403722,1.3940919271324062,2.8612083181534445,0.6103896103896104,0.8415584415584415,0.7688311688311689,0.825974025974026,0.8103896103896104,0.7974025974025974,0.8051948051948052,0.7402597402597403,0.8077922077922078,0.8025974025974026,0.8519480519480519,0.6945337620578779,0.6245847176079734,0.9807073954983923,0.8001606537804207
2027,Missouri St.,missouri state,3,3,0,0,0,0,0,0,1,0.0,0.0,0.0,0.0,0.0,0.0,0.0,0.0,0.0,0.0,0.0,0.0,0.0,0.0,0.0,0.0,,,,,,,,,,,,,,,0.0,0.0,0.0,0.0,0.0,,,,,,0.612987012987013,0.2077922077922078,0.14805194805194805,0.2545454545454545,0.19480519480519481,0.2727272727272727,0.09350649350649351,0.3246753246753247,0.13246753246753246,0.3246753246753247,0.13246753246753246,,,,0.18961038961038962
2027,Missouri Western,missouri western,1,1,0,0,0,0,0,0,0,0.0,0.0,0.0,0.0,0.0,0.0,0.0,0.0,0.0,0.0,0.0,0.0,0.0,0.0,0.0,0.0,,,,,,,,,,,,,,,0.0,0.0,0.0,0.0,0.0,,,,,,0.13246753246753246,0.21038961038961038,0.15064935064935064,0.2571428571428571,0.1974025974025974,0.2753246753246753,0.09610389610389611,0.32727272727272727,0.13506493506493505,0.32727272727272727,0.13506493506493505,,,,0.19220779220779222
2027,Monmouth,monmouth,2,2,2,2,1,1,0,0,0,1713.25,2849.91,546.0,448.0,205.0,220.0,43.0,166.0,209.0,57.0,2.0,118.0,0.07771999999999996,2.6741,0.9173,1.7568,0.197784774901503,102.50494002626587,113.1900301181964,12.405634208084052,0.0017996077630234935,0.06239964453524004,0.44668974311980153,0.5058793498321903,0.25986968393404347,0.07021011574492923,0.17883969969356486,-1.1689696891872172,-1.6945020574930687,0.5255323683058515,430.08716,173.30776,167.63009666666665,-0.006638005333333419,2.0652294436666665,-8.66634591682475,263.49937837443457,-2.7952594110608495,0.7955612515978402,-10.685090091930533,0.43376623376623374,0.7428571428571429,0.6519480519480519,0.6675324675324675,0.4857142857142857,0.2779220779220779,0.7012987012987013,0.43636363636363634,0.6285714285714286,0.22597402597402597,0.5922077922077922,0.36012861736334406,0.2159468438538206,0.2315112540192926,0.4385606253677313
2027,Montana,montana,5,4,0,0,0,0,0,0,1,0.0,0.0,0.0,0.0,0.0,0.0,0.0,0.0,0.0,0.0,0.0,0.0,0.0,0.0,0.0,0.0,,,,,,,,,,,,,,,0.0,0.0,0.0,0.0,0.0,,,,,,0.8649350649350649,0.21298701298701297,0.15324675324675324,0.2597402597402597,0.2,0.2805194805194805,0.0987012987012987,0.32987012987012987,0.13766233766233765,0.32987012987012987,0.13766233766233765,,,,0.19480519480519481
2027,Montana St.,montana state,2,2,0,0,0,1,0,0,1,184.23000000000002,299.503,40.0,44.0,13.0,6.0,2.0,14.0,16.0,3.0,4.0,8.0,-0.7664000000000001,-0.023399999999999997,-0.1738,0.1504,0.16625673668783586,78.80947728382999,115.56730337078652,3.6219293111871025,-0.16638925256472886,-0.0051031753786028354,0.287371763556424,0.3706253053248656,0.05610614069369809,0.05447939423546653,0.14617822178798243,-2.0197547630679042,-0.8882354665363946,-1.1315192965315095,44.40741333333334,6.835303333333334,18.406133333333333,-0.9174219670666668,-0.03410771233333333,7.678334294088912,98.46409379579873,3.3318574987787004,1.1504978855235304,-36.75782608695653,0.43636363636363634,0.21558441558441557,0.15584415584415584,0.2623376623376623,0.4883116883116883,0.2831168831168831,0.2935064935064935,0.07272727272727272,0.01818181818181818,0.03896103896103896,0.015584415584415584,0.02572347266881029,0.023255813953488372,0.7620578778135049,0.19638193258173817
2027,Morehead St.,morehead state,1,1,0,0,0,0,0,0,0,0.0,0.0,0.0,0.0,0.0,0.0,0.0,0.0,0.0,0.0,0.0,0.0,0.0,0.0,0.0,0.0,,,,,,,,,,,,,,,0.0,0.0,0.0,0.0,0.0,,,,,,0.13506493506493505,0.21818181818181817,0.15844155844155844,0.2649350649350649,0.2025974025974026,0.2857142857142857,0.1012987012987013,0.33246753246753247,0.14025974025974025,0.33246753246753247,0.14025974025974025,,,,0.19805194805194803
2027,Morgan St.,morgan state,1,1,0,0,0,0,0,0,0,55.97,92.591,12.0,9.0,0.0,0.0,2.0,4.0,6.0,2.0,0.0,2.0,-0.21015,0.0,0.0,0.0271,0.10204,,119.25,8.9677,-0.1502,,0.66667,0.66667,0.0,0.06454,0.18182,,,,13.309360000000002,0.0,6.654680000000001,-0.233080167,0.0,3.5468,128.0,11.7731,1.1091133333333334,,0.13766233766233765,0.22077922077922077,0.16103896103896104,0.2675324675324675,0.2051948051948052,0.2883116883116883,0.23896103896103896,0.16883116883116883,0.14285714285714285,0.15324675324675324,0.14285714285714285,0.12861736334405144,,0.6688102893890675,0.25887863476287915
2027,Mount Olive,mount olive,1,1,0,0,0,0,0,0,0,0.0,0.0,0.0,0.0,0.0,0.0,0.0,0.0,0.0,0.0,0.0,0.0,0.0,0.0,0.0,0.0,,,,,,,,,,,,,,,0.0,0.0,0.0,0.0,0.0,,,,,,0.14025974025974025,0.22337662337662337,0.16363636363636364,0.2701298701298701,0.2077922077922078,0.2909090909090909,0.1038961038961039,0.33506493506493507,0.14545454545454545,0.33506493506493507,0.14545454545454545,,,,0.20194805194805193
2027,Murray St.,murray state,2,2,2,2,0,2,2,0,1,1359.56,2256.799,411.0,276.0,94.0,77.0,114.0,186.0,300.0,25.0,60.0,59.0,3.61266,4.8034,2.6369999999999996,2.1662999999999997,0.14283124113683843,125.18683471123012,106.86648621612875,17.72456921062697,0.10625924858042309,0.1413395870722881,0.6345814971755568,0.6418084263291065,0.10506082100091207,0.12791617773397276,0.1548034465562388,-0.4006398614257557,-0.8780256480037658,0.4773857865780107,461.11019999999996,89.19490333333333,327.93289,4.0331983981,5.361791395666666,5.31001949012916,124.2573920974433,-0.137882406808085,1.1008649869320466,18.32034849510137,0.43896103896103894,0.7454545454545455,0.6545454545454545,0.2727272727272727,0.6831168831168831,0.8,0.6597402597402597,0.7220779220779221,0.7272727272727273,0.7376623376623377,0.7558441558441559,0.7845659163987139,0.9667774086378738,0.6977491961414791,0.7639705456970523
2027,N.M. Highlands,n m highlands,1,1,0,0,0,0,0,0,0,0.0,0.0,0.0,0.0,0.0,0.0,0.0,0.0,0.0,0.0,0.0,0.0,0.0,0.0,0.0,0.0,,,,,,,,,,,,,,,0.0,0.0,0.0,0.0,0.0,,,,,,0.14285714285714285,0.22597402597402597,0.16623376623376623,0.2753246753246753,0.21038961038961038,0.2935064935064935,0.10649350649350649,0.33766233766233766,0.14805194805194805,0.33766233766233766,0.14805194805194805,,,,0.20454545454545453
2027,NC State,nc state,5,5,5,5,2,5,5,1,3,4651.42,7745.228,1839.0,1358.0,420.0,361.0,209.0,604.0,813.0,99.0,131.0,226.0,17.77515,17.1497,9.9605,7.1891,0.19204543666235258,122.50497908165677,107.37928123024797,17.78805084769812,0.1528493163378065,0.14749281036758666,0.5523757669270889,0.5900775692154223,0.14789030764798705,0.10000608586195182,0.1321058720562753,2.3469824311715564,1.3393425448572696,1.007639886314287,2200.0434183333336,436.160215,938.0268683333334,20.45542490711667,20.315996059,9.807019560478306,87.25676460091758,3.0412836520890396,1.187928592859815,15.125697851408802,0.8675324675324675,0.9662337662337662,0.9298701298701298,0.8285714285714286,0.9402597402597402,0.9792207792207792,0.9688311688311688,0.9662337662337662,0.987012987012987,0.9714285714285714,0.9844155844155844,0.7942122186495176,0.9401993355481728,0.8360128617363344,0.9230476438347308
2027,Nebraska,nebraska,5,5,4,4,2,4,3,1,3,3296.75,5561.657,1244.0,946.0,258.0,341.0,117.0,456.0,573.0,131.0,55.0,218.0,11.45538,10.760200000000001,4.5322000000000005,6.2534,0.19871102124819898,112.65994167325985,103.43643363919011,16.910953732918784,0.13898141745658604,0.13200621017252695,0.5566158072647304,0.5848134345643436,0.18672599538939866,0.1012004109501782,0.17262435265033746,1.443964663563267,0.051124172784534565,1.3928404907787324,1468.7056983333334,415.359485,673.813485,13.606221795733333,12.734358893,8.771387508303633,96.58471221657693,2.861912901190567,1.1865551516291295,9.223508034069738,0.8701298701298701,0.9168831168831169,0.8545454545454545,0.8311688311688312,0.8935064935064935,0.8909090909090909,0.9090909090909091,0.922077922077922,0.9116883116883117,0.9298701298701298,0.9272727272727272,0.7395498392282959,0.8006644518272426,0.8006430868167203,0.8605677515698773
2027,Omaha,nebraska omaha,4,4,1,2,0,0,0,0,0,866.82,1475.0240000000001,268.0,213.0,85.0,30.0,54.0,122.0,176.0,16.0,6.0,45.0,-0.21234000000000003,1.1697,0.46210000000000007,0.7091,0.17038109330656884,104.04743999074556,115.53151277081747,11.406403389400335,-0.00979189797189728,0.054141648446989404,0.5177779155995478,0.5353456124685633,0.06957656399252439,0.11292723656583836,0.14923561062273596,-2.265421447162936,-0.9007675053502228,-1.364653941812713,185.52090333333334,20.460613333333335,111.15722333333335,-0.18838276683333333,0.906517756,-16.167810405851274,285.0306638056344,-1.1519970882074708,0.7128609197603502,-11.484072780071912,0.7792207792207793,0.5558441558441558,0.6571428571428571,0.2779220779220779,0.21298701298701297,0.2961038961038961,0.522077922077922,0.16363636363636364,0.45714285714285713,0.17142857142857143,0.44415584415584414,0.28938906752411575,0.2026578073089701,0.0707395498392283,0.3223275597398296
2027,Nevada,nevada,3,3,1,2,1,2,1,1,1,1423.76,2415.91,492.0,373.0,194.0,158.0,93.0,160.0,253.0,57.0,21.0,103.0,2.41307,3.0963000000000003,1.5467,1.5496,0.1979713580940608,110.73911986570772,112.49293427263022,15.38884117126482,0.06779941703657921,0.0869749936787099,0.4712556508119346,0.5494483301961005,0.23577075377872675,0.10120627507445076,0.1829966289964601,-0.7516564800247234,-0.48805545176153287,-0.2636010282631905,410.2357933333334,125.18532333333334,223.24472500000002,1.7583162975666664,2.799094979166667,-3.4470615124740123,219.62196578074958,3.830710012923527,0.8780491091078085,-1.7538144069225012,0.6155844155844156,0.5584415584415584,0.6597402597402597,0.6701298701298701,0.6857142857142857,0.6519480519480519,0.6753246753246753,0.6727272727272727,0.6597402597402597,0.6545454545454545,0.6493506493506493,0.6109324758842444,0.48172757475083056,0.3954983922829582,0.5751172543686244
2027,New Hampshire,new hampshire,2,2,0,2,0,0,0,0,0,630.0,1053.76,105.0,100.0,24.0,23.0,31.0,58.0,89.0,13.0,22.0,31.0,-1.53865,0.3138,-0.1583,0.47219999999999995,0.1143015196825397,91.43727412698412,116.30517634920635,7.271493801587303,-0.09767553333333333,0.019938377777777776,0.4406359185714286,0.4675035992063492,0.06642031222222222,0.0790052219047619,0.22075620523809522,-2.4483199523809525,-1.7685534126984128,-0.6797665396825397,68.46905,14.732563333333333,61.23782333333334,-1.1199587451666668,0.201223858,-13.268589142857143,304.52909523809524,-8.711422723809525,0.6730428793650793,-24.867902222222227,0.44155844155844154,0.22857142857142856,0.6623376623376623,0.2805194805194805,0.21558441558441557,0.2987012987012987,0.44155844155844154,0.01818181818181818,0.3246753246753247,0.03116883116883117,0.3038961038961039,0.09967845659163987,0.06312292358803986,0.12218649517684887,0.1843118115073334
2027,New Mexico,new mexico,4,4,2,2,2,3,2,1,2,1716.22,3014.119,759.0,531.0,206.0,134.0,78.0,257.0,335.0,70.0,39.0,83.0,8.26226,6.816199999999999,3.6584,3.1579,0.2060376904476116,120.50730017130671,104.13398911561455,19.667821363811168,0.192557097574903,0.1588745143396534,0.5638506404773281,0.6113775137802846,0.1495995012877137,0.10912593402943678,0.11789935829905257,2.237764872801855,1.4832028353008355,0.7545620375010197,802.4621933333333,141.419055,358.16711499999997,8.7544938275,7.2583512673333335,3.3489245551269655,129.37463728426425,-1.452514283133864,1.0612934948122423,16.373311055692156,0.7818181818181819,0.7480519480519481,0.6649350649350649,0.8337662337662337,0.812987012987013,0.8025974025974026,0.7038961038961039,0.8571428571428571,0.8155844155844156,0.8545454545454545,0.812987012987013,0.9196141479099679,0.9435215946843853,0.6655948553054662,0.8068873024829056
2027,New Mexico St.,new mexico state,3,3,3,3,2,2,1,0,0,2495.6800000000003,4056.823,957.0,737.0,284.0,133.0,90.0,281.0,371.0,76.0,26.0,152.0,2.3613399999999998,5.2809,2.415,2.8659,0.21456916952493907,107.20135858763942,111.78371558052315,14.798014621666239,0.03786880088793435,0.08464666744133861,0.522316221751186,0.5618786370848826,0.11236844218810103,0.08930264188517757,0.15845683921816897,-0.8187040606167457,-0.18263818678676752,-0.6360658738299781,766.2189216666667,107.52665833333333,291.040865,1.5403910260166667,4.1258229706666665,-8.910179751811128,257.6312908706244,-3.9821868424637774,0.7951348102654718,-4.5823569928837316,0.6181818181818182,0.8441558441558441,0.7714285714285715,0.8363636363636363,0.6883116883116883,0.6545454545454545,0.8181818181818182,0.6701298701298701,0.7480519480519481,0.6285714285714286,0.7090909090909091,0.5530546623794212,0.37209302325581395,0.22508038585209003,0.5928897244981893
2027,New Orleans,new orleans,1,1,0,0,0,0,0,0,0,0.0,0.0,0.0,0.0,0.0,0.0,0.0,0.0,0.0,0.0,0.0,0.0,0.0,0.0,0.0,0.0,,,,,,,,,,,,,,,0.0,0.0,0.0,0.0,0.0,,,,,,0.14545454545454545,0.23116883116883116,0.16883116883116883,0.2831168831168831,0.21818181818181817,0.3012987012987013,0.10909090909090909,0.34025974025974026,0.15064935064935064,0.34025974025974026,0.15064935064935064,,,,0.20779220779220778
2027,Niagara,niagara,1,1,0,1,1,1,0,0,0,377.81,638.561,170.0,141.0,32.0,18.0,4.0,33.0,37.0,11.0,3.0,19.0,0.40964,0.8085,0.4061,0.4025,0.23607,108.08,112.74,12.865000000000002,0.0434,0.0856,0.51773,0.54803,0.09534000000000001,0.05916,0.10915,0.614,0.653,-0.039,152.24208333333334,16.11975,33.135041666666666,0.36684968833333337,0.7240454375,-3.8674999999999997,213.0,-3.9444000000000004,0.8955416666666667,-4.659999999999997,0.14805194805194805,0.23376623376623376,0.43116883116883115,0.6727272727272727,0.4909090909090909,0.3038961038961039,0.36363636363636365,0.5142857142857142,0.4077922077922078,0.4909090909090909,0.412987012987013,0.3954983922829582,0.3687707641196013,0.38263665594855306,0.378314930521402
2027,Nicholls,nicholls state,2,2,0,0,0,1,0,0,0,77.15,129.25799999999998,14.0,12.0,0.0,1.0,1.0,8.0,9.0,1.0,0.0,2.0,-0.30085,0.0,0.0,0.0463,0.09080618664938432,,117.92764614387558,5.474823771872975,-0.15598134802333116,,0.5324173687621516,0.5324173687621516,0.02173457420609203,0.06606878029812054,0.25474381464679197,-1.256,-0.216,-1.04,12.157856666666667,0.7637783333333333,6.874005,-0.22771589718333335,0.0,-7.776809423201556,256.4946208684381,-1.029697861309138,0.803353457118168,,0.44415584415584414,0.23636363636363636,0.17142857142857143,0.2857142857142857,0.4935064935064935,0.3064935064935065,0.24675324675324675,0.14025974025974025,0.15324675324675324,0.15844155844155844,0.15324675324675324,0.04501607717041801,,0.2572347266881029,0.1828426664439526
2027,NJIT,njit,2,2,1,1,0,0,0,0,0,768.0600000000001,1272.662,235.0,219.0,75.0,41.0,23.0,36.0,59.0,17.0,3.0,18.0,-2.2847500000000003,0.0207,0.3744,-0.3476,0.1833756339348488,103.10000000000001,129.710106371898,9.816314143426293,-0.11900830013280213,0.0011,0.42601998450641876,0.4672034736869514,0.11501157852251125,0.04276889175324844,0.06676039424003331,-3.005,-0.173,-2.832,129.25,22.55,32.953743333333335,-1.2789232922333336,0.011385000000000001,-26.003208962841445,358.86353930682503,-5.773617908757128,0.5529973010355094,-26.610106371898,0.44675324675324674,0.561038961038961,0.43376623376623374,0.2883116883116883,0.22077922077922077,0.3090909090909091,0.4831168831168831,0.0,0.2545454545454545,0.023376623376623377,0.2519480519480519,0.1639871382636656,0.04983388704318937,0.0,0.21904307782676777
2027,Norfolk St.,norfolk state,2,2,0,1,0,1,0,0,0,216.65,349.623,68.0,51.0,17.0,11.0,20.0,26.0,46.0,6.0,4.0,7.0,0.60126,0.6754,0.4358,0.2396,0.16628,122.88,112.31,17.3216,0.111,0.1247,0.51961,0.5812,0.11373,0.13312,0.1069,-1.9589999999999999,0.144,-2.103,51.00294666666667,8.250476666666668,34.50199333333334,0.45097105460000003,0.5065792673333334,-10.1974,282.0,-1.1742,0.7500433333333334,10.569999999999993,0.44935064935064933,0.23896103896103896,0.43636363636363634,0.2909090909090909,0.4961038961038961,0.3116883116883117,0.2987012987012987,0.5376623376623376,0.3922077922077922,0.5194805194805194,0.38181818181818183,0.7588424437299035,0.8338870431893688,0.19935691318327975,0.461578205580513
2027,North Ala.,north alabama,4,4,1,2,0,2,1,0,0,851.77,1451.257,262.0,225.0,63.0,35.0,53.0,135.0,188.0,44.0,19.0,47.0,2.74023,1.7282000000000002,0.3925,1.3356,0.17398949810394823,102.15462190497435,107.17555208565693,13.944645549855007,0.12865877760428288,0.08113821101940664,0.47766977024314083,0.505174503680571,0.08158727637742583,0.1252970555431631,0.15585772696854786,-1.949062681240241,-1.2303374972116887,-0.7187251840285525,169.00424333333333,22.701578333333334,121.72088666666667,1.763485856716667,1.1146032746666668,-13.967317354450143,317.22507249609635,-7.318664889582868,0.647211377425831,-5.0209301806825835,0.7844155844155845,0.5636363636363636,0.6675324675324675,0.2935064935064935,0.6909090909090909,0.6571428571428571,0.5168831168831168,0.6961038961038961,0.5324675324675324,0.6571428571428571,0.4831168831168831,0.5080385852090032,0.3521594684385382,0.10610932475884244,0.4552980855979435
2027,North Carolina,north carolina,4,4,3,4,3,4,3,1,2,3025.67,5085.486,1442.0,1160.0,394.0,298.0,87.0,282.0,369.0,117.0,44.0,194.0,7.77264,7.6395,4.3643,3.2752,0.25829234840547716,109.7769432555434,112.57154881398168,17.674604708378638,0.10275925067836215,0.1009861171244716,0.5040565913334897,0.5412253757349611,0.19955178562103598,0.0704880410950302,0.12784616663416698,3.3656609147725955,1.6301096153909713,1.7355512993816244,1761.2143416666668,368.03518833333334,461.35514,9.4917567292,9.394487,10.536632889905377,83.48236258415491,10.040130190338006,1.2451588796090343,-2.7946055584382776,0.787012987012987,0.8467532467532467,0.8571428571428571,0.9298701298701298,0.8961038961038961,0.8935064935064935,0.8623376623376623,0.8467532467532467,0.8441558441558441,0.8701298701298701,0.8493506493506493,0.7781350482315113,0.43853820598006643,0.8617363344051447,0.7867115738840216
2027,N.C. Central,north carolina central,1,1,0,0,0,0,0,0,0,0.0,0.0,0.0,0.0,0.0,0.0,0.0,0.0,0.0,0.0,0.0,0.0,0.0,0.0,0.0,0.0,,,,,,,,,,,,,,,0.0,0.0,0.0,0.0,0.0,,,,,,0.15064935064935064,0.24155844155844156,0.17402597402597403,0.2961038961038961,0.22337662337662337,0.3142857142857143,0.11168831168831168,0.34285714285714286,0.15584415584415584,0.34285714285714286,0.15584415584415584,,,,0.21298701298701297
2027,North Dakota,north dakota,2,2,0,0,0,0,0,0,0,126.64,221.742,32.0,31.0,1.0,0.0,1.0,21.0,22.0,3.0,0.0,2.0,-0.03612,0.2053,0.0282,0.1771,0.13193,101.34,109.03,7.5136,-0.0114,0.0648,0.51613,0.50955,0.0,0.09913,0.05981,-1.194,-0.5,-0.694,31.832746666666665,0.0,21.885013333333333,-0.0359312128,0.20422696533333334,-0.3136,172.0,-6.8697,0.9947733333333333,-7.689999999999998,0.45194805194805193,0.24415584415584415,0.17662337662337663,0.2987012987012987,0.22597402597402597,0.3168831168831169,0.2649350649350649,0.21818181818181817,0.3012987012987013,0.21558441558441557,0.3064935064935065,0.10610932475884244,0.28903654485049834,0.5241157556270096,0.2786329223435974
2027,North Dakota St.,north dakota state,2,2,0,0,0,1,0,1,1,31.06,53.72,17.0,8.0,3.0,1.0,1.0,7.0,8.0,2.0,1.0,4.0,0.25619,0.1146,0.0487,0.0659,0.21334,114.16,100.97,25.858000000000004,0.3299,0.1476,0.9375,0.91398,0.05797,0.14755,0.3003,,,,24.65,1.45,11.6,0.37147549999999996,0.16616999999999998,23.0859,23.0,13.5941,1.45,13.189999999999998,0.45454545454545453,0.24675324675324675,0.17922077922077922,0.3012987012987013,0.4987012987012987,0.3194805194805195,0.2077922077922078,0.4753246753246753,0.2779220779220779,0.4987012987012987,0.2935064935064935,0.9935691318327974,0.9069767441860465,0.9903536977491961,0.5910932600744695
2027,North Florida,north florida,2,2,1,2,0,1,0,0,0,922.1700000000001,1500.371,270.0,244.0,51.0,48.0,12.0,71.0,83.0,20.0,3.0,37.0,-0.77147,1.2253,0.451,0.7743,0.17185989784963723,103.25595465044407,115.27257230228699,9.22568610559875,-0.03347266013858616,0.05313253846904584,0.4694071163668304,0.501697270893653,0.10175230228699697,0.052218747844757475,0.12294296008328183,-1.9430512053092164,-1.2110155502781483,-0.732035655031068,189.77603666666667,35.065305,61.618725,-0.6795318746166665,0.8086894545,-10.848276576986889,285.7077328475227,-7.265188522723576,0.7197738086795277,-12.016617651842921,0.45714285714285713,0.5662337662337662,0.6701298701298701,0.3038961038961039,0.5012987012987012,0.3220779220779221,0.5506493506493506,0.07012987012987013,0.4753246753246753,0.07012987012987013,0.42077922077922075,0.1414790996784566,0.1893687707641196,0.18006430868167203,0.30267205527377944
2027,North Texas,north texas,1,1,1,1,1,1,0,0,0,814.07,1323.605,310.0,271.0,119.0,96.0,14.0,59.0,73.0,34.0,10.0,68.0,0.10644,1.6526,0.1426,1.5101,0.24892,98.53999999999999,103.96,12.3923,0.0052,0.0812,0.39852,0.47928,0.26374,0.05357,0.17375,-0.014,-0.968,0.954,315.4167333333333,97.67743999999999,74.27555333333332,0.10829986159999999,1.6814764306666665,1.0484,154.0,0.2126,1.0174733333333332,-5.420000000000002,0.15324675324675324,0.5688311688311688,0.43896103896103894,0.6753246753246753,0.5038961038961038,0.3246753246753247,0.4961038961038961,0.44415584415584414,0.522077922077922,0.44935064935064933,0.548051948051948,0.35691318327974275,0.3388704318936877,0.5691318327974276,0.4753218729012172
2027,Northeastern,northeastern,2,2,0,0,0,0,0,0,1,53.6,86.813,4.0,3.0,3.0,1.0,4.0,7.0,11.0,1.0,1.0,4.0,-0.32555,-0.0334,-0.0741,0.0407,0.08276,65.7,116.16000000000001,0.9880999999999999,-0.2429,-0.0249,0.66667,0.46512,0.03624,0.12283,0.48077000000000003,-1.687,-0.929,-0.7579999999999999,3.021806666666667,0.7554516666666667,8.309968333333334,-0.24593729008333337,-0.025232085666666668,-9.8729,280.0,2.9,0.7554516666666666,-50.46000000000001,0.4597402597402597,0.24935064935064935,0.18181818181818182,0.3064935064935065,0.22857142857142856,0.32727272727272727,0.23376623376623376,0.13246753246753246,0.015584415584415584,0.14805194805194805,0.01818181818181818,0.01607717041800643,0.006644518272425249,0.2057877813504823,0.12540858848450903
2027,Northern Colo.,northern colorado,3,3,0,2,0,1,0,0,1,927.71,1587.3519999999999,284.0,249.0,90.0,49.0,44.0,101.0,145.0,34.0,18.0,50.0,0.011049999999999997,1.0070000000000001,0.2001,0.8069,0.1809931693093747,100.06713671298141,114.93493624085112,11.233304894848605,0.0004912849920772658,0.04344144721949747,0.46307226169816,0.49864555583102477,0.10299311411971414,0.08436130762846147,0.1506069914089532,-1.3722233889185291,-1.8923458050015325,0.5201224160830031,210.09486333333336,38.75355666666667,98.81688166666667,0.06779110471666666,0.8537808918333334,-10.592846985588169,271.89930042793543,-0.46707890504575766,0.7488900253132265,-14.867799527869707,0.6207792207792208,0.2519480519480519,0.6727272727272727,0.3090909090909091,0.5064935064935064,0.32987012987012987,0.5584415584415584,0.42337662337662335,0.44155844155844154,0.43896103896103894,0.42857142857142855,0.2733118971061093,0.1362126245847176,0.1832797427652733,0.3243894774825969
2027,NIU,northern illinois,9,6,1,2,1,1,1,0,1,1147.8899999999999,1977.63,419.0,337.0,174.0,96.0,24.0,88.0,112.0,40.0,2.0,69.0,0.39149,1.8576,0.7217,1.1359,0.21057220195314885,102.43531488208801,113.59317687234841,11.870595173753586,0.013614466542961435,0.0646913850630287,0.40908248177090145,0.5054143639198878,0.15659687722691198,0.057633863436392,0.13926892602949761,0.36605393373929557,0.7381977541402052,-0.37214382040090954,340.55597833333337,73.10964666666668,97.68550166666668,0.005817004700000128,1.4216568705000001,-6.061129457526418,237.3628135100053,-4.160446818074903,0.8464148148196547,-11.1578619902604,0.9948051948051948,0.5714285714285714,0.6753246753246753,0.6779220779220779,0.509090909090909,0.6597402597402597,0.6155844155844156,0.509090909090909,0.5532467532467532,0.42337662337662335,0.5194805194805194,0.3247588424437299,0.20930232558139536,0.3183279742765273,0.4260370388816832
2027,UNI,northern iowa,3,3,1,3,1,2,1,0,1,1799.42,3066.126,546.0,453.0,156.0,92.0,80.0,244.0,324.0,64.0,19.0,67.0,1.8479400000000001,4.0793,1.6689,2.4103,0.16459214958153184,109.88619766369163,109.70137355370063,12.743287614898135,0.0410557023929933,0.09066259350235076,0.5040195284035968,0.5232371643084994,0.09055429182736659,0.10342771059563637,0.12055057607451289,-1.1913715308265995,-1.2527563770548287,0.06138484622822911,530.56554,95.57472166666668,340.00530000000003,1.64019833955,4.210918474166667,1.328469471274077,164.67286125529338,-3.2109530426470747,1.0111623980319584,0.1848241099909984,0.6233766233766234,0.574025974025974,0.7740259740259741,0.6805194805194805,0.6935064935064935,0.6623376623376623,0.7194805194805195,0.6207792207792208,0.7142857142857143,0.6441558441558441,0.7220779220779221,0.3762057877813505,0.5448504983388704,0.5916398713826366,0.5960623453204453
2027,Northern Ky.,northern kentucky,3,3,2,3,0,2,2,0,0,1837.73,2956.21,651.0,492.0,144.0,90.0,112.0,218.0,330.0,48.0,46.0,91.0,2.67799,4.0145,2.2,1.8145,0.18648988877582673,111.94307956010948,113.61714179993797,15.892374164866439,0.058304046296245915,0.08740336828587442,0.5658575429470053,0.5861595430231862,0.11006852731358795,0.10778180918850974,0.1395396480984693,-1.6928838349485504,-1.3393140232787188,-0.3535698116698318,468.50261,68.70064666666667,227.44971833333335,1.6779516799166667,2.7833301091666667,-11.75891875738003,287.83875215619264,-1.6515284350802346,0.7218612294515517,-1.674062239828487,0.625974025974026,0.7506493506493507,0.7766233766233767,0.3116883116883117,0.6961038961038961,0.8051948051948052,0.7324675324675325,0.6909090909090909,0.7038961038961039,0.6467532467532467,0.6467532467532467,0.6559485530546624,0.4850498338870432,0.15112540192926044,0.5812495950706204
2027,Northwest Mo. St.,northwest mo state,1,1,0,0,0,0,0,0,0,49.53,90.607,7.0,7.0,2.0,1.0,2.0,7.0,9.0,3.0,0.0,3.0,-0.09423,-0.0127,-0.0444,0.0317,0.10768,79.78,117.51,7.0698,-0.0761,-0.0102,0.42857,0.44304,0.03525,0.10205,0.27574,-0.148,-0.938,0.79,5.990343333333334,0.8557633333333333,7.7018699999999995,-0.0806385789,-0.010868194333333333,-6.2542,235.00000000000003,-2.1995,0.8557633333333333,-37.730000000000004,0.15584415584415584,0.2545454545454545,0.18441558441558442,0.3142857142857143,0.23116883116883116,0.33246753246753247,0.22337662337662337,0.2,0.023376623376623377,0.19480519480519481,0.023376623376623377,0.0932475884244373,0.019933554817275746,0.31189710610932475,0.16016887792213338
2027,Northwestern,northwestern,6,6,4,5,3,5,4,1,1,3723.19,6122.539,1792.0,1205.0,490.0,187.0,182.0,453.0,635.0,79.0,61.0,217.0,12.7547,11.7219,8.3891,3.3327999999999998,0.23280304832683796,117.98207048257005,114.65225293364021,19.397913334533023,0.13703744880062527,0.1259238628702806,0.590966022872859,0.6213132626591712,0.10778849392590761,0.10252134427735354,0.13693927481541365,0.30237558384073876,1.074283732498207,-0.7719081486574685,1585.0619216666666,169.52620166666668,558.638465,10.25246188335,10.32896991,-2.4804761263862436,205.6885681364636,-1.5953758016647015,0.918821250750924,3.3298175489298387,0.9324675324675324,0.9194805194805195,0.9324675324675324,0.9324675324675324,0.9428571428571428,0.9454545454545454,0.9272727272727272,0.9324675324675324,0.9272727272727272,0.8883116883116883,0.8831168831168831,0.9067524115755627,0.6411960132890365,0.4405144694533762,0.8009492446428277
2027,Northwestern St.,northwestern state,1,1,0,0,0,0,0,0,0,0.0,0.0,0.0,0.0,0.0,0.0,0.0,0.0,0.0,0.0,0.0,0.0,0.0,0.0,0.0,0.0,,,,,,,,,,,,,,,0.0,0.0,0.0,0.0,0.0,,,,,,0.15844155844155844,0.2571428571428571,0.18701298701298702,0.3168831168831169,0.23376623376623376,0.33506493506493507,0.11428571428571428,0.34545454545454546,0.15844155844155844,0.34545454545454546,0.15844155844155844,,,,0.21883116883116882
2027,Northwood,northwood,1,1,0,0,0,0,0,0,0,0.0,0.0,0.0,0.0,0.0,0.0,0.0,0.0,0.0,0.0,0.0,0.0,0.0,0.0,0.0,0.0,,,,,,,,,,,,,,,0.0,0.0,0.0,0.0,0.0,,,,,,0.16103896103896104,0.2597402597402597,0.18961038961038962,0.3194805194805195,0.23636363636363636,0.33766233766233766,0.11688311688311688,0.34805194805194806,0.16103896103896104,0.34805194805194806,0.16103896103896104,,,,0.22142857142857142
2027,Notre Dame,notre dame,5,5,4,5,2,4,3,1,1,3224.1400000000003,5402.417,1355.0,937.0,515.0,280.0,190.0,438.0,628.0,116.0,55.0,180.0,11.06767,11.9031,6.4404,5.4628000000000005,0.20853386996222248,116.48553853120521,105.76421572884551,18.955600633037026,0.1372947483670064,0.14766838971012425,0.5258034335047486,0.5744001781250193,0.15763965541198582,0.10867974027182441,0.14472069311506322,0.5100329824387277,0.449081544225747,0.060951438212980935,1478.7766649999999,343.88156166666664,690.3108166666666,12.35459977035,13.504475132166666,7.296018448950727,112.28112302815633,2.0733898605519614,1.128594988518902,10.721322802359694,0.8727272727272727,0.922077922077922,0.935064935064935,0.8389610389610389,0.8987012987012987,0.8961038961038961,0.9038961038961039,0.9142857142857143,0.9376623376623376,0.9168831168831169,0.9324675324675324,0.8713826366559485,0.8372093023255814,0.7491961414790996,0.8761589651121865
2027,Nova Southeastern,nova southeastern,3,3,0,1,0,0,0,0,0,355.99,592.954,97.0,73.0,24.0,16.0,18.0,23.0,41.0,5.0,5.0,11.0,-0.4101,0.6277,0.4935,0.1343,0.13647,119.44999999999999,120.43999999999998,11.172,-0.0461,0.0705,0.55479,0.58014,0.08028,0.06709,0.11633000000000002,-2.996,-1.5200000000000002,-1.476,77.63912333333333,12.806453333333334,32.816536666666664,-0.32824540700000004,0.5024131723333334,-7.1758,251.0,-7.7174000000000005,0.8004033333333334,-0.9899999999999949,0.6285714285714286,0.2623376623376623,0.44155844155844154,0.3220779220779221,0.23896103896103896,0.34025974025974026,0.35844155844155845,0.10909090909090909,0.37662337662337664,0.11948051948051948,0.37922077922077924,0.26366559485530544,0.4983388704318937,0.2765273311897106,0.3082874737082042
2027,Oakland,oakland,2,2,0,1,0,0,0,0,1,307.01,480.784,71.0,62.0,4.0,25.0,1.0,28.0,29.0,11.0,0.0,9.0,-0.06163,0.8994,0.2439,0.6556,0.13559,109.96,100.78,10.4695,-0.008,0.1172,0.54032,0.55643,0.14673,0.05789,0.12369,-0.405,-1.139,0.734,86.06608166666668,30.30495833333334,35.15375166666667,-0.07470778328333334,1.0902511810000002,10.9319,78.0,1.4812,1.2121983333333335,9.179999999999993,0.4623376623376623,0.2649350649350649,0.44415584415584414,0.3246753246753247,0.24155844155844156,0.34285714285714286,0.33766233766233766,0.2077922077922078,0.42337662337662335,0.1974025974025974,0.4701298701298701,0.19614147909967847,0.7973421926910299,0.8778135048231511,0.44877529239196134
2027,Ohio,ohio,2,2,2,2,2,2,2,0,0,1863.1599999999999,3300.621,946.0,727.0,209.0,198.0,44.0,153.0,197.0,70.0,5.0,107.0,4.9785,5.1523,3.7165,1.4358,0.2414122692629726,115.75568679018443,116.07701829150476,18.13782953691578,0.10683787221709355,0.11059609265978232,0.5327381121320767,0.5750537990296056,0.20541279847141417,0.060159371819918844,0.11601324019407888,-2.42405500332768,-0.11011812190042727,-2.313936881427253,764.5448616666667,167.875785,165.39069833333335,4.4918934625,4.403027370166667,-6.420778311041457,236.0243457352026,-2.5732680725219526,0.8329689942713814,-0.32133150132032995,0.4649350649350649,0.7532467532467533,0.6779220779220779,0.8415584415584415,0.6987012987012987,0.8077922077922078,0.7376623376623377,0.7714285714285715,0.7428571428571429,0.7610389610389611,0.7272727272727273,0.819935691318328,0.521594684385382,0.3022508038585209,0.6604288512547158
2027,Ohio St.,ohio state,4,4,3,4,2,4,3,1,2,3037.44,5171.969,1302.0,1046.0,330.0,304.0,105.0,339.0,444.0,142.0,37.0,199.0,10.9578,8.5932,4.0171,4.576,0.23017038608170035,110.00626158870628,107.80081930836494,16.8362731405394,0.14430984875421407,0.11317059859618625,0.5046829496549726,0.5468303980325537,0.1976524722792878,0.08297656645069532,0.1435180831226296,0.6496225571533923,0.42665747800779596,0.22296507914559635,1534.51246,360.1287916666667,545.4139283333334,13.168619925733333,10.212737904,8.714918571560261,94.54480746944795,6.566830823983355,1.1866063806582738,2.2054422803413445,0.7896103896103897,0.8493506493506493,0.8597402597402597,0.8441558441558441,0.9012987012987013,0.8987012987012987,0.8649350649350649,0.9116883116883117,0.8597402597402597,0.9246753246753247,0.8779220779220779,0.7363344051446945,0.6079734219269103,0.7942122186495176,0.8079147375148913
2027,Oklahoma,oklahoma,3,3,2,3,1,3,3,2,3,1993.87,3459.767,766.0,585.0,168.0,163.0,65.0,252.0,317.0,71.0,34.0,110.0,5.96913,6.3316,2.9822,3.3495,0.1879338310421442,115.3915909763425,105.85686779980644,15.407162695662207,0.11974157442561452,0.12701379528254098,0.5496580200815501,0.5812143516879236,0.14255070731792946,0.09017565307668003,0.14120067100663533,2.4244650905023897,1.9885427585549709,0.43592233194741886,1024.34541,220.85989833333332,428.74043166666667,7.804071752116666,8.395566493833334,16.2560464262966,54.38480442556436,7.362320046943884,1.3330626725914931,9.534723176536062,0.6311688311688312,0.7558441558441559,0.7792207792207793,0.6831168831168831,0.8155844155844156,0.9012987012987013,0.7662337662337663,0.8051948051948052,0.7896103896103897,0.8285714285714286,0.8363636363636363,0.6141479099678456,0.8106312292358804,0.9421221864951769,0.7934163303874129
2027,Oklahoma St.,oklahoma state,4,3,4,4,2,4,1,1,2,3096.51,5315.675,1244.0,947.0,381.0,233.0,130.0,365.0,495.0,119.0,23.0,156.0,8.00365,9.265,5.166,4.0991,0.20213500608749851,115.70345934616715,109.88335564877876,15.887698677866371,0.10337701218468534,0.11966913266871412,0.5045322038359313,0.557833964140274,0.13220262149968834,0.0887689682255184,0.12057858779722978,2.1471428898986273,1.7140757465662955,0.4330671433323321,1513.6892566666668,281.99223666666666,586.78525,9.012792379283335,11.068384223833334,10.639536173304784,80.99215568494853,6.061597511714802,1.222775835569722,5.82010369738839,0.7922077922077922,0.9246753246753247,0.8623376623376623,0.8467532467532467,0.9038961038961039,0.6649350649350649,0.8831168831168831,0.8493506493506493,0.8779220779220779,0.8597402597402597,0.9090909090909091,0.6527331189710611,0.7009966777408638,0.8713826366559485,0.8288194014273215
2027,Old Dominion,old dominion,3,3,1,1,0,1,0,0,2,587.36,1029.553,164.0,151.0,37.0,26.0,28.0,52.0,80.0,26.0,9.0,18.0,0.36769,1.3293,0.5323,0.797,0.15227,110.72,109.43,11.1164,0.025,0.0905,0.45695,0.49014,0.07336,0.07778,0.09715,2.714,1.927,0.787,194.66554,30.86161,94.9588,0.43644251465,1.5778591604999999,9.4191,86.0,2.6222,1.186985,1.289999999999992,0.6337662337662338,0.5766233766233766,0.44675324675324674,0.32727272727272727,0.5116883116883116,0.34545454545454546,0.42597402597402595,0.4987012987012987,0.4961038961038961,0.5142857142857142,0.535064935064935,0.24437299035369775,0.5714285714285714,0.8231511254019293,0.52727153416175
2027,Oral Roberts,oral roberts,2,2,0,1,0,1,0,0,2,342.93,559.093,96.0,75.0,17.0,14.0,11.0,28.0,39.0,8.0,2.0,7.0,0.30881,0.913,0.5008,0.4122,0.13565,122.36,111.26,11.7623,0.036,0.1065,0.56,0.58182,0.07882,0.0673,0.07823,-0.366,-1.5,1.134,117.96192000000002,17.20278,47.92203000000001,0.3794564637,1.12186701,11.9262,72.0,6.03,1.2287700000000001,11.099999999999994,0.4675324675324675,0.2675324675324675,0.44935064935064933,0.32987012987012987,0.5142857142857142,0.34805194805194806,0.35064935064935066,0.4857142857142857,0.42597402597402595,0.5038961038961038,0.4857142857142857,0.3183279742765273,0.8504983388704319,0.887459807073955,0.5234397611447317
2027,Oregon,oregon,6,6,3,6,2,5,4,3,5,3790.02,6397.437,1440.0,1065.0,360.0,175.0,161.0,417.0,578.0,96.0,84.0,154.0,7.67974,11.1917,6.4593,4.7324,0.18442615323929687,118.42227758692566,110.74440520102797,15.781826352895237,0.08104785436488463,0.11812000147756477,0.5546642001625322,0.5853571387486083,0.08932377866079863,0.08707884670793295,0.11025046231946005,2.112488862855605,1.6273847262019725,0.48510413665363245,1828.1409416666668,227.33562333333333,736.7685933333333,9.712962728816667,14.148252037,14.0193714093857,65.88642276294055,9.9288296776798,1.2683999631840113,7.677872385897686,0.935064935064935,0.8519480519480519,0.9792207792207792,0.8493506493506493,0.9454545454545454,0.948051948051948,0.9324675324675324,0.8441558441558441,0.9142857142857143,0.8779220779220779,0.9402597402597402,0.6334405144694534,0.7774086378737541,0.9228295819935691,0.8480394481334541
2027,Oregon St.,oregon state,6,6,4,5,3,4,3,1,2,3576.71,5992.839,1581.0,1196.0,426.0,206.0,122.0,425.0,547.0,91.0,69.0,185.0,9.403360000000001,10.405700000000001,5.7391000000000005,4.6667,0.2262048314512499,113.52119702184409,110.11973492399439,17.04191736400211,0.1051624182558832,0.11637915905958268,0.5350286750113932,0.5758540840604914,0.12127519496967885,0.08906002410036037,0.12057185964196146,0.5709574133770979,0.8159155005577751,-0.2449580871806772,1609.47173,205.99735833333335,569.9066083333333,9.499045805833333,10.710581951333333,2.3812399870271843,144.16889823329262,1.1047570004277674,1.0344181162483586,3.401462097849702,0.9376623376623376,0.9272727272727272,0.9376623376623376,0.935064935064935,0.9064935064935065,0.9038961038961039,0.9194805194805195,0.8883116883116883,0.9090909090909091,0.8727272727272727,0.8987012987012987,0.752411575562701,0.6445182724252492,0.6334405144694534,0.8069360258056031
2027,Pace,pace,1,1,0,0,0,0,0,0,0,0.0,0.0,0.0,0.0,0.0,0.0,0.0,0.0,0.0,0.0,0.0,0.0,0.0,0.0,0.0,0.0,,,,,,,,,,,,,,,0.0,0.0,0.0,0.0,0.0,,,,,,0.16363636363636364,0.2701298701298701,0.19220779220779222,0.33246753246753247,0.24415584415584415,0.35064935064935066,0.11948051948051948,0.35064935064935066,0.16363636363636364,0.35064935064935066,0.16363636363636364,,,,0.22597402597402597
2027,Pacific,pacific,4,4,0,3,1,1,0,2,3,922.59,1536.713,236.0,213.0,55.0,88.0,43.0,85.0,128.0,32.0,11.0,63.0,-1.4697799999999999,1.2528000000000001,0.2243,1.0285,0.16028406973845366,100.42356778200501,112.22488700289402,9.843828256321876,-0.06375181174736338,0.054322178866018485,0.4633352269155313,0.49804834303428386,0.16679194235792713,0.07996625673376039,0.1995850965217485,0.4579826239578762,1.171081801228609,-0.7130991772707326,268.62700333333333,100.95407333333333,142.39999,-1.4415996818999999,1.4695604035,5.923913877236907,133.13408989908842,4.150841216575076,1.1152453191197245,-11.801319220889013,0.7948051948051948,0.2727272727272727,0.7818181818181819,0.6857142857142857,0.5168831168831168,0.35324675324675325,0.5532467532467532,0.02857142857142857,0.4831168831168831,0.012987012987012988,0.5246753246753246,0.17041800643086816,0.19933554817275748,0.7170418006430869,0.35006167412615374
2027,Penn St.,penn state,4,4,4,4,3,4,4,0,1,3168.63,5216.393,1392.0,985.0,424.0,253.0,89.0,352.0,441.0,71.0,60.0,180.0,9.621179999999999,9.2799,5.5869,3.6929,0.22763157307732365,115.43891454666529,111.667437283621,17.575596843430755,0.12147030704121338,0.11713087864471396,0.55775883788893,0.593844128692842,0.1607136703243989,0.084384573364514,0.13352069708359765,0.9332741279354169,1.1083377800500531,-0.17506365211463634,1377.69423,193.77019333333334,438.87024833333334,9.9925382773,9.445002637333333,-0.09282573099415184,175.00412165510016,-4.613039112171506,0.9677078821867284,3.7714772630442894,0.7974025974025974,0.9298701298701298,0.8649350649350649,0.9376623376623376,0.9090909090909091,0.9506493506493506,0.8909090909090909,0.8935064935064935,0.8831168831168831,0.8831168831168831,0.8545454545454545,0.7684887459807074,0.6611295681063123,0.5337620578778135,0.7888317043437701
2027,Pepperdine,pepperdine,6,6,3,5,1,5,4,0,2,3088.07,5284.0689999999995,1197.0,903.0,295.0,150.0,151.0,334.0,485.0,114.0,42.0,136.0,9.25764,8.6192,4.8156,3.8035,0.18929508447023546,117.73275524842377,110.8918024526646,15.441041486430036,0.1199197589432882,0.11165606576275795,0.5505847881686619,0.5781059659269382,0.0960810124446661,0.09080703358408325,0.11400008753039925,0.4827583215406388,-0.03937365085636007,0.5221319723969987,1156.3301983333333,142.84619333333333,444.13094,8.459302675566667,8.290710346500001,-1.4214214920646226,185.6225668459588,0.9153936788997658,0.9694724910866657,6.840952795759165,0.9402597402597402,0.8545454545454545,0.9402597402597402,0.6883116883116883,0.948051948051948,0.9532467532467532,0.8779220779220779,0.8831168831168831,0.8623376623376623,0.8363636363636363,0.8311688311688312,0.617363344051447,0.7342192691029901,0.4790996784565916,0.747240327373004
2027,Pitt.-Johnstown,pitt johnstown,1,1,0,0,0,0,0,0,0,0.0,0.0,0.0,0.0,0.0,0.0,0.0,0.0,0.0,0.0,0.0,0.0,0.0,0.0,0.0,0.0,,,,,,,,,,,,,,,0.0,0.0,0.0,0.0,0.0,,,,,,0.16623376623376623,0.2753246753246753,0.19480519480519481,0.33506493506493507,0.24675324675324675,0.35584415584415585,0.12207792207792208,0.35324675324675325,0.16623376623376623,0.35324675324675325,0.16623376623376623,,,,0.2292207792207792
2027,Pittsburg St.,pittsburg state,1,1,0,0,0,0,0,0,0,0.0,0.0,0.0,0.0,0.0,0.0,0.0,0.0,0.0,0.0,0.0,0.0,0.0,0.0,0.0,0.0,,,,,,,,,,,,,,,0.0,0.0,0.0,0.0,0.0,,,,,,0.16883116883116883,0.2779220779220779,0.1974025974025974,0.33766233766233766,0.24935064935064935,0.35844155844155845,0.12467532467532468,0.35584415584415585,0.16883116883116883,0.35584415584415585,0.16883116883116883,,,,0.2318181818181818
2027,Pittsburgh,pittsburgh,8,8,6,7,4,7,4,3,4,5207.53,8984.849,2094.0,1590.0,622.0,467.0,299.0,662.0,961.0,171.0,97.0,367.0,12.8957,12.576799999999999,6.471,6.1055,0.2131344248424877,109.6174452763594,111.5518498981283,16.612344214819696,0.09905909365860593,0.09659503949089109,0.527823373825979,0.5577059381703035,0.1733066805184032,0.10109231672213123,0.16386973127375168,1.2884268645595898,1.1421896369296,0.1462372276299897,2144.8437366666667,489.1381566666667,1011.8575933333334,15.160394883916668,14.230898423666668,0.6065212620954645,169.87950909548292,2.808077785437626,1.0382691982219339,-1.9344046217688913,0.9766233766233766,0.9844155844155844,0.987012987012987,0.9818181818181818,0.9896103896103896,0.9558441558441558,0.9896103896103896,0.935064935064935,0.948051948051948,0.9454545454545454,0.9428571428571428,0.7106109324758842,0.4684385382059801,0.5562700964630225,0.799665318497507
2027,Point Loma,point loma,1,1,0,0,0,0,0,0,0,0.0,0.0,0.0,0.0,0.0,0.0,0.0,0.0,0.0,0.0,0.0,0.0,0.0,0.0,0.0,0.0,,,,,,,,,,,,,,,0.0,0.0,0.0,0.0,0.0,,,,,,0.17142857142857143,0.2805194805194805,0.2,0.34025974025974026,0.2519480519480519,0.36103896103896105,0.12727272727272726,0.35844155844155845,0.17142857142857143,0.35844155844155845,0.17142857142857143,,,,0.2344155844155844
2027,Portland,portland,2,2,0,1,0,1,1,0,0,597.53,954.931,204.0,165.0,29.0,24.0,20.0,76.0,96.0,14.0,8.0,14.0,1.76114,1.8483999999999998,1.0018,0.8466,0.17194858584506217,120.83042725888241,108.83816578247118,14.97095710508259,0.11787326996134087,0.12374728632871988,0.5680228329958329,0.5901082143155993,0.08210319347982528,0.09511464395093133,0.07665494870550434,0.5371364785031714,1.02244791056516,-0.4853114320619886,213.306915,25.931774999999995,98.48581499999999,1.96998141945,1.9930898369999996,2.950081095509849,136.86973039010596,1.991396806854886,1.0412052381470385,11.99226147641123,0.4701298701298701,0.2831168831168831,0.45194805194805193,0.34285714285714286,0.5194805194805194,0.6675324675324675,0.42857142857142855,0.6155844155844156,0.548051948051948,0.6727272727272727,0.5818181818181818,0.5755627009646302,0.8837209302325582,0.6527331189710611,0.5826072166288594
2027,Portland St.,portland state,5,4,0,1,0,0,0,0,0,288.64,475.116,82.0,67.0,16.0,15.0,17.0,26.0,43.0,11.0,1.0,9.0,-0.22608,0.8196,0.363,0.4566,0.14582,116.03,106.95,13.0054,-0.0313,0.1136,0.56716,0.55405,0.09113,0.08933,0.10838,1.501,0.855,0.646,88.21532666666667,16.136950000000002,46.25925666666667,-0.24321611040000002,0.8817229480000001,4.5478,118.0,-5.6324,1.0757966666666667,9.079999999999998,0.8753246753246753,0.2857142857142857,0.45454545454545453,0.34545454545454546,0.2545454545454545,0.36363636363636365,0.32727272727272727,0.15844155844155844,0.4103896103896104,0.15064935064935064,0.43636363636363634,0.4212218649517685,0.7940199335548173,0.684887459807074,0.4428756083305228
2027,Prairie View,prairie view a and m,1,1,0,0,0,0,0,0,0,0.0,0.0,0.0,0.0,0.0,0.0,0.0,0.0,0.0,0.0,0.0,0.0,0.0,0.0,0.0,0.0,,,,,,,,,,,,,,,0.0,0.0,0.0,0.0,0.0,,,,,,0.17402597402597403,0.2883116883116883,0.2025974025974026,0.34805194805194806,0.2571428571428571,0.36623376623376624,0.12987012987012986,0.36103896103896105,0.17402597402597403,0.36103896103896105,0.17402597402597403,,,,0.2383116883116883
2027,Presbyterian,presbyterian,1,1,0,0,0,0,0,0,0,0.0,0.0,0.0,0.0,0.0,0.0,0.0,0.0,0.0,0.0,0.0,0.0,0.0,0.0,0.0,0.0,,,,,,,,,,,,,,,0.0,0.0,0.0,0.0,0.0,,,,,,0.17662337662337663,0.2909090909090909,0.2051948051948052,0.35064935064935066,0.2597402597402597,0.36883116883116884,0.13246753246753246,0.36363636363636365,0.17662337662337663,0.36363636363636365,0.17662337662337663,,,,0.2409090909090909
2027,Providence,providence,7,7,6,7,6,7,6,2,5,5478.95,9106.012,2331.0,1819.0,603.0,512.0,185.0,639.0,824.0,210.0,139.0,330.0,21.70715,16.4207,8.4263,7.9943,0.22748340811651865,112.66922831929475,108.37516195621423,17.790567242446084,0.15846976354958522,0.11988861022641198,0.5205886761879557,0.5609762718404073,0.18285899029923613,0.08843015815074055,0.1368859900345869,1.2347111399081936,0.7565338103103695,0.4781773295978243,2710.901871666667,611.9431983333334,988.5510183333333,25.824773720583334,19.432083920333334,8.733869220379818,100.17862364139111,4.584947146442293,1.1801194656062444,4.294066363080518,0.974025974025974,0.987012987012987,0.9896103896103896,0.9974025974025974,0.9922077922077922,0.9922077922077922,0.9922077922077922,0.987012987012987,0.9792207792207792,0.987012987012987,0.9818181818181818,0.797427652733119,0.6744186046511628,0.797427652733119,0.888189408309907
2027,Purdue Northwest,purdue northwest,2,2,0,0,0,0,0,0,0,59.32,100.543,15.0,12.0,4.0,2.0,6.0,6.0,12.0,4.0,1.0,3.0,-0.01186,0.0584,0.0397,0.0187,0.14569999999999997,106.88,121.15,12.9067,-0.008,0.0394,0.58333,0.54348,0.07446,0.11784,0.179,0.064,-0.285,0.349,9.55135,1.2735133333333333,7.64108,-0.007551934066666667,0.03718658933333333,-14.5946,319.0,-2.1756,0.6367566666666665,-14.27000000000001,0.4727272727272727,0.2935064935064935,0.2077922077922078,0.35324675324675325,0.2623376623376623,0.37142857142857144,0.24415584415584415,0.22337662337662337,0.2571428571428571,0.22337662337662337,0.2571428571428571,0.40514469453376206,0.16279069767441862,0.09646302250803858,0.24036860469971963
2027,Queens (NC),queens,1,1,0,1,0,1,0,0,0,313.62,495.13,95.0,74.0,23.0,16.0,19.0,28.0,47.0,6.0,1.0,12.0,0.02125,0.4631,0.4146,0.0485,0.16529,114.57999999999998,122.93,12.1565,0.0027,0.0591,0.5473,0.5648,0.10555,0.08977,0.12484000000000002,-2.96,-1.508,-1.452,52.25000000000001,8.8,25.85,0.011687500000000002,0.254705,-20.1485,347.0,-5.7798,0.55,-8.350000000000023,0.17922077922077922,0.2961038961038961,0.45714285714285713,0.35584415584415585,0.522077922077922,0.37402597402597404,0.34545454545454546,0.42857142857142855,0.35844155844155845,0.42597402597402595,0.3220779220779221,0.3408360128617363,0.2757475083056478,0.012861736334405145,0.2884365210160255
2027,Quinnipiac,quinnipiac,2,2,0,1,0,0,0,0,0,202.18,334.608,41.0,42.0,19.0,0.0,32.0,26.0,58.0,2.0,3.0,5.0,-0.36397,0.2209,0.075,0.1459,0.13814,102.57,116.6,10.3957,-0.072,0.0437,0.35714,0.40675,0.0,0.16283,0.09032,-1.288,-1.9499999999999997,0.662,35.548503333333336,0.0,50.28812666666667,-0.31557533556666667,0.19152839966666668,-5.577800000000001,228.0,5.2334,0.8670366666666667,-14.030000000000001,0.4753246753246753,0.2987012987012987,0.4597402597402597,0.35844155844155845,0.2649350649350649,0.37662337662337664,0.2961038961038961,0.12207792207792208,0.3090909090909091,0.12727272727272726,0.3012987012987013,0.18971061093247588,0.16611295681063123,0.33762057877813506,0.24526010998540934
2027,Radford,radford,2,2,0,1,1,1,0,0,0,477.86,819.195,177.0,135.0,48.0,53.0,18.0,56.0,74.0,26.0,10.0,37.0,0.90698,1.2794,0.4829,0.7965,0.20305,107.73,106.03,16.7415,0.0759,0.1071,0.52222,0.56694,0.20625,0.08908,0.19159,1.254,0.259,0.995,176.07487999999998,52.722986666666664,73.61322666666666,0.9022395178666667,1.2727130026666666,-0.3136,172.0,-6.869700000000001,0.9947733333333333,1.7000000000000028,0.4779220779220779,0.3012987012987013,0.4623376623376623,0.6909090909090909,0.5246753246753246,0.37922077922077924,0.3948051948051948,0.5662337662337662,0.4909090909090909,0.5792207792207792,0.4987012987012987,0.7266881028938906,0.5913621262458472,0.5273311897106109,0.5170581989823319
2027,Rhode Island,rhode island,2,2,2,2,2,2,2,0,0,1997.53,3168.679,848.0,767.0,160.0,157.0,63.0,172.0,235.0,51.0,28.0,107.0,4.966279999999999,5.8088999999999995,2.4875,3.3213999999999997,0.24482827667168955,108.76687058517268,106.09669822230454,15.378832238314319,0.0994166060084204,0.11631659449420034,0.47495183181228817,0.5057720589928563,0.17736535371183412,0.06551383713886651,0.112716165314163,1.4570172362868141,0.49869402211731484,0.9583232141694992,808.6387333333333,152.43687833333334,217.378335,4.5594445057333335,5.4645152145,-1.4957261683178724,184.32150205503797,-4.509732129179536,0.9587598860175652,2.6701723628681435,0.4805194805194805,0.7584415584415585,0.6805194805194805,0.8519480519480519,0.7012987012987013,0.8103896103896104,0.7688311688311689,0.7688311688311689,0.7740259740259741,0.7636363636363637,0.7636363636363637,0.6077170418006431,0.6179401993355482,0.4758842443729904,0.6794409914363767
2027,Rice,rice,3,3,1,3,1,2,1,0,1,1687.82,2682.852,507.0,404.0,143.0,151.0,67.0,198.0,265.0,39.0,21.0,107.0,0.3999099999999999,3.7289999999999996,1.3521999999999998,2.3767,0.18470880052375255,106.5546584351412,108.92948264625375,13.082513746134065,0.009473513763315995,0.08836250785036319,0.5072250906494769,0.5419650402886564,0.17529850185446316,0.09465483872687845,0.18537797691696983,1.5603011873304025,0.9241628668933892,0.6361383204370135,491.7777766666667,136.02426,264.2974883333333,0.7145652874499999,3.7944877999999997,-0.9000875371781354,189.44267161190174,-4.36918663897809,0.977571682732756,-2.3748242111125393,0.6363636363636364,0.5792207792207792,0.7844155844155845,0.6935064935064935,0.7038961038961039,0.6701298701298701,0.6987012987012987,0.5116883116883116,0.6805194805194805,0.5636363636363636,0.6987012987012987,0.43086816720257237,0.45514950166112955,0.4919614147909968,0.5597484034163485
2027,Richmond,richmond,6,5,5,5,2,6,4,0,2,4420.650000000001,7417.498,1688.0,1359.0,385.0,254.0,194.0,452.0,646.0,163.0,46.0,241.0,7.10593,10.0771,4.5376,5.5394,0.2049885815434382,109.89692086005452,110.68032909187565,14.824873140375287,0.0642899682173436,0.09118871930598443,0.5195152926153395,0.55393227731216,0.11501960089579588,0.08409759874679065,0.12991905493536018,-0.5194250166830668,-0.2356377523667335,-0.2837872643163337,1599.7882633333334,257.8443633333334,643.1101466666667,7.269825749683333,10.069968167333334,-0.4460356936197166,172.88060126904412,1.6534405942565003,0.9889930678030004,-0.7834082318211273,0.9428571428571428,0.9688311688311688,0.9428571428571428,0.8545454545454545,0.9818181818181818,0.9584415584415584,0.961038961038961,0.8285714285714286,0.9012987012987013,0.8181818181818182,0.8727272727272727,0.5627009646302251,0.5016611295681063,0.5144694533762058,0.7428015383362512
2027,Rider,rider,1,1,0,0,0,0,0,0,1,50.39,85.275,5.0,10.0,2.0,1.0,3.0,3.0,6.0,2.0,0.0,1.0,-0.14839,0.0014,-0.0555,0.0569,0.1166,73.75,111.99,0.471,-0.1178,0.0011,0.15,0.22936,0.02803,0.07132,0.08417999999999999,-1.907,-1.063,-0.844,5.934925,1.186985,7.12191,-0.17613670415,0.001661779,9.4191,86.0,2.6222,1.186985,-38.239999999999995,0.18181818181818182,0.3038961038961039,0.21038961038961038,0.36103896103896105,0.2675324675324675,0.38181818181818183,0.22857142857142856,0.19220779220779222,0.24675324675324675,0.17922077922077922,0.24675324675324675,0.012861736334405145,0.016611295681063124,0.8263665594855305,0.2591830214203653
2027,Robert Morris,robert morris,1,1,1,1,0,1,1,0,0,986.5,1604.713,361.0,253.0,85.0,114.0,3.0,117.0,120.0,26.0,1.0,41.0,3.87941,3.992,2.2358,1.7562,0.18266,124.19,104.82,17.7971,0.1573,0.1619,0.58498,0.62156,0.21567,0.07253,0.12372,1.545,1.494,0.051,350.0677166666667,110.5477,116.366,3.7619285338333333,3.8711089333333333,-1.817,187.0,-14.6218,0.9697166666666667,19.370000000000005,0.18441558441558442,0.5818181818181818,0.4649350649350649,0.36363636363636365,0.5272727272727272,0.6727272727272727,0.574025974025974,0.7376623376623377,0.7012987012987013,0.7246753246753247,0.7012987012987013,0.8006430868167203,0.973421926910299,0.4630225080385852,0.6884151005119694
2027,Rockhurst,rockhurst,1,1,0,0,0,0,0,0,0,0.0,0.0,0.0,0.0,0.0,0.0,0.0,0.0,0.0,0.0,0.0,0.0,0.0,0.0,0.0,0.0,,,,,,,,,,,,,,,0.0,0.0,0.0,0.0,0.0,,,,,,0.18701298701298702,0.3064935064935065,0.21298701298701297,0.36623376623376624,0.2701298701298701,0.38441558441558443,0.13506493506493505,0.36623376623376624,0.17922077922077922,0.36623376623376624,0.17922077922077922,,,,0.24675324675324675
2027,Rutgers,rutgers,3,3,2,2,1,2,2,0,1,1469.1100000000001,2370.178,750.0,528.0,227.0,42.0,103.0,181.0,284.0,28.0,19.0,66.0,5.6859,5.4501,3.8425,1.6076000000000001,0.25411168176651167,123.2787103756696,112.435094921415,21.129280728468252,0.15483209221909863,0.14839896604066408,0.5490938886128335,0.6098167009277725,0.06316029494047415,0.11525539040643654,0.09994241227682064,1.8574657037253848,0.23505602031161718,1.6224096834137678,610.9230533333333,34.409126666666666,275.94316000000003,4.8052114884,4.959270630333333,-3.3299125198249273,218.02613146735095,-3.8657194090299565,0.8965450762479776,10.843615454254603,0.638961038961039,0.7610389610389611,0.6831168831168831,0.6961038961038961,0.7064935064935065,0.812987012987013,0.6805194805194805,0.7948051948051948,0.7636363636363637,0.7792207792207793,0.7480519480519481,0.954983922829582,0.840531561461794,0.40192926045016075,0.7380394162246723
2027,Sacramento St.,sacramento state,1,1,1,1,0,1,0,0,0,644.27,1043.641,193.0,142.0,50.0,27.0,53.0,161.0,214.0,6.0,17.0,37.0,0.96657,1.9309,0.5456,1.3853,0.16511,108.04,100.58,16.5083,0.06,0.1199,0.58451,0.58841,0.09629,0.18662,0.18408,-1.459,-1.855,0.396,114.25407,15.983730000000001,126.68586,0.5721997743,1.143073491,-17.2806,333.0,-10.5414,0.59199,7.460000000000008,0.18961038961038962,0.5844155844155844,0.4675324675324675,0.36883116883116884,0.5298701298701298,0.38701298701298703,0.44675324675324674,0.5714285714285714,0.561038961038961,0.535064935064935,0.4883116883116883,0.707395498392283,0.7574750830564784,0.05787781350482315,0.5110419784998628
2027,Sacred Heart,sacred heart,1,1,0,1,0,0,0,0,0,297.12,495.272,74.0,50.0,34.0,27.0,11.0,31.0,42.0,11.0,8.0,14.0,-0.1981,0.671,0.2541,0.4169,0.13886,109.67,109.0,11.8518,-0.0267,0.0903,0.63,0.56923,0.16996,0.08225,0.1773,-0.926,-0.05,-0.8760000000000001,75.31029333333333,27.478080000000002,42.743680000000005,-0.20160769066666667,0.6828811733333334,1.0624,153.0,-0.1326,1.0177066666666668,0.6700000000000017,0.19220779220779222,0.3090909090909091,0.4701298701298701,0.37142857142857144,0.2727272727272727,0.38961038961038963,0.33246753246753247,0.17662337662337663,0.38961038961038963,0.16883116883116883,0.4025974025974026,0.3215434083601286,0.5514950166112956,0.572347266881029,0.3797675292627809
2027,St. Bonaventure,saint bonaventure,5,4,1,2,0,1,1,0,0,928.8899999999999,1549.1330000000003,195.0,139.0,51.0,22.0,81.0,126.0,207.0,29.0,43.0,25.0,1.8501699999999999,2.1931000000000003,1.2898,0.9033,0.10220407034202114,125.13942802699998,113.79341213706684,14.363136805219135,0.0797189419629881,0.09440747989535898,0.5703534421729161,0.6050039543971838,0.040526716080483166,0.129093126635016,0.13446597455026968,0.6850487355876368,0.4203588153602687,0.2646899202273681,187.04154,20.79497333333333,193.60204,1.5421447113333329,2.0147325793333333,-1.9106884604205019,190.93695701320934,1.9381341698155863,0.9589865071214031,11.346015889933142,0.8779220779220779,0.587012987012987,0.6857142857142857,0.37402597402597404,0.5324675324675324,0.6753246753246753,0.561038961038961,0.625974025974026,0.574025974025974,0.6337662337662338,0.587012987012987,0.5305466237942122,0.8604651162790697,0.45980707395498394,0.6028071404084906
2027,St. Edward's,saint edwards,1,1,0,0,0,0,0,0,0,0.0,0.0,0.0,0.0,0.0,0.0,0.0,0.0,0.0,0.0,0.0,0.0,0.0,0.0,0.0,0.0,,,,,,,,,,,,,,,0.0,0.0,0.0,0.0,0.0,,,,,,0.19480519480519481,0.3116883116883117,0.21558441558441557,0.37662337662337664,0.2753246753246753,0.3922077922077922,0.13766233766233765,0.36883116883116884,0.18181818181818182,0.36883116883116884,0.18181818181818182,,,,0.25
2027,St. John's (NY),saint johns,2,2,1,1,1,1,1,0,1,763.59,1272.857,393.0,277.0,137.0,32.0,25.0,147.0,172.0,18.0,21.0,63.0,2.42495,2.2102999999999997,0.9352999999999999,1.275,0.2729657372411896,107.10913330452206,105.9522240993203,18.904841378226532,0.1270360114721251,0.11574880760617606,0.521239354103642,0.5809709134483165,0.08150441166070797,0.13169438965937216,0.15937684752288533,2.3534229363925663,1.0512178918005737,1.302205044591993,482.1678766666667,39.27633166666667,210.94109,3.0711176285833335,2.7454484701666666,8.68086442069697,93.20516245629199,8.92806449927317,1.219997932201836,1.1569092052017567,0.4831168831168831,0.5896103896103896,0.4727272727272727,0.6987012987012987,0.535064935064935,0.6779220779220779,0.4779220779220779,0.6753246753246753,0.5766233766233766,0.7090909090909091,0.6415584415584416,0.8585209003215434,0.5647840531561462,0.7909967845659164,0.6617833651750606
2027,Saint Joseph's,saint josephs,3,3,1,1,1,1,1,0,0,798.28,1267.204,283.0,211.0,100.0,74.0,24.0,61.0,85.0,49.0,5.0,55.0,1.83265,1.8039,0.4377,1.3662,0.22142,102.41000000000001,105.6,15.0645,0.0918,0.0904,0.51422,0.5549,0.22224,0.06595,0.17741999999999997,-0.065,-0.725,0.6600000000000001,155.65,40.7,46.75000000000001,1.0079575,0.9921450000000002,-20.3087,348.0,-9.4028,0.55,-3.1899999999999835,0.6415584415584416,0.5922077922077922,0.4753246753246753,0.7012987012987013,0.5376623376623376,0.6805194805194805,0.4883116883116883,0.6181818181818182,0.5428571428571428,0.5818181818181818,0.4597402597402597,0.5787781350482315,0.4219269102990033,0.00964630225080386,0.4474898956679944
2027,Saint Leo,saint leo,2,2,0,0,0,0,0,0,0,0.0,0.0,0.0,0.0,0.0,0.0,0.0,0.0,0.0,0.0,0.0,0.0,0.0,0.0,0.0,0.0,,,,,,,,,,,,,,,0.0,0.0,0.0,0.0,0.0,,,,,,0.4857142857142857,0.3142857142857143,0.21818181818181817,0.37922077922077924,0.2779220779220779,0.3948051948051948,0.14025974025974025,0.37142857142857144,0.18441558441558442,0.37142857142857144,0.18441558441558442,,,,0.2525974025974026
2027,Saint Louis,saint louis,1,1,1,1,1,1,0,0,1,542.34,929.67,219.0,202.0,54.0,32.0,30.0,92.0,122.0,16.0,7.0,32.0,0.4233,0.7601,0.1764,0.5836,0.24116999999999997,100.08,112.68,13.9271,0.0312,0.0561,0.44554,0.48494000000000004,0.10897,0.13094,0.12415000000000001,1.041,2.634,-1.593,280.15173500000003,40.93541333333334,156.06626333333335,0.5414987645,0.9723439898333334,11.9539,70.0,10.6533,1.2792316666666668,-12.600000000000009,0.1974025974025974,0.5948051948051948,0.4779220779220779,0.7038961038961039,0.5402597402597402,0.3974025974025974,0.412987012987013,0.5246753246753246,0.4025974025974026,0.5298701298701298,0.45194805194805193,0.5048231511254019,0.18604651162790697,0.8906752411575563,0.5101650419316078
2027,Saint Martin's,saint martins,1,1,0,0,0,0,0,0,0,7.82,11.872,2.0,2.0,0.0,0.0,0.0,0.0,0.0,0.0,0.0,0.0,-0.04723,0.0,0.0,-0.0019,0.1406,,127.39,7.0102,-0.2416,,0.5,0.5,0.0,0.0,0.0,,,,1.5954733333333333,0.0,0.0,-0.037677102766666665,0.0,-7.3358,255.0,-1.1637,0.7977366666666666,,0.2,0.3168831168831169,0.22077922077922077,0.38181818181818183,0.2805194805194805,0.4,0.1974025974025974,0.21558441558441557,0.18701298701298702,0.21298701298701297,0.18701298701298702,0.09003215434083602,,0.26688102893890675,0.21186648292757618
2027,Saint Mary's (CA),saint marys,4,4,1,2,0,2,1,1,2,870.29,1463.894,240.0,174.0,76.0,33.0,105.0,175.0,280.0,26.0,21.0,54.0,2.33508,3.0946,1.0196,2.0751,0.1491858301255903,112.55979236806122,98.07825816681796,16.15565689253008,0.10730130071585334,0.14225194590308976,0.5505345918027325,0.5783846720058831,0.06492529329304025,0.17941790368727664,0.20417495225729354,0.15256073262935346,-0.1667878867963552,0.31934861942570875,290.5423216666667,42.80842,332.17576333333335,2.6123900444,3.6942183246666667,11.541450355628584,79.37226671569248,3.238125344425421,1.2097723097281747,14.481534201243264,0.8,0.5974025974025974,0.6883116883116883,0.38441558441558443,0.7090909090909091,0.6831168831168831,0.5246753246753246,0.6623376623376623,0.6571428571428571,0.7038961038961039,0.6935064935064935,0.662379421221865,0.9302325581395349,0.8842443729903537,0.7137624102617534
2027,St. Thomas (MN),saint thomas,1,1,0,0,0,0,0,0,1,95.1,164.505,20.0,10.0,16.0,9.0,9.0,7.0,16.0,6.0,1.0,8.0,-0.00516,0.2258,0.0408,0.185,0.13172,102.82,102.86,11.2397,-0.0022,0.095,0.6,0.58824,0.17357,0.09722,0.31949,-0.08699999999999998,-0.229,0.142,24.00526666666667,10.802370000000002,19.204213333333335,-0.006193358800000001,0.2710194606666667,7.215800000000001,99.0,8.13,1.2002633333333335,-0.04000000000000625,0.2025974025974026,0.3194805194805195,0.22337662337662337,0.38701298701298703,0.2831168831168831,0.4025974025974026,0.2519480519480519,0.22857142857142856,0.3116883116883117,0.22857142857142856,0.3246753246753247,0.2765273311897106,0.53156146179402,0.7459807073954984,0.3826778321506505
2027,Sam Houston,sam houston state,3,3,1,1,0,1,1,1,1,539.0500000000001,898.856,163.0,113.0,62.0,27.0,53.0,107.0,160.0,21.0,31.0,28.0,2.23905,1.6336,0.5533,1.0804,0.16249530841294868,112.01917354605324,102.16760690102957,18.607724060847787,0.16614705500417398,0.12123466283276133,0.6230875262035062,0.5903127706149708,0.09534595121046285,0.1706973777942677,0.16520736388090157,2.603,0.655,1.948,147.882565,25.581374999999998,147.87452499999998,1.9504931654999997,1.4239095039999998,-2.2783983211204895,200.78758927743252,1.1787288470457284,0.9255797546609774,9.851566645023667,0.6441558441558441,0.6,0.4805194805194805,0.38961038961038963,0.5428571428571428,0.6857142857142857,0.4103896103896104,0.6545454545454545,0.5194805194805194,0.6701298701298701,0.522077922077922,0.8456591639871383,0.8239202657807309,0.44694533762057875,0.6170174528551214
2027,Samford,samford,4,4,0,2,0,1,0,0,2,748.68,1270.891,163.0,145.0,53.0,55.0,32.0,74.0,106.0,14.0,3.0,51.0,-1.8057499999999997,0.7519,-0.1022,0.8541000000000001,0.1505060089757974,94.06026192765937,111.920258588449,6.732429776406476,-0.09647195330448255,0.04015491264625742,0.3983493985414329,0.47727183149008917,0.11680705054228777,0.07853214871507186,0.26888967636373357,-0.24430587166746812,-1.0056448015173374,0.7613389298498692,180.71445,68.51163,118.66768333333333,-2.3136160310999996,0.8268294783333334,7.560755016829621,109.61991772185715,4.43349594219159,1.16594700152268,-17.859996660789633,0.8025974025974026,0.3220779220779221,0.6909090909090909,0.3922077922077922,0.5454545454545454,0.4051948051948052,0.4675324675324675,0.01038961038961039,0.4,0.0,0.42337662337662335,0.08038585209003216,0.11627906976744186,0.7556270096463023,0.3093255634986842
2027,San Diego,san diego,8,8,6,7,4,5,5,0,1,4995.03,8324.262,2052.0,1577.0,677.0,315.0,253.0,678.0,931.0,171.0,108.0,342.0,13.05841,12.5515,4.6526,7.8987,0.22934858084936424,106.37128609838179,106.9969905085655,16.345898017629523,0.10458208819566646,0.10050803278458785,0.4922672482247353,0.5453295171200172,0.14019299892092735,0.10964592605049418,0.15219123506765722,-0.025623601860249087,-0.19111991319371455,0.1654963113334654,1664.4057216666668,254.76501000000002,763.90771,10.297657625983334,10.550133330833335,-6.353607405761325,243.75358906753308,-4.051429983203303,0.8330748777618284,-0.6257044101837153,0.9792207792207792,0.9896103896103896,0.9922077922077922,0.9844155844155844,0.9506493506493506,0.9818181818181818,0.9792207792207792,0.9376623376623376,0.9454545454545454,0.8909090909090909,0.8909090909090909,0.6881028938906752,0.5049833887043189,0.3086816720257235,0.7503453293242954
2027,San Diego St.,san diego state,3,3,2,2,2,3,2,0,0,2074.37,3313.645,992.0,712.0,268.0,181.0,55.0,201.0,256.0,60.0,23.0,130.0,6.5517199999999995,6.4722,4.9786,1.4935,0.24659362596836634,119.76756084980019,116.59932977241283,19.237886529886186,0.12633684974233142,0.12480815862165381,0.5389550548841335,0.597786167752137,0.17929267435414128,0.07285115283194417,0.13644352911968452,-1.4258616061744052,0.5018370589624801,-1.9276986651368848,820.7671733333334,144.84178166666666,212.29972,5.6169486054,5.405171649666666,-6.836012377251889,246.66866566716644,-4.737968308932351,0.8228862177030457,3.168231077387361,0.6467532467532467,0.7636363636363637,0.6935064935064935,0.8571428571428571,0.8181818181818182,0.8155844155844156,0.7818181818181819,0.8103896103896104,0.7974025974025974,0.8077922077922078,0.7584415584415585,0.8971061093247589,0.6345514950166113,0.2861736334405145,0.7042170784957423
2027,San Francisco,san francisco,3,3,1,1,0,2,1,2,2,1011.8900000000001,1740.7279999999998,277.0,223.0,35.0,54.0,41.0,157.0,198.0,33.0,27.0,35.0,2.3393,3.0741,1.1508,1.9232,0.13970945794503356,114.5280981134313,103.45240619039618,13.655742425560089,0.09249839409421971,0.1214706776428268,0.5707715440413483,0.5759828619711628,0.08665602822441172,0.11524262775598137,0.13371430916403956,1.8652676081392243,0.8044545849845338,1.0608130231546906,314.92295,60.94259000000001,239.93216,2.5310694715,3.5511498530000005,9.969751948334304,91.3389992983427,-2.3235591823221897,1.1721219775864964,11.075691923035123,0.6493506493506493,0.6025974025974026,0.4831168831168831,0.3948051948051948,0.7116883116883117,0.6883116883116883,0.5818181818181818,0.6649350649350649,0.6493506493506493,0.7012987012987013,0.6909090909090909,0.4758842443729904,0.8471760797342193,0.842443729903537,0.6774467758048747
2027,San Jose St.,san jose state,2,2,0,1,1,2,1,0,0,620.1,1014.9169999999999,243.0,179.0,73.0,48.0,32.0,101.0,133.0,17.0,22.0,60.0,1.33987,1.3126,0.3795,0.9332,0.22827711223996128,103.76862296403806,107.90001048218028,15.278499419448476,0.08641484760522496,0.08469889372681824,0.5352416384454121,0.5738448563134978,0.16530725753910658,0.12223608224479922,0.21479643799387196,0.6670342364134817,1.5715508466376389,-0.9045166102241574,252.66240166666668,50.07496833333334,138.0887766666667,1.4082105004833334,1.3832112711666669,2.7897226818255123,135.98130946621512,2.1798876858571203,1.0464953780304254,-4.131387518142219,0.4883116883116883,0.3246753246753247,0.4857142857142857,0.7064935064935065,0.7142857142857143,0.6909090909090909,0.43896103896103894,0.587012987012987,0.4935064935064935,0.6207792207792208,0.5142857142857142,0.5916398713826366,0.38870431893687707,0.6463022508038585,0.5036211056892387
2027,Santa Clara,santa clara,2,2,1,1,0,1,0,1,1,990.75,1772.2640000000001,362.0,308.0,61.0,62.0,15.0,67.0,82.0,15.0,9.0,48.0,-1.3784800000000001,1.4087,0.7454000000000001,0.6632,0.18479681009336363,106.80653807721423,117.18657370678778,10.24126712086803,-0.055678674741357556,0.05688660005046682,0.5169633690638404,0.5450093190007571,0.10451530658591976,0.045902471864748925,0.12641900469341408,-0.14699235932374463,-0.622763108755993,0.47577074943224834,431.37626666666665,73.6968,101.27546666666666,-1.4834631733333332,1.7654265733333332,9.758606217511987,93.86387080494575,12.997363918243757,1.1914471649423837,-10.380035629573555,0.4909090909090909,0.6051948051948052,0.4883116883116883,0.3974025974025974,0.548051948051948,0.4077922077922078,0.5766233766233766,0.03116883116883117,0.5064935064935064,0.01038961038961039,0.5636363636363636,0.1864951768488746,0.22591362126245848,0.8327974276527331,0.4287214830868889
2027,Seattle U,seattle,3,3,1,1,1,1,1,1,1,976.34,1573.927,434.0,317.0,136.0,112.0,6.0,101.0,107.0,26.0,0.0,55.0,2.55679,2.4735,1.7796,0.6938,0.24413,113.51,116.72,17.7183,0.10470000000000002,0.1013,0.50631,0.5759,0.25148,0.06758,0.12736,-2.121,-1.288,-0.833,262.14106333333336,67.64930666666667,64.62924833333334,1.5443309892166668,1.4940228575,-16.5593,330.0,-7.4158,0.6040116666666667,-3.2099999999999937,0.6519480519480519,0.6077922077922078,0.4909090909090909,0.7090909090909091,0.5506493506493506,0.6935064935064935,0.5714285714285714,0.6831168831168831,0.6051948051948052,0.6363636363636364,0.5272727272727272,0.7813504823151125,0.4186046511627907,0.06430868167202572,0.5153029940010102
2027,Seton Hall,seton hall,4,4,4,4,3,4,0,1,2,3090.34,5327.013,1450.0,1151.0,466.0,266.0,57.0,292.0,349.0,102.0,31.0,229.0,1.65279,5.6181,2.8047999999999997,2.8133,0.2566019322145783,105.13575490075524,114.49246260929218,14.596523499032468,0.02138707909162099,0.0726923927464292,0.4691104323148909,0.5340043869282992,0.17130175271976544,0.06414824705372224,0.1468564741420038,-1.3206908010121865,-0.7861925775157426,-0.5344982234964437,1413.181125,281.03839500000004,362.23888999999997,1.7674617112666666,5.658006016333333,1.8524031352537254,172.41499964405213,3.2868494877586283,1.0308850968879368,-9.35670770853693,0.8051948051948052,0.9324675324675324,0.8675324675324675,0.9402597402597402,0.9116883116883117,0.4103896103896104,0.8805194805194805,0.6103896103896104,0.7662337662337663,0.6597402597402597,0.7662337662337663,0.5434083601286174,0.24916943521594684,0.617363344051447,0.6641288826224357
2027,Siena,siena,1,1,0,0,0,0,0,0,0,0.0,0.0,0.0,0.0,0.0,0.0,0.0,0.0,0.0,0.0,0.0,0.0,0.0,0.0,0.0,0.0,,,,,,,,,,,,,,,0.0,0.0,0.0,0.0,0.0,,,,,,0.2051948051948052,0.32727272727272727,0.22597402597402597,0.4,0.2857142857142857,0.412987012987013,0.14285714285714285,0.37402597402597404,0.18961038961038962,0.37402597402597404,0.18961038961038962,,,,0.25844155844155847
2027,SIUE,siu edwardsville,1,1,1,1,1,0,0,0,0,817.74,1382.954,274.0,236.0,106.0,101.0,17.0,57.0,74.0,43.0,0.0,66.0,-0.70469,0.6359,-0.031,0.6669,0.21461,96.57999999999998,115.5,11.5054,-0.0345,0.0311,0.44492,0.48478,0.27917,0.05368,0.18931000000000003,-0.874,-1.3649999999999998,0.491,161.48189999999997,59.52434999999999,43.61189999999999,-0.41530905149999997,0.37476766499999997,-17.439,333.99999999999994,-1.5094000000000003,0.5893499999999999,-18.920000000000016,0.2077922077922078,0.6103896103896104,0.4935064935064935,0.7116883116883117,0.2883116883116883,0.4155844155844156,0.4987012987012987,0.08051948051948052,0.38181818181818183,0.10649350649350649,0.35844155844155845,0.3054662379421222,0.10299003322259136,0.04501607717041801,0.2896426174801579
2027,Slippery Rock,slippery rock,1,1,0,0,0,0,0,0,0,0.0,0.0,0.0,0.0,0.0,0.0,0.0,0.0,0.0,0.0,0.0,0.0,0.0,0.0,0.0,0.0,,,,,,,,,,,,,,,0.0,0.0,0.0,0.0,0.0,,,,,,0.21038961038961038,0.32987012987012987,0.22857142857142856,0.4025974025974026,0.2909090909090909,0.41818181818181815,0.14545454545454545,0.37662337662337664,0.19220779220779222,0.37662337662337664,0.19220779220779222,,,,0.26103896103896107
2027,SMU,smu,3,3,2,3,2,2,2,1,1,2560.2200000000003,4200.034,1123.0,808.0,451.0,283.0,74.0,268.0,342.0,104.0,28.0,155.0,9.11023,7.9633,4.396599999999999,3.5667,0.23795486700361687,112.75625411097482,109.11701006163531,18.426559784706,0.14235619087422174,0.12442981189116561,0.4873644801618611,0.5530665741615954,0.25046708091492137,0.07722168989383725,0.13382645710134283,0.20136664817867211,0.03647233440876175,0.16489431376991037,1123.7888466666666,287.750955,363.97986333333336,8.707722005266666,8.070078858333334,2.553648568482396,154.128172578919,2.707090561358008,1.0400685481651315,3.63924404933951,0.6545454545454545,0.7662337662337663,0.787012987012987,0.8597402597402597,0.7168831168831169,0.8181818181818182,0.8233766233766234,0.8753246753246753,0.8519480519480519,0.8519480519480519,0.8285714285714286,0.8327974276527331,0.6578073089700996,0.6430868167202572,0.7719744890675658
2027,South Alabama,south alabama,1,1,0,0,0,0,0,0,0,0.0,0.0,0.0,0.0,0.0,0.0,0.0,0.0,0.0,0.0,0.0,0.0,0.0,0.0,0.0,0.0,,,,,,,,,,,,,,,0.0,0.0,0.0,0.0,0.0,,,,,,0.21298701298701297,0.33246753246753247,0.23116883116883116,0.4051948051948052,0.2935064935064935,0.42077922077922075,0.14805194805194805,0.37922077922077924,0.19480519480519481,0.37922077922077924,0.19480519480519481,,,,0.26363636363636367
2027,South Carolina,south carolina,4,4,4,4,2,4,2,2,3,3650.1600000000003,5919.898,1280.0,1047.0,218.0,224.0,123.0,397.0,520.0,90.0,49.0,158.0,8.64635,10.1093,5.1897,4.9196,0.1886813005183334,117.57052783987551,109.59820887303572,14.32474533335525,0.0947687372608324,0.1107894201897999,0.5448949076204879,0.5702470394174501,0.12492266330790977,0.08366819018892321,0.11825348436780851,1.9297509780393187,1.9892387265215767,-0.05948774848225829,1458.0278516666667,250.52731,627.4555333333333,9.284500764066667,11.962191258333334,9.457275272864752,107.36749895894975,4.484383816325858,1.189738757835273,7.972318966839794,0.8077922077922078,0.935064935064935,0.8701298701298701,0.8623376623376623,0.9142857142857143,0.8207792207792208,0.922077922077922,0.8649350649350649,0.9038961038961039,0.8675324675324675,0.9194805194805195,0.5273311897106109,0.7840531561461794,0.8295819935691319,0.8264460262259666
2027,South Carolina St.,south carolina state,1,1,1,1,0,0,0,0,0,721.89,1146.021,195.0,179.0,44.0,91.0,20.0,73.0,93.0,32.0,10.0,45.0,-0.20574,1.3894,0.1138,1.2756,0.18575000000000003,98.75,105.01,12.7911,-0.011400000000000002,0.077,0.46369,0.49143,0.24322,0.07808,0.18491000000000002,1.8990000000000002,1.446,0.453,145.019875,67.67594166666667,69.16332500000001,-0.1530071235,1.0332852016666667,-10.5785,285.0,-10.9797,0.7436916666666668,-6.260000000000005,0.21558441558441557,0.612987012987013,0.4961038961038961,0.4077922077922078,0.2961038961038961,0.42337662337662335,0.4597402597402597,0.17402597402597403,0.5038961038961038,0.18961038961038962,0.4623376623376623,0.3858520900321543,0.31893687707641194,0.18971061093247588,0.37416784324519525
2027,South Dakota,south dakota,3,3,1,1,0,1,0,1,2,900.08,1459.024,185.0,138.0,82.0,91.0,10.0,62.0,72.0,36.0,2.0,51.0,-1.2331800000000002,1.2779,0.25680000000000003,1.0237,0.13309580026219892,102.12176201014908,111.95584059194738,9.04069665363079,-0.054802935294640476,0.05708976929783382,0.4506202795307084,0.5276223657897076,0.18836874100079995,0.04730005477290908,0.2244916442982846,-0.3610250709766839,-0.27071941296134844,-0.09030565801533541,155.24861166666668,78.41249,57.72627333333334,-0.6894875218833336,1.2357636026666667,-5.927756119456049,252.2236467869523,0.6805453715225314,0.8218928440249755,-9.834078581798295,0.6571428571428571,0.6155844155844156,0.4987012987012987,0.4103896103896104,0.5532467532467532,0.42597402597402595,0.5454545454545454,0.04155844155844156,0.4883116883116883,0.06493506493506493,0.4935064935064935,0.13504823151125403,0.2425249169435216,0.3279742765273312,0.3464325634946609
2027,South Dakota St.,south dakota state,2,2,1,1,0,0,0,0,1,831.98,1400.2830000000001,234.0,208.0,52.0,56.0,20.0,37.0,57.0,19.0,2.0,35.0,-1.64017,0.8035,0.5311,0.2723,0.16183855080650975,106.49900863001514,120.99975912882523,8.989722901992835,-0.07883803096228276,0.038653555373927256,0.45401773540229334,0.5108570520925984,0.12319374444097211,0.03950160340392797,0.1320071154354672,0.07608117983605374,0.7559350224765018,-0.679853842640448,182.92516333333333,42.771586666666664,46.47608833333333,-1.2723031243166667,0.6155443455,-8.515202576985024,265.4218851414698,-1.4039593535902306,0.7831530357300255,-14.500750498810092,0.4935064935064935,0.6181818181818182,0.5012987012987012,0.412987012987013,0.2987012987012987,0.42857142857142855,0.5064935064935064,0.012987012987012988,0.4051948051948052,0.025974025974025976,0.38961038961038963,0.13183279742765272,0.15946843853820597,0.2379421221864952,0.2956432997731563
2027,South Fla.,south florida,9,8,6,9,6,8,6,2,3,5877.09,9766.437,2407.0,1924.0,553.0,436.0,212.0,700.0,912.0,185.0,47.0,288.0,14.81194,16.5963,8.9521,7.644,0.21448272565164053,112.75338689725699,110.11292513812106,16.16047423861129,0.10081885439903081,0.11295255168799524,0.5210067833230391,0.554288994025955,0.14641111551805402,0.08752625220985215,0.12082268188848563,-0.7639843545019728,0.07584192517045012,-0.8398262796724231,2356.9891433333332,430.85257666666666,908.72414,13.923758094416666,16.306565318333334,-0.012481085537230189,179.68055279058174,-1.222481956716674,0.9819165601428597,2.640461759135931,0.9974025974025974,0.9922077922077922,1.0,1.0,1.0,0.9948051948051948,0.9974025974025974,0.948051948051948,0.9818181818181818,0.9324675324675324,0.961038961038961,0.6655948553054662,0.6146179401993356,0.5369774919614148,0.8143295957975857
2027,Southeast Mo. St.,southeast missouri state,1,1,0,1,0,1,1,0,0,408.23,664.123,118.0,97.0,27.0,22.0,44.0,78.0,122.0,15.0,20.0,19.0,1.86408,1.2209,0.527,0.6939,0.16437,113.54999999999998,105.67,18.2878,0.1826,0.1196,0.52577,0.54178,0.11118000000000001,0.18069,0.14858,-0.33,0.964,-1.294,107.48069333333333,20.03877333333333,111.12410666666666,1.6979034815999998,1.1120608346666667,-2.9488,204.0,-1.7009,0.9108533333333333,7.879999999999981,0.21818181818181817,0.33506493506493507,0.5038961038961038,0.4155844155844156,0.5558441558441558,0.6961038961038961,0.37662337662337664,0.6285714285714286,0.4727272727272727,0.6493506493506493,0.4805194805194805,0.8295819935691319,0.7807308970099668,0.4212218649517685,0.5532990281556155
2027,Southern U.,southern,2,2,0,1,1,1,0,0,0,231.92000000000002,392.343,66.0,69.0,21.0,14.0,1.0,22.0,23.0,16.0,2.0,20.0,-0.79606,-0.2256,-0.4595,0.2339,0.22110361115902036,75.149943083822,113.41961840289754,6.458677686271128,-0.13728187305967574,-0.0388779751638496,0.35024056312521556,0.40814696705760606,0.12896556614349775,0.05965188383925491,0.2080341384960331,-1.259,-1.0,-0.259,39.34164,8.068626666666667,13.060026666666667,-0.4064053722666666,-0.09728101999999998,-18.995532011038293,339.67911348740944,-4.82932587961366,0.5665502627342761,-38.269675319075546,0.4961038961038961,0.33766233766233766,0.5064935064935064,0.7142857142857143,0.5584415584415584,0.43116883116883115,0.3038961038961039,0.06233766233766234,0.005194805194805195,0.10909090909090909,0.01038961038961039,0.07395498392282958,0.013289036544850499,0.02572347266881029,0.12485806488220734
2027,Southern Ark.,southern ark,2,2,0,1,0,0,0,0,0,321.96,533.756,103.0,87.0,22.0,17.0,2.0,18.0,20.0,9.0,1.0,22.0,-0.87356,0.1479,-0.0386,0.1865,0.19331,95.53,118.2,7.7685,-0.1085,0.0184,0.48851,0.53257,0.10186999999999999,0.03669,0.18537,-2.461,-0.514,-1.9470000000000003,80.46857833333333,13.281221666666667,15.624966666666666,-0.6824672940666666,0.1155466285,-8.3251,264.0,-3.3471,0.7812483333333333,-22.67,0.4987012987012987,0.34025974025974026,0.509090909090909,0.41818181818181815,0.3012987012987013,0.43376623376623374,0.34805194805194806,0.05974025974025974,0.2857142857142857,0.06753246753246753,0.2831168831168831,0.11254019292604502,0.07308970099667775,0.24758842443729903,0.2103113367601515
2027,Southern Ind.,southern indiana,3,3,0,2,2,3,1,0,0,741.9,1228.5049999999999,239.0,225.0,70.0,42.0,34.0,80.0,114.0,46.0,6.0,32.0,1.40904,0.8736,0.1524,0.7212999999999999,0.20744706941636337,99.08522280630812,113.81443509906994,12.64809034371209,0.07594832726782585,0.04712447769241137,0.42051277773284806,0.46655002965359205,0.10778723978972907,0.09387747459226309,0.11303854266073594,-1.5862257986251516,-1.1551748483623128,-0.43105095026283874,191.73681000000002,33.74726666666667,92.74196,1.1478087493333335,0.7547448290000001,-7.295075126027766,250.4965898369052,-2.6548324275508826,0.812142331940513,-14.729212292761815,0.6597402597402597,0.34285714285714286,0.6961038961038961,0.8649350649350649,0.8207792207792208,0.6987012987012987,0.4649350649350649,0.6,0.41818181818181815,0.5974025974025974,0.4155844155844156,0.36977491961414793,0.1461794019933555,0.2733118971061093,0.37286363421326196
2027,Southern Miss.,southern miss,5,5,0,1,0,1,0,0,0,255.52,403.608,60.0,51.0,14.0,8.0,32.0,38.0,70.0,8.0,6.0,10.0,0.30605,0.4491,0.3077,0.1414,0.14089,114.25,118.48,14.5385,0.0479,0.0703,0.5098,0.52448,0.06399,0.169,0.1489,-0.513,0.546,-1.059,52.8669,7.04892,61.67805,0.26966524575,0.3957087465,-4.7331,222.0,7.1866,0.881115,-4.230000000000004,0.8805194805194805,0.34545454545454546,0.5116883116883116,0.42077922077922075,0.561038961038961,0.43636363636363634,0.3116883116883117,0.4831168831168831,0.35324675324675325,0.4831168831168831,0.36623376623376624,0.5369774919614148,0.3853820598006645,0.35691318327974275,0.3979666059336183
2027,Southern Utah,southern utah,3,3,1,1,1,1,1,0,0,510.47,850.178,303.0,191.0,102.0,12.0,56.0,91.0,147.0,9.0,22.0,28.0,3.82074,2.4058,1.7125,0.6933,0.26474,126.04,109.52,28.2569,0.2994,0.1885,0.60733,0.64222,0.06173,0.16737,0.10611,-1.132,1.582,-2.714,198.759415,7.871659999999999,96.42783499999999,2.5062971857,1.5781366356666666,-13.4417,316.0,-7.9331,0.6559716666666666,16.52000000000001,0.6623376623376623,0.6207792207792208,0.5142857142857142,0.7168831168831169,0.5636363636363636,0.7012987012987013,0.4,0.7324675324675325,0.5974025974025974,0.6987012987012987,0.5376623376623376,0.9967845659163987,0.946843853820598,0.1189710610932476,0.6171060482818717
2027,Southern Wesleyan,southern wesleyan,1,1,0,0,0,0,0,0,0,0.0,0.0,0.0,0.0,0.0,0.0,0.0,0.0,0.0,0.0,0.0,0.0,0.0,0.0,0.0,0.0,,,,,,,,,,,,,,,0.0,0.0,0.0,0.0,0.0,,,,,,0.22077922077922077,0.34805194805194806,0.23376623376623376,0.42337662337662335,0.3038961038961039,0.43896103896103894,0.15064935064935064,0.38181818181818183,0.1974025974025974,0.38181818181818183,0.1974025974025974,,,,0.2694805194805195
2027,Stanislaus St.,stanislaus state,1,1,0,0,0,0,0,0,0,0.0,0.0,0.0,0.0,0.0,0.0,0.0,0.0,0.0,0.0,0.0,0.0,0.0,0.0,0.0,0.0,,,,,,,,,,,,,,,0.0,0.0,0.0,0.0,0.0,,,,,,0.22337662337662337,0.35064935064935066,0.23636363636363636,0.42597402597402595,0.3064935064935065,0.44155844155844154,0.15324675324675324,0.38441558441558443,0.2,0.38441558441558443,0.2,,,,0.2720779220779221
2027,SFA,stephen f austin,5,5,1,4,2,2,0,0,0,2043.3500000000001,3442.782,717.0,612.0,199.0,78.0,117.0,209.0,326.0,73.0,94.0,127.0,0.38972,2.2767,0.2292,2.0484,0.20601442391171362,98.24875008573473,113.47006548070571,13.343746016101012,0.007602045660312721,0.04463339146964011,0.4973133827782808,0.518397745515942,0.08624334636748476,0.09234309472190276,0.16207272053245894,-2.3776163591647967,-1.160114340724483,-1.2175020184403142,500.3024066666667,50.115973333333336,260.67130333333336,0.5968214137333332,2.0212875936666665,-12.21269285927521,276.4273521423154,-1.0240375784863094,0.7360276819601799,-15.221315394970986,0.8831168831168831,0.6233766233766234,0.8727272727272727,0.8675324675324675,0.7194805194805195,0.44415584415584414,0.7766233766233767,0.5064935064935064,0.5818181818181818,0.5428571428571428,0.5896103896103896,0.4630225080385852,0.132890365448505,0.1382636655948553,0.46666343879278255
2027,Stetson,stetson,3,3,1,3,0,1,0,0,0,1416.85,2408.319,389.0,312.0,79.0,93.0,48.0,98.0,146.0,49.0,11.0,75.0,-0.20637,2.4562,1.1217,1.3344,0.14968194826551862,110.33509355259909,114.14361710837423,10.658168098951899,-0.0058272378868616985,0.06934440554751738,0.5156967169425133,0.5588748292338639,0.1157823146416346,0.058333526837703355,0.17538261961393228,-0.5163554928185764,0.007923252284998385,-0.5242787451035748,384.74808,91.06397833333332,145.425775,-0.18248352845000004,2.4456631585,-0.629793028196351,176.1497970850831,-0.6878454190634155,0.9895034495300608,-3.808523555775139,0.6649350649350649,0.625974025974026,0.7896103896103897,0.42857142857142855,0.5662337662337662,0.44675324675324674,0.6701298701298701,0.17142857142857143,0.6025974025974026,0.17402597402597403,0.6285714285714286,0.21864951768488747,0.4019933554817276,0.5016077170418006,0.46013598412995915
2027,Stonehill,stonehill,3,3,0,1,0,0,0,0,1,437.4,710.675,80.0,82.0,22.0,41.0,5.0,56.0,61.0,14.0,6.0,30.0,-1.0493999999999999,0.3347,-0.2913,0.626,0.14633335048010976,86.9420548696845,108.71214334705076,6.104393004115226,-0.09592200274348422,0.03062092592592593,0.4047182400548697,0.4327568381344307,0.14778169341563788,0.08330524279835393,0.24215643621399174,-3.5020000000000002,-0.259,-3.243,95.13866666666667,48.40418666666667,71.46192,-1.2333192146666667,0.3952804106666667,9.158203566529492,88.64869684499315,-1.4417135665294927,1.1795359030635577,-21.770088477366258,0.6675324675324675,0.35324675324675325,0.5168831168831168,0.43116883116883115,0.3090909090909091,0.44935064935064933,0.38441558441558443,0.046753246753246755,0.32987012987012987,0.02857142857142857,0.36363636363636365,0.06109324758842444,0.08305647840531562,0.819935691318328,0.299136506740314
2027,Stony Brook,stony brook,1,1,0,1,0,0,0,0,1,271.31,434.143,33.0,44.0,9.0,4.0,11.0,24.0,35.0,4.0,1.0,2.0,-0.65996,0.3464,-0.0778,0.4242,0.09967,90.24,107.13,4.4506,-0.0973,0.0511,0.31818,0.34375,0.0258,0.07646,0.04003,0.506,-0.21,0.716,43.70729,5.297853333333333,46.35621666666667,-0.8740928214666667,0.45879409866666665,14.6678,55.0,9.4159,1.3244633333333333,-16.89,0.22597402597402597,0.35584415584415585,0.5194805194805194,0.43376623376623374,0.3116883116883117,0.45194805194805193,0.3142857142857143,0.09090909090909091,0.33246753246753247,0.04415584415584416,0.37662337662337664,0.028938906752411574,0.12292358803986711,0.9292604501607717,0.3102902908374488
2027,Syracuse,syracuse,5,4,4,5,2,5,5,0,1,4326.28,6868.29,1766.0,1227.0,608.0,303.0,223.0,544.0,767.0,153.0,91.0,176.0,21.93514,18.045,10.2709,7.774,0.20633615764582963,122.55657074900375,104.61661485155837,20.55579843167802,0.20279784318167107,0.16682927018131047,0.545401493731335,0.5914795016734931,0.13976667240677904,0.1041051700074891,0.10980009597159683,1.0352632423236587,0.30851075750991613,0.7267524848137429,1810.8769516666666,333.005895,775.1296733333334,22.4619419924,18.535873441,1.8511937341087494,154.85920698614046,-4.8533411723235655,1.0368024970952718,17.939955897445387,0.8857142857142857,0.9376623376623376,0.9454545454545454,0.8701298701298701,0.9532467532467532,0.9844155844155844,0.9532467532467532,0.9896103896103896,0.9922077922077922,0.9844155844155844,0.974025974025974,0.9485530546623794,0.9568106312292359,0.6141479099678456,0.9098374636014442
2027,Tampa,tampa,1,1,0,0,0,0,0,0,0,0.0,0.0,0.0,0.0,0.0,0.0,0.0,0.0,0.0,0.0,0.0,0.0,0.0,0.0,0.0,0.0,,,,,,,,,,,,,,,0.0,0.0,0.0,0.0,0.0,,,,,,0.22857142857142856,0.35844155844155845,0.23896103896103896,0.43636363636363634,0.3142857142857143,0.45454545454545453,0.15584415584415584,0.38701298701298703,0.2025974025974026,0.38701298701298703,0.2025974025974026,,,,0.275974025974026
2027,Tarleton St.,tarleton state,3,3,3,3,1,3,2,0,0,2214.55,3631.518,713.0,583.0,110.0,126.0,61.0,172.0,233.0,65.0,13.0,69.0,2.68169,4.9862,3.0795000000000003,1.9067,0.16570393204036937,118.87058887810163,115.06768079293761,13.063426972974193,0.04844245828723668,0.09009190219231898,0.5432951200469621,0.568108091485855,0.11852150102729672,0.061793083696462046,0.09247859000699916,0.0935792915039172,1.3218505113905759,-1.2282712198866585,585.51551,100.91689166666667,193.39088666666666,2.197823951716667,4.142998269666666,-7.330654186629337,250.80113341310874,-3.2455465602492604,0.8238945441963378,3.8029080851640202,0.6701298701298701,0.8571428571428571,0.7922077922077922,0.7194805194805195,0.8233766233766234,0.8233766233766234,0.7896103896103897,0.6935064935064935,0.7350649350649351,0.6857142857142857,0.7116883116883117,0.42765273311897106,0.6644518272425249,0.27009646302250806,0.6294795525056927
2027,TCU,tcu,1,1,1,1,1,1,1,0,0,878.74,1518.577,511.0,376.0,126.0,39.0,13.0,65.0,78.0,8.0,7.0,32.0,2.81241,2.7574,2.1719,0.5854,0.26716,119.37,117.21,19.4515,0.128,0.1255,0.54521,0.5922600000000001,0.09629999999999998,0.05416,0.06905,-0.8859999999999999,-0.74,-0.146,439.65077333333335,33.55456,67.10912,2.4197225664,2.3723934293333335,-5.9776,233.0,0.5345,0.8603733333333333,2.160000000000011,0.23116883116883116,0.6285714285714286,0.522077922077922,0.7220779220779221,0.5688311688311688,0.7038961038961039,0.5324675324675324,0.7012987012987013,0.6337662337662338,0.6961038961038961,0.6207792207792208,0.9131832797427653,0.6046511627906976,0.3215434083601286,0.6167571326879527
2027,Temple,temple,2,2,1,1,0,1,0,0,0,887.67,1425.255,292.0,255.0,43.0,63.0,8.0,74.0,82.0,27.0,3.0,38.0,0.7898,1.3597,0.5746,0.7851,0.19153,104.95,114.8,11.4182,0.0356,0.0613,0.50588,0.53304,0.16130000000000003,0.05603,0.12183,-2.8239999999999994,0.2929999999999999,-3.117,287.80931333333336,62.095845000000004,80.82316333333334,0.7784650536666666,1.3401860388333333,-0.8611,179.0,2.6948999999999996,0.9856483333333333,-9.849999999999994,0.5012987012987012,0.6311688311688312,0.5246753246753246,0.43896103896103894,0.5714285714285714,0.45714285714285713,0.5402597402597402,0.5506493506493506,0.4987012987012987,0.5688311688311688,0.5064935064935064,0.29260450160771706,0.23920265780730898,0.49517684887459806,0.46767675072041015
2027,Tennessee,tennessee,6,6,6,6,5,6,5,1,4,5587.31,9370.455,2749.0,2021.0,705.0,413.0,197.0,548.0,745.0,116.0,137.0,319.0,17.72572,17.9051,11.423,6.482200000000001,0.24208853392777566,117.18033457960988,111.67832656501969,18.635266601459378,0.1268952384958057,0.1281785544385402,0.5505753832882012,0.5904813364570787,0.16040870936103419,0.07643134730308504,0.11919591193257581,1.6752741695019608,1.4579020655735946,0.21737210392836628,3211.4785483333335,478.044675,784.1162883333334,20.2298931174,21.0875884665,6.727805030506631,118.250744991776,3.3471881955717513,1.1388506345182208,5.502008014590189,0.9454545454545454,0.9948051948051948,0.9818181818181818,0.9896103896103896,0.9844155844155844,0.987012987012987,0.9948051948051948,0.9636363636363636,0.9896103896103896,0.9688311688311688,0.987012987012987,0.8488745980707395,0.6943521594684385,0.7331189710610932,0.8888286105792595
2027,UT Martin,tennessee martin,1,1,0,0,0,0,0,0,0,118.28,205.949,18.0,22.0,7.0,8.0,2.0,11.0,13.0,10.0,1.0,6.0,-0.29614,0.0694,-0.1407,0.2101,0.13145,76.59,104.81,6.105600000000001,-0.1001,0.0235,0.31818,0.35857,0.10685999999999998,0.06254,0.19305,1.69,0.44,1.25,18.967380000000002,8.429946666666668,13.698663333333336,-0.3120555507333334,0.07312978733333335,0.2246,169.0,5.7008,1.0537433333333335,-28.22,0.23376623376623376,0.36103896103896105,0.24155844155844156,0.44155844155844154,0.3168831168831169,0.4597402597402597,0.2597402597402597,0.14285714285714285,0.2649350649350649,0.12987012987012986,0.2675324675324675,0.06430868167202572,0.036544850498338874,0.5434083601286174,0.2374919586401143
2027,Tennessee St.,tennessee state,2,2,0,0,0,0,0,0,0,46.09,79.42,9.0,4.0,2.0,1.0,2.0,3.0,5.0,1.0,0.0,0.0,-0.07293,0.1217,0.1005,0.0212,0.05275,189.66,119.5,11.1479,-0.0633,0.1056,1.0,0.9183699999999999,0.04453,0.06306,0.0,,,,5.304149999999999,0.5893499999999999,2.9467499999999998,-0.04298129549999999,0.071723895,-17.439,334.0,-1.5093999999999999,0.5893499999999999,70.16,0.5038961038961038,0.36363636363636365,0.24415584415584415,0.44415584415584414,0.3194805194805195,0.4623376623376623,0.21558441558441557,0.2051948051948052,0.2805194805194805,0.21038961038961038,0.2649350649350649,0.2508038585209003,1.0,0.04823151125401929,0.3362258320457677
2027,Tennessee Tech,tennessee tech,8,7,3,4,2,3,2,2,2,2792.13,4701.758,1115.0,917.0,243.0,168.0,81.0,326.0,407.0,84.0,38.0,138.0,7.19643,6.8504,2.7382,4.1122000000000005,0.21602318710088714,108.14402570797203,108.18169154015034,14.214494735202157,0.10311883365029566,0.09815499206698827,0.5159733171807903,0.5429926442536701,0.12396528313509757,0.08242576258985075,0.1188603847600219,-1.0403131265378045,0.5091551467875779,-1.5494682733253822,822.9010533333334,131.39324666666667,308.24767833333334,4.725192977616667,5.139845660333333,-9.229926561800488,265.03038540469106,-8.076251037738214,0.7741320613593685,-0.037665832178305436,0.9818181818181818,0.8597402597402597,0.8753246753246753,0.8727272727272727,0.825974025974026,0.825974025974026,0.8389610389610389,0.8311688311688312,0.8207792207792208,0.7740259740259741,0.7532467532467533,0.5144694533762058,0.5348837209302325,0.21864951768488747,0.6419966739950503
2027,Texas,texas,5,5,5,5,3,5,5,4,5,4369.39,7301.195,1957.0,1457.0,611.0,300.0,209.0,508.0,717.0,184.0,106.0,209.0,19.15621,16.0782,9.222900000000001,6.8552,0.22245836238010339,118.73550147732293,107.21308660934362,19.26540445210887,0.17538893094917138,0.14719304113388823,0.515159199750995,0.5638748262114391,0.13197080217147014,0.09490597834022597,0.10936561616152367,3.875402488676909,1.9074595263869782,1.9679429622899307,2702.724331666667,412.6156066666667,1006.1139166666668,26.424902723850003,22.266539208500003,18.57333555278883,40.96601585118289,11.39757108246231,1.390301339817076,11.522414867979307,0.8883116883116883,0.9714285714285714,0.948051948051948,0.9428571428571428,0.9558441558441558,0.9896103896103896,0.9584415584415584,0.9792207792207792,0.9766233766233766,0.9922077922077922,0.9922077922077922,0.9003215434083601,0.8737541528239202,0.9646302250803859,0.9504273765140543
2027,Texas A&M,texas a and m,6,6,5,5,3,5,3,1,3,4323.75,7397.976,1964.0,1533.0,511.0,419.0,115.0,432.0,547.0,162.0,48.0,285.0,10.26858,11.7486,6.2957,5.453,0.23464933920786354,112.13349511419486,110.557575484244,16.731247121364557,0.09499830841283607,0.10869614894478172,0.5292766242729112,0.5644373239664642,0.18901521429314833,0.07156544663775657,0.1445977881237352,0.914564974848222,1.1042321272043945,-0.18966715235617237,2221.35308,491.1229166666667,611.4182166666667,11.6167408064,13.143368189666667,6.400261538248048,120.93537554206418,4.298843120670715,1.1260725292396647,1.5759196299508602,0.948051948051948,0.974025974025974,0.9506493506493506,0.9454545454545454,0.9584415584415584,0.9064935064935065,0.9506493506493506,0.9038961038961039,0.9298701298701298,0.9116883116883117,0.9298701298701298,0.7202572347266881,0.584717607973422,0.7266881028938906,0.8282709588325382
2027,East Texas A&M,texas a and m commerce,1,1,0,0,0,0,0,0,0,149.53,262.547,47.0,38.0,9.0,7.0,14.0,24.0,38.0,3.0,4.0,14.0,-0.32998,0.2291,0.02,0.2091,0.17736,98.54,109.05,10.4146,-0.0883,0.06129999999999999,0.55263,0.55952,0.08292,0.13811,0.25018,-1.562,-1.867,0.305,51.14391166666667,7.617178333333333,41.35039666666667,-0.35907378663333334,0.24929936516666668,5.2901,111.00000000000001,0.3543,1.0881683333333334,-10.509999999999991,0.23636363636363636,0.36623376623376624,0.24675324675324675,0.44675324675324674,0.3220779220779221,0.4649350649350649,0.2727272727272727,0.12987012987012986,0.3142857142857143,0.11428571428571428,0.3194805194805195,0.19292604501607716,0.22259136212624583,0.6945337620578779,0.3118254917039248
2027,A&M-Corpus Christi,texas a and m corpus chris,1,1,0,0,0,0,0,0,0,0.0,0.0,0.0,0.0,0.0,0.0,0.0,0.0,0.0,0.0,0.0,0.0,0.0,0.0,0.0,0.0,,,,,,,,,,,,,,,0.0,0.0,0.0,0.0,0.0,,,,,,0.23896103896103896,0.36883116883116884,0.24935064935064935,0.44935064935064933,0.3246753246753247,0.4675324675324675,0.15844155844155844,0.38961038961038963,0.2051948051948052,0.38961038961038963,0.2051948051948052,,,,0.2805194805194805
2027,Texas Tech,texas tech,3,3,3,3,3,3,3,0,2,3186.4300000000003,5271.489,1715.0,1272.0,357.0,282.0,62.0,261.0,323.0,109.0,37.0,185.0,14.83061,12.4209,8.5369,3.884,0.25811336269743884,121.96519182910026,111.03196615020572,20.52593463939267,0.18620102057788804,0.15593306050972403,0.5559198354898741,0.601215533339819,0.1905567794993143,0.05832949984779203,0.11168054430820698,1.1641484074654078,1.4856379364994676,-0.32148952903406,1965.1440000000002,325.671285,371.25491833333336,17.02285381356667,14.298877898166667,7.765310218959776,95.9149424277326,3.378771699362609,1.1483948883285264,10.933225678894544,0.6727272727272727,0.8623376623376623,0.7948051948051948,0.948051948051948,0.8285714285714286,0.9090909090909091,0.8961038961038961,0.9506493506493506,0.9402597402597402,0.9506493506493506,0.9454545454545454,0.9453376205787781,0.8438538205980066,0.7684887459807074,0.8874608059575638
2027,The Citadel,the citadel,5,5,1,3,0,2,1,0,0,1312.31,2137.986,341.0,276.0,74.0,54.0,54.0,114.0,168.0,31.0,45.0,64.0,0.13323000000000007,2.3282,0.7787000000000001,1.5493999999999999,0.1509094934123797,107.2100483117556,111.45159573576363,10.684529535704216,0.0040688907346587335,0.07098160114607066,0.5440524927037057,0.5660187331499418,0.07406288460805754,0.07743517202490265,0.1695853938474903,-1.1119336056267195,-1.3272350435491613,0.21530143792244213,315.76106333333337,50.88325666666667,158.049445,0.0957415574,2.1257744315,-3.0120974312471898,203.65882299151878,-5.040307083692115,0.9207552384726171,-4.241547424008033,0.8909090909090909,0.6337662337662338,0.7974025974025974,0.45194805194805193,0.7220779220779221,0.7064935064935065,0.6493506493506493,0.44675324675324674,0.587012987012987,0.44155844155844154,0.6,0.22186495176848875,0.38205980066445183,0.4180064308681672,0.4780866439966332
2027,Toledo,toledo,2,2,0,0,0,0,0,0,2,170.18,305.072,50.0,48.0,16.0,31.0,0.0,11.0,11.0,8.0,0.0,12.0,-0.05744,0.2194,0.0254,0.194,0.18664,98.58000000000001,111.90000000000002,9.8087,-0.013499999999999998,0.0516,0.40625,0.45455,0.3354,0.03331,0.179,-2.676,-1.721,-0.9549999999999998,62.365,38.6663,13.720300000000002,-0.071644912,0.27365762000000005,10.038,83.0,11.1206,1.2473,-13.320000000000007,0.5064935064935064,0.37142857142857144,0.2519480519480519,0.45454545454545453,0.32727272727272727,0.4701298701298701,0.2857142857142857,0.21038961038961038,0.3064935064935065,0.2025974025974026,0.32727272727272727,0.1607717041800643,0.1760797342192691,0.8456591639871383,0.3385033699142084
2027,Towson,towson,2,2,0,0,0,0,0,1,1,50.54,80.212,13.0,10.0,4.0,4.0,3.0,2.0,5.0,2.0,0.0,7.0,-0.23641,0.0021,-0.0598,0.0619,0.19209,84.47,110.95000000000002,5.6358,-0.1871,0.0017,0.5,0.55085,0.14044,0.05794,0.37313,-1.096,-0.9769999999999999,-0.11899999999999998,18.744938333333334,5.767673333333334,7.209591666666667,-0.3408839131833334,0.0030280285,19.9151,33.0,10.8642,1.4419183333333334,-26.480000000000018,0.509090909090909,0.37402597402597404,0.2545454545454545,0.45714285714285713,0.32987012987012987,0.4727272727272727,0.23116883116883116,0.15584415584415584,0.24935064935064935,0.11688311688311688,0.24935064935064935,0.05466237942122187,0.05647840531561462,0.9710610932475884,0.2933757784875709
2027,Trevecca Nazarene,trevecca nazarene,1,1,0,0,0,0,0,0,0,78.79,136.032,2.0,9.0,0.0,6.0,0.0,5.0,5.0,1.0,1.0,3.0,-0.51127,0.0,0.0,0.0741,0.07695,,114.16,-1.8574,-0.2596,,0.11111,0.11111,0.14004,0.04032,0.25,-1.464,-0.902,-0.562,1.6992099999999999,5.09763,4.248025,-0.43437754835,0.0,-6.6237,245.00000000000003,-0.11470000000000001,0.8496049999999999,,0.24155844155844156,0.37662337662337664,0.2571428571428571,0.4597402597402597,0.33246753246753247,0.4753246753246753,0.24935064935064935,0.09610389610389611,0.2077922077922078,0.1038961038961039,0.2077922077922078,0.00964630225080386,,0.28938906752411575,0.20611628457287623
2027,Troy,troy,1,1,1,1,0,0,0,0,0,763.31,1310.571,247.0,253.0,25.0,35.0,10.0,54.0,64.0,13.0,3.0,28.0,-0.6908,0.3835,-0.0835,0.467,0.19329,95.62,117.79,8.1852,-0.0362,0.0201,0.44862,0.4678,0.08740000000000002,0.04625,0.09589,-0.888,0.046,-0.9340000000000002,208.202475,29.502374999999997,53.947199999999995,-0.5822925899999999,0.3232617375,-7.0245,247.99999999999997,-3.3276,0.842925,-22.17,0.24415584415584415,0.6363636363636364,0.5272727272727272,0.4623376623376623,0.33506493506493507,0.4779220779220779,0.4753246753246753,0.08571428571428572,0.34025974025974026,0.08051948051948052,0.33766233766233766,0.1189710610932476,0.07973421926910298,0.2829581993569132,0.28736194422705624
2027,Tulane,tulane,3,3,2,2,2,2,1,0,0,1870.3400000000001,3205.905,954.0,715.0,280.0,125.0,33.0,195.0,228.0,58.0,8.0,115.0,3.5354900000000002,3.7744,2.9728000000000003,0.8016,0.2554839489076852,113.55667044494585,119.87449191056172,17.012520180288075,0.07561349059529283,0.08071602810184245,0.5068087297496712,0.5744817065346408,0.14685257332891344,0.06835398986280568,0.11724616914571682,-3.1251520151416314,-0.263582653421303,-2.8615693617203286,658.2238933333333,79.33629333333333,156.1344,2.8911082856,2.958919312,-14.023702600596682,296.18015975704947,-3.405529159404172,0.6922545023186515,-6.317821465615864,0.6753246753246753,0.7688311688311689,0.6987012987012987,0.8753246753246753,0.7246753246753247,0.7090909090909091,0.7402597402597403,0.7168831168831169,0.6883116883116883,0.7064935064935065,0.6545454545454545,0.7427652733118971,0.31561461794019935,0.10289389067524116,0.575914807436744
2027,Tulsa,tulsa,1,1,1,1,1,1,0,0,0,730.53,1246.542,258.0,260.0,39.0,24.0,32.0,88.0,120.0,39.0,10.0,27.0,0.86823,0.5777,0.1645,0.4132,0.20563,99.54,118.32,13.239800000000002,0.0475,0.0316,0.44038,0.46536999999999995,0.07096,0.08501,0.08876999999999999,-1.241,-0.35,-0.8910000000000001,148.11307000000002,13.77796,68.88980000000001,0.49843492545,0.33164697883333333,-18.3551,338.0,1.4950999999999999,0.5740816666666667,-18.779999999999987,0.24675324675324675,0.638961038961039,0.5298701298701298,0.7246753246753247,0.574025974025974,0.4805194805194805,0.4623376623376623,0.5584415584415584,0.36623376623376624,0.5246753246753246,0.34545454545454546,0.44694533762057875,0.10631229235880399,0.03536977491961415,0.36572228233250975
2027,UAB,uab,3,3,2,3,3,3,1,0,0,2196.5299999999997,3512.998,946.0,752.0,248.0,142.0,71.0,228.0,299.0,70.0,38.0,165.0,2.65763,3.7564,1.3184,2.4379999999999997,0.2562104133792846,102.19506644571211,112.2552032068763,15.500535500539488,0.048399103586110825,0.06840588154953496,0.4993806655952799,0.5492298784446377,0.1551804735651232,0.08301726691645459,0.16090943105716743,-1.3057036325477005,-0.6224067825160594,-0.6832968500316408,751.4471883333333,115.96984333333333,233.87388333333334,2.2808600707833335,3.0680582176666666,-8.934970937342081,267.415664707516,-1.4920876186530574,0.7804036084718473,-10.060136761164188,0.6779220779220779,0.7714285714285715,0.8,0.9506493506493506,0.8311688311688312,0.7116883116883117,0.7844155844155845,0.6883116883116883,0.6857142857142857,0.6883116883116883,0.6623376623376623,0.6205787781350482,0.23255813953488372,0.22186495176848875,0.568785053704561
2027,UAH,uah,1,1,0,0,0,0,0,0,0,0.0,0.0,0.0,0.0,0.0,0.0,0.0,0.0,0.0,0.0,0.0,0.0,0.0,0.0,0.0,0.0,,,,,,,,,,,,,,,0.0,0.0,0.0,0.0,0.0,,,,,,0.24935064935064935,0.37922077922077924,0.2597402597402597,0.4649350649350649,0.33766233766233766,0.4831168831168831,0.16103896103896104,0.3922077922077922,0.21038961038961038,0.3922077922077922,0.21038961038961038,,,,0.2857142857142857
2027,UC Riverside,uc riverside,8,8,0,3,3,2,1,1,2,1298.74,2258.88,494.0,439.0,167.0,69.0,86.0,123.0,209.0,66.0,23.0,79.0,1.8486,2.8640000000000003,0.4853,2.3901,0.22146519611315577,100.15992934116032,104.13576843710055,13.144435159462244,0.056906934413354475,0.08836688059736034,0.44389915278817005,0.4788878249688158,0.09680822350893942,0.08923328041024377,0.13413857330951534,-0.8203841033038408,-1.2327823538033122,0.41239825049947165,527.9165483333334,72.83198,219.85609333333335,2.3202500493000002,3.2926587408333337,3.0535777114741975,146.73428861819914,-0.11013469516608404,1.0500062562817294,-3.9758390959402305,0.9844155844155844,0.38181818181818183,0.8025974025974026,0.9532467532467532,0.7272727272727273,0.7142857142857143,0.6415584415584416,0.6233766233766234,0.638961038961039,0.6909090909090909,0.6779220779220779,0.43729903536977494,0.3920265780730897,0.6591639871382636,0.5543853418269886
2027,UC San Diego,uc san diego,2,2,2,2,1,1,0,0,0,1326.98,2129.716,476.0,350.0,116.0,83.0,48.0,118.0,166.0,28.0,5.0,77.0,0.35566000000000003,2.3914999999999997,1.5694,0.8221,0.19359911694222975,111.34601169573014,117.74141207855432,12.746712364918839,0.010708230719377834,0.07206508312107192,0.5714148666897767,0.6004621973202309,0.14118999698563656,0.07512615487799364,0.16450100318015343,-1.358583852055042,0.037862334021612994,-1.3964461860766553,401.26059000000004,69.14799500000001,145.66228333333333,0.23165220200000006,2.0996799978333334,-5.939431100694811,235.91553753636077,2.8104779876109665,0.8559278677648998,-6.395400382824178,0.5116883116883116,0.7740259740259741,0.7012987012987013,0.7272727272727273,0.5766233766233766,0.4857142857142857,0.6519480519480519,0.4961038961038961,0.5948051948051948,0.4701298701298701,0.5948051948051948,0.37942122186495175,0.30564784053156147,0.3247588424437299,0.5001052851070477
2027,UC Santa Barbara,uc santa barbara,3,3,3,3,0,2,2,0,1,2469.87,4184.064,801.0,627.0,196.0,140.0,108.0,255.0,363.0,80.0,54.0,98.0,5.0392,6.1907000000000005,3.05,3.1408,0.16382738192698404,114.0493832873795,110.45285776174455,13.91956341183949,0.08162697469907325,0.10024247672954448,0.53121947798872,0.5545494338973306,0.10465619923315804,0.08385192155862455,0.12194563871782726,2.3809972832578237,0.985476012907562,1.3955212703502615,805.6979633333333,152.29292333333333,364.1299333333334,4.666164441916666,6.240928036666666,0.986306419771081,161.85832047840574,1.6703316927611578,1.0326587272272092,3.596525525634945,0.6805194805194805,0.8649350649350649,0.8051948051948052,0.4675324675324675,0.7298701298701299,0.8285714285714286,0.812987012987013,0.7740259740259741,0.7818181818181819,0.7688311688311689,0.7766233766233767,0.4983922829581994,0.654485049833887,0.5627009646302251,0.7055649886855621
2027,UCF,ucf,5,5,4,4,3,5,4,0,0,3391.32,5711.397,1494.0,987.0,497.0,214.0,174.0,479.0,653.0,91.0,123.0,191.0,13.45907,11.2787,7.6135,3.6651,0.20807841872781097,121.12909053112062,112.59347599164926,19.629649267836708,0.15875831888468206,0.13304244777844615,0.5633308044950048,0.6160647036552138,0.12205270847339678,0.10989535007017914,0.1354817472252692,-0.2725302271681822,0.6825803698854724,-0.9551105970536546,1229.6905866666666,173.14650666666668,555.1943583333333,11.280601623533334,9.261462814166666,-7.071038992781571,248.22357666041543,-4.681153329676939,0.8276331145542147,8.535614539471368,0.8935064935064935,0.9402597402597402,0.8779220779220779,0.9558441558441558,0.961038961038961,0.961038961038961,0.9142857142857143,0.9402597402597402,0.9194805194805195,0.9038961038961039,0.8467532467532467,0.9163987138263665,0.7906976744186046,0.2797427652733119,0.7988619941018698
2027,UCLA,ucla,4,4,3,4,0,4,1,2,3,2599.4900000000002,4415.291,832.0,616.0,222.0,173.0,146.0,307.0,453.0,86.0,23.0,117.0,3.38348,6.8995,4.098,2.8016,0.1585401216392446,119.31114795594519,112.62820734067067,14.543079805654187,0.05207073156657652,0.10617342632593316,0.5715952582237285,0.5834552944616059,0.11386856056380289,0.09771437085736048,0.13591967378216496,5.154794182705069,2.870801630319794,2.2839925523852753,1134.50388,232.75263833333335,607.074065,4.640547916566667,9.474379169833334,17.370559316635184,50.31742380236123,13.968752227167636,1.3568077914898693,6.682940615274518,0.8103896103896104,0.8675324675324675,0.8805194805194805,0.4701298701298701,0.9168831168831169,0.7168831168831169,0.825974025974026,0.7142857142857143,0.825974025974026,0.7662337662337663,0.8571428571428571,0.5401929260450161,0.7209302325581395,0.9485530546623794,0.7895084757355217
2027,UMass Lowell,umass lowell,1,1,0,1,1,1,0,0,0,303.11,506.804,156.0,139.0,29.0,11.0,23.0,40.0,63.0,5.0,4.0,10.0,0.8938,0.6121,0.5393,0.0728,0.26842,113.03,121.96999999999998,17.9371,0.11799999999999998,0.0808,0.48201,0.51383,0.07877,0.12065000000000001,0.06181999999999999,0.308,1.539,-1.231,113.24014000000001,7.984881666666667,45.731595000000006,0.6488079303333334,0.4443223698333334,-11.6461,297.0,-4.3024,0.7258983333333334,-8.939999999999984,0.2519480519480519,0.38441558441558443,0.5324675324675324,0.7298701298701299,0.5792207792207792,0.4883116883116883,0.33506493506493507,0.561038961038961,0.37402597402597404,0.5506493506493506,0.37142857142857144,0.8102893890675241,0.2591362126245847,0.15755627009646303,0.40979147333528765
2027,UMBC,umbc,1,1,0,0,0,0,0,0,0,0.0,0.0,0.0,0.0,0.0,0.0,0.0,0.0,0.0,0.0,0.0,0.0,0.0,0.0,0.0,0.0,,,,,,,,,,,,,,,0.0,0.0,0.0,0.0,0.0,,,,,,0.2545454545454545,0.38701298701298703,0.2623376623376623,0.4727272727272727,0.34025974025974026,0.4909090909090909,0.16363636363636364,0.3948051948051948,0.21298701298701297,0.3948051948051948,0.21298701298701297,,,,0.2896103896103896
2027,Kansas City,umkc,1,1,0,0,0,1,0,0,0,121.87,195.392,41.0,28.0,9.0,4.0,9.0,16.0,25.0,5.0,0.0,6.0,0.41073,0.3145,0.2128,0.1017,0.16956,119.58,115.37,15.3273,0.1348,0.1032,0.60714,0.64063,0.07008,0.12508,0.15806,0.916,0.545,0.371,27.782214999999997,2.71046,16.940375,0.27831680895,0.2131099175,-12.1431,301.0,-7.1722,0.677615,4.209999999999994,0.2571428571428571,0.38961038961038963,0.2649350649350649,0.4753246753246753,0.5818181818181818,0.4935064935064935,0.2623376623376623,0.5168831168831168,0.32727272727272727,0.4857142857142857,0.3116883116883117,0.594855305466238,0.6677740863787376,0.14469453376205788,0.40809636785109754
2027,UNC Asheville,unc asheville,2,2,0,1,0,1,0,0,0,493.37,826.958,116.0,87.0,42.0,25.0,4.0,42.0,46.0,30.0,7.0,24.0,0.09806,1.0286,0.0643,0.9644,0.13363,99.17,102.79,9.4332,0.008,0.0834,0.55172,0.54976,0.08937,0.05487,0.18536,-1.697,-1.867,0.17,118.41685999999999,25.520874999999997,46.95841,0.10010308009999999,1.0500308809999999,1.2501,148.0,-2.4912,1.020835,-3.6200000000000045,0.5142857142857142,0.3922077922077922,0.535064935064935,0.4779220779220779,0.5844155844155844,0.4961038961038961,0.3974025974025974,0.44155844155844154,0.44415584415584414,0.44415584415584414,0.4675324675324675,0.14790996784565916,0.40863787375415284,0.5884244372990354,0.4066101400282212
2027,UNC Greensboro,unc greensboro,4,4,0,0,0,1,0,0,1,236.89999999999998,391.49,86.0,67.0,15.0,6.0,8.0,14.0,22.0,5.0,4.0,20.0,-0.55029,0.27180000000000004,-0.007999999999999993,0.2798,0.2065565301815112,96.91207893626003,111.45761418319967,9.8877924567328,-0.09292235964542002,0.04586257070493879,0.5735422714225412,0.5827271929084001,0.049639270156184044,0.05523261544955677,0.21224311777121146,0.14713997467285778,0.00031840439003799403,0.1468215702828198,93.80770666666666,6.544673333333333,23.99641333333333,-0.6001857514333333,0.2964902186666667,5.446746137610806,109.66538623891938,1.9136175601519632,1.0907791022935134,-14.545535246939636,0.812987012987013,0.3948051948051948,0.2675324675324675,0.4805194805194805,0.587012987012987,0.4987012987012987,0.3064935064935065,0.09350649350649351,0.3168831168831169,0.07532467532467532,0.33506493506493507,0.17684887459807075,0.15282392026578073,0.707395498392283,0.30696522927777803
2027,UNCW,unc wilmington,3,3,2,2,0,1,1,1,1,1179.48,1916.703,383.0,300.0,89.0,88.0,42.0,105.0,147.0,35.0,21.0,57.0,1.34943,2.5316,1.6414,0.8902,0.17183590497507376,114.29879031437582,116.22430664360566,13.832892583172246,0.04578914436870485,0.08585238579713093,0.538985111405026,0.556697432088717,0.1411222942313562,0.07386450910570759,0.1450086631396887,1.7998592939261369,1.083371655305728,0.7164876386204089,348.0723,80.05872,137.69966666666664,1.1364811256,2.2979586113333332,-3.390686580527012,205.43168175806287,-1.8279486316003661,0.9226603954284939,-1.9255163292298363,0.6831168831168831,0.7766233766233767,0.7038961038961039,0.4831168831168831,0.5896103896103896,0.7194805194805195,0.6207792207792208,0.5896103896103896,0.6155844155844156,0.5948051948051948,0.6181818181818182,0.4887459807073955,0.4717607973421927,0.3987138263665595,0.5670871735436797
2027,UNLV,unlv,3,3,1,2,2,1,1,0,2,1199.27,2066.743,482.0,357.0,180.0,89.0,110.0,172.0,282.0,44.0,22.0,79.0,3.84457,3.4575000000000005,1.8841999999999999,1.5733000000000001,0.20937551176965988,113.56098843463106,110.00727851109426,17.738099367948834,0.12825331409941046,0.11534219733671316,0.5025569138726059,0.5598154259674635,0.14753384367156686,0.12953346594178125,0.15501325848224334,-0.8452681297789488,0.6524623145746996,-1.4977304443536485,509.5409,99.79011,280.4089133333333,3.6788564961666665,3.4850145183333336,2.2220770952329336,155.83318185229348,3.2719238403362043,1.0601660231918861,3.5537099235368004,0.6857142857142857,0.6415584415584416,0.7064935064935065,0.8779220779220779,0.5922077922077922,0.7220779220779221,0.625974025974026,0.7350649350649351,0.6701298701298701,0.7194805194805195,0.6857142857142857,0.7909967845659164,0.6511627906976745,0.6237942122186495,0.6769544371727877
2027,Upper Iowa,upper iowa,1,1,0,0,0,0,0,0,0,0.0,0.0,0.0,0.0,0.0,0.0,0.0,0.0,0.0,0.0,0.0,0.0,0.0,0.0,0.0,0.0,,,,,,,,,,,,,,,0.0,0.0,0.0,0.0,0.0,,,,,,0.2597402597402597,0.3974025974025974,0.2701298701298701,0.4857142857142857,0.34285714285714286,0.5012987012987012,0.16623376623376623,0.3974025974025974,0.21558441558441557,0.3974025974025974,0.21558441558441557,,,,0.29415584415584417
2027,Southern California,usc,3,3,3,3,2,3,3,1,2,2404.63,3927.971,1186.0,876.0,335.0,242.0,98.0,330.0,428.0,118.0,53.0,157.0,12.34727,9.0923,4.9183,4.1739999999999995,0.2575821399965899,115.67395204251797,105.28564244811051,21.980222435468242,0.20538430777292138,0.15124812840229057,0.5403960203856727,0.5859505113884464,0.21078141040409545,0.10470766625218848,0.13201647355310378,2.0747142845261015,1.0172759010741779,1.057438383451924,1298.2751,239.36280000000002,495.16670000000005,13.287683531333334,10.082052946666668,7.783511427953574,133.1551257365998,3.9362226030615934,1.1133965635738832,10.38830959440746,0.6883116883116883,0.8701298701298701,0.8077922077922078,0.8805194805194805,0.8337662337662337,0.9116883116883117,0.8077922077922078,0.9272727272727272,0.8675324675324675,0.9272727272727272,0.8753246753246753,0.9614147909967846,0.8305647840531561,0.7717041800643086,0.8634576050905328
2027,USC Upstate,usc upstate,1,1,0,0,0,0,0,0,0,0.0,0.0,0.0,0.0,0.0,0.0,0.0,0.0,0.0,0.0,0.0,0.0,0.0,0.0,0.0,0.0,,,,,,,,,,,,,,,0.0,0.0,0.0,0.0,0.0,,,,,,0.2623376623376623,0.4,0.2727272727272727,0.4883116883116883,0.34545454545454546,0.5038961038961038,0.16883116883116883,0.4,0.21818181818181817,0.4,0.21818181818181817,,,,0.29675324675324677
2027,UT Arlington,ut arlington,1,1,1,1,1,1,1,0,0,870.68,1478.135,383.0,267.0,134.0,33.0,64.0,131.0,195.0,43.0,39.0,84.0,2.35367,1.5917,0.5827,1.009,0.24084,103.13,111.72999999999999,18.5763,0.1081,0.0731,0.52809,0.58742,0.08714,0.13378,0.20490000000000003,-3.7659999999999996,-1.974,-1.792,210.65,18.150000000000002,107.25000000000001,1.2945185000000001,0.875435,-20.0308,346.0,-5.255600000000001,0.55,-8.599999999999994,0.2649350649350649,0.6441558441558441,0.5376623376623376,0.7324675324675325,0.5948051948051948,0.7246753246753247,0.5272727272727272,0.6675324675324675,0.5142857142857142,0.612987012987013,0.43116883116883115,0.842443729903537,0.2724252491694352,0.01929260450160772,0.4785351427369994
2027,UTRGV,ut rio grande valley,3,3,1,1,0,1,1,0,1,531.2,902.956,130.0,69.0,58.0,5.0,56.0,88.0,144.0,4.0,50.0,21.0,1.63344,1.7331,0.8472,0.8859,0.10908,126.64,105.87,16.2978,0.12300000000000001,0.1305,0.68116,0.68783,0.0177,0.15105,0.18179,0.572,-0.78,1.352,87.91466666666666,3.3813333333333335,97.3824,1.104641024,1.17203776,-12.224,302.0,-5.6117,0.6762666666666667,20.769999999999996,0.6909090909090909,0.6467532467532467,0.5402597402597402,0.4909090909090909,0.5974025974025974,0.7272727272727273,0.4051948051948052,0.6077922077922078,0.535064935064935,0.5922077922077922,0.4909090909090909,0.6816720257234726,0.9833887043189369,0.13504823151125403,0.5621676995169427
2027,UT Tyler,ut tyler,1,1,0,0,0,0,0,0,0,0.0,0.0,0.0,0.0,0.0,0.0,0.0,0.0,0.0,0.0,0.0,0.0,0.0,0.0,0.0,0.0,,,,,,,,,,,,,,,0.0,0.0,0.0,0.0,0.0,,,,,,0.2675324675324675,0.4025974025974026,0.2753246753246753,0.4935064935064935,0.34805194805194806,0.5064935064935064,0.17142857142857143,0.4025974025974026,0.22077922077922077,0.4025974025974026,0.22077922077922077,,,,0.29935064935064937
2027,Utah,utah,4,4,3,4,2,4,2,1,2,2914.16,4922.402,1275.0,970.0,405.0,290.0,190.0,331.0,521.0,181.0,54.0,203.0,13.53044,9.9043,4.9468,4.9576,0.2345500619046312,113.06606064869464,105.63695620693444,19.71828548020699,0.18572286216268152,0.13596182673566312,0.5269719089548961,0.5568288557594641,0.19262826018475307,0.10750777857084032,0.14971453190627831,1.8694467839789166,0.7452927704724518,1.124154013506465,1409.6493333333333,320.5266316666667,555.7041816666666,15.079721553233334,11.023350675166666,5.443103397205371,125.98855931040164,-0.12624664260026905,1.0997675516329464,7.429104441760202,0.8155844155844156,0.8727272727272727,0.8831168831168831,0.8831168831168831,0.9194805194805195,0.8311688311688312,0.8493506493506493,0.9428571428571428,0.8987012987012987,0.9428571428571428,0.9038961038961039,0.9228295819935691,0.7541528239202658,0.7041800643086816,0.8499990912933837
2027,Utah St.,utah state,4,4,3,4,3,4,3,0,1,3275.96,5272.2210000000005,1278.0,1023.0,308.0,330.0,89.0,296.0,385.0,76.0,35.0,176.0,6.8045599999999995,9.2151,4.9013,4.3138000000000005,0.21785084079170686,114.12624772585747,109.91572577198743,15.837793679410003,0.0830482609677774,0.11251653438991929,0.5197506392629946,0.5584127617553328,0.20679308251627004,0.07049483238501081,0.12884570730411848,-0.42367413826786654,-0.29949808910975717,-0.12417604915810936,1300.654275,327.11308833333334,392.76992,7.284950237466667,9.762886593333334,1.3812398542717248,159.88059988522448,-2.42813466617419,1.0169504436002474,4.2105219538700425,0.8181818181818182,0.8753246753246753,0.8857142857142857,0.9584415584415584,0.922077922077922,0.9142857142857143,0.9064935064935065,0.8207792207792208,0.8753246753246753,0.8207792207792208,0.8623376623376623,0.6463022508038585,0.6710963455149501,0.5980707395498392,0.7686292001148161
2027,Utah Valley,utah valley,2,2,1,1,0,1,0,1,1,887.47,1476.3899999999999,223.0,183.0,71.0,62.0,36.0,65.0,101.0,53.0,9.0,33.0,0.7013400000000001,1.8495000000000001,0.6816,1.1679,0.14606921225506214,108.27230633148163,110.02854000698615,12.886179518180894,0.031658982275457194,0.08337949113772859,0.5113856359088195,0.5177007458280279,0.12379577011053895,0.06756803013059597,0.13355068351606253,-1.9892676935558387,-0.9992676935558386,-0.9899999999999999,219.28200833333332,64.02652499999999,101.7444,0.581297916,1.8022017733333335,0.17857906746143506,174.17033815227558,1.0963556323030639,1.0084687851420329,-1.756233675504518,0.5168831168831168,0.6493506493506493,0.5428571428571428,0.4961038961038961,0.6,0.509090909090909,0.5376623376623376,0.548051948051948,0.5506493506493506,0.5376623376623376,0.5688311688311688,0.40192926045016075,0.47840531561461797,0.5401929260450161,0.5305762850880412
2027,UTEP,utep,5,4,3,5,2,3,1,0,1,3000.06,5153.005999999999,1054.0,800.0,277.0,226.0,100.0,317.0,417.0,91.0,66.0,184.0,2.02897,5.4462,2.3919,3.0543,0.18864633673993184,107.83120450924314,113.31753241601834,13.572115097698044,0.027046832396685393,0.072634993300134,0.5389343593128137,0.5760487753244935,0.15417268357966174,0.08009114561042112,0.16904253041605832,-1.813574365179363,-0.49964008386498926,-1.3139342813143733,954.7724900000001,193.18285,381.45921,2.078768949933333,5.405369473166666,-3.4899525319493607,206.95668086638264,1.7075156343539797,0.9049396623567528,-5.486327906775202,0.8961038961038961,0.8779220779220779,0.9532467532467532,0.8857142857142857,0.8363636363636363,0.7298701298701299,0.8545454545454545,0.6415584415584416,0.7610389610389611,0.6805194805194805,0.7610389610389611,0.47266881028938906,0.3289036544850498,0.39228295819935693,0.6239830567142528
2027,UTSA,utsa,3,3,2,3,2,2,0,0,0,1270.55,2192.465,482.0,375.0,147.0,169.0,28.0,93.0,121.0,51.0,6.0,102.0,0.94331,2.5544,1.4153,1.139,0.21030930431702805,109.80018165361456,114.68244870331743,13.675079933886899,0.029688419188540392,0.08043280390382115,0.4970128357010743,0.5502518174019125,0.25294045854157643,0.05399485104875841,0.18330092589823302,-0.6531387037109913,-0.3715509188933926,-0.2815877848175986,421.0522066666667,147.29668833333335,105.87115333333333,0.7541631241500001,2.3851706301666664,-4.399637831647711,215.5434811695722,-3.5184430931486363,0.8813505982055014,-4.882267049702875,0.6935064935064935,0.7792207792207793,0.8103896103896104,0.8883116883116883,0.7324675324675325,0.5116883116883116,0.6337662337662338,0.5688311688311688,0.6181818181818182,0.5662337662337662,0.6233766233766234,0.4790996784565916,0.3554817275747508,0.36977491961414793,0.5438505326061276
2027,UVA Wise,uva wise,1,1,0,0,0,1,0,0,0,25.94,42.975,9.0,7.0,0.0,0.0,0.0,4.0,4.0,0.0,1.0,1.0,0.07836,0.0,0.0,0.0265,0.15998,,113.19,12.117800000000003,0.1208,,0.64286,0.64286,0.0,0.08513,0.125,,,,4.95,0.0,2.2,0.043098000000000004,0.0,-20.7105,349.00000000000006,-8.3317,0.55,,0.2701298701298701,0.4051948051948052,0.2779220779220779,0.4987012987012987,0.6025974025974026,0.5142857142857142,0.2025974025974026,0.43896103896103894,0.22337662337662337,0.43116883116883115,0.22337662337662337,0.33440514469453375,,0.006430868167202572,0.2671956125332331
2027,Valparaiso,valparaiso,2,2,1,2,0,2,0,0,0,892.28,1481.6930000000002,267.0,219.0,66.0,56.0,34.0,107.0,141.0,25.0,6.0,44.0,0.41992999999999997,1.7638,0.5840000000000001,1.1798,0.17081756152777158,105.3780119469225,109.84882884296411,11.455449828529161,0.018830029811270008,0.0791084681938405,0.495388576455821,0.5381651170036311,0.11491989218630924,0.09225844398619268,0.15073851660913612,0.8004895100192766,-0.3045885820594432,1.1050780920787198,252.78603166666664,52.23181333333333,135.90594166666665,0.41671315961666655,1.6913222043333334,-1.5497160173936433,187.05285336441477,0.6629067288295154,0.9446698979393612,-4.470816896041612,0.5194805194805194,0.6519480519480519,0.7090909090909091,0.5012987012987012,0.7350649350649351,0.5168831168831168,0.5428571428571428,0.522077922077922,0.5376623376623376,0.5116883116883116,0.5506493506493506,0.3022508038585209,0.3754152823920266,0.47266881028938906,0.4867825362403991
2027,Vanderbilt,vanderbilt,5,5,5,5,3,4,3,2,4,4312.9,7224.66,1635.0,1265.0,464.0,339.0,205.0,506.0,711.0,161.0,124.0,263.0,9.76477,11.2384,5.6274,5.6112,0.20513595606204643,111.51889051450301,110.14840701152357,16.386419247374157,0.09054733682672912,0.1042388045166825,0.5179520689327367,0.5527283572770062,0.14623772714414895,0.09710763045746483,0.15206465482621906,2.507634297108674,1.77344898328271,0.7341853138259641,2061.1681233333334,439.8622966666667,942.7060383333334,12.50059076365,14.73295923366667,14.897794865403789,63.51854668552483,10.824897257529738,1.3053197469181606,1.3704835029794395,0.8987012987012987,0.9766233766233766,0.9558441558441558,0.961038961038961,0.9246753246753247,0.9168831168831169,0.948051948051948,0.8987012987012987,0.9168831168831169,0.9194805194805195,0.9532467532467532,0.6977491961414791,0.574750830564784,0.9356913183279743,0.8579419917766906
2027,VCU,vcu,3,3,3,3,3,3,2,0,1,2429.91,4029.5420000000004,1077.0,746.0,332.0,102.0,123.0,348.0,471.0,46.0,40.0,134.0,5.29898,6.8165000000000004,4.222,2.5945,0.21920914404237193,115.61971912539968,112.7384813017766,17.5507744064595,0.08722011802906281,0.11221279306640988,0.5615274957097176,0.603435220069879,0.08598763978912799,0.11207257157672505,0.12960658172524905,0.8275487857574971,0.7726256774942281,0.05492310826326891,1026.7543683333333,106.51810666666667,470.416635,4.8559291688499995,6.5822254330000005,-1.6747360198525874,194.7167179031322,0.36869605047100495,0.9623046546168377,2.8812378236230813,0.6961038961038961,0.8805194805194805,0.812987012987013,0.9636363636363636,0.8389610389610389,0.8337662337662337,0.8103896103896104,0.7792207792207793,0.8181818181818182,0.7818181818181819,0.7896103896103897,0.7652733118971061,0.627906976744186,0.4662379421221865,0.731679413300163
2027,Vermont,vermont,3,3,1,2,1,0,0,0,0,1280.8899999999999,2161.342,428.0,362.0,115.0,104.0,38.0,140.0,178.0,34.0,15.0,98.0,-0.88733,1.5922,0.2504,1.3418999999999999,0.20112689247320226,99.25544106051261,112.94545464481729,11.129591661266776,-0.02772243830461632,0.04970084862868787,0.4798372134999883,0.5185672663538633,0.15002178227638596,0.07868286691284966,0.1914508534690723,-2.232810920531818,-0.2946961331574141,-1.9381147873744042,289.8543833333333,67.11295333333334,126.21827333333334,-0.5821562983999999,1.1001674853333334,-12.893573672992998,304.3483827651087,-9.253522676420303,0.674889366221924,-13.69001358430468,0.6987012987012987,0.6545454545454545,0.7116883116883117,0.7350649350649351,0.35064935064935066,0.5194805194805194,0.6363636363636364,0.05714285714285714,0.5168831168831168,0.08311688311688312,0.4727272727272727,0.24758842443729903,0.17275747508305647,0.12861736334405144,0.3422452156596648
2027,Villanova,villanova,5,5,5,5,5,5,4,1,1,4346.87,7143.048,2082.0,1547.0,514.0,363.0,171.0,477.0,648.0,130.0,58.0,243.0,16.37876,14.2839,9.7609,4.523000000000001,0.23946575499152256,119.06161815283178,113.02969923186107,19.1664920409398,0.1507287703566014,0.13142689245365052,0.5374952734496315,0.5868823099379552,0.16846690901729286,0.09011163075960403,0.11946083209297724,2.3265933096687954,2.053842907655393,0.2727504020134027,2399.6027249999997,410.6303333333333,776.5255083333333,18.74663790095,16.639089473333332,8.275264825265074,102.88119497477491,6.278904070515105,1.1676417216180834,6.0319189209707105,0.9012987012987013,0.9792207792207792,0.9584415584415584,0.9922077922077922,0.9636363636363636,0.9636363636363636,0.9558441558441558,0.9584415584415584,0.961038961038961,0.9636363636363636,0.9688311688311688,0.8938906752411575,0.7043189368770764,0.7813504823151125,0.8924417945665448
2027,Virginia Tech,virginia tech,3,3,2,3,2,3,2,2,2,1750.45,2992.07,699.0,531.0,164.0,62.0,96.0,198.0,294.0,36.0,38.0,68.0,3.7818199999999997,5.335999999999999,2.9135999999999997,2.4223,0.19196442354823048,116.85697883401411,109.18741420777516,15.808908376703137,0.08645093547373532,0.12196174526550316,0.5656028599502986,0.5808085576851668,0.06607117758290725,0.09601358302150875,0.1118614574537976,1.0320136079293896,0.3398845554000401,0.6921290525293496,847.1112916666667,74.40498333333333,361.70743000000004,4.957832822466667,6.5374888485,10.58627677454369,85.35126967351253,6.140015861635581,1.2155393773029792,7.669564626238952,0.7012987012987013,0.7818181818181819,0.8155844155844156,0.8909090909090909,0.8415584415584415,0.8363636363636363,0.7090909090909091,0.7272727272727273,0.7532467532467533,0.7896103896103897,0.7844155844155845,0.6430868167202572,0.7740863787375415,0.864951768488746,0.7638657184116585
2027,Wagner,wagner,3,3,0,1,0,0,0,0,0,277.34,462.166,62.0,57.0,22.0,24.0,14.0,48.0,62.0,7.0,2.0,27.0,-0.78373,0.0647,-0.2015,0.3009,0.17172076512583834,87.76,112.54053075647221,7.5845991706930125,-0.11304292204514314,0.0098,0.3945191865580155,0.46651066849354583,0.16157476022211006,0.1310320905747458,0.29002154828008947,-2.025,-2.029,0.004,46.28803666666667,17.527240000000003,45.78337,-0.5913196518833335,0.04725051783333333,-10.863669668998343,288.28643542222545,-7.658285973894859,0.7429483578519748,-24.780530756472203,0.7038961038961039,0.4077922077922078,0.5454545454545454,0.5038961038961038,0.35324675324675325,0.522077922077922,0.3220779220779221,0.06753246753246753,0.2623376623376623,0.07792207792207792,0.2597402597402597,0.10932475884244373,0.0664451827242525,0.17684887459807075,0.20287875481389064
2027,Wake Forest,wake forest,4,4,3,4,1,3,2,1,2,3015.79,4843.377,1174.0,855.0,389.0,232.0,90.0,239.0,329.0,116.0,18.0,153.0,7.43041,9.600900000000001,4.9657,4.6350999999999996,0.2121536982681155,115.13663355207093,107.51800689040019,16.10537319243051,0.09852223331200116,0.12731356427337448,0.5108100527888216,0.5702134916555861,0.1744736455456116,0.06383520676174402,0.1255019660188541,2.1242875399149144,1.0894062716568462,1.0348812682580684,1232.24988,250.35761333333332,364.54895833333336,7.29359425995,10.281458406166667,5.1589761067580975,138.9493631851024,0.6365585070578528,1.100988802066236,7.618626661670746,0.8207792207792208,0.8831168831168831,0.8883116883116883,0.7376623376623377,0.8441558441558441,0.8389610389610389,0.8597402597402597,0.8415584415584415,0.8961038961038961,0.8233766233766234,0.8805194805194805,0.6591639871382636,0.770764119601329,0.6881028938906752,0.7949691781976449
2027,Walsh,walsh,1,1,0,0,0,0,0,0,0,0.0,0.0,0.0,0.0,0.0,0.0,0.0,0.0,0.0,0.0,0.0,0.0,0.0,0.0,0.0,0.0,,,,,,,,,,,,,,,0.0,0.0,0.0,0.0,0.0,,,,,,0.2727272727272727,0.4103896103896104,0.2805194805194805,0.5064935064935064,0.35584415584415585,0.5246753246753246,0.17402597402597403,0.4051948051948052,0.22597402597402597,0.4051948051948052,0.22597402597402597,,,,0.3038961038961039
2027,Washburn,washburn,1,1,0,0,0,0,0,0,0,0.0,0.0,0.0,0.0,0.0,0.0,0.0,0.0,0.0,0.0,0.0,0.0,0.0,0.0,0.0,0.0,,,,,,,,,,,,,,,0.0,0.0,0.0,0.0,0.0,,,,,,0.2753246753246753,0.412987012987013,0.2831168831168831,0.509090909090909,0.35844155844155845,0.5272727272727272,0.17662337662337663,0.4077922077922078,0.22857142857142856,0.4077922077922078,0.22857142857142856,,,,0.3064935064935065
2027,Washington,washington,4,4,3,4,3,4,3,2,2,3156.86,5195.523,1286.0,997.0,362.0,276.0,101.0,318.0,419.0,110.0,15.0,189.0,7.26117,9.4054,4.8575,4.5479,0.22233090501320932,112.95068650494478,108.595007539137,15.68423281646953,0.0919969479166007,0.11918811318842142,0.5025393557522349,0.5565995792021187,0.16890433554227935,0.07700119023333314,0.13780727919514962,0.7855052235449149,1.3972652540815873,-0.6117600305366727,1580.146395,336.86278500000003,538.57237,8.54651599665,11.540402817,13.18079435990193,75.67711903600414,7.067149918906763,1.2318268028040522,4.355678965807783,0.8233766233766234,0.8857142857142857,0.8909090909090909,0.9662337662337662,0.9272727272727272,0.9194805194805195,0.8883116883116883,0.8337662337662337,0.8883116883116883,0.8415584415584415,0.9142857142857143,0.6270096463022508,0.6777408637873754,0.9067524115755627,0.8201961502193312
2027,Washington St.,washington state,8,8,3,4,2,4,1,1,4,2920.26,4868.378,1085.0,923.0,249.0,175.0,105.0,392.0,497.0,91.0,50.0,174.0,1.00369,4.3449,1.3824,2.9625,0.2129949206919932,102.98426602425812,113.33857492141111,13.682065260969914,0.013744919630443862,0.05950439036250196,0.4864148222418551,0.5251679041249753,0.1226832935081123,0.09850912809133433,0.14116012423551325,-1.9166441789429705,-0.6324584934218186,-1.2841856855211522,944.138195,171.85304000000002,420.82479,0.8316092905666668,4.205979588833333,-4.054440811434597,219.3656557977714,1.1324986292316437,0.8980579165097172,-10.35430889715299,0.987012987012987,0.8883116883116883,0.8935064935064935,0.8935064935064935,0.9298701298701298,0.7324675324675325,0.8519480519480519,0.574025974025974,0.7220779220779221,0.574025974025974,0.7194805194805195,0.48231511254019294,0.2292358803986711,0.37942122186495175,0.5892483497957214
2027,Weber St.,weber state,8,8,0,0,0,1,0,2,2,367.90999999999997,607.087,107.0,70.0,18.0,3.0,32.0,59.0,91.0,4.0,19.0,21.0,0.19231,1.0634,0.40759999999999996,0.6557,0.13939729227256667,114.20071430512897,104.67554320350087,14.822864893588108,0.02091179636324101,0.11564330406892992,0.67514577206382,0.6787505977005246,0.016263180125574192,0.14245285912315514,0.2134319474871572,-1.0215438558343073,-0.29701372618303395,-0.7245301296512734,111.16768333333334,3.041741666666667,94.10102499999999,0.21455090400000001,1.10712078,1.6616803701992338,150.90437878829064,0.06746639123698725,1.027694672836654,9.525171101628104,0.9896103896103896,0.4155844155844156,0.2857142857142857,0.5116883116883116,0.6051948051948052,0.5298701298701298,0.36103896103896105,0.45714285714285713,0.45194805194805193,0.4649350649350649,0.4779220779220779,0.5594855305466238,0.8073089700996677,0.6077170418006431,0.527713151703922
2027,West Ala.,west ala,1,1,0,0,0,0,0,0,0,0.0,0.0,0.0,0.0,0.0,0.0,0.0,0.0,0.0,0.0,0.0,0.0,0.0,0.0,0.0,0.0,,,,,,,,,,,,,,,0.0,0.0,0.0,0.0,0.0,,,,,,0.2779220779220779,0.41818181818181815,0.2883116883116883,0.5142857142857142,0.36103896103896105,0.5324675324675324,0.17922077922077922,0.4103896103896104,0.23116883116883116,0.4103896103896104,0.23116883116883116,,,,0.30974025974025976
2027,West Va. Wesleyan,west va wesleyan,1,1,0,0,0,0,0,0,0,0.0,0.0,0.0,0.0,0.0,0.0,0.0,0.0,0.0,0.0,0.0,0.0,0.0,0.0,0.0,0.0,,,,,,,,,,,,,,,0.0,0.0,0.0,0.0,0.0,,,,,,0.2805194805194805,0.42077922077922075,0.2909090909090909,0.5168831168831168,0.36363636363636365,0.535064935064935,0.18181818181818182,0.412987012987013,0.23376623376623376,0.412987012987013,0.23376623376623376,,,,0.31233766233766236
2027,West Virginia,west virginia,4,4,3,4,3,4,4,0,3,3070.35,5226.537,1321.0,993.0,409.0,212.0,128.0,302.0,430.0,104.0,28.0,142.0,8.80126,9.5734,5.9486,3.6248,0.21368499327438242,117.56782633901673,111.49573188724413,16.671249165730295,0.11466531893758042,0.12473226928526064,0.5006739474327031,0.5593410837526667,0.13020742680801864,0.08105868956307913,0.1084676251567411,3.3426782060677125,1.9589418405067824,1.3837363655609294,1631.9790166666667,266.4554866666667,519.86936,10.807225457000001,11.873896714666667,10.622072195678017,80.72347452244858,9.27759692412917,1.2404010583266838,6.0720944517726,0.825974025974026,0.8909090909090909,0.8961038961038961,0.9688311688311688,0.9324675324675324,0.9662337662337662,0.8753246753246753,0.8701298701298701,0.8935064935064935,0.8935064935064935,0.9168831168831169,0.7138263665594855,0.707641196013289,0.8681672025723473,0.8380368773954998
2027,Western Caro.,western carolina,1,1,0,0,0,1,0,0,1,163.98,258.701,75.0,59.0,8.0,15.0,3.0,8.0,11.0,5.0,2.0,5.0,0.8552,0.7142,0.4881,0.226,0.21655,129.6,109.26,19.0751,0.20859999999999998,0.1742,0.59322,0.6,0.18998,0.03695,0.07405,0.204,0.847,-0.643,88.571375,17.714275,12.990468333333332,1.0099498653333332,0.8434356803333333,9.0571,89.0,-0.5762,1.1809516666666666,20.33999999999999,0.2831168831168831,0.42337662337662335,0.2935064935064935,0.5194805194805194,0.6077922077922078,0.5376623376623376,0.2779220779220779,0.5558441558441558,0.3974025974025974,0.5844155844155844,0.42597402597402595,0.8810289389067524,0.9767441860465116,0.8167202572347267,0.6265973848394718
2027,Western Ill.,western illinois,2,2,0,0,0,0,0,0,0,0.0,0.0,0.0,0.0,0.0,0.0,0.0,0.0,0.0,0.0,0.0,0.0,0.0,0.0,0.0,0.0,,,,,,,,,,,,,,,0.0,0.0,0.0,0.0,0.0,,,,,,0.522077922077922,0.42597402597402595,0.2961038961038961,0.522077922077922,0.36623376623376624,0.5402597402597402,0.18441558441558442,0.4155844155844156,0.23636363636363636,0.4155844155844156,0.23636363636363636,,,,0.3155844155844156
2027,Western Ky.,western kentucky,2,2,1,2,0,2,1,0,1,811.12,1416.3400000000001,306.0,225.0,78.0,54.0,36.0,94.0,130.0,43.0,12.0,31.0,3.1007100000000003,3.027,1.7046999999999999,1.3223,0.1757679154748989,124.90904206529243,106.489167817339,16.363240866949404,0.1529176891212151,0.14929833563467795,0.5492898614261762,0.5946773550152875,0.1034408511687543,0.08978610242627477,0.10690783435250023,1.277632458822369,0.38282446493737055,0.8948079938849987,350.5629983333333,64.74930166666667,144.273,3.573479164566667,3.4620739308333333,8.107145524706578,105.85388105335834,-3.7116574464937364,1.1474395871963046,18.41987424795343,0.5246753246753246,0.6571428571428571,0.7142857142857143,0.5246753246753246,0.7376623376623377,0.7350649350649351,0.4935064935064935,0.7064935064935065,0.6441558441558441,0.7142857142857143,0.6831168831168831,0.6913183279742765,0.9700996677740864,0.7781350482315113,0.7125149988616889
2027,Western Mich.,western michigan,6,5,4,5,2,5,4,0,2,3460.58,5578.527,1384.0,1009.0,353.0,271.0,138.0,297.0,435.0,107.0,15.0,177.0,8.23994,11.438,6.9661,4.4721,0.20384401718787026,119.93945136364424,110.23458570528639,16.193165653734344,0.09524882302966556,0.13221367169665202,0.5593607625311364,0.600716292008854,0.15794829727964677,0.07519758913245757,0.1351534101220027,0.6013862242745436,0.9645786197689404,-0.36319239549439686,1423.9466599999998,284.13164333333333,464.1192566666667,8.693384841799999,12.038571680833332,3.15966645995758,138.3113408734952,0.050479274572470596,1.0523746816911232,9.704865658357846,0.9506493506493506,0.9428571428571428,0.961038961038961,0.8961038961038961,0.9662337662337662,0.9688311688311688,0.9168831168831169,0.8545454545454545,0.922077922077922,0.8441558441558441,0.922077922077922,0.6688102893890675,0.813953488372093,0.662379421221865,0.8244453178510074
2027,Westminster (UT),westminster ut,1,1,0,0,0,1,0,0,0,3.57,6.475,3.0,2.0,0.0,0.0,0.0,1.0,1.0,0.0,0.0,0.0,0.04047,0.0,0.0,0.0073,0.27215,,101.9,33.8936,0.4534,,0.75,0.75,0.0,0.14273,0.0,,,,3.214825,0.0,1.0716083333333333,0.043367989249999996,0.0,4.2965,121.0,-1.4934,1.0716083333333333,,0.2857142857142857,0.42857142857142855,0.2987012987012987,0.5272727272727272,0.6103896103896104,0.5428571428571428,0.19480519480519481,0.43116883116883115,0.23896103896103896,0.43376623376623374,0.23896103896103896,1.0,,0.6816720257234726,0.49629598697122806
2027,Wichita St.,wichita state,4,4,3,4,1,3,2,0,2,2876.3,4684.422,1152.0,804.0,307.0,279.0,65.0,268.0,333.0,60.0,18.0,146.0,6.84561,9.2706,6.1403,3.1303,0.20300529134652157,119.94900862218822,112.53121687584743,16.735687784653894,0.09517549734033307,0.12892468379515348,0.5634353504154642,0.610826530229809,0.2018988853040364,0.06900602294614609,0.13617638101032578,0.5906074262072802,0.6475790077530161,-0.05697158154573575,1107.2464200000002,265.61731000000003,335.98416000000003,5.907656829666666,9.151285430833333,1.5385143632444453,162.3255849528909,-1.0706983224976534,1.0060817767212507,7.417791746340782,0.8285714285714286,0.8935064935064935,0.8987012987012987,0.7402597402597403,0.8467532467532467,0.8415584415584415,0.8441558441558441,0.8233766233766234,0.8805194805194805,0.812987012987013,0.8441558441558441,0.7234726688102894,0.7508305647840532,0.6012861736334405,0.7814849431475682
2027,William & Mary,william and mary,5,5,1,4,2,3,1,0,2,1830.43,3105.212,526.0,410.0,140.0,139.0,80.0,228.0,308.0,50.0,30.0,95.0,1.97215,3.9609,1.9997,1.9612,0.15510137896559828,113.62800139857848,112.71888698284012,12.251255030785117,0.04310001201903379,0.08657443933939021,0.5346688986740821,0.5685586741366783,0.130171897259114,0.09804333970706337,0.16271602568795313,1.4968477406948093,0.651400610785444,0.8454471299093657,516.9909366666667,137.06233333333333,306.8639966666667,1.7153952831333334,4.035060634833333,1.0631743098616175,161.27961735767008,-0.739893037155204,1.0176870658078523,0.9091144157383582,0.9038961038961039,0.6597402597402597,0.9012987012987013,0.8987012987012987,0.8493506493506493,0.7376623376623377,0.7272727272727273,0.6363636363636364,0.6987012987012987,0.6519480519480519,0.7064935064935065,0.3440514469453376,0.5548172757475083,0.5755627009646302,0.6028408527302888
2027,Winona St.,winona state,1,1,0,1,0,0,0,0,0,405.2,672.666,100.0,93.0,38.0,36.0,21.0,56.0,77.0,15.0,3.0,31.0,-0.35779,0.3709,-0.172,0.5429,0.17825000000000002,91.94,109.68,9.7211,-0.0353,0.0366,0.41398,0.45579,0.15326,0.11014000000000002,0.2203,-1.118,-1.134,0.016,88.24933333333334,31.76976,67.95198666666667,-0.3157472897333333,0.32731677733333336,-4.6504,221.0,-3.6826,0.8824933333333334,-17.74000000000001,0.2883116883116883,0.43116883116883115,0.548051948051948,0.5298701298701298,0.36883116883116884,0.5454545454545454,0.37142857142857144,0.12467532467532468,0.33766233766233766,0.12467532467532468,0.34025974025974026,0.15434083601286175,0.11960132890365449,0.3633440514469453,0.2721169548422756
2027,Winthrop,winthrop,6,5,3,3,3,2,1,0,0,1961.4299999999998,3424.7490000000003,768.0,622.0,222.0,186.0,122.0,157.0,279.0,73.0,11.0,129.0,1.36292,3.0395,2.1024000000000003,0.9370999999999999,0.21388319114115723,107.46443569232653,119.3364702283538,14.707438517306253,0.0278080879766293,0.061987601902693444,0.49917225891313993,0.5331515304140346,0.17632568544378338,0.08270097566571329,0.15175521221761676,-2.621849268136003,-0.38959532585919465,-2.2322539422768086,550.20996,131.34007000000003,204.19660500000003,1.0728905800666668,2.2537053758333334,-11.433253977455227,294.14048423854024,-3.98089043452991,0.7135084152123706,-11.872034536027272,0.9532467532467532,0.8961038961038961,0.8181818181818182,0.9714285714285714,0.7402597402597403,0.7402597402597403,0.7584415584415585,0.5922077922077922,0.6467532467532467,0.5896103896103896,0.6051948051948052,0.5498392282958199,0.19269102990033224,0.1639871382636656,0.5365525779729239
2027,Wis.-Parkside,wis parkside,2,1,0,0,0,0,0,0,0,0.0,0.0,0.0,0.0,0.0,0.0,0.0,0.0,0.0,0.0,0.0,0.0,0.0,0.0,0.0,0.0,,,,,,,,,,,,,,,0.0,0.0,0.0,0.0,0.0,,,,,,0.5272727272727272,0.43376623376623374,0.3012987012987013,0.5324675324675324,0.37142857142857144,0.548051948051948,0.18701298701298702,0.41818181818181815,0.24155844155844156,0.41818181818181815,0.24155844155844156,,,,0.3201298701298701
2027,Wisconsin,wisconsin,3,3,3,3,0,3,3,0,3,2507.12,4246.185,907.0,649.0,194.0,93.0,144.0,386.0,530.0,76.0,61.0,104.0,9.49588,8.9057,4.673299999999999,4.2323,0.16870208633810907,122.40115307603942,105.80981448833722,16.490155290931426,0.15151211190529373,0.1420860098439644,0.590528123903124,0.6140537908037909,0.06506545294999841,0.12132530174064267,0.12748129961868598,1.9312988807875173,1.217797305274578,0.7135015755129391,1070.5513083333333,109.87053166666666,625.31321,11.192798873466668,10.510211113833332,9.033727165831712,88.24804157758703,-0.8140943967580334,1.1805621194305287,16.591338587702197,0.7064935064935065,0.8987012987012987,0.8207792207792208,0.535064935064935,0.8519480519480519,0.922077922077922,0.8207792207792208,0.8909090909090909,0.8649350649350649,0.9012987012987013,0.8883116883116883,0.7041800643086816,0.9534883720930233,0.8102893890675241,0.8538641049371626
2027,Wofford,wofford,3,3,0,0,0,0,0,0,0,0.0,0.0,0.0,0.0,0.0,0.0,0.0,0.0,0.0,0.0,0.0,0.0,0.0,0.0,0.0,0.0,,,,,,,,,,,,,,,0.0,0.0,0.0,0.0,0.0,,,,,,0.7090909090909091,0.43636363636363634,0.3038961038961039,0.5376623376623376,0.37402597402597404,0.5506493506493506,0.18961038961038962,0.42077922077922075,0.24415584415584415,0.42077922077922075,0.24415584415584415,,,,0.3227272727272727
2027,Wright St.,wright state,2,2,1,1,0,0,0,0,0,534.47,888.35,119.0,99.0,32.0,63.0,5.0,28.0,33.0,11.0,4.0,15.0,-0.69347,1.0537,0.5892,0.4645,0.12306,116.0,114.95,9.8192,-0.0519,0.0789,0.5101,0.52608,0.21177,0.03378,0.11711,0.637,-0.347,0.984,118.32745166666666,62.643944999999995,32.813494999999996,-0.6895507387166666,1.0477448388333332,-0.3391,174.0,-2.4708,0.9943483333333333,1.0499999999999972,0.5298701298701298,0.6623376623376623,0.5506493506493506,0.5402597402597402,0.37662337662337664,0.5532467532467532,0.4077922077922078,0.08311688311688312,0.44675324675324674,0.06233766233766234,0.4649350649350649,0.16720257234726688,0.5614617940199336,0.5176848874598071,0.4062502644613722
2027,Wyoming,wyoming,3,3,1,2,0,1,0,0,0,1029.7,1767.1,328.0,258.0,78.0,48.0,32.0,106.0,138.0,24.0,8.0,46.0,-0.16863,0.5967,0.5581,0.33140000000000003,0.16643219384286687,106.34,121.07594396426143,11.155694270175779,-0.006578566572788193,0.032,0.5343556506749538,0.5595229931047878,0.08864244682917354,0.07673929542585219,0.14021308148004272,-1.0896817034087598,-1.3141317373992425,0.22445003399048263,208.06951,38.050320000000006,92.89005,0.1190757348,0.328185,-14.696486224142955,293.53889482373506,-1.619671117801301,0.683862142857143,-14.735943964261423,0.7116883116883117,0.6649350649350649,0.7168831168831169,0.5428571428571428,0.612987012987013,0.5558441558441558,0.587012987012987,0.18701298701298702,0.37142857142857144,0.45454545454545453,0.34285714285714286,0.2604501607717042,0.14285714285714285,0.09003215434083602,0.36324144390290464
2027,Xavier,xavier,6,6,6,6,5,6,6,2,3,4864.26,8254.339,2243.0,1659.0,660.0,379.0,337.0,636.0,973.0,172.0,86.0,252.0,22.64004,18.3541,10.6259,7.7280999999999995,0.22468460594211656,119.18145662444032,106.90679610053739,20.072101740038562,0.18617541722687517,0.15094585260656296,0.5379370285716635,0.5736149761731486,0.14631601119183596,0.11439942392059632,0.11118622308429235,1.840274261655421,1.375517858831559,0.46475640282386227,2743.96241,445.4259,1149.8038900000001,27.3146742239,22.383711465333334,10.260442452706066,86.77651071283196,4.237605918474752,1.2190006719076147,12.274660523902924,0.9558441558441558,0.9974025974025974,0.9844155844155844,0.9948051948051948,0.987012987012987,0.9974025974025974,0.9766233766233766,0.9948051948051948,0.9948051948051948,0.9948051948051948,0.9948051948051948,0.9389067524115756,0.8903654485049833,0.8553054662379421,0.949744861541552
2027,Youngstown St.,youngstown state,4,4,1,2,1,1,0,1,1,1116.76,1881.377,411.0,358.0,70.0,59.0,22.0,103.0,125.0,40.0,4.0,57.0,-0.37327999999999995,0.8516,0.5613,0.2904,0.2044723904867653,102.54921773702496,121.74552992585694,11.215622973602205,-0.013347104122640494,0.03047950857838748,0.5061824220065189,0.5276002915577206,0.10895558544360472,0.06326295067874924,0.12706063684229377,1.1118358107382071,0.6486002722160535,0.4632355385221533,304.28452000000004,49.74042,121.36200000000001,-0.5623638439333334,0.7096076766666667,-12.928307582649808,263.46581181274405,-0.5343307460868942,0.801988038731091,-19.196312188831982,0.8311688311688312,0.6675324675324675,0.7194805194805195,0.7428571428571429,0.6155844155844156,0.5584415584415584,0.6051948051948052,0.11948051948051948,0.4155844155844156,0.08831168831168831,0.4103896103896104,0.27009646302250806,0.09966777408637874,0.12540192926045016,0.3237992482568441
