coach,coach_key,last_seen_season,last_seen_team_id,last_seen_team_name,last_seen_conference,coach_prior_seasons,coach_prior_program_count,coach_prior_win_pct,coach_prior_avg_adj_em,coach_prior_last3_avg_adj_em,coach_prior_last5_avg_adj_em,coach_prior_best_adj_em,coach_prior_avg_adj_em_over_expected,coach_prior_last3_avg_adj_em_over_expected,coach_prior_last5_avg_adj_em_over_expected,coach_prior_best_adj_em_over_expected,coach_prior_worst_adj_em_over_expected,coach_prior_positive_adj_em_over_expected_rate,coach_prior_big_overperform_rate,coach_prior_big_underperform_rate,coach_prior_avg_rank_over_expected,coach_prior_avg_rank_adj_em,coach_prior_best_rank_adj_em,coach_prior_top25_rate,coach_prior_top50_rate,coach_prior_top100_rate,coach_prior_ncaa_bid_rate,coach_prior_avg_seed,coach_prior_avg_sos,coach_prior_avg_ncsos,coach_prior_avg_tempo,coach_prior_last3_avg_tempo,coach_prior_last5_avg_tempo,coach_prior_last_tempo,coach_prior_avg_rank_tempo,coach_prior_last3_avg_rank_tempo,coach_prior_last5_avg_rank_tempo,coach_prior_last_rank_tempo,coach_prior_avg_efg_pct,coach_prior_last3_avg_efg_pct,coach_prior_last5_avg_efg_pct,coach_prior_last_efg_pct,coach_prior_avg_to_pct,coach_prior_last3_avg_to_pct,coach_prior_last5_avg_to_pct,coach_prior_last_to_pct,coach_prior_avg_or_pct,coach_prior_last3_avg_or_pct,coach_prior_last5_avg_or_pct,coach_prior_last_or_pct,coach_prior_avg_ft_rate,coach_prior_last3_avg_ft_rate,coach_prior_last5_avg_ft_rate,coach_prior_last_ft_rate,coach_prior_avg_def_efg_pct,coach_prior_last3_avg_def_efg_pct,coach_prior_last5_avg_def_efg_pct,coach_prior_last_def_efg_pct,coach_prior_avg_def_to_pct,coach_prior_last3_avg_def_to_pct,coach_prior_last5_avg_def_to_pct,coach_prior_last_def_to_pct,coach_prior_avg_def_or_pct,coach_prior_last3_avg_def_or_pct,coach_prior_last5_avg_def_or_pct,coach_prior_last_def_or_pct,coach_prior_avg_def_ft_rate,coach_prior_last3_avg_def_ft_rate,coach_prior_last5_avg_def_ft_rate,coach_prior_last_def_ft_rate,coach_prior_avg_fg3_pct,coach_prior_last3_avg_fg3_pct,coach_prior_last5_avg_fg3_pct,coach_prior_last_fg3_pct,coach_prior_avg_three_point_attempt_rate,coach_prior_last3_avg_three_point_attempt_rate,coach_prior_last5_avg_three_point_attempt_rate,coach_prior_last_three_point_attempt_rate,coach_prior_avg_opp_fg3_pct,coach_prior_last3_avg_opp_fg3_pct,coach_prior_last5_avg_opp_fg3_pct,coach_prior_last_opp_fg3_pct,coach_prior_avg_opp_three_point_attempt_rate,coach_prior_last3_avg_opp_three_point_attempt_rate,coach_prior_last5_avg_opp_three_point_attempt_rate,coach_prior_last_opp_three_point_attempt_rate,coach_prior_avg_off_points_from_three_pct,coach_prior_last3_avg_off_points_from_three_pct,coach_prior_last5_avg_off_points_from_three_pct,coach_prior_last_off_points_from_three_pct,coach_prior_avg_def_points_from_three_pct,coach_prior_last3_avg_def_points_from_three_pct,coach_prior_last5_avg_def_points_from_three_pct,coach_prior_last_def_points_from_three_pct,coach_prior_same_school_seasons,coach_prior_same_school_avg_adj_em,coach_prior_same_school_avg_adj_em_over_expected,coach_prior_same_school_last_adj_em,coach_prior_same_school_last_adj_em_over_expected,coach_first_year_at_school,coach_prior_last_season,coach_prior_last_season_gap,coach_prior_last_team_id,coach_prior_last_team_name,coach_prior_last_conference,coach_prior_last_adj_em,coach_prior_last_rank_adj_em,coach_prior_last_adj_em_over_expected,coach_prior_last_rank_over_expected
A.W. Hamilton,a w hamilton,2026,78,Eastern Kentucky,ASun,8,1,0.51953125,-5.1099875,-5.9700999999999995,-4.92782,1.2212,0.2623500000000001,-2.7325,-0.5634599999999998,8.9092,-8.3401,0.5,0.25,0.25,5.0,224.125,149,0.0,0.0,0.0,0.0,0.0,-3.881475,0.1917625,71.3166125,68.00363333333333,68.93028000000001,67.3592,65.875,148.66666666666666,103.4,182,49.37545,50.80386666666667,49.88152,52.0947,16.6124625,15.608766666666668,15.84402,16.9124,29.8707625,32.6317,32.00252,32.5269,28.1927625,29.580333333333332,26.957600000000003,30.7399,52.4412,52.78516666666667,52.712599999999995,56.0845,19.56155,15.484433333333333,17.46814,14.7625,31.513975,32.020466666666664,31.43938,31.7146,32.679025,33.276633333333336,30.66424,38.5352,33.950775,35.3722,34.49366,35.0482,41.128275,42.1708,42.15138,50.7617,34.8128625,36.796033333333334,35.8914,36.1789,37.134425,37.415,38.40912,41.5775,35.2829625,36.25233333333333,36.685379999999995,42.2117,30.180274999999998,31.68766666666666,32.308499999999995,32.1429,0,,,,,False,2026,,78,Eastern Kentucky,ASun,-11.6461,297,-8.3401,-108
Aaron Fearne,aaron fearne,2026,47,Charlotte,Amer,3,1,0.47959183673469385,-1.4643999999999997,-1.4643999999999997,-1.4643999999999997,4.6519,-1.3816,-1.3816,-1.3816,4.831,-11.1363,0.6666666666666666,0.0,0.3333333333333333,-21.666666666666668,186.33333333333334,120,0.0,0.0,0.0,0.0,0.0,0.9548,-0.9289999999999999,63.66863333333333,63.66863333333333,63.66863333333333,63.4449,337.0,337.0,337.0,349,50.818066666666674,50.818066666666674,50.818066666666674,53.3333,16.2581,16.2581,16.2581,18.0867,28.5091,28.5091,28.5091,33.9535,38.1259,38.1259,38.1259,36.4187,51.2097,51.2097,51.2097,50.9124,14.485833333333332,14.485833333333332,14.485833333333332,13.5997,30.2587,30.2587,30.2587,32.548,34.87363333333334,34.87363333333334,34.87363333333334,36.1835,32.48,32.48,32.48,35.1942,41.49096666666667,41.49096666666667,41.49096666666667,45.3994,32.64743333333333,32.64743333333333,32.64743333333333,33.4615,37.248,37.248,37.248,40.6674,31.196033333333332,31.196033333333332,31.196033333333332,36.1146,28.78333333333333,28.78333333333333,28.78333333333333,31.9461,0,,,,,False,2026,,47,Charlotte,Amer,-1.1552,182,2.1605,8
Aaron McKie,aaron mckie,2023,284,Temple,Amer,4,1,0.48148148148148145,4.331525,3.9461333333333335,4.331525,5.4877,-1.224,-1.2651999999999999,-1.224,1.4181,-3.4387,0.25,0.0,0.0,-14.0,123.5,115,0.0,0.0,0.0,0.0,0.0,5.906625,-2.7514,67.770825,66.93833333333333,67.770825,65.8553,173.75,207.33333333333334,173.75,251,46.9565,47.271366666666665,46.9565,49.69,18.988525,19.288933333333333,18.988525,19.8338,28.311149999999998,29.123099999999997,28.311149999999998,28.7293,36.6038,37.718066666666665,36.6038,34.5547,46.975075,47.175266666666666,46.975075,48.7241,17.044150000000002,16.5611,17.044150000000002,16.452,28.287200000000002,28.80286666666667,28.287200000000002,29.007,31.0884,31.62076666666667,31.0884,31.4726,32.628425,32.755199999999995,32.628425,32.9884,38.870075,40.161,38.870075,43.5738,32.068875,32.43593333333333,32.068875,33.5962,37.5601,36.10106666666667,37.5601,33.7055,31.7018,32.44383333333334,31.7018,34.3511,31.1269,30.095699999999997,31.1269,28.4379,0,,,,,False,2023,,284,Temple,Amer,4.6603,120,-3.4387,-28
Adam Fisher,adam fisher,2026,284,Temple,Amer,3,1,0.49,-0.7042333333333333,-0.7042333333333333,-0.7042333333333333,0.7807,-1.9320666666666666,-1.9320666666666666,-1.9320666666666666,-0.8744,-2.7133,0.0,0.0,0.0,-24.333333333333332,171.0,159,0.0,0.0,0.0,0.0,0.0,0.1572333333333333,-2.397666666666667,66.91340000000001,66.91340000000001,66.91340000000001,64.9525,212.33333333333334,212.33333333333334,212.33333333333334,307,48.69616666666667,48.69616666666667,48.69616666666667,50.1732,14.5246,14.5246,14.5246,13.7152,30.008466666666667,30.008466666666667,30.008466666666667,29.8279,39.29853333333333,39.29853333333333,39.29853333333333,40.5889,50.5371,50.5371,50.5371,50.6609,15.8954,15.8954,15.8954,15.5341,30.432733333333335,30.432733333333335,30.432733333333335,30.3382,35.9804,35.9804,35.9804,35.5172,33.705933333333334,33.705933333333334,33.705933333333334,33.6026,36.381,36.381,36.381,35.739,32.8819,32.8819,32.8819,32.8,37.0052,37.0052,37.0052,35.9195,29.25283333333333,29.25283333333333,29.25283333333333,27.574,28.7741,28.7741,28.7741,27.8659,0,,,,,False,2026,,284,Temple,Amer,0.7807,159,-0.8744,-28
Adrian Autry,adrian autry,2026,282,Syracuse,ACC,3,1,0.5051546391752577,7.942899999999999,7.942899999999999,7.942899999999999,10.2602,-1.520833333333333,-1.520833333333333,-1.520833333333333,5.7624,-7.7627,0.3333333333333333,0.3333333333333333,0.3333333333333333,-13.666666666666666,94.0,80,0.0,0.0,0.6666666666666666,0.0,0.0,9.780233333333333,1.1830666666666667,68.86576666666666,68.86576666666666,68.86576666666666,67.4356,114.33333333333333,114.33333333333333,114.33333333333333,180,51.654533333333326,51.654533333333326,51.654533333333326,52.6133,16.5885,16.5885,16.5885,15.9605,28.236100000000004,28.236100000000004,28.236100000000004,29.1815,34.14166666666667,34.14166666666667,34.14166666666667,35.1467,51.978,51.978,51.978,50.261,17.212833333333332,17.212833333333332,17.212833333333332,17.4073,30.538600000000002,30.538600000000002,30.538600000000002,33.5938,30.724266666666665,30.724266666666665,30.724266666666665,32.5678,33.01903333333333,33.01903333333333,33.01903333333333,32.8551,34.55443333333333,34.55443333333333,34.55443333333333,37.1733,34.41656666666667,34.41656666666667,34.41656666666667,34.0611,37.0036,37.0036,37.0036,35.8559,26.962466666666668,26.962466666666668,26.962466666666668,28.625,30.299166666666665,30.299166666666665,30.299166666666665,29.5455,0,,,,,False,2026,,282,Syracuse,ACC,9.3507,87,-2.5622,-19
Aki Thomas,aki thomas,2016,309,UMBC,AE,1,1,0.21875,-17.7921,-17.7921,-17.7921,-17.7921,-4.6709,-4.6709,-4.6709,-4.6709,-4.6709,0.0,0.0,0.0,-5.0,334.0,334,0.0,0.0,0.0,0.0,0.0,-6.7578,-6.2261,69.516,69.516,69.516,69.516,99.0,99.0,99.0,99,50.1119,50.1119,50.1119,50.1119,17.4409,17.4409,17.4409,17.4409,24.9107,24.9107,24.9107,24.9107,42.17,42.17,42.17,42.17,56.6172,56.6172,56.6172,56.6172,19.3691,19.3691,19.3691,19.3691,28.9017,28.9017,28.9017,28.9017,38.8248,38.8248,38.8248,38.8248,33.1288,33.1288,33.1288,33.1288,36.4653,36.4653,36.4653,36.4653,38.024,38.024,38.024,38.024,36.6831,36.6831,36.6831,36.6831,28.0884,28.0884,28.0884,28.0884,29.5463,29.5463,29.5463,29.5463,0,,,,,False,2016,,309,UMBC,AE,-17.7921,334,-4.6709,-5
Al Skinner,al skinner,2019,135,Kennesaw St.,ASun,4,1,0.328,-11.9528,-13.080733333333333,-11.9528,-7.5183,1.0517750000000001,-0.9041,1.0517750000000001,6.9194,-4.6189,0.5,0.25,0.0,28.5,290.25,252,0.0,0.0,0.0,0.0,0.0,-2.460475,2.37255,68.673075,68.70026666666666,68.673075,68.1995,136.75,136.0,136.75,144,47.563275,47.18913333333333,47.563275,40.939,18.93225,19.066433333333332,18.93225,19.018,29.515625,29.9113,29.515625,29.1667,32.30165,31.892866666666666,32.30165,30.1483,53.7226,53.88693333333333,53.7226,53.7452,17.862975,17.80326666666667,17.862975,17.088,31.863025,30.935466666666667,31.863025,30.7988,33.94995,32.25036666666667,33.94995,27.7201,36.129875,36.48576666666667,36.129875,31.3869,25.208225,24.226233333333337,25.208225,22.57,35.1377,35.361866666666664,35.1377,35.9352,34.371325,34.29976666666666,34.371325,37.1241,23.207875,22.767733333333336,23.207875,20.6731,27.656975,27.9293,27.656975,31.4703,0,,,,,False,2019,,135,Kennesaw St.,ASun,-18.9053,339,-4.6189,-11
Alan Huss,alan huss,2025,110,High Point,BSth,2,1,0.7887323943661971,7.23815,7.23815,7.23815,9.1508,9.153599999999999,9.153599999999999,9.153599999999999,14.3943,3.9129,1.0,0.5,0.0,97.0,98.0,82,0.0,0.0,0.5,0.5,6.5,-4.3664,-5.1278500000000005,67.6353,67.6353,67.6353,66.5068,169.5,169.5,169.5,230,54.28415,54.28415,54.28415,56.3158,15.6634,15.6634,15.6634,15.3248,35.25635,35.25635,35.25635,33.5871,40.1631,40.1631,40.1631,37.1579,49.573949999999996,49.573949999999996,49.573949999999996,49.0981,15.1711,15.1711,15.1711,16.3615,28.4701,28.4701,28.4701,30.5983,36.8777,36.8777,36.8777,36.2865,34.81115,34.81115,34.81115,36.5821,39.4135,39.4135,39.4135,39.4211,33.71205,33.71205,33.71205,32.9359,33.61805,33.61805,33.61805,35.5968,29.47185,29.47185,29.47185,30.6945,27.067349999999998,27.067349999999998,27.067349999999998,28.4305,0,,,,,False,2025,,110,High Point,BSth,9.1508,82,3.9129,26
Alex Jensen,alex jensen,2026,319,Utah,B12,1,1,0.3125,3.5468,3.5468,3.5468,3.5468,-7.5522,-7.5522,-7.5522,-7.5522,-7.5522,0.0,0.0,1.0,-54.0,128.0,128,0.0,0.0,0.0,0.0,0.0,11.7731,-0.0783,65.9945,65.9945,65.9945,65.9945,262.0,262.0,262.0,262,52.0354,52.0354,52.0354,52.0354,16.7426,16.7426,16.7426,16.7426,29.3419,29.3419,29.3419,29.3419,31.6551,31.6551,31.6551,31.6551,53.9326,53.9326,53.9326,53.9326,13.3118,13.3118,13.3118,13.3118,31.5789,31.5789,31.5789,31.5789,29.9285,29.9285,29.9285,29.9285,35.3362,35.3362,35.3362,35.3362,37.4397,37.4397,37.4397,37.4397,35.0983,35.0983,35.0983,35.0983,33.7589,33.7589,33.7589,33.7589,31.1475,31.1475,31.1475,31.1475,27.499,27.499,27.499,27.499,0,,,,,False,2026,,319,Utah,B12,3.5468,128,-7.5522,-54
Alex Pribble,alex pribble,2026,116,Idaho,BSky,3,1,0.45544554455445546,-7.585633333333334,-7.585633333333334,-7.585633333333334,0.9952,4.4217,4.4217,4.4217,7.5571,-0.9401,0.6666666666666666,0.6666666666666666,0.0,43.0,252.33333333333334,155,0.0,0.0,0.0,0.3333333333333333,5.0,-2.811533333333333,-0.21116666666666664,66.45406666666666,66.45406666666666,66.45406666666666,67.866,233.33333333333334,233.33333333333334,233.33333333333334,154,51.12846666666667,51.12846666666667,51.12846666666667,51.3811,16.7666,16.7666,16.7666,14.9751,26.6374,26.6374,26.6374,28.3682,31.6371,31.6371,31.6371,34.578,52.696400000000004,52.696400000000004,52.696400000000004,50.5305,15.594800000000001,15.594800000000001,15.594800000000001,15.0624,28.0368,28.0368,28.0368,24.2263,37.120666666666665,37.120666666666665,37.120666666666665,38.5146,34.09596666666666,34.09596666666666,34.09596666666666,34.0588,45.3208,45.3208,45.3208,47.0077,35.312666666666665,35.312666666666665,35.312666666666665,35.2324,37.905,37.905,37.905,35.3846,36.8359,36.8359,36.8359,37.56,30.348133333333333,30.348133333333333,30.348133333333333,28.8226,0,,,,,False,2026,,116,Idaho,BSky,0.9952,155,7.5571,89
Ali Farokhmanesh,ali farokhmanesh,2026,57,Colorado St.,MWC,1,1,0.6176470588235294,9.2329,9.2329,9.2329,9.2329,-1.0009,-1.0009,-1.0009,-1.0009,-1.0009,0.0,0.0,0.0,-9.0,88.0,88,0.0,0.0,1.0,0.0,0.0,4.8349,-2.3192,63.1376,63.1376,63.1376,63.1376,357.0,357.0,357.0,357,57.4706,57.4706,57.4706,57.4706,18.4805,18.4805,18.4805,18.4805,30.0416,30.0416,30.0416,30.0416,39.4118,39.4118,39.4118,39.4118,52.8799,52.8799,52.8799,52.8799,15.471,15.471,15.471,15.471,29.2279,29.2279,29.2279,29.2279,34.2841,34.2841,34.2841,34.2841,38.5629,38.5629,38.5629,38.5629,49.1176,49.1176,49.1176,49.1176,34.1837,34.1837,34.1837,34.1837,43.006,43.006,43.006,43.006,39.1093,39.1093,39.1093,39.1093,34.039,34.039,34.039,34.039,0,,,,,False,2026,,57,Colorado St.,MWC,9.2329,88,-1.0009,-9
Allen Edwards,allen edwards,2020,348,Wyoming,MWC,4,1,0.4411764705882353,-3.22065,-5.2216,-3.22065,4.9873,-2.094325,-4.654133333333333,-2.094325,5.5851,-15.8511,0.5,0.25,0.25,-22.5,202.0,118,0.0,0.0,0.0,0.0,0.0,1.21235,-1.801675,70.38119999999999,69.53573333333333,70.38119999999999,66.6912,104.5,134.66666666666666,104.5,258,50.17105,49.7317,50.17105,48.0071,18.422600000000003,18.6703,18.422600000000003,18.5511,18.11805,16.531133333333333,18.11805,14.2326,37.040225,36.91603333333333,37.040225,30.4581,49.754324999999994,50.944799999999994,49.754324999999994,50.1123,17.887325,18.436400000000003,17.887325,18.8717,27.689625,27.702066666666667,27.689625,28.5975,37.092725,36.318933333333334,37.092725,36.7771,33.8554,33.492333333333335,33.8554,31.7949,45.198725,44.86246666666667,45.198725,46.401,34.039225,34.915533333333336,34.039225,33.1099,37.8588,38.938233333333336,37.8588,41.8866,36.050025000000005,35.70033333333333,36.050025000000005,37.4245,30.5808,31.780266666666666,30.5808,33.0804,0,,,,,False,2020,,348,Wyoming,MWC,-6.7912,246,3.3328,36
Alvin Brooks,alvin brooks,2026,140,Lamar,Slnd,5,1,0.39490445859872614,-10.12462,-3.3224666666666667,-10.12462,0.3125,1.8434999999999995,6.071066666666667,1.8434999999999995,10.3799,-11.2756,0.6,0.4,0.2,30.8,262.8,158,0.0,0.0,0.0,0.0,0.0,-4.44302,-0.67798,66.24454,66.50043333333333,66.24454,65.6404,240.6,232.0,240.6,275,47.588660000000004,48.63063333333334,47.588660000000004,47.7629,19.59524,18.352333333333334,19.59524,18.0545,33.27432,34.76603333333333,33.27432,35.6874,29.699180000000002,30.035633333333333,29.699180000000002,27.9489,50.73026,49.2387,50.73026,50.9397,17.852719999999998,18.095566666666667,17.852719999999998,17.3239,31.69884,31.061333333333334,31.69884,29.4301,37.5332,39.46273333333333,37.5332,44.394,33.06778,34.417033333333336,33.06778,32.8767,32.63614,34.0096,32.63614,33.9338,33.903059999999996,33.30226666666667,33.903059999999996,35.2941,40.574020000000004,38.755066666666664,40.574020000000004,37.4595,27.895519999999998,29.593733333333333,27.895519999999998,29.0323,32.39468,30.790766666666666,32.39468,29.9413,0,,,,,False,2026,,140,Lamar,Slnd,-6.3056,238,-1.0808,-15
Amir Abdur-Rahim,amir abdur rahim,2024,267,South Florida,Amer,5,2,0.4605263157894737,-7.45864,2.9946000000000006,-7.45864,9.2603,1.9020200000000003,6.7917,1.9020200000000003,7.9464,-15.3136,0.8,0.6,0.2,35.6,224.0,87,0.0,0.0,0.2,0.2,2.8,-1.10134,3.9435199999999995,68.06098,67.5827,68.06098,68.1712,158.2,164.0,158.2,139,48.278499999999994,52.118233333333336,48.278499999999994,51.8158,18.625700000000002,16.971166666666665,18.625700000000002,15.6435,26.84092,28.091033333333332,26.84092,28.2029,33.3098,34.485366666666664,33.3098,37.8421,51.8925,50.66936666666667,51.8925,47.869,18.332839999999997,18.696566666666666,18.332839999999997,18.4559,28.04112,27.956466666666667,28.04112,30.5085,33.9619,35.56706666666667,33.9619,34.5634,32.78836,36.5738,32.78836,36.6915,37.20388,39.30733333333333,37.20388,42.3158,34.24626,34.08253333333334,34.24626,31.5068,37.963499999999996,39.43713333333333,37.963499999999996,37.9418,30.62568,33.6888,30.62568,35.4142,30.693099999999998,32.038199999999996,30.693099999999998,30.1573,0,,,,,False,2024,,267,South Florida,Amer,9.2603,87,6.1976,40
Andre Payne,andre payne,2019,175,Mississippi Valley St.,SWAC,4,1,0.19083969465648856,-22.67745,-23.791966666666667,-22.67745,-19.3339,-0.22739999999999994,-1.9586333333333332,-0.22739999999999994,4.9663,-5.1649,0.5,0.0,0.25,0.25,345.75,341,0.0,0.0,0.0,0.0,0.0,-6.818375,7.57005,70.26935,69.9677,70.26935,69.2222,74.25,81.66666666666667,74.25,96,43.534075,43.71163333333334,43.534075,41.911,18.9621,19.117733333333334,18.9621,18.4854,29.084025,29.737533333333335,29.084025,28.4019,31.904975,32.09686666666666,31.904975,33.7134,54.103125,55.130066666666664,54.103125,54.0931,19.026325,18.901666666666667,19.026325,17.5245,32.8206,32.2301,32.8206,31.6895,36.053975,36.34643333333333,36.053975,31.9957,31.424625,31.7865,31.424625,31.0019,27.822825,27.8596,27.822825,28.7188,36.07,37.992333333333335,36.07,39.0805,38.96785,39.178333333333335,38.96785,37.2392,24.162775,24.410666666666668,24.162775,25.1534,31.607325,32.897533333333335,31.607325,33.4975,0,,,,,False,2019,,175,Mississippi Valley St.,SWAC,-24.6346,350,-4.2833,-2
Andrew Toole,andrew toole,2026,241,Robert Morris,Horz,11,1,0.4672364672364672,-7.468463636363636,-2.3066666666666666,-5.54296,2.9019,1.3988545454545456,6.219433333333334,3.6483,12.2169,-11.1167,0.5454545454545454,0.36363636363636365,0.2727272727272727,23.818181818181817,249.72727272727272,133,0.0,0.0,0.0,0.18181818181818182,2.8181818181818183,-5.3189909090909095,0.4234636363636363,67.08959090909092,66.55736666666667,66.50386,64.5228,209.0909090909091,225.66666666666666,222.2,324,49.64472727272727,52.099333333333334,51.276340000000005,54.9131,19.85788181818182,18.919900000000002,19.42018,18.5528,30.75049090909091,35.307700000000004,32.766,37.5,31.283509090909092,31.1835,29.732280000000003,28.013,51.118609090909096,51.35556666666667,51.362840000000006,50.0287,19.68590909090909,16.7927,17.270760000000003,15.8751,30.459054545454546,28.825933333333335,29.43072,28.7879,34.88894545454546,35.725633333333334,33.4433,40.0919,33.63946363636364,35.43833333333333,34.13096,38.0,36.92801818181818,40.01903333333333,37.68086,40.7166,34.23618181818182,33.831466666666664,34.92324,33.1738,35.18853636363636,35.49016666666667,34.83344,36.0138,30.861227272727273,33.71453333333333,31.171519999999997,35.9093,28.381918181818182,27.91603333333333,28.668779999999998,27.4286,0,,,,,False,2026,,241,Robert Morris,Horz,1.727,141,6.8153,80
Andrew Wilson,andrew wilson,2026,331,VMI,SC,4,1,0.24615384615384617,-19.572825,-19.574266666666666,-19.572825,-10.4941,-5.81685,-4.626966666666665,-5.81685,9.826,-18.5875,0.25,0.25,0.75,-25.5,338.5,287,0.0,0.0,0.0,0.0,0.0,-2.73285,-2.6026249999999997,69.11664999999999,69.96373333333332,69.11664999999999,66.7926,138.0,114.33333333333333,138.0,216,47.45325,47.34506666666667,47.45325,47.5516,18.441274999999997,18.143533333333334,18.441274999999997,15.3098,25.89,24.886833333333332,25.89,25.6364,29.160775,31.882966666666665,29.160775,30.5605,55.604275,55.17823333333333,55.604275,56.9533,15.73805,16.1078,15.73805,15.6671,31.795925,33.28766666666667,31.795925,37.2449,31.0146,31.999866666666666,31.0146,34.622,31.607375,30.737333333333336,31.607375,31.4978,44.476325,44.6039,44.476325,53.5693,36.15195,35.74666666666667,36.15195,36.4764,45.628775,44.1521,45.628775,46.5089,36.2983,34.861533333333334,36.2983,43.2024,37.33245,35.792433333333335,37.33245,36.5672,0,,,,,False,2026,,331,VMI,SC,-26.1602,360,-18.5875,-102
Andy Bronkema,andy bronkema,2026,45,Central Michigan,MAC,1,1,0.3225806451612903,-9.2009,-9.2009,-9.2009,-9.2009,2.3442,2.3442,2.3442,2.3442,2.3442,1.0,0.0,0.0,38.0,271.0,271,0.0,0.0,0.0,0.0,0.0,-2.019,1.2278,67.195,67.195,67.195,67.195,192.0,192.0,192.0,192,51.7502,51.7502,51.7502,51.7502,18.119,18.119,18.119,18.119,29.1282,29.1282,29.1282,29.1282,31.4424,31.4424,31.4424,31.4424,53.9521,53.9521,53.9521,53.9521,16.9581,16.9581,16.9581,16.9581,34.2975,34.2975,34.2975,34.2975,38.982,38.982,38.982,38.982,33.8652,33.8652,33.8652,33.8652,34.0374,34.0374,34.0374,34.0374,35.514,35.514,35.514,35.514,38.4431,38.4431,38.4431,38.4431,27.5746,27.5746,27.5746,27.5746,30.373,30.373,30.373,30.373,0,,,,,False,2026,,45,Central Michigan,MAC,-9.2009,271,2.3442,38
Andy Enfield,andy enfield,2026,261,SMU,ACC,11,2,0.6478494623655914,14.616872727272726,13.955800000000002,14.170260000000003,27.5785,-0.8263636363636362,-2.1344,-2.93206,12.2315,-10.1269,0.36363636363636365,0.09090909090909091,0.2727272727272727,-8.545454545454545,51.90909090909091,6,0.09090909090909091,0.5454545454545454,1.0,0.6363636363636364,5.7272727272727275,7.6489545454545445,-0.10988181818181814,68.42883636363636,68.52,67.95362,68.4678,143.45454545454547,119.33333333333333,145.8,122,52.49884545454545,53.92306666666667,52.843740000000004,55.618,17.21249090909091,16.939899999999998,17.3721,15.6792,31.706099999999996,33.54366666666667,32.59366,35.369,33.24936363636363,33.553466666666665,32.95774,30.3839,47.91144545454545,49.98826666666667,48.01814,51.6198,17.514018181818184,17.845299999999998,17.15294,16.8376,30.049636363636363,31.232733333333332,30.54438,31.5873,28.583409090909093,32.12813333333333,30.686880000000002,32.1105,36.57962727272727,36.815133333333335,36.13516,37.0757,34.270272727272726,35.89893333333333,34.57218,35.8614,33.87602727272727,34.528,34.03072,34.0659,38.413227272727276,42.5419,39.800599999999996,47.6894,29.374527272727274,30.07153333333333,29.02054,29.8111,33.5201,35.58976666666667,34.2498,38.6038,0,,,,,False,2026,,261,SMU,ACC,16.8169,48,-0.5793,-5
Andy Kennedy,andy kennedy,2026,301,UAB,Amer,9,2,0.6482084690553745,8.9071,5.6508,9.05428,14.6444,-0.8331666666666666,-2.5627,-1.30342,3.5573,-7.0995,0.4444444444444444,0.0,0.1111111111111111,-9.777777777777779,87.55555555555556,47,0.0,0.1111111111111111,0.5555555555555556,0.2222222222222222,3.2222222222222223,2.8397,-3.875677777777778,69.23089999999999,68.82363333333333,69.18302,69.1044,101.55555555555556,104.0,84.4,87,49.50474444444445,49.50906666666666,50.32588,48.3578,16.093477777777778,14.3767,15.371199999999998,12.5444,33.71546666666667,35.22156666666667,34.938480000000006,32.5311,35.68401111111111,36.127199999999995,34.6771,36.4325,49.5356,50.72603333333333,49.56482,50.0262,18.554744444444445,15.8576,17.59288,16.1221,29.231044444444446,29.733433333333334,29.1889,27.6558,32.12556666666667,29.558833333333336,29.768579999999996,28.6537,33.34041111111111,31.6314,33.7166,27.8146,33.24847777777778,30.449466666666666,31.116899999999998,30.5205,34.3271,34.1537,33.38418,32.6203,37.67996666666667,36.81886666666667,37.11632,39.1828,26.58821111111111,22.969633333333334,24.9548,20.8007,31.843622222222223,30.677366666666668,30.803000000000004,31.757,0,,,,,False,2026,,301,UAB,Amer,3.7602,124,-3.7554,-26
Andy Newman,andy newman,2026,39,CSUN,BW,3,1,0.6039603960396039,-0.6677333333333335,-0.6677333333333335,-0.6677333333333335,4.0916,6.2695,6.2695,6.2695,10.9537,0.3265,1.0,0.6666666666666666,0.0,69.0,176.0,117,0.0,0.0,0.0,0.0,0.0,-2.0326,-4.150366666666667,72.9142,72.9142,72.9142,73.6035,7.666666666666667,7.666666666666667,7.666666666666667,2,50.63323333333333,50.63323333333333,50.63323333333333,51.2634,18.445666666666668,18.445666666666668,18.445666666666668,17.522,32.72526666666667,32.72526666666667,32.72526666666667,31.9184,35.809666666666665,35.809666666666665,35.809666666666665,34.208,50.042,50.042,50.042,51.6402,18.203133333333334,18.203133333333334,18.203133333333334,16.4476,25.95873333333333,25.95873333333333,25.95873333333333,26.6667,39.567166666666665,39.567166666666665,39.567166666666665,34.3439,32.385733333333334,32.385733333333334,32.385733333333334,32.4168,30.231399999999997,30.231399999999997,30.231399999999997,33.5763,34.40146666666667,34.40146666666667,34.40146666666667,34.3558,47.98266666666667,47.98266666666667,47.98266666666667,48.6083,23.355433333333334,23.355433333333334,23.355433333333334,26.0465,38.12283333333334,38.12283333333334,38.12283333333334,38.7394,0,,,,,False,2026,,39,CSUN,BW,-0.6825,178,0.3265,-17
Anthony Boone,anthony boone,2024,43,Central Arkansas,ASun,4,1,0.288135593220339,-15.887274999999999,-15.7643,-15.887274999999999,-14.1434,-3.161275,-1.3893000000000002,-3.161275,2.5206,-8.4772,0.25,0.0,0.5,-21.25,330.75,319,0.0,0.0,0.0,0.0,0.0,-1.717275,6.00765,71.030625,71.09043333333334,71.030625,69.2875,41.0,34.333333333333336,41.0,81,48.008825,47.584466666666664,48.008825,47.5014,19.747725,18.3755,19.747725,18.1946,27.841275000000003,27.493866666666666,27.841275000000003,28.3273,27.2707,25.577366666666666,27.2707,29.2615,54.334075,54.493233333333336,54.334075,54.0154,15.9803,16.161,15.9803,15.3991,30.333475,30.93773333333333,30.333475,31.4151,30.27015,30.775166666666667,30.27015,33.6634,32.843325,31.7911,32.843325,34.2144,37.063275000000004,38.07983333333333,37.063275000000004,37.8123,36.93555,36.50403333333333,36.93555,37.9085,38.976925,39.2268,38.976925,42.0792,31.394425,31.79086666666667,31.394425,33.1751,33.0963,32.789833333333334,33.0963,36.1146,0,,,,,False,2024,,43,Central Arkansas,ASun,-17.9727,340,-5.5967,-21
Anthony Evans,anthony evans,2018,85,FIU,CUSA,3,1,0.35789473684210527,-6.873666666666668,-6.873666666666668,-6.873666666666668,-5.3265,2.5051,2.5051,2.5051,9.0435,-1.6753,0.6666666666666666,0.3333333333333333,0.0,40.0,242.0,222,0.0,0.0,0.0,0.0,0.0,-4.2392666666666665,-6.093566666666667,66.40096666666666,66.40096666666666,66.40096666666666,68.956,247.0,247.0,247.0,128,49.6107,49.6107,49.6107,47.1601,18.058466666666668,18.058466666666668,18.058466666666668,15.6382,28.771833333333333,28.771833333333333,28.771833333333333,25.829,33.53313333333333,33.53313333333333,33.53313333333333,36.4888,50.61429999999999,50.61429999999999,50.61429999999999,50.536,16.926166666666667,16.926166666666667,16.926166666666667,19.8244,28.293833333333335,28.293833333333335,28.293833333333335,27.4209,35.701,35.701,35.701,34.7826,33.49463333333333,33.49463333333333,33.49463333333333,31.3167,30.388599999999997,30.388599999999997,30.388599999999997,32.2433,34.366033333333334,34.366033333333334,34.366033333333334,33.7442,37.072399999999995,37.072399999999995,37.072399999999995,38.654,24.9787,24.9787,24.9787,25.9332,30.251366666666666,30.251366666666666,30.251366666666666,31.2411,0,,,,,False,2018,,85,FIU,CUSA,-5.3265,222,9.0435,103
Anthony Grant,anthony grant,2026,65,Dayton,A10,9,1,0.6746575342465754,12.320122222222222,13.129199999999999,12.99442,24.9328,-0.15702222222222215,-1.2960999999999998,-1.5723600000000002,11.6918,-8.2838,0.4444444444444444,0.3333333333333333,0.3333333333333333,-7.0,69.55555555555556,4,0.1111111111111111,0.3333333333333333,0.8888888888888888,0.2222222222222222,2.0,3.6063333333333336,1.702977777777778,65.17145555555555,65.74846666666667,64.50757999999999,66.5978,292.0,272.0,302.8,227,54.956177777777775,53.60913333333334,53.55123999999999,51.5586,18.28562222222222,16.120566666666665,17.27602,16.897,27.253244444444444,27.556600000000003,28.71388,26.9357,35.31214444444444,40.0823,37.25366,46.1538,48.85194444444445,50.15633333333333,48.46918,51.0406,17.687522222222224,18.185533333333332,17.5663,20.9729,27.458433333333332,28.673333333333332,27.311799999999998,28.766,27.40351111111111,29.609199999999998,27.280399999999997,35.4807,35.66382222222222,36.630966666666666,35.9581,33.8592,39.65348888888889,42.259800000000006,39.5556,41.4279,33.03975555555556,33.411566666666666,32.37922,35.3939,38.88001111111111,41.154333333333334,39.87256,40.8821,31.35364444444444,33.8878,31.7874,30.514,32.93341111111111,33.880599999999994,33.21336,34.1654,0,,,,,False,2026,,65,Dayton,A10,12.1089,68,-2.6805,-14
Anthony Latina,anthony latina,2026,244,Sacred Heart,MAAC,11,1,0.44510385756676557,-10.921472727272727,-9.862666666666668,-11.52404,-2.6428,-0.8226454545454545,0.5962666666666667,-1.48248,7.0504,-9.6764,0.36363636363636365,0.18181818181818182,0.18181818181818182,0.09090909090909091,287.8181818181818,200,0.0,0.0,0.0,0.0,0.0,-8.661972727272728,-1.2528,69.34366363636364,69.4078,69.03482,68.484,106.81818181818181,82.33333333333333,92.0,121,49.90968181818182,51.47843333333333,50.72852,51.9935,19.40777272727273,17.48476666666667,18.17448,17.6654,30.901272727272726,28.638333333333332,29.1334,28.5843,31.983900000000002,29.69366666666667,28.316520000000004,31.0345,51.36615454545454,52.28426666666667,52.06096,53.5008,17.019654545454543,17.438466666666667,17.5228,14.5238,29.5225,31.215566666666664,31.14778,30.8979,29.70809090909091,28.856966666666665,27.71702,27.0421,33.296372727272725,35.35163333333333,34.17926,35.7067,37.733599999999996,43.1893,40.9199,50.7004,35.07798181818182,35.18953333333334,34.94754,34.8485,38.101636363636366,42.741733333333336,40.6931,43.5312,30.7856,36.6154,34.385360000000006,42.3707,32.47156363636364,36.133766666666666,34.54596,36.1402,0,,,,,False,2026,,244,Sacred Heart,MAAC,-11.3819,294,-4.366,-45
Anthony Stewart,anthony stewart,2020,286,Tennessee Martin,OVC,4,1,0.42063492063492064,-10.93665,-13.2769,-10.93665,-3.9159,-1.702175,-3.874966666666667,-1.702175,4.8162,-6.1392,0.25,0.0,0.25,-1.75,282.75,210,0.0,0.0,0.0,0.0,0.0,-4.23935,-0.34162499999999996,67.712,67.7819,67.712,68.7432,192.75,185.33333333333334,192.75,149,50.932825,50.33466666666667,50.932825,50.8534,20.1407,19.640766666666668,20.1407,18.4804,31.995125,30.200466666666667,31.995125,30.4025,29.3285,27.658766666666665,29.3285,32.4905,54.72445,55.41759999999999,54.72445,58.4188,18.572975,18.414333333333335,18.572975,16.9448,33.373475,33.69786666666666,33.373475,34.3681,30.122625,29.804066666666667,30.122625,28.1835,33.5657,33.20223333333333,33.5657,33.3333,37.928650000000005,37.48063333333334,37.928650000000005,38.1163,36.949325,37.60103333333333,36.949325,39.2442,43.592275,43.49096666666667,43.592275,41.5208,30.991125,30.799400000000002,30.991125,30.2104,36.964775,37.216033333333336,36.964775,35.809,0,,,,,False,2020,,286,Tennessee Martin,OVC,-17.8232,338,-6.1392,-34
Antoine Pettway,antoine pettway,2026,135,Kennesaw St.,CUSA,3,1,0.5555555555555556,-1.1200333333333332,-1.1200333333333332,-1.1200333333333332,3.0238,1.6048333333333333,1.6048333333333333,1.6048333333333333,7.808,-3.295,0.6666666666666666,0.3333333333333333,0.0,14.0,181.66666666666666,131,0.0,0.0,0.0,0.3333333333333333,4.666666666666667,-0.9360666666666667,-0.8871333333333334,71.9166,71.9166,71.9166,71.1296,23.0,23.0,23.0,21,50.39126666666667,50.39126666666667,50.39126666666667,50.3618,17.476533333333332,17.476533333333332,17.476533333333332,16.7123,32.5657,32.5657,32.5657,35.2066,39.77923333333334,39.77923333333334,39.77923333333334,45.1163,49.897466666666666,49.897466666666666,49.897466666666666,48.2877,16.299566666666667,16.299566666666667,16.299566666666667,16.0213,29.901799999999998,29.901799999999998,29.901799999999998,31.5834,44.32496666666666,44.32496666666666,44.32496666666666,47.1022,32.31656666666667,32.31656666666667,32.31656666666667,33.4143,43.513133333333336,43.513133333333336,43.513133333333336,42.5323,34.38906666666667,34.38906666666667,34.38906666666667,33.4722,38.59283333333333,38.59283333333333,38.59283333333333,37.9347,32.726333333333336,32.726333333333336,32.726333333333336,32.214,30.155,30.155,30.155,28.8738,0,,,,,False,2026,,135,Kennesaw St.,CUSA,1.1909,149,0.3015,-8
Archie Miller,archie miller,2026,237,Rhode Island,A10,10,3,0.5411392405063291,7.51944,-0.26010000000000005,1.4198600000000001,15.7303,-2.18178,-2.5232666666666668,-4.12684,3.413,-9.0555,0.2,0.0,0.1,-23.5,105.8,34,0.0,0.3,0.6,0.3,2.5,5.7122,-0.5116799999999999,67.58461,68.38323333333334,67.63542,65.7679,189.8,138.66666666666666,176.0,272,50.37393,51.48510000000001,49.43818,50.1144,18.30766,18.536066666666667,18.6432,19.211,29.209180000000003,29.469566666666665,29.09404,31.044,39.17801,39.62116666666666,39.46354,38.3867,49.173590000000004,50.77436666666667,50.04958,50.4197,17.95253,16.703599999999998,17.0042,21.0898,27.90267,29.5227,29.08706,31.8052,33.04557,34.42513333333333,33.69444,42.5659,33.226600000000005,33.5387,32.67456,31.0526,34.879599999999996,38.176233333333336,35.6356,43.4783,33.66538,33.965666666666664,33.4715,34.6821,38.250389999999996,40.205999999999996,38.58338,41.4868,27.230309999999996,29.356666666666666,27.57788,31.6637,31.843110000000003,32.57326666666667,31.2882,32.9972,0,,,,,False,2026,,237,Rhode Island,A10,2.7129,135,-2.0795,-23
Ashley Howard,ashley howard,2022,138,La Salle,A10,4,1,0.3879310344827586,-3.6787,-3.108233333333333,-3.6787,-0.8064,-1.97805,-1.1422333333333334,-1.97805,3.3836,-4.8874,0.25,0.0,0.0,-25.0,209.5,181,0.0,0.0,0.0,0.0,0.0,2.07985,-1.9089749999999999,68.444725,68.2863,68.444725,67.237,141.75,153.0,141.75,173,48.360225,48.74986666666666,48.360225,47.7716,20.061374999999998,20.031766666666666,20.061374999999998,18.574,28.403075,28.24636666666667,28.403075,28.9661,27.74055,27.495366666666666,27.74055,25.1253,50.467749999999995,50.201600000000006,50.467749999999995,50.0284,19.082425,18.8503,19.082425,16.789,28.50365,28.365133333333333,28.50365,27.3843,37.132925,35.72963333333333,37.132925,31.0404,33.078125,33.0782,33.078125,31.9832,41.0803,40.2576,41.0803,39.8886,33.2565,32.93536666666667,33.2565,35.9133,36.239625000000004,37.24766666666667,36.239625000000004,36.7254,35.102850000000004,34.417366666666666,35.102850000000004,33.9259,28.34105,29.183533333333333,28.34105,32.4324,0,,,,,False,2022,,138,La Salle,A10,-4.6839,229,-1.9229,-32
Austin Claunch,austin claunch,2026,323,UTSA,Amer,7,2,0.5047169811320755,-7.092714285714286,-9.615166666666667,-6.996599999999999,-1.8177,-0.7457142857142856,-5.869699999999999,-2.31072,8.9253,-18.6636,0.5714285714285714,0.14285714285714285,0.14285714285714285,-3.0,242.28571428571428,191,0.0,0.0,0.0,0.0,0.0,-4.520671428571428,5.806514285714286,69.65861428571428,69.69126666666666,70.08688,68.5945,83.57142857142857,68.33333333333333,59.6,113,49.6475,48.2532,49.5721,44.7691,17.58545714285714,17.210666666666665,17.31626,17.4422,28.2912,28.8051,29.0135,30.0901,26.159842857142856,28.7038,27.091019999999997,29.4565,51.04821428571428,53.03276666666667,51.3153,53.2584,20.3427,19.672700000000003,19.88924,14.6719,33.55218571428571,35.996100000000006,33.43012,38.7189,38.723642857142856,41.580666666666666,39.071659999999994,33.2584,33.28478571428571,32.8767,32.505700000000004,29.1785,39.97907142857143,40.42653333333333,39.36024,41.2624,33.939414285714285,35.63303333333334,35.00632,35.0649,37.10115714285714,39.714400000000005,38.55306,43.2584,34.01641428571428,34.073,32.6053,32.8025,29.15225714285714,31.178166666666666,30.988439999999997,34.8837,0,,,,,False,2026,,323,UTSA,Amer,-18.3551,338,-18.6636,-190
Avery Johnson,avery johnson,2019,4,Alabama,SEC,4,1,0.5474452554744526,11.312175,12.391966666666667,11.312175,13.415,-0.5418000000000001,-0.7811,-0.5418000000000001,4.6456,-5.4748,0.5,0.0,0.25,-12.5,68.25,56,0.0,0.0,1.0,0.25,4.5,9.530475000000001,2.427525,66.833425,67.52093333333333,66.833425,68.7097,223.0,190.0,223.0,117,49.993425,50.1341,49.993425,50.2828,20.038899999999998,20.076633333333334,20.038899999999998,19.5239,30.81185,31.645233333333334,30.81185,31.5012,39.915549999999996,39.658833333333334,39.915549999999996,37.9949,47.359899999999996,47.6247,47.359899999999996,48.9253,18.4003,18.4529,18.4003,16.8787,30.0204,28.4877,30.0204,27.9776,36.277,35.32353333333333,36.277,29.5554,33.048275000000004,32.74936666666667,33.048275000000004,33.9833,38.320725,36.560966666666666,38.320725,36.9152,33.068475,33.13596666666667,33.068475,33.2836,34.682500000000005,34.84823333333333,34.682500000000005,32.7308,30.17135,28.418166666666668,30.17135,29.902,28.78475,28.968433333333333,28.78475,27.4969,0,,,,,False,2019,,4,Alabama,SEC,10.6779,64,-1.5141,-14
BJ Hill,bj hill,2016,207,Northern Colorado,BSky,1,1,0.3225806451612903,-14.654,-14.654,-14.654,-14.654,-5.3184,-5.3184,-5.3184,-5.3184,-5.3184,0.0,0.0,1.0,-12.0,314.0,314,0.0,0.0,0.0,0.0,0.0,-5.1125,-0.9404,68.3075,68.3075,68.3075,68.3075,155.0,155.0,155.0,155,50.6905,50.6905,50.6905,50.6905,19.8719,19.8719,19.8719,19.8719,29.1667,29.1667,29.1667,29.1667,43.3773,43.3773,43.3773,43.3773,55.9359,55.9359,55.9359,55.9359,17.653,17.653,17.653,17.653,29.7741,29.7741,29.7741,29.7741,48.3668,48.3668,48.3668,48.3668,36.4173,36.4173,36.4173,36.4173,31.8895,31.8895,31.8895,31.8895,38.8365,38.8365,38.8365,38.8365,39.9497,39.9497,39.9497,39.9497,26.2287,26.2287,26.2287,26.2287,31.4783,31.4783,31.4783,31.4783,0,,,,,False,2016,,207,Northern Colorado,BSky,-14.654,314,-5.3184,-12
Bacari Alexander,bacari alexander,2018,70,Detroit,Horz,2,1,0.25396825396825395,-13.2058,-13.2058,-13.2058,-12.2113,-5.6911000000000005,-5.6911000000000005,-5.6911000000000005,-5.5641,-5.8181,0.0,0.0,1.0,-48.0,310.5,302,0.0,0.0,0.0,0.0,0.0,-1.72045,3.4806,72.50625,72.50625,72.50625,72.3979,19.5,19.5,19.5,21,50.01845,50.01845,50.01845,49.0909,18.8891,18.8891,18.8891,18.2159,26.99785,26.99785,26.99785,27.0485,34.621050000000004,34.621050000000004,34.621050000000004,31.123,56.8322,56.8322,56.8322,56.7152,18.3328,18.3328,18.3328,17.2361,31.386699999999998,31.386699999999998,31.386699999999998,31.3931,42.93585,42.93585,42.93585,37.4865,35.165099999999995,35.165099999999995,35.165099999999995,33.3333,38.1883,38.1883,38.1883,40.4278,39.103,39.103,39.103,40.5899,37.8292,37.8292,37.8292,38.4035,32.24765,32.24765,32.24765,33.1579,30.957250000000002,30.957250000000002,30.957250000000002,33.4491,0,,,,,False,2018,,70,Detroit,Horz,-14.2003,319,-5.5641,-45
Baker Dunleavy,baker dunleavy,2023,235,Quinnipiac,MAAC,6,1,0.48044692737430167,-6.963350000000001,-5.8202,-6.2634,-1.2932,0.6178666666666667,0.5967999999999999,0.43267999999999995,2.8198,-2.0708,0.6666666666666666,0.0,0.0,11.166666666666666,245.0,189,0.0,0.0,0.0,0.0,0.0,-6.0964,-6.335716666666666,68.76436666666667,70.10626666666667,69.21678,69.5497,132.33333333333334,58.333333333333336,106.8,54,50.1353,48.94433333333333,50.09262,49.9729,19.153183333333335,18.74683333333333,19.106,18.1417,27.740066666666667,27.3182,27.740019999999998,32.185,32.98818333333333,31.7901,32.18238,33.0081,49.326950000000004,47.61033333333333,48.46786,48.1097,16.173750000000002,16.9683,16.1393,16.4841,27.996816666666664,27.984399999999997,27.89196,27.5583,27.937083333333334,28.989966666666664,27.514300000000002,27.0501,34.96208333333333,34.1552,35.16838,36.1032,45.886833333333335,40.93076666666666,45.482659999999996,37.832,34.69873333333333,32.9255,33.71604,31.6474,36.285383333333336,36.063066666666664,36.17512,36.8477,38.83313333333333,34.83226666666666,38.9094,33.6149,31.921899999999997,30.735,31.52636,30.3745,0,,,,,False,2023,,235,Quinnipiac,MAAC,-1.2932,189,2.8198,19
Barclay Radebaugh,barclay radebaugh,2024,46,Charleston Southern,BSth,9,1,0.35793357933579334,-12.2035,-14.678633333333332,-15.2274,0.1664,-2.388911111111111,-0.3977000000000001,-4.24104,5.5951,-10.3057,0.3333333333333333,0.1111111111111111,0.2222222222222222,-9.222222222222221,292.6666666666667,160,0.0,0.0,0.0,0.0,0.0,-4.002,2.976377777777778,67.82662222222223,67.18913333333334,67.6177,66.9555,178.77777777777777,188.33333333333334,184.2,221,48.21948888888889,47.18366666666666,47.29356,45.1507,19.0744,19.25753333333333,20.027179999999998,18.2586,27.48312222222222,28.57303333333333,27.184679999999997,27.1617,29.25901111111111,29.068566666666666,28.531200000000002,31.3893,52.992666666666665,53.49913333333333,52.75996,50.9051,17.758666666666667,15.879400000000002,16.77198,13.598,28.613188888888892,28.6777,29.459840000000003,29.3432,34.323077777777776,33.362833333333334,32.6617,33.5206,32.518699999999995,31.845266666666664,31.6872,31.3869,40.81618888888889,40.288466666666665,41.62174,35.9109,35.78158888888889,34.73993333333333,34.445100000000004,31.9444,38.67032222222222,36.37683333333333,36.57116,31.4607,34.049055555555555,33.368766666666666,34.30828,29.8438,31.874855555555555,28.931433333333334,29.403000000000002,24.0179,0,,,,,False,2024,,46,Charleston Southern,BSth,-13.034,315,-0.9152,0
Barret Peery,barret peery,2021,229,Portland St.,BSky,4,1,0.525,-4.209725,-5.801066666666666,-4.209725,0.5643,3.74155,2.6686,3.74155,9.5837,-4.9001,0.75,0.5,0.0,44.25,217.0,164,0.0,0.0,0.0,0.0,0.0,-3.1295,3.056125,71.169475,70.03873333333333,71.169475,69.2485,66.75,86.66666666666667,66.75,116,47.540225,46.98383333333334,47.540225,44.4129,18.40215,19.0338,18.40215,20.0372,34.9646,35.05113333333333,34.9646,30.5322,33.997275,34.21326666666666,33.997275,34.5644,53.093675,52.461033333333326,53.093675,50.7726,20.946225,20.591733333333334,20.946225,22.6508,29.2282,28.7911,29.2282,23.5714,41.337275,40.6899,41.337275,46.6887,31.494225,30.938299999999998,31.494225,29.1971,36.440275,36.1609,36.440275,38.9205,35.868575,35.1735,35.868575,36.1204,33.238575,33.05206666666667,33.238575,33.0022,28.83305,28.306533333333334,28.83305,30.4054,26.4038,26.0672,26.4038,26.6886,0,,,,,False,2021,,229,Portland St.,BSky,-7.1668,245,3.3222,51
Barry Hinson,barry hinson,2019,271,Southern Illinois,MVC,4,1,0.5846153846153846,2.124125,1.8976666666666666,2.124125,2.8154,0.5868249999999999,-0.8136333333333333,0.5868249999999999,4.7882,-5.4316,0.75,0.0,0.25,5.0,142.5,135,0.0,0.0,0.0,0.0,0.0,-0.40049999999999997,-3.928675,66.766975,65.93046666666667,66.766975,65.8043,234.0,275.6666666666667,234.0,275,50.951775,50.895,50.951775,52.8198,19.175375,19.09136666666667,19.175375,20.9366,28.993275,28.098699999999997,28.993275,28.867,34.76455,33.25293333333334,34.76455,31.9767,50.81625,50.79193333333333,50.81625,49.6175,20.15795,19.765733333333333,20.15795,19.0631,28.811,29.874200000000002,28.811,29.2004,34.5664,31.111266666666666,34.5664,25.6284,34.727425000000004,34.868500000000004,34.727425000000004,37.3684,32.519,32.08336666666667,32.519,33.1395,34.91885,35.952400000000004,34.91885,35.0829,37.661075000000004,38.47796666666667,37.661075000000004,39.5628,26.91695,26.9062,26.91695,29.1249,31.62455,33.686933333333336,31.62455,35.541,0,,,,,False,2019,,271,Southern Illinois,MVC,1.7882,146,-5.4316,-59
Bart Lundy,bart lundy,2026,171,Milwaukee,Horz,4,1,0.5639097744360902,-4.002175,-3.7697333333333334,-4.002175,2.1066,1.8489750000000003,-0.42686666666666667,1.8489750000000003,8.6765,-4.2459,0.75,0.25,0.0,21.25,214.5,141,0.0,0.0,0.0,0.0,0.0,-3.1751,2.500425,69.67432500000001,68.8501,69.67432500000001,67.4145,84.75,110.0,84.75,181,50.93635,50.77356666666666,50.93635,49.8685,18.495275,17.516566666666666,18.495275,15.2244,35.358525,36.28633333333334,35.358525,33.0465,34.01045,34.7021,34.01045,32.0884,51.457775,52.54013333333333,51.457775,55.5,16.82,16.553866666666668,16.82,15.8315,30.29845,29.44943333333333,30.29845,29.2201,32.6128,33.70903333333333,32.6128,35.8889,32.638275,32.109233333333336,32.638275,32.2759,36.639325,36.128433333333334,36.639325,38.1378,33.92385,34.7556,33.92385,36.4641,39.741550000000004,39.07223333333334,39.741550000000004,40.2222,28.531,27.714100000000002,28.531,30.324,31.816275,31.305899999999998,31.816275,31.9613,0,,,,,False,2026,,171,Milwaukee,Horz,-8.8155,268,-4.2459,-56
Bashir Mason,bashir mason,2026,248,Saint Peter's,MAAC,11,2,0.5507692307692308,-7.0146999999999995,-7.237933333333333,-6.2737,1.6699,0.1942636363636363,0.9507333333333335,-0.10350000000000001,9.9147,-10.7399,0.5454545454545454,0.18181818181818182,0.2727272727272727,9.727272727272727,244.63636363636363,149,0.0,0.0,0.0,0.09090909090909091,2.8181818181818183,-7.665590909090909,0.7437909090909092,65.11681818181818,64.57123333333332,64.61404,65.5761,291.3636363636364,318.3333333333333,304.4,278,46.73381818181818,45.218500000000006,45.90088,46.3519,19.486099999999997,19.188833333333335,19.03876,17.6645,35.39939090909091,36.183033333333334,35.689620000000005,36.9837,32.8795,36.06536666666667,33.757459999999995,35.4997,48.99129090909091,47.519666666666666,48.037040000000005,48.1068,19.92290909090909,19.4099,20.05566,20.0953,29.761699999999998,32.000733333333336,30.842720000000003,34.6567,43.98325454545455,42.175999999999995,43.4485,46.4503,31.663963636363636,32.11756666666667,30.785159999999998,31.0127,35.44906363636364,36.24973333333333,34.820080000000004,38.7492,33.74788181818182,32.0282,32.019760000000005,32.1293,37.58726363636364,36.17366666666667,36.74336,35.5646,28.80249090909091,29.860466666666667,27.823400000000003,30.3406,29.480000000000004,27.683300000000003,27.763080000000002,26.2151,0,,,,,False,2026,,248,Saint Peter's,MAAC,-7.2407,253,1.9607,37
Ben Fletcher,ben fletcher,2025,267,South Florida,Amer,1,1,0.40625,-2.8404,-2.8404,-2.8404,-2.8404,-9.2744,-9.2744,-9.2744,-9.2744,-9.2744,0.0,0.0,1.0,-94.0,196.0,196,0.0,0.0,0.0,0.0,0.0,0.37,-5.4733,68.4837,68.4837,68.4837,68.4837,122.0,122.0,122.0,122,49.7263,49.7263,49.7263,49.7263,16.1774,16.1774,16.1774,16.1774,27.7385,27.7385,27.7385,27.7385,34.9206,34.9206,34.9206,34.9206,49.7296,49.7296,49.7296,49.7296,18.2856,18.2856,18.2856,18.2856,33.1858,33.1858,33.1858,33.1858,36.6685,36.6685,36.6685,36.6685,31.5866,31.5866,31.5866,31.5866,37.6026,37.6026,37.6026,37.6026,33.3333,33.3333,33.3333,33.3333,37.4797,37.4797,37.4797,37.4797,28.6154,28.6154,28.6154,28.6154,29.6661,29.6661,29.6661,29.6661,0,,,,,False,2025,,267,South Florida,Amer,-2.8404,196,-9.2744,-94
Ben Howland,ben howland,2022,174,Mississippi St.,SEC,7,1,0.5775862068965517,12.905271428571428,13.269766666666667,14.690819999999999,20.0378,2.1282714285714284,0.9037666666666667,1.2451,6.2201,-0.1177,0.8571428571428571,0.14285714285714285,0.0,12.0,57.857142857142854,21,0.14285714285714285,0.42857142857142855,1.0,0.14285714285714285,1.8571428571428572,7.801028571428572,-3.1548285714285713,67.28185714285715,65.87483333333334,66.54648,65.6369,205.28571428571428,277.0,242.2,259,51.55922857142857,50.44506666666667,51.628240000000005,49.6298,19.678714285714285,20.791,20.14836,19.604,32.92367142857143,35.60106666666667,34.71712,34.0728,34.137885714285716,37.082166666666666,35.11412,38.0751,48.62197142857143,48.256699999999995,48.66654,49.6277,18.709457142857143,17.906366666666667,18.55012,19.4293,29.249242857142857,27.174899999999997,28.36614,25.7193,31.528485714285715,28.233666666666664,29.307920000000003,28.2979,33.53422857142857,32.471399999999996,33.32340000000001,29.5113,33.563071428571426,28.0234,32.058139999999995,28.1333,32.93394285714286,31.877533333333332,32.94008,31.8878,37.38111428571428,39.62566666666667,38.7257,41.7021,26.64474285714286,21.456366666666668,25.10324,19.6578,30.882757142857145,32.402300000000004,32.309839999999994,33.3037,0,,,,,False,2022,,174,Mississippi St.,SEC,13.8646,49,1.0706,16
Ben Howlett,ben howlett,2026,128,IU Indy,Horz,1,1,0.21875,-13.8323,-13.8323,-13.8323,-13.8323,3.2757,3.2757,3.2757,3.2757,3.2757,1.0,0.0,0.0,37.0,317.0,317,0.0,0.0,0.0,0.0,0.0,-3.6312,-1.2075,73.2611,73.2611,73.2611,73.2611,3.0,3.0,3.0,3,52.2019,52.2019,52.2019,52.2019,15.8585,15.8585,15.8585,15.8585,28.6719,28.6719,28.6719,28.6719,21.6724,21.6724,21.6724,21.6724,58.2157,58.2157,58.2157,58.2157,19.1808,19.1808,19.1808,19.1808,35.5509,35.5509,35.5509,35.5509,46.5839,46.5839,46.5839,46.5839,32.4324,32.4324,32.4324,32.4324,42.1079,42.1079,42.1079,42.1079,38.5466,38.5466,38.5466,38.5466,35.7425,35.7425,35.7425,35.7425,34.1303,34.1303,34.1303,34.1303,27.3645,27.3645,27.3645,27.3645,0,,,,,False,2026,,128,IU Indy,Horz,-13.8323,317,3.2757,37
Ben Jacobson,ben jacobson,2026,209,Northern Iowa,MVC,11,1,0.5649717514124294,5.038309090909091,7.512966666666667,5.4331000000000005,13.4268,-0.5877,2.9682333333333335,0.7176600000000001,8.6038,-10.4772,0.6363636363636364,0.18181818181818182,0.2727272727272727,-18.818181818181817,122.9090909090909,49,0.0,0.09090909090909091,0.36363636363636365,0.18181818181818182,2.090909090909091,2.8852727272727274,4.274318181818182,65.21861818181819,64.82633333333334,65.87126,62.2918,274.0,297.0,244.4,364,51.53657272727273,53.53953333333333,52.974419999999995,53.782,16.814272727272726,15.178766666666666,15.87884,14.4078,22.947745454545455,23.536333333333335,22.79314,21.7984,31.225036363636363,32.681533333333334,32.4698,25.5608,50.9462,50.3739,51.757979999999996,47.4788,17.739236363636362,17.291366666666665,17.625220000000002,17.9874,23.999054545454545,24.801599999999997,23.7337,26.5479,27.274436363636365,29.456999999999997,27.517680000000002,29.6178,34.84678181818182,35.21713333333333,34.88886,34.6667,40.45997272727273,37.42216666666667,38.90478,39.1236,34.50081818181818,33.234033333333336,34.25768,29.0978,41.01928181818182,41.2225,43.78846,41.7728,33.68079090909091,30.446266666666663,31.5022,32.4865,34.863018181818184,33.5471,36.42086,31.3842,0,,,,,False,2026,,209,Northern Iowa,MVC,10.9319,78,6.6913,38
Ben Johnson,ben johnson,2025,172,Minnesota,B10,4,1,0.4409448818897638,5.35915,5.4183666666666666,5.35915,10.3944,-1.7972750000000002,-2.3362000000000003,-1.7972750000000002,6.6202,-9.4885,0.25,0.25,0.25,-21.75,121.5,78,0.0,0.0,0.5,0.0,0.0,9.53145,-7.5596,65.077425,65.06776666666667,65.077425,62.8721,288.0,289.0,288.0,357,50.917575,50.997800000000005,50.917575,49.8616,16.963649999999998,17.967966666666666,16.963649999999998,16.6285,25.906475,28.6348,25.906475,30.1971,30.13425,32.31163333333333,30.13425,31.4507,50.563075,50.350300000000004,50.563075,50.1119,15.73575,15.707366666666667,15.73575,16.2921,29.479775,30.114333333333335,29.479775,30.7335,27.697675,29.168966666666666,27.697675,33.0537,34.24435,33.39496666666667,34.24435,32.1538,37.002275,36.85843333333333,37.002275,35.9911,35.002775,35.44923333333333,35.002775,34.584,32.6794,32.016466666666666,32.6794,34.2841,31.199075,29.95696666666667,31.199075,28.7879,28.301825,27.909166666666668,28.301825,28.5074,0,,,,,False,2025,,172,Minnesota,B10,9.1462,83,-4.1403,-24
Ben McCollum,ben mccollum,2026,125,Iowa,B10,2,2,0.7638888888888888,19.2556,19.2556,19.2556,23.387,9.75415,9.75415,9.75415,12.3962,7.1121,1.0,1.0,0.0,52.5,37.0,22,0.5,0.5,1.0,1.0,10.0,7.32575,-5.06465,60.92695,60.92695,60.92695,62.4783,363.0,363.0,363.0,362,55.12395,55.12395,55.12395,56.383,16.7695,16.7695,16.7695,15.1056,32.75025,32.75025,32.75025,30.1939,38.8608,38.8608,38.8608,35.0557,52.0125,52.0125,52.0125,52.5871,21.034750000000003,21.034750000000003,21.034750000000003,20.2981,27.42705,27.42705,27.42705,29.1589,37.587149999999994,37.587149999999994,37.587149999999994,38.5076,35.53815,35.53815,35.53815,35.446,39.68765,39.68765,39.68765,43.1611,32.21465,32.21465,32.21465,33.2429,39.35185,39.35185,39.35185,40.1416,30.4895,30.4895,30.4895,32.8499,28.88505,28.88505,28.88505,29.9755,0,,,,,False,2026,,125,Iowa,B10,23.387,22,7.1121,24
Bill Armstrong,bill armstrong,2026,163,McNeese,Slnd,1,1,0.8235294117647058,12.492,12.492,12.492,12.492,5.4163,5.4163,5.4163,5.4163,5.4163,1.0,1.0,0.0,36.0,65.0,65,0.0,0.0,1.0,1.0,12.0,-1.3434,8.8049,66.0894,66.0894,66.0894,66.0894,252.0,252.0,252.0,252,50.6589,50.6589,50.6589,50.6589,14.152,14.152,14.152,14.152,35.0799,35.0799,35.0799,35.0799,37.4275,37.4275,37.4275,37.4275,49.2801,49.2801,49.2801,49.2801,24.4866,24.4866,24.4866,24.4866,34.9251,34.9251,34.9251,34.9251,42.0516,42.0516,42.0516,42.0516,31.7365,31.7365,31.7365,31.7365,35.2135,35.2135,35.2135,35.2135,32.6923,32.6923,32.6923,32.6923,46.7906,46.7906,46.7906,46.7906,25.9592,25.9592,25.9592,25.9592,35.4824,35.4824,35.4824,35.4824,0,,,,,False,2026,,163,McNeese,Slnd,12.492,65,5.4163,36
Bill Carmody,bill carmody,2019,112,Holy Cross,Pat,4,1,0.44274809160305345,-8.448325,-7.466666666666666,-8.448325,-4.2284,-3.04455,-2.270033333333333,-3.04455,-0.3256,-5.3681,0.0,0.0,0.25,-20.75,257.25,215,0.0,0.0,0.0,0.25,4.0,-4.7113,-2.92105,62.6322,62.311566666666664,62.6322,63.6028,342.5,343.6666666666667,342.5,336,50.897774999999996,51.8889,50.897774999999996,52.699,17.453625,17.68143333333333,17.453625,16.1391,20.596,19.756266666666665,20.596,20.5993,30.817,29.061666666666667,30.817,23.1189,52.7998,52.68306666666666,52.7998,53.795,21.848599999999998,22.61453333333333,21.848599999999998,22.0875,31.728825,32.43866666666667,31.728825,32.948,31.135624999999997,30.3734,31.135624999999997,26.8144,33.76245,34.13666666666666,33.76245,35.3731,40.332525000000004,40.1347,40.332525000000004,36.5322,35.663425,35.640233333333335,35.663425,37.2925,43.828475,44.84123333333333,43.828475,43.3795,33.207225,33.2044,33.207225,32.0848,36.558825,37.57946666666667,36.558825,38.1533,0,,,,,False,2019,,112,Holy Cross,Pat,-6.8123,239,-3.2129,-32
Bill Coen,bill coen,2026,205,Northeastern,CAA,11,1,0.4749262536873156,-1.7366090909090912,-6.971466666666667,-8.026900000000001,7.5915,-1.1513727272727274,-2.5717666666666665,-4.38368,5.9779,-8.1846,0.45454545454545453,0.09090909090909091,0.2727272727272727,-19.09090909090909,190.63636363636363,89,0.0,0.0,0.18181818181818182,0.09090909090909091,1.1818181818181819,-1.0799545454545454,1.9811272727272728,66.50145454545454,67.67416666666666,66.82692,69.6431,240.0909090909091,174.0,207.8,66,52.52906363636364,51.571933333333334,50.56287999999999,52.4246,18.815672727272727,17.948833333333333,19.26148,16.3779,26.60506363636364,30.167999999999996,29.71658,27.2811,31.19447272727273,29.075333333333333,29.117520000000003,29.3642,51.59979090909091,53.49503333333333,52.46966,56.3897,17.080118181818182,17.314233333333334,16.40576,16.7932,26.94363636363636,29.760166666666667,27.968740000000004,30.1636,30.670945454545457,33.510933333333334,31.552660000000003,41.8911,35.107445454545456,33.04586666666667,32.86588,33.6662,40.78507272727273,36.228433333333335,37.281259999999996,37.7694,34.2333,36.07876666666667,35.48736,35.8306,34.456,36.247233333333334,35.0308,35.1862,33.701327272727276,29.023266666666668,30.198559999999997,30.491,28.322981818181816,29.998866666666668,29.213060000000002,26.2948,0,,,,,False,2026,,205,Northeastern,CAA,-10.7554,287,-5.9793,-69
Bill Courtney,bill courtney,2016,61,Cornell,Ivy,1,1,0.35714285714285715,-10.3382,-10.3382,-10.3382,-10.3382,-0.1922,-0.1922,-0.1922,-0.1922,-0.1922,0.0,0.0,0.0,32.0,276.0,276,0.0,0.0,0.0,0.0,0.0,-0.534,-1.4063,72.6922,72.6922,72.6922,72.6922,19.0,19.0,19.0,19,48.7013,48.7013,48.7013,48.7013,17.8715,17.8715,17.8715,17.8715,22.447,22.447,22.447,22.447,32.282,32.282,32.282,32.282,51.4786,51.4786,51.4786,51.4786,19.8403,19.8403,19.8403,19.8403,36.1055,36.1055,36.1055,36.1055,35.7876,35.7876,35.7876,35.7876,34.1426,34.1426,34.1426,34.1426,40.7545,40.7545,40.7545,40.7545,36.425,36.425,36.425,36.425,35.7876,35.7876,35.7876,35.7876,35.2296,35.2296,35.2296,35.2296,30.1957,30.1957,30.1957,30.1957,0,,,,,False,2016,,61,Cornell,Ivy,-10.3382,276,-0.1922,32
Bill Evans,bill evans,2019,117,Idaho St.,BSky,4,1,0.3821138211382114,-12.411,-13.2627,-12.411,-5.6956,-2.2179249999999997,-4.587133333333333,-2.2179249999999997,7.4279,-12.1852,0.5,0.25,0.5,-2.0,289.25,226,0.0,0.0,0.0,0.0,0.0,-4.7406500000000005,1.677525,68.50825,67.97483333333334,68.50825,66.8473,151.5,173.66666666666666,151.5,221,51.815124999999995,52.39993333333333,51.815124999999995,52.0249,18.4575,18.5025,18.4575,17.6482,23.076025,22.530866666666668,23.076025,25.7862,34.974675,33.8015,34.974675,28.785,54.218375,55.0538,54.218375,56.1108,16.83985,16.651,16.83985,15.0452,29.653525000000002,30.064333333333334,29.653525000000002,29.7659,32.81545,31.952799999999996,32.81545,30.584,36.702075,37.0352,36.702075,36.1516,39.421350000000004,40.033966666666664,39.421350000000004,42.7414,36.943825000000004,37.92123333333333,36.943825000000004,39.6104,37.928875,37.2617,37.928875,37.0861,33.84225,34.65403333333333,33.84225,37.0333,31.85945,31.833233333333336,31.85945,32.6349,0,,,,,False,2019,,117,Idaho St.,BSky,-16.1822,329,-9.0041,-70
Bill Herrion,bill herrion,2023,189,New Hampshire,AE,8,1,0.47413793103448276,-9.1052,-8.505366666666667,-11.135259999999999,-0.8046,-2.4961375,-1.2523666666666669,-1.661,6.5212,-11.0691,0.375,0.125,0.5,-17.75,260.375,182,0.0,0.0,0.0,0.0,0.0,-6.15365,-3.66185,65.6448625,64.24353333333333,65.38892,64.0564,276.25,314.3333333333333,277.8,329,46.991662500000004,47.3399,46.54968,45.7611,16.933075,15.379566666666667,16.59504,15.0208,27.02365,27.10626666666667,26.208859999999998,26.0788,29.56105,29.23363333333333,27.06528,29.5792,49.8103,49.6807,49.53828,49.0909,15.5868,16.029799999999998,16.255679999999998,16.2095,22.7966,23.791666666666668,23.50802,27.4043,34.799125000000004,32.04926666666667,34.63972,30.1567,33.403375,33.92006666666666,33.45582,33.3837,41.0951,39.576433333333334,41.83694,40.9653,33.3980875,33.24743333333333,32.996159999999996,31.3953,36.765425,35.8023,36.697179999999996,32.3511,36.176825,35.19216666666667,37.95274,36.6501,29.7698875,29.24036666666667,29.422199999999997,25.5386,0,,,,,False,2023,,189,New Hampshire,AE,-9.3639,284,3.9661,43
Bill Self,bill self,2026,133,Kansas,B12,11,1,0.7712082262210797,24.341254545454547,21.678133333333335,23.0731,30.234,-0.1884,-2.3752999999999997,-1.4677599999999997,9.024,-8.363,0.45454545454545453,0.18181818181818182,0.18181818181818182,-7.181818181818182,13.363636363636363,1,0.8181818181818182,1.0,1.0,1.0,2.5454545454545454,13.824536363636362,6.8594,68.87476363636364,68.51796666666667,68.80008000000001,67.7928,119.36363636363636,120.33333333333333,100.2,159,53.56230909090909,52.584133333333334,52.8344,51.2337,17.310863636363635,16.342166666666667,16.74568,15.6109,30.53419090909091,28.468433333333333,29.397199999999998,29.2461,31.905663636363634,29.698233333333334,30.254179999999998,32.2206,46.7589,46.529500000000006,46.48012,45.0248,17.8493,15.3127,16.85024,13.8256,28.266,27.991066666666665,28.224759999999996,29.8755,28.408472727272727,28.01516666666667,28.57004,27.3751,36.272845454545454,34.5588,34.891200000000005,34.6154,34.516881818181815,33.0396,33.2031,35.2201,32.331227272727276,31.981800000000003,31.35512,30.5705,38.19148181818182,41.14216666666667,38.69336,41.828,28.9808,27.0481,27.26,28.7562,32.61766363636364,34.9843,32.199439999999996,35.2503,0,,,,,False,2026,,133,Kansas,B12,24.1522,21,2.7061,0
Billy Donlon,billy donlon,2022,310,UMKC,Sum,4,2,0.5666666666666667,-2.902125,-4.541133333333334,-2.902125,2.0149,1.669,2.413866666666667,1.669,5.2579,-1.0014,0.5,0.25,0.0,22.0,199.5,146,0.0,0.0,0.0,0.0,0.0,-2.2615,3.371875,64.977125,64.93063333333333,64.977125,67.3882,288.25,280.3333333333333,288.25,162,51.35525,51.34506666666667,51.35525,52.3057,17.9013,18.360400000000002,17.9013,15.6195,21.571325,22.400900000000004,21.571325,21.6125,31.361449999999998,30.821166666666667,31.361449999999998,31.6206,50.59935,51.257666666666665,50.59935,51.9713,21.2848,21.5207,21.2848,21.0242,26.65395,27.052066666666665,26.65395,26.6344,49.10835,49.36933333333334,49.10835,44.4444,35.912425,35.27606666666667,35.912425,35.5899,34.882175000000004,34.295966666666665,34.882175000000004,34.058,33.556225,33.72516666666667,33.556225,33.4711,34.33765,34.08096666666666,34.33765,34.6953,30.324175,29.3947,30.324175,28.9157,25.210825,24.80026666666667,25.210825,25.3653,0,,,,,False,2022,,310,UMKC,Sum,-3.5459,214,2.9851,33
Billy Gillispie,billy gillispie,2026,362,Tarleton St.,WAC,6,1,0.5,-3.8592166666666667,-3.7571999999999997,-2.84056,3.7545,2.9524333333333335,1.6481000000000001,2.11022,7.9427,-6.9714,0.8333333333333334,0.3333333333333333,0.16666666666666666,31.666666666666668,212.16666666666666,129,0.0,0.0,0.0,0.0,0.0,0.8757166666666666,7.173100000000001,65.97515,67.33213333333333,66.28776,69.2832,245.0,192.33333333333334,227.8,78,47.77635,48.0514,47.60684,48.3008,19.445866666666667,20.57166666666667,19.65502,20.0223,27.027166666666663,29.918633333333332,28.56848,31.5353,38.89178333333333,37.9428,39.04236,41.9132,52.32481666666666,52.012,52.36024,53.5834,23.13995,22.224500000000003,23.097140000000003,23.3845,32.91431666666667,33.90676666666667,33.16594,35.1351,42.884449999999994,43.33513333333334,42.36066,47.6892,33.389783333333334,32.6804,32.57916,32.4675,27.45415,26.723200000000002,27.20448,24.2291,34.7019,34.113566666666664,34.38466,34.9259,42.17296666666667,39.73303333333333,40.91628,40.6564,22.177233333333334,21.13723333333333,21.47698,18.482,32.402683333333336,30.001833333333334,31.19242,29.9859,0,,,,,False,2026,,362,Tarleton St.,WAC,-4.4485,220,3.973,56
Billy Kennedy,billy kennedy,2019,290,Texas A&M,SEC,4,1,0.5925925925925926,14.298525,11.977266666666665,14.298525,21.2623,-1.39535,-4.579266666666666,-1.39535,8.1564,-5.0038,0.25,0.25,0.25,-17.75,50.5,18,0.25,0.5,1.0,0.5,2.5,9.375925,1.534625,67.149625,67.15259999999999,67.149625,67.4189,207.75,200.33333333333334,207.75,187,50.800275,50.65186666666667,50.800275,49.2675,19.424775,20.120966666666664,19.424775,19.9955,34.663399999999996,34.70446666666667,34.663399999999996,32.7177,34.412525,33.187099999999994,34.412525,34.2377,47.70525,47.80633333333333,47.70525,49.3367,18.0816,17.050233333333335,18.0816,18.4643,30.119425,30.35813333333333,30.119425,32.4836,28.749125,27.546466666666664,28.749125,26.9898,32.674125000000004,32.18436666666667,32.674125000000004,30.7692,34.744025,33.90083333333333,34.744025,35.974,33.560225,33.635866666666665,33.560225,33.1347,39.792775,39.68906666666667,39.792775,42.8061,27.313924999999998,26.482199999999995,27.313924999999998,27.1638,34.744075,34.812000000000005,34.744075,36.3082,0,,,,,False,2019,,290,Texas A&M,SEC,7.4862,91,-5.0038,-44
Billy Lange,billy lange,2025,245,Saint Joseph's,A10,6,1,0.43783783783783786,0.6145333333333333,5.134133333333334,2.4050199999999995,9.074,-0.2792833333333334,0.5421666666666666,0.45924,4.0243,-3.9719,0.3333333333333333,0.0,0.0,-9.166666666666666,166.66666666666666,85,0.0,0.0,0.3333333333333333,0.0,0.0,3.17915,0.3833666666666666,69.52073333333334,68.6316,69.18826,68.2077,88.16666666666667,110.33333333333333,96.4,132,49.92093333333333,51.57523333333333,50.59478,51.6184,17.94565,17.072033333333334,17.8901,16.3889,27.2414,29.4589,27.435719999999996,30.2932,28.910349999999998,31.550900000000002,28.86638,31.7391,50.05856666666667,48.80086666666667,49.523720000000004,46.8662,16.339,17.606266666666667,16.740000000000002,16.223,28.647266666666667,29.2805,28.58116,27.916,29.626416666666668,29.1434,29.14482,25.9189,32.731950000000005,33.88726666666667,33.33016,33.541,47.33938333333333,46.75063333333333,46.87416,46.5217,34.08898333333334,33.49563333333334,33.479079999999996,33.3811,36.4599,39.17173333333333,37.10208,32.8935,38.5897,37.7299,38.50872,36.8862,30.674983333333333,33.07983333333333,31.053000000000004,29.1007,0,,,,,False,2025,,245,Saint Joseph's,A10,9.074,85,-0.5334,1
Billy Taylor,billy taylor,2026,81,Elon,CAA,4,1,0.40310077519379844,-9.669,-7.620733333333334,-9.669,-3.6913,1.131575,3.0773666666666664,1.131575,6.2619,-4.7058,0.75,0.25,0.0,28.0,272.75,206,0.0,0.0,0.0,0.0,0.0,-3.9606500000000002,-2.028325,66.415875,66.60956666666667,66.415875,66.8608,232.75,226.33333333333334,232.75,212,50.24435,51.0574,50.24435,52.2006,17.798475,17.6144,17.798475,15.9308,30.46555,32.328066666666665,30.46555,32.1828,33.150775,35.020833333333336,33.150775,33.5376,51.822375,51.739399999999996,51.822375,53.9598,15.590925,15.0721,15.590925,16.4135,32.119425,32.64246666666667,32.119425,33.5244,29.4375,29.58373333333333,29.4375,34.6347,32.98755,34.2467,32.98755,34.2784,42.2087,42.82866666666666,42.2087,43.2312,34.720124999999996,34.553466666666665,34.720124999999996,36.4662,43.579325,42.85836666666666,43.579325,44.5064,33.5827,34.53123333333333,33.5827,34.6354,36.494525,35.73826666666667,36.494525,36.7115,0,,,,,False,2026,,81,Elon,CAA,-5.8599,231,2.3895,42
Billy Wright,billy wright,2020,339,Western Illinois,Sum,5,1,0.32142857142857145,-11.36992,-13.061766666666665,-11.36992,-5.9094,-3.15366,-3.5404,-3.15366,0.1579,-5.8804,0.4,0.0,0.4,-17.2,289.2,232,0.0,0.0,0.0,0.0,0.0,-2.35486,-3.7918399999999997,68.65997999999999,68.90406666666667,68.65997999999999,71.3126,147.2,139.0,147.2,44,49.59278,49.40946666666667,49.59278,48.5139,17.39188,16.772000000000002,17.39188,15.4635,21.25544,20.6201,21.25544,21.2254,26.83116,24.401133333333334,26.83116,21.6645,52.05512,53.00156666666667,52.05512,55.6513,14.623619999999999,14.6944,14.623619999999999,15.1198,26.23222,26.270633333333336,26.23222,26.1519,35.11086,30.817566666666664,35.11086,35.0103,37.24274,36.5824,37.24274,36.5724,35.65886,35.27946666666667,35.65886,37.3844,38.77216,37.7579,38.77216,37.7176,34.390280000000004,36.89946666666667,34.390280000000004,35.6306,33.60262,33.1403,33.60262,35.896,30.95218,32.801433333333335,30.95218,29.25,0,,,,,False,2020,,339,Western Illinois,Sum,-16.6764,330,-5.8804,-35
Bob Hoffman,bob hoffman,2019,165,Mercer,SC,4,1,0.48854961832061067,-0.521225,-0.13990000000000005,-0.521225,1.3693,0.9395,0.723,0.9395,3.2022,-3.1099,0.75,0.0,0.0,16.25,170.0,145,0.0,0.0,0.0,0.0,0.0,-1.4226999999999999,0.5623,64.05285,64.2711,64.05285,66.8115,311.5,301.6666666666667,311.5,224,51.3857,51.90213333333333,51.3857,51.0166,18.825175,18.689400000000003,18.825175,19.3206,32.660075,31.323533333333334,32.660075,28.7894,34.142675,34.745666666666665,34.142675,35.6747,51.153675,51.91143333333333,51.153675,52.6986,17.11165,17.405433333333335,17.11165,20.0715,28.2267,28.516366666666666,28.2267,32.3123,34.1291,34.54606666666667,34.1291,34.6877,35.328775,35.354,35.328775,33.8211,37.1439,39.110800000000005,37.1439,37.8928,35.41335,35.21456666666666,35.41335,34.5904,45.906425,46.24406666666667,45.906425,46.6343,30.654249999999998,31.9658,30.654249999999998,30.3945,38.465525,37.966033333333336,38.465525,37.4824,0,,,,,False,2019,,165,Mercer,SC,-3.0592,199,3.2022,49
Bob Huggins,bob huggins,2023,337,West Virginia,B12,8,1,0.625,19.1952875,17.031433333333336,15.9008,27.1673,1.7495250000000002,0.3094333333333332,-1.0543999999999998,10.006,-14.3798,0.5,0.5,0.125,1.375,30.0,7,0.75,0.75,1.0,0.75,3.75,11.961475,1.198575,69.2822,68.54013333333333,69.13248,68.4798,103.625,120.0,104.2,116,49.0923875,49.0888,48.2397,51.5105,18.56235,17.819433333333333,19.094900000000003,18.525,36.7165125,33.29616666666667,35.38552,34.0142,38.6616625,37.8093,38.56702,39.3753,49.5561625,50.83773333333334,49.86746,50.8885,22.6515125,21.438033333333333,21.0503,20.8828,29.96225,31.378566666666668,30.115519999999997,29.3199,39.7079125,33.578966666666666,35.14588,38.6645,33.5576625,34.73636666666666,32.87594,35.0282,34.142849999999996,34.33733333333333,34.32912,36.2519,33.918625,33.341033333333336,32.98492,34.0491,36.8673625,36.64443333333333,36.72986,35.1104,27.4779625,28.4388,27.4104,28.8037,29.485025,29.225566666666666,29.091739999999998,27.6234,0,,,,,False,2023,,337,West Virginia,B12,18.8183,19,7.4853,54
Bob Marlin,bob marlin,2025,147,Louisiana,SB,10,1,0.5882352941176471,0.39637,-1.0998999999999999,-1.6669399999999999,11.1425,-0.18477999999999994,-1.4893666666666665,-1.5828200000000001,6.8297,-13.6022,0.6,0.2,0.2,-10.7,166.7,69,0.0,0.0,0.2,0.1,1.9,-1.7407299999999999,-0.33227,70.11426,67.83133333333333,68.80752,66.3879,79.2,155.0,115.4,236,49.992779999999996,49.75726666666666,49.6449,45.7493,18.29748,16.835866666666664,18.562199999999997,16.0326,32.34171,30.019966666666665,31.17724,25.8813,35.34412,31.808066666666665,32.209199999999996,29.7548,50.52893,50.594033333333336,49.413120000000006,51.3498,18.86185,19.351200000000002,18.72502,19.1176,29.42419,31.60076666666667,30.063280000000002,35.5427,36.230810000000005,39.34666666666667,36.7612,43.8254,33.69377,33.464333333333336,34.05712,31.3305,36.4053,35.3288,35.1272,38.0926,34.11687,31.6382,32.410700000000006,31.4642,33.16666,33.01,32.56456,36.8754,29.35518,29.03193333333333,29.36306,31.6322,26.661990000000003,24.132033333333336,25.18092,25.8422,0,,,,,False,2025,,147,Louisiana,SB,-13.201,313,-13.6022,-161
Bob McKillop,bob mckillop,2022,64,Davidson,A10,7,1,0.6330275229357798,10.6423,12.530000000000001,12.01342,14.8511,1.0469,1.899,2.63368,8.0253,-5.1262,0.42857142857142855,0.2857142857142857,0.14285714285714285,2.7142857142857144,71.28571428571429,40,0.0,0.2857142857142857,0.8571428571428571,0.2857142857142857,4.714285714285714,3.4416571428571427,1.3392857142857142,65.68995714285714,63.977466666666665,64.22888,64.6942,268.42857142857144,330.0,328.2,307,54.06734285714286,54.793533333333336,54.969280000000005,55.6567,15.899257142857142,16.170933333333334,15.9434,14.7669,24.59727142857143,25.422433333333334,24.439,23.6043,29.665771428571425,30.283966666666668,28.75756,32.5055,50.006614285714285,49.6386,49.68284,49.5332,16.551614285714287,16.721733333333333,16.604599999999998,16.7451,25.06927142857143,23.206566666666664,23.565019999999997,22.3907,30.38607142857143,29.736900000000002,29.748040000000003,27.9517,36.45332857142857,37.02336666666667,37.12218,38.5235,45.52941428571428,44.58193333333333,45.7096,41.1148,34.428828571428575,33.52113333333333,33.70422000000001,33.584,39.27014285714286,40.365633333333335,41.31944,43.8221,38.15437142857143,37.524033333333335,38.70364,34.9858,33.317414285714285,33.61763333333334,34.6611,36.8807,0,,,,,False,2022,,64,Davidson,A10,14.8511,40,5.9271,51
Bob Richey,bob richey,2026,93,Furman,SC,9,1,0.6858108108108109,6.600955555555555,1.0703666666666667,4.44834,11.5237,1.9031111111111112,-0.6061666666666667,0.017220000000000013,9.83,-3.7454,0.5555555555555556,0.3333333333333333,0.0,10.88888888888889,106.77777777777777,59,0.0,0.0,0.6666666666666666,0.2222222222222222,3.4444444444444446,-1.5004222222222223,0.1505222222222222,67.24234444444444,66.9916,66.81264,66.0287,202.33333333333334,207.33333333333334,209.6,257,54.75712222222222,53.52779999999999,54.237199999999994,54.779,16.85252222222222,16.92256666666667,16.445240000000002,17.8105,28.052533333333333,29.97106666666667,29.260019999999997,30.4554,29.638,32.785333333333334,31.27376,32.7072,50.56887777777777,50.90133333333333,50.976459999999996,50.2082,18.632833333333334,15.4028,16.70086,13.6718,28.399066666666666,28.572333333333333,28.259359999999997,28.1942,28.043833333333332,28.781066666666664,28.56506,28.8912,34.97231111111111,34.1705,34.829480000000004,33.4126,48.16337777777778,48.72893333333334,48.90066,46.4641,32.67631111111111,33.15683333333333,33.086439999999996,32.254,38.14742222222222,38.461666666666666,37.437419999999996,41.8011,38.6923,38.3876,39.101279999999996,35.1543,30.918711111111108,31.284266666666667,30.37946,33.5058,0,,,,,False,2026,,93,Furman,SC,-1.4183,184,-3.0306,-51
Bob Walsh,bob walsh,2018,155,Maine,AE,3,1,0.22340425531914893,-18.436866666666667,-18.436866666666667,-18.436866666666667,-17.4583,-2.9707000000000003,-2.9707000000000003,-2.9707000000000003,-0.0536,-8.0557,0.0,0.0,0.3333333333333333,-6.0,335.0,332,0.0,0.0,0.0,0.0,0.0,-4.483366666666666,-3.672966666666667,72.05203333333333,72.05203333333333,72.05203333333333,71.3471,79.33333333333333,79.33333333333333,79.33333333333333,41,46.87800000000001,46.87800000000001,46.87800000000001,46.0218,20.5761,20.5761,20.5761,21.8507,26.740333333333336,26.740333333333336,26.740333333333336,25.4692,30.25836666666667,30.25836666666667,30.25836666666667,29.1929,53.26813333333333,53.26813333333333,53.26813333333333,51.3725,18.588033333333332,18.588033333333332,18.588033333333332,18.155,30.717200000000002,30.717200000000002,30.717200000000002,30.7763,36.0452,36.0452,36.0452,36.6947,31.5613,31.5613,31.5613,29.5754,36.5764,36.5764,36.5764,39.0956,35.81163333333333,35.81163333333333,35.81163333333333,34.3575,35.44386666666667,35.44386666666667,35.44386666666667,40.112,30.340733333333333,30.340733333333333,30.340733333333333,30.9026,28.729133333333333,28.729133333333333,28.729133333333333,32.0591,0,,,,,False,2018,,155,Maine,AE,-17.4583,332,-0.8028,0
Bob Williams,bob williams,2017,305,UC Santa Barbara,BW,2,1,0.4098360655737705,-5.507099999999999,-5.507099999999999,-5.507099999999999,6.8272,-6.897950000000001,-6.897950000000001,-6.897950000000001,4.2232,-18.0191,0.5,0.0,0.5,-77.0,218.0,105,0.0,0.0,0.0,0.0,0.0,0.10899999999999999,7.7289,65.467,65.467,65.467,64.0825,282.5,282.5,282.5,323,46.17955,46.17955,46.17955,42.0655,18.40625,18.40625,18.40625,18.342,29.81395,29.81395,29.81395,30.8188,28.14195,28.14195,28.14195,28.8413,49.578500000000005,49.578500000000005,49.578500000000005,52.5016,17.5143,17.5143,17.5143,17.5639,28.79195,28.79195,28.79195,29.6378,37.039649999999995,37.039649999999995,37.039649999999995,32.2581,32.1572,32.1572,32.1572,28.5156,34.166799999999995,34.166799999999995,34.166799999999995,32.2418,32.1806,32.1806,32.1806,34.375,42.55265,42.55265,42.55265,44.2396,29.61635,29.61635,29.61635,26.9373,32.94605,32.94605,32.94605,35.7955,0,,,,,False,2017,,305,UC Santa Barbara,BW,-17.8414,331,-18.0191,-175
Bobby Collins,bobby collins,2018,161,Maryland Eastern Shore,MEAC,3,1,0.3163265306122449,-19.05633333333333,-19.05633333333333,-19.05633333333333,-14.8288,-4.7208,-4.7208,-4.7208,3.9539,-12.4604,0.3333333333333333,0.0,0.6666666666666666,-4.333333333333333,329.3333333333333,318,0.0,0.0,0.0,0.0,0.0,-7.265633333333334,8.3577,67.2148,67.2148,67.2148,65.9023,221.66666666666666,221.66666666666666,221.66666666666666,286,46.913700000000006,46.913700000000006,46.913700000000006,43.1195,20.141166666666667,20.141166666666667,20.141166666666667,19.4421,28.901633333333336,28.901633333333336,28.901633333333336,28.1763,33.149633333333334,33.149633333333334,33.149633333333334,29.6793,53.4768,53.4768,53.4768,54.6742,18.058899999999998,18.058899999999998,18.058899999999998,16.0111,32.697,32.697,32.697,34.7399,40.76923333333333,40.76923333333333,40.76923333333333,31.898,31.434633333333334,31.434633333333334,31.434633333333334,27.4659,37.36336666666667,37.36336666666667,37.36336666666667,38.4257,35.97853333333333,35.97853333333333,35.97853333333333,36.7751,39.13563333333334,39.13563333333334,39.13563333333334,40.0567,30.1786,30.1786,30.1786,29.7861,31.1519,31.1519,31.1519,33.4047,0,,,,,False,2018,,161,Maryland Eastern Shore,MEAC,-27.0577,349,-12.4604,-23
Bobby Hurley,bobby hurley,2026,12,Arizona St.,B12,11,1,0.5255681818181818,9.687372727272727,9.117533333333332,9.71018,14.1278,-1.1272090909090908,-1.2707333333333333,-1.51078,8.9616,-9.6771,0.36363636363636365,0.09090909090909091,0.2727272727272727,-12.363636363636363,81.0909090909091,49,0.0,0.09090909090909091,0.8181818181818182,0.36363636363636365,3.909090909090909,9.938963636363637,4.18750909090909,69.86767272727273,69.11066666666666,68.54957999999999,69.2434,86.72727272727273,88.0,113.8,79,49.74781818181818,49.9394,49.06268,51.1001,16.465645454545452,16.474033333333335,16.7035,17.0793,26.736045454545454,25.6007,26.169420000000002,29.8494,34.70821818181818,36.263333333333335,32.2492,39.4971,50.53659090909091,51.60993333333334,49.53959999999999,52.3929,19.32072727272727,17.99106666666667,18.73274,18.4954,30.278554545454544,31.668533333333333,31.358960000000003,34.9057,33.85121818181818,32.29813333333333,32.5437,34.3073,33.42910909090909,33.02003333333334,32.3921,33.4243,38.86748181818182,39.55396666666667,39.04368,38.3971,34.15002727272727,33.9341,33.39636,35.0,39.42601818181818,39.928266666666666,39.96486,40.3023,31.4971,31.201999999999998,31.480059999999998,29.1782,32.22288181818181,32.01173333333333,32.64118,32.4952,0,,,,,False,2026,,12,Arizona St.,B12,12.4028,66,1.4302,9
Bobby Kennen,bobby kennen,2026,203,North Florida,ASun,1,1,0.21875,-17.4748,-17.4748,-17.4748,-17.4748,-2.5174,-2.5174,-2.5174,-2.5174,-2.5174,0.0,0.0,0.0,5.0,335.0,335,0.0,0.0,0.0,0.0,0.0,-3.6392,7.92,70.5251,70.5251,70.5251,70.5251,29.0,29.0,29.0,29,52.9379,52.9379,52.9379,52.9379,17.8552,17.8552,17.8552,17.8552,25.1923,25.1923,25.1923,25.1923,28.7694,28.7694,28.7694,28.7694,56.3158,56.3158,56.3158,56.3158,12.7339,12.7339,12.7339,12.7339,37.6265,37.6265,37.6265,37.6265,31.3784,31.3784,31.3784,31.3784,34.9785,34.9785,34.9785,34.9785,51.663,51.663,51.663,51.663,35.09,35.09,35.09,35.09,38.9975,38.9975,38.9975,38.9975,42.2645,42.2645,42.2645,42.2645,30.4801,30.4801,30.4801,30.4801,0,,,,,False,2026,,203,North Florida,ASun,-17.4748,335,-2.5174,5
Brad Brownell,brad brownell,2026,51,Clemson,ACC,11,1,0.6277777777777778,16.107736363636363,20.420533333333335,16.93172,23.2213,1.0051,2.9760000000000004,1.1172,7.6815,-4.185,0.45454545454545453,0.18181818181818182,0.0,0.5454545454545454,43.45454545454545,14,0.2727272727272727,0.7272727272727273,1.0,0.45454545454545453,3.1818181818181817,8.932954545454546,0.5351727272727275,65.62369090909091,65.0124,65.88307999999999,64.0832,275.90909090909093,307.3333333333333,256.8,339,51.958999999999996,53.25243333333333,53.2497,52.5242,16.69861818181818,14.8803,15.43238,14.0216,27.7217,29.7149,27.6693,28.1654,31.164099999999998,31.926299999999998,31.20332,36.716,48.58231818181818,48.60673333333333,48.56112,48.8409,18.311027272727273,17.100399999999997,16.932859999999998,17.4182,26.947799999999997,27.747933333333332,26.33236,26.2755,29.194618181818182,31.27316666666667,30.72246,33.9305,35.000372727272726,35.3567,35.743559999999995,34.1232,39.901754545454544,40.587266666666665,39.97156,43.0393,33.70163636363637,32.4564,32.79074,32.439,39.89130909090909,40.78203333333334,41.15034,43.2034,32.958800000000004,32.9194,32.902280000000005,33.4624,34.0197,33.11653333333333,33.82296,34.161,0,,,,,False,2026,,51,Clemson,ACC,18.6051,40,-1.263,-8
Brad Korn,brad korn,2026,268,Southeast Missouri,OVC,6,1,0.4895833333333333,-9.027366666666667,-10.163066666666667,-8.82292,-3.2038,2.576016666666667,0.7166666666666668,1.71234,10.5585,-9.7073,0.8333333333333334,0.3333333333333333,0.16666666666666666,42.166666666666664,259.3333333333333,202,0.0,0.0,0.0,0.16666666666666666,2.6666666666666665,-6.29595,1.22115,69.95178333333332,69.06643333333334,70.26032000000001,68.9411,75.5,91.33333333333333,59.0,96,49.64763333333334,48.7644,49.5976,49.8558,17.747233333333334,16.548033333333333,16.95198,16.8601,25.95328333333333,25.855566666666665,25.61932,29.5388,35.01323333333333,31.565566666666665,33.909620000000004,38.812,50.68376666666666,49.450066666666665,50.43486,48.8037,18.533883333333332,18.104866666666666,18.30426,18.0949,27.864483333333336,28.790333333333336,28.7081,28.2389,42.944583333333334,44.98836666666667,43.75272,47.9755,33.1944,31.820166666666665,32.788599999999995,30.9295,38.05795,35.13826666666666,37.74038,35.9862,33.395900000000005,31.540133333333333,32.84024,33.0869,34.07548333333333,31.7347,33.745799999999996,33.1902,30.633133333333333,28.087633333333333,30.161040000000003,26.3541,25.926916666666667,22.857766666666667,25.19288,24.7694,0,,,,,False,2026,,268,Southeast Missouri,OVC,-5.9587,232,1.2988,23
Brad Underwood,brad underwood,2026,118,Illinois,B10,11,3,0.6513513513513514,19.683054545454546,27.502466666666667,23.49474,33.6649,3.528118181818182,5.617033333333333,1.8258800000000002,11.6738,-6.2663,0.8181818181818182,0.45454545454545453,0.09090909090909091,7.0,33.63636363636363,4,0.5454545454545454,0.8181818181818182,0.9090909090909091,0.8181818181818182,5.181818181818182,10.867790909090909,1.1403636363636362,68.91206363636364,68.89253333333333,68.6624,65.3581,127.0909090909091,126.0,123.0,295,52.416718181818176,53.56886666666666,52.91238,54.6793,17.2369,14.729933333333333,16.12308,13.1556,34.36255454545454,36.87293333333333,35.05962,39.2063,34.13611818181818,34.90206666666666,34.19632,33.2162,48.81830909090909,47.58860000000001,47.08694,47.3391,17.65709090909091,12.104066666666668,14.06862,11.6127,27.782663636363637,26.253566666666668,26.41786,26.681,32.870554545454546,24.4365,26.33578,19.6567,34.54223636363636,33.587266666666665,33.49822,34.5406,38.80307272727273,45.15913333333333,44.0015,49.7364,33.3496,32.97956666666667,32.8702,31.2562,33.0242,34.07556666666667,32.4544,43.3906,30.8475,33.97956666666666,33.7365,38.0968,27.377545454545455,29.7927,28.26818,37.2642,0,,,,,False,2026,,118,Illinois,B10,33.6649,5,6.8484,1
Brandon Laird,brandon laird,2022,243,Sacramento St.,BSky,1,1,0.3793103448275862,-13.7208,-13.7208,-13.7208,-13.7208,-1.1818,-1.1818,-1.1818,-1.1818,-1.1818,0.0,0.0,0.0,-9.0,317.0,317,0.0,0.0,0.0,0.0,0.0,-6.0172,0.8809,64.2519,64.2519,64.2519,64.2519,324.0,324.0,324.0,324,48.7903,48.7903,48.7903,48.7903,16.6645,16.6645,16.6645,16.6645,21.4054,21.4054,21.4054,21.4054,28.293,28.293,28.293,28.293,52.6298,52.6298,52.6298,52.6298,17.6677,17.6677,17.6677,17.6677,27.6423,27.6423,27.6423,27.6423,33.7154,33.7154,33.7154,33.7154,35.0806,35.0806,35.0806,35.0806,33.3333,33.3333,33.3333,33.3333,34.2491,34.2491,34.2491,34.2491,36.8173,36.8173,36.8173,36.8173,29.9656,29.9656,29.9656,29.9656,29.1732,29.1732,29.1732,29.1732,0,,,,,False,2022,,243,Sacramento St.,BSky,-13.7208,317,-1.1818,-9
Brett Nelson,brett nelson,2023,112,Holy Cross,Pat,4,1,0.24324324324324326,-17.6233,-16.384466666666665,-17.6233,-12.5474,-2.8308,-0.6178,-2.8308,7.1926,-9.4698,0.25,0.25,0.5,-10.75,334.75,304,0.0,0.0,0.0,0.0,0.0,-5.2763,-27.316325,68.37925,68.40666666666665,68.37925,68.9917,144.0,133.0,144.0,89,48.309625,47.981433333333335,48.309625,48.526,18.6284,18.00446666666667,18.6284,17.5003,25.142025,25.074166666666667,25.142025,21.5413,26.196649999999998,26.7414,26.196649999999998,25.5491,53.35405,52.519800000000004,53.35405,51.7847,17.21305,17.8257,17.21305,17.4039,30.094425,30.354666666666663,30.094425,30.0962,31.29195,31.25623333333333,31.29195,27.7747,33.990700000000004,34.654266666666665,33.990700000000004,35.2622,32.93155,31.20403333333333,32.93155,31.9653,35.3467,34.5812,35.3467,31.9182,33.637299999999996,33.804899999999996,33.637299999999996,35.4713,29.264375,28.430933333333332,29.264375,29.908,27.7151,27.63416666666667,27.7151,27.7828,0,,,,,False,2023,,112,Holy Cross,Pat,-16.5323,342,-3.7593,-22
Brett Reed,brett reed,2026,141,Lehigh,PL,11,1,0.48338368580060426,-7.708572727272727,-9.587866666666667,-10.038419999999999,4.2257,-2.3129,-0.6412666666666665,-1.01646,2.8812,-6.8963,0.45454545454545453,0.0,0.2727272727272727,-20.181818181818183,251.9090909090909,115,0.0,0.0,0.0,0.09090909090909091,1.4545454545454546,-5.893354545454545,-7.696790909090908,69.09366363636364,68.12193333333333,68.3665,66.762,114.54545454545455,150.66666666666666,127.2,218,51.727354545454546,51.172333333333334,51.081779999999995,52.9092,18.181836363636364,16.736333333333334,17.38044,17.6827,23.51690909090909,22.1863,21.406,23.2126,30.08147272727273,32.090466666666664,30.497719999999997,31.8108,51.09794545454545,51.016600000000004,50.53478,50.5882,16.734672727272727,16.7055,16.28264,16.1834,26.838381818181816,28.0095,27.40914,31.4488,30.8587,31.99376666666667,31.267239999999997,32.4808,36.78813636363637,34.89083333333334,35.57086,36.0795,35.43346363636363,37.7263,37.00186,38.2817,34.41942727272727,33.221066666666665,33.77548,32.8502,36.95290909090909,35.225633333333334,33.33714,31.7647,31.16729090909091,31.508300000000002,31.77536,32.1383,30.594154545454547,28.023733333333336,27.21904,24.9186,0,,,,,False,2026,,141,Lehigh,PL,-11.1155,292,0.1438,14
Brette Tanner,brette tanner,2026,1,Abilene Christian,WAC,5,1,0.509090909090909,-2.6471799999999996,-5.047466666666667,-2.6471799999999996,3.3757,-3.0274,-4.010166666666667,-3.0274,4.1087,-7.2152,0.2,0.0,0.2,-41.0,199.4,131,0.0,0.0,0.0,0.0,0.0,-0.21772,-0.24718,69.09464,68.69953333333333,69.09464,67.8687,90.4,110.33333333333333,90.4,152,47.77774,47.10223333333334,47.77774,47.4695,18.83246,19.7182,18.83246,20.7085,28.08222,28.981733333333334,28.08222,30.9408,37.65866,38.91323333333333,37.65866,41.6463,53.611540000000005,53.181466666666665,53.611540000000005,56.4637,23.77878,22.556300000000004,23.77878,23.4055,30.119760000000003,30.344866666666665,30.119760000000003,29.1215,47.87632,48.2228,47.87632,53.4884,32.101839999999996,31.327933333333334,32.101839999999996,31.0409,30.835340000000002,28.163833333333333,30.835340000000002,32.8049,35.733019999999996,35.33173333333333,35.733019999999996,40.8676,33.549,31.383300000000002,33.549,29.959,24.18526,21.64446666666667,24.18526,24.5829,25.3963,23.611833333333333,25.3963,24.2329,0,,,,,False,2026,,1,Abilene Christian,WAC,-6.6237,245,-3.844,-67
Brian Barone,brian barone,2026,260,SIUE,OVC,7,1,0.4751131221719457,-10.296871428571427,-7.2923,-7.911,-4.4976,0.9059714285714284,0.825333333333333,1.48558,8.3525,-3.9766,0.5714285714285714,0.14285714285714285,0.0,12.571428571428571,280.14285714285717,217,0.0,0.0,0.0,0.14285714285714285,2.2857142857142856,-6.764242857142857,-1.4694,67.50381428571428,65.93363333333333,67.07086,64.4097,182.0,261.0,193.2,329,48.06411428571429,48.371766666666666,48.06082,49.4827,19.067614285714285,16.928733333333334,18.1536,17.9342,29.62442857142857,30.55056666666667,30.64846,30.1097,33.363342857142854,31.838333333333335,34.05878,30.5539,49.45112857142857,48.101200000000006,48.45952,45.6469,18.279171428571427,17.246666666666666,18.01208,17.1,30.17234285714286,29.91786666666667,29.916179999999997,31.6231,35.86038571428571,34.85393333333334,35.35078,34.341,32.05661428571428,33.5017,32.44492,34.958,35.42862857142857,36.5395,36.3962,36.2142,33.39912857142857,33.1562,33.23222,30.1887,38.459471428571426,38.208133333333336,38.167320000000004,38.4522,28.5616,30.921966666666666,29.53564,31.7881,30.917985714285717,31.385666666666665,31.09082,30.1413,0,,,,,False,2026,,260,SIUE,OVC,-7.6892,258,-1.8999,-28
Brian Burg,brian burg,2023,99,Georgia Southern,SB,3,1,0.48863636363636365,-6.680033333333333,-6.680033333333333,-6.680033333333333,-2.6385,-1.1150333333333335,-1.1150333333333335,-1.1150333333333335,1.7915,-5.7319,0.6666666666666666,0.0,0.3333333333333333,-12.666666666666666,244.0,209,0.0,0.0,0.0,0.0,0.0,-2.3718,-1.9444333333333332,66.4036,66.4036,66.4036,66.5774,236.0,236.0,236.0,208,47.99426666666667,47.99426666666667,47.99426666666667,48.1855,19.65863333333333,19.65863333333333,19.65863333333333,16.2728,28.28056666666667,28.28056666666667,28.28056666666667,25.7974,29.53473333333333,29.53473333333333,29.53473333333333,27.8802,49.60993333333334,49.60993333333334,49.60993333333334,49.5479,19.790133333333333,19.790133333333333,19.790133333333333,18.3008,29.792233333333332,29.792233333333332,29.792233333333332,27.2016,33.863933333333335,33.863933333333335,33.863933333333335,34.5992,30.661966666666668,30.661966666666668,30.661966666666668,31.8027,37.2859,37.2859,37.2859,33.871,34.154,34.154,34.154,33.2237,38.459466666666664,38.459466666666664,38.459466666666664,36.6486,29.58836666666667,29.58836666666667,29.58836666666667,27.8827,32.04343333333333,32.04343333333333,32.04343333333333,29.5754,0,,,,,False,2023,,99,Georgia Southern,SB,-2.6385,209,1.7915,11
Brian Dutcher,brian dutcher,2026,252,San Diego St.,MWC,9,1,0.7357859531772575,16.882766666666665,17.0864,17.73398,24.4759,2.029411111111111,-0.5728333333333334,-0.4533600000000001,17.9829,-6.0707,0.5555555555555556,0.1111111111111111,0.1111111111111111,6.888888888888889,41.333333333333336,6,0.4444444444444444,0.7777777777777778,0.8888888888888888,0.7777777777777778,5.333333333333333,6.6021222222222224,5.398333333333333,66.4344111111111,67.082,66.47258,68.7859,239.55555555555554,205.33333333333334,229.2,104,51.0782,51.04103333333333,50.22036,52.6946,17.223200000000002,16.736033333333335,17.367,17.2201,30.134844444444443,30.45873333333333,30.4972,29.4957,33.79933333333333,35.99293333333333,34.467859999999995,38.9766,46.84688888888889,47.138666666666666,46.40812,48.1977,20.010555555555555,19.254133333333332,19.75002,20.2303,27.477966666666664,30.2435,28.825200000000002,31.0671,32.91061111111111,36.336099999999995,34.04728,38.5036,34.72288888888889,32.894866666666665,33.623419999999996,34.5161,36.862033333333336,37.1143,35.2099,33.7507,31.599122222222224,31.95136666666667,30.826639999999998,33.6028,42.487011111111116,44.89983333333333,42.489979999999996,47.2966,30.38784444444444,28.714066666666668,28.374299999999998,26.1082,34.338344444444445,35.7865,33.55378,38.2392,0,,,,,False,2026,,252,San Diego St.,MWC,16.7667,49,-3.2294,-19
Brian Earl,brian earl,2026,343,William & Mary,CAA,10,2,0.5057034220532319,-3.29193,1.0319,0.78688,7.1901,1.98597,3.756966666666667,5.34834,8.6006,-4.8755,0.6,0.3,0.0,22.4,205.4,103,0.0,0.0,0.0,0.0,0.0,-11.24676,-10.78165,69.72513000000001,71.87263333333333,71.68854,72.6261,100.8,16.0,17.6,7,47.825720000000004,54.84383333333333,54.56566,54.2824,26.32322,17.220466666666667,17.58012,16.5376,22.347450000000002,26.301833333333335,26.7582,25.9596,29.36798,35.87756666666667,33.67238,44.0394,57.21558,52.201666666666675,52.67318,51.8519,16.20668,18.311966666666667,19.00134,19.0296,36.70032,31.1203,30.106360000000002,31.4698,38.4861,34.49256666666667,33.12748,35.512,30.23598,33.84486666666667,34.0349,32.973,40.14211,47.6668,47.48974,42.8241,41.459469999999996,33.783633333333334,33.991699999999994,33.0539,45.77283,42.9693,42.16866,45.4793,31.209960000000002,35.7091,36.40608,29.9264,29.38303,33.92646666666667,33.45686,34.981,0,,,,,False,2026,,343,William & Mary,CAA,1.3583,145,7.2384,86
Brian Fish,brian fish,2019,180,Montana St.,BSky,4,1,0.4566929133858268,-7.636775,-7.783766666666668,-7.636775,-6.506,-0.8668250000000001,-2.6170666666666667,-0.8668250000000001,4.3839,-7.9241,0.5,0.0,0.25,1.75,251.5,240,0.0,0.0,0.0,0.0,0.0,-5.340025,0.3811000000000001,69.369,69.65093333333333,69.369,69.9853,102.25,89.0,102.25,70,50.800000000000004,50.81550000000001,50.800000000000004,53.4284,17.022175,16.922333333333334,17.022175,17.1106,28.77985,27.37686666666667,28.77985,26.2477,35.19535,36.7011,35.19535,34.8875,54.5244,54.7451,54.5244,57.0696,17.734875,18.014599999999998,17.734875,17.246,27.410225,27.387666666666664,27.410225,26.6019,40.4056,38.445,40.4056,28.2785,36.421575,36.175000000000004,36.421575,37.594,41.756825,41.77193333333333,41.756825,43.774,36.768025,36.85736666666667,36.768025,37.8019,39.14835,40.22176666666667,39.14835,44.6843,35.9356,35.277,35.9356,37.2055,31.527625,32.62153333333333,31.527625,37.8019,0,,,,,False,2019,,180,Montana St.,BSky,-7.5705,250,0.2934,19
Brian Gregory,brian gregory,2023,267,South Florida,Amer,7,2,0.45045045045045046,1.292742857142857,-1.8492333333333333,1.07402,14.1277,0.5697857142857145,-4.3119,0.16012000000000032,16.4646,-8.6611,0.42857142857142855,0.2857142857142857,0.2857142857142857,2.2857142857142856,160.14285714285714,51,0.0,0.0,0.2857142857142857,0.0,0.5714285714285714,4.052014285714286,-4.438628571428572,66.29125714285715,66.66663333333334,66.47124,68.1889,248.14285714285714,223.33333333333334,235.6,133,47.226485714285715,45.719833333333334,46.55792,50.792,20.322085714285716,19.817899999999998,20.84828,19.5566,33.096585714285716,32.24733333333334,33.08364,33.0156,34.445257142857145,30.231033333333333,35.26126,30.7286,49.915200000000006,49.931666666666665,49.8406,49.8075,18.79502857142857,18.4601,20.1035,18.7063,27.301571428571428,27.113733333333332,26.657780000000002,27.7876,35.14351428571429,34.71913333333333,36.34982,37.1287,32.45324285714286,30.403666666666666,31.07372,33.5704,34.190014285714284,33.52283333333333,35.53148,37.1172,33.45707142857143,34.42706666666667,33.826100000000004,34.9003,37.944185714285716,40.5862,39.71664,38.6139,28.230842857142857,27.516266666666667,28.546460000000003,30.7425,30.639685714285715,33.61613333333333,32.22482,31.9149,0,,,,,False,2023,,267,South Florida,Amer,1.422,145,2.23,29
Brian Jones,brian jones,2019,201,North Dakota,Sum,4,1,0.49606299212598426,-4.6211,-5.043733333333333,-4.6211,0.0355,0.6203750000000001,-1.7934666666666665,0.6203750000000001,7.8619,-2.9976,0.25,0.25,0.0,12.75,219.25,168,0.0,0.0,0.0,0.25,3.75,-3.356875,3.122975,71.0661,70.87670000000001,71.0661,69.6979,48.0,51.0,48.0,79,51.780075,52.1616,51.780075,51.2574,17.951875,17.888900000000003,17.951875,17.91,22.6521,22.2663,22.6521,20.9713,34.512750000000004,32.92246666666667,34.512750000000004,27.2005,52.6748,53.16956666666667,52.6748,52.482,19.076325,18.90076666666667,19.076325,17.3148,27.195,27.63253333333333,27.195,25.4042,35.57275,34.557700000000004,35.57275,29.9804,36.63385,36.60153333333333,36.63385,36.0215,33.39215,34.5094,33.39215,36.9292,35.630875,36.0495,35.630875,35.3293,34.7461,33.32,34.7461,32.7237,28.70145,29.653366666666667,28.70145,32.9148,28.456925,27.346233333333334,28.456925,26.9817,0,,,,,False,2019,,201,North Dakota,Sum,-8.7553,271,-2.9976,-33
Brian Katz,brian katz,2021,243,Sacramento St.,BSky,6,1,0.41714285714285715,-8.437050000000001,-6.1586,-8.09848,-1.1024,-1.4535,0.7890666666666668,-0.6375,7.0826,-5.5439,0.16666666666666666,0.16666666666666666,0.3333333333333333,-8.0,260.0,183,0.0,0.0,0.0,0.0,0.0,-3.441933333333333,0.44880000000000003,66.13003333333333,65.73643333333334,65.6643,65.2633,257.0,266.3333333333333,279.2,313,48.81065,48.2467,48.70468,50.5848,17.39355,17.702666666666666,17.523519999999998,14.8605,27.07988333333333,28.2756,27.235680000000002,24.4767,32.85011666666667,32.3583,32.44172,31.4815,51.89995,52.07876666666667,52.25046,55.5781,18.8289,20.659000000000002,19.067079999999997,18.8233,28.520866666666667,26.979333333333333,27.9762,27.955,34.762283333333336,34.73623333333333,34.14398,32.0487,33.513283333333334,34.130066666666664,33.59526,37.6997,30.72406666666667,29.487733333333335,29.914440000000003,30.5068,36.00423333333334,35.92443333333333,36.697140000000005,36.5782,34.809733333333334,33.71463333333333,34.342439999999996,34.3813,25.737849999999998,25.32783333333333,25.22726,28.1623,29.024199999999997,27.849333333333334,29.059800000000003,27.9489,0,,,,,False,2021,,243,Sacramento St.,BSky,-7.9337,254,-1.9227,-25
Brian Kennedy,brian kennedy,2023,195,NJIT,AE,7,1,0.39705882352941174,-10.85742857142857,-14.961033333333333,-11.4987,-1.5428,-4.170014285714285,-5.491699999999999,-4.8773,4.6452,-12.5566,0.42857142857142855,0.0,0.5714285714285714,-38.714285714285715,283.7142857142857,183,0.0,0.0,0.0,0.0,0.0,-5.062257142857143,-2.6371857142857142,66.96567142857143,66.80563333333333,66.84784,66.1868,223.0,214.66666666666666,221.8,229,47.88908571428571,46.8886,47.32724,48.2624,17.512485714285713,16.98606666666667,16.88428,16.0482,25.47735714285714,23.603066666666667,23.56476,23.4269,32.71652857142857,31.128566666666668,32.56566,28.2205,51.94114285714285,51.91016666666667,51.065999999999995,52.3478,18.1925,17.48463333333333,17.74622,14.8727,27.77147142857143,28.7332,28.13646,29.1052,31.07092857142857,28.104666666666663,29.49648,27.8841,33.18242857142857,32.765499999999996,32.70116,35.175,35.92822857142857,34.74143333333333,34.8414,32.5345,34.843557142857144,33.735566666666664,33.707119999999996,34.0237,37.183457142857144,38.77336666666667,37.6294,39.1884,30.19592857142857,29.66173333333333,29.17658,29.7045,30.92077142857143,31.895666666666667,31.05388,32.3792,0,,,,,False,2023,,195,NJIT,AE,-14.4875,330,0.2185,8
Brian Wardle,brian wardle,2026,29,Bradley,MVC,11,1,0.5640326975476839,2.819709090909091,7.686133333333333,7.86272,12.1848,0.6884545454545453,1.089,3.2998399999999997,8.9568,-9.0592,0.5454545454545454,0.18181818181818182,0.09090909090909091,4.0,141.0,64,0.0,0.0,0.36363636363636365,0.18181818181818182,2.6363636363636362,1.4579363636363638,-0.8843181818181819,66.41931818181818,66.48023333333333,66.38624,67.0953,248.63636363636363,241.0,235.6,197,50.57036363636364,54.31776666666667,53.347759999999994,51.1156,19.0414,16.44966666666667,17.42812,13.9227,28.315836363636365,27.171900000000004,28.519740000000002,27.379,32.658181818181816,31.954166666666666,30.007079999999995,35.9026,48.469454545454546,49.40033333333333,48.36182,52.8169,18.1813,17.6611,18.02504,18.954,26.806036363636363,27.974733333333333,26.206979999999998,27.8481,36.02586363636363,36.13483333333333,34.14604,38.1907,35.10391818181818,37.599,36.39790000000001,36.0902,37.58362727272727,41.460766666666665,40.64354,40.4665,33.75403636363637,33.98836666666667,33.25802,36.635,39.81916363636364,40.381499999999996,39.50426,39.9242,31.786963636363637,35.336933333333334,34.61266,34.0157,32.93154545454546,32.96613333333333,32.39146,33.0747,0,,,,,False,2026,,29,Bradley,MVC,2.9885,131,-2.7325,-25
Brooks Savage,brooks savage,2026,76,East Tennessee St.,SC,3,1,0.6039603960396039,0.5061,0.5061,0.5061,1.8903,2.0921333333333334,2.0921333333333334,2.0921333333333334,5.3263,-0.4531,0.6666666666666666,0.3333333333333333,0.0,20.0,160.0,142,0.0,0.0,0.0,0.0,0.0,-3.840033333333333,-2.355566666666667,66.16963333333332,66.16963333333332,66.16963333333332,66.1153,252.0,252.0,252.0,251,50.7968,50.7968,50.7968,55.2529,16.458833333333335,16.458833333333335,16.458833333333335,15.1503,32.9981,32.9981,32.9981,28.2587,34.03326666666667,34.03326666666667,34.03326666666667,34.9639,50.76553333333334,50.76553333333334,50.76553333333334,50.9994,18.6859,18.6859,18.6859,18.4134,28.990966666666665,28.990966666666665,28.990966666666665,27.9135,35.821133333333336,35.821133333333336,35.821133333333336,36.3792,33.523666666666664,33.523666666666664,33.523666666666664,34.7059,40.1565,40.1565,40.1565,37.7988,33.5981,33.5981,33.5981,32.8537,42.41616666666667,42.41616666666667,42.41616666666667,47.6299,32.3612,32.3612,32.3612,28.8039,33.767966666666666,33.767966666666666,33.767966666666666,36.631,0,,,,,False,2026,,76,East Tennessee St.,SC,0.6002,164,-0.4531,-24
Brooks Thompson,brooks thompson,2016,323,UTSA,CUSA,1,1,0.15625,-18.975,-18.975,-18.975,-18.975,-10.7589,-10.7589,-10.7589,-10.7589,-10.7589,0.0,0.0,1.0,-50.0,338.0,338,0.0,0.0,0.0,0.0,0.0,-4.0827,-1.2314,71.4299,71.4299,71.4299,71.4299,44.0,44.0,44.0,44,47.0441,47.0441,47.0441,47.0441,18.1116,18.1116,18.1116,18.1116,25.9931,25.9931,25.9931,25.9931,37.3675,37.3675,37.3675,37.3675,58.9526,58.9526,58.9526,58.9526,17.2491,17.2491,17.2491,17.2491,27.7547,27.7547,27.7547,27.7547,46.1674,46.1674,46.1674,46.1674,32.0552,32.0552,32.0552,32.0552,36.3636,36.3636,36.3636,36.3636,41.2975,41.2975,41.2975,41.2975,36.9807,36.9807,36.9807,36.9807,29.0681,29.0681,29.0681,29.0681,30.7421,30.7421,30.7421,30.7421,0,,,,,False,2016,,323,UTSA,CUSA,-18.975,338,-10.7589,-50
Bruce Pearl,bruce pearl,2025,18,Auburn,SEC,10,1,0.6875,18.17766,26.6041,23.24252,35.0506,2.84299,3.2267333333333332,3.0286999999999997,8.8532,-6.1449,0.7,0.5,0.1,7.5,45.0,4,0.5,0.7,0.9,0.7,3.0,10.304509999999999,3.10159,70.19573,68.58716666666668,69.37836,68.205,79.4,117.66666666666667,89.8,134,51.32427,52.88163333333333,51.945440000000005,54.9275,17.300919999999998,15.453033333333332,17.011779999999998,13.6154,32.57252,33.288599999999995,33.704539999999994,34.1705,37.42108,36.1712,35.2573,33.9164,47.886430000000004,45.1584,45.841860000000004,46.0538,19.46352,18.123933333333333,18.58264,17.3701,30.684710000000003,30.757900000000003,30.59928,29.6751,37.20756,39.69596666666667,36.9894,38.6861,34.205290000000005,34.208400000000005,33.41438,35.8787,42.03501,37.82523333333333,39.875,40.785,32.544200000000004,29.622200000000003,30.514879999999998,29.845,36.83511,34.4101,34.938100000000006,35.3102,33.49537,29.436733333333333,30.89624,32.6356,29.402820000000002,25.67103333333333,27.066539999999996,26.2699,0,,,,,False,2025,,18,Auburn,SEC,35.0506,4,8.8532,-1
Bruce Weber,bruce weber,2022,134,Kansas St.,B12,7,1,0.5281385281385281,12.578942857142858,7.440233333333333,11.43096,20.0605,0.5016571428571428,-2.5571,-1.83524,9.7792,-6.0976,0.42857142857142855,0.14285714285714285,0.14285714285714285,0.7142857142857143,63.57142857142857,20,0.14285714285714285,0.42857142857142855,0.8571428571428571,0.42857142857142855,3.4285714285714284,11.160528571428571,-2.8631285714285717,65.88431428571428,66.41783333333333,65.65368,66.5703,274.14285714285717,253.33333333333334,280.2,213,49.46944285714285,48.033166666666666,49.20062,49.3817,19.206042857142855,20.1615,19.0124,16.8897,29.378042857142855,28.22713333333333,27.82634,25.1838,34.315714285714286,30.718700000000002,31.302999999999997,29.5672,49.71331428571428,50.6886,49.88836,49.507,21.589385714285715,21.2649,21.643819999999998,19.7838,29.595471428571425,28.76816666666667,28.776780000000002,28.3001,34.89031428571428,34.294333333333334,34.079699999999995,31.9606,32.79454285714286,31.953599999999998,32.676120000000004,34.6154,37.845214285714285,40.7892,39.51356,42.3834,33.30607142857143,33.1545,32.7891,30.1587,39.14301428571429,40.29266666666667,40.735820000000004,40.1972,30.489685714285713,33.41883333333333,32.31288,36.6059,31.430828571428574,31.83073333333333,32.32176,29.9857,0,,,,,False,2022,,134,Kansas St.,B12,12.5971,61,2.2171,21
Bruiser Flint,bruiser flint,2016,72,Drexel,CAA,1,1,0.1935483870967742,-7.1633,-7.1633,-7.1633,-7.1633,-4.0857,-4.0857,-4.0857,-4.0857,-4.0857,0.0,0.0,0.0,-35.0,245.0,245,0.0,0.0,0.0,0.0,0.0,2.7812,1.7075,64.4725,64.4725,64.4725,64.4725,327.0,327.0,327.0,327,44.3038,44.3038,44.3038,44.3038,16.823,16.823,16.823,16.823,27.7326,27.7326,27.7326,27.7326,36.8897,36.8897,36.8897,36.8897,52.5049,52.5049,52.5049,52.5049,18.1405,18.1405,18.1405,18.1405,28.7701,28.7701,28.7701,28.7701,47.4301,47.4301,47.4301,47.4301,32.6693,32.6693,32.6693,32.6693,30.2592,30.2592,30.2592,30.2592,36.4754,36.4754,36.4754,36.4754,31.7502,31.7502,31.7502,31.7502,25.9905,25.9905,25.9905,25.9905,25.2841,25.2841,25.2841,25.2841,0,,,,,False,2016,,72,Drexel,CAA,-7.1633,245,-4.0857,-35
Bryan Hodgson,bryan hodgson,2026,267,South Florida,Amer,3,2,0.6542056074766355,9.8103,9.8103,9.8103,16.8971,6.436333333333333,6.436333333333333,6.436333333333333,10.3395,3.4617,1.0,0.6666666666666666,0.0,45.0,88.0,47,0.0,0.3333333333333333,0.6666666666666666,0.3333333333333333,3.6666666666666665,0.7922333333333333,2.6543666666666668,69.94156666666667,69.94156666666667,69.94156666666667,71.5762,71.33333333333333,71.33333333333333,71.33333333333333,16,50.56893333333333,50.56893333333333,50.56893333333333,50.5963,15.233733333333333,15.233733333333333,15.233733333333333,15.1129,35.4682,35.4682,35.4682,38.1481,35.45956666666667,35.45956666666667,35.45956666666667,40.4128,48.467166666666664,48.467166666666664,48.467166666666664,48.8136,16.7809,16.7809,16.7809,19.1864,30.272833333333335,30.272833333333335,30.272833333333335,31.9444,37.00776666666667,37.00776666666667,37.00776666666667,39.0509,33.044466666666665,33.044466666666665,33.044466666666665,32.4948,43.723366666666664,43.723366666666664,43.723366666666664,43.7615,33.3189,33.3189,33.3189,34.4956,33.9257,33.9257,33.9257,39.6935,34.16943333333334,34.16943333333334,34.16943333333334,32.4834,27.40403333333333,27.40403333333333,27.40403333333333,32.9109,0,,,,,False,2026,,267,South Florida,Amer,16.8971,47,10.3395,57
Bryan Mullins,bryan mullins,2024,271,Southern Illinois,MVC,5,1,0.5584415584415584,1.4598600000000002,3.5317000000000003,1.4598600000000002,4.4424,0.6895199999999999,-0.12356666666666684,0.6895199999999999,5.6026,-5.7792,0.4,0.2,0.2,12.4,151.6,124,0.0,0.0,0.0,0.0,0.0,0.6235200000000001,-4.9257599999999995,64.15828,63.46696666666667,64.15828,64.5262,325.8,339.3333333333333,325.8,333,51.47272,51.8868,51.47272,52.5208,18.4193,18.055766666666667,18.4193,16.8308,21.835720000000002,24.014966666666666,21.835720000000002,26.1089,31.785019999999996,31.855999999999998,31.785019999999996,35.8837,49.923500000000004,49.14833333333333,49.923500000000004,50.089,18.91838,18.1712,18.91838,16.1985,26.307979999999997,25.362333333333336,26.307979999999997,25.5929,28.61246,31.304133333333336,28.61246,36.4985,34.55878,33.8303,34.55878,34.2355,43.005700000000004,44.060900000000004,43.005700000000004,43.8316,32.523900000000005,31.949533333333335,32.523900000000005,30.3502,34.394780000000004,32.171866666666666,34.394780000000004,30.5045,35.41508,35.17003333333333,35.41508,33.9294,28.10458,25.769099999999998,28.10458,22.0132,0,,,,,False,2024,,271,Southern Illinois,MVC,4.4424,124,5.6026,64
Bryan Petersen,bryan petersen,2026,266,South Dakota St.,Sum,1,1,0.4375,-4.6504,-4.6504,-4.6504,-4.6504,-2.5224,-2.5224,-2.5224,-2.5224,-2.5224,0.0,0.0,0.0,-51.0,221.0,221,0.0,0.0,0.0,0.0,0.0,-3.6826,2.0611,66.8181,66.8181,66.8181,66.8181,214.0,214.0,214.0,214,52.0058,52.0058,52.0058,52.0058,16.1342,16.1342,16.1342,16.1342,30.3448,30.3448,30.3448,30.3448,29.7093,29.7093,29.7093,29.7093,51.8253,51.8253,51.8253,51.8253,14.5158,14.5158,14.5158,14.5158,25.1,25.1,25.1,25.1,34.4704,34.4704,34.4704,34.4704,33.982,33.982,33.982,33.982,38.8372,38.8372,38.8372,38.8372,34.0967,34.0967,34.0967,34.0967,47.0377,47.0377,47.0377,47.0377,31.5716,31.5716,31.5716,31.5716,37.205,37.205,37.205,37.205,0,,,,,False,2026,,266,South Dakota St.,Sum,-4.6504,221,-2.5224,-51
Bryce Drew,bryce drew,2026,104,Grand Canyon,MWC,10,3,0.6402439024390244,9.77046,11.554233333333334,9.73166,16.5272,0.7013999999999999,0.8415,1.4780200000000001,9.2678,-9.589,0.6,0.4,0.3,-0.3,83.5,33,0.0,0.2,0.6,0.5,6.4,2.95786,-0.47536000000000006,66.89941999999999,69.32326666666667,67.68003999999999,68.038,217.7,95.66666666666667,169.0,142,51.225379999999994,51.26233333333334,51.2927,51.6777,18.66506,17.961533333333335,18.24538,17.6416,31.41948,32.604,32.57768,31.339,37.77409,43.2688,39.5383,39.4939,47.15307,46.82919999999999,46.29778,47.4438,17.30696,19.171166666666668,18.2465,17.3258,27.529200000000003,28.173066666666667,28.66008,25.3381,34.09846,35.172133333333335,34.3322,38.9888,34.1201,32.1937,33.78318,31.8246,40.0247,36.2616,37.775400000000005,38.8889,32.59278,32.129999999999995,31.12896,31.9118,34.47519,35.5057,34.62568,38.2022,31.755209999999998,25.9954,29.36372,27.8926,28.41505,28.73476666666667,27.58852,29.6313,0,,,,,False,2026,,104,Grand Canyon,MWC,13.5276,57,3.3157,23
Bucky McMillan,bucky mcmillan,2026,290,Texas A&M,SEC,6,2,0.654054054054054,4.1707833333333335,10.917766666666667,6.90378,18.6886,3.4361833333333336,3.5505666666666666,3.77846,7.6301,-0.1686,0.8333333333333334,0.3333333333333333,0.0,37.0,136.66666666666666,39,0.0,0.16666666666666666,0.3333333333333333,0.3333333333333333,3.8333333333333335,0.9367999999999999,-3.5116833333333335,70.68446666666667,71.38433333333334,70.28232,70.1662,49.5,24.333333333333332,56.0,41,53.08525,55.04186666666667,54.12942,53.8036,18.281716666666668,17.025166666666667,17.66318,14.6805,30.605566666666665,32.2647,30.965480000000003,32.0031,33.30943333333334,34.21783333333334,34.548860000000005,37.0678,51.92005,51.52076666666667,51.746320000000004,50.6898,19.6198,20.5787,19.85744,18.3606,29.977216666666667,32.8159,30.87712,33.0211,37.15186666666667,38.460033333333335,37.00886,35.3473,35.04813333333333,37.417633333333335,36.3911,35.8923,43.76401666666666,44.8559,44.71738,46.2425,34.51793333333333,33.5503,34.4236,31.7768,44.0839,41.86376666666667,43.44862,41.7697,35.281816666666664,37.28706666666667,36.52858,36.8978,35.10725,32.322833333333335,34.63424,31.1848,0,,,,,False,2026,,290,Texas A&M,SEC,18.6886,39,-0.1686,-4
Buzz Williams,buzz williams,2026,160,Maryland,B10,11,3,0.6104972375690608,13.633027272727274,15.053899999999999,15.512379999999999,24.0704,-0.7230636363636362,-4.6177,-1.6081799999999997,9.5432,-14.4499,0.5454545454545454,0.18181818181818182,0.2727272727272727,-8.090909090909092,60.45454545454545,13,0.18181818181818182,0.6363636363636364,0.7272727272727273,0.5454545454545454,4.090909090909091,9.717163636363637,-3.230490909090909,66.48692727272727,66.55206666666668,66.45946,66.2786,233.72727272727272,235.33333333333334,230.6,245,50.36348181818182,47.148500000000006,47.97204000000001,48.1353,18.252963636363635,16.823133333333335,17.54178,18.5618,32.651354545454545,39.14926666666667,37.54316,33.8099,39.167418181818185,38.77783333333334,39.432680000000005,36.3879,50.03694545454545,51.06046666666666,49.76472,54.4023,19.604,17.001766666666665,19.12138,14.94,29.955663636363635,28.323933333333333,29.716680000000004,29.0741,31.224345454545457,34.44063333333333,34.26452,35.7524,33.5562,30.545533333333335,31.31978,31.6327,38.65570909090909,40.80473333333333,38.18858,46.9899,33.55282727272727,34.43043333333333,33.46602,36.1282,43.7842,44.78163333333333,43.62776,43.2764,30.185309090909094,30.792333333333335,28.907580000000003,36.3913,36.01491818181818,36.2824,35.2214,34.7843,0,,,,,False,2026,,160,Maryland,B10,4.4764,119,-14.4499,-85
Byron Rimm II,byron rimm ii,2021,128,IUPUI,Horz,3,2,0.2716049382716049,-14.706133333333334,-14.706133333333334,-14.706133333333334,-9.3701,-4.084733333333333,-4.084733333333333,-4.084733333333333,-1.1651,-9.8365,0.0,0.0,0.3333333333333333,-25.0,309.3333333333333,263,0.0,0.0,0.0,0.0,0.0,-3.7632333333333334,-2.1921,70.52233333333334,70.52233333333334,70.52233333333334,72.1197,73.66666666666667,73.66666666666667,73.66666666666667,28,46.216566666666665,46.216566666666665,46.216566666666665,48.971,19.884600000000002,19.884600000000002,19.884600000000002,19.1115,28.2734,28.2734,28.2734,25.416,33.056,33.056,33.056,30.4958,52.629,52.629,52.629,52.743,19.7817,19.7817,19.7817,18.8822,31.709433333333333,31.709433333333333,31.709433333333333,25.2971,37.35166666666667,37.35166666666667,37.35166666666667,35.1299,31.780833333333334,31.780833333333334,31.780833333333334,34.375,34.928333333333335,34.928333333333335,34.928333333333335,38.9149,32.9698,32.9698,32.9698,30.4709,35.47463333333334,35.47463333333334,35.47463333333334,34.7449,29.160466666666665,29.160466666666665,29.160466666666665,33.4895,26.822999999999997,26.822999999999997,26.822999999999997,24.1935,0,,,,,False,2021,,128,IUPUI,Horz,-9.3701,263,-1.1651,-1
Byron Samuels,byron samuels,2017,87,Florida A&M,MEAC,2,1,0.2413793103448276,-23.593,-23.593,-23.593,-22.6093,1.3198999999999999,1.3198999999999999,1.3198999999999999,2.1605,0.4793,1.0,0.0,0.0,3.5,347.0,345,0.0,0.0,0.0,0.0,0.0,-12.19625,-4.452500000000001,69.34854999999999,69.34854999999999,69.34854999999999,69.2742,105.0,105.0,105.0,104,45.6622,45.6622,45.6622,46.5144,20.508650000000003,20.508650000000003,20.508650000000003,18.4202,25.8418,25.8418,25.8418,26.3206,40.014799999999994,40.014799999999994,40.014799999999994,37.5601,51.739850000000004,51.739850000000004,51.739850000000004,53.2239,19.575400000000002,19.575400000000002,19.575400000000002,18.8647,32.97055,32.97055,32.97055,34.7236,36.215,36.215,36.215,33.939,32.15345,32.15345,32.15345,33.9394,32.4111,32.4111,32.4111,29.7476,34.70165,34.70165,34.70165,36.1309,38.09095000000001,38.09095000000001,38.09095000000001,41.2075,26.7986,26.7986,26.7986,25.7274,30.94975,30.94975,30.94975,34.4485,0,,,,,False,2017,,87,Florida A&M,MEAC,-22.6093,345,0.4793,6
Byron Smith,byron smith,2026,230,Prairie View A&M,SWAC,10,1,0.44904458598726116,-10.49456,-16.21496666666667,-13.461099999999998,-4.1254,1.6107399999999998,-1.794266666666667,-1.4856800000000001,7.0687,-6.4122,0.6,0.4,0.2,33.7,275.9,209,0.0,0.0,0.0,0.3,4.8,-7.529999999999999,9.5295,69.92211999999999,70.62573333333334,69.96764,70.7222,79.0,37.333333333333336,61.0,24,47.85553,47.04216666666667,46.86094,47.4182,18.81204,16.7077,18.7558,15.7892,28.560750000000002,25.906833333333335,28.21832,26.7327,36.89322,37.4455,36.775099999999995,41.6155,51.19474,53.59806666666666,52.00512,50.8915,22.17478,20.515433333333334,20.681,18.997,33.410489999999996,36.489200000000004,34.47672,35.2089,45.53812,43.22333333333333,43.2671,42.5879,32.04423,31.593700000000002,32.03982,32.8881,32.78433,30.228866666666665,31.41836,30.6237,33.60296,35.30403333333334,34.9971,35.0388,34.56245,32.80096666666667,33.66266,32.8579,26.025299999999998,23.666299999999996,25.24452,23.9271,26.004219999999997,25.218466666666668,26.34184,26.0369,0,,,,,False,2026,,230,Prairie View A&M,SWAC,-10.1522,281,2.954,45
C.B. McGrath,c b mcgrath,2020,313,UNC Wilmington,CAA,3,1,0.31958762886597936,-9.712933333333334,-9.712933333333334,-9.712933333333334,-7.4258,-7.3247,-7.3247,-7.3247,-3.8813,-10.2657,0.0,0.0,0.6666666666666666,-86.0,276.3333333333333,245,0.0,0.0,0.0,0.0,0.0,-1.2854999999999999,2.1884,69.92183333333334,69.92183333333334,69.92183333333334,68.5107,95.0,95.0,95.0,165,48.42003333333333,48.42003333333333,48.42003333333333,45.8359,18.2397,18.2397,18.2397,18.8926,29.490866666666665,29.490866666666665,29.490866666666665,22.9796,32.1145,32.1145,32.1145,32.4425,54.555033333333334,54.555033333333334,54.555033333333334,51.0435,16.037633333333336,16.037633333333336,16.037633333333336,17.9429,27.068766666666665,27.068766666666665,27.068766666666665,29.1176,33.9691,33.9691,33.9691,33.0948,33.66323333333333,33.66323333333333,33.66323333333333,31.4286,34.502,34.502,34.502,32.629,37.0438,37.0438,37.0438,32.7613,40.1909,40.1909,40.1909,38.223,29.098,29.098,29.098,26.7857,33.565,33.565,33.565,30.1147,0,,,,,False,2020,,313,UNC Wilmington,CAA,-12.4013,312,-3.8813,-47
Cameron Dollar,cameron dollar,2017,257,Seattle,WAC,2,1,0.45161290322580644,-10.55835,-10.55835,-10.55835,-8.7495,-2.8823000000000003,-2.8823000000000003,-2.8823000000000003,-0.6687,-5.0959,0.0,0.0,0.5,-5.0,279.5,265,0.0,0.0,0.0,0.0,0.0,-5.7214,-6.5187,66.70235,66.70235,66.70235,67.6481,251.0,251.0,251.0,208,49.0185,49.0185,49.0185,50.5494,21.8091,21.8091,21.8091,20.551,26.54455,26.54455,26.54455,20.5915,36.11865,36.11865,36.11865,36.1951,48.313,48.313,48.313,47.5722,18.975,18.975,18.975,19.0498,31.21825,31.21825,31.21825,31.1459,35.0225,35.0225,35.0225,35.0953,34.69095,34.69095,34.69095,33.8733,39.47735,39.47735,39.47735,46.6346,32.76735,32.76735,32.76735,31.6527,43.4975,43.4975,43.4975,43.8844,33.1877,33.1877,33.1877,37.439,35.29875,35.29875,35.29875,34.5566,0,,,,,False,2017,,257,Seattle,WAC,-8.7495,265,-0.6687,7
Carm Maciariello,carm maciariello,2024,259,Siena,MAAC,5,1,0.4857142857142857,-6.20928,-10.352866666666666,-6.20928,2.0644,-0.9333599999999999,-2.970333333333333,-0.9333599999999999,8.4024,-14.9825,0.6,0.2,0.2,5.0,226.8,145,0.0,0.0,0.0,0.2,3.2,-4.99894,-21.51218,66.40263999999999,66.37936666666667,66.40263999999999,66.0709,244.8,230.0,244.8,270,49.30082,47.5779,49.30082,44.7383,20.0057,20.461866666666666,20.0057,23.4637,29.60814,29.39186666666667,29.60814,33.1565,33.564499999999995,31.4342,33.564499999999995,30.8305,48.97292,50.179066666666664,48.97292,51.795,17.10694,16.8638,17.10694,14.8045,27.916859999999996,28.830966666666665,27.916859999999996,31.2443,28.3579,30.057933333333335,28.3579,27.9917,33.69048,32.857866666666666,33.69048,28.0265,34.214999999999996,34.2393,34.214999999999996,34.3003,33.23182,33.9828,33.23182,35.2134,31.70774,30.7161,31.70774,34.1311,28.305880000000002,28.63993333333333,28.305880000000002,26.2151,26.77782,25.789933333333334,26.77782,29.0932,0,,,,,False,2024,,259,Siena,MAAC,-22.8251,357,-14.9825,-89
Carson Cunningham,carson cunningham,2023,121,Incarnate Word,Slnd,5,1,0.2857142857142857,-20.50974,-19.0089,-20.50974,-16.0221,-0.1014999999999999,2.5917666666666666,-0.1014999999999999,5.9569,-6.0398,0.6,0.2,0.2,1.6,345.4,340,0.0,0.0,0.0,0.0,0.0,-6.910200000000001,1.60992,65.43194,65.3772,65.43194,66.8315,284.8,276.0,284.8,192,48.95582,49.080600000000004,48.95582,48.5332,21.360059999999997,20.251066666666667,21.360059999999997,20.0286,24.47622,23.93643333333333,24.47622,26.3048,31.8298,31.07936666666667,31.8298,33.2908,55.1126,54.42083333333333,55.1126,54.3683,19.460259999999998,19.043333333333333,19.460259999999998,20.5422,32.9765,32.655966666666664,32.9765,33.0377,34.32692,32.170566666666666,34.32692,32.7467,34.0505,35.3318,34.0505,34.0509,37.704719999999995,39.105866666666664,37.704719999999995,32.5893,35.46924,34.90456666666667,35.46924,36.8421,35.1245,34.21383333333333,35.1245,33.4381,31.6282,34.16546666666667,31.6282,27.287,27.6505,27.209766666666667,27.6505,27.9601,0,,,,,False,2023,,121,Incarnate Word,Slnd,-16.0221,340,5.9569,17
Casey Alexander,casey alexander,2026,22,Belmont,MVC,11,2,0.6906077348066298,4.7854090909090905,6.970266666666667,6.81162,14.5458,2.1666454545454545,4.6113333333333335,2.35726,11.5921,-2.2425,0.45454545454545453,0.2727272727272727,0.0,19.181818181818183,126.27272727272727,45,0.0,0.09090909090909091,0.2727272727272727,0.18181818181818182,3.090909090909091,-2.4907909090909093,0.5665181818181818,71.33382727272728,70.33893333333333,69.63152,68.9687,48.63636363636363,52.0,73.2,94,55.07162727272728,56.963300000000004,56.37782,61.0491,17.5747,16.923199999999998,16.87068,18.0691,26.043063636363637,25.657833333333333,25.3441,28.7513,31.15514545454545,29.61446666666667,27.810019999999998,32.5335,50.686690909090906,51.58796666666667,51.05254,49.9197,18.857354545454545,17.139866666666666,18.002119999999998,17.383,27.888199999999998,28.667333333333335,28.752660000000002,29.1522,30.23890909090909,28.230633333333333,27.47782,30.6909,36.26023636363636,38.7782,37.594759999999994,41.0256,43.04014545454545,44.078,43.41628,45.7031,34.34243636363636,34.119933333333336,34.347339999999996,34.2421,38.88052727272727,44.11156666666667,41.15782,49.1162,35.32243636363636,38.0388,36.90106,38.949,32.651363636363634,36.46606666666667,34.7807,40.9922,0,,,,,False,2026,,22,Belmont,MVC,11.9596,69,6.478,39
Chad Boudreau,chad boudreau,2026,339,Western Illinois,OVC,3,1,0.4,-18.248166666666666,-18.248166666666666,-18.248166666666666,-8.0329,-6.4104,-6.4104,-6.4104,2.7795,-13.7126,0.3333333333333333,0.0,0.6666666666666666,-14.333333333333334,326.3333333333333,270,0.0,0.0,0.0,0.0,0.0,-7.7441666666666675,-0.9615666666666668,65.2839,65.2839,65.2839,66.6284,293.3333333333333,293.3333333333333,293.3333333333333,225,47.06393333333333,47.06393333333333,47.06393333333333,44.5519,18.616,18.616,18.616,17.4857,30.64033333333333,30.64033333333333,30.64033333333333,26.839,33.54656666666667,33.54656666666667,33.54656666666667,37.7821,50.57973333333334,50.57973333333334,50.57973333333334,54.1717,14.567766666666666,14.567766666666666,14.567766666666666,14.8972,31.903433333333336,31.903433333333336,31.903433333333336,34.8115,30.181466666666665,30.181466666666665,30.181466666666665,34.8247,33.33736666666667,33.33736666666667,33.33736666666667,30.9478,33.8015,33.8015,33.8015,33.3333,33.7434,33.7434,33.7434,35.6021,33.338100000000004,33.338100000000004,33.338100000000004,34.6433,29.197366666666667,29.197366666666667,29.197366666666667,27.1186,27.46953333333333,27.46953333333333,27.46953333333333,27.8435,0,,,,,False,2026,,339,Western Illinois,OVC,-28.5897,364,-13.7126,-26
Charlie Henry,charlie henry,2026,99,Georgia Southern,SB,3,1,0.4563106796116505,-7.1959333333333335,-7.1959333333333335,-7.1959333333333335,-6.0704,-1.9782,-1.9782,-1.9782,2.1644,-4.903,0.3333333333333333,0.0,0.0,-23.666666666666668,254.33333333333334,234,0.0,0.0,0.0,0.0,0.0,-3.9969333333333332,-3.601566666666667,69.59266666666667,69.59266666666667,69.59266666666667,70.1292,66.33333333333333,66.33333333333333,66.33333333333333,42,50.9527,50.9527,50.9527,51.3955,17.481933333333334,17.481933333333334,17.481933333333334,14.6393,30.18083333333333,30.18083333333333,30.18083333333333,28.7902,31.6915,31.6915,31.6915,39.6405,51.4811,51.4811,51.4811,52.3329,18.142533333333333,18.142533333333333,18.142533333333333,18.7765,34.1023,34.1023,34.1023,35.1897,42.533566666666665,42.533566666666665,42.533566666666665,41.366,34.340833333333336,34.340833333333336,34.340833333333336,33.3656,45.91016666666667,45.91016666666667,45.91016666666667,48.912,34.02093333333333,34.02093333333333,34.02093333333333,34.3484,38.6779,38.6779,38.6779,39.4901,37.976866666666666,37.976866666666666,37.976866666666666,37.0172,29.520166666666668,29.520166666666668,29.520166666666668,30.0853,0,,,,,False,2026,,99,Georgia Southern,SB,-6.0704,234,2.1644,38
Charlie Ward,charlie ward,2026,87,Florida A&M,SWAC,1,1,0.4838709677419355,-12.9011,-12.9011,-12.9011,-12.9011,2.1114,2.1114,2.1114,2.1114,2.1114,1.0,0.0,0.0,33.0,308.0,308,0.0,0.0,0.0,0.0,0.0,-8.9776,7.626,68.2975,68.2975,68.2975,68.2975,129.0,129.0,129.0,129,49.2317,49.2317,49.2317,49.2317,21.5414,21.5414,21.5414,21.5414,30.7845,30.7845,30.7845,30.7845,37.4309,37.4309,37.4309,37.4309,51.184,51.184,51.184,51.184,19.1479,19.1479,19.1479,19.1479,30.8793,30.8793,30.8793,30.8793,39.6478,39.6478,39.6478,39.6478,32.6264,32.6264,32.6264,32.6264,37.6767,37.6767,37.6767,37.6767,34.9206,34.9206,34.9206,34.9206,34.4262,34.4262,34.4262,34.4262,29.5567,29.5567,29.5567,29.5567,27.2853,27.2853,27.2853,27.2853,0,,,,,False,2026,,87,Florida A&M,SWAC,-12.9011,308,2.1114,33
Chris Acker,chris acker,2026,145,Long Beach St.,BW,2,1,0.265625,-9.2688,-9.2688,-9.2688,-5.9776,-3.34755,-3.34755,-3.34755,-1.4811,-5.214,0.0,0.0,0.5,-35.5,270.5,233,0.0,0.0,0.0,0.0,0.0,0.53355,3.0985500000000004,66.40875,66.40875,66.40875,68.566,224.0,224.0,224.0,114,49.9133,49.9133,49.9133,50.6187,19.848,19.848,19.848,17.986,27.37625,27.37625,27.37625,26.2405,33.098349999999996,33.098349999999996,33.098349999999996,30.7087,53.5308,53.5308,53.5308,53.6678,17.3343,17.3343,17.3343,17.5212,31.37475,31.37475,31.37475,27.7893,38.7394,38.7394,38.7394,42.2535,34.00515,34.00515,34.00515,32.6861,35.9469,35.9469,35.9469,34.7582,36.244,36.244,36.244,34.3854,36.47645,36.47645,36.47645,35.3286,29.51135,29.51135,29.51135,27.5956,29.30335,29.30335,29.30335,26.2136,0,,,,,False,2026,,145,Long Beach St.,BW,-5.9776,233,-1.4811,-23
Chris Beard,chris beard,2026,173,Mississippi,SEC,10,4,0.6578171091445427,18.839589999999998,15.1528,17.62942,30.0327,3.34615,0.3236333333333333,-0.23068,16.6153,-8.2794,0.6,0.4,0.1,16.9,33.8,5,0.6,0.7,1.0,0.7,4.6,10.073640000000001,-4.423579999999999,65.80632,67.15043333333334,66.05514,66.4319,263.6,200.33333333333334,250.6,235,51.449490000000004,51.02016666666666,50.514359999999996,50.4494,16.39014,14.203666666666669,15.281279999999999,14.0184,29.41932,28.005033333333333,29.79108,28.3293,34.68837,34.45393333333333,34.650580000000005,33.018,47.8209,50.40803333333333,49.190340000000006,50.5147,21.04119,18.2646,20.30202,16.4439,30.059410000000003,33.0606,31.782519999999998,32.5397,37.13597,37.61436666666666,37.50088,41.2255,35.58844,34.829633333333334,34.580259999999996,33.1558,35.15206,36.89986666666667,35.617540000000005,35.5251,32.53505,33.2447,33.17186,33.4483,39.15797,41.01853333333333,38.952819999999996,42.6471,29.234589999999997,30.220266666666664,29.18204,28.125,31.41586,31.989633333333334,31.06534,32.7703,0,,,,,False,2026,,173,Mississippi,SEC,12.7578,64,-8.2794,-40
Chris Caputo,chris caputo,2026,96,George Washington,A10,4,1,0.5338345864661654,1.50875,3.1342666666666665,1.50875,9.4191,1.19415,1.1638,1.19415,3.6381,-0.6158,0.75,0.0,0.0,11.0,158.5,86,0.0,0.0,0.25,0.0,0.0,-0.28642500000000004,-7.69905,68.788,68.75133333333333,68.788,69.0663,109.5,115.0,109.5,89,52.379975,52.166599999999995,52.379975,54.4103,17.8764,17.953233333333333,17.8764,18.1858,29.93805,31.076533333333334,29.93805,35.8396,36.15505,36.70413333333334,36.15505,34.8928,50.705799999999996,50.27956666666666,50.705799999999996,52.3688,16.57915,16.936066666666665,16.57915,17.683,30.04065,30.162466666666663,30.04065,28.7307,27.92715,27.9922,27.92715,34.9465,33.5775,34.083733333333335,33.5775,35.1295,42.226,43.624233333333336,42.226,47.0273,33.8217,33.45056666666667,33.8217,33.8863,39.96265,40.0533,39.96265,42.9954,32.523125,34.111200000000004,32.523125,36.9684,33.285475,33.15826666666667,33.285475,33.5549,0,,,,,False,2026,,96,George Washington,A10,9.4191,86,-0.6158,-5
Chris Casey,chris casey,2026,83,Fairfield,MAAC,7,2,0.45493562231759654,-9.204657142857142,-8.284433333333334,-8.473180000000001,-0.9847,-1.2385285714285714,-0.0766333333333334,-1.4622199999999999,5.1455,-9.2391,0.42857142857142855,0.14285714285714285,0.2857142857142857,4.142857142857143,264.7142857142857,175,0.0,0.0,0.0,0.0,0.0,-5.9843714285714285,-4.7706,68.55478571428571,67.26026666666667,69.02382,67.0002,153.57142857142858,191.33333333333334,133.0,204,48.519014285714285,49.0485,49.429019999999994,48.784,16.802957142857142,15.458466666666666,15.73296,15.3439,30.555514285714285,30.828433333333333,30.106600000000004,35.7595,31.500300000000003,27.1725,30.57844,27.6751,51.80231428571428,52.383766666666666,52.63250000000001,50.9953,17.126628571428572,18.4247,17.39438,16.8287,29.9857,30.26493333333333,29.59216,29.1408,29.718085714285714,29.04133333333333,28.354039999999998,30.3824,33.91885714285714,33.625033333333334,34.53338,33.2418,36.522171428571426,38.57893333333333,38.10678,35.4086,36.082499999999996,34.78713333333334,36.07084,34.2566,36.1262,36.53783333333333,36.30234,35.935,30.992799999999995,32.98786666666666,32.59094,30.162,31.206114285714285,30.220299999999998,31.20358,29.6967,0,,,,,False,2026,,83,Fairfield,MAAC,-7.8554,260,3.8637,53
Chris Collins,chris collins,2026,211,Northwestern,B10,11,1,0.509915014164306,11.908045454545453,15.650833333333333,14.384780000000001,17.0229,-0.9361272727272727,0.8511333333333333,0.11796000000000009,5.4437,-11.1261,0.45454545454545453,0.09090909090909091,0.18181818181818182,-10.454545454545455,67.63636363636364,38,0.0,0.36363636363636365,0.9090909090909091,0.2727272727272727,2.1818181818181817,10.325318181818183,-6.374872727272727,65.53173636363637,64.84953333333333,65.33286,65.1548,276.72727272727275,312.6666666666667,278.0,302,49.6285,51.36933333333334,50.08538,51.7367,15.327136363636363,13.761366666666667,14.012800000000002,13.0538,26.911372727272727,28.3486,27.864060000000002,28.1165,29.096290909090907,31.485200000000003,29.852819999999998,33.9036,49.19699090909091,50.797333333333334,50.32306,50.9656,18.338409090909092,18.725266666666666,19.35372,17.5396,28.511963636363635,30.851466666666667,29.12296,34.7085,34.68883636363636,36.886833333333335,35.415839999999996,34.8121,34.05302727272727,35.08356666666666,34.3846,32.9771,37.813463636363636,34.8402,36.837959999999995,33.9554,33.876481818181816,33.888733333333334,34.44286,33.3766,38.756218181818184,38.91863333333333,39.97002,40.1879,32.075672727272725,29.1251,31.128859999999996,26.0555,32.04326363636364,30.727666666666664,32.773379999999996,31.508,0,,,,,False,2026,,211,Northwestern,B10,13.5199,58,-0.5913,-1
Chris Crutchfield,chris crutchfield,2026,187,Nebraska Omaha,Sum,4,1,0.46616541353383456,-7.129075,-5.186466666666667,-7.129075,-0.0623,2.3563,2.9333666666666667,2.3563,12.3924,-5.0298,0.75,0.25,0.25,26.25,251.75,165,0.0,0.0,0.0,0.25,3.75,-2.800075,2.29955,67.47494999999999,67.40053333333333,67.47494999999999,67.0247,177.0,184.0,177.0,202,50.707899999999995,51.4332,50.707899999999995,52.1765,16.18,15.4056,16.18,16.0634,26.097675,26.72096666666667,26.097675,25.5407,34.9572,36.72666666666667,34.9572,34.4619,53.114625000000004,53.09786666666667,53.114625000000004,52.7378,15.139050000000001,14.930233333333334,15.139050000000001,14.0617,27.514875,27.036533333333335,27.514875,28.7671,34.100300000000004,34.34363333333334,34.100300000000004,33.6023,33.7277,33.75043333333333,33.7277,34.0237,35.593475,37.6518,35.593475,40.8706,35.095575,34.611133333333335,35.095575,32.9114,43.4548,44.31766666666667,43.4548,45.5331,28.244625,29.421966666666666,28.244625,32.1979,34.801225,35.03223333333333,34.801225,34.6359,0,,,,,False,2026,,187,Nebraska Omaha,Sum,-8.3251,264,-5.0298,-76
Chris Gerlufsen,chris gerlufsen,2026,253,San Francisco,WCC,4,1,0.625,8.6472,9.394,8.6472,12.1456,0.4686000000000001,0.8548666666666668,0.4686000000000001,5.7408,-5.504,0.5,0.25,0.25,2.0,88.5,65,0.0,0.0,0.5,0.0,0.0,2.621975,-1.70915,67.5027,67.1885,67.5027,66.0553,176.0,195.33333333333334,176.0,255,53.16585,53.023799999999994,53.16585,51.2452,17.256700000000002,16.473566666666667,17.256700000000002,15.8503,29.518275,29.83826666666667,29.518275,31.4079,32.63355,32.76153333333333,32.63355,40.1217,49.658425,49.580033333333326,49.658425,50.7584,17.341025000000002,17.24096666666667,17.341025000000002,14.1305,26.906275,27.035733333333337,26.906275,29.0812,35.469225,34.5905,35.469225,29.5502,35.041325,34.5812,35.041325,34.5738,44.79605,43.31486666666667,44.79605,46.0985,32.554050000000004,32.09133333333333,32.554050000000004,34.0643,36.005575,36.3523,36.005575,35.7741,36.202275,34.6061,36.202275,36.5173,28.109975,28.2841,28.109975,29.6061,0,,,,,False,2026,,253,San Francisco,WCC,3.9867,122,-5.504,-38
Chris Holtmann,chris holtmann,2026,69,DePaul,BE,11,3,0.6049046321525886,16.021290909090908,8.745666666666667,11.31698,23.5777,1.1866,-0.11676666666666669,-2.16968,13.31,-6.7693,0.6363636363636364,0.09090909090909091,0.09090909090909091,2.0,44.0,8,0.36363636363636365,0.8181818181818182,0.9090909090909091,0.6363636363636364,3.909090909090909,10.535290909090909,-1.9279909090909093,66.4234,66.71356666666667,66.21397999999999,66.2421,247.0,227.33333333333334,243.6,247,52.399527272727276,51.10836666666666,51.92582,49.8069,16.778554545454544,17.150033333333333,16.92684,17.7633,29.703027272727272,29.477366666666665,29.85524,30.1095,33.80013636363636,32.25136666666666,31.34088,35.2454,48.93337272727273,49.830466666666666,49.18468,49.2946,17.1551,16.6736,16.27502,18.64,27.59537272727273,29.438033333333333,29.1111,31.0507,31.851200000000002,32.09063333333334,30.693279999999998,37.8104,35.73626363636364,33.79323333333333,34.9263,32.4859,37.65167272727273,39.95703333333333,38.21754,39.0513,33.849354545454545,34.92786666666667,34.13117999999999,35.4409,36.80814545454545,34.31263333333333,35.12228,33.9165,31.057945454545457,32.3251,31.51148,30.694,31.040045454545453,29.371033333333333,29.87306,28.7062,0,,,,,False,2026,,69,DePaul,BE,7.2158,99,-3.1115,-21
Chris Jans,chris jans,2026,174,Mississippi St.,SEC,9,2,0.6851211072664359,11.589088888888888,14.7079,13.64622,20.0162,-0.18836666666666668,-4.157666666666667,-1.8179199999999998,8.5537,-13.5057,0.4444444444444444,0.2222222222222222,0.2222222222222222,-2.7777777777777777,72.88888888888889,33,0.0,0.2222222222222222,0.7777777777777778,0.7777777777777778,8.444444444444445,3.949866666666667,-0.07782222222222218,66.37675555555556,68.36453333333333,66.97124,69.6621,230.77777777777777,133.66666666666666,195.0,64,51.26568888888889,51.61723333333333,50.71694,51.4881,18.28221111111111,16.734066666666667,18.08298,16.0802,34.06120000000001,33.02393333333334,33.410160000000005,29.8274,32.72588888888889,33.1786,33.6053,30.6548,48.45243333333334,50.23646666666667,48.41316,50.9398,18.449033333333333,16.6856,17.7212,12.795,26.171599999999998,29.489633333333334,28.5738,30.701,31.88228888888889,33.11633333333334,31.04982,32.2892,32.27293333333333,32.002066666666664,31.19876,32.3857,41.700155555555554,40.424566666666664,39.394999999999996,40.129,32.17355555555556,33.166533333333334,32.080040000000004,33.9438,39.98654444444444,41.5482,42.15268,39.4699,32.383044444444444,30.8783,29.737180000000002,31.6425,32.17387777777778,33.1299,33.94448,31.8564,0,,,,,False,2026,,174,Mississippi St.,SEC,7.0405,102,-13.5057,-76
Chris Kraus,chris kraus,2026,366,Stonehill,NEC,4,1,0.3543307086614173,-17.235025,-18.148766666666667,-17.235025,-14.2374,-0.30732500000000007,-1.8248333333333333,-0.30732500000000007,5.063,-7.0714,0.5,0.25,0.25,9.5,336.5,323,0.0,0.0,0.0,0.0,0.0,-8.77,-0.7898499999999999,66.362,66.43843333333334,66.362,66.4033,233.0,233.66666666666666,233.0,238,48.872099999999996,48.21006666666667,48.872099999999996,46.9174,19.2153,19.06566666666667,19.2153,19.4116,23.8674,25.445466666666665,23.8674,27.4705,28.38455,27.12346666666667,28.38455,27.319,50.383775,50.455033333333326,50.383775,47.7898,16.511625,15.428233333333333,16.511625,13.3544,29.742225,29.200633333333332,29.742225,27.1216,29.931325,30.8244,29.931325,30.2965,33.022625,32.42256666666666,33.022625,31.7039,43.2947,43.973366666666664,43.2947,40.4977,34.716575,34.760999999999996,34.716575,33.4443,38.1772,37.3052,38.1772,32.3989,36.29745,37.00546666666667,36.29745,34.2211,32.563875,31.628733333333333,32.563875,27.9814,0,,,,,False,2026,,366,Stonehill,NEC,-17.2806,333,-3.4661,-2
Chris Mack,chris mack,2026,55,Charleston,CAA,9,3,0.6782006920415224,13.191188888888888,1.2453999999999998,7.726940000000001,22.5203,-1.3359111111111113,-5.629233333333334,-5.58564,8.2688,-13.2711,0.3333333333333333,0.2222222222222222,0.2222222222222222,-15.333333333333334,67.22222222222223,9,0.4444444444444444,0.5555555555555556,0.6666666666666666,0.5555555555555556,2.7777777777777777,7.092588888888889,2.2885666666666666,68.28855555555555,68.32533333333333,67.56058,67.6853,162.66666666666666,135.33333333333334,189.6,168,51.327466666666666,50.56123333333333,50.38416,50.5349,17.285666666666668,16.644266666666667,17.01824,15.7923,30.766766666666665,27.918499999999998,29.54536,29.9256,35.998777777777775,33.6371,33.051159999999996,41.2162,48.81078888888889,49.9049,48.651120000000006,49.2359,16.661166666666666,15.791933333333333,16.28156,14.7145,26.3381,28.47356666666667,27.31266,32.3408,29.560555555555556,27.528533333333332,28.278160000000003,26.0825,34.180822222222226,32.3486,33.08734,30.5761,37.608155555555555,40.1346,37.73592,38.1194,32.22673333333333,33.18743333333333,32.02794,32.5554,40.15268888888889,40.482033333333334,40.61032,43.6577,29.95678888888889,31.287466666666663,30.1603,26.6067,32.76705555555556,33.79943333333333,33.2971,36.5502,0,,,,,False,2026,,55,Charleston,CAA,-0.3391,174,-1.9824,-42
Chris Markwood,chris markwood,2026,155,Maine,AE,4,1,0.4375,-9.805125,-10.0471,-9.805125,-4.6015,0.8242249999999998,-2.3256333333333337,0.8242249999999998,10.2738,-11.3565,0.75,0.25,0.25,18.75,268.75,219,0.0,0.0,0.0,0.0,0.0,-5.8130999999999995,-1.665525,65.5519,65.49236666666667,65.5519,64.7745,283.25,291.3333333333333,283.25,317,49.96935,49.63003333333333,49.96935,49.5757,17.520775,17.124633333333335,17.520775,19.1004,21.879199999999997,21.5501,21.879199999999997,19.798,29.855825,32.16446666666666,29.855825,38.3812,51.0998,50.318099999999994,51.0998,50.6455,20.213549999999998,20.183466666666664,20.213549999999998,19.3989,31.11455,31.47113333333333,31.11455,34.2885,30.950850000000003,31.694933333333335,30.950850000000003,33.9202,32.589875,32.20166666666666,32.589875,31.2169,34.37655,34.0732,34.37655,37.0104,32.409375,31.67403333333333,32.409375,29.3461,35.74265,35.37956666666667,35.74265,36.7958,27.804675,27.024533333333334,27.804675,27.9916,28.03835,27.3794,28.03835,25.9887,0,,,,,False,2026,,155,Maine,AE,-20.3087,348,-11.3565,-64
Chris Mooney,chris mooney,2026,239,Richmond,A10,11,1,0.5325779036827195,4.690981818181818,1.1763666666666666,2.82552,13.8683,-2.2425545454545452,-1.822266666666667,-3.1296600000000003,6.8463,-8.6309,0.18181818181818182,0.18181818181818182,0.36363636363636365,-31.0,128.1818181818182,46,0.0,0.09090909090909091,0.5454545454545454,0.18181818181818182,2.8181818181818183,2.5091909090909095,-0.6687,67.16973636363636,66.1607,66.1064,67.7117,205.0909090909091,246.33333333333334,243.6,164,52.48052727272727,51.247899999999994,51.20104,52.6951,15.233118181818183,14.157166666666667,14.78786,14.3079,21.298263636363636,20.5227,20.9957,24.9763,31.324372727272728,31.39936666666667,31.641939999999998,36.8894,51.00401818181819,50.56576666666666,50.35276,52.0414,18.5434,16.866466666666664,17.339019999999998,17.7324,28.524336363636362,28.431766666666665,27.62654,30.9677,30.80009090909091,32.95683333333333,29.69076,35.123,34.488409090909094,34.82716666666666,34.08732,37.0712,39.6102,41.17973333333333,41.872519999999994,42.5604,33.52175454545455,33.1735,33.35654,32.7206,39.11651818181818,44.98433333333333,42.2607,45.6376,32.02213636363636,33.836533333333335,33.8125,35.5546,31.67860909090909,35.8468,34.543639999999996,34.6753,0,,,,,False,2026,,239,Richmond,A10,1.0624,153,-2.7094,-34
Chris Mudge,chris mudge,2026,249,Sam Houston St.,CUSA,3,1,0.5656565656565656,2.1704333333333334,2.1704333333333334,2.1704333333333334,5.2901,1.0162000000000002,1.0162000000000002,1.0162000000000002,8.4852,-5.3263,0.3333333333333333,0.3333333333333333,0.3333333333333333,4.0,142.66666666666666,111,0.0,0.0,0.0,0.0,0.0,1.4042333333333332,5.147666666666667,68.55283333333334,68.55283333333334,68.55283333333334,70.2421,121.0,121.0,121.0,36,50.7003,50.7003,50.7003,52.4543,17.942766666666667,17.942766666666667,17.942766666666667,16.7579,32.7336,32.7336,32.7336,35.9292,35.129733333333334,35.129733333333334,35.129733333333334,34.3603,51.4579,51.4579,51.4579,51.4286,17.393266666666666,17.393266666666666,17.393266666666666,16.073,29.740099999999998,29.740099999999998,29.740099999999998,30.1333,35.650866666666666,35.650866666666666,35.650866666666666,36.7116,36.85543333333333,36.85543333333333,36.85543333333333,37.172,36.458666666666666,36.458666666666666,36.458666666666666,35.8225,33.7259,33.7259,33.7259,32.5161,40.75096666666667,40.75096666666667,40.75096666666667,41.779,31.81686666666667,31.81686666666667,31.81686666666667,30.8468,32.2132,32.2132,32.2132,31.7114,0,,,,,False,2026,,249,Sam Houston St.,CUSA,5.2901,111,8.4852,75
Chris Mullin,chris mullin,2019,277,St. John's,BE,4,1,0.44696969696969696,4.9441,8.058300000000001,4.9441,10.3056,-3.2825,-2.766066666666667,-3.2825,1.807,-6.8516,0.25,0.0,0.25,-30.75,118.0,74,0.0,0.0,0.75,0.25,2.75,8.43795,-2.5638,71.39025000000001,71.15616666666666,71.39025000000001,70.8309,48.25,55.666666666666664,48.25,46,49.177975,50.435900000000004,49.177975,51.8333,17.351025,16.167366666666666,17.351025,14.31,25.0577,24.235466666666667,25.0577,21.7532,33.54175,32.04236666666667,33.54175,29.5238,51.129975,51.143100000000004,51.129975,50.7139,21.0081,21.30803333333333,21.0081,21.2044,31.252475,31.383733333333335,31.252475,29.4264,39.209625,37.83133333333333,39.209625,39.7246,34.36635,35.163833333333336,34.36635,35.7231,36.495824999999996,37.34696666666667,36.495824999999996,38.5238,36.424675,36.35123333333333,36.424675,34.1787,38.30825,39.631,38.30825,42.2234,30.883875,31.728166666666667,30.883875,33.0538,32.157625,33.419066666666666,32.157625,33.3989,0,,,,,False,2019,,277,St. John's,BE,7.6065,88,-6.8516,-48
Chris Ogden,chris ogden,2021,317,UT Arlington,SB,3,1,0.4835164835164835,-0.8469666666666669,-0.8469666666666669,-0.8469666666666669,3.8726,0.7310666666666669,0.7310666666666669,0.7310666666666669,6.4781,-7.5275,0.6666666666666666,0.3333333333333333,0.3333333333333333,1.0,177.66666666666666,130,0.0,0.0,0.0,0.0,0.0,0.26013333333333327,9.974933333333334,67.73423333333334,67.73423333333334,67.73423333333334,69.2146,194.33333333333334,194.33333333333334,194.33333333333334,118,46.78196666666667,46.78196666666667,46.78196666666667,46.0682,17.547666666666668,17.547666666666668,17.547666666666668,16.1897,28.1554,28.1554,28.1554,26.8559,29.900833333333335,29.900833333333335,29.900833333333335,26.2352,48.3089,48.3089,48.3089,50.0364,18.3939,18.3939,18.3939,19.5754,29.79843333333333,29.79843333333333,29.79843333333333,32.3245,34.4176,34.4176,34.4176,29.4246,32.041133333333335,32.041133333333335,32.041133333333335,35.2941,40.47003333333333,40.47003333333333,40.47003333333333,39.0397,32.036,32.036,32.036,36.6812,35.34963333333334,35.34963333333334,35.34963333333334,33.3576,33.63823333333334,33.63823333333334,33.63823333333334,37.1482,28.0654,28.0654,28.0654,30.3614,0,,,,,False,2021,,317,UT Arlington,SB,-7.8665,253,-7.5275,-94
Chris Victor,chris victor,2026,257,Seattle,WCC,5,1,0.6011904761904762,3.65512,4.364,3.65512,6.4798,1.88254,0.7220333333333332,1.88254,5.2765,-2.4721,0.8,0.2,0.0,13.2,129.0,107,0.0,0.0,0.0,0.0,0.0,-0.7514599999999999,-1.98842,68.11652000000001,67.02146666666667,68.11652000000001,67.9612,148.6,208.33333333333334,148.6,145,48.36,49.03236666666667,48.36,49.8127,17.07134,17.40726666666667,17.07134,16.7646,27.868959999999998,27.80813333333333,27.868959999999998,23.6842,34.466480000000004,37.0298,34.466480000000004,34.1894,48.22936,48.6509,48.22936,48.4367,19.57028,19.842066666666668,19.57028,21.1532,27.33286,28.146666666666665,27.33286,31.7816,35.88248,35.185399999999994,35.88248,32.9919,32.722500000000004,33.1747,32.722500000000004,33.6957,40.7376,37.811933333333336,40.7376,39.3793,31.371760000000002,31.044633333333334,31.371760000000002,32.1429,36.31714,36.7545,36.31714,37.7358,32.9082,30.201966666666664,32.9082,32.166,28.048039999999997,27.928066666666666,28.048039999999997,29.9867,0,,,,,False,2026,,257,Seattle,WCC,5.2385,113,1.4276,4
Clayton Bates,clayton bates,2022,341,Western Michigan,MAC,2,1,0.25,-12.84495,-12.84495,-12.84495,-10.4823,-2.47595,-2.47595,-2.47595,-1.9996,-2.9523,0.0,0.0,0.0,-19.5,301.5,274,0.0,0.0,0.0,0.0,0.0,0.9445000000000001,4.86965,65.01294999999999,65.01294999999999,65.01294999999999,64.0414,307.0,307.0,307.0,331,49.310500000000005,49.310500000000005,49.310500000000005,49.3016,20.70175,20.70175,20.70175,20.3066,25.3607,25.3607,25.3607,27.2354,24.2731,24.2731,24.2731,24.3175,51.7997,51.7997,51.7997,53.4369,14.64535,14.64535,14.64535,15.0301,30.8267,30.8267,30.8267,32.2981,27.962249999999997,27.962249999999997,27.962249999999997,29.7669,33.1843,33.1843,33.1843,33.1944,41.86805,41.86805,41.86805,45.7143,32.91815,32.91815,32.91815,33.8279,39.55855,39.55855,39.55855,40.2869,36.1953,36.1953,36.1953,39.374,31.6416,31.6416,31.6416,32.0375,0,,,,,False,2022,,341,Western Michigan,MAC,-15.2076,329,-1.9996,-16
Cleo Hill,cleo hill,2026,161,Maryland Eastern Shore,MEAC,2,1,0.23809523809523808,-21.6709,-21.6709,-21.6709,-20.726,-0.2279,-0.2279,-0.2279,-0.1438,-0.312,0.0,0.0,0.0,7.5,354.0,350,0.0,0.0,0.0,0.0,0.0,-6.216100000000001,7.459950000000001,64.4906,64.4906,64.4906,63.1421,316.5,316.5,316.5,356,46.707499999999996,46.707499999999996,46.707499999999996,47.7584,21.7424,21.7424,21.7424,23.7686,29.714350000000003,29.714350000000003,29.714350000000003,32.377,32.5375,32.5375,32.5375,29.4521,53.0407,53.0407,53.0407,50.7463,16.6886,16.6886,16.6886,17.8898,33.88315,33.88315,33.88315,33.642,41.8167,41.8167,41.8167,43.0348,30.259,30.259,30.259,28.9963,35.33555,35.33555,35.33555,33.4994,33.411550000000005,33.411550000000005,33.411550000000005,33.4898,38.7048,38.7048,38.7048,39.7388,27.772100000000002,27.772100000000002,27.772100000000002,25.0,28.44825,28.44825,28.44825,29.9161,0,,,,,False,2026,,161,Maryland Eastern Shore,MEAC,-20.726,350,-0.312,11
Cliff Ellis,cliff ellis,2024,53,Coastal Carolina,SB,9,1,0.4965753424657534,-3.559788888888889,-7.346866666666667,-4.846480000000001,1.2975,-0.7369999999999999,-3.1229,-1.8196999999999999,7.4012,-9.2592,0.3333333333333333,0.2222222222222222,0.2222222222222222,-10.555555555555555,208.77777777777777,154,0.0,0.0,0.0,0.0,0.0,-2.384522222222222,-2.1707444444444444,69.09007777777778,68.272,69.73662,69.5568,123.22222222222223,129.0,92.8,73,49.4807,48.90813333333333,49.318619999999996,49.3913,19.901555555555557,19.031066666666664,20.145,19.0503,32.31452222222222,30.752366666666664,32.58748,29.2543,33.77582222222222,30.828533333333336,32.18634,32.5217,49.260577777777776,49.88476666666667,49.242239999999995,50.1048,16.6375,15.191466666666665,16.37426,12.7002,28.549355555555557,29.97896666666667,28.825940000000003,30.4786,34.024477777777776,28.05813333333333,31.895460000000003,29.4549,33.52407777777778,32.621199999999995,33.04772,32.0988,37.07318888888889,35.60686666666667,36.32872,32.8696,32.945322222222224,33.2542,32.911739999999995,33.0337,45.4093,46.6766,46.17606,46.6457,30.360500000000002,29.041233333333334,29.56754,26.2248,36.69572222222222,38.916066666666666,37.7067,38.3145,0,,,,,False,2024,,53,Coastal Carolina,SB,-12.7969,313,-6.422,-63
Clifford Reed Jr,clifford reed jr,2019,161,Maryland Eastern Shore,MEAC,1,1,0.21875,-29.4159,-29.4159,-29.4159,-29.4159,-11.8364,-11.8364,-11.8364,-11.8364,-11.8364,0.0,0.0,1.0,-14.0,353.0,353,0.0,0.0,0.0,0.0,0.0,-7.7235,5.3115,63.0979,63.0979,63.0979,63.0979,343.0,343.0,343.0,343,43.5331,43.5331,43.5331,43.5331,20.6917,20.6917,20.6917,20.6917,22.7836,22.7836,22.7836,22.7836,28.265,28.265,28.265,28.265,54.439,54.439,54.439,54.439,18.9631,18.9631,18.9631,18.9631,31.6274,31.6274,31.6274,31.6274,36.6215,36.6215,36.6215,36.6215,27.9232,27.9232,27.9232,27.9232,36.1514,36.1514,36.1514,36.1514,37.2549,37.2549,37.2549,37.2549,44.0197,44.0197,44.0197,44.0197,28.436,28.436,28.436,28.436,36.6559,36.6559,36.6559,36.6559,0,,,,,False,2019,,161,Maryland Eastern Shore,MEAC,-29.4159,353,-11.8364,-14
Clint Allard,clint allard,2026,363,UC San Diego,BW,1,1,0.6764705882352942,4.2965,4.2965,4.2965,4.2965,4.1623,4.1623,4.1623,4.1623,4.1623,1.0,0.0,0.0,28.0,121.0,121,0.0,0.0,0.0,0.0,0.0,-1.4934,-0.0153,67.2591,67.2591,67.2591,67.2591,188.0,188.0,188.0,188,52.5798,52.5798,52.5798,52.5798,16.4862,16.4862,16.4862,16.4862,26.0054,26.0054,26.0054,26.0054,31.1702,31.1702,31.1702,31.1702,48.4318,48.4318,48.4318,48.4318,16.7998,16.7998,16.7998,16.7998,27.0383,27.0383,27.0383,27.0383,29.2734,29.2734,29.2734,29.2734,32.8302,32.8302,32.8302,32.8302,42.2872,42.2872,42.2872,42.2872,31.5476,31.5476,31.5476,31.5476,43.9101,43.9101,43.9101,43.9101,32.8577,32.8577,32.8577,32.8577,35.255,35.255,35.255,35.255,0,,,,,False,2026,,363,UC San Diego,BW,4.2965,121,4.1623,28
Clint Sargent,clint sargent,2026,347,Wright St.,Horz,2,1,0.5588235294117647,-0.9437,-0.9437,-0.9437,2.3566,2.2871,2.2871,2.2871,5.8154,-1.2412,0.5,0.5,0.0,20.0,176.0,138,0.0,0.0,0.0,0.5,7.0,-3.2723,0.64315,67.4425,67.4425,67.4425,67.2225,179.0,179.0,179.0,191,55.34715,55.34715,55.34715,54.3332,16.95095,16.95095,16.95095,16.1281,30.3273,30.3273,30.3273,32.8154,32.2097,32.2097,32.2097,37.3638,52.811949999999996,52.811949999999996,52.811949999999996,52.4156,15.41315,15.41315,15.41315,16.654,28.6562,28.6562,28.6562,29.4011,33.91415,33.91415,33.91415,33.2987,37.51925,37.51925,37.51925,36.4188,36.01575,36.01575,36.01575,34.1982,35.4963,35.4963,35.4963,34.2857,35.271649999999994,35.271649999999994,35.271649999999994,34.5455,30.323349999999998,30.323349999999998,30.323349999999998,27.3556,28.86965,28.86965,28.86965,27.4148,0,,,,,False,2026,,347,Wright St.,Horz,2.3566,138,5.8154,56
Corey Gipson,corey gipson,2026,19,Austin Peay,ASun,4,2,0.5833333333333334,-4.790125,-5.292866666666667,-4.790125,-0.3136,4.962525,1.214966666666667,4.962525,16.2052,-3.4935,0.5,0.5,0.0,50.75,228.0,172,0.0,0.0,0.0,0.0,0.0,-5.13525,3.3739,66.75337499999999,66.82933333333334,66.75337499999999,69.4206,214.0,214.33333333333334,214.0,73,50.83425,50.678866666666664,50.83425,52.972,15.18535,14.492266666666666,15.18535,15.3924,29.675024999999998,28.4744,29.675024999999998,29.7324,31.419024999999998,32.81503333333333,31.419024999999998,37.6457,52.52705,53.04833333333334,52.52705,52.2445,18.08485,17.1013,18.08485,17.8512,31.318675,30.562299999999997,31.318675,28.8711,36.351225,35.56933333333333,36.351225,32.8411,35.148025,34.92106666666667,35.148025,35.2761,37.858175,37.76296666666667,37.858175,37.9953,34.4762,35.00706666666667,34.4762,33.1884,36.498375,37.46526666666667,36.498375,40.7561,32.208425,31.70296666666667,32.208425,30.1047,28.728375,29.86293333333333,28.728375,31.7614,0,,,,,False,2026,,19,Austin Peay,ASun,-0.3136,172,8.6445,113
Corey Williams,corey williams,2019,280,Stetson,ASun,4,1,0.32558139534883723,-13.4037,-14.391,-13.4037,-10.4418,-1.736925,-3.047966666666667,-1.736925,2.1962,-9.1844,0.5,0.0,0.25,-7.5,309.0,278,0.0,0.0,0.0,0.0,0.0,-4.629075,-3.193025,70.3976,70.34386666666667,70.3976,68.8253,70.0,73.66666666666667,70.0,113,48.897225,48.1227,48.897225,45.5171,16.056675,15.819533333333334,16.056675,17.594,24.324475,24.069733333333335,24.324475,27.8888,29.073349999999998,27.4966,29.073349999999998,24.9725,54.09685,53.97376666666667,54.09685,54.454,16.809,17.197266666666668,16.809,17.9807,31.31035,30.8276,31.31035,32.0158,33.24945,34.065666666666665,33.24945,33.046,33.3597,32.40376666666666,33.3597,30.9748,36.07755,36.021633333333334,36.07755,34.9835,36.360775000000004,36.50436666666667,36.360775000000004,36.5546,36.78315,38.28103333333333,36.78315,41.0345,30.649575,30.51093333333333,30.649575,30.107,30.58045,31.84113333333333,30.58045,34.0731,0,,,,,False,2019,,280,Stetson,ASun,-15.4588,325,0.6811,9
Cornelius Jackson,cornelius jackson,2026,159,Marshall,SB,2,1,0.6,-1.7642,-1.7642,-1.7642,-0.3033,0.04755000000000001,0.04755000000000001,0.04755000000000001,0.3537,-0.2586,0.5,0.0,0.0,-12.0,188.5,168,0.0,0.0,0.0,0.0,0.0,-4.3062000000000005,-2.8928000000000003,69.1283,69.1283,69.1283,69.3541,88.0,88.0,88.0,76,52.41805,52.41805,52.41805,54.8896,16.535600000000002,16.535600000000002,16.535600000000002,16.5665,32.407700000000006,32.407700000000006,32.407700000000006,31.856,32.031949999999995,32.031949999999995,32.031949999999995,29.2324,49.79185,49.79185,49.79185,50.2935,16.53855,16.53855,16.53855,16.2927,31.7013,31.7013,31.7013,33.8136,41.042249999999996,41.042249999999996,41.042249999999996,41.1419,34.51355,34.51355,34.51355,36.7734,41.984350000000006,41.984350000000006,41.984350000000006,44.3218,32.89685,32.89685,32.89685,33.558,36.18,36.18,36.18,39.5945,34.123999999999995,34.123999999999995,34.123999999999995,37.2895,27.69815,27.69815,27.69815,30.5521,0,,,,,False,2026,,159,Marshall,SB,-3.2251,209,0.3537,-11
Craig Doty,craig doty,2026,114,Houston Christian,Slnd,2,1,0.375,-10.09705,-10.09705,-10.09705,-9.0592,3.8882499999999998,3.8882499999999998,3.8882499999999998,10.02,-2.2435,0.5,0.5,0.0,37.0,282.5,272,0.0,0.0,0.0,0.0,0.0,-2.4240000000000004,1.94375,64.7042,64.7042,64.7042,64.4311,319.5,319.5,319.5,326,49.3988,49.3988,49.3988,49.7184,18.44625,18.44625,18.44625,18.8547,27.92935,27.92935,27.92935,29.8897,33.246,33.246,33.246,35.9825,53.40435,53.40435,53.40435,54.2292,17.7509,17.7509,17.7509,17.5668,32.23005,32.23005,32.23005,32.4895,30.054000000000002,30.054000000000002,30.054000000000002,30.7139,32.13715,32.13715,32.13715,31.7324,40.218199999999996,40.218199999999996,40.218199999999996,36.4831,33.6281,33.6281,33.6281,34.992,34.58305,34.58305,34.58305,37.3725,31.96495,31.96495,31.96495,27.9175,27.287,27.287,27.287,30.1105,0,,,,,False,2026,,114,Houston Christian,Slnd,-11.1349,293,-2.2435,-11
Craig Neal,craig neal,2017,190,New Mexico,MWC,2,1,0.5396825396825397,4.293699999999999,4.293699999999999,4.293699999999999,5.1431,-0.6709499999999999,-0.6709499999999999,-0.6709499999999999,1.819,-3.1609,0.5,0.0,0.0,-18.0,117.0,115,0.0,0.0,0.0,0.0,0.0,1.95675,-0.51935,69.87129999999999,69.87129999999999,69.87129999999999,68.85,90.5,90.5,90.5,126,51.12825,51.12825,51.12825,50.2363,19.706200000000003,19.706200000000003,19.706200000000003,18.3627,28.7102,28.7102,28.7102,26.9685,45.00575,45.00575,45.00575,46.0721,49.55495,49.55495,49.55495,50.6211,17.9535,17.9535,17.9535,18.9551,28.183799999999998,28.183799999999998,28.183799999999998,27.808,37.3564,37.3564,37.3564,37.6623,34.477000000000004,34.477000000000004,34.477000000000004,32.6577,28.2643,28.2643,28.2643,26.2256,34.660849999999996,34.660849999999996,34.660849999999996,36.8644,39.81675,39.81675,39.81675,39.9774,21.61575,21.61575,21.61575,19.0539,33.15625,33.15625,33.15625,34.7537,0,,,,,False,2017,,190,New Mexico,MWC,3.4443,119,-3.1609,-33
Craig Smith,craig smith,2025,319,Utah,B12,10,3,0.608433734939759,9.32589,12.453666666666665,11.311499999999999,15.4116,4.28963,0.7743666666666668,0.09211999999999995,15.5097,-4.9412,0.9,0.3,0.0,44.5,88.6,38,0.0,0.4,0.7,0.3,3.8,3.6834200000000004,-0.07676999999999999,68.75831000000001,68.3942,67.98855999999999,69.1184,131.0,127.66666666666667,153.4,89,51.247490000000006,51.713233333333335,50.67484,51.7848,17.45762,17.279933333333332,18.00392,17.8213,30.201999999999998,30.9452,31.48162,34.4344,33.37715,31.0247,30.448500000000003,36.767,48.41529,47.60156666666666,47.56472,48.9873,17.197380000000003,14.981233333333334,15.929579999999998,15.599,26.14069,27.126666666666665,26.393099999999997,28.1928,30.148000000000003,27.8976,27.5697,33.3165,34.38627,34.328399999999995,33.93416,32.6744,36.377359999999996,40.62703333333334,38.75862,43.8552,34.24521,32.59666666666667,32.767,34.0452,37.97626,37.28946666666667,37.34624,40.3038,29.66938,33.66676666666667,32.169920000000005,33.8147,32.992779999999996,31.894066666666664,32.14382,33.9316,0,,,,,False,2025,,319,Utah,B12,10.4972,76,0.6089,6
Cuonzo Martin,cuonzo martin,2026,177,Missouri St.,CUSA,9,3,0.5086505190311419,7.956966666666667,-2.006133333333333,3.3116600000000007,18.3186,-0.36945555555555565,-2.7521,-3.18674,7.5356,-8.5115,0.3333333333333333,0.2222222222222222,0.2222222222222222,-11.444444444444445,102.44444444444444,28,0.0,0.3333333333333333,0.6666666666666666,0.3333333333333333,2.4444444444444446,7.181444444444444,0.9551000000000001,66.02887777777778,65.04483333333333,65.98926,65.5168,264.6666666666667,295.3333333333333,263.2,284,50.188344444444446,49.68213333333333,49.36538,51.075,19.654566666666668,19.6789,19.72582,16.7076,31.436899999999998,31.826566666666665,31.07632,31.9626,36.472522222222224,35.9651,36.14094,43.7536,48.67271111111111,52.51336666666666,50.46804,52.0497,17.51468888888889,17.987066666666667,18.55906,16.9469,27.743688888888887,30.040466666666664,29.3348,32.0513,37.63935555555556,38.11,39.757220000000004,40.2425,33.870599999999996,32.349266666666665,31.841880000000003,32.9577,38.273522222222226,36.952,37.83072,41.2551,33.307944444444445,35.221399999999996,33.529759999999996,34.3548,35.305144444444444,37.09363333333334,36.3783,35.7968,30.922222222222224,28.930666666666667,29.052160000000004,30.9934,28.330577777777776,29.6888,28.246019999999998,27.7344,0,,,,,False,2026,,177,Missouri St.,CUSA,-2.9488,204,-0.5189,-31
Cy Alexander,cy alexander,2016,198,North Carolina A&T,MEAC,1,1,0.3125,-19.046,-19.046,-19.046,-19.046,-10.735,-10.735,-10.735,-10.735,-10.735,0.0,0.0,1.0,-50.0,339.0,339,0.0,0.0,0.0,0.0,0.0,-10.3205,-0.9915,67.6015,67.6015,67.6015,67.6015,199.0,199.0,199.0,199,45.7531,45.7531,45.7531,45.7531,19.5068,19.5068,19.5068,19.5068,29.8002,29.8002,29.8002,29.8002,37.0328,37.0328,37.0328,37.0328,51.2724,51.2724,51.2724,51.2724,18.2125,18.2125,18.2125,18.2125,31.5032,31.5032,31.5032,31.5032,48.4673,48.4673,48.4673,48.4673,31.7512,31.7512,31.7512,31.7512,34.598,34.598,34.598,34.598,33.75,33.75,33.75,33.75,41.6426,41.6426,41.6426,41.6426,27.9539,27.9539,27.9539,27.9539,31.1672,31.1672,31.1672,31.1672,0,,,,,False,2016,,198,North Carolina A&T,MEAC,-19.046,339,-10.735,-50
Damon Stoudamire,damon stoudamire,2026,101,Georgia Tech,ACC,8,2,0.46122448979591835,1.0937125,3.5131,4.14418,5.868,-1.1791125,-5.288166666666666,-1.10998,8.727,-11.3307,0.5,0.25,0.375,-8.875,159.0,103,0.0,0.0,0.0,0.0,0.0,4.4236875,-2.6076875,67.121775,69.08003333333333,67.83054,70.7209,211.25,98.33333333333333,171.0,25,48.3764,49.6402,49.24898,50.0,17.784950000000002,17.9165,17.71218,18.6242,29.837487499999998,30.605766666666668,30.44732,29.9456,33.69085,31.044466666666665,30.7789,33.3153,50.987975,49.47253333333333,49.638999999999996,49.9223,16.8292125,14.698766666666666,16.1148,15.5725,25.899875,29.2484,26.55274,30.652,35.8823625,31.3001,33.7476,34.231,33.287875,33.9668,33.13406,35.0734,31.814925,36.838366666666666,33.41362,33.1531,34.88095,33.62876666666667,34.10532,33.1389,40.6809625,41.531,40.13832,44.3811,26.4517625,30.962833333333332,27.761540000000004,28.2029,33.3227625,34.4458,33.22716,35.5,0,,,,,False,2026,,101,Georgia Tech,ACC,0.2246,169,-11.3307,-99
Dan D'Antoni,dan dantoni,2024,159,Marshall,SB,9,1,0.5665529010238908,2.1602444444444444,-0.5413666666666668,1.8755600000000001,9.665,0.5014555555555555,-3.351433333333334,-0.75428,8.8667,-11.5771,0.5555555555555556,0.3333333333333333,0.3333333333333333,0.8888888888888888,150.22222222222223,83,0.0,0.0,0.2222222222222222,0.1111111111111111,1.4444444444444444,-0.5667888888888889,-0.21415555555555554,74.01616666666666,71.5928,72.4402,70.5148,11.88888888888889,22.333333333333332,18.0,46,52.038199999999996,49.62703333333334,50.78662,46.846,16.782066666666665,16.6878,17.11918,16.4778,26.329655555555558,29.597066666666667,28.0979,29.8473,29.332455555555555,26.4251,26.41022,28.802,50.33228888888888,50.3803,49.47206,51.384,18.55821111111111,18.055366666666668,18.79364,16.2183,30.815955555555554,29.545833333333334,29.79748,27.8702,31.06321111111111,28.758266666666668,30.274399999999996,29.9446,33.735166666666665,31.583,32.47668,31.0059,41.6554,39.138866666666665,39.388980000000004,41.3203,35.036744444444444,34.44383333333334,34.55744,36.1823,33.116955555555556,34.49486666666667,34.52566,35.3296,33.70182222222222,31.454633333333334,31.955599999999997,33.705,28.49845555555556,29.42866666666667,29.84558,30.963,0,,,,,False,2024,,159,Marshall,SB,-5.55,238,-6.1622,-76
Dan Earl,dan earl,2026,48,Chattanooga,SC,11,2,0.44,-6.256336363636364,-0.8256666666666669,-0.7522000000000002,7.1446,-0.8334545454545456,-2.0571,-0.6136600000000001,10.2429,-15.9366,0.6363636363636364,0.2727272727272727,0.2727272727272727,-5.181818181818182,232.27272727272728,94,0.0,0.0,0.09090909090909091,0.0,0.0,-1.6209636363636364,-0.7677545454545455,68.58189090909092,67.02946666666666,67.66994,67.256,138.54545454545453,206.66666666666666,164.0,189,51.78826363636363,55.074000000000005,54.899879999999996,54.1845,17.38187272727273,15.394833333333333,16.11492,14.3885,24.900436363636366,24.805566666666664,24.91022,21.7628,28.530027272727274,30.48606666666667,29.94624,29.6885,52.30315454545455,51.12370000000001,51.06938,51.7119,16.049872727272728,14.656166666666666,14.665180000000001,13.1639,29.49859090909091,29.848966666666666,29.1697,31.7073,33.576609090909095,34.6182,31.8702,42.621,35.08420909090909,35.71543333333333,36.37396,34.9876,47.66501818181818,48.43453333333334,50.43474,49.2364,35.438990909090904,34.78993333333333,34.66042,34.1789,41.547200000000004,42.38956666666667,43.47778,44.2149,40.29106363636364,38.89476666666667,41.59764,39.3488,34.37652727272727,35.0661,36.22314,33.9223,0,,,,,False,2026,,48,Chattanooga,SC,-12.1431,301,-15.9366,-183
Dan Engelstad,dan engelstad,2024,183,Mount St. Mary's,MAAC,6,1,0.39779005524861877,-9.164016666666667,-7.327866666666666,-7.93994,-6.2509,-0.5563666666666667,0.21756666666666666,-0.34428000000000003,3.0131,-3.8542,0.5,0.0,0.0,-3.0,272.1666666666667,237,0.0,0.0,0.0,0.16666666666666666,2.6666666666666665,-5.983883333333334,1.0221333333333333,65.01675,66.0499,64.59158,69.1511,266.3333333333333,231.66666666666666,279.2,89,48.84941666666666,50.11536666666667,49.036739999999995,53.1587,19.76425,20.511366666666664,19.91276,20.7157,29.118083333333335,29.662666666666667,29.92718,30.1741,29.2131,26.2938,28.266280000000002,26.6739,49.05368333333333,48.9417,48.443799999999996,49.3386,17.64988333333333,18.247433333333333,17.62384,17.9536,28.519033333333336,28.9646,27.930259999999997,27.9255,29.270683333333334,28.5694,28.157999999999998,30.2646,33.49948333333333,35.0456,33.96058,35.2273,35.60753333333333,32.50516666666667,34.50314,33.2613,33.999966666666666,34.04346666666667,33.64174,34.551,35.2647,34.62606666666667,34.60438,34.7619,30.212366666666668,28.755200000000002,29.774220000000003,27.9759,30.06458333333333,29.688933333333335,29.67346,29.6345,0,,,,,False,2024,,183,Mount St. Mary's,MAAC,-6.2509,249,0.9724,10
Dan Geriot,dan geriot,2026,124,Iona,MAAC,1,1,0.5625,-7.5334,-7.5334,-7.5334,-7.5334,-1.3944,-1.3944,-1.3944,-1.3944,-1.3944,0.0,0.0,0.0,-19.0,256.0,256,0.0,0.0,0.0,0.0,0.0,-8.7473,-3.4864,68.8042,68.8042,68.8042,68.8042,103.0,103.0,103.0,103,51.8694,51.8694,51.8694,51.8694,17.2006,17.2006,17.2006,17.2006,27.7826,27.7826,27.7826,27.7826,29.2786,29.2786,29.2786,29.2786,48.9075,48.9075,48.9075,48.9075,16.6183,16.6183,16.6183,16.6183,31.2134,31.2134,31.2134,31.2134,28.7602,28.7602,28.7602,28.7602,35.132,35.132,35.132,35.132,45.8662,45.8662,45.8662,45.8662,30.5868,30.5868,30.5868,30.5868,40.7012,40.7012,40.7012,40.7012,38.8489,38.8489,38.8489,38.8489,31.4103,31.4103,31.4103,31.4103,0,,,,,False,2026,,124,Iona,MAAC,-7.5334,256,-1.3944,-19
Dan Hipsher,dan hipsher,2016,318,UT Rio Grande Valley,WAC,1,1,0.26666666666666666,-22.3572,-22.3572,-22.3572,-22.3572,-6.9596,-6.9596,-6.9596,-6.9596,-6.9596,0.0,0.0,1.0,-12.0,348.0,348,0.0,0.0,0.0,0.0,0.0,-4.4233,-1.7464,67.4639,67.4639,67.4639,67.4639,209.0,209.0,209.0,209,47.1606,47.1606,47.1606,47.1606,17.6876,17.6876,17.6876,17.6876,22.999,22.999,22.999,22.999,29.6345,29.6345,29.6345,29.6345,52.0981,52.0981,52.0981,52.0981,14.4422,14.4422,14.4422,14.4422,35.7214,35.7214,35.7214,35.7214,31.0875,31.0875,31.0875,31.0875,33.0998,33.0998,33.0998,33.0998,37.2715,37.2715,37.2715,37.2715,35.0775,35.0775,35.0775,35.0775,30.4965,30.4965,30.4965,30.4965,32.4,32.4,32.4,32.4,25.6374,25.6374,25.6374,25.6374,0,,,,,False,2016,,318,UT Rio Grande Valley,WAC,-22.3572,348,-6.9596,-12
Dan Hurley,dan hurley,2026,59,Connecticut,BE,11,2,0.712,19.519854545454546,28.796400000000002,26.959660000000003,36.4262,2.4399636363636366,2.323366666666667,3.4180400000000004,10.8938,-5.3242,0.7272727272727273,0.18181818181818182,0.09090909090909091,2.5454545454545454,36.72727272727273,1,0.45454545454545453,0.6363636363636364,1.0,0.7272727272727273,4.090909090909091,7.910072727272728,-0.3908909090909091,66.03428181818182,64.41163333333334,64.92826,64.6307,260.0,331.6666666666667,299.8,322,51.801663636363635,55.37733333333333,53.935919999999996,54.2693,17.20733636363636,15.982366666666666,16.81532,16.4778,34.75304545454546,35.9839,36.82358000000001,35.7143,32.45874545454546,30.86006666666667,30.775779999999997,29.8641,46.75185454545454,46.052166666666665,45.7194,45.7077,18.9299,16.4918,17.18836,17.8005,28.178227272727273,27.7531,27.365140000000004,28.7977,38.01985454545454,37.631099999999996,36.4808,40.7425,34.697109090909095,34.990700000000004,35.28044,34.3718,36.72486363636364,41.27186666666667,40.0019,40.9091,32.39293636363636,32.126933333333334,32.28442,30.1546,32.109109090909094,34.36233333333333,33.224740000000004,36.0093,30.064427272727276,32.335633333333334,32.26774,32.4086,25.841490909090908,27.691333333333333,27.338540000000002,26.9172,0,,,,,False,2026,,59,Connecticut,BE,29.7785,9,1.4005,-4
Dan Majerle,dan majerle,2020,104,Grand Canyon,WAC,5,1,0.6380368098159509,1.15984,0.44766666666666666,1.15984,5.4897,1.3044800000000003,-1.4387333333333328,1.3044800000000003,8.5412,-11.5765,0.8,0.2,0.2,14.8,155.8,111,0.0,0.0,0.0,0.0,0.0,-5.448919999999999,-5.63808,68.51768,68.27413333333334,68.51768,68.0003,147.2,161.66666666666666,147.2,198,49.767399999999995,50.21843333333334,49.767399999999995,50.7283,17.6039,17.654166666666665,17.6039,16.918,29.000619999999998,27.972266666666666,29.000619999999998,23.2484,38.783100000000005,36.7761,38.783100000000005,37.4921,48.2164,48.38366666666667,48.2164,50.9672,19.37444,18.94503333333333,19.37444,16.0569,27.55462,27.549000000000003,27.55462,28.6275,33.08866,32.914833333333334,33.08866,29.8945,33.50618,32.97423333333334,33.50618,34.0996,34.98136,37.090833333333336,34.98136,33.0589,32.36804,32.54316666666667,32.36804,34.9415,35.13636,35.249633333333335,35.13636,40.0938,27.634719999999998,28.82983333333333,27.634719999999998,26.138,28.625259999999997,28.775066666666664,28.625259999999997,33.9972,0,,,,,False,2020,,104,Grand Canyon,WAC,-8.6805,265,-11.5765,-134
Dan McHale,dan mchale,2018,78,Eastern Kentucky,OVC,3,1,0.40860215053763443,-7.993566666666666,-7.993566666666666,-7.993566666666666,-3.5752,-3.6036333333333332,-3.6036333333333332,-3.6036333333333332,0.9432,-9.0313,0.3333333333333333,0.0,0.3333333333333333,-29.666666666666668,253.0,201,0.0,0.0,0.0,0.0,0.0,-3.0372000000000003,-1.0862666666666667,69.40509999999999,69.40509999999999,69.40509999999999,68.5598,134.0,134.0,134.0,161,51.764466666666664,51.764466666666664,51.764466666666664,49.8472,19.778833333333335,19.778833333333335,19.778833333333335,19.1007,26.427066666666665,26.427066666666665,26.427066666666665,27.1084,37.04273333333333,37.04273333333333,37.04273333333333,33.3741,53.27426666666667,53.27426666666667,53.27426666666667,55.3153,19.5364,19.5364,19.5364,19.1007,33.019600000000004,33.019600000000004,33.019600000000004,31.9415,39.2996,39.2996,39.2996,35.015,35.62936666666666,35.62936666666666,35.62936666666666,35.126,38.49486666666667,38.49486666666667,38.49486666666667,36.3692,37.8787,37.8787,37.8787,39.7993,35.809466666666665,35.809466666666665,35.809466666666665,35.9159,31.429333333333332,31.429333333333332,31.429333333333332,30.826,30.325233333333333,30.325233333333333,30.325233333333333,31.9606,0,,,,,False,2018,,78,Eastern Kentucky,OVC,-10.9628,286,-9.0313,-101
Dan Monson,dan monson,2026,80,Eastern Washington,BSky,11,2,0.46458923512747874,-3.238181818181818,-3.9294,-2.17728,6.6384,1.3936454545454546,-0.17430000000000012,2.0467799999999996,12.2094,-8.751,0.45454545454545453,0.2727272727272727,0.09090909090909091,17.181818181818183,204.0909090909091,107,0.0,0.0,0.0,0.09090909090909091,1.9090909090909092,0.4220454545454546,7.407663636363637,70.69154545454545,68.76763333333334,69.9967,67.7058,65.54545454545455,132.0,84.4,166,49.53028181818183,51.0371,50.06916,53.7277,19.111154545454546,17.848366666666667,18.03696,17.682,29.21100909090909,30.46313333333333,30.61698,31.2682,36.646927272727275,34.9848,35.48048,36.0886,52.084072727272726,53.460366666666665,52.450919999999996,54.9073,18.642218181818183,17.816366666666667,18.31824,16.1972,30.77931818181818,31.322033333333334,29.829,30.83,33.35848181818182,36.42613333333333,33.39778,37.2955,34.17482727272727,33.02946666666667,32.81988,35.9254,31.532181818181815,33.476,31.14846,34.738,35.59452727272728,35.7631,35.39358,35.1955,37.86656363636364,40.353,39.9921,39.0403,25.896154545454547,25.9511,24.421960000000002,27.8873,31.53875454545454,32.44983333333334,32.86092,29.846,0,,,,,False,2026,,80,Eastern Washington,BSky,-0.2358,171,5.6549,61
Dan Muller,dan muller,2022,120,Illinois St.,MVC,7,1,0.5,1.1265285714285715,-3.2268333333333334,-2.14874,13.9962,-0.3681571428571429,1.7681666666666667,-1.95614,8.2595,-10.8212,0.5714285714285714,0.14285714285714285,0.14285714285714285,-13.428571428571429,160.42857142857142,49,0.0,0.14285714285714285,0.14285714285714285,0.0,0.14285714285714285,2.095942857142857,1.0436714285714286,67.5956,68.49483333333335,68.2144,68.0078,188.28571428571428,140.0,156.8,119,50.00875714285714,50.6851,50.193200000000004,51.7798,19.175385714285714,19.939566666666668,19.42776,19.5561,27.135928571428572,25.838533333333334,25.913040000000002,28.5985,29.063457142857143,26.736199999999997,28.537439999999997,31.3126,49.53971428571429,51.364666666666665,50.86952,50.9174,18.447385714285712,17.797333333333334,17.92876,17.3629,28.23532857142857,27.809366666666666,28.19618,29.8182,33.1083,29.872766666666667,32.14796,31.8942,34.77605714285714,35.59903333333333,34.62464,36.8816,40.47378571428572,39.596133333333334,40.678380000000004,37.0968,32.8373,33.396300000000004,33.0968,34.2898,38.938185714285716,39.1293,39.45738,37.6147,35.12077142857143,35.21276666666667,35.050560000000004,32.2976,31.320342857142858,31.429299999999998,31.33298,30.7461,0,,,,,False,2022,,120,Illinois St.,MVC,-1.5047,191,1.8463,11
Dana Altman,dana altman,2026,221,Oregon,B10,11,1,0.6744791666666666,16.92961818181818,14.3727,13.71584,25.024,-1.1599000000000002,-3.140166666666667,-4.09628,7.7041,-11.5884,0.5454545454545454,0.09090909090909091,0.2727272727272727,-14.454545454545455,42.27272727272727,10,0.36363636363636365,0.6363636363636364,0.9090909090909091,0.6363636363636364,4.181818181818182,9.405018181818182,1.6202090909090912,66.79295454545455,67.10376666666667,67.1731,65.9528,219.8181818181818,200.33333333333334,185.8,265,52.523627272727275,51.3037,51.231680000000004,49.4512,16.930554545454545,16.209766666666667,16.812260000000002,17.6492,31.156418181818182,30.468766666666667,30.774520000000003,32.3397,32.017663636363636,33.31693333333333,32.32194,34.9616,48.924336363636364,50.43356666666667,49.60922,50.8857,18.728536363636366,17.0012,17.33134,15.7298,29.13458181818182,29.53576666666667,29.218400000000003,32.2993,29.968172727272727,30.630299999999995,28.98802,32.0451,35.11740909090909,33.415600000000005,33.16114,32.0513,38.36145454545454,39.11096666666666,38.453340000000004,42.8101,33.18549090909091,33.36223333333333,33.23826,33.3758,38.81778181818182,38.91316666666666,38.19448,42.1363,31.540554545454544,30.809066666666666,30.40836,33.0834,32.16187272727273,31.4596,31.562220000000003,33.2206,0,,,,,False,2026,,221,Oregon,B10,7.079,101,-11.5884,-64
Dana Ford,dana ford,2024,177,Missouri St.,MVC,9,2,0.5663082437275986,2.696633333333333,4.6348666666666665,5.58184,11.4035,2.9593777777777777,-1.1173,2.46052,10.5182,-1.7719,0.6666666666666666,0.3333333333333333,0.0,34.22222222222222,141.88888888888889,70,0.0,0.0,0.2222222222222222,0.0,0.0,-0.6861222222222222,-2.0129333333333332,66.72805555555556,65.6877,66.88612,67.8587,221.0,231.0,200.2,157,50.88138888888889,51.48846666666666,51.68796,49.6893,18.984233333333336,17.318266666666666,17.97628,17.3271,28.922688888888892,29.363633333333336,28.76352,29.0546,33.505766666666666,28.802266666666668,29.156259999999996,31.4863,49.68277777777777,48.655300000000004,48.60668,47.9449,18.683855555555553,15.826433333333332,15.9729,13.1371,25.584211111111113,25.194766666666666,24.092959999999998,24.6651,34.02348888888889,27.762566666666668,28.878359999999997,24.9033,33.99095555555556,33.53243333333334,34.189980000000006,31.3643,36.4376,39.12026666666667,37.952600000000004,36.8203,34.914744444444445,33.06916666666667,33.199200000000005,33.0424,39.814566666666664,38.708133333333336,37.74354,38.7814,29.578722222222225,31.91513333333333,31.2411,28.456,33.71562222222222,32.659533333333336,31.85082,33.801,0,,,,,False,2024,,177,Missouri St.,MVC,1.609,149,-0.4295,-4
Dane Fischer,dane fischer,2024,343,William & Mary,CAA,5,1,0.38095238095238093,-11.70968,-14.638799999999998,-11.70968,-2.1718,-1.66008,-3.5158000000000005,-1.66008,4.7392,-9.0202,0.4,0.0,0.2,-5.2,294.8,195,0.0,0.0,0.0,0.0,0.0,-2.85608,-1.59664,67.06152,66.58576666666666,67.06152,65.9357,211.8,218.33333333333334,211.8,273,48.664480000000005,47.90363333333334,48.664480000000005,48.3464,19.40684,19.368133333333333,19.40684,16.1905,27.009859999999996,27.279566666666668,27.009859999999996,27.3841,30.78226,30.4509,30.78226,31.8946,52.05466,53.25303333333333,52.05466,52.2405,16.09922,16.431966666666668,16.09922,14.3969,28.43284,28.87306666666667,28.43284,29.0664,27.91998,29.841166666666666,27.91998,34.9404,32.660199999999996,33.164833333333334,32.660199999999996,32.0799,39.9219,41.516466666666666,39.9219,47.7018,34.382999999999996,34.58606666666667,34.382999999999996,34.5257,36.92944,38.15573333333333,36.92944,36.4719,32.77604,35.170700000000004,32.77604,38.5957,30.664139999999996,30.931866666666664,30.664139999999996,28.9439,0,,,,,False,2024,,343,William & Mary,CAA,-13.5647,319,-1.8517,-6
Daniyal Robinson,daniyal robinson,2026,204,North Texas,Amer,4,2,0.6,-0.29187499999999994,0.12390000000000005,-0.29187499999999994,2.7046,0.30664999999999987,-1.8781,0.30664999999999987,6.8609,-5.8108,0.5,0.25,0.25,10.0,170.5,136,0.0,0.0,0.0,0.0,0.0,-2.786,-0.23274999999999998,66.002325,66.07796666666667,66.002325,65.0688,256.0,255.33333333333334,256.0,306,48.57105,48.30453333333333,48.57105,45.9821,16.71365,16.537266666666667,16.71365,16.7411,34.054425,33.77603333333334,34.054425,33.5083,32.7568,33.773066666666665,32.7568,39.5647,49.8478,50.32656666666667,49.8478,48.4461,20.732300000000002,20.838266666666666,20.732300000000002,21.3199,34.028275,33.52106666666666,34.028275,32.4197,37.917375,40.469699999999996,37.917375,45.0945,31.2338,31.461633333333335,31.2338,28.6701,30.575049999999997,31.921499999999998,30.575049999999997,32.3103,31.873525,31.964333333333332,31.873525,30.9148,38.374725,38.8052,38.374725,38.635,23.887325,25.045033333333333,23.887325,23.2276,29.012050000000002,28.8359,29.012050000000002,27.8014,0,,,,,False,2026,,204,North Texas,Amer,2.7046,136,-5.8108,-48
Danny Kaspar,danny kaspar,2020,293,Texas St.,SB,5,1,0.5843373493975904,0.1724200000000001,1.8848000000000003,0.1724200000000001,7.9149,3.9061,4.441,3.9061,8.5539,-2.1621,0.6,0.6,0.0,44.6,169.0,93,0.0,0.0,0.2,0.0,0.0,-2.8823,-6.056839999999999,63.77562,64.3411,63.77562,65.1898,330.2,322.0,330.2,312,48.967020000000005,49.2426,48.967020000000005,48.8863,18.630720000000004,19.02306666666667,18.630720000000004,16.5702,30.52952,31.5686,30.52952,29.5747,36.08312,35.30513333333334,36.08312,35.17,48.87394,49.044533333333334,48.87394,46.875,20.40236,20.427333333333333,20.40236,21.1703,28.476419999999997,27.388199999999998,28.476419999999997,29.845,36.0153,36.157266666666665,36.0153,39.0,32.71628,32.4294,32.71628,31.7526,32.90376,34.5788,32.90376,28.4291,32.77776,32.2224,32.77776,32.0557,37.00802,38.1381,37.00802,35.875,26.32802,27.351200000000002,26.32802,21.8027,29.39556,29.677766666666667,29.39556,28.3368,0,,,,,False,2020,,293,Texas St.,SB,7.9149,93,8.5539,76
Danny Manning,danny manning,2022,160,Maryland,B10,6,2,0.42328042328042326,7.465833333333333,5.2773666666666665,8.00332,16.2464,-3.6947500000000004,-6.878566666666667,-3.4705800000000004,8.3166,-10.6527,0.16666666666666666,0.16666666666666666,0.5,-37.5,100.5,36,0.0,0.16666666666666666,0.5,0.16666666666666666,1.8333333333333333,9.4398,0.21363333333333337,69.312,68.10053333333333,68.89354,66.6101,112.16666666666667,156.33333333333334,125.6,211,49.51911666666666,47.74006666666667,49.55044,49.3695,18.560216666666665,18.694,18.26202,16.9203,30.610699999999998,29.9158,30.19338,27.2973,38.05501666666667,37.5015,37.02966,33.8816,51.1467,51.06293333333334,51.480039999999995,50.1833,16.042433333333335,15.7597,16.209880000000002,16.0467,27.91095,26.95726666666667,27.25164,27.6165,35.106766666666665,31.687033333333336,34.41102,24.6202,34.309149999999995,32.80953333333333,34.8603,32.5959,35.0948,35.13036666666667,35.26232,37.1711,34.98818333333333,34.328066666666665,35.308499999999995,35.5316,37.65156666666667,38.1861,38.67122,38.9209,28.450566666666663,27.9956,29.04264,29.207,31.049783333333334,31.639466666666664,32.14138,34.9978,0,,,,,False,2022,,160,Maryland,B10,10.0573,83,-10.6527,-65
Danny Sprinkle,danny sprinkle,2026,334,Washington,B10,7,3,0.6188340807174888,5.080371428571429,11.975033333333334,8.87132,15.2469,2.7344857142857144,1.0299666666666665,2.64568,9.6726,-5.2219,0.7142857142857143,0.2857142857142857,0.14285714285714285,24.714285714285715,126.71428571428571,51,0.0,0.0,0.2857142857142857,0.42857142857142855,5.142857142857143,3.2643285714285715,0.8254571428571429,67.60908571428571,67.97770000000001,67.53874,67.153,174.85714285714286,149.33333333333334,164.4,195,51.28414285714286,51.947333333333326,52.07434000000001,51.2321,17.59032857142857,16.093500000000002,16.93518,15.2917,26.982885714285715,29.970266666666664,28.468439999999998,34.5679,38.02727142857143,34.53106666666667,37.4921,30.0641,49.98157142857143,50.99753333333333,50.39006,50.1515,17.217085714285712,15.829466666666667,17.15554,14.3663,26.2783,27.878433333333334,26.502460000000003,28.5347,33.84397142857143,32.599266666666665,33.77846,31.0101,32.89532857142857,32.76826666666667,33.35296,31.4815,34.18855714285714,34.63783333333333,34.76354,34.5983,33.22998571428572,32.78763333333333,33.2306,33.5979,36.78941428571428,36.68236666666667,35.98042,38.1818,25.881657142857144,26.516833333333334,26.47686,26.0511,29.326114285714286,28.652966666666668,28.5029,31.358,0,,,,,False,2026,,334,Washington,B10,15.2469,52,-1.3608,-7
Darian DeVries,darian devries,2026,122,Indiana,B10,8,3,0.6951672862453532,10.8697375,15.6415,13.662139999999999,17.2845,4.0321125,3.4139,1.85218,14.551,-2.2393,0.75,0.5,0.0,28.625,82.125,45,0.0,0.125,0.75,0.375,4.125,3.6824625,-3.1425,66.8145875,66.17736666666667,66.21896000000001,66.1614,218.125,242.66666666666666,235.2,249,52.9379125,53.590466666666664,53.00524,56.1071,16.25505,15.035266666666667,15.29998,15.0712,26.3142875,25.601433333333333,26.152620000000002,26.8641,29.5426875,30.979766666666666,29.73478,34.9693,48.6629625,48.68573333333333,48.46078,48.9634,17.7399125,17.3161,17.76266,15.0712,25.6794375,27.51653333333333,26.16834,29.2505,31.4017,33.4963,32.281400000000005,36.9885,35.01805,34.5608,34.637260000000005,34.6578,39.498925,45.27696666666666,41.25006,50.5298,32.259025,32.03776666666666,32.09306,33.0861,37.4214125,37.37233333333334,37.59132,36.7703,32.3123875,35.91976666666667,33.25298,37.6649,30.17785,29.43936666666667,30.058780000000002,28.9736,0,,,,,False,2026,,122,Indiana,B10,17.2845,45,-0.8709,-5
Darrell Walker,darrell walker,2026,14,Little Rock,OVC,8,1,0.45934959349593496,-7.1395625,-6.864966666666667,-9.83888,3.9348,-1.59595,-2.9034,-2.7689399999999997,6.0328,-12.9298,0.5,0.125,0.25,-14.875,246.0,129,0.0,0.0,0.0,0.125,1.875,-4.5431375,0.8083125000000001,68.3677,67.5845,68.05216,66.6795,147.0,175.0,151.2,223,50.7954125,50.541133333333335,49.73966,49.4587,20.224025,18.771066666666666,18.93262,18.4921,29.012425,31.251,29.311439999999997,31.4745,34.89575,29.851100000000002,30.74128,27.7493,51.3836,48.87199999999999,51.80703999999999,51.7614,19.5324125,19.291633333333333,19.42826,18.5415,30.89685,34.002100000000006,32.611180000000004,36.597,34.603675,35.442933333333336,34.84948,33.0682,34.2676625,35.47013333333334,34.44128,35.2941,32.7244625,30.789033333333332,32.19606,30.9972,35.091175,32.6829,35.19436,34.3662,40.283924999999996,40.983666666666664,40.21334,40.3409,26.675762499999998,26.825400000000002,27.35704,27.8665,33.2620625,32.60663333333333,33.00992,32.8989,0,,,,,False,2026,,14,Little Rock,OVC,-13.0461,310,-12.9298,-158
Darrin Horn,darrin horn,2026,210,Northern Kentucky,Horz,7,1,0.5982142857142857,-1.6682857142857144,-2.7265333333333337,-1.92266,2.1089,-0.7981571428571429,0.9950999999999999,-0.8406800000000001,8.3303,-6.6436,0.14285714285714285,0.14285714285714285,0.14285714285714285,-7.0,185.71428571428572,144,0.0,0.0,0.0,0.2857142857142857,4.428571428571429,-4.109457142857143,0.9042714285714286,65.89087142857143,68.2407,66.18176,70.2508,246.85714285714286,139.33333333333334,220.2,35,50.326185714285714,51.2012,50.43726,53.2173,17.832614285714286,16.9748,17.641820000000003,16.2972,32.15394285714286,30.947366666666667,32.07876,32.2351,31.005285714285716,34.08566666666667,31.166000000000004,35.865,51.017657142857146,52.685300000000005,51.77154,54.2382,20.30907142857143,19.56096666666667,20.62122,18.5996,32.19662857142857,32.22826666666666,32.14858,31.6406,30.616899999999998,31.7848,30.171,37.2299,32.50841428571429,32.6271,33.26488,33.6075,40.87368571428572,39.57243333333333,40.24198,44.884,34.07964285714286,34.91673333333333,34.705,36.6279,38.540885714285714,39.9542,39.673500000000004,38.1163,32.60632857142857,30.70736666666667,32.82718,34.2105,31.80185714285714,32.5187,32.88068,30.9963,0,,,,,False,2026,,210,Northern Kentucky,Horz,-0.524,176,8.3303,105
Darris Nichols,darris nichols,2026,138,La Salle,A10,5,2,0.4723926380368098,-4.00544,-3.2998333333333334,-4.00544,0.616,1.82614,0.4651333333333336,1.82614,10.7407,-5.0268,0.4,0.4,0.2,25.2,211.4,151,0.0,0.0,0.0,0.0,0.0,-1.1251000000000002,2.38476,64.21124,64.1452,64.21124,65.8536,322.2,324.0,322.2,268,49.02618,49.11236666666667,49.02618,45.3872,18.21446,17.38876666666667,18.21446,18.2143,31.62088,32.737233333333336,31.62088,33.6879,32.37212,35.557766666666666,32.37212,37.4715,52.20708,52.29736666666667,52.20708,54.9519,17.98434,16.503400000000003,17.98434,17.1457,30.041679999999996,32.12173333333333,30.041679999999996,32.3529,33.94248,33.342166666666664,33.94248,31.4658,33.3349,33.76063333333333,33.3349,30.0181,34.92274,33.99966666666666,34.92274,31.492,34.80934,34.88633333333333,34.80934,36.4611,39.2635,40.664366666666666,39.2635,42.2184,28.71836,27.665666666666667,28.71836,24.0232,31.86768,33.093799999999995,31.86768,35.1119,0,,,,,False,2026,,138,La Salle,A10,-5.5778,228,-1.682,-26
Dave Dickerson,dave dickerson,2024,316,USC Upstate,BSth,6,1,0.35714285714285715,-12.203216666666668,-8.3447,-11.02448,-7.0264,0.9223,4.008666666666667,1.9767400000000002,9.0767,-6.1698,0.5,0.16666666666666666,0.16666666666666666,11.5,297.8333333333333,254,0.0,0.0,0.0,0.0,0.0,-3.1538333333333335,2.6859333333333333,68.18293333333334,67.86326666666668,68.2185,67.1919,148.83333333333334,150.0,148.8,203,49.233133333333335,50.536633333333334,49.59986,49.6166,18.855616666666666,18.133266666666668,18.64506,16.4192,24.143816666666666,23.667833333333334,24.02898,23.8929,29.88308333333333,29.959699999999998,30.788779999999996,29.4569,52.324466666666666,51.24296666666667,52.17528,52.0229,18.820966666666667,19.010166666666667,18.937739999999998,18.6409,31.272049999999997,32.43423333333333,31.2663,34.3367,39.945883333333335,42.03196666666667,40.15662,44.9764,33.32718333333333,33.967,33.566919999999996,32.48,39.0769,37.82806666666667,38.0625,39.9361,34.30343333333334,33.6641,34.31166,33.4594,37.58841666666667,37.49966666666667,37.761120000000005,35.6709,32.80186666666666,31.7191,31.819020000000002,32.9367,29.073400000000003,28.621033333333333,29.26224,26.2871,0,,,,,False,2024,,316,USC Upstate,BSth,-9.9544,288,-1.0633,-8
Dave Leitao,dave leitao,2021,69,DePaul,BE,6,1,0.3812154696132597,3.3349666666666664,5.237833333333334,4.33944,7.8998,-2.4247166666666664,-4.228466666666667,-1.8745,3.493,-6.72,0.16666666666666666,0.0,0.3333333333333333,-29.0,136.33333333333334,94,0.0,0.0,0.3333333333333333,0.0,0.0,8.816283333333333,-4.9759166666666665,69.26608333333333,70.4227,69.7392,70.603,122.66666666666667,66.33333333333333,99.0,72,48.687533333333334,48.92306666666667,48.537400000000005,46.1438,20.415216666666666,20.416933333333333,20.19974,22.0611,31.56158333333333,31.924433333333337,31.73048,31.8498,32.42026666666667,31.008333333333336,31.59504,23.6568,51.199666666666666,49.989066666666666,51.1649,47.9592,19.656033333333333,19.999066666666668,20.030160000000002,20.1491,29.215783333333334,29.085466666666665,29.072159999999997,31.4685,36.470333333333336,33.8747,34.82226,35.315,32.46986666666667,32.306333333333335,32.106700000000004,31.4985,30.74438333333333,30.506366666666665,31.097879999999996,28.3362,35.20343333333333,33.84733333333333,34.955239999999996,30.8534,41.30785,41.70453333333334,41.6793,40.5501,24.94451666666667,24.817966666666667,25.11506,24.72,33.81001666666666,33.95023333333333,34.22364,30.9437,0,,,,,False,2021,,69,DePaul,BE,2.798,141,-6.72,-56
Dave Loos,dave loos,2017,19,Austin Peay,OVC,2,1,0.4393939393939394,-8.0898,-8.0898,-8.0898,-5.102,0.6884000000000001,0.6884000000000001,0.6884000000000001,2.414,-1.0372,0.5,0.0,0.0,33.0,253.0,217,0.0,0.0,0.0,0.5,8.0,-2.47275,1.31335,69.75104999999999,69.75104999999999,69.75104999999999,70.0157,90.5,90.5,90.5,80,51.85155,51.85155,51.85155,52.4123,18.77805,18.77805,18.77805,17.329,28.07275,28.07275,28.07275,24.236,43.9871,43.9871,43.9871,40.9774,55.0977,55.0977,55.0977,56.3662,18.10355,18.10355,18.10355,17.6244,32.901250000000005,32.901250000000005,32.901250000000005,35.8025,30.42085,30.42085,30.42085,29.5211,34.9226,34.9226,34.9226,35.1852,34.494150000000005,34.494150000000005,34.494150000000005,37.218,36.72065,36.72065,36.72065,36.9985,38.69265,38.69265,38.69265,37.9155,26.9541,26.9541,26.9541,29.2717,32.251549999999995,32.251549999999995,32.251549999999995,31.3208,0,,,,,False,2017,,19,Austin Peay,OVC,-11.0776,289,-1.0372,3
Dave McLaughlin,dave mclaughlin,2026,63,Dartmouth,Ivy,10,1,0.35080645161290325,-8.37163,-9.967133333333333,-8.032599999999999,-2.4282,-1.3394899999999998,-1.5033333333333332,0.2646800000000001,8.8439,-9.3014,0.3,0.2,0.3,-5.4,257.6,199,0.0,0.0,0.0,0.0,0.0,-11.74486,-12.75042,67.16212,68.64276666666667,67.85082,69.5801,210.6,134.0,163.4,68,45.05439,49.8821,49.56722,51.7664,26.90368,17.764433333333333,18.17216,17.6715,21.14218,22.423466666666666,22.89186,23.7368,26.86178,32.022600000000004,29.94536,37.9957,56.81241,52.04613333333333,51.658680000000004,52.832,14.33392,13.653466666666667,15.31684,13.8148,33.235820000000004,26.360433333333333,26.42806,29.7447,35.226189999999995,26.094533333333334,27.66974,30.7292,30.5383,33.74623333333333,33.45176,36.1481,38.084320000000005,45.98413333333334,44.91418,48.6662,40.50897,33.76926666666666,33.89296,34.7176,44.55042,40.009,38.4435,39.1927,31.882189999999998,37.850699999999996,37.29828,40.0657,28.3815,33.098866666666666,31.790520000000004,31.9898,0,,,,,False,2026,,63,Dartmouth,Ivy,-9.4763,276,-4.0525,-49
Dave Moore,dave moore,2026,372,West Georgia,ASun,2,1,0.3333333333333333,-15.719199999999999,-15.719199999999999,-15.719199999999999,-12.6497,-2.63535,-2.63535,-2.63535,-0.2656,-5.0051,0.0,0.0,0.5,-4.5,328.0,306,0.0,0.0,0.0,0.0,0.0,-4.895099999999999,0.868,68.7243,68.7243,68.7243,69.2296,106.0,106.0,106.0,81,48.39595,48.39595,48.39595,49.6025,16.0529,16.0529,16.0529,15.8589,28.79965,28.79965,28.79965,31.5044,29.0181,29.0181,29.0181,29.1998,54.7749,54.7749,54.7749,53.4387,15.63565,15.63565,15.63565,14.6859,29.1008,29.1008,29.1008,29.0135,36.57015,36.57015,36.57015,36.883,31.3916,31.3916,31.3916,33.119,31.54585,31.54585,31.54585,32.9624,34.925399999999996,34.925399999999996,34.925399999999996,33.0861,40.5624,40.5624,40.5624,37.3821,25.404,25.404,25.404,27.3451,31.2928,31.2928,31.2928,27.7019,0,,,,,False,2026,,372,West Georgia,ASun,-12.6497,306,-0.2656,12
Dave Paulsen,dave paulsen,2026,112,Holy Cross,PL,9,2,0.45422535211267606,-5.8164444444444445,-16.7542,-9.512780000000001,3.137,-1.5052333333333334,-0.8215999999999998,-1.11722,3.8319,-4.8675,0.3333333333333333,0.0,0.0,-11.333333333333334,223.66666666666666,123,0.0,0.0,0.0,0.0,0.0,-1.8142666666666665,-2.885,67.35944444444445,65.90143333333333,66.57278,65.6092,204.0,267.6666666666667,245.0,276,49.20854444444444,50.986733333333326,49.86076,49.794,17.998088888888887,16.5869,17.51008,15.2966,28.190366666666666,22.772366666666667,26.34106,21.8595,31.48964444444444,26.540166666666664,28.673700000000004,31.4891,51.225811111111106,53.945366666666665,52.345079999999996,54.7699,15.258966666666668,13.455666666666666,15.7118,14.0709,25.961455555555556,27.286033333333336,26.51636,26.997,29.095433333333332,27.847733333333334,28.542340000000003,27.5533,33.1175,35.3406,33.82082,32.5434,35.27708888888889,39.09113333333333,37.62078,37.2572,34.420100000000005,35.71696666666667,34.88594,33.9568,37.917833333333334,38.8209,38.23986,39.0011,29.196255555555556,34.3613,32.0438,29.3587,31.859155555555553,32.534533333333336,32.03052,30.5436,0,,,,,False,2026,,112,Holy Cross,PL,-16.5593,330,0.4456,22
Dave Pilipovich,dave pilipovich,2020,2,Air Force,MWC,5,1,0.4,-5.5872399999999995,-5.266133333333333,-5.5872399999999995,-2.4875,-2.2579000000000002,-2.1795,-2.2579000000000002,-1.6802,-3.0718,0.0,0.0,0.0,-19.6,228.2,197,0.0,0.0,0.0,0.0,0.0,0.69564,-4.61266,67.06402,67.10143333333333,67.06402,68.7757,227.4,222.0,227.4,147,49.92278,50.59513333333333,49.92278,52.8689,18.58338,18.737133333333333,18.58338,18.0712,24.76518,24.358233333333335,24.76518,22.5049,34.451,31.750766666666664,34.451,35.0117,54.205200000000005,54.88353333333333,54.205200000000005,56.225,18.35086,18.28193333333333,18.35086,16.4326,25.670620000000003,25.22836666666667,25.670620000000003,22.7593,32.30422,30.56233333333333,32.30422,29.8115,34.29596,33.9348,34.29596,36.9444,39.83446,42.06503333333333,39.83446,42.1546,36.971019999999996,37.7914,36.971019999999996,37.9433,46.241460000000004,45.880433333333336,46.241460000000004,48.3152,32.98626,34.54346666666667,32.98626,35.6409,39.01282,39.54943333333333,39.01282,41.0836,0,,,,,False,2020,,2,Air Force,MWC,-2.4875,197,-1.7865,-25
Dave Richman,dave richman,2026,202,North Dakota St.,Sum,11,1,0.6056338028169014,0.3285545454545454,-0.45916666666666694,-0.6959800000000003,5.562,1.0067545454545455,3.9235333333333333,1.74084,9.2529,-5.427,0.6363636363636364,0.2727272727272727,0.09090909090909091,4.090909090909091,167.72727272727272,112,0.0,0.0,0.0,0.2727272727272727,4.090909090909091,-2.4908272727272727,1.4453363636363639,65.92144545454545,65.8263,66.37162,66.6452,266.72727272727275,269.6666666666667,233.8,224,52.71656363636364,54.92166666666666,53.65172,53.2365,16.598618181818182,16.002666666666666,16.36844,15.6306,25.26820909090909,27.804599999999997,26.52722,32.8947,32.931236363636366,31.169700000000002,31.823559999999997,30.632,50.53848181818182,52.349066666666666,51.09024,52.0408,14.503309090909092,14.350933333333332,13.63204,18.6573,24.45469090909091,26.43113333333333,25.01202,25.5461,28.495645454545457,28.28956666666667,27.48478,29.2333,35.95048181818182,37.64366666666667,36.43022,35.3993,41.34397272727273,44.089333333333336,41.42618,42.7625,34.58962727272728,34.9793,34.3141,33.875,35.60677272727273,39.31353333333333,37.20628,44.1258,34.333645454545454,37.335166666666666,34.572340000000004,35.3852,30.28700909090909,32.811933333333336,31.19742,35.5643,0,,,,,False,2026,,202,North Dakota St.,Sum,4.5478,118,9.2529,97
Dave Rose,dave rose,2019,35,BYU,WCC,4,1,0.6594202898550725,10.1464,8.899099999999999,10.1464,13.8883,-0.872125,-2.4398666666666666,-0.872125,3.8311,-4.6364,0.5,0.0,0.0,-13.5,72.75,52,0.0,0.0,1.0,0.0,2.75,1.259375,-0.650675,72.025525,71.4527,72.025525,70.8975,62.0,79.33333333333333,62.0,44,52.743625,52.6944,52.743625,52.7689,16.55115,16.76493333333333,16.55115,15.2595,26.676625,25.153666666666666,26.676625,23.7668,38.77305,39.929300000000005,38.77305,39.9361,49.571425000000005,49.9806,49.571425000000005,50.6799,17.530749999999998,17.43466666666667,17.530749999999998,17.6237,24.957175,24.87653333333333,24.957175,26.9692,31.71415,31.653333333333336,31.71415,35.408,35.13685,34.0469,35.13685,33.0409,34.88635,34.32673333333333,34.88635,36.4217,34.064475,34.20173333333333,34.064475,36.5714,37.883475000000004,37.882733333333334,37.883475000000004,36.6109,27.577025,25.988333333333333,27.577025,26.8302,31.951825,31.942333333333334,31.951825,31.5271,0,,,,,False,2019,,35,BYU,WCC,7.7242,86,-3.9342,-30
Dave Simmons,dave simmons,2018,163,McNeese St.,Slnd,3,1,0.3218390804597701,-13.9739,-13.9739,-13.9739,-11.4689,-1.1786666666666668,-1.1786666666666668,-1.1786666666666668,1.5438,-2.8356,0.3333333333333333,0.0,0.0,8.666666666666666,311.3333333333333,291,0.0,0.0,0.0,0.0,0.0,-5.351299999999999,9.809033333333334,69.43083333333333,69.43083333333333,69.43083333333333,70.3838,109.0,109.0,109.0,68,47.67940000000001,47.67940000000001,47.67940000000001,48.8357,18.8754,18.8754,18.8754,19.0479,27.615566666666666,27.615566666666666,27.615566666666666,29.3362,34.44306666666667,34.44306666666667,34.44306666666667,32.7345,50.89933333333334,50.89933333333334,50.89933333333334,49.7528,16.394733333333335,16.394733333333335,16.394733333333335,15.1719,34.16016666666667,34.16016666666667,34.16016666666667,33.2996,36.120666666666665,36.120666666666665,36.120666666666665,31.5204,33.73376666666667,33.73376666666667,33.73376666666667,34.5924,34.50293333333334,34.50293333333334,34.50293333333334,33.4664,35.792766666666665,35.792766666666665,35.792766666666665,35.0476,31.561766666666667,31.561766666666667,31.561766666666667,32.4475,29.289299999999997,29.289299999999997,29.289299999999997,28.8239,26.758866666666666,26.758866666666666,26.758866666666666,28.1633,0,,,,,False,2018,,163,McNeese St.,Slnd,-11.4689,291,1.5438,25
Dave Smart,dave smart,2026,223,Pacific,WCC,2,1,0.4090909090909091,-2.5494999999999997,-2.5494999999999997,-2.5494999999999997,5.2617,3.05895,3.05895,3.05895,7.382,-1.2641,0.5,0.5,0.0,29.5,198.0,112,0.0,0.0,0.0,0.0,0.0,2.44685,-0.2582,65.4981,65.4981,65.4981,64.356,278.5,278.5,278.5,331,50.15195,50.15195,50.15195,52.1589,19.6963,19.6963,19.6963,20.063,32.0356,32.0356,32.0356,35.225,31.666,31.666,31.666,30.5124,51.6365,51.6365,51.6365,50.0581,15.2746,15.2746,15.2746,15.1327,26.5616,26.5616,26.5616,24.8856,36.704449999999994,36.704449999999994,36.704449999999994,36.3531,32.772,32.772,32.772,35.8306,36.5954,36.5954,36.5954,35.3483,35.24715,35.24715,35.24715,34.6883,41.1973,41.1973,41.1973,42.8571,28.93005,28.93005,28.93005,29.8373,33.463499999999996,33.463499999999996,33.463499999999996,35.4734,0,,,,,False,2026,,223,Pacific,WCC,5.2617,112,7.382,57
Dave Wojcik,dave wojcik,2017,254,San Jose St.,MWC,2,1,0.3770491803278688,-5.7833000000000006,-5.7833000000000006,-5.7833000000000006,-4.1039,4.54525,4.54525,4.54525,8.0294,1.0611,1.0,0.5,0.0,52.0,231.5,214,0.0,0.0,0.0,0.0,0.0,1.1613,-4.2021,70.12299999999999,70.12299999999999,70.12299999999999,70.7554,77.5,77.5,77.5,55,47.677099999999996,47.677099999999996,47.677099999999996,48.5759,18.6958,18.6958,18.6958,18.1679,25.9135,25.9135,25.9135,24.8,37.31675,37.31675,37.31675,36.0991,50.73135,50.73135,50.73135,51.8754,18.05365,18.05365,18.05365,18.9125,27.9531,27.9531,27.9531,26.1062,43.8986,43.8986,43.8986,40.3051,31.708799999999997,31.708799999999997,31.708799999999997,33.6538,36.1559,36.1559,36.1559,32.1981,34.8523,34.8523,34.8523,34.3434,32.432649999999995,32.432649999999995,32.432649999999995,31.4685,28.3816,28.3816,28.3816,26.5554,25.54685,25.54685,25.54685,24.228,0,,,,,False,2017,,254,San Jose St.,MWC,-4.1039,214,1.0611,15
David Cox,david cox,2022,237,Rhode Island,A10,4,1,0.5378151260504201,5.99495,7.1811,5.99495,11.0603,-1.2649750000000002,-0.7425666666666668,-1.2649750000000002,2.5803,-4.9545,0.5,0.0,0.0,-15.25,112.5,65,0.0,0.0,0.25,0.0,0.0,3.8286249999999997,2.55545,68.7459,69.14626666666668,68.7459,67.2768,132.75,117.0,132.75,171,48.508250000000004,48.881766666666664,48.508250000000004,50.5525,18.6787,18.961299999999998,18.6787,20.7992,30.102375000000002,29.645233333333334,30.102375000000002,28.5714,37.199075,37.338233333333335,37.199075,36.0958,47.5513,47.184266666666666,47.5513,46.3393,19.464425,19.231133333333332,19.464425,19.2785,27.712825,27.624166666666667,27.712825,27.64,32.5873,31.5502,32.5873,32.6786,31.122025,32.17353333333333,31.122025,33.758,30.51465,29.975633333333334,30.51465,28.9134,31.89115,31.767266666666668,31.89115,32.5747,38.703725,39.045366666666666,38.703725,41.8452,23.3562,23.6405,23.3562,23.7195,31.3126,31.87966666666667,31.3126,35.051,0,,,,,False,2022,,237,Rhode Island,A10,3.2695,132,-4.9545,-33
David Kiefer,david kiefer,2026,269,Southeastern Louisiana,Slnd,7,1,0.43577981651376146,-10.836728571428571,-8.115933333333333,-8.06372,-2.2343,0.42398571428571435,-1.0406,2.13228,9.1841,-7.239,0.42857142857142855,0.2857142857142857,0.14285714285714285,13.0,283.14285714285717,186,0.0,0.0,0.0,0.0,0.0,-4.7504285714285714,4.102042857142857,68.19224285714286,65.84986666666667,67.34281999999999,65.5263,161.14285714285714,268.0,189.0,283,48.455842857142855,48.09963333333334,49.406259999999996,46.733,19.669342857142855,18.866866666666667,18.70236,18.4119,29.008057142857144,30.087833333333332,28.77206,28.6394,36.19237142857143,36.679766666666666,36.18838,40.3236,53.12058571428572,51.66876666666667,52.590740000000004,52.3659,19.871114285714288,18.360266666666664,18.932920000000003,19.0694,31.20982857142857,30.3897,30.89482,31.4225,35.60134285714286,35.978233333333336,33.73858,41.1987,32.100614285714286,31.615399999999998,33.12542,28.3912,37.61844285714285,36.54816666666667,37.389179999999996,39.4524,34.85207142857143,34.3933,35.06108,36.0,39.73555714285715,41.619933333333336,40.59104,37.8549,29.38032857142857,28.210166666666666,29.539859999999997,27.7635,31.581542857142857,33.306733333333334,33.0597,30.2945,0,,,,,False,2026,,269,Southeastern Louisiana,Slnd,-10.5962,286,-3.0978,-29
David Padgett,david padgett,2018,150,Louisville,ACC,1,1,0.6111111111111112,15.4089,15.4089,15.4089,15.4089,-4.9922,-4.9922,-4.9922,-4.9922,-4.9922,0.0,0.0,0.0,-22.0,38.0,38,0.0,1.0,1.0,0.0,2.0,8.8979,-2.5028,69.6705,69.6705,69.6705,69.6705,92.0,92.0,92.0,92,51.8224,51.8224,51.8224,51.8224,16.6625,16.6625,16.6625,16.6625,28.6171,28.6171,28.6171,28.6171,31.9159,31.9159,31.9159,31.9159,46.9882,46.9882,46.9882,46.9882,18.9418,18.9418,18.9418,18.9418,31.3754,31.3754,31.3754,31.3754,29.2572,29.2572,29.2572,29.2572,37.1353,37.1353,37.1353,37.1353,35.2336,35.2336,35.2336,35.2336,32.893,32.893,32.893,32.893,34.2844,34.2844,34.2844,34.2844,30.871,30.871,30.871,30.871,29.4907,29.4907,29.4907,29.4907,0,,,,,False,2018,,150,Louisville,ACC,15.4089,38,-4.9922,-22
David Patrick,david patrick,2024,243,Sacramento St.,BSky,4,2,0.3893129770992366,-9.1897,-7.224166666666666,-9.1897,-3.9694,-0.20409999999999984,0.7264000000000003,-0.20409999999999984,6.2766,-8.4912,0.5,0.25,0.25,5.25,268.75,211,0.0,0.0,0.0,0.0,0.0,-2.8401,-0.1394749999999999,63.203325,63.1738,63.203325,64.042,345.25,347.0,345.25,341,50.10545,49.766533333333335,50.10545,48.7036,21.089575,21.355,21.089575,22.775,29.756025,31.25436666666667,29.756025,34.0996,27.7169,29.308333333333334,27.7169,32.8816,51.994299999999996,51.16266666666667,51.994299999999996,54.1353,15.54375,15.392833333333334,15.54375,15.5854,24.522475,23.886866666666666,24.522475,25.813,31.0177,30.252700000000004,31.0177,32.7357,35.010625000000005,34.046,35.010625000000005,32.4286,39.83845,39.630833333333335,39.83845,41.2493,36.121674999999996,35.756433333333334,36.121674999999996,35.0299,34.382675,33.97566666666666,34.382675,38.635,34.991325,33.6461,34.991325,33.1548,29.526275,29.316699999999997,29.526275,30.749,0,,,,,False,2024,,243,Sacramento St.,BSky,-13.0009,314,-8.4912,-88
David Ragland,david ragland,2026,82,Evansville,MVC,4,1,0.3053435114503817,-10.862825,-8.2501,-10.862825,-3.9239,-1.06145,-0.0029333333333333065,-1.06145,10.2892,-6.2197,0.25,0.25,0.25,-1.5,281.5,208,0.0,0.0,0.0,0.0,0.0,1.450675,-0.8704749999999999,68.0284,67.5485,68.0284,67.0597,147.0,176.33333333333334,147.0,200,48.289125,49.36826666666667,48.289125,49.2683,17.758,17.825566666666667,17.758,19.0851,21.684525,22.0048,21.684525,22.0356,29.640050000000002,29.732133333333334,29.640050000000002,29.7561,53.344075000000004,52.54243333333333,53.344075000000004,55.0568,17.034425,16.427899999999998,17.034425,15.4055,27.77895,28.523733333333336,27.77895,30.2231,31.0979,31.439899999999998,31.0979,31.4205,31.977375000000002,31.902966666666668,31.977375000000002,32.2489,38.06705,39.55433333333334,38.06705,43.1098,36.302225,35.740766666666666,36.302225,37.6316,43.071925,43.70156666666667,43.071925,43.1818,31.0485,31.433066666666665,31.0485,34.6329,36.089124999999996,36.48233333333334,36.089124999999996,36.5106,0,,,,,False,2026,,82,Evansville,MVC,-13.2031,312,-6.2197,-64
David Riley,david riley,2026,335,Washington St.,WCC,5,2,0.5602409638554217,1.62606,2.4479333333333333,1.62606,4.6495,2.1139599999999996,0.17743333333333333,2.1139599999999996,7.6495,-0.6327,0.8,0.2,0.0,18.0,150.0,120,0.0,0.0,0.0,0.0,0.0,0.21718000000000015,4.15536,69.50278,69.77496666666667,69.50278,67.9064,78.0,74.33333333333333,78.0,147,55.508979999999994,56.151999999999994,55.508979999999994,54.6655,19.20516,19.235166666666668,19.20516,18.4376,28.0486,28.992933333333337,28.0486,29.5049,33.384339999999995,34.18593333333333,33.384339999999995,30.1855,51.45128,52.220666666666666,51.45128,52.6359,15.975999999999999,16.0119,15.975999999999999,14.5535,28.14624,29.6237,28.14624,28.1905,31.90574,32.8928,31.90574,33.0435,36.24294,36.50366666666667,36.24294,36.5119,42.98926,42.68476666666667,42.98926,44.8004,34.575779999999995,35.2947,34.575779999999995,35.4074,40.58886,39.22303333333333,40.58886,36.6848,34.43778,34.04996666666667,34.43778,37.2281,33.242560000000005,32.2799,33.242560000000005,29.9374,0,,,,,False,2026,,335,Washington St.,WCC,2.1258,140,0.7856,-3
Dedrique Taylor,dedrique taylor,2026,38,Cal St. Fullerton,BW,11,1,0.47041420118343197,-5.121890909090909,-8.103433333333333,-3.76276,4.0302,1.3454909090909093,-0.8645999999999997,1.8849400000000003,14.0257,-11.2777,0.5454545454545454,0.45454545454545453,0.2727272727272727,23.09090909090909,222.63636363636363,124,0.0,0.0,0.0,0.18181818181818182,2.727272727272727,-1.2713909090909092,1.3502181818181818,68.77056363636365,69.22866666666667,67.6829,72.8709,138.1818181818182,127.33333333333333,186.2,4,48.809236363636366,47.828599999999994,48.36656,51.3636,18.685836363636362,18.18166666666667,17.9798,15.1995,26.18160909090909,24.913933333333333,25.943239999999996,24.5672,39.104727272727274,38.53296666666667,37.83238,37.8283,50.909927272727266,52.812000000000005,51.622460000000004,54.2909,18.3664,17.8291,18.833660000000002,19.4653,28.48343636363637,29.2329,29.06334,28.3422,34.5503,35.007266666666666,32.82934,35.3032,32.92212727272727,31.1537,32.61922,34.192,34.36137272727273,37.8014,36.1638,43.1313,34.8122,33.57983333333333,33.9441,34.0355,37.26133636363637,43.5837,41.250440000000005,46.3515,27.085872727272726,28.6606,28.49178,34.0856,30.554690909090912,33.380900000000004,32.96322,35.019,0,,,,,False,2026,,38,Cal St. Fullerton,BW,0.0159,170,14.0257,165
Dennis Cutts,dennis cutts,2018,304,UC Riverside,BW,3,1,0.3333333333333333,-9.581066666666667,-9.581066666666667,-9.581066666666667,-5.9416,-4.493566666666667,-4.493566666666667,-4.493566666666667,0.5346,-7.8637,0.3333333333333333,0.0,0.6666666666666666,-42.666666666666664,270.6666666666667,233,0.0,0.0,0.0,0.0,0.0,-2.9680999999999997,-1.2238666666666669,67.72593333333333,67.72593333333333,67.72593333333333,68.2633,203.0,203.0,203.0,177,46.545366666666666,46.545366666666666,46.545366666666666,45.07,19.889799999999997,19.889799999999997,19.889799999999997,20.05,27.08996666666667,27.08996666666667,27.08996666666667,26.7606,33.072833333333335,33.072833333333335,33.072833333333335,32.3798,49.34413333333333,49.34413333333333,49.34413333333333,49.1217,18.552566666666667,18.552566666666667,18.552566666666667,19.3535,29.9031,29.9031,29.9031,31.8966,36.867333333333335,36.867333333333335,36.867333333333335,38.1587,32.46073333333333,32.46073333333333,32.46073333333333,31.2839,35.2267,35.2267,35.2267,33.6579,34.43953333333334,34.43953333333334,34.43953333333334,33.3333,37.01513333333333,37.01513333333333,37.01513333333333,39.9758,29.450066666666668,29.450066666666668,29.450066666666668,27.9333,30.610833333333332,30.610833333333332,30.610833333333332,32.0388,0,,,,,False,2018,,304,UC Riverside,BW,-9.171,268,0.5346,20
Dennis Felton,dennis felton,2019,52,Cleveland St.,Horz,2,1,0.3333333333333333,-10.9235,-10.9235,-10.9235,-9.7028,-1.67185,-1.67185,-1.67185,1.0287,-4.3724,0.5,0.0,0.0,-6.5,289.0,278,0.0,0.0,0.0,0.0,0.0,-2.78475,-0.55705,68.07300000000001,68.07300000000001,68.07300000000001,69.0755,167.0,167.0,167.0,103,51.07715,51.07715,51.07715,51.5214,18.67305,18.67305,18.67305,18.4804,24.18795,24.18795,24.18795,26.3158,30.543149999999997,30.543149999999997,30.543149999999997,31.6559,52.292100000000005,52.292100000000005,52.292100000000005,51.6298,18.175,18.175,18.175,16.8484,33.093,33.093,33.093,33.0258,32.53985,32.53985,32.53985,34.0331,35.238,35.238,35.238,36.4954,43.935900000000004,43.935900000000004,43.935900000000004,44.4119,34.3108,34.3108,34.3108,32.871,39.59665,39.59665,39.59665,39.8343,37.67445,37.67445,37.67445,39.0324,31.8339,31.8339,31.8339,30.6995,0,,,,,False,2019,,52,Cleveland St.,Horz,-9.7028,278,1.0287,22
Dennis Gates,dennis gates,2026,176,Missouri,SEC,7,2,0.5580357142857143,5.488642857142857,13.431166666666668,10.27492,23.5748,-1.3095142857142859,-2.424533333333333,-2.6771000000000003,9.0731,-11.1365,0.2857142857142857,0.14285714285714285,0.2857142857142857,-14.571428571428571,136.28571428571428,19,0.14285714285714285,0.14285714285714285,0.42857142857142855,0.5714285714285714,5.428571428571429,4.448928571428572,0.05250000000000042,67.32804285714285,67.19033333333333,67.61168,66.2552,192.42857142857142,199.33333333333334,165.4,246,52.0297,53.672333333333334,53.83382,55.0,18.0863,16.732666666666667,17.12928,17.8292,31.215200000000003,31.761633333333332,31.11032,34.9353,36.766085714285715,40.31603333333333,37.21812,42.1277,50.638285714285715,51.251133333333335,51.08886,51.4782,20.23625714285714,18.394766666666666,20.21746,16.4645,33.44495714285714,33.217866666666666,33.73438,31.6926,37.02772857142857,37.8747,36.41014,35.4772,33.24617142857143,34.55963333333333,34.43766,35.0365,35.86248571428572,39.169266666666665,38.86678,36.4362,33.85502857142857,34.92966666666667,34.417680000000004,36.7913,41.186814285714284,40.20453333333333,41.55338,42.9979,27.57042857142857,29.67663333333333,29.893700000000003,27.5335,32.49372857142857,32.3216,33.18268,36.7322,0,,,,,False,2026,,176,Missouri,SEC,14.9308,54,-5.2102,-26
Derek Kellogg,derek kellogg,2022,144,LIU,NEC,7,2,0.4835680751173709,-5.811599999999999,-8.184166666666666,-8.205540000000001,0.633,0.29891428571428574,-0.3491666666666666,0.3517,1.8023,-1.895,0.7142857142857143,0.0,0.0,9.571428571428571,231.42857142857142,158,0.0,0.0,0.0,0.14285714285714285,2.2857142857142856,-5.153085714285714,-15.849442857142858,71.98944285714286,72.95196666666668,72.25658,72.3593,29.428571428571427,12.666666666666666,24.0,6,49.81507142857142,49.02076666666667,49.981759999999994,48.4066,19.157485714285713,18.9066,19.25116,18.4609,28.10824285714286,28.35676666666667,28.54546,30.5506,34.14711428571429,31.634833333333333,33.591120000000004,30.3846,48.843157142857144,49.50899999999999,49.35524,48.5691,18.477485714285713,19.205133333333333,18.5347,18.0851,29.895557142857143,29.7992,29.7326,29.7587,34.08244285714286,28.88076666666667,30.767360000000004,29.7744,32.18241428571429,31.294933333333333,32.522980000000004,30.9589,40.874742857142856,41.9717,41.63502,40.1099,32.653442857142856,32.39393333333333,32.56142,32.0905,35.334871428571425,37.46286666666666,35.85834,41.3319,32.03927142857143,32.89983333333333,32.96656,31.6971,28.3871,30.423533333333335,29.06418,33.5343,0,,,,,False,2022,,144,LIU,NEC,-5.5095,235,1.7775,22
Derrin Hansen,derrin hansen,2022,187,Nebraska Omaha,Sum,7,1,0.42990654205607476,-6.434657142857143,-11.865900000000002,-9.2935,1.8291,-1.4449285714285713,-5.917566666666667,-3.59944,7.1562,-9.9246,0.42857142857142855,0.14285714285714285,0.14285714285714285,-10.285714285714286,233.42857142857142,148,0.0,0.0,0.0,0.0,0.0,-0.4950714285714285,4.028728571428571,71.06865714285713,69.93923333333333,69.50192,69.8771,70.71428571428571,80.33333333333333,96.2,50,50.768528571428575,48.47220000000001,50.22378,49.2625,17.263785714285714,18.1342,17.178739999999998,19.305,25.94894285714286,24.984633333333335,24.92944,24.6169,31.376485714285714,28.369366666666668,27.2925,28.3186,54.3072,54.115633333333335,54.616420000000005,56.2929,17.087,15.844299999999999,16.01482,14.7086,28.943571428571428,27.785433333333334,27.93326,29.9694,32.214,32.6789,30.653219999999997,37.4142,35.781357142857146,34.44313333333333,35.68994,35.8003,33.049371428571426,30.341066666666666,32.79902,34.2773,37.45312857142857,38.1449,37.863479999999996,39.9413,38.27794285714286,38.3102,38.918,38.9588,28.693414285714287,26.791,29.32566,30.8758,32.45472857142857,33.1302,33.456,33.3333,0,,,,,False,2022,,187,Nebraska Omaha,Sum,-18.6601,344,-4.0051,-24
Desmond Oliver,desmond oliver,2023,76,East Tennessee St.,SC,2,1,0.421875,-3.79365,-3.79365,-3.79365,-1.2531,-2.93715,-2.93715,-2.93715,-1.4692,-4.4051,0.0,0.0,0.0,-29.5,214.5,186,0.0,0.0,0.0,0.0,0.0,-1.7415500000000002,-0.2882499999999997,65.4783,65.4783,65.4783,65.6525,270.0,270.0,270.0,268,51.13505,51.13505,51.13505,50.5084,18.20505,18.20505,18.20505,19.4555,30.2467,30.2467,30.2467,29.8714,26.46015,26.46015,26.46015,31.2201,51.9413,51.9413,51.9413,50.7558,17.0035,17.0035,17.0035,17.4549,29.99465,29.99465,29.99465,28.8911,26.506500000000003,26.506500000000003,26.506500000000003,26.9186,33.5874,33.5874,33.5874,32.0755,38.547200000000004,38.547200000000004,38.547200000000004,34.8684,33.5567,33.5567,33.5567,32.9285,44.90625,44.90625,44.90625,43.0814,32.471450000000004,32.471450000000004,32.471450000000004,27.5135,36.739549999999994,36.739549999999994,36.739549999999994,35.0911,0,,,,,False,2023,,76,East Tennessee St.,SC,-6.3342,243,-1.4692,-15
Doc Sadler,doc sadler,2019,272,Southern Miss,CUSA,4,1,0.41732283464566927,-7.119125,-4.8777,-7.119125,4.926,0.12617499999999993,1.2228333333333332,0.12617499999999993,6.1773,-7.4372,0.5,0.25,0.25,21.75,239.0,120,0.0,0.0,0.0,0.0,0.0,-1.272775,0.6007499999999999,64.76025,65.23586666666667,64.76025,64.7898,316.0,307.0,316.0,316,49.460825,49.485533333333336,49.460825,53.142,17.165175,16.12046666666667,17.165175,15.6676,22.268,21.908,22.268,22.8778,29.425600000000003,27.20913333333333,29.425600000000003,24.0483,52.204724999999996,52.41596666666666,52.204724999999996,49.0196,18.3845,18.608433333333334,18.3845,19.3906,28.10545,27.680866666666663,28.10545,28.0718,33.8633,32.195699999999995,33.8633,29.902,34.664500000000004,34.26496666666667,34.664500000000004,39.0523,40.731475,38.14703333333333,40.731475,36.9789,36.275725,36.51806666666667,36.275725,34.1527,44.89565,45.129533333333335,44.89565,47.3652,35.339575,33.12406666666667,35.339575,35.4249,38.221424999999996,38.9137,38.221424999999996,41.2285,0,,,,,False,2019,,272,Southern Miss,CUSA,4.926,120,4.9284,46
Don Verlin,don verlin,2019,116,Idaho,BSky,4,1,0.5153846153846153,-7.334825,-8.157300000000001,-7.334825,3.5405,-3.2772749999999995,-5.846966666666667,-3.2772749999999995,4.4318,-17.8541,0.5,0.0,0.25,-4.0,226.0,126,0.0,0.0,0.0,0.0,0.0,-5.83235,-2.227875,65.78925,65.7935,65.78925,65.3525,286.25,284.3333333333333,286.25,290,50.89745,51.624966666666666,50.89745,50.3479,20.18455,19.3398,20.18455,19.8795,29.997425,28.536233333333332,29.997425,24.2487,35.77795,32.840399999999995,35.77795,28.21,50.580225,50.932066666666664,50.580225,53.6739,16.50745,15.7069,16.50745,13.3558,26.82205,27.32936666666667,26.82205,32.0,36.99525,35.42326666666667,36.99525,33.0654,37.820925,38.3296,37.820925,37.5817,36.78365,38.504933333333334,36.78365,38.7097,34.64845,34.76273333333333,34.64845,34.2556,42.911925,42.95563333333333,42.911925,43.5706,32.844975000000005,34.896166666666666,32.844975000000005,36.0125,34.977875,35.0951,34.977875,34.2105,0,,,,,False,2019,,116,Idaho,BSky,-23.7785,348,-17.8541,-107
Donald Copeland,donald copeland,2025,332,Wagner,NEC,3,1,0.5054945054945055,-13.327866666666665,-13.327866666666665,-13.327866666666665,-9.9973,-4.030566666666667,-4.030566666666667,-4.030566666666667,0.2427,-10.095,0.3333333333333333,0.0,0.3333333333333333,-34.0,317.0,292,0.0,0.0,0.0,0.3333333333333333,5.333333333333333,-10.003866666666667,-2.1284,61.34206666666666,61.34206666666666,61.34206666666666,60.5451,360.6666666666667,360.6666666666667,360.6666666666667,363,44.5822,44.5822,44.5822,43.7364,18.128233333333334,18.128233333333334,18.128233333333334,19.3895,31.773966666666666,31.773966666666666,31.773966666666666,31.8033,26.963833333333337,26.963833333333337,26.963833333333337,29.3266,49.4168,49.4168,49.4168,50.3962,18.673233333333332,18.673233333333332,18.673233333333332,18.1972,25.838800000000003,25.838800000000003,25.838800000000003,24.968,39.007666666666665,39.007666666666665,39.007666666666665,39.8574,31.334633333333333,31.334633333333333,31.334633333333333,31.5992,36.884366666666665,36.884366666666665,36.884366666666665,37.5815,31.6722,31.6722,31.6722,33.2103,40.16913333333333,40.16913333333333,40.16913333333333,42.9477,32.1175,32.1175,32.1175,32.8877,30.227733333333333,30.227733333333333,30.227733333333333,32.967,0,,,,,False,2025,,332,Wagner,NEC,-18.1389,346,-10.095,-74
Donnie Jones,donnie jones,2026,280,Stetson,ASun,8,2,0.43824701195219123,-8.4942125,-12.280566666666667,-9.8785,-0.1151,-0.2902750000000001,-2.6117666666666666,-1.1350200000000001,12.0019,-9.8417,0.375,0.125,0.25,5.75,257.125,172,0.0,0.0,0.0,0.125,2.0,-2.8004000000000002,1.8006375,66.285575,67.00386666666667,66.27914000000001,66.7174,238.5,209.33333333333334,238.2,221,50.982575,52.07313333333334,51.71794,53.1467,18.8910625,17.6613,17.67278,18.1225,28.1933125,26.078300000000002,27.152679999999997,26.609,31.647575,32.4446,29.75,32.448,52.10955,53.55613333333333,53.31336,55.2688,15.101849999999999,13.9253,14.44338,15.1415,29.9272875,32.627900000000004,30.70046,31.8403,28.3610125,27.851799999999997,28.07504,30.4301,34.900275,35.15853333333333,35.67032,36.0,40.18085,41.35733333333334,41.621300000000005,44.746,34.609187500000004,35.012566666666665,35.071360000000006,34.555,39.9285,39.914233333333335,39.829679999999996,41.0753,33.923275,34.146233333333335,35.64128,37.5336,33.2963125,32.79396666666667,32.93954,31.9613,0,,,,,False,2026,,280,Stetson,ASun,-12.5348,303,3.4399,45
Donnie Marsh,donnie marsh,2018,5,Alabama A&M,SWAC,1,1,0.0967741935483871,-28.3106,-28.3106,-28.3106,-28.3106,-3.9643,-3.9643,-3.9643,-3.9643,-3.9643,0.0,0.0,0.0,-1.0,351.0,351,0.0,0.0,0.0,0.0,0.0,-8.0977,4.8527,65.7538,65.7538,65.7538,65.7538,293.0,293.0,293.0,293,45.0472,45.0472,45.0472,45.0472,24.2341,24.2341,24.2341,24.2341,29.9642,29.9642,29.9642,29.9642,31.4269,31.4269,31.4269,31.4269,53.9881,53.9881,53.9881,53.9881,16.6433,16.6433,16.6433,16.6433,32.5427,32.5427,32.5427,32.5427,29.7884,29.7884,29.7884,29.7884,30.2829,30.2829,30.2829,30.2829,35.4363,35.4363,35.4363,35.4363,38.3193,38.3193,38.3193,38.3193,32.2843,32.2843,32.2843,32.2843,29.1511,29.1511,29.1511,29.1511,28.8973,28.8973,28.8973,28.8973,0,,,,,False,2018,,5,Alabama A&M,SWAC,-28.3106,351,-3.9643,-1
Donny Lind,donny lind,2026,183,Mount St. Mary's,MAAC,2,1,0.5588235294117647,-7.8469,-7.8469,-7.8469,-6.3416,-0.5904500000000001,-0.5904500000000001,-0.5904500000000001,1.4261,-2.607,0.5,0.0,0.0,-0.5,258.0,243,0.0,0.0,0.0,0.5,8.0,-6.92015,-0.29285,67.67385,67.67385,67.67385,67.548,167.0,167.0,167.0,174,50.75625,50.75625,50.75625,50.6169,21.92885,21.92885,21.92885,22.4066,31.415399999999998,31.415399999999998,31.415399999999998,32.3017,31.9076,31.9076,31.9076,33.3137,47.94965,47.94965,47.94965,47.2176,15.470849999999999,15.470849999999999,15.470849999999999,15.3333,28.54085,28.54085,28.54085,29.1304,31.664350000000002,31.664350000000002,31.664350000000002,37.34,33.592650000000006,33.592650000000006,33.592650000000006,32.6897,41.84605,41.84605,41.84605,42.5969,32.091899999999995,32.091899999999995,32.091899999999995,32.342,45.076499999999996,45.076499999999996,45.076499999999996,44.9082,34.015299999999996,34.015299999999996,34.015299999999996,33.7767,36.31725,36.31725,36.31725,35.5586,0,,,,,False,2026,,183,Mount St. Mary's,MAAC,-9.3522,273,-2.607,-27
Donte Jackson,donte jackson,2026,5,Alabama A&M,SWAC,9,2,0.5190311418685121,-10.35608888888889,-11.140533333333332,-9.341339999999999,-0.971,2.338622222222222,-1.9405999999999999,1.82942,12.244,-6.3694,0.6666666666666666,0.2222222222222222,0.1111111111111111,24.555555555555557,284.1111111111111,182,0.0,0.0,0.0,0.1111111111111111,1.7777777777777777,-8.45831111111111,6.471744444444444,67.77603333333333,64.75233333333334,65.921,65.3902,178.11111111111111,317.3333333333333,250.2,289,47.79532222222222,48.209833333333336,47.84248,49.2293,20.217544444444442,18.6041,19.38356,16.5233,28.091655555555555,27.3015,28.16078,27.4529,39.830200000000005,39.75913333333333,38.819900000000004,45.4377,48.224444444444444,50.377833333333335,48.91714,52.0846,19.249544444444446,17.954833333333333,18.82354,16.622,30.84217777777778,31.226366666666667,31.348219999999998,29.5163,38.35251111111111,34.54866666666667,37.09894,38.5944,33.73753333333334,33.65936666666666,33.51494,35.0272,29.545355555555552,32.66743333333333,30.706799999999998,33.9704,33.55263333333333,35.135533333333335,34.45512,35.3997,36.49435555555556,35.4571,36.02818,36.5098,24.226533333333336,26.302466666666664,25.04302,27.0434,29.85388888888889,29.6802,30.0071,29.3773,0,,,,,False,2026,,5,Alabama A&M,SWAC,-12.6081,304,-0.0818,16
Donyell Marshall,donyell marshall,2021,44,Central Connecticut,NEC,5,1,0.2777777777777778,-18.372719999999997,-19.3395,-18.372719999999997,-12.852,-0.67946,-3.4811666666666667,-0.67946,7.1482,-3.7053,0.2,0.2,0.0,2.2,332.8,310,0.0,0.0,0.0,0.0,0.0,-6.47376,0.8329599999999999,67.67352,69.6395,67.67352,70.2702,184.8,96.0,184.8,83,47.57408,46.73393333333333,47.57408,48.5366,20.59768,19.967166666666667,20.59768,19.7305,27.880180000000003,25.57903333333333,27.880180000000003,23.7288,31.538959999999996,30.572599999999998,31.538959999999996,28.374,53.1144,53.43686666666667,53.1144,53.8889,18.59264,18.724966666666663,18.59264,20.0616,31.427960000000002,32.079033333333335,31.427960000000002,32.8691,33.11244,33.614266666666666,33.11244,30.3968,33.61266,33.340666666666664,33.61266,32.3974,32.71916,34.3627,32.71916,37.6423,36.61612,36.21973333333333,36.61612,35.1515,40.6434,41.41446666666667,40.6434,39.2857,28.08814,29.7021,28.08814,31.2717,34.50362,34.47383333333334,34.50362,32.1231,0,,,,,False,2021,,44,Central Connecticut,NEC,-19.4571,345,-3.0781,-10
Doug Davenport,doug davenport,2026,360,Bellarmine,ASun,1,1,0.40625,-9.7401,-9.7401,-9.7401,-9.7401,1.8184,1.8184,1.8184,1.8184,1.8184,1.0,0.0,0.0,32.0,278.0,278,0.0,0.0,0.0,0.0,0.0,-5.0774,1.9806,64.6936,64.6936,64.6936,64.6936,319.0,319.0,319.0,319,59.431,59.431,59.431,59.431,15.4904,15.4904,15.4904,15.4904,22.4344,22.4344,22.4344,22.4344,35.0031,35.0031,35.0031,35.0031,59.384,59.384,59.384,59.384,15.0407,15.0407,15.0407,15.0407,34.2437,34.2437,34.2437,34.2437,34.2545,34.2545,34.2545,34.2545,38.1381,38.1381,38.1381,38.1381,41.1874,41.1874,41.1874,41.1874,40.4328,40.4328,40.4328,40.4328,50.5469,50.5469,50.5469,50.5469,32.1791,32.1791,32.1791,32.1791,42.617,42.617,42.617,42.617,0,,,,,False,2026,,360,Bellarmine,ASun,-9.7401,278,1.8184,32
Doug Gottlieb,doug gottlieb,2026,105,Green Bay,Horz,2,1,0.3384615384615385,-9.62415,-9.62415,-9.62415,-3.5298,2.6470000000000002,2.6470000000000002,2.6470000000000002,9.5091,-4.2151,0.5,0.5,0.0,45.0,271.5,211,0.0,0.0,0.0,0.0,0.0,-1.64525,4.7153,66.02745,66.02745,66.02745,62.9242,224.0,224.0,224.0,360,52.91715,52.91715,52.91715,54.8977,17.01025,17.01025,17.01025,15.9726,21.7188,21.7188,21.7188,25.0825,39.3194,39.3194,39.3194,41.5995,54.207049999999995,54.207049999999995,54.207049999999995,53.5858,13.85655,13.85655,13.85655,13.1539,30.735100000000003,30.735100000000003,30.735100000000003,29.5969,36.40725,36.40725,36.40725,37.4068,34.7118,34.7118,34.7118,36.4393,41.71145,41.71145,41.71145,37.2598,36.684250000000006,36.684250000000006,36.684250000000006,36.2914,41.480999999999995,41.480999999999995,41.480999999999995,43.3161,31.782149999999998,31.782149999999998,31.782149999999998,28.6774,33.92765,33.92765,33.92765,34.949,0,,,,,False,2026,,105,Green Bay,Horz,-3.5298,211,9.5091,113
Drew Valentine,drew valentine,2026,151,Loyola Chicago,A10,5,1,0.5508982035928144,2.5904000000000003,1.1496666666666668,2.5904000000000003,16.521,-9.12016,-7.912933333333332,-9.12016,-1.0235,-20.696,0.0,0.0,0.6,-83.8,152.4,29,0.0,0.2,0.4,0.2,2.0,1.8966999999999998,-3.6915,66.42852,67.13863333333335,66.42852,65.5806,227.6,198.0,227.6,277,52.49378,51.32443333333333,52.49378,49.8047,19.2221,18.529366666666665,19.2221,19.7583,27.392419999999998,29.103399999999997,27.392419999999998,30.466,32.458,33.242533333333334,32.458,34.7656,49.15408,49.06986666666668,49.15408,52.0249,17.18528,15.981633333333333,17.18528,12.9277,27.02482,27.5314,27.02482,29.6959,33.98776,34.502266666666664,33.98776,33.6449,34.320280000000004,33.51123333333334,34.320280000000004,31.6959,42.93202,43.7071,42.93202,47.7121,33.96298,34.855799999999995,33.96298,36.8113,39.1649,39.91223333333333,39.1649,44.2887,34.67398,35.033966666666664,34.67398,36.8875,32.29136,33.692566666666664,32.29136,37.68,0,,,,,False,2026,,151,Loyola Chicago,A10,-9.8729,280,-17.1909,-181
Dru Joyce,dru joyce,2026,74,Duquesne,A10,2,1,0.47692307692307695,2.96675,2.96675,2.96675,3.7748,-0.57675,-0.57675,-0.57675,0.3824,-1.5359,0.5,0.0,0.0,-5.5,131.5,123,0.0,0.0,0.0,0.0,0.0,2.04575,-4.38565,67.03614999999999,67.03614999999999,67.03614999999999,68.6509,201.5,201.5,201.5,110,51.14935,51.14935,51.14935,52.3269,18.00515,18.00515,18.00515,17.6751,31.678800000000003,31.678800000000003,31.678800000000003,30.4186,34.17465,34.17465,34.17465,38.338,51.34555,51.34555,51.34555,52.5385,19.2027,19.2027,19.2027,18.4078,30.11605,30.11605,30.11605,29.6015,39.686949999999996,39.686949999999996,39.686949999999996,39.8745,33.534,33.534,33.534,33.0836,43.80995,43.80995,43.80995,44.3767,36.04685,36.04685,36.04685,36.2093,38.114149999999995,38.114149999999995,38.114149999999995,40.3309,35.14935,35.14935,35.14935,33.3473,31.32655,31.32655,31.32655,32.6531,0,,,,,False,2026,,74,Duquesne,A10,3.7748,123,-1.5359,-13
Duane Simpkins,duane simpkins,2026,9,American,PL,3,1,0.5454545454545454,-7.844566666666666,-7.844566666666666,-7.844566666666666,-6.4811,0.7905333333333333,0.7905333333333333,0.7905333333333333,5.2222,-1.5206,0.3333333333333333,0.3333333333333333,0.0,12.666666666666666,261.6666666666667,241,0.0,0.0,0.0,0.3333333333333333,5.333333333333333,-8.330133333333334,-1.0998666666666665,64.4717,64.4717,64.4717,66.7375,307.3333333333333,307.3333333333333,307.3333333333333,219,52.00503333333333,52.00503333333333,52.00503333333333,51.5318,16.6323,16.6323,16.6323,15.6476,26.213033333333332,26.213033333333332,26.213033333333332,26.908,28.670466666666666,28.670466666666666,28.670466666666666,28.6705,53.42603333333333,53.42603333333333,53.42603333333333,54.4061,17.96206666666667,17.96206666666667,17.96206666666667,19.197,27.4609,27.4609,27.4609,29.3923,35.32253333333333,35.32253333333333,35.32253333333333,42.0817,34.29073333333333,34.29073333333333,34.29073333333333,32.9602,45.54003333333333,45.54003333333333,45.54003333333333,46.474,35.39966666666667,35.39966666666667,35.39966666666667,35.5172,38.39576666666667,38.39576666666667,38.39576666666667,37.037,37.3294,37.3294,37.3294,36.8226,31.092433333333332,31.092433333333332,31.092433333333332,28.3486,0,,,,,False,2026,,9,American,PL,-6.4811,241,5.2222,71
Duggar Baucom,duggar baucom,2022,295,The Citadel,SC,7,1,0.3615023474178404,-10.730714285714285,-9.473,-9.91616,-5.1296,0.41332857142857143,0.9443333333333334,-0.9198999999999999,9.3964,-6.8943,0.42857142857142855,0.14285714285714285,0.2857142857142857,11.285714285714286,280.7142857142857,218,0.0,0.0,0.0,0.0,0.0,-0.7731000000000001,-3.5066,75.58307142857143,72.80773333333333,73.85958000000001,70.4856,9.0,16.0,12.0,34,50.36212857142857,51.12083333333334,50.89098,51.9531,17.657585714285712,17.824266666666666,17.8966,17.236,24.882271428571432,22.35846666666667,23.9192,23.7911,30.953685714285715,31.47843333333333,30.570100000000004,30.0481,55.28481428571428,52.69553333333334,54.29466,50.3546,17.2088,15.022333333333334,16.30188,13.8087,31.786614285714286,28.6396,30.28272,29.5051,32.55452857142857,26.817466666666665,28.51844,26.2957,33.20878571428572,33.33716666666667,33.37738,34.7879,49.82757142857143,47.40496666666667,49.81738,49.5793,35.412371428571426,33.11846666666667,34.74924,33.0042,39.329142857142855,39.030033333333336,41.79888,38.6798,40.46874285714286,38.284866666666666,40.54262,41.6143,31.329128571428573,31.026799999999998,33.705259999999996,31.8512,0,,,,,False,2022,,295,The Citadel,SC,-6.0438,241,-0.8468,-13
Dustin Kerns,dustin kerns,2026,10,Appalachian St.,SB,9,2,0.5597269624573379,-1.927211111111111,2.3724666666666665,1.32314,9.8821,2.371833333333333,1.0858666666666668,1.2999800000000001,11.6662,-4.3998,0.7777777777777778,0.2222222222222222,0.0,17.11111111111111,188.33333333333334,83,0.0,0.0,0.1111111111111111,0.1111111111111111,1.7777777777777777,-2.6094333333333335,0.9611333333333333,65.17776666666667,64.49176666666666,64.56168,63.0495,288.55555555555554,307.6666666666667,307.8,358,49.674644444444446,50.7577,49.86784,49.9098,16.712233333333334,15.8055,15.950560000000001,15.28,27.25662222222222,29.677733333333332,27.97176,32.1023,32.7943,35.304566666666666,32.54792,39.1461,49.457611111111106,46.32603333333333,47.33986,47.5391,17.1173,14.4048,15.64288,13.9851,28.489322222222224,28.7681,28.21368,28.9855,25.986833333333333,24.722166666666666,24.129579999999997,31.2102,33.165366666666664,32.54663333333334,32.81114,30.4063,41.689877777777774,39.486466666666665,40.0067,45.8809,33.18466666666667,31.363700000000005,32.11046,32.1678,38.28838888888889,38.050999999999995,37.92946,41.4013,34.204100000000004,30.802066666666665,32.535520000000005,33.4615,32.36368888888889,32.32673333333333,32.49696,34.1078,0,,,,,False,2026,,10,Appalachian St.,SB,-2.3113,195,1.1723,0
Dusty May,dusty may,2026,168,Michigan,B10,8,2,0.6985294117647058,12.3728375,26.293566666666667,20.35094,39.6967,6.2235375,6.998833333333334,7.560899999999999,15.0708,-0.5789,0.75,0.625,0.0,35.5,93.625,1,0.375,0.5,0.5,0.5,2.875,4.384625,0.9486499999999999,68.6028,69.8113,68.90322,70.9849,128.75,69.66666666666667,103.8,22,52.759975,55.592166666666664,54.8558,58.3264,18.542025,17.373866666666668,17.694499999999998,16.3281,31.635725,33.770833333333336,32.75312,34.6955,31.5674125,36.2158,33.39172,37.9983,48.1780625,46.78303333333334,47.41662,44.5962,17.7506875,15.796700000000001,16.9119,15.1419,26.79885,29.1995,27.767599999999998,28.1768,29.858075,27.253033333333335,28.019740000000002,26.0242,34.590025,35.00716666666667,35.36268,36.7735,42.1403,40.8303,41.689800000000005,41.4452,33.2015,31.64,32.8538,30.4147,37.502575,39.19556666666667,37.17866,42.3332,34.196475,31.122866666666667,33.08484,31.5202,31.676325,32.7566,31.736040000000003,35.6115,0,,,,,False,2026,,168,Michigan,B10,39.6967,1,15.0708,10
Dwan McMillan,dwan mcmillan,2026,332,Wagner,NEC,1,1,0.45161290322580644,-12.6164,-12.6164,-12.6164,-12.6164,6.2578,6.2578,6.2578,6.2578,6.2578,1.0,1.0,0.0,53.0,305.0,305,0.0,0.0,0.0,0.0,0.0,-9.1832,6.3548,65.5129,65.5129,65.5129,65.5129,285.0,285.0,285.0,285,49.5909,49.5909,49.5909,49.5909,18.5962,18.5962,18.5962,18.5962,32.7533,32.7533,32.7533,32.7533,32.3474,32.3474,32.3474,32.3474,50.4153,50.4153,50.4153,50.4153,14.9414,14.9414,14.9414,14.9414,29.5525,29.5525,29.5525,29.5525,40.7668,40.7668,40.7668,40.7668,36.4583,36.4583,36.4583,36.4583,36.2492,36.2492,36.2492,36.2492,34.2857,34.2857,34.2857,34.2857,35.7827,35.7827,35.7827,35.7827,32.3243,32.3243,32.3243,32.3243,28.2908,28.2908,28.2908,28.2908,0,,,,,False,2026,,332,Wagner,NEC,-12.6164,305,6.2578,53
Dwayne Killings,dwayne killings,2026,7,Albany,AE,5,1,0.389937106918239,-11.4906,-9.979833333333334,-11.4906,-5.8178,-2.80646,-2.0622666666666665,-2.80646,4.7158,-7.3164,0.2,0.0,0.4,-21.2,294.6,244,0.0,0.0,0.0,0.0,0.0,-5.65442,-0.8937200000000001,67.6927,68.70116666666667,67.6927,65.2685,184.8,156.0,184.8,297,48.90486,50.31243333333333,48.90486,51.3457,17.99028,17.3598,17.99028,18.5445,29.90944,31.8695,29.90944,32.6804,27.926980000000004,27.858033333333335,27.926980000000004,24.9402,53.121860000000005,53.203300000000006,53.121860000000005,53.2228,17.9821,17.557666666666666,17.9821,15.8128,28.815379999999998,30.0911,28.815379999999998,32.4123,35.58116,36.41683333333334,35.58116,35.6661,32.33586,32.368,32.33586,32.5914,36.82124,36.85803333333333,36.82124,37.6196,34.333780000000004,33.6135,34.333780000000004,36.0061,35.56234,35.04516666666667,35.56234,40.577,30.351599999999998,29.76733333333333,30.351599999999998,30.8735,27.9189,26.779866666666667,27.9189,33.0403,0,,,,,False,2026,,7,Albany,AE,-14.9244,322,-7.3164,-63
Dwayne Stephens,dwayne stephens,2026,341,Western Michigan,MAC,4,1,0.3333333333333333,-11.323450000000001,-10.498133333333334,-11.323450000000001,-9.3733,-0.87305,0.7057333333333333,-0.87305,0.8891,-5.6094,0.75,0.0,0.25,-1.0,298.0,274,0.0,0.0,0.0,0.0,0.0,-2.7070499999999997,-0.26555,67.4796,68.12073333333332,67.4796,67.7824,173.5,140.66666666666666,173.5,160,48.6084,48.53476666666666,48.6084,49.8841,17.888875,17.46,17.888875,16.9125,32.887225,32.8599,32.887225,30.4854,30.76125,31.73176666666667,30.76125,32.7926,53.64555,53.25116666666667,53.64555,54.3554,14.974475,15.181,14.974475,13.3808,28.5576,28.87766666666667,28.5576,29.0732,33.819649999999996,34.06483333333333,33.819649999999996,37.5145,32.10865,32.107733333333336,32.10865,35.313,37.46885,35.95146666666667,37.46885,36.095,35.7376,35.31993333333333,35.7376,36.1222,40.76065,41.09726666666666,40.76065,43.7282,30.5197,29.238966666666666,30.5197,30.7979,33.275,33.34893333333333,33.275,35.1421,0,,,,,False,2026,,341,Western Michigan,MAC,-9.3733,274,0.3991,18
Dwight Perry,dwight perry,2025,346,Wofford,SC,2,1,0.5373134328358209,0.8321000000000001,0.8321000000000001,0.8321000000000001,4.2367,1.7951000000000001,1.7951000000000001,1.7951000000000001,3.8791,-0.2889,0.5,0.0,0.0,27.0,153.5,114,0.0,0.0,0.0,0.5,7.5,0.595,4.31165,64.96205,64.96205,64.96205,64.2863,312.0,312.0,312.0,333,53.27045,53.27045,53.27045,53.2368,17.026049999999998,17.026049999999998,17.026049999999998,16.9349,32.45505,32.45505,32.45505,35.481,29.23395,29.23395,29.23395,30.6316,51.71755,51.71755,51.71755,51.9316,14.38965,14.38965,14.38965,14.7422,26.2305,26.2305,26.2305,26.2635,35.462149999999994,35.462149999999994,35.462149999999994,36.3135,35.12605,35.12605,35.12605,34.7682,46.5029,46.5029,46.5029,47.6842,35.12825,35.12825,35.12825,34.5324,44.38705,44.38705,44.38705,46.0265,39.06445,39.06445,39.06445,39.1954,36.25765,36.25765,36.25765,36.9547,0,,,,,False,2025,,346,Wofford,SC,4.2367,114,-0.2889,-4
Dylan Howard,dylan howard,2022,5,Alabama A&M,SWAC,4,1,0.2897196261682243,-19.231775,-18.252633333333332,-19.231775,-13.5011,0.9187500000000001,1.4326999999999999,0.9187500000000001,4.0334,-2.3372,0.5,0.0,0.0,5.5,337.25,314,0.0,0.0,0.0,0.0,0.0,-9.117325000000001,-0.16862500000000008,66.87625,67.28263333333332,66.87625,66.5795,229.0,211.33333333333334,229.0,212,43.5426,42.81816666666666,43.5426,41.2529,20.5796,19.937833333333334,20.5796,19.5841,27.409599999999998,27.2723,27.409599999999998,28.6575,30.760375,32.666666666666664,30.760375,33.545,48.8178,47.20023333333334,48.8178,46.3149,19.1695,18.5761,19.1695,19.5841,29.7934,29.102533333333337,29.7934,30.975,35.01285,33.73583333333334,35.01285,28.6432,28.8596,28.001633333333334,28.8596,27.0833,30.464975,29.951099999999997,30.464975,24.9423,32.024575,30.919999999999998,32.024575,32.0402,36.38275,35.69723333333334,36.38275,38.861,24.6174,23.432066666666667,24.6174,19.045,29.02935,28.421333333333333,29.02935,33.2836,0,,,,,False,2022,,5,Alabama A&M,SWAC,-13.5011,314,2.6019,14
Earl Grant,earl grant,2026,26,Boston College,ACC,11,2,0.547550432276657,2.719427272727273,3.4085,2.94772,11.4399,-1.3558454545454546,-1.8579,-2.97572,10.5572,-11.2689,0.2727272727272727,0.18181818181818182,0.2727272727272727,-14.727272727272727,140.45454545454547,71,0.0,0.0,0.18181818181818182,0.09090909090909091,1.6363636363636365,1.7242363636363636,-2.781727272727273,65.3847090909091,66.6486,66.25544,66.0127,281.8181818181818,229.66666666666666,239.8,259,50.1291,49.46726666666667,48.99174,46.9972,16.6134,16.000233333333334,16.827019999999997,15.4006,26.89328181818182,28.150233333333333,28.422800000000002,28.3035,31.88466363636364,29.642066666666665,29.1672,32.3967,50.32442727272728,50.417966666666665,50.86848,48.8956,17.777772727272726,15.3663,16.61972,14.8745,27.629763636363634,28.296900000000004,27.798360000000002,28.5968,32.57275454545454,33.229733333333336,31.756,34.5665,33.891754545454546,33.345166666666664,32.5689,29.3888,36.50863636363636,37.9004,35.51374,42.3691,34.1532,33.89703333333333,34.983360000000005,31.8697,38.07948181818182,37.551233333333336,37.7973,38.984,30.14041818181818,31.465366666666664,29.174199999999995,32.4402,31.49361818181818,30.682933333333335,31.857460000000003,30.8078,0,,,,,False,2026,,26,Boston College,ACC,0.7847,158,-7.7239,-68
Ed Conroy,ed conroy,2026,295,The Citadel,SC,5,2,0.30434782608695654,-13.2297,-16.255633333333332,-13.2297,-3.3889,-2.44354,-2.912233333333333,-2.44354,3.3208,-6.3089,0.4,0.0,0.6,1.0,296.8,200,0.0,0.0,0.0,0.0,0.0,-1.88374,-4.020020000000001,65.90004,64.93326666666667,65.90004,64.4101,264.6,315.3333333333333,264.6,328,48.26446,49.0097,48.26446,49.5352,18.22402,17.939666666666668,18.22402,16.2934,26.98206,27.477999999999998,26.98206,27.9263,31.236400000000003,32.16856666666667,31.236400000000003,30.0407,53.33996,55.18366666666666,53.33996,57.5466,16.34854,15.368566666666666,16.34854,14.7296,30.4206,30.068133333333332,30.4206,31.3869,31.846960000000003,29.513233333333332,31.846960000000003,33.2751,31.29366,31.317733333333333,31.29366,31.9563,40.1189,42.10723333333333,40.1189,47.821,35.12608,35.49426666666667,35.12608,36.6402,39.79,42.213366666666666,39.79,44.0559,31.925459999999998,33.122099999999996,31.925459999999998,38.5066,32.3339,34.17393333333333,32.3339,35.1077,0,,,,,False,2026,,295,The Citadel,SC,-20.1485,347,-6.3089,-15
Ed Cooley,ed cooley,2026,97,Georgetown,BE,11,2,0.5722222222222222,11.093109090909092,5.766933333333333,9.7167,15.8887,-0.41297272727272727,-0.9060333333333332,0.94092,5.7677,-6.4607,0.45454545454545453,0.09090909090909091,0.09090909090909091,-3.727272727272727,72.18181818181819,32,0.0,0.36363636363636365,0.9090909090909091,0.5454545454545454,5.181818181818182,8.961836363636364,-3.376863636363636,67.05949090909091,67.15463333333334,66.67056,66.2175,211.45454545454547,200.66666666666666,216.0,248,49.32139090909091,49.538833333333336,49.951139999999995,49.6452,17.41389090909091,16.889533333333333,16.90792,15.7595,31.1792,32.51133333333333,32.51996,32.5404,35.50551818181818,32.24256666666667,34.00812,37.2529,49.66495454545454,51.772166666666664,50.27304,49.9498,18.424863636363636,17.33073333333333,16.88396,16.237,29.09993636363636,30.345933333333335,29.1248,31.4616,30.92649090909091,32.39756666666667,29.9072,33.9026,33.44699090909091,32.9184,33.55554,31.8444,35.936218181818184,38.11336666666667,36.84324,35.1749,32.5604,34.0411,33.19724,33.2521,36.41052727272727,39.6833,37.73124,41.2356,29.134627272727275,30.898933333333332,29.842719999999996,26.4882,29.267445454545452,31.873433333333335,30.710079999999998,33.0375,0,,,,,False,2026,,97,Georgetown,BE,11.312,74,1.421,8
Ed DeChellis,ed dechellis,2025,185,Navy,PL,10,1,0.5361842105263158,-5.60564,-8.098166666666668,-5.09224,0.0197,0.65266,-0.9585333333333333,0.21734,5.8086,-5.6475,0.6,0.1,0.1,14.3,229.8,166,0.0,0.0,0.0,0.0,0.0,-6.54457,-2.18213,65.16811,65.73616666666668,65.57112,67.1804,291.6,270.3333333333333,280.6,199,48.08445,47.817033333333335,48.19634,48.0157,18.95349,16.3438,17.41226,16.1451,32.58983,31.00236666666667,31.811079999999997,31.2605,33.36364,30.795866666666665,31.237599999999997,33.8381,51.06436,51.05733333333333,50.56992,52.4931,20.05211,19.250666666666667,20.1032,17.8184,26.27084,28.659666666666666,27.1438,27.1978,33.569689999999994,33.120866666666664,32.71564,33.7534,31.93541,33.28176666666666,32.96798,33.3333,34.61776,35.42583333333334,34.043,37.1279,34.44406,34.00376666666667,33.7571,34.8868,40.37567,39.924,39.26906,41.1507,27.899900000000002,30.052933333333332,28.48296,30.7393,33.23754,32.5392,32.15764,33.4468,0,,,,,False,2025,,185,Navy,PL,-9.2847,276,-1.9415,-17
Ed Schilling,ed schilling,2026,226,Pepperdine,WCC,2,1,0.3283582089552239,-6.33845,-6.33845,-6.33845,-4.3583,-0.47909999999999997,-0.47909999999999997,-0.47909999999999997,0.9171,-1.8753,0.5,0.0,0.0,-3.0,239.5,216,0.0,0.0,0.0,0.0,0.0,2.64465,-3.43235,68.98555,68.98555,68.98555,68.6637,91.5,91.5,91.5,109,48.636700000000005,48.636700000000005,48.636700000000005,47.6231,17.1929,17.1929,17.1929,18.3244,28.345750000000002,28.345750000000002,28.345750000000002,29.0654,32.733599999999996,32.733599999999996,32.733599999999996,33.8488,53.427099999999996,53.427099999999996,53.427099999999996,54.268,15.908650000000002,15.908650000000002,15.908650000000002,16.5633,31.9711,31.9711,31.9711,34.0176,27.86105,27.86105,27.86105,28.4711,32.69635,32.69635,32.69635,31.3869,36.9489,36.9489,36.9489,39.2325,34.83475,34.83475,34.83475,35.4752,39.646699999999996,39.646699999999996,39.646699999999996,40.3566,29.77935,29.77935,29.77935,30.5542,32.52355,32.52355,32.52355,33.2636,0,,,,,False,2026,,226,Pepperdine,WCC,-8.3186,263,-1.8753,-20
Eddie Jordan,eddie jordan,2016,242,Rutgers,B10,1,1,0.21875,-10.6263,-10.6263,-10.6263,-10.6263,-7.2804,-7.2804,-7.2804,-7.2804,-7.2804,0.0,0.0,1.0,-61.0,279.0,279,0.0,0.0,0.0,0.0,0.0,6.6794,-4.0777,70.3524,70.3524,70.3524,70.3524,68.0,68.0,68.0,68,45.8196,45.8196,45.8196,45.8196,18.8953,18.8953,18.8953,18.8953,25.3197,25.3197,25.3197,25.3197,34.5435,34.5435,34.5435,34.5435,52.0297,52.0297,52.0297,52.0297,16.1258,16.1258,16.1258,16.1258,35.8868,35.8868,35.8868,35.8868,29.703,29.703,29.703,29.703,32.1649,32.1649,32.1649,32.1649,26.6777,26.6777,26.6777,26.6777,37.3752,37.3752,37.3752,37.3752,34.703,34.703,34.703,34.703,22.3496,22.3496,22.3496,22.3496,31.2898,31.2898,31.2898,31.2898,0,,,,,False,2016,,242,Rutgers,B10,-10.6263,279,-7.2804,-61
Eddie Payne,eddie payne,2017,316,USC Upstate,ASun,2,1,0.4153846153846154,-11.45675,-11.45675,-11.45675,-6.8877,-6.4528,-6.4528,-6.4528,-1.1625,-11.7431,0.0,0.0,0.5,-48.5,283.0,244,0.0,0.0,0.0,0.0,0.0,-4.805300000000001,-2.0721499999999997,67.3024,67.3024,67.3024,68.3956,214.5,214.5,214.5,166,51.22655,51.22655,51.22655,52.362,19.03425,19.03425,19.03425,17.869,31.6447,31.6447,31.6447,30.2434,31.360149999999997,31.360149999999997,31.360149999999997,31.8156,52.6875,52.6875,52.6875,50.7337,14.7736,14.7736,14.7736,14.4884,31.04395,31.04395,31.04395,30.2198,33.29715,33.29715,33.29715,29.9457,35.12195,35.12195,35.12195,34.5821,36.26445,36.26445,36.26445,39.4991,35.6777,35.6777,35.6777,33.2374,37.78275,37.78275,37.78275,37.7717,31.075450000000004,31.075450000000004,31.075450000000004,32.7124,31.26205,31.26205,31.26205,30.5152,0,,,,,False,2017,,316,USC Upstate,ASun,-6.8877,244,-1.1625,-5
Edward Joyner Jr,edward joyner jr,2024,106,Hampton,CAA,9,1,0.43508771929824563,-12.035966666666667,-17.0666,-15.77104,-0.846,-1.1415,-5.060666666666667,-4.31468,5.1114,-10.7382,0.5555555555555556,0.1111111111111111,0.2222222222222222,1.4444444444444444,292.3333333333333,170,0.0,0.0,0.0,0.1111111111111111,2.6666666666666665,-6.904922222222222,-0.8319444444444445,70.23858888888888,69.25273333333332,69.80216,69.7741,69.66666666666667,79.0,74.6,69,47.356811111111114,45.3288,47.133,46.691,17.295122222222222,17.346233333333334,17.18108,17.903,27.55527777777778,25.444333333333333,25.2006,27.8718,34.552166666666665,32.689600000000006,33.53944,29.3887,50.39273333333333,50.9564,51.14064,51.631,16.68398888888889,15.770466666666666,16.07226,14.9985,29.937155555555552,31.2428,31.32408,31.9149,36.29725555555555,34.372566666666664,35.34028,29.893,31.87462222222222,30.796966666666666,31.61026,30.9144,35.07556666666667,36.720866666666666,36.01338,38.6427,34.23673333333333,33.8149,34.241820000000004,33.882,36.621288888888884,36.40706666666667,37.222699999999996,38.984,28.166033333333335,29.918166666666664,29.102999999999998,31.3389,29.776977777777777,29.299599999999998,30.09542,31.465,0,,,,,False,2024,,106,Hampton,CAA,-18.042,341,-10.7382,-81
Eran Ganot,eran ganot,2026,109,Hawaii,BW,11,1,0.6059701492537314,-0.5015454545454546,-0.03783333333333335,0.6701400000000001,12.1565,0.20183636363636373,-1.7190333333333332,0.43162,6.2793,-9.0337,0.6363636363636364,0.09090909090909091,0.09090909090909091,-3.8181818181818183,175.0909090909091,60,0.0,0.0,0.09090909090909091,0.18181818181818182,2.3636363636363638,-3.675081818181818,-14.205690909090908,67.19947272727273,67.38783333333333,66.38836,69.8448,209.54545454545453,193.33333333333334,234.2,55,50.57076363636364,51.73956666666667,50.8428,51.9835,19.117081818181816,19.347733333333334,19.265819999999998,18.826,28.625681818181818,29.314833333333336,29.32808,31.2558,36.655109090909086,40.106966666666665,37.29136,41.4325,48.34854545454546,48.2524,47.225440000000006,46.828,17.38239090909091,15.2002,15.585939999999999,16.7932,25.806509090909092,25.1618,25.40576,25.2604,33.81559090909091,34.29063333333333,32.35996,35.5914,33.12517272727273,32.2009,32.795,31.6736,39.40689090909091,39.911966666666665,39.58488,39.8347,32.43199090909091,32.04926666666667,31.30844,30.2829,30.937863636363634,30.041466666666665,29.245060000000002,32.3118,30.788190909090908,29.032966666666667,30.210259999999998,28.1557,24.8659,23.86253333333333,23.3099,24.7507,0,,,,,False,2026,,109,Hawaii,BW,5.5845,108,0.8044,5
Eric Duft,eric duft,2026,336,Weber St.,BSky,4,1,0.5038167938931297,-3.8242249999999998,-4.572166666666667,-3.8242249999999998,0.9189,-0.22207499999999997,-1.4126333333333332,-0.22207499999999997,7.7129,-10.682,0.5,0.25,0.25,-0.25,213.5,156,0.0,0.0,0.0,0.0,0.0,-2.0493,2.517375,66.278875,66.68623333333333,66.278875,68.5567,243.25,227.66666666666666,243.25,117,51.41,51.60103333333333,51.41,51.6732,16.635275,15.795666666666667,16.635275,15.6926,25.238750000000003,26.646833333333333,25.238750000000003,31.8225,35.666875,36.3345,35.666875,39.1523,53.748774999999995,54.076366666666665,53.748774999999995,54.4832,17.586125,17.0312,17.586125,16.2582,25.98985,27.177766666666667,25.98985,27.6723,33.64165,34.27803333333333,33.64165,36.3792,33.480325,33.695166666666665,33.480325,34.5238,36.5627,36.288999999999994,36.5627,32.7942,35.546875,35.13073333333333,35.546875,33.5294,39.933975000000004,39.58776666666667,39.933975000000004,38.835,28.470824999999998,28.321366666666666,28.470824999999998,25.7505,32.385774999999995,31.393966666666667,32.385774999999995,28.8364,0,,,,,False,2026,,336,Weber St.,BSky,-2.9255,202,7.7129,101
Eric Henderson,eric henderson,2026,71,Drake,MVC,7,2,0.6412556053811659,3.4364142857142856,0.7365666666666666,2.4965,10.5795,0.42147142857142844,-1.0243000000000002,-0.9984200000000001,8.6223,-6.3433,0.42857142857142855,0.14285714285714285,0.14285714285714285,-2.7142857142857144,138.14285714285714,81,0.0,0.0,0.14285714285714285,0.2857142857142857,4.0,-1.7815142857142856,2.639957142857143,68.458,68.14396666666666,68.07562,67.2774,136.57142857142858,140.33333333333334,139.2,186,54.790528571428574,53.390566666666665,54.229499999999994,51.3658,16.765257142857145,16.4159,16.32566,14.9892,25.98785714285714,28.20103333333333,25.94618,26.5734,32.54745714285714,31.615766666666662,31.51062,33.5297,50.907985714285715,51.58893333333333,51.40504,52.6028,15.348342857142857,14.591566666666665,15.369380000000001,14.6236,24.99892857142857,25.496333333333336,25.360120000000002,29.9219,26.509385714285713,29.6199,26.65494,32.0146,37.193471428571435,35.0727,36.80044,33.9977,38.610057142857144,42.01643333333333,39.756780000000006,45.6883,34.218514285714285,34.9335,34.64874,36.4183,42.34544285714286,46.0256,43.9342,43.3108,32.11662857142857,34.04673333333333,33.0753,36.7865,35.81137142857143,38.63596666666667,37.27186,37.2388,0,,,,,False,2026,,71,Drake,MVC,-2.9839,205,-6.3433,-82
Eric Konkol,eric konkol,2026,300,Tulsa,Amer,11,2,0.6027777777777777,2.8547272727272723,0.9306999999999999,-0.47158000000000017,13.6037,0.46747272727272726,2.9430666666666667,-1.3323800000000001,12.3585,-13.3035,0.45454545454545453,0.36363636363636365,0.18181818181818182,-6.818181818181818,146.63636363636363,56,0.0,0.0,0.45454545454545453,0.0,0.36363636363636365,-0.8822363636363637,-5.055836363636363,68.22973636363636,68.4403,68.31708,68.3335,157.8181818181818,136.33333333333334,131.8,128,51.28846363636364,51.73866666666667,50.99848,55.4003,17.512781818181818,16.88736666666667,17.32716,15.6128,27.91181818181818,28.111766666666664,27.02382,32.7572,35.284527272727274,38.736533333333334,34.82004,41.4022,49.20193636363637,49.6138,50.13522,49.5208,18.18329090909091,15.960299999999998,16.85822,15.3751,28.6918,30.1814,30.35804,29.0541,30.882972727272726,33.566833333333335,31.316000000000003,31.9945,34.37731818181818,33.930733333333336,33.4094,38.4772,40.17338181818182,43.37723333333333,42.7258,46.6604,32.74376363636364,32.60276666666667,32.41262,32.3896,37.40793636363637,37.6773,38.243520000000004,40.3012,32.54560909090909,33.48546666666667,33.75566,37.6241,30.539845454545453,29.9526,30.331200000000003,31.9911,0,,,,,False,2026,,300,Tulsa,Amer,13.6037,56,12.3585,83
Eric Musselman,eric musselman,2026,315,USC,B10,11,3,0.6719160104986877,14.335954545454547,10.399266666666668,13.74218,21.5629,-0.7189363636363636,-8.468333333333334,-6.34758,9.4968,-15.4952,0.45454545454545453,0.36363636363636365,0.2727272727272727,3.090909090909091,52.45454545454545,18,0.36363636363636365,0.5454545454545454,0.8181818181818182,0.5454545454545454,3.727272727272727,7.456581818181818,0.02099090909090907,70.36227272727272,70.02286666666667,70.07442,70.6495,59.45454545454545,60.0,51.4,27,51.20925454545454,51.88943333333333,51.03228,50.3577,16.420772727272727,17.129433333333335,17.26248,17.369,28.52428181818182,28.471833333333333,29.140859999999996,32.3585,39.83638181818182,41.6654,40.28606,44.1937,48.48621818181818,50.657266666666665,49.33174,49.742,18.422654545454545,16.388166666666667,18.02272,16.3447,28.55687272727273,30.78526666666667,29.108660000000004,32.2212,34.01353636363637,35.66056666666667,35.67154,33.3849,33.594145454545455,33.34656666666667,32.3423,31.664,35.40864545454545,33.9271,32.74674,34.0671,31.86206363636364,32.601933333333335,32.27584,30.9068,36.500572727272726,37.7387,36.49184,40.4025,27.256990909090913,25.226166666666668,24.13928,24.368,28.898818181818182,28.760900000000003,28.279700000000002,29.8643,0,,,,,False,2026,,315,USC,B10,10.9393,77,-10.5017,-55
Eric Olen,eric olen,2026,190,New Mexico,MWC,6,2,0.5911602209944752,2.5973500000000005,12.968933333333334,4.375020000000001,18.254,5.2452499999999995,11.213733333333332,6.9875,15.2902,-3.466,0.6666666666666666,0.5,0.0,37.166666666666664,163.83333333333334,39,0.0,0.3333333333333333,0.3333333333333333,0.16666666666666666,2.0,0.4528000000000001,-0.01981666666666662,67.49595,67.13646666666666,67.04549999999999,70.0058,181.5,207.66666666666666,198.0,47,52.91458333333333,53.62313333333333,52.48856000000001,53.5256,16.520799999999998,14.224200000000002,15.89688,14.8977,23.736616666666666,28.011833333333332,25.1506,30.6363,30.205483333333333,33.882333333333335,32.0831,35.8517,51.11151666666667,49.24266666666667,50.43218,49.5444,18.52525,19.71036666666667,18.54772,18.9857,28.775450000000003,28.040733333333332,28.19866,27.7127,27.486866666666668,30.915566666666667,28.511180000000003,33.3333,35.43658333333334,35.554633333333335,35.12806,35.6284,44.534,44.37126666666666,43.63238,41.8956,34.18703333333333,32.40176666666667,33.42862,30.4781,38.28705,42.74113333333333,39.22314,48.1535,37.15873333333334,35.77426666666667,35.724720000000005,33.6429,31.882666666666665,34.16596666666667,32.158460000000005,35.6228,0,,,,,False,2026,,190,New Mexico,MWC,16.9146,46,9.3804,51
Eric Peterson,eric peterson,2026,265,South Dakota,Sum,4,1,0.4609375,-10.340824999999999,-10.258933333333333,-10.340824999999999,-6.2357,-3.36945,-0.9144333333333332,-3.36945,1.4099,-10.7345,0.5,0.0,0.25,-30.0,285.75,240,0.0,0.0,0.0,0.0,0.0,-4.4562,-2.6946749999999997,69.84955,71.1761,69.84955,69.8766,102.75,54.333333333333336,102.75,54,50.51305,50.6532,50.51305,49.941,16.219575,15.8534,16.219575,16.5719,27.7724,28.747466666666668,27.7724,28.6822,37.302225,40.3536,37.302225,45.1917,53.78115,54.136599999999994,53.78115,54.5404,14.826575,14.978266666666665,14.826575,15.8596,30.444375,31.544866666666667,30.444375,30.2686,31.295175,31.126266666666666,31.295175,30.9749,34.87575,33.8538,34.87575,32.3481,37.0325,35.9816,37.0325,35.9292,35.672025000000005,35.544900000000005,35.672025000000005,34.5084,36.856225,35.7367,36.856225,30.0279,30.323075,27.8927,30.323075,26.1389,30.34685,29.212466666666668,30.34685,23.5542,0,,,,,False,2026,,265,South Dakota,Sum,-10.5277,284,0.3812,21
Eric Reveno,eric reveno,2016,228,Portland,WCC,1,1,0.375,-4.0126,-4.0126,-4.0126,-4.0126,-3.5516,-3.5516,-3.5516,-3.5516,-3.5516,0.0,0.0,0.0,-34.0,206.0,206,0.0,0.0,0.0,0.0,0.0,-0.8052,-5.8208,71.7895,71.7895,71.7895,71.7895,34.0,34.0,34.0,34,49.8972,49.8972,49.8972,49.8972,16.7883,16.7883,16.7883,16.7883,30.7363,30.7363,30.7363,30.7363,31.3625,31.3625,31.3625,31.3625,52.3514,52.3514,52.3514,52.3514,18.3872,18.3872,18.3872,18.3872,34.1772,34.1772,34.1772,34.1772,41.3514,41.3514,41.3514,41.3514,36.3276,36.3276,36.3276,36.3276,38.9203,38.9203,38.9203,38.9203,38.4615,38.4615,38.4615,38.4615,35.8378,35.8378,35.8378,35.8378,34.5912,34.5912,34.5912,34.5912,30.9591,30.9591,30.9591,30.9591,0,,,,,False,2016,,228,Portland,WCC,-4.0126,206,-3.5516,-34
Eric Skeeters,eric skeeters,2021,67,Delaware St.,MEAC,3,1,0.18292682926829268,-25.653000000000002,-25.653000000000002,-25.653000000000002,-23.115,-1.598766666666667,-1.598766666666667,-1.598766666666667,4.4769,-6.0754,0.3333333333333333,0.0,0.3333333333333333,1.0,350.0,346,0.0,0.0,0.0,0.0,0.0,-7.971,-0.012366666666666637,72.55413333333333,72.55413333333333,72.55413333333333,73.2576,31.333333333333332,31.333333333333332,31.333333333333332,12,44.238,44.238,44.238,45.7143,20.3686,20.3686,20.3686,22.313,26.7028,26.7028,26.7028,26.2925,29.603933333333334,29.603933333333334,29.603933333333334,29.8095,53.69056666666666,53.69056666666666,53.69056666666666,54.6578,18.750366666666668,18.750366666666668,18.750366666666668,18.6824,31.3112,31.3112,31.3112,32.3002,42.85796666666667,42.85796666666667,42.85796666666667,45.5323,30.329633333333334,30.329633333333334,30.329633333333334,31.0811,40.52616666666666,40.52616666666666,40.52616666666666,42.2857,34.98773333333333,34.98773333333333,34.98773333333333,35.468,39.6865,39.6865,39.6865,38.5932,33.894200000000005,33.894200000000005,33.894200000000005,34.8192,30.198666666666668,30.198666666666668,30.198666666666668,28.9738,0,,,,,False,2021,,67,Delaware St.,MEAC,-24.5338,352,-3.1978,-2
Erik Martin,erik martin,2026,264,South Carolina St.,MEAC,4,1,0.3828125,-13.431949999999999,-12.230699999999999,-13.431949999999999,-2.4935,0.42132499999999984,0.023333333333333133,0.42132499999999984,5.7467,-10.6737,0.75,0.25,0.25,24.5,298.5,192,0.0,0.0,0.0,0.0,0.0,-6.231775,2.7794,69.585575,68.93903333333333,69.585575,68.7256,76.5,96.0,76.5,106,47.576025,47.78843333333333,47.576025,46.8282,20.726025,20.66326666666667,20.726025,20.7789,34.762125,34.9351,34.762125,31.3931,37.406025,40.14156666666667,37.406025,41.0533,53.472675,52.057966666666665,53.472675,53.9204,21.070425,21.1075,21.070425,18.7864,33.952175,33.7682,33.952175,37.6333,47.91755,49.381400000000006,47.91755,51.93,32.928275,33.64796666666667,32.928275,33.9928,33.041174999999996,32.71703333333333,33.041174999999996,33.2735,34.414625,32.7103,34.414625,33.4884,36.980599999999995,37.072399999999995,36.980599999999995,38.9023,27.0595,26.8329,27.0595,28.0277,26.92085,26.01646666666667,26.92085,26.799,0,,,,,False,2026,,264,South Carolina St.,MEAC,-23.4073,356,-10.6737,-34
Ernie Kent,ernie kent,2019,335,Washington St.,P12,4,1,0.36,-2.3429,-2.3939,-2.3429,-1.6644,-0.8265499999999999,-0.2481666666666665,-0.8265499999999999,4.381,-2.6942,0.25,0.0,0.0,-13.75,193.0,186,0.0,0.0,0.0,0.0,0.0,5.12815,-4.72795,68.821,68.8403,68.821,70.5945,141.0,144.0,141.0,50,52.430025,52.996100000000006,52.430025,52.8479,19.086725,18.898766666666667,19.086725,19.1705,23.43685,23.267899999999997,23.43685,25.1825,28.34255,27.407566666666668,28.34255,30.3063,52.732375,53.661333333333324,52.732375,54.6772,15.717925000000001,16.052333333333333,15.717925000000001,17.0308,29.69375,29.7308,29.69375,29.4533,30.560375,28.2608,30.560375,28.3681,36.29885,36.879799999999996,36.29885,36.3527,39.618075,42.7148,39.618075,44.4922,35.59385,35.507666666666665,35.59385,36.2195,37.438625,39.57646666666667,37.438625,41.6879,34.382225,37.3716,34.382225,37.7351,31.498849999999997,33.26933333333333,31.498849999999997,35.3993,0,,,,,False,2019,,335,Washington St.,P12,-3.7922,207,-2.4313,-30
Ethan Faulkner,ethan faulkner,2026,351,Youngstown St.,Horz,2,1,0.5454545454545454,-3.3695000000000004,-3.3695000000000004,-3.3695000000000004,-2.8715,-0.9435499999999999,-0.9435499999999999,-0.9435499999999999,-0.4205,-1.4666,0.0,0.0,0.0,-25.5,206.0,199,0.0,0.0,0.0,0.0,0.0,-4.1762,-3.82925,68.344,68.344,68.344,67.2656,128.5,128.5,128.5,187,51.704750000000004,51.704750000000004,51.704750000000004,53.6505,18.202350000000003,18.202350000000003,18.202350000000003,18.8211,29.874000000000002,29.874000000000002,29.874000000000002,30.4392,33.9202,33.9202,33.9202,31.4183,50.5401,50.5401,50.5401,52.27,17.9232,17.9232,17.9232,17.8199,30.9431,30.9431,30.9431,30.7128,35.8788,35.8788,35.8788,35.9564,32.529450000000004,32.529450000000004,32.529450000000004,33.7364,47.830799999999996,47.830799999999996,47.830799999999996,49.4913,34.5034,34.5034,34.5034,35.5124,33.55065,33.55065,33.55065,34.2615,36.3832,36.3832,36.3832,38.4298,27.3121,27.3121,27.3121,27.7624,0,,,,,False,2026,,351,Youngstown St.,Horz,-3.8675,213,-1.4666,-41
Flynn Clayman,flynn clayman,2026,110,High Point,BSth,1,1,0.8611111111111112,9.5201,9.5201,9.5201,9.5201,2.8749,2.8749,2.8749,2.8749,2.8749,1.0,0.0,0.0,18.0,85.0,85,0.0,0.0,1.0,1.0,12.0,-7.853,-9.0325,70.1708,70.1708,70.1708,70.1708,40.0,40.0,40.0,40,54.521,54.521,54.521,54.521,12.8453,12.8453,12.8453,12.8453,31.8258,31.8258,31.8258,31.8258,40.7625,40.7625,40.7625,40.7625,50.4992,50.4992,50.4992,50.4992,21.2539,21.2539,21.2539,21.2539,31.0613,31.0613,31.0613,31.0613,35.5229,35.5229,35.5229,35.5229,34.1928,34.1928,34.1928,34.1928,43.5973,43.5973,43.5973,43.5973,32.6425,32.6425,32.6425,32.6425,40.5675,40.5675,40.5675,40.5675,32.094,32.094,32.094,32.094,31.4738,31.4738,31.4738,31.4738,0,,,,,False,2026,,110,High Point,BSth,9.5201,85,2.8749,18
Fran Dunphy,fran dunphy,2025,138,La Salle,A10,7,2,0.5281385281385281,2.662114285714286,-4.0719,1.1759,9.7163,-0.9874285714285713,-2.3585,-1.5993199999999999,1.4806,-4.6084,0.42857142857142855,0.0,0.0,-16.142857142857142,144.0,69,0.0,0.0,0.42857142857142855,0.2857142857142857,3.7142857142857144,3.462742857142857,0.1899857142857144,67.51882857142857,67.7077,67.92622,68.7839,189.57142857142858,167.0,163.0,106,48.50082857142858,47.90566666666667,48.57266,46.0506,15.685671428571428,15.964033333333333,15.884039999999999,15.5131,28.4761,29.387366666666665,28.536759999999997,30.5331,27.941814285714287,28.167533333333335,28.5126,31.3924,50.03992857142857,51.43203333333333,50.95428,52.5534,17.692285714285713,16.677333333333333,17.86886,16.6755,30.600214285714287,30.2649,30.4697,29.517,31.57097142857143,31.619966666666667,32.0437,29.9635,34.10724285714286,33.822333333333326,33.900259999999996,32.8244,37.78274285714286,36.19053333333333,36.9807,33.1646,33.47958571428571,34.512966666666664,33.769999999999996,33.2497,35.97875714285714,36.40196666666667,36.91022,41.532,33.15882857142857,31.711466666666666,32.08412,28.4392,29.464742857142856,30.055566666666667,30.0219,32.892,0,,,,,False,2025,,138,La Salle,A10,-5.2264,229,-4.6084,-60
Fran McCaffery,fran mccaffery,2026,224,Penn,Ivy,11,2,0.6033057851239669,15.200336363636364,9.566533333333334,13.36172,26.8703,1.2063363636363638,1.7429,1.04494,9.5117,-5.2059,0.6363636363636364,0.2727272727272727,0.09090909090909091,5.454545454545454,52.54545454545455,7,0.36363636363636365,0.5454545454545454,0.9090909090909091,0.6363636363636364,4.818181818181818,9.586381818181819,-3.078563636363637,69.9715909090909,70.23753333333333,69.96358000000001,69.1267,70.9090909090909,54.666666666666664,56.0,84,52.91108181818181,53.32056666666667,52.97966,50.3744,15.352236363636363,14.055133333333332,13.836580000000001,15.317,30.683909090909093,27.514333333333337,29.394780000000004,29.9812,33.39074545454545,30.979933333333335,31.052639999999997,33.9286,51.247454545454545,52.925466666666665,52.351279999999996,52.0739,17.686763636363636,17.216800000000003,17.826060000000002,17.3062,30.07271818181818,31.284066666666664,30.24314,31.3477,27.008872727272728,29.576333333333334,27.76212,27.5,36.752554545454544,37.127766666666666,36.33904,38.2736,36.930099999999996,35.42783333333333,36.6132,35.3687,34.179272727272725,34.15023333333333,34.37624,32.235,37.75141818181818,38.148133333333334,36.609680000000004,39.6591,31.353572727272727,30.713566666666665,31.07736,32.6691,31.85379090909091,30.875799999999998,30.289120000000004,31.2645,0,,,,,False,2026,,224,Penn,Ivy,0.9917,156,9.5117,122
Fran O'Hanlon,fran ohanlon,2022,139,Lafayette,Pat,7,1,0.37055837563451777,-11.863171428571428,-9.464366666666667,-9.96602,-4.9093,-3.414328571428572,-1.8333666666666666,-1.3350199999999999,1.6337,-11.5159,0.2857142857142857,0.0,0.2857142857142857,-22.0,291.7142857142857,228,0.0,0.0,0.0,0.0,0.0,-6.103128571428571,-16.5488,68.02645714285714,66.76796666666667,67.5053,64.7531,170.57142857142858,233.0,196.4,303,51.25711428571429,51.098099999999995,51.83352,50.6231,17.997071428571427,16.4053,17.4283,16.4598,22.141971428571427,23.14793333333333,22.53382,22.3425,27.041385714285713,25.0001,25.650259999999996,20.9496,52.50787142857143,51.17726666666667,52.0219,53.6939,16.053857142857144,15.847633333333334,15.507240000000001,17.2314,28.8192,28.5669,27.934179999999998,30.0103,29.179085714285716,27.226433333333333,27.758499999999998,25.8274,35.332814285714285,34.1355,35.62312,32.7698,41.185042857142854,42.53323333333333,41.98298,45.638,35.69025714285714,34.26193333333333,35.1435,38.0098,36.58825714285714,34.062000000000005,35.22536,36.2293,35.617642857142854,35.99863333333334,36.434000000000005,38.829,31.311742857142857,29.010199999999998,30.14398,32.9873,0,,,,,False,2022,,139,Lafayette,Pat,-14.4064,323,-3.8994,-30
Frank Haith,frank haith,2022,300,Tulsa,Amer,7,1,0.5424528301886793,5.4800571428571425,4.821133333333333,5.084239999999999,11.4973,-1.1564142857142858,-1.2798666666666667,-0.94902,3.4969,-4.3894,0.2857142857142857,0.0,0.0,-19.714285714285715,115.71428571428571,65,0.0,0.0,0.2857142857142857,0.14285714285714285,1.5714285714285714,4.176328571428571,-2.214,67.21785714285714,65.95166666666667,66.78574,66.5137,211.0,271.3333333333333,229.6,214,49.896371428571435,49.37363333333334,50.01118,49.5632,18.962071428571427,19.587999999999997,19.08578,19.0223,27.443471428571428,26.5073,26.947300000000002,26.7051,38.757771428571424,34.6464,37.7836,31.0425,49.0995,49.10909999999999,49.00274,52.1814,19.658014285714284,21.10643333333333,19.75754,20.0764,29.689485714285716,30.065366666666666,29.82006,30.0952,30.821114285714287,30.783266666666666,29.60384,28.9897,33.15974285714286,32.1273,33.043940000000006,34.2488,37.957857142857144,36.63513333333333,37.718039999999995,36.0513,34.16222857142857,33.40423333333333,33.46921999999999,36.2468,42.29407142857143,44.189,44.010859999999994,44.6613,29.69232857142857,28.626733333333334,29.486,30.4452,36.11085714285714,37.022,37.28582,39.0401,0,,,,,False,2022,,300,Tulsa,Amer,-0.2694,171,-4.3894,-38
Frank Martin,frank martin,2026,162,Massachusetts,MAC,11,2,0.5491329479768786,6.772036363636364,0.37003333333333305,1.1466999999999998,20.8043,-0.7418727272727274,1.347133333333333,-0.4238400000000001,11.991,-9.0557,0.36363636363636365,0.18181818181818182,0.18181818181818182,-14.181818181818182,113.45454545454545,24,0.09090909090909091,0.09090909090909091,0.6363636363636364,0.09090909090909091,0.7272727272727273,5.638036363636363,-0.6577727272727274,70.4471909090909,69.56956666666666,69.93266,69.9994,69.0909090909091,76.66666666666667,59.4,48,48.012090909090915,49.606966666666665,48.489979999999996,53.0753,18.691163636363637,16.654533333333333,18.3113,17.8413,33.92064545454545,34.69616666666666,34.42568,33.3039,35.94720909090909,35.61646666666667,33.65908,37.0067,48.970518181818186,50.403533333333336,49.72904,52.8783,20.315190909090912,17.748633333333334,18.79454,16.8095,29.70785454545455,29.108333333333334,29.463299999999997,26.1395,41.018181818181816,39.9196,38.74286,44.5724,32.65833636363636,31.50576666666667,31.72974,35.2174,33.29438181818182,34.220866666666666,33.4108,35.3665,33.21715454545454,33.255266666666664,32.969,32.991,38.89897272727273,40.3316,39.476240000000004,42.7083,27.079090909090908,26.1742,26.465980000000002,28.51,30.40578181818182,31.01993333333333,30.69914,30.571,0,,,,,False,2026,,162,Massachusetts,MAC,-2.7259,198,0.7775,-1
Fred Hoiberg,fred hoiberg,2026,186,Nebraska,B10,7,1,0.4933920704845815,11.421314285714287,20.3707,14.310599999999999,26.5826,1.5375857142857143,6.617333333333334,2.70198,11.3714,-7.6245,0.7142857142857143,0.2857142857142857,0.2857142857142857,-4.142857142857143,85.28571428571429,16,0.14285714285714285,0.42857142857142855,0.5714285714285714,0.2857142857142857,1.7142857142857142,11.917157142857144,-1.6294000000000002,69.48888571428571,67.771,68.29348,66.5284,105.71428571428571,162.0,137.8,233,51.12585714285715,53.58323333333334,52.565639999999995,55.5367,16.81895714285714,15.468166666666667,16.42294,14.4394,24.58742857142857,27.1247,25.35074,26.6724,30.829642857142858,31.432366666666667,31.15736,26.1778,49.73325714285714,48.454033333333335,49.368900000000004,48.1197,17.927914285714284,17.5846,17.739839999999997,18.9411,29.664371428571428,28.7103,29.164980000000003,27.3743,25.86057142857143,26.497666666666664,26.161459999999998,25.1361,33.459671428571426,34.90913333333333,33.85082,35.4563,41.447657142857146,44.637233333333334,41.60046,51.0928,32.90051428571429,32.29946666666667,33.132,30.4734,43.62262857142857,45.8242,44.298500000000004,50.1732,33.70941428571429,35.80243333333333,33.11624,41.5367,36.50247142857143,38.24066666666667,37.45618,40.0432,0,,,,,False,2026,,186,Nebraska,B10,26.5826,16,11.3714,35
G.G. Smith,g g smith,2023,110,High Point,BSth,4,2,0.384,-10.7875,-10.433866666666667,-10.7875,-5.8157,-4.7234750000000005,-3.1608666666666667,-4.7234750000000005,4.6237,-9.4113,0.25,0.0,0.75,-43.5,284.25,227,0.0,0.0,0.0,0.0,0.0,-4.8870000000000005,-1.1127500000000001,68.157825,68.65553333333334,68.157825,71.3699,177.0,152.33333333333334,177.0,20,48.088475,48.2053,48.088475,50.1481,19.82705,20.129333333333335,19.82705,19.5116,31.032474999999998,30.912966666666666,31.032474999999998,30.6754,37.3968,37.07353333333333,37.3968,38.6848,52.328675000000004,52.4312,52.328675000000004,50.755,18.352125,18.790233333333333,18.352125,16.3801,29.31445,28.874,29.31445,32.0327,38.113875,37.18836666666667,38.113875,35.3468,31.7984,32.27206666666667,31.7984,32.2823,32.0561,32.361533333333334,32.0561,39.455,34.96635,34.218700000000005,34.96635,32.5073,35.134425,35.93006666666667,35.134425,38.3669,25.176875,25.86583333333333,25.176875,30.6705,27.996850000000002,28.125600000000002,27.996850000000002,29.8928,0,,,,,False,2023,,110,High Point,BSth,-10.9029,299,-6.7609,-90
Gary Manchel,gary manchel,2026,371,Mercyhurst,NEC,2,1,0.49230769230769234,-14.2366,-14.2366,-14.2366,-10.5785,4.6634,4.6634,4.6634,8.3084,1.0184,1.0,0.5,0.0,44.0,313.5,285,0.0,0.0,0.0,0.0,0.0,-10.1496,-0.79015,64.88499999999999,64.88499999999999,64.88499999999999,64.8536,314.5,314.5,314.5,314,49.05,49.05,49.05,49.4603,15.367550000000001,15.367550000000001,15.367550000000001,14.2886,24.309649999999998,24.309649999999998,24.309649999999998,26.422,28.25125,28.25125,28.25125,25.5801,52.58584999999999,52.58584999999999,52.58584999999999,50.1478,19.47085,19.47085,19.47085,18.6704,31.573700000000002,31.573700000000002,31.573700000000002,29.8959,40.42795,40.42795,40.42795,42.5784,33.9097,33.9097,33.9097,32.1181,33.75735,33.75735,33.75735,31.0847,34.007450000000006,34.007450000000006,34.007450000000006,32.3374,36.74915,36.74915,36.74915,33.6487,28.66695,28.66695,28.66695,25.4121,28.0927,28.0927,28.0927,25.1252,0,,,,,False,2026,,371,Mercyhurst,NEC,-10.5785,285,8.3084,74
Gary Waters,gary waters,2017,52,Cleveland St.,Horz,2,1,0.2857142857142857,-9.273800000000001,-9.273800000000001,-9.273800000000001,-6.6538,-5.7888,-5.7888,-5.7888,-3.0565,-8.5211,0.0,0.0,0.5,-51.0,266.0,242,0.0,0.0,0.0,0.0,0.0,-0.118,3.9874,64.60114999999999,64.60114999999999,64.60114999999999,65.4326,316.5,316.5,316.5,297,45.5655,45.5655,45.5655,46.3119,20.3007,20.3007,20.3007,18.7573,29.12975,29.12975,29.12975,28.8869,30.23105,30.23105,30.23105,29.5608,51.87965,51.87965,51.87965,52.1205,21.11125,21.11125,21.11125,22.3369,32.190400000000004,32.190400000000004,32.190400000000004,32.651,44.19425,44.19425,44.19425,41.7947,31.3485,31.3485,31.3485,30.7132,34.4853,34.4853,34.4853,38.6824,35.4187,35.4187,35.4187,35.2941,35.211349999999996,35.211349999999996,35.211349999999996,35.5255,28.9018,28.9018,28.9018,31.5868,28.0449,28.0449,28.0449,28.3333,0,,,,,False,2017,,52,Cleveland St.,Horz,-6.6538,242,-3.0565,-31
Geno Ford,geno ford,2026,281,Stony Brook,CAA,7,1,0.4703196347031963,-7.358728571428571,-7.389966666666666,-8.63266,-0.6264,-0.27238571428571445,1.125133333333333,-1.1321800000000004,8.0255,-8.0313,0.5714285714285714,0.14285714285714285,0.14285714285714285,6.285714285714286,248.14285714285714,168,0.0,0.0,0.0,0.0,0.0,-3.7605142857142857,-0.09622857142857143,66.70282857142857,66.16520000000001,66.1431,66.3172,220.71428571428572,247.66666666666666,237.0,244,48.545228571428574,49.42263333333333,49.21142,50.2281,18.03985714285714,16.7547,17.084120000000002,16.7974,27.45067142857143,28.0441,26.68542,28.0443,30.386,29.756733333333333,29.274340000000002,28.3922,50.6001,52.22773333333333,51.919579999999996,50.6698,16.550685714285713,15.752066666666666,15.72738,17.1442,29.180228571428568,30.969166666666666,29.98066,32.3529,28.31395714285714,30.410966666666667,28.24606,35.4106,33.13024285714285,34.71113333333333,33.856880000000004,34.8259,40.75461428571429,40.5789,41.22968,45.8381,34.53785714285714,35.5729,34.84064,35.6725,41.48097142857143,41.504533333333335,41.77014,39.8369,33.95758571428571,34.97763333333333,34.7962,39.5853,35.5783,35.23833333333334,35.35526,33.6552,0,,,,,False,2026,,281,Stony Brook,CAA,-5.6752,229,3.3812,60
George Halcovage,george halcovage,2026,33,Buffalo,MAC,3,1,0.3191489361702128,-13.353866666666667,-13.353866666666667,-13.353866666666667,-2.9256,-1.1066333333333331,-1.1066333333333331,-1.1066333333333331,10.7299,-13.0936,0.3333333333333333,0.3333333333333333,0.3333333333333333,13.333333333333334,296.6666666666667,203,0.0,0.0,0.0,0.0,0.0,-3.103066666666667,-1.8505,68.8995,68.8995,68.8995,66.5526,114.33333333333333,114.33333333333333,114.33333333333333,232,50.48473333333333,50.48473333333333,50.48473333333333,55.3518,18.569066666666668,18.569066666666668,18.569066666666668,16.1429,26.7105,26.7105,26.7105,27.1341,32.76303333333333,32.76303333333333,32.76303333333333,39.567,54.4184,54.4184,54.4184,55.0838,16.399366666666666,16.399366666666666,16.399366666666666,17.8062,31.05373333333333,31.05373333333333,31.05373333333333,31.1408,30.426,30.426,30.426,31.3692,31.919566666666668,31.919566666666668,31.919566666666668,37.9128,43.62303333333333,43.62303333333333,43.62303333333333,45.5201,36.22943333333333,36.22943333333333,36.22943333333333,35.0757,37.454033333333335,37.454033333333335,37.454033333333335,41.9988,33.48243333333333,33.48243333333333,33.48243333333333,37.0323,30.979566666666667,30.979566666666667,30.979566666666667,33.1026,0,,,,,False,2026,,33,Buffalo,MAC,-2.9256,203,10.7299,126
George Ivory,george ivory,2026,175,Mississippi Valley St.,SWAC,10,2,0.19745222929936307,-24.90138,-34.722500000000004,-29.565739999999998,-13.1378,-2.56216,-6.2967,-2.82766,5.9407,-15.6725,0.4,0.2,0.5,2.8,348.1,313,0.0,0.0,0.0,0.0,0.0,-5.47293,9.83662,66.12598,65.59333333333333,66.15774,67.0459,259.6,280.0,252.8,201,45.044,43.2583,43.6805,45.1841,23.47979,23.4068,23.24256,21.9141,26.99726,25.640066666666666,26.55312,26.3826,35.30975,32.3975,34.75498,33.881,52.74638,56.33696666666666,55.27244,55.5122,19.39977,16.4326,17.44506,17.0592,34.58659,36.40156666666667,34.765319999999996,35.5301,45.69457,43.57566666666667,41.75532,50.7795,31.10564,29.154433333333333,30.625420000000002,29.4559,32.0874,30.371766666666662,29.643279999999997,30.1983,35.212759999999996,37.305033333333334,37.5418,37.2215,36.827980000000004,39.11536666666667,38.032979999999995,42.4833,26.40811,24.495066666666663,24.43836,23.2823,28.271710000000002,30.378366666666665,30.538819999999998,31.8148,0,,,,,False,2026,,175,Mississippi Valley St.,SWAC,-31.2122,365,2.8689,0
Gerald Gillion,gerald gillion,2024,49,Chicago St.,ind,3,1,0.3263157894736842,-12.753533333333332,-12.753533333333332,-12.753533333333332,-10.1503,9.5432,9.5432,9.5432,13.3558,2.9309,1.0,0.6666666666666666,0.0,37.666666666666664,309.3333333333333,293,0.0,0.0,0.0,0.0,0.0,-1.2000666666666666,-1.6796666666666669,64.82153333333333,64.82153333333333,64.82153333333333,64.5886,303.3333333333333,303.3333333333333,303.3333333333333,331,46.908566666666665,46.908566666666665,46.908566666666665,46.1272,21.157233333333334,21.157233333333334,21.157233333333334,20.0819,32.55876666666666,32.55876666666666,32.55876666666666,32.7148,33.15486666666667,33.15486666666667,33.15486666666667,38.2242,53.55356666666666,53.55356666666666,53.55356666666666,53.6213,18.834133333333334,18.834133333333334,18.834133333333334,21.1688,33.51266666666667,33.51266666666667,33.51266666666667,35.1441,36.7866,36.7866,36.7866,35.9593,31.209733333333332,31.209733333333332,31.209733333333332,29.7445,39.9883,39.9883,39.9883,34.5088,36.3955,36.3955,36.3955,33.3333,36.306999999999995,36.306999999999995,36.306999999999995,35.4511,32.209633333333336,32.209633333333336,32.209633333333336,25.8457,29.8107,29.8107,29.8107,26.8916,0,,,,,False,2024,,49,Chicago St.,ind,-10.1503,295,2.9309,30
Gerry McNamara,gerry mcnamara,2026,259,Siena,MAAC,2,1,0.5522388059701493,-4.312749999999999,-4.312749999999999,-4.312749999999999,-1.0419,4.81045,4.81045,4.81045,6.2495,3.3714,1.0,0.5,0.0,52.5,216.5,180,0.0,0.0,0.0,0.5,8.0,-7.8847000000000005,-4.6228,66.0491,66.0491,66.0491,64.6796,253.0,253.0,253.0,320,49.891549999999995,49.891549999999995,49.891549999999995,50.3852,16.53745,16.53745,16.53745,15.8289,30.305799999999998,30.305799999999998,30.305799999999998,31.8182,35.32945,35.32945,35.32945,33.3847,50.10355,50.10355,50.10355,48.501,17.5689,17.5689,17.5689,16.9817,29.7305,29.7305,29.7305,29.4904,29.4301,29.4301,29.4301,27.4898,31.7033,31.7033,31.7033,30.622,36.05245,36.05245,36.05245,32.2034,33.32245,33.32245,33.32245,32.3454,36.804050000000004,36.804050000000004,36.804050000000004,39.4309,27.2058,27.2058,27.2058,23.3861,30.1903,30.1903,30.1903,32.6823,0,,,,,False,2026,,259,Siena,MAAC,-1.0419,180,3.3714,28
Glenn Braica,glenn braica,2023,275,St. Francis NY,NEC,8,1,0.4008438818565401,-14.5534,-15.501633333333332,-13.58126,-9.5036,-2.0715624999999998,-1.5563,-0.23821999999999993,4.8036,-10.3205,0.375,0.0,0.25,-7.25,312.875,275,0.0,0.0,0.0,0.0,0.0,-8.6532625,-4.2922625,68.2468125,68.37113333333333,68.7521,65.9777,163.0,157.0,135.8,241,46.486775,47.12866666666667,47.251760000000004,45.9381,18.333025,18.438466666666667,18.22526,21.1619,28.8675875,30.1621,28.91592,30.9237,29.908725,28.381866666666667,28.177460000000004,31.1412,50.74955,51.696266666666666,50.694579999999995,50.5145,19.50975,19.447599999999998,19.32354,19.5547,30.6266375,30.6127,29.895159999999997,31.7881,38.2181375,34.37576666666667,35.77494,31.6399,32.0902375,33.6387,32.72744,36.4522,37.6979,33.042633333333335,34.79358,33.0754,35.2415125,37.01933333333333,35.74572,39.6714,30.055125,30.640833333333333,31.20248,27.3955,31.8300125,29.210733333333334,29.846500000000002,31.8208,24.6927625,26.5401,26.26844,26.5167,0,,,,,False,2023,,275,St. Francis NY,NEC,-19.8321,355,-2.8941,-9
Grant Billmeier,grant billmeier,2026,195,NJIT,AE,3,1,0.31521739130434784,-18.0943,-18.0943,-18.0943,-16.8456,-2.7782,-2.7782,-2.7782,1.2136,-5.5524,0.3333333333333333,0.0,0.3333333333333333,-2.3333333333333335,340.0,332,0.0,0.0,0.0,0.0,0.0,-6.2898,-1.8447666666666667,66.96133333333334,66.96133333333334,66.96133333333334,67.8639,211.66666666666666,211.66666666666666,211.66666666666666,155,45.539233333333335,45.539233333333335,45.539233333333335,46.7421,17.16003333333333,17.16003333333333,17.16003333333333,17.0739,27.421533333333333,27.421533333333333,27.421533333333333,26.2381,30.578933333333335,30.578933333333335,30.578933333333335,33.1861,50.794399999999996,50.794399999999996,50.794399999999996,50.0268,15.5503,15.5503,15.5503,16.1995,32.27236666666666,32.27236666666666,32.27236666666666,32.1212,38.71366666666667,38.71366666666667,38.71366666666667,37.8755,30.162000000000003,30.162000000000003,30.162000000000003,30.3989,39.05323333333333,39.05323333333333,39.05323333333333,40.1436,32.7654,32.7654,32.7654,32.3219,37.209,37.209,37.209,40.6652,31.300233333333335,31.300233333333335,31.300233333333335,31.3179,28.469333333333335,28.469333333333335,28.469333333333335,31.1837,0,,,,,False,2026,,195,NJIT,AE,-16.8456,332,1.2136,24
Grant Leonard,grant leonard,2026,367,Queens,ASun,4,1,0.5367647058823529,-4.04775,-4.614466666666666,-4.04775,-1.7686,1.58765,1.2827333333333333,1.58765,5.9142,-5.2746,0.75,0.25,0.25,19.5,217.5,186,0.0,0.0,0.0,0.25,3.75,-3.301825,2.0217,70.250225,70.37313333333333,70.250225,69.6773,57.25,61.666666666666664,57.25,63,52.577574999999996,53.0314,52.577574999999996,56.4352,16.56935,16.2104,16.56935,14.7537,29.697,29.6794,29.697,30.2265,34.7883,34.43116666666666,34.7883,35.4055,53.456725,53.613,53.456725,54.5958,15.526775,15.482633333333334,15.526775,15.1256,29.5967,30.7483,29.5967,33.5593,30.844825,32.646899999999995,30.844825,38.1136,34.657925,34.6145,34.657925,35.6994,43.746475000000004,43.641600000000004,43.746475000000004,46.5274,35.216825,35.17633333333333,35.216825,36.4634,37.4167,37.73616666666667,37.4167,39.461,34.9572,34.666,34.9572,35.7491,30.629,30.467966666666666,30.629,31.4958,0,,,,,False,2026,,367,Queens,ASun,-1.7686,186,3.2086,33
Grant McCasland,grant mccasland,2026,294,Texas Tech,B12,10,3,0.6795252225519288,12.70213,23.235233333333337,19.915119999999998,27.9239,6.471120000000001,2.7449999999999997,4.45938,13.0503,0.2404,1.0,0.6,0.0,58.4,72.5,9,0.2,0.4,0.7,0.5,4.0,4.34856,1.16672,64.31858,66.27793333333334,63.43696,65.9862,288.7,253.0,296.0,263,52.73321,54.47356666666667,53.19956,56.12,18.250049999999998,15.498666666666665,16.97428,15.7959,31.180619999999998,32.557700000000004,32.51326,33.2481,31.85702,30.334233333333334,31.90108,27.673,47.935069999999996,49.0123,47.5734,49.6585,18.570429999999998,16.272833333333335,17.65128,14.8032,27.574450000000002,29.741866666666667,28.604779999999998,30.6139,35.26664,30.662533333333332,32.99524,31.3659,36.262330000000006,37.23523333333333,36.64638,39.0641,40.89275,44.465066666666665,43.42948,47.5568,32.041970000000006,32.232800000000005,31.10966,32.1088,35.449670000000005,36.35413333333333,34.75406,35.8537,34.69151,37.75136666666666,36.83068,42.2133,28.32701,29.371399999999998,27.49722,28.4909,0,,,,,False,2026,,294,Texas Tech,B12,24.4578,20,0.2404,-8
Gravelle Craig,gravelle craig,2017,23,Bethune Cookman,MEAC,2,1,0.375,-17.2051,-17.2051,-17.2051,-13.9649,-1.0227,-1.0227,-1.0227,1.7971,-3.8425,0.5,0.0,0.0,13.0,323.0,306,0.0,0.0,0.0,0.0,0.0,-10.423,-0.5712500000000001,67.3896,67.3896,67.3896,68.2832,216.0,216.0,216.0,177,46.9584,46.9584,46.9584,46.8351,18.08605,18.08605,18.08605,17.6814,31.47985,31.47985,31.47985,30.9425,29.60315,29.60315,29.60315,28.2447,51.385400000000004,51.385400000000004,51.385400000000004,53.1021,18.8016,18.8016,18.8016,19.5941,35.77835,35.77835,35.77835,35.8614,37.25,37.25,37.25,39.9887,31.6769,31.6769,31.6769,32.2727,38.1202,38.1202,38.1202,35.1064,34.11665,34.11665,34.11665,33.5938,35.6631,35.6631,35.6631,36.097,31.77845,31.77845,31.77845,30.2557,28.55655,28.55655,28.55655,27.3421,0,,,,,False,2017,,23,Bethune Cookman,MEAC,-20.4453,340,-3.8425,-7
Greg Gard,greg gard,2026,345,Wisconsin,B10,11,1,0.6472148541114059,19.215572727272725,23.23733333333333,19.575499999999998,26.5678,0.5562909090909091,4.281833333333334,2.1338,11.396,-6.9403,0.45454545454545453,0.09090909090909091,0.09090909090909091,-2.3636363636363638,30.09090909090909,12,0.6363636363636364,0.8181818181818182,1.0,0.8181818181818182,4.454545454545454,12.254272727272728,1.3177454545454546,64.91132727272726,67.4628,66.49969999999999,68.8907,284.6363636363636,184.33333333333334,221.0,100,50.85866363636364,53.49073333333334,51.30456,54.468,14.787,13.9024,13.610560000000001,12.8231,27.79562727272727,29.114066666666663,27.19146,29.116,30.989363636363635,33.160266666666665,31.377339999999997,31.5062,48.810781818181816,50.49386666666667,50.12518,51.3545,17.178463636363634,15.229233333333333,16.20324,14.2932,26.12751818181818,26.4482,25.735000000000003,28.2238,28.860036363636365,30.454633333333334,29.21102,29.8459,34.77490909090909,35.277,34.12702,36.1627,39.95104545454546,45.25823333333333,42.41352,52.0958,34.174963636363636,34.549533333333336,33.55308,33.4483,34.36622727272727,37.99326666666666,36.84552,40.6352,33.52960909090909,35.955999999999996,34.3613,42.2521,29.760509090909093,31.93936666666667,30.63772,32.7703,0,,,,,False,2026,,345,Wisconsin,B10,23.0859,23,1.3994,-3
Greg Gary,greg gary,2024,165,Mercer,SC,5,1,0.50625,-1.95996,-3.5391666666666666,-1.95996,3.4263,0.4295,-1.0634,0.4295,6.2353,-4.88,0.4,0.2,0.0,0.4,192.8,131,0.0,0.0,0.0,0.0,0.0,-0.79742,-1.2972000000000001,66.21368,65.08066666666667,66.21368,66.1581,256.4,298.0,256.4,268,51.478840000000005,50.689166666666665,51.478840000000005,50.1122,18.41944,17.690233333333335,18.41944,16.6007,28.45084,28.549466666666664,28.45084,30.5607,27.36452,28.5324,27.36452,27.6094,50.5627,51.020100000000006,50.5627,51.2312,17.13252,17.0594,17.13252,17.9347,27.736200000000004,28.5939,27.736200000000004,31.1377,33.16698,34.4578,33.16698,38.8589,35.0523,34.46366666666666,35.0523,35.3818,35.7394,34.36236666666667,35.7394,30.1347,33.1437,34.1257,33.1437,34.2577,38.27066,37.63993333333333,38.27066,36.8168,30.63034,29.10976666666667,30.63034,26.9886,30.5296,30.38433333333333,30.5296,28.9655,0,,,,,False,2024,,165,Mercer,SC,-3.9392,209,2.3271,38
Greg Heiar,greg heiar,2023,191,New Mexico St.,WAC,1,1,0.375,-1.1576,-1.1576,-1.1576,-1.1576,-3.3385,-3.3385,-3.3385,-3.3385,-3.3385,0.0,0.0,0.0,-50.0,187.0,187,0.0,0.0,0.0,0.0,0.0,3.6605,3.9154,69.13,69.13,69.13,69.13,77.0,77.0,77.0,77,50.1658,50.1658,50.1658,50.1658,18.3466,18.3466,18.3466,18.3466,27.027,27.027,27.027,27.027,34.743,34.743,34.743,34.743,53.6472,53.6472,53.6472,53.6472,19.0886,19.0886,19.0886,19.0886,26.5786,26.5786,26.5786,26.5786,36.9805,36.9805,36.9805,36.9805,35.0797,35.0797,35.0797,35.0797,36.4013,36.4013,36.4013,36.4013,36.7537,36.7537,36.7537,36.7537,45.4623,45.4623,45.4623,45.4623,30.8824,30.8824,30.8824,30.8824,37.4051,37.4051,37.4051,37.4051,0,,,,,False,2023,,191,New Mexico St.,WAC,-1.1576,187,-3.3385,-50
Greg Herenda,greg herenda,2022,84,Fairleigh Dickinson,NEC,7,1,0.41626794258373206,-10.873957142857142,-14.106666666666667,-11.33976,-4.2227,-2.1015142857142854,-5.005,-2.90828,3.1736,-6.3637,0.2857142857142857,0.0,0.14285714285714285,-8.714285714285714,280.7142857142857,211,0.0,0.0,0.0,0.2857142857142857,4.571428571428571,-6.362214285714286,3.485357142857143,69.56994285714286,69.71726666666666,69.28790000000001,69.6149,101.57142857142857,88.0,110.6,54,50.57617142857142,49.7773,50.67922,46.3666,18.987257142857143,19.137533333333334,19.26952,19.3783,28.37514285714286,27.674533333333333,28.561239999999998,27.8064,32.07778571428572,29.5676,31.0306,27.7814,52.44697142857143,53.1183,52.58239999999999,53.8339,19.36547142857143,18.518066666666666,19.02362,18.1875,33.907828571428574,33.02213333333333,33.46832,34.1842,36.58784285714285,33.30683333333334,33.04948,34.1214,35.52405714285714,35.18096666666667,35.92182,32.3636,34.978142857142856,35.86993333333333,35.25636,35.3698,34.90837142857143,34.41426666666666,34.9126,35.0909,37.39822857142857,37.82066666666666,38.017219999999995,35.1438,29.9483,31.361433333333334,30.694619999999997,30.5492,30.019957142857145,30.17676666666667,30.985040000000005,28.1341,0,,,,,False,2022,,84,Fairleigh Dickinson,NEC,-19.6997,345,-4.3717,-18
Greg Kampe,greg kampe,2026,214,Oakland,Horz,11,1,0.5439560439560439,-0.4874181818181818,1.0232,-1.4216,9.5971,2.191690909090909,5.130866666666667,2.4863999999999997,11.6855,-6.4481,0.6363636363636364,0.2727272727272727,0.09090909090909091,20.818181818181817,176.0909090909091,79,0.0,0.0,0.09090909090909091,0.09090909090909091,1.9090909090909092,-1.8369818181818183,6.997245454545455,68.76534545454545,66.81476666666667,67.2257,69.8772,140.0,212.66666666666666,184.6,53,50.93248181818182,51.591100000000004,50.607060000000004,52.7027,17.24711818181818,16.203266666666668,16.35274,14.6968,29.40177272727273,31.926566666666663,30.139879999999998,31.29,35.220127272727275,33.52146666666667,33.246860000000005,38.1028,51.47911818181819,52.2763,52.36508,54.71,17.483981818181817,15.806766666666666,17.32274,15.0597,31.413527272727276,31.97496666666667,32.412940000000006,34.4029,26.1114,26.4601,24.68702,24.591,33.630945454545454,33.62096666666667,32.219319999999996,34.7352,39.49418181818182,39.212066666666665,39.81136,34.0223,34.74916363636363,34.70693333333333,34.50872,34.323,38.67687272727273,41.22143333333333,41.06738,41.7452,31.048472727272728,30.948700000000002,30.426280000000002,26.4531,33.06494545454546,34.64046666666667,34.56354,33.7748,0,,,,,False,2026,,214,Oakland,Horz,0.253,168,3.7517,28
Greg Lansing,greg lansing,2021,123,Indiana St.,MVC,6,1,0.48333333333333334,0.9046333333333333,1.9830333333333332,1.1595599999999997,5.3485,0.9939666666666666,0.8021333333333333,1.39132,5.8362,-5.2927,0.5,0.16666666666666666,0.16666666666666666,4.666666666666667,159.0,119,0.0,0.0,0.0,0.0,0.0,2.686616666666666,3.2604,68.66841666666666,67.40006666666666,68.3689,66.8624,145.33333333333334,206.66666666666666,158.6,244,48.52798333333334,49.71503333333334,49.285019999999996,48.8592,18.3787,17.955533333333335,18.339100000000002,18.3287,24.981650000000002,24.176466666666666,24.5174,25.2229,35.13585,34.806533333333334,33.85324,36.3493,50.00993333333333,51.20493333333334,50.571960000000004,51.4752,19.246983333333333,20.06126666666667,19.52674,21.7299,26.5324,26.8719,26.68332,27.6843,38.106316666666665,33.26283333333333,36.94006,28.2609,34.415150000000004,35.61813333333333,35.31604,33.8028,35.9548,32.1183,35.54824,33.5169,34.032149999999994,32.8773,34.35872,33.1288,35.315133333333335,37.04273333333333,35.784620000000004,37.9658,30.37315,27.498500000000003,30.691219999999998,27.3072,28.36831666666667,29.045066666666667,28.90784,30.779,0,,,,,False,2021,,123,Indiana St.,MVC,5.3485,119,3.0705,16
Greg McDermott,greg mcdermott,2026,62,Creighton,BE,11,1,0.649867374005305,17.817427272727272,18.212166666666665,18.04752,24.2152,0.791390909090909,-2.7555,-1.26228,9.1003,-6.767,0.5454545454545454,0.09090909090909091,0.09090909090909091,1.2727272727272727,33.72727272727273,11,0.36363636363636365,0.8181818181818182,1.0,0.7272727272727273,4.909090909090909,10.267327272727274,1.4437909090909091,68.64469090909091,67.411,67.4472,68.0444,136.45454545454547,187.33333333333334,176.6,141,55.142518181818176,55.47553333333334,54.25586,52.9955,16.891345454545455,16.5574,17.343439999999998,16.389,25.483154545454546,26.470200000000002,26.610860000000002,26.8606,28.365345454545455,27.191933333333335,27.334500000000002,28.3075,48.53164545454545,48.18736666666666,47.31726,51.0753,15.718454545454547,12.097366666666668,13.129320000000002,13.7002,27.196436363636362,27.196299999999997,26.719959999999997,29.4636,23.90149090909091,19.3197,19.692320000000002,24.7779,36.038163636363635,35.13303333333334,34.3129,34.0933,43.43303636363636,48.50946666666667,45.064479999999996,48.1777,33.170063636363636,33.33273333333333,33.04628,35.1312,34.794118181818185,31.744433333333333,31.59578,32.0711,35.83138181818182,38.8542,35.9022,38.615,30.320336363636365,28.759033333333335,28.74702,28.2753,0,,,,,False,2026,,62,Creighton,BE,10.9828,76,-6.767,-35
Greg Paulus,greg paulus,2026,193,Niagara,MAAC,7,1,0.4174757281553398,-9.790700000000001,-13.508566666666667,-9.85632,-1.4664,0.09670000000000005,-1.8553,-0.42255999999999994,5.8886,-3.5902,0.2857142857142857,0.14285714285714285,0.0,7.714285714285714,275.7142857142857,190,0.0,0.0,0.0,0.0,0.0,-5.488914285714286,-0.8038000000000001,64.67814285714286,64.95693333333334,64.45102,62.1666,305.42857142857144,284.0,304.0,365,50.06008571428571,51.51466666666666,50.82258,50.4912,17.316285714285716,18.329866666666664,18.05912,18.9411,23.241385714285716,23.992766666666668,24.30744,24.7536,30.004742857142855,30.994533333333333,30.21732,26.5881,51.197514285714284,52.696799999999996,51.22315999999999,52.8236,17.835842857142858,16.625433333333334,16.80772,16.6007,29.54481428571429,28.990933333333334,28.51988,32.9322,30.951642857142854,31.4211,31.30674,33.7563,34.39758571428571,34.8288,34.45488,33.657,37.053628571428575,38.3482,37.11542,40.4715,35.17427142857143,35.69566666666667,35.342020000000005,35.3218,36.524728571428575,35.48206666666667,34.64872,40.4188,31.34537142857143,31.858666666666664,31.00758,34.0055,30.74261428571429,29.3796,29.143,32.4675,0,,,,,False,2026,,193,Niagara,MAAC,-18.2296,337,-3.5902,0
Greg Young,greg young,2023,317,UT Arlington,WAC,2,1,0.36065573770491804,-5.18685,-5.18685,-5.18685,-4.2802,2.84265,2.84265,2.84265,3.3778,2.3075,1.0,0.0,0.0,34.5,231.5,222,0.0,0.0,0.0,0.0,0.0,1.91365,7.3525,65.4415,65.4415,65.4415,65.73,270.5,270.5,270.5,260,45.77635,45.77635,45.77635,45.8741,20.6642,20.6642,20.6642,21.0736,31.63815,31.63815,31.63815,32.729,29.70605,29.70605,29.70605,29.7066,50.61815,50.61815,50.61815,51.8856,20.1982,20.1982,20.1982,20.1416,31.27515,31.27515,31.27515,30.8026,35.934799999999996,35.934799999999996,35.934799999999996,39.5319,31.42475,31.42475,31.42475,31.8662,34.612899999999996,34.612899999999996,34.612899999999996,34.7188,36.330799999999996,36.330799999999996,36.330799999999996,37.1134,38.46615,38.46615,38.46615,37.8414,29.2155,29.2155,29.2155,29.7861,33.115899999999996,33.115899999999996,33.115899999999996,31.9369,0,,,,,False,2023,,317,UT Arlington,WAC,-6.0935,241,2.3075,30
Gregg Marshall,gregg marshall,2020,342,Wichita St.,Amer,5,1,0.7383720930232558,18.59808,14.770733333333334,18.59808,26.1436,2.51884,-1.2334333333333334,2.51884,10.8916,-6.4542,0.8,0.4,0.2,8.0,29.4,8,0.6,0.8,1.0,0.8,8.4,4.25218,1.89906,68.07118,68.79546666666667,68.07118,69.5498,174.4,135.0,174.4,101,50.41582,49.693266666666666,50.41582,47.1179,16.58212,17.30176666666667,16.58212,17.9383,33.10478,33.2227,33.10478,31.7487,35.00654,32.4493,35.00654,33.7388,45.98974,47.13093333333333,45.98974,44.3666,19.309820000000002,17.962233333333334,19.309820000000002,20.0221,24.2796,24.54686666666667,24.2796,24.1007,38.210879999999996,36.803066666666666,38.210879999999996,38.3538,34.89064,33.975433333333335,34.89064,32.7957,38.46024,39.2015,38.46024,39.3443,32.67426,33.17076666666667,32.67426,30.1824,37.70182,37.61596666666667,37.70182,35.2014,31.84646,32.520199999999996,31.84646,32.8693,31.12888,31.2056,31.12888,27.6176,0,,,,,False,2020,,342,Wichita St.,Amer,15.1892,39,2.6302,23
Gregg Nibert,gregg nibert,2017,231,Presbyterian,BSth,2,1,0.26229508196721313,-22.893349999999998,-22.893349999999998,-22.893349999999998,-16.5837,-5.7538,-5.7538,-5.7538,-3.1512,-8.3564,0.0,0.0,0.5,0.5,339.0,328,0.0,0.0,0.0,0.0,0.0,-4.7655,0.34534999999999993,65.6796,65.6796,65.6796,64.1403,272.5,272.5,272.5,322,46.438950000000006,46.438950000000006,46.438950000000006,45.5459,22.1764,22.1764,22.1764,23.3147,27.4791,27.4791,27.4791,28.9855,31.28895,31.28895,31.28895,27.7294,54.281,54.281,54.281,56.0636,17.8949,17.8949,17.8949,16.8868,31.609,31.609,31.609,31.8889,37.731399999999994,37.731399999999994,37.731399999999994,36.7056,32.21595,32.21595,32.21595,33.61,30.5689,30.5689,30.5689,32.284,36.906400000000005,36.906400000000005,36.906400000000005,39.5745,44.0963,44.0963,44.0963,45.7198,25.9831,25.9831,25.9831,29.6522,36.2208,36.2208,36.2208,39.2221,0,,,,,False,2017,,231,Presbyterian,BSth,-29.203,350,-8.3564,-2
Griff Aldrich,griff aldrich,2025,146,Longwood,BSth,7,1,0.5594713656387665,-4.323328571428571,-1.1674333333333333,-1.7226,2.2218,3.4331285714285715,1.3850666666666667,3.9141199999999996,8.7518,-3.2277,0.7142857142857143,0.5714285714285714,0.0,39.714285714285715,215.28571428571428,145,0.0,0.0,0.0,0.2857142857142857,4.285714285714286,-5.8704285714285716,-5.715642857142858,66.88218571428571,67.30483333333333,66.62074,69.2152,216.71428571428572,187.33333333333334,223.0,81,50.340914285714284,50.2283,50.3709,51.3126,18.921514285714288,18.084466666666668,18.55406,18.0051,29.86977142857143,33.60086666666667,32.42184,32.1212,35.91777142857143,39.48693333333333,37.063159999999996,45.4212,52.02585714285714,52.99613333333334,52.42442,55.9449,20.00962857142857,20.598866666666666,20.467,20.6543,26.359514285714287,27.48483333333333,26.8375,29.6417,33.80515714285714,35.979800000000004,33.59008,38.2353,34.92691428571429,33.71873333333333,34.80458,32.9137,39.027928571428575,33.17196666666667,34.86612,33.9438,33.67547142857143,34.5021,33.292320000000004,33.6842,43.42617142857143,41.056000000000004,42.25764,41.6145,32.556,26.1553,28.77328,24.7297,34.21194285714286,32.4214,32.7572,30.4348,0,,,,,False,2025,,146,Longwood,BSth,-3.8988,210,-1.1454,-18
Gus Argenal,gus argenal,2026,304,UC Riverside,BW,1,1,0.3125,-7.9552,-7.9552,-7.9552,-7.9552,0.5153,0.5153,0.5153,0.5153,0.5153,1.0,0.0,0.0,16.0,261.0,261,0.0,0.0,0.0,0.0,0.0,1.0418,6.053,68.4974,68.4974,68.4974,68.4974,119.0,119.0,119.0,119,48.9337,48.9337,48.9337,48.9337,19.0466,19.0466,19.0466,19.0466,27.7674,27.7674,27.7674,27.7674,35.0432,35.0432,35.0432,35.0432,52.6584,52.6584,52.6584,52.6584,15.4812,15.4812,15.4812,15.4812,30.0,30.0,30.0,30.0,40.8937,40.8937,40.8937,40.8937,31.5789,31.5789,31.5789,31.5789,38.3285,38.3285,38.3285,38.3285,33.5116,33.5116,33.5116,33.5116,31.7308,31.7308,31.7308,31.7308,29.316,29.316,29.316,29.316,23.7674,23.7674,23.7674,23.7674,0,,,,,False,2026,,304,UC Riverside,BW,-7.9552,261,0.5153,16
Hank Plona,hank plona,2026,340,Western Kentucky,CUSA,2,1,0.546875,0.2538,0.2538,0.2538,0.2938,-0.4634999999999999,-0.4634999999999999,-0.4634999999999999,1.6672,-2.5942,0.5,0.0,0.0,-16.0,164.0,161,0.0,0.0,0.0,0.0,0.0,0.66075,1.73345,70.90025,70.90025,70.90025,69.891,32.5,32.5,32.5,52,47.67775,47.67775,47.67775,47.4906,15.018550000000001,15.018550000000001,15.018550000000001,14.4944,27.644550000000002,27.644550000000002,27.644550000000002,31.7647,36.669250000000005,36.669250000000005,36.669250000000005,41.2304,49.2629,49.2629,49.2629,51.1662,17.099400000000003,17.099400000000003,17.099400000000003,17.1975,28.81015,28.81015,28.81015,29.5247,43.70015,43.70015,43.70015,46.8222,32.5614,32.5614,32.5614,33.3789,39.5626,39.5626,39.5626,39.4495,32.38805,32.38805,32.38805,34.2975,43.233999999999995,43.233999999999995,43.233999999999995,42.3324,31.540750000000003,31.540750000000003,31.540750000000003,31.3088,32.3381,32.3381,32.3381,32.3377,0,,,,,False,2026,,340,Western Kentucky,CUSA,0.2938,167,1.6672,-3
Heath Schroyer,heath schroyer,2021,163,McNeese St.,Slnd,4,2,0.4426229508196721,-12.27425,-14.945866666666667,-12.27425,-4.2594,-0.6759,-1.0351666666666668,-0.6759,4.2628,-5.6443,0.5,0.0,0.25,14.0,289.0,209,0.0,0.0,0.0,0.0,0.0,-6.646325,4.15845,67.57395,67.90266666666666,67.57395,68.452,198.0,179.66666666666666,198.0,156,52.0693,52.58853333333334,52.0693,53.1469,21.3001,22.34353333333333,21.3001,23.0256,29.075125,28.944100000000002,29.075125,27.0408,35.187574999999995,35.0338,35.187574999999995,30.6693,52.82705,53.50253333333333,52.82705,54.731,17.4962,17.643666666666665,17.4962,17.6582,30.2694,30.52586666666667,30.2694,28.135,29.881175,29.855333333333334,29.881175,30.705,34.94225,35.12703333333334,34.94225,37.1585,36.013725,34.96856666666667,36.013725,36.5634,36.672625,37.6166,36.672625,39.0,40.31505,39.049533333333336,40.31505,37.1058,29.257375,28.367,29.257375,31.8253,34.790575000000004,34.22926666666667,34.790575000000004,33.2859,0,,,,,False,2021,,163,McNeese St.,Slnd,-18.7743,340,-5.6443,-17
Herb Sendek,herb sendek,2026,255,Santa Clara,WCC,10,1,0.5917721518987342,5.317069999999999,13.019533333333333,11.860899999999999,19.0188,1.7383399999999998,7.587633333333333,6.4257599999999995,12.9109,-12.9443,0.7,0.3,0.1,6.2,125.1,38,0.0,0.1,0.4,0.1,1.0,2.08367,-2.14368,68.35959,69.173,69.62702,69.1486,135.7,83.66666666666667,64.6,83,52.21144,54.24903333333333,53.93185999999999,54.4465,17.40577,16.803833333333333,16.7919,15.4401,26.71434,34.4074,31.35516,36.401,30.755110000000002,28.5223,28.746339999999996,25.4991,50.27838,49.9698,49.83398,52.0085,17.41526,17.0001,16.830000000000002,19.9118,26.674919999999997,28.2821,27.09656,32.0856,32.01719,34.26096666666667,29.87446,38.1607,35.61515,35.87016666666667,36.6002,34.9142,39.4151,43.281666666666666,39.6429,44.9637,34.29521,32.009366666666665,33.36364,33.0578,35.246210000000005,38.356,37.30538,38.3721,33.400729999999996,36.074733333333334,33.72018,36.8346,29.258519999999997,29.563766666666666,30.74156,28.8115,0,,,,,False,2026,,255,Santa Clara,WCC,19.0188,38,12.9109,67
Horace Broadnax,horace broadnax,2019,256,Savannah St.,MEAC,4,1,0.4435483870967742,-15.996575,-15.713700000000001,-15.996575,-13.5508,1.48625,2.0285333333333333,1.48625,4.2377,-0.1406,0.5,0.0,0.0,13.0,326.5,317,0.0,0.0,0.0,0.0,0.0,-9.3735,6.9182749999999995,76.010975,79.39386666666667,76.010975,74.9006,72.5,1.6666666666666667,72.5,3,47.68665,48.53293333333334,47.68665,48.023,19.055125,18.117166666666666,19.055125,19.8995,27.0355,27.445166666666665,27.0355,28.0431,31.674274999999998,28.950433333333333,31.674274999999998,25.1752,53.18045,54.42106666666666,53.18045,53.7936,20.405175,19.802066666666665,20.405175,19.3004,34.24335,35.4014,34.24335,34.645,34.210725000000004,31.941266666666667,34.210725000000004,33.2828,30.582575,30.40516666666667,30.582575,29.2281,52.294525,56.85113333333334,52.294525,57.7077,34.77295,34.9803,34.77295,36.125,38.73705,40.39673333333334,38.73705,40.4654,41.093875,44.5284,41.093875,44.8337,30.892425,32.256033333333335,30.892425,33.359,0,,,,,False,2019,,256,Savannah St.,MEAC,-19.4493,340,-0.0292,5
Houston Fancher,houston fancher,2018,47,Charlotte,CUSA,1,1,0.20689655172413793,-12.8062,-12.8062,-12.8062,-12.8062,-9.8385,-9.8385,-9.8385,-9.8385,-9.8385,0.0,0.0,1.0,-109.0,308.0,308,0.0,0.0,0.0,0.0,0.0,0.165,-3.2065,71.1772,71.1772,71.1772,71.1772,48.0,48.0,48.0,48,48.3408,48.3408,48.3408,48.3408,20.6,20.6,20.6,20.6,26.2312,26.2312,26.2312,26.2312,38.8641,38.8641,38.8641,38.8641,54.7198,54.7198,54.7198,54.7198,17.5794,17.5794,17.5794,17.5794,28.8083,28.8083,28.8083,28.8083,31.7404,31.7404,31.7404,31.7404,34.5656,34.5656,34.5656,34.5656,34.5246,34.5246,34.5246,34.5246,37.0675,37.0675,37.0675,37.0675,35.8112,35.8112,35.8112,35.8112,28.7692,28.7692,28.7692,28.7692,30.1205,30.1205,30.1205,30.1205,0,,,,,False,2018,,47,Charlotte,CUSA,-12.8062,308,-9.8385,-109
Howie Dickenman,howie dickenman,2016,44,Central Connecticut,NEC,1,1,0.13793103448275862,-26.7941,-26.7941,-26.7941,-26.7941,-11.0067,-11.0067,-11.0067,-11.0067,-11.0067,0.0,0.0,1.0,-11.0,351.0,351,0.0,0.0,0.0,0.0,0.0,-10.546,-6.7453,67.0215,67.0215,67.0215,67.0215,235.0,235.0,235.0,235,44.8884,44.8884,44.8884,44.8884,19.8803,19.8803,19.8803,19.8803,29.8308,29.8308,29.8308,29.8308,31.1398,31.1398,31.1398,31.1398,53.3221,53.3221,53.3221,53.3221,14.8361,14.8361,14.8361,14.8361,30.2144,30.2144,30.2144,30.2144,30.518,30.518,30.518,30.518,34.3096,34.3096,34.3096,34.3096,28.0846,28.0846,28.0846,28.0846,35.7388,35.7388,35.7388,35.7388,32.7703,32.7703,32.7703,32.7703,26.0593,26.0593,26.0593,26.0593,27.5132,27.5132,27.5132,27.5132,0,,,,,False,2016,,44,Central Connecticut,NEC,-26.7941,351,-11.0067,-11
Hubert Davis,hubert davis,2026,197,North Carolina,ACC,5,1,0.6983240223463687,20.35596,22.212166666666665,20.35596,26.1893,-0.07434000000000003,1.5540000000000003,-0.07434000000000003,5.5372,-9.0495,0.6,0.2,0.2,-3.4,26.2,9,0.4,1.0,1.0,0.8,5.2,10.690000000000001,6.4004199999999996,69.67022,69.76673333333333,69.67022,67.9592,71.8,73.66666666666667,71.8,146,52.121500000000005,53.30336666666667,52.121500000000005,54.3003,14.94862,14.361066666666666,14.94862,13.9177,31.114179999999998,31.08836666666667,31.114179999999998,31.1734,35.08146,36.03293333333334,35.08146,37.0992,48.39364,48.205600000000004,48.39364,48.3453,14.42704,14.5739,14.42704,13.6104,24.64614,26.126266666666666,24.64614,27.7733,26.058100000000003,27.528433333333336,26.058100000000003,23.8369,34.528859999999995,35.225966666666665,34.528859999999995,34.2169,38.23234,38.5104,38.23234,42.2392,33.3899,33.4236,33.3899,34.715,35.84934,36.992333333333335,35.84934,37.0264,30.42142,30.597933333333334,30.42142,32.3831,31.085079999999998,31.878566666666668,31.085079999999998,34.0102,0,,,,,False,2026,,197,North Carolina,ACC,20.1146,32,0.8731,1
Isaac Brown,isaac brown,2023,342,Wichita St.,Amer,3,1,0.5853658536585366,8.9339,8.9339,8.9339,12.3017,-1.1417666666666668,-1.1417666666666668,-1.1417666666666668,4.7077,-5.0067,0.3333333333333333,0.0,0.3333333333333333,-7.333333333333333,88.0,68,0.0,0.0,0.6666666666666666,0.3333333333333333,3.6666666666666665,5.832599999999999,4.331566666666666,66.70696666666667,66.70696666666667,66.70696666666667,66.137,219.0,219.0,219.0,230,48.1667,48.1667,48.1667,50.7341,17.539,17.539,17.539,18.2053,30.3836,30.3836,30.3836,29.1045,33.58226666666666,33.58226666666666,33.58226666666666,30.832,47.23543333333333,47.23543333333333,47.23543333333333,47.4625,18.4269,18.4269,18.4269,16.9341,29.942866666666664,29.942866666666664,29.942866666666664,28.1857,28.5089,28.5089,28.5089,25.9451,31.97876666666667,31.97876666666667,31.97876666666667,30.9489,39.783966666666664,39.783966666666664,39.783966666666664,37.2485,32.0935,32.0935,32.0935,33.6294,38.54966666666667,38.54966666666667,38.54966666666667,40.8079,31.7623,31.7623,31.7623,27.993,32.47823333333333,32.47823333333333,32.47823333333333,36.2848,0,,,,,False,2023,,342,Wichita St.,Amer,6.3877,102,-3.1263,-19
Ivan Thomas,ivan thomas,2026,106,Hampton,CAA,2,1,0.46153846153846156,-6.8176,-6.8176,-6.8176,-4.2934,1.74965,1.74965,1.74965,7.5041,-4.0048,0.5,0.5,0.0,26.0,243.5,215,0.0,0.0,0.0,0.0,0.0,-3.42765,-3.8752500000000003,65.55005,65.55005,65.55005,65.3815,286.5,286.5,286.5,291,46.6004,46.6004,46.6004,45.6841,16.49845,16.49845,16.49845,17.0372,33.4367,33.4367,33.4367,32.8841,34.7352,34.7352,34.7352,39.2249,52.289100000000005,52.289100000000005,52.289100000000005,52.0075,18.008499999999998,18.008499999999998,18.008499999999998,17.1875,29.3525,29.3525,29.3525,30.0412,45.03005,45.03005,45.03005,46.4868,30.60695,30.60695,30.60695,28.8431,36.88555,36.88555,36.88555,37.0523,33.13115,33.13115,33.13115,32.0896,34.67935,34.67935,34.67935,33.6261,28.6914,28.6914,28.6914,26.7647,25.3523,25.3523,25.3523,23.8558,0,,,,,False,2026,,106,Hampton,CAA,-9.3418,272,-4.0048,-46
JP Piper,jp piper,2016,194,Nicholls St.,Slnd,1,1,0.3235294117647059,-16.7519,-16.7519,-16.7519,-16.7519,-6.4651,-6.4651,-6.4651,-6.4651,-6.4651,0.0,0.0,1.0,-20.0,331.0,331,0.0,0.0,0.0,0.0,0.0,-4.7489,11.4561,68.3549,68.3549,68.3549,68.3549,152.0,152.0,152.0,152,47.1403,47.1403,47.1403,47.1403,22.0325,22.0325,22.0325,22.0325,24.9556,24.9556,24.9556,24.9556,40.3892,40.3892,40.3892,40.3892,50.7821,50.7821,50.7821,50.7821,18.2105,18.2105,18.2105,18.2105,34.5102,34.5102,34.5102,34.5102,39.698,39.698,39.698,39.698,30.8544,30.8544,30.8544,30.8544,37.2642,37.2642,37.2642,37.2642,35.9191,35.9191,35.9191,35.9191,31.9849,31.9849,31.9849,31.9849,28.5505,28.5505,28.5505,28.5505,26.5807,26.5807,26.5807,26.5807,0,,,,,False,2016,,194,Nicholls St.,Slnd,-16.7519,331,-6.4651,-20
Jack Castleberry,jack castleberry,2026,84,Fairleigh Dickinson,NEC,3,1,0.4020618556701031,-15.1305,-15.1305,-15.1305,-12.4964,-0.1784000000000002,-0.1784000000000002,-0.1784000000000002,4.7982,-3.7595,0.3333333333333333,0.0,0.0,14.0,323.0,306,0.0,0.0,0.0,0.0,0.0,-8.607866666666666,1.0594333333333334,68.50786666666666,68.50786666666666,68.50786666666666,63.9203,142.33333333333334,142.33333333333334,142.33333333333334,340,47.763733333333334,47.763733333333334,47.763733333333334,47.1429,17.46936666666667,17.46936666666667,17.46936666666667,18.1464,28.543466666666664,28.543466666666664,28.543466666666664,31.9578,33.279666666666664,33.279666666666664,33.279666666666664,32.795,52.85056666666667,52.85056666666667,52.85056666666667,55.1713,17.663033333333335,17.663033333333335,17.663033333333335,16.1123,30.262266666666665,30.262266666666665,30.262266666666665,27.3438,32.898500000000006,32.898500000000006,32.898500000000006,36.2637,31.408133333333335,31.408133333333335,31.408133333333335,30.2613,41.98533333333333,41.98533333333333,41.98533333333333,45.1553,34.6054,34.6054,34.6054,37.799,38.8707,38.8707,38.8707,40.5301,33.22456666666667,33.22456666666667,33.22456666666667,34.9576,31.248633333333334,31.248633333333334,31.248633333333334,33.7447,0,,,,,False,2026,,84,Fairleigh Dickinson,NEC,-17.5862,336,-1.5739,13
Jack Murphy,jack murphy,2019,206,Northern Arizona,BSky,4,1,0.232,-15.945725,-14.376433333333333,-15.945725,-11.8313,-3.6306,1.1886666666666668,-3.6306,1.9976,-18.0884,0.75,0.0,0.25,-27.25,324.25,304,0.0,0.0,0.0,0.0,0.0,-3.66375,2.6474,69.16325,68.78263333333332,69.16325,68.5028,116.5,131.33333333333334,116.5,130,46.779275,47.303733333333334,46.779275,50.2749,19.366075,19.80313333333333,19.366075,17.0037,26.622925000000002,28.052066666666665,26.622925000000002,25.8179,36.41315,36.524633333333334,36.41315,33.7548,54.82595,54.3698,54.82595,54.9537,17.446175,17.42363333333333,17.446175,16.5923,28.091450000000002,27.594166666666666,28.091450000000002,26.3969,33.44315,33.1702,33.44315,29.6679,32.55395,32.2757,32.55395,34.5794,37.786474999999996,38.04843333333333,37.786474999999996,41.1765,37.253524999999996,36.359,37.253524999999996,35.8302,40.611525,41.582,40.611525,43.6037,31.0917,30.781133333333333,31.0917,34.3501,33.923700000000004,34.2644,33.923700000000004,35.8451,0,,,,,False,2019,,206,Northern Arizona,BSky,-11.8313,304,1.187,12
Jack Owens,jack owens,2022,167,Miami OH,MAC,5,1,0.45751633986928103,-2.73096,-4.151766666666666,-2.73096,1.619,-0.4695999999999998,-4.2901,-0.4695999999999998,7.4517,-11.5323,0.6,0.2,0.2,-5.8,198.8,148,0.0,0.0,0.0,0.0,0.0,0.017700000000000115,-1.23444,66.73706,66.88393333333333,66.73706,67.732,232.2,222.66666666666666,232.2,132,49.58166,49.72483333333333,49.58166,50.2793,17.13252,15.878133333333333,17.13252,14.9859,27.19636,26.32003333333334,27.19636,25.9643,27.54388,25.346500000000002,27.54388,23.6872,51.95058,52.41363333333334,51.95058,53.5463,17.7599,17.993666666666666,17.7599,17.9633,27.70534,29.12346666666667,27.70534,30.2209,31.42602,31.5808,31.42602,30.3634,33.9748,34.6878,33.9748,34.2556,42.56554,40.92926666666667,42.56554,42.4022,35.09004,35.94126666666667,35.09004,36.7199,39.89864,40.4385,39.89864,40.3869,36.25752,35.81516666666667,36.25752,36.4656,33.343740000000004,34.3166,33.343740000000004,34.453,0,,,,,False,2022,,167,Miami OH,MAC,-8.1693,266,-11.5323,-129
Jack Perri,jack perri,2017,144,LIU Brooklyn,NEC,2,1,0.5714285714285714,-9.650549999999999,-9.650549999999999,-9.650549999999999,-7.5203,-0.36514999999999986,-0.36514999999999986,-0.36514999999999986,3.6719,-4.4022,0.5,0.0,0.0,21.0,270.0,253,0.0,0.0,0.0,0.0,0.0,-10.549150000000001,-7.0226,69.6567,69.6567,69.6567,67.027,128.0,128.0,128.0,235,48.194199999999995,48.194199999999995,48.194199999999995,48.5104,19.66355,19.66355,19.66355,20.9026,34.28305,34.28305,34.28305,36.4292,40.08255,40.08255,40.08255,38.7858,50.2413,50.2413,50.2413,49.5397,19.59685,19.59685,19.59685,19.4594,29.984299999999998,29.984299999999998,29.984299999999998,28.8828,37.5752,37.5752,37.5752,37.1116,32.22525,32.22525,32.22525,34.7656,30.3848,30.3848,30.3848,28.7802,36.1913,36.1913,36.1913,35.3519,33.3643,33.3643,33.3643,35.1553,23.50385,23.50385,23.50385,24.2727,28.51815,28.51815,28.51815,29.7521,0,,,,,False,2017,,144,LIU Brooklyn,NEC,-7.5203,253,3.6719,51
Jai Lucas,jai lucas,2026,166,Miami FL,ACC,1,1,0.7428571428571429,20.6385,20.6385,20.6385,20.6385,9.7543,9.7543,9.7543,9.7543,9.7543,1.0,1.0,0.0,46.0,30.0,30,0.0,1.0,1.0,1.0,7.0,8.3865,-7.5357,67.7089,67.7089,67.7089,67.7089,165.0,165.0,165.0,165,55.3146,55.3146,55.3146,55.3146,16.1512,16.1512,16.1512,16.1512,37.1894,37.1894,37.1894,37.1894,37.1306,37.1306,37.1306,37.1306,51.7491,51.7491,51.7491,51.7491,18.2166,18.2166,18.2166,18.2166,25.8883,25.8883,25.8883,25.8883,29.5352,29.5352,29.5352,29.5352,34.8802,34.8802,34.8802,34.8802,31.8398,31.8398,31.8398,31.8398,35.8191,35.8191,35.8191,35.8191,40.8796,40.8796,40.8796,40.8796,24.5005,24.5005,24.5005,24.5005,35.2446,35.2446,35.2446,35.2446,0,,,,,False,2026,,166,Miami FL,ACC,20.6385,30,9.7543,46
Jake Diebler,jake diebler,2026,216,Ohio St.,B10,2,1,0.5757575757575758,20.64895,20.64895,20.64895,22.2159,1.49805,1.49805,1.49805,1.8882,1.1079,1.0,0.0,0.0,-2.5,31.0,25,0.5,1.0,1.0,0.5,4.0,14.459150000000001,0.58175,66.64115,66.64115,66.64115,66.0221,227.5,227.5,227.5,258,54.88495,54.88495,54.88495,56.2402,15.4825,15.4825,15.4825,15.3685,29.649,29.649,29.649,30.3207,36.529650000000004,36.529650000000004,36.529650000000004,37.2313,49.4249,49.4249,49.4249,50.2815,16.21545,16.21545,16.21545,15.6312,30.26085,30.26085,30.26085,30.0086,37.30975,37.30975,37.30975,34.7492,36.24679999999999,36.24679999999999,36.24679999999999,35.733,38.87435,38.87435,38.87435,40.0629,31.09415,31.09415,31.09415,31.7722,39.0426,39.0426,39.0426,40.4299,30.70695,30.70695,30.70695,30.3671,28.7699,28.7699,28.7699,30.5105,0,,,,,False,2026,,216,Ohio St.,B10,22.2159,25,1.8882,2
Jake Morton,jake morton,2026,8,Alcorn St.,SWAC,1,1,0.28125,-20.0308,-20.0308,-20.0308,-20.0308,-6.9739,-6.9739,-6.9739,-6.9739,-6.9739,0.0,0.0,1.0,-21.0,346.0,346,0.0,0.0,0.0,0.0,0.0,-5.2556,13.2104,67.3139,67.3139,67.3139,67.3139,184.0,184.0,184.0,184,47.661,47.661,47.661,47.661,19.548,19.548,19.548,19.548,26.8577,26.8577,26.8577,26.8577,31.8107,31.8107,31.8107,31.8107,55.027,55.027,55.027,55.027,18.0684,18.0684,18.0684,18.0684,35.534,35.534,35.534,35.534,39.4054,39.4054,39.4054,39.4054,33.3333,33.3333,33.3333,33.3333,33.6819,33.6819,33.6819,33.6819,32.9738,32.9738,32.9738,32.9738,35.0811,35.0811,35.0811,35.0811,28.5848,28.5848,28.5848,28.5848,25.0195,25.0195,25.0195,25.0195,0,,,,,False,2026,,8,Alcorn St.,SWAC,-20.0308,346,-6.9739,-21
James Green,james green,2016,131,Jacksonville St.,OVC,1,1,0.25806451612903225,-12.5781,-12.5781,-12.5781,-12.5781,0.568,0.568,0.568,0.568,0.568,1.0,0.0,0.0,34.0,296.0,296,0.0,0.0,0.0,0.0,0.0,-3.8672,-3.9805,64.902,64.902,64.902,64.902,317.0,317.0,317.0,317,46.6486,46.6486,46.6486,46.6486,16.2866,16.2866,16.2866,16.2866,27.0321,27.0321,27.0321,27.0321,30.9179,30.9179,30.9179,30.9179,52.0317,52.0317,52.0317,52.0317,18.5688,18.5688,18.5688,18.5688,34.1438,34.1438,34.1438,34.1438,42.6032,42.6032,42.6032,42.6032,34.54,34.54,34.54,34.54,40.0362,40.0362,40.0362,40.0362,33.2677,33.2677,33.2677,33.2677,32.254,32.254,32.254,32.254,35.7254,35.7254,35.7254,35.7254,24.0741,24.0741,24.0741,24.0741,0,,,,,False,2016,,131,Jacksonville St.,OVC,-12.5781,296,0.568,34
James Jones,james jones,2026,350,Yale,Ivy,11,1,0.6918032786885245,7.483481818181818,10.065800000000001,8.96126,14.3324,3.351709090909091,2.6780666666666666,4.4240200000000005,12.0803,-10.0021,0.7272727272727273,0.36363636363636365,0.09090909090909091,18.90909090909091,100.9090909090909,47,0.0,0.09090909090909091,0.6363636363636364,0.5454545454545454,7.090909090909091,-9.649745454545455,-8.407200000000001,67.40807272727272,65.7167,66.43682,64.5704,197.0909090909091,269.0,223.8,323,48.322545454545455,54.14336666666667,52.99428,55.618,24.722145454545455,14.2445,15.507159999999999,13.9211,26.962290909090907,31.5368,29.691840000000003,34.1542,29.582745454545453,31.564333333333334,31.48444,35.1271,53.60004545454546,50.373,49.39922,51.6519,15.407854545454546,16.168733333333332,17.02366,16.2586,32.290454545454544,26.5946,25.953680000000002,29.7189,36.48598181818182,28.385199999999998,30.22308,26.8437,32.64782727272728,37.622800000000005,36.252120000000005,39.4435,32.74578181818182,34.5792,34.88926,36.1325,38.87992727272727,34.31463333333333,33.190659999999994,35.0394,45.617881818181814,44.742066666666666,43.209140000000005,44.9558,27.152945454545453,29.699133333333332,29.4137,31.1102,30.033890909090907,37.794900000000005,35.689260000000004,38.4542,0,,,,,False,2026,,350,Yale,Ivy,10.0992,81,3.0268,21
James Whitford,james whitford,2022,20,Ball St.,MAC,7,1,0.54337899543379,0.3358428571428572,-0.5665666666666664,0.4267400000000001,5.252,-0.5245,-0.04189999999999997,-0.6277999999999999,2.998,-2.709,0.2857142857142857,0.0,0.0,-12.0,167.57142857142858,116,0.0,0.0,0.0,0.0,0.0,-1.6058571428571429,-4.226285714285714,69.30978571428571,69.53763333333332,69.75667999999999,69.9459,115.57142857142857,104.33333333333333,91.0,46,51.73611428571429,51.020266666666664,51.25048,51.3395,19.600857142857144,19.6018,19.4723,19.547,27.359028571428574,26.724400000000003,27.147199999999998,26.8338,34.07742857142857,32.5735,33.71154,38.1479,48.451657142857144,48.994499999999995,48.717020000000005,52.3757,17.457642857142854,17.9908,17.700319999999998,17.1847,27.822,27.955966666666665,28.01726,28.2028,33.10718571428571,32.316966666666666,31.459860000000003,32.7624,34.88384285714286,34.481033333333336,33.92248,35.7345,40.76871428571428,43.429833333333335,40.25678,41.2347,34.01338571428571,32.905766666666665,33.48282,36.2934,36.467371428571425,37.96086666666667,36.915639999999996,42.9282,33.54985714285714,35.84976666666666,32.55308,34.2046,30.906100000000002,31.104866666666666,30.9878,36.4341,0,,,,,False,2022,,20,Ball St.,MAC,-8.3944,267,-1.0874,-9
Jamie Dixon,jamie dixon,2026,283,TCU,B12,11,2,0.5945945945945946,14.248336363636362,14.067666666666666,15.399939999999997,18.4668,-1.0272181818181818,-0.4489666666666669,-0.06264000000000021,8.0202,-12.1698,0.36363636363636365,0.2727272727272727,0.18181818181818182,-8.454545454545455,52.72727272727273,24,0.18181818181818182,0.7272727272727273,0.9090909090909091,0.5454545454545454,4.909090909090909,10.757981818181818,-3.4344727272727273,67.40411818181818,68.086,67.97502,67.7047,192.8181818181818,150.33333333333334,149.0,167,50.8286,49.569066666666664,49.47694,50.3993,18.587463636363637,16.851266666666668,17.725360000000002,15.3028,33.688145454545456,34.29346666666667,34.59234,33.9874,33.20036363636364,35.3566,34.31416,37.4824,49.95089090909091,50.90716666666666,49.65512,51.1846,19.05609090909091,19.896133333333335,19.9842,19.5762,28.564227272727273,29.01546666666667,28.7358,29.0267,30.25788181818182,31.355666666666664,30.218880000000002,30.4541,33.97623636363637,32.868766666666666,31.961239999999997,33.1633,34.57356363636364,33.91506666666667,32.66372,36.8248,33.474745454545456,32.7236,31.98006,33.5052,35.730672727272726,38.623400000000004,37.160759999999996,38.3021,28.37557272727273,26.95703333333333,25.507060000000003,28.8035,29.543499999999998,30.44883333333333,29.4627,30.9156,0,,,,,False,2026,,283,TCU,B12,17.3461,44,5.0139,22
Jamion Christian,jamion christian,2026,31,Bryant,AE,8,4,0.4385245901639344,-8.4386,-11.1974,-9.7028,-3.8554,-2.5989,-5.3135666666666665,-4.06112,5.6472,-13.2784,0.25,0.125,0.25,-14.625,253.25,209,0.0,0.0,0.0,0.125,2.0,-4.437250000000001,-0.7012125000000001,66.0325375,66.9918,65.64524,64.2516,242.125,202.0,244.4,335,49.608525,48.52303333333333,49.208960000000005,46.8869,18.1875125,19.300233333333335,18.58506,20.2397,23.846262499999998,25.1109,24.380779999999998,27.6447,30.1320625,30.506,29.80872,29.4155,50.9887875,51.113400000000006,51.207640000000005,52.7372,18.6785875,16.429833333333335,16.58934,14.5852,31.238425,30.2075,29.18782,31.0021,30.8040875,29.26176666666667,29.231759999999998,33.5158,33.3537375,32.018433333333334,32.40752,29.9735,41.07295,39.247800000000005,41.58698,47.9034,34.066175,33.760933333333334,34.0383,36.3328,33.3239875,35.6104,34.608019999999996,35.8273,34.110075,31.60546666666667,33.83148,37.0897,27.6308625,29.395166666666668,28.81172,30.1976,0,,,,,False,2026,,31,Bryant,AE,-22.9639,355,-13.2784,-64
Jared Grasso,jared grasso,2023,31,Bryant,AE,5,1,0.541095890410959,-5.393739999999999,-1.7661666666666667,-5.393739999999999,-1.3179,3.71704,4.4135,3.71704,9.9411,-2.5908,0.8,0.4,0.0,43.0,228.6,185,0.0,0.0,0.0,0.2,3.2,-6.96922,0.3167599999999999,71.28556,72.83676666666666,71.28556,71.8903,54.4,8.333333333333334,54.4,15,50.35114,51.59896666666666,50.35114,51.8862,19.40096,19.3532,19.40096,18.7404,29.556780000000003,30.0676,29.556780000000003,29.0061,33.447540000000004,33.15706666666667,33.447540000000004,32.8144,49.24866,48.114399999999996,49.24866,49.971,16.9511,16.563466666666667,16.9511,15.74,29.096339999999998,29.016366666666666,29.096339999999998,25.1668,30.01642,28.238566666666667,30.01642,31.8445,33.126940000000005,33.74463333333333,33.126940000000005,33.2312,41.682959999999994,40.99693333333333,41.682959999999994,39.1018,33.07488,31.896,33.07488,34.0267,37.07212,37.11766666666667,37.07212,39.0371,33.1286,32.36606666666666,33.1286,30.4775,30.664959999999997,30.524166666666662,30.664959999999997,32.5592,0,,,,,False,2023,,31,Bryant,AE,-2.4817,208,1.1193,-8
Jaret Von Rosenberg,jaret von rosenberg,2026,369,East Texas A&M,Slnd,4,1,0.32558139534883723,-13.3611,-14.048666666666668,-13.3611,-10.7903,0.6044499999999999,0.6367333333333333,0.6044499999999999,6.458,-7.6908,0.75,0.25,0.25,7.75,313.5,288,0.0,0.0,0.0,0.0,0.0,-3.2558499999999997,5.69445,66.816875,67.3342,66.816875,68.2395,213.5,191.33333333333334,213.5,133,49.204975,48.13143333333333,49.204975,49.2234,19.355475000000002,19.494,19.355475000000002,19.2193,26.1633,26.059966666666668,26.1633,25.736,29.76395,30.2586,29.76395,32.0191,52.984625,53.04683333333333,52.984625,52.8726,18.226399999999998,18.415566666666667,18.226399999999998,16.9811,32.9357,33.93346666666667,32.9357,32.7821,37.018325,36.71086666666667,37.018325,34.471,30.994975,30.685766666666666,30.994975,31.2661,46.537575000000004,46.85346666666667,46.537575000000004,46.2366,36.12895,36.58006666666667,36.12895,37.2754,34.472975000000005,34.324333333333335,34.472975000000005,37.9977,36.509375,37.00293333333334,36.509375,36.0835,28.347925,28.6604,28.347925,32.7488,0,,,,,False,2026,,369,East Texas A&M,Slnd,-10.7903,288,3.143,46
Jase Coburn,jase coburn,2026,229,Portland St.,BSky,5,1,0.5222929936305732,-4.46192,-2.9275,-4.46192,1.2501,0.8550800000000001,0.8164999999999999,0.8550800000000001,4.6458,-2.8414,0.6,0.0,0.0,6.0,220.2,148,0.0,0.0,0.0,0.0,0.0,-3.54454,0.67698,69.86704,68.70426666666667,69.86704,68.027,72.0,110.33333333333333,72.0,143,48.90402,49.27323333333334,48.90402,50.5542,17.09788,17.2348,17.09788,16.9232,28.67458,31.079233333333335,28.67458,30.0103,34.424,35.23826666666667,34.424,37.1305,51.701919999999994,50.26733333333333,51.701919999999994,48.7971,20.17816,18.7375,20.17816,18.0001,29.656299999999998,28.36566666666667,29.656299999999998,26.3992,39.6695,37.451299999999996,39.6695,42.7828,31.924220000000002,32.31616666666667,31.924220000000002,32.5581,34.772360000000006,34.596833333333336,34.772360000000006,34.4212,34.61978,33.208666666666666,34.61978,32.2951,37.5694,38.990566666666666,37.5694,39.6619,27.35874,27.473166666666668,27.35874,26.3768,29.53892,30.3743,29.53892,29.6389,0,,,,,False,2026,,229,Portland St.,BSky,1.2501,148,3.779,28
Jason Crafton,jason crafton,2024,161,Maryland Eastern Shore,MEAC,5,1,0.36134453781512604,-18.64118,-13.1562,-18.64118,-6.5684,2.1455,5.1216,2.1455,14.5471,-3.5599,0.4,0.2,0.0,18.4,323.0,251,0.0,0.0,0.0,0.0,0.0,-24.1431,-15.26174,67.98362,68.20270000000001,67.98362,67.2077,159.2,127.66666666666667,159.2,202,35.28676,45.317433333333334,35.28676,42.9979,36.88564,21.117633333333334,36.88564,20.2685,21.88238,27.7424,21.88238,28.9335,24.151,31.69236666666667,24.151,32.6531,60.71508,50.84993333333333,60.71508,50.9097,17.60774,22.552233333333334,17.60774,18.9289,45.242180000000005,31.749133333333333,45.242180000000005,33.6406,48.91536,35.998533333333334,48.91536,37.7887,23.39698,30.673266666666667,23.39698,28.2828,31.430439999999997,39.15773333333333,31.430439999999997,34.8346,46.66502,33.2162,46.66502,33.0116,50.13606,37.311299999999996,50.13606,36.2491,25.37892,32.10456666666666,25.37892,27.0444,23.7445,29.3464,23.7445,28.0635,0,,,,,False,2024,,161,Maryland Eastern Shore,MEAC,-19.6903,347,-3.5599,1
Jason Gardner,jason gardner,2019,128,IUPUI,Horz,4,1,0.4251968503937008,-4.89895,-5.181433333333334,-4.89895,-2.0678,1.8174499999999998,0.3298666666666666,1.8174499999999998,7.7619,-6.2355,0.5,0.5,0.25,33.0,220.0,191,0.0,0.0,0.0,0.0,0.0,-1.1776250000000001,2.071225,68.18185,68.094,68.18185,68.8541,159.25,163.0,159.25,111,49.165225,49.924,49.165225,50.1633,18.95005,18.999333333333336,18.95005,19.6396,30.905549999999998,31.96296666666667,30.905549999999998,34.3217,33.302825,33.77413333333333,33.302825,35.2205,53.17175,53.85926666666666,53.17175,52.593,19.465775,19.932133333333333,19.465775,19.6396,28.6256,28.784499999999998,28.6256,27.7085,38.301725000000005,38.099700000000006,38.301725000000005,33.2018,34.927375,35.458733333333335,34.927375,33.0261,34.4689,36.069633333333336,34.4689,35.4382,35.657575,36.2872,35.657575,37.0158,35.387075,37.0197,35.387075,39.2897,29.826975,31.27286666666667,29.826975,28.0923,28.283900000000003,29.773266666666668,28.283900000000003,33.8879,0,,,,,False,2019,,128,IUPUI,Horz,-2.0678,191,7.7619,95
Jason Hooten,jason hooten,2026,191,New Mexico St.,CUSA,11,2,0.5821727019498607,-1.4031818181818183,-2.8420666666666663,1.0830199999999999,11.6314,1.1387363636363637,-3.0312,1.43634,11.2384,-9.6821,0.5454545454545454,0.36363636363636365,0.18181818181818182,9.090909090909092,185.63636363636363,73,0.0,0.0,0.09090909090909091,0.0,0.7272727272727273,-2.3918818181818184,4.827054545454545,67.2807090909091,66.09519999999999,65.50516,66.9682,206.8181818181818,257.3333333333333,277.0,205,48.91938181818182,47.2271,48.140660000000004,48.5673,18.09660909090909,16.11,17.33406,15.0265,30.082372727272727,30.165000000000003,30.31772,32.5301,32.209709090909094,34.006166666666665,31.86246,34.8424,49.805209090909095,48.80486666666667,48.7891,48.7001,19.81931818181818,15.180866666666667,17.90684,14.6723,28.152772727272726,29.220133333333333,27.78602,30.3146,41.70198181818182,42.75856666666667,40.10462,44.1959,33.76373636363636,31.513500000000004,33.1943,32.4444,37.73484545454546,36.73963333333333,37.89524,38.6819,33.000136363636365,32.18053333333334,32.58618,32.3572,40.94009090909091,42.149499999999996,43.1101,41.2938,31.838345454545458,29.37523333333333,32.04618,30.6723,31.356063636363636,31.748166666666666,33.45522,30.9813,0,,,,,False,2026,,191,New Mexico St.,CUSA,-1.367,183,-2.1381,-39
Jason Shay,jason shay,2021,76,East Tennessee St.,SC,1,1,0.52,3.9912,3.9912,3.9912,3.9912,4.7262,4.7262,4.7262,4.7262,4.7262,1.0,0.0,0.0,35.0,128.0,128,0.0,0.0,0.0,0.0,0.0,3.8668,4.6667,65.4278,65.4278,65.4278,65.4278,311.0,311.0,311.0,311,50.3464,50.3464,50.3464,50.3464,20.2972,20.2972,20.2972,20.2972,30.4956,30.4956,30.4956,30.4956,29.7921,29.7921,29.7921,29.7921,50.3971,50.3971,50.3971,50.3971,19.8462,19.8462,19.8462,19.8462,26.5152,26.5152,26.5152,26.5152,31.6124,31.6124,31.6124,31.6124,34.8968,34.8968,34.8968,34.8968,41.0316,41.0316,41.0316,41.0316,34.4406,34.4406,34.4406,34.4406,45.4329,45.4329,45.4329,45.4329,35.3612,35.3612,35.3612,35.3612,38.203,38.203,38.203,38.203,0,,,,,False,2021,,76,East Tennessee St.,SC,3.9912,128,4.7262,35
Jay Joyner,jay joyner,2019,198,North Carolina A&T,MEAC,3,1,0.42424242424242425,-17.2365,-17.2365,-17.2365,-11.3176,3.3864,3.3864,3.3864,8.4473,-6.414,0.6666666666666666,0.6666666666666666,0.3333333333333333,29.0,318.3333333333333,300,0.0,0.0,0.0,0.0,0.0,-10.6518,0.7097333333333332,65.93246666666666,65.93246666666666,65.93246666666666,65.689,244.33333333333334,244.33333333333334,244.33333333333334,279,49.950766666666674,49.950766666666674,49.950766666666674,51.0511,20.2087,20.2087,20.2087,19.4265,28.974766666666667,28.974766666666667,28.974766666666667,27.0812,34.00256666666667,34.00256666666667,34.00256666666667,31.0511,51.1438,51.1438,51.1438,48.7615,17.681266666666666,17.681266666666666,17.681266666666666,20.6988,32.181333333333335,32.181333333333335,32.181333333333335,34.6977,34.10093333333333,34.10093333333333,34.10093333333333,31.97,32.20563333333333,32.20563333333333,32.20563333333333,34.1137,35.62956666666667,35.62956666666667,35.62956666666667,35.9159,34.361700000000006,34.361700000000006,34.361700000000006,31.7188,37.71136666666666,37.71136666666666,37.71136666666666,36.8664,27.98453333333333,27.98453333333333,27.98453333333333,29.9267,30.806066666666666,30.806066666666666,30.806066666666666,29.1946,0,,,,,False,2019,,198,North Carolina A&T,MEAC,-11.3176,300,8.1259,46
Jay Ladner,jay ladner,2026,272,Southern Miss,SB,11,2,0.4576271186440678,-7.264881818181817,-7.0154,-6.4774,6.5073,-0.8738,-3.9384,-1.5322,19.6223,-15.4681,0.5454545454545454,0.09090909090909091,0.2727272727272727,0.2727272727272727,245.63636363636363,99,0.0,0.0,0.09090909090909091,0.0,0.7272727272727273,-2.9234727272727272,0.48683636363636373,67.72198181818182,69.4957,68.8407,69.341,180.54545454545453,82.0,108.0,77,49.18255454545454,48.433099999999996,48.59421999999999,49.0415,20.44560909090909,18.794433333333334,18.80764,18.3643,29.177090909090907,29.804133333333336,28.79766,32.5459,33.85976363636364,38.2992,34.74346,43.2375,50.57775454545454,50.6903,50.7853,51.3535,18.6232,17.016033333333333,17.34376,17.7593,29.364645454545453,29.807066666666667,29.442680000000003,28.7839,34.784,37.3371,34.0572,43.6383,32.52403636363636,30.830033333333333,31.15172,28.9425,33.90600909090909,33.105466666666665,33.41346,28.7007,34.45678181818182,34.20646666666667,34.44084,34.478,38.73874545454545,37.440666666666665,38.590559999999996,39.4153,27.170845454545454,24.826533333333334,25.71886,19.1803,31.830218181818182,30.088033333333332,31.76972,30.4982,0,,,,,False,2026,,272,Southern Miss,SB,-4.2482,219,3.4364,41
Jay McAuley,jay mcauley,2023,346,Wofford,SC,4,1,0.5645161290322581,1.3561999999999999,1.4468666666666665,1.3561999999999999,5.0283,-1.59755,-1.2748000000000002,-1.59755,2.5531,-6.6828,0.5,0.0,0.25,-22.25,156.0,111,0.0,0.0,0.0,0.0,0.0,-0.27407500000000007,0.662275,65.239175,65.01886666666667,65.239175,64.9902,300.0,302.3333333333333,300.0,291,53.63475,53.7364,53.63475,52.3657,17.702125000000002,17.635233333333336,17.702125000000002,16.2927,26.557825,27.013233333333332,26.557825,28.6008,27.064675,27.529133333333334,27.064675,30.0234,53.00405,53.49699999999999,53.00405,54.7619,18.182825,18.30613333333333,18.182825,16.5925,25.79545,26.304266666666667,25.79545,28.7223,28.027825,26.776966666666667,28.027825,26.3647,34.151174999999995,34.161899999999996,34.151174999999995,32.0896,46.9451,46.64286666666667,46.9451,39.1355,34.7945,35.30976666666667,34.7945,35.2782,43.7104,43.71223333333334,43.7104,42.7991,37.972274999999996,37.55443333333333,37.972274999999996,29.7372,36.1717,36.687099999999994,36.1717,35.1351,0,,,,,False,2023,,346,Wofford,SC,-5.0758,232,-6.6828,-85
Jay Spoonhour,jay spoonhour,2021,77,Eastern Illinois,OVC,6,1,0.43646408839779005,-8.972166666666666,-10.5085,-8.89894,-4.827,-2.222283333333333,-4.167066666666666,-2.15204,6.5151,-12.1374,0.3333333333333333,0.16666666666666666,0.16666666666666666,-16.166666666666668,266.5,220,0.0,0.0,0.0,0.0,0.0,-4.745066666666667,-1.4265333333333332,67.70268333333333,68.313,67.81204,68.9116,193.66666666666666,160.33333333333334,187.0,138,49.12886666666666,49.80353333333333,48.97954,49.2914,18.698883333333335,18.752133333333333,18.84056,20.0044,28.756433333333334,28.763133333333332,29.148500000000002,28.8442,29.545766666666665,27.921566666666667,28.568240000000003,25.6932,51.27156666666667,51.5109,51.25106000000001,51.8738,19.7272,19.531366666666667,19.76614,18.8062,30.982083333333332,29.643633333333337,30.2476,29.5624,35.2025,32.67926666666667,34.13556,31.0431,34.80243333333333,34.15313333333334,34.8798,32.4042,36.528083333333335,35.519666666666666,36.162459999999996,35.3666,36.49341666666667,37.03863333333333,37.09106,36.3484,36.404516666666666,36.759,36.414959999999994,37.2892,32.268633333333334,30.840566666666664,32.25238,29.7759,31.240483333333334,32.23576666666667,31.9198,32.1799,0,,,,,False,2021,,77,Eastern Illinois,OVC,-13.2174,311,-12.1374,-144
Jay Wright,jay wright,2022,328,Villanova,BE,7,1,0.8170731707317073,25.79127142857143,22.518666666666665,23.72926,33.7563,1.0744142857142855,-0.8313333333333334,-0.7425200000000001,10.1487,-7.492,0.5714285714285714,0.2857142857142857,0.14285714285714285,-5.571428571428571,10.571428571428571,1,0.8571428571428571,1.0,1.0,1.0,2.7142857142857144,10.769228571428572,4.972871428571429,65.02958571428572,64.25223333333334,65.02434,62.3285,291.57142857142856,319.3333333333333,288.6,347,54.80984285714286,52.464333333333336,54.019180000000006,51.5471,15.788,15.085933333333335,15.4309,15.5085,29.001785714285713,28.236166666666666,28.91282,31.1854,31.362428571428573,28.879666666666665,30.097640000000002,29.7703,48.59871428571428,48.83656666666667,49.077420000000004,47.2762,18.66152857142857,17.906333333333333,17.989179999999998,18.437,27.289314285714287,26.343,26.77156,28.877,25.866642857142857,24.713766666666668,25.80388,24.9645,36.50235714285714,35.739733333333334,36.48818,35.9312,46.48207142857143,46.13993333333334,47.88404,46.3197,32.6469,32.5008,32.699380000000005,30.752,38.195414285714286,38.1826,37.99892,42.2075,38.07245714285715,38.79893333333333,39.909440000000004,39.0682,32.383228571428575,32.2387,31.93664,34.4943,0,,,,,False,2022,,328,Villanova,BE,24.5614,10,2.3704,-1
Jay Young,jay young,2023,83,Fairfield,MAAC,4,1,0.4065040650406504,-8.805625000000001,-7.8764666666666665,-8.805625000000001,-2.8504,-2.361625,-2.5808,-2.361625,2.5896,-5.234,0.25,0.0,0.5,-31.5,269.25,206,0.0,0.0,0.0,0.0,0.0,-4.575625,-2.5097,64.165975,64.4921,64.165975,64.9142,324.5,317.3333333333333,324.5,296,45.965375,46.9073,45.965375,46.0322,19.017775,18.2577,19.017775,18.2008,28.5838,28.032066666666665,28.5838,28.5994,33.6194,32.84263333333333,33.6194,37.8797,48.719925,48.844833333333334,48.719925,49.2568,17.62505,17.046133333333334,17.62505,17.8449,27.54835,27.975966666666665,27.54835,29.5065,30.29085,30.0253,30.29085,28.1213,30.498275,31.199333333333332,30.498275,28.5473,35.0186,36.98506666666666,35.0186,36.7018,32.290225,31.370900000000002,32.290225,29.3006,32.783225,31.457233333333335,32.783225,31.4507,27.7974,29.631866666666667,27.7974,26.324,26.857575,24.975099999999998,26.857575,23.25,0,,,,,False,2023,,83,Fairfield,MAAC,-7.86,261,-5.234,-73
Jayson Gee,jayson gee,2018,146,Longwood,BSth,3,1,0.23958333333333334,-19.3578,-19.3578,-19.3578,-12.5125,-6.426333333333333,-6.426333333333333,-6.426333333333333,-2.3536,-10.3301,0.0,0.0,0.6666666666666666,-20.0,327.3333333333333,295,0.0,0.0,0.0,0.0,0.0,-4.839066666666667,-0.7638666666666666,69.61133333333333,69.61133333333333,69.61133333333333,69.0801,97.66666666666667,97.66666666666667,97.66666666666667,121,48.78783333333333,48.78783333333333,48.78783333333333,46.374,21.771833333333333,21.771833333333333,21.771833333333333,22.9729,24.604,24.604,24.604,22.6525,32.866233333333334,32.866233333333334,32.866233333333334,35.3053,53.81436666666667,53.81436666666667,53.81436666666667,52.3222,17.470966666666666,17.470966666666666,17.470966666666666,17.627,30.947266666666668,30.947266666666668,30.947266666666668,30.6142,34.25556666666667,34.25556666666667,34.25556666666667,34.1743,32.978433333333335,32.978433333333335,32.978433333333335,31.5447,35.9394,35.9394,35.9394,39.1221,37.411566666666666,37.411566666666666,37.411566666666666,34.022,39.7092,39.7092,39.7092,41.6284,29.435933333333335,29.435933333333335,29.435933333333335,31.6993,33.54996666666667,33.54996666666667,33.54996666666667,32.8457,0,,,,,False,2018,,146,Longwood,BSth,-20.413,340,-2.3536,-3
Jean Prioleau,jean prioleau,2021,254,San Jose St.,MWC,4,1,0.17699115044247787,-15.339025,-16.3633,-15.339025,-10.3099,-3.82475,-3.8313,-3.82475,5.1691,-8.5284,0.25,0.25,0.5,-18.25,316.75,290,0.0,0.0,0.0,0.0,0.0,3.06325,-0.21532500000000004,70.36432500000001,71.45653333333333,70.36432500000001,71.7676,93.0,47.666666666666664,93.0,38,46.151125,45.318900000000006,46.151125,44.699,20.4272,19.39016666666667,20.4272,17.7745,24.954250000000002,23.989633333333334,24.954250000000002,20.0,33.291775,32.991733333333336,33.291775,30.009,53.996275,54.252166666666675,53.996275,52.5938,15.596125,15.822866666666668,15.596125,14.4693,29.77955,31.39746666666667,29.77955,35.124,29.926099999999998,29.624166666666667,29.926099999999998,27.6137,32.5811,31.378666666666664,32.5811,31.5909,37.92915,40.5486,37.92915,39.5328,35.384100000000004,35.37243333333333,35.384100000000004,32.2449,42.6513,40.44413333333333,42.6513,39.1061,31.99275,33.65326666666667,31.99275,34.3493,35.172675,33.352866666666664,35.172675,30.2489,0,,,,,False,2021,,254,San Jose St.,MWC,-16.7884,333,-8.5284,-69
Jeff Boals,jeff boals,2026,215,Ohio,MAC,10,2,0.5768025078369906,0.07967000000000002,-2.1416333333333335,-0.03620000000000001,10.4687,0.29894,-4.530566666666666,-1.8493600000000001,7.2737,-6.7503,0.4,0.3,0.2,-1.0,168.5,81,0.0,0.0,0.1,0.1,1.3,-2.84861,-1.3923999999999999,68.34533,68.96113333333334,68.5424,68.8919,145.5,108.0,119.0,99,50.86372,52.18236666666667,51.9156,50.9465,16.76253,14.841033333333334,15.21406,15.4573,28.877019999999998,26.784966666666666,28.0439,28.3835,32.06163,34.18073333333333,32.295959999999994,36.9154,50.310680000000005,51.49613333333334,51.21802,52.9855,18.757659999999998,17.673233333333332,18.20624,16.0211,28.31548,31.267233333333337,29.73202,32.7837,35.1171,36.38903333333334,34.212720000000004,38.058,33.868759999999995,33.4196,34.251580000000004,30.073,40.37696,39.87286666666667,40.67044,38.1403,34.35388,36.15786666666667,34.7526,37.1429,37.44524,34.29136666666667,35.8488,33.2031,32.93605,30.939999999999998,32.8175,26.8579,30.56621,28.8099,29.35864,27.625,0,,,,,False,2026,,215,Ohio,MAC,-5.7427,230,-5.2759,-76
Jeff Capel III,jeff capel iii,2026,227,Pittsburgh,ACC,8,1,0.5,8.706475000000001,12.637566666666666,9.803880000000001,17.1792,-0.9325374999999999,-1.2506333333333333,-0.83904,5.2484,-5.975,0.375,0.125,0.25,-9.5,94.625,33,0.0,0.125,0.625,0.125,1.375,8.0081125,-2.8462875,65.9667375,65.2205,65.38768,63.5926,257.0,291.3333333333333,275.4,344,49.4832625,51.61423333333334,50.80572,51.0269,17.4219,15.175233333333333,16.60422,17.2879,31.6523125,31.317466666666665,30.7803,33.8821,35.20565,31.699133333333332,33.47054,30.3844,50.172987500000005,51.145633333333336,50.78244,53.359,18.278525000000002,17.033933333333334,16.84376,16.2161,28.7373625,27.233266666666665,27.293919999999996,28.0769,30.7763,31.435766666666666,30.82366,30.9471,33.4522,34.5694,34.21724,33.3745,38.3956375,42.78553333333334,41.07376,42.6014,33.747,33.56473333333333,34.03976,35.2151,40.4956125,40.3076,40.65336,40.9692,31.1481875,35.22266666666667,33.58638,34.8088,33.4561875,32.24736666666667,33.47762,33.1646,0,,,,,False,2026,,227,Pittsburgh,ACC,7.2345,98,-5.8358,-35
Jeff Jones,jeff jones,2024,219,Old Dominion,SB,9,1,0.5664335664335665,1.9461444444444445,-4.0746,-2.2089600000000003,12.1442,-1.7732222222222223,-5.442933333333333,-4.64976,6.3314,-9.5538,0.3333333333333333,0.1111111111111111,0.3333333333333333,-28.22222222222222,153.11111111111111,64,0.0,0.0,0.2222222222222222,0.1111111111111111,1.5555555555555556,-0.8361,-0.3492444444444444,64.92601111111111,66.4153,66.62440000000001,70.095,279.44444444444446,225.66666666666666,232.4,55,47.36716666666667,46.9823,46.97978,47.5566,16.916633333333333,16.837533333333333,17.4125,14.9809,31.724822222222226,30.153966666666665,29.805060000000005,25.2467,31.631377777777782,32.524,31.5348,27.0576,48.0788,49.7893,49.4998,51.3373,18.699555555555555,17.636599999999998,18.17352,18.0401,26.522544444444446,29.19113333333333,27.02396,31.2113,33.798066666666664,34.591366666666666,33.42946,39.738,31.561955555555553,30.784533333333332,30.1943,31.8182,30.754144444444446,30.36113333333333,30.88786,35.0823,33.56576666666667,33.8175,34.14958,35.5006,41.45126666666667,43.13186666666667,43.3683,41.976,25.24568888888889,24.3704,24.34224,29.6313,34.90716666666666,35.47729999999999,36.33496,34.0258,0,,,,,False,2024,,219,Old Dominion,SB,-9.8908,287,-9.5538,-108
Jeff Lebo,jeff lebo,2017,75,East Carolina,Amer,2,1,0.4153846153846154,-2.0913,-2.0913,-2.0913,-1.4861,-1.0699,-1.0699,-1.0699,-0.4619,-1.6779,0.0,0.0,0.0,-14.5,190.5,190,0.0,0.0,0.0,0.0,0.0,1.7106,-7.5825499999999995,67.03245,67.03245,67.03245,66.9003,232.0,232.0,232.0,239,47.3965,47.3965,47.3965,45.7986,20.109050000000003,20.109050000000003,20.109050000000003,20.8362,29.75395,29.75395,29.75395,30.7309,36.0441,36.0441,36.0441,37.4513,47.959500000000006,47.959500000000006,47.959500000000006,44.7154,17.722450000000002,17.722450000000002,17.722450000000002,17.023,31.673299999999998,31.673299999999998,31.673299999999998,31.0885,26.962449999999997,26.962449999999997,26.962449999999997,27.185,32.977000000000004,32.977000000000004,32.977000000000004,32.0359,37.6927,37.6927,37.6927,37.1731,32.8245,32.8245,32.8245,32.5373,36.697900000000004,36.697900000000004,36.697900000000004,34.0447,31.29305,31.29305,31.29305,30.7471,31.4555,31.4555,31.4555,30.4469,0,,,,,False,2017,,75,East Carolina,Amer,-1.4861,191,-1.6779,-36
Jeff Linder,jeff linder,2024,348,Wyoming,MWC,8,2,0.5674603174603174,2.1877,4.420533333333333,4.7114,11.9366,4.5857624999999995,2.0715666666666666,4.84902,15.5045,-11.7861,0.75,0.375,0.125,48.25,150.625,65,0.0,0.0,0.25,0.125,1.5,0.2262124999999999,-0.07971249999999996,67.5058875,66.3011,66.58092,67.2407,196.875,235.33333333333334,231.0,197,52.624587500000004,51.62416666666667,52.658899999999996,50.9102,17.58905,17.924733333333332,17.03708,18.5156,25.853475,26.128566666666668,25.25434,28.6861,34.0074625,36.13583333333333,33.807159999999996,37.9854,50.89155,51.11603333333333,50.9533,52.8381,17.1388125,15.989333333333335,16.58874,15.8775,25.79865,26.32303333333333,26.14912,29.1467,29.97525,27.169700000000002,28.066360000000003,27.8242,35.149375,34.58193333333333,35.3632,36.0656,43.4168375,41.436366666666665,43.64164,37.0146,33.3916,33.63373333333333,32.49458,34.4011,33.12365,39.190666666666665,34.43096,39.9555,35.534625,33.16063333333333,35.7625,30.7406,26.9661375,32.216,27.58088,32.672,0,,,,,False,2024,,348,Wyoming,MWC,0.7891,159,4.4952,55
Jeff Neubauer,jeff neubauer,2021,91,Fordham,A10,6,1,0.36257309941520466,-7.075866666666666,-9.2385,-8.478860000000001,-0.0609,-5.079833333333333,-5.767833333333333,-6.17924,0.4172,-10.8049,0.16666666666666666,0.0,0.3333333333333333,-58.666666666666664,245.0,161,0.0,0.0,0.0,0.0,0.0,-0.47261666666666674,-24.77325,65.06166666666667,64.57183333333333,64.79159999999999,63.7378,305.6666666666667,325.0,315.4,343,46.8579,44.41483333333334,45.92788,41.4106,19.09465,18.684700000000003,18.835340000000002,20.7861,23.07818333333333,21.903766666666666,21.610239999999997,19.2308,27.71945,26.3553,26.54542,27.514,50.8057,49.37253333333334,50.68094,51.4398,21.427333333333333,19.7858,21.22964,19.23,29.239166666666666,28.211933333333334,29.71022,30.3688,35.36476666666667,32.58756666666667,34.33098,27.7487,31.379816666666667,30.55796666666667,30.73496,26.8707,42.954433333333334,42.07646666666667,43.479079999999996,41.0615,33.52751666666666,32.19586666666667,33.5556,33.4247,40.63748333333333,43.99106666666666,40.88696,47.7749,35.80903333333333,36.1633,36.32296,32.6897,32.34806666666667,35.06353333333333,32.82058,39.2704,0,,,,,False,2021,,91,Fordham,A10,-12.9289,310,-10.8049,-132
Jeff Rutter,jeff rutter,2017,71,Drake,MVC,1,1,0.22580645161290322,-8.1689,-8.1689,-8.1689,-8.1689,-2.738,-2.738,-2.738,-2.738,-2.738,0.0,0.0,0.0,-22.0,258.0,258,0.0,0.0,0.0,0.0,0.0,0.9635,-3.4258,69.6637,69.6637,69.6637,69.6637,92.0,92.0,92.0,92,47.9989,47.9989,47.9989,47.9989,17.6538,17.6538,17.6538,17.6538,26.7399,26.7399,26.7399,26.7399,29.0452,29.0452,29.0452,29.0452,53.1126,53.1126,53.1126,53.1126,17.6053,17.6053,17.6053,17.6053,31.6505,31.6505,31.6505,31.6505,30.6735,30.6735,30.6735,30.6735,34.5061,34.5061,34.5061,34.5061,42.2527,42.2527,42.2527,42.2527,36.7692,36.7692,36.7692,36.7692,36.7855,36.7855,36.7855,36.7855,37.0819,37.0819,37.0819,37.0819,31.796,31.796,31.796,31.796,0,,,,,False,2017,,71,Drake,MVC,-8.1689,258,-2.738,-22
Jeff Wulbrun,jeff wulbrun,2025,68,Denver,Sum,4,1,0.4153846153846154,-10.674875,-10.541033333333333,-10.674875,-7.9599,1.6882499999999998,-0.8415333333333335,1.6882499999999998,9.2776,-4.5143,0.5,0.25,0.0,8.75,292.75,268,0.0,0.0,0.0,0.0,0.0,-4.556,-4.00765,67.98157499999999,68.51870000000001,67.98157499999999,66.665,153.5,130.66666666666666,153.5,225,51.803125,51.48886666666667,51.803125,50.3348,18.111375,17.961166666666667,18.111375,18.4777,26.7121,27.7223,26.7121,26.1317,34.504,35.3435,34.504,31.6494,53.2817,53.572399999999995,53.2817,54.3142,16.001725,15.8268,16.001725,17.5812,28.0516,28.0414,28.0516,29.0889,35.439325,36.504666666666665,35.439325,49.839,34.593825,33.7586,34.593825,33.3333,34.93905,34.6562,34.93905,36.8838,35.329225,34.96276666666667,35.329225,34.1256,38.395375,37.80696666666667,38.395375,37.9266,28.42715,27.5157,28.42715,29.7205,30.783549999999998,29.676033333333333,30.783549999999998,26.7643,0,,,,,False,2025,,68,Denver,Sum,-12.7909,311,-0.4649,5
Jeremy Ballard,jeremy ballard,2026,85,FIU,CUSA,8,1,0.4448818897637795,-5.4914,-6.273599999999999,-6.05914,1.5806,-0.2622999999999999,-2.0469,0.032079999999999956,5.0666,-8.6885,0.75,0.125,0.25,-4.625,232.75,149,0.0,0.0,0.0,0.0,0.0,-1.0937125,-5.48435,70.9223875,70.17066666666666,69.44200000000001,71.6203,67.125,60.0,84.8,14,49.943875,48.7914,49.694720000000004,50.5675,19.480925,18.7124,19.370780000000003,17.7237,28.2804625,30.66756666666667,28.8981,33.9252,30.94635,34.31823333333333,31.25576,38.5925,52.1521875,53.35763333333333,52.47506,52.8539,21.516550000000002,21.570000000000004,21.19582,20.0106,33.9451125,33.9051,33.640100000000004,34.8197,33.9796125,36.433600000000006,34.251999999999995,35.9018,32.4219375,32.112766666666666,32.63356,34.662,39.7707125,34.8474,37.30942,32.7469,35.0024125,36.60916666666667,35.94782,36.1568,37.83815,40.20656666666667,40.0106,45.1484,32.159025,27.844066666666667,30.38066,26.6193,30.813825,33.200066666666665,33.240339999999996,37.4182,0,,,,,False,2026,,85,FIU,CUSA,-2.0624,192,1.5478,7
Jeremy Luther,jeremy luther,2026,94,Gardner Webb,BSth,2,1,0.234375,-17.23835,-17.23835,-17.23835,-8.2203,-7.3617,-7.3617,-7.3617,-0.039,-14.6844,0.0,0.0,0.5,-19.0,312.5,264,0.0,0.0,0.0,0.0,0.0,-1.8516499999999998,2.41215,69.23259999999999,69.23259999999999,69.23259999999999,69.2388,79.5,79.5,79.5,80,49.84525,49.84525,49.84525,47.7739,20.2836,20.2836,20.2836,19.8274,28.27055,28.27055,28.27055,23.1764,33.26645,33.26645,33.26645,30.2871,54.4823,54.4823,54.4823,56.9474,15.0339,15.0339,15.0339,15.3062,33.40055,33.40055,33.40055,36.5664,36.23555,36.23555,36.23555,35.2468,32.0113,32.0113,32.0113,31.0294,36.490700000000004,36.490700000000004,36.490700000000004,39.836,34.1447,34.1447,34.1447,35.9948,39.48225,39.48225,39.48225,40.9871,28.6687,28.6687,28.6687,31.8892,29.98595,29.98595,29.98595,31.7308,0,,,,,False,2026,,94,Gardner Webb,BSth,-26.2564,361,-14.6844,-50
Jeremy Shulman,jeremy shulman,2026,286,Tennessee Martin,OVC,2,1,0.5454545454545454,-7.90945,-7.90945,-7.90945,-4.9185,6.7105999999999995,6.7105999999999995,6.7105999999999995,8.838,4.5832,1.0,0.5,0.0,76.0,258.0,224,0.0,0.0,0.0,0.0,0.0,-8.20265,1.4229500000000002,65.34315,65.34315,65.34315,64.2229,284.5,284.5,284.5,336,48.16385,48.16385,48.16385,48.7033,20.452849999999998,20.452849999999998,20.452849999999998,21.3937,35.81655,35.81655,35.81655,36.9606,35.8918,35.8918,35.8918,37.3945,49.198049999999995,49.198049999999995,49.198049999999995,46.1446,19.457,19.457,19.457,20.0346,31.38275,31.38275,31.38275,32.0255,34.880750000000006,34.880750000000006,34.880750000000006,35.8434,30.704500000000003,30.704500000000003,30.704500000000003,30.3457,47.22325,47.22325,47.22325,47.1049,32.6066,32.6066,32.6066,30.1829,43.88185,43.88185,43.88185,39.5181,35.9878,35.9878,35.9878,34.9386,35.04185,35.04185,35.04185,30.6028,0,,,,,False,2026,,286,Tennessee Martin,OVC,-4.9185,224,8.838,106
Jerod Haase,jerod haase,2024,278,Stanford,P12,9,2,0.5314685314685315,8.319011111111111,7.37,9.9989,14.1094,-2.8520777777777777,-6.451766666666667,-3.28756,6.9244,-8.688,0.1111111111111111,0.1111111111111111,0.2222222222222222,-23.11111111111111,90.22222222222223,43,0.0,0.1111111111111111,0.4444444444444444,0.0,1.1111111111111112,6.7671222222222225,1.2004777777777778,68.4327,67.0392,67.71124,69.687,150.0,197.33333333333334,179.0,71,51.81936666666667,52.19323333333333,52.29076,54.3478,19.846044444444445,19.681700000000003,20.1589,17.802,28.889777777777777,29.369433333333333,27.05134,23.1993,33.760044444444446,29.3292,31.093200000000003,28.632,49.731588888888886,51.613699999999994,49.73632,51.9059,18.296977777777776,16.758133333333333,18.59116,15.5442,27.32291111111111,25.52916666666667,26.62348,27.3116,30.20841111111111,27.6391,28.34748,25.297,34.93688888888889,35.69813333333334,35.316140000000004,36.9509,35.16775555555555,39.80343333333334,37.101119999999995,41.0392,34.30166666666667,34.6213,33.418600000000005,35.7049,37.04501111111111,39.15006666666667,38.9014,37.5743,29.0987,34.18046666666667,31.255420000000004,35.1208,31.567788888888888,33.15116666666667,32.60606,33.2244,0,,,,,False,2024,,278,Stanford,P12,6.5733,105,-8.688,-63
Jerome Tang,jerome tang,2026,134,Kansas St.,B12,4,1,0.5407407407407407,12.285300000000001,10.2108,12.285300000000001,18.5088,-2.193625,-5.457433333333333,-2.193625,7.5978,-7.0528,0.25,0.25,0.5,-11.75,64.75,21,0.25,0.25,0.75,0.25,0.75,11.839975,-1.1403999999999999,69.369925,69.14006666666667,69.369925,72.6323,104.5,125.33333333333333,104.5,6,51.5959,51.351733333333335,51.5959,53.307,18.89605,18.763666666666666,18.89605,17.442,30.2282,30.34353333333333,30.2282,29.2105,32.2109,30.929933333333334,32.2109,26.8509,49.075775,49.40376666666666,49.075775,52.4627,18.02965,17.0532,18.02965,17.061,31.610999999999997,32.04383333333333,31.610999999999997,33.9458,33.291925,32.295833333333334,33.291925,35.1741,33.74715,33.56003333333333,33.74715,36.3855,39.608025,40.77676666666667,39.608025,40.9674,31.7892,32.132533333333335,31.7892,33.6774,36.962125,36.9801,36.962125,38.5572,31.775824999999998,32.95856666666666,31.775824999999998,35.5852,28.92165,29.218266666666665,28.92165,29.8969,0,,,,,False,2026,,134,Kansas St.,B12,6.944,103,-6.5562,-42
Jerrod Calhoun,jerrod calhoun,2026,320,Utah St.,MWC,9,2,0.5884353741496599,-0.11024444444444444,12.847066666666668,6.886920000000001,21.526,1.5221444444444445,3.7939333333333334,4.36764,7.5948,-7.5275,0.6666666666666666,0.2222222222222222,0.1111111111111111,13.11111111111111,185.11111111111111,27,0.0,0.1111111111111111,0.2222222222222222,0.2222222222222222,2.111111111111111,-2.1115555555555554,-1.7912444444444446,67.87482222222222,68.08323333333334,67.73928,67.6504,168.33333333333334,145.0,157.8,169,51.22067777777778,53.97389999999999,53.511979999999994,56.25,16.87931111111111,15.522866666666665,15.9168,15.0678,33.165600000000005,33.76643333333333,32.35586,32.7257,30.90316666666667,35.0431,32.994080000000004,38.8287,52.170455555555556,50.19546666666667,50.56308,49.6667,18.0794,18.971166666666665,18.394299999999998,20.2852,29.658599999999996,30.637933333333333,29.9053,32.7842,33.051544444444446,35.1658,32.40142,39.1795,33.43358888888889,33.6894,34.27614,34.2581,39.053555555555555,41.87963333333333,39.84858,40.7972,35.18421111111111,34.1812,34.19018,34.5477,37.204744444444444,40.2953,38.04788,40.8205,31.476811111111108,31.789666666666665,31.124180000000003,29.9157,30.648744444444446,32.844033333333336,31.329699999999995,33.1059,0,,,,,False,2026,,320,Utah St.,MWC,21.526,27,4.0288,15
Jerry Slocum,jerry slocum,2017,351,Youngstown St.,Horz,2,1,0.36363636363636365,-10.4939,-10.4939,-10.4939,-10.2891,-2.87125,-2.87125,-2.87125,-2.379,-3.3635,0.0,0.0,0.0,-9.5,282.0,282,0.0,0.0,0.0,0.0,0.0,-1.22635,-0.605,72.06435,72.06435,72.06435,71.6829,26.0,26.0,26.0,32,49.05025,49.05025,49.05025,49.0732,15.7762,15.7762,15.7762,15.9781,24.5235,24.5235,24.5235,26.3158,27.830599999999997,27.830599999999997,27.830599999999997,25.903,53.29505,53.29505,53.29505,52.979,16.0708,16.0708,16.0708,16.4346,32.64275,32.64275,32.64275,31.4476,30.79885,30.79885,30.79885,29.123,34.89645,34.89645,34.89645,32.8169,34.433049999999994,34.433049999999994,34.433049999999994,33.7452,34.62105,34.62105,34.62105,34.5997,35.5694,35.5694,35.5694,35.1287,30.6997,30.6997,30.6997,28.7418,28.79085,28.79085,28.79085,28.7378,0,,,,,False,2017,,351,Youngstown St.,Horz,-10.2891,282,-3.3635,-27
Jerry Stackhouse,jerry stackhouse,2024,325,Vanderbilt,SEC,5,1,0.43209876543209874,5.7385600000000005,6.767366666666668,5.7385600000000005,12.2688,-1.5001800000000003,-3.8302,-1.5001800000000003,4.6187,-11.1293,0.4,0.0,0.2,-20.8,120.2,64,0.0,0.0,0.4,0.0,0.0,9.24924,-1.80232,67.62604,66.68636666666667,67.62604,65.7131,175.4,207.0,175.4,285,49.326679999999996,48.409533333333336,49.326679999999996,45.4424,17.6972,16.719033333333332,17.6972,15.2853,28.03074,28.81126666666667,28.03074,28.1609,35.96258,35.15396666666667,35.96258,35.1812,50.969319999999996,50.035133333333334,50.969319999999996,53.0037,18.260759999999998,17.293333333333333,18.260759999999998,15.9279,29.364300000000004,29.6276,29.364300000000004,29.291,33.22354,31.874366666666663,33.22354,29.5056,32.83244,31.965466666666668,32.83244,28.3198,43.697140000000005,42.3748,43.697140000000005,39.339,33.486779999999996,32.840066666666665,33.486779999999996,37.3656,37.12704,38.169333333333334,37.12704,39.5534,34.702839999999995,33.4342,34.702839999999995,28.8541,29.526,30.40823333333333,29.526,34.3493,0,,,,,False,2024,,325,Vanderbilt,SEC,-2.2576,183,-11.1293,-104
Jim Baron,jim baron,2016,42,Canisius,MAAC,1,1,0.42424242424242425,-6.2855,-6.2855,-6.2855,-6.2855,-6.5883,-6.5883,-6.5883,-6.5883,-6.5883,0.0,0.0,1.0,-83.0,237.0,237,0.0,0.0,0.0,0.0,0.0,-3.7027,-1.5355,67.4917,67.4917,67.4917,67.4917,206.0,206.0,206.0,206,49.0318,49.0318,49.0318,49.0318,15.8521,15.8521,15.8521,15.8521,30.9937,30.9937,30.9937,30.9937,36.9414,36.9414,36.9414,36.9414,54.9119,54.9119,54.9119,54.9119,19.5795,19.5795,19.5795,19.5795,32.8067,32.8067,32.8067,32.8067,38.9749,38.9749,38.9749,38.9749,34.0909,34.0909,34.0909,34.0909,41.5094,41.5094,41.5094,41.5094,37.9694,37.9694,37.9694,37.9694,38.3876,38.3876,38.3876,38.3876,33.848,33.848,33.848,33.848,31.6583,31.6583,31.6583,31.6583,0,,,,,False,2016,,42,Canisius,MAAC,-6.2855,237,-6.5883,-83
Jim Boeheim,jim boeheim,2023,282,Syracuse,ACC,8,1,0.5767790262172284,13.5282125,11.039499999999999,12.307039999999999,18.5675,-2.845575,-5.2825,-5.023680000000001,4.6335,-9.7417,0.25,0.0,0.375,-17.75,55.25,27,0.0,0.5,0.875,0.5,5.125,8.4372125,-0.7234,66.5784125,67.80930000000001,67.56808,67.3181,225.375,155.0,180.2,170,50.72795,51.74196666666666,51.06328,51.5135,17.3598375,16.210333333333335,16.72178,16.9379,31.033375,29.552166666666665,29.67282,29.9722,33.838,29.078333333333333,31.94096,30.6426,48.74915,49.95406666666667,49.23714,51.2103,19.826775,18.535966666666667,19.80512,18.7089,33.2054875,33.284699999999994,33.091899999999995,33.7258,27.778675,23.093333333333334,26.747680000000003,21.6843,35.0934625,36.28053333333333,34.9924,36.1974,38.6741875,36.198100000000004,38.811099999999996,29.0494,32.60395,33.04613333333334,32.84062,34.3424,45.5146875,47.0633,47.4385,48.3106,32.26135,31.410899999999998,32.31814,25.0422,37.965725,39.948233333333334,39.62074,42.306,0,,,,,False,2023,,282,Syracuse,ACC,4.9263,118,-9.7417,-64
Jim Christian,jim christian,2026,42,Canisius,MAAC,8,2,0.3237704918032787,-4.0321375,-13.492666666666667,-7.32638,10.2075,-4.4875,-7.833099999999999,-6.83532,4.474,-11.6368,0.125,0.0,0.5,-38.0,203.75,77,0.0,0.0,0.125,0.0,0.625,5.162475,-2.0886,68.272075,67.17693333333334,67.62536,64.2635,163.375,210.0,188.4,333,49.1927625,49.09393333333333,48.4527,46.3272,19.041125,19.0942,18.8836,19.6089,25.4829,24.333933333333334,25.393,29.2988,29.3310375,28.145266666666668,29.702819999999996,31.4198,52.6178625,54.857933333333335,52.70738,52.2175,17.79905,16.961166666666667,17.65088,15.9967,29.2954625,30.923833333333334,30.983300000000003,29.7959,32.3359875,31.881633333333337,30.996940000000002,35.1762,33.8832625,34.3178,33.095079999999996,33.2812,40.2469375,42.315,41.09052,39.5062,34.953225,34.867066666666666,33.986239999999995,33.0111,38.525275,40.29976666666667,39.72144,43.9854,34.36875,36.671933333333335,34.63578,34.226,31.3257625,31.599466666666668,31.58188,33.489,0,,,,,False,2026,,42,Canisius,MAAC,-18.9376,342,-3.875,0
Jim Crews,jim crews,2016,246,Saint Louis,A10,1,1,0.34375,-5.5632,-5.5632,-5.5632,-5.5632,-5.9143,-5.9143,-5.9143,-5.9143,-5.9143,0.0,0.0,1.0,-73.0,226.0,226,0.0,0.0,0.0,0.0,0.0,2.2797,-4.4415,69.0495,69.0495,69.0495,69.0495,117.0,117.0,117.0,117,47.7115,47.7115,47.7115,47.7115,19.4817,19.4817,19.4817,19.4817,20.7207,20.7207,20.7207,20.7207,37.8331,37.8331,37.8331,37.8331,50.0,50.0,50.0,50.0,18.4987,18.4987,18.4987,18.4987,27.9399,27.9399,27.9399,27.9399,39.2778,39.2778,39.2778,39.2778,32.7842,32.7842,32.7842,32.7842,35.168,35.168,35.168,35.168,32.8317,32.8317,32.8317,32.8317,40.6111,40.6111,40.6111,40.6111,28.3476,28.3476,28.3476,28.3476,31.2364,31.2364,31.2364,31.2364,0,,,,,False,2016,,246,Saint Louis,A10,-5.5632,226,-5.9143,-73
Jim Engles,jim engles,2025,58,Columbia,Ivy,10,2,0.35546875,-9.50857,-10.374566666666666,-12.67816,-3.6088,-3.62496,-2.3586333333333336,-2.6096,2.2129,-11.8433,0.1,0.0,0.2,-35.0,267.1,202,0.0,0.0,0.0,0.0,0.0,-12.71688,-14.41667,69.19166,69.6297,69.47028,70.908,104.1,70.33333333333333,81.2,29,45.0561,50.20023333333334,39.82722,52.6298,26.28302,17.692400000000003,34.90576,15.4103,23.306919999999998,26.344333333333335,21.31198,25.8837,24.49701,28.944066666666668,22.58442,29.4543,57.77750999999999,53.69333333333333,63.17668,56.3559,16.01424,16.970533333333332,13.47044,16.3629,36.21094,29.596333333333334,43.5213,26.7303,37.40898,27.576833333333337,41.57512,25.4237,30.98684,33.86343333333333,27.299200000000003,33.7815,34.904759999999996,39.43143333333333,30.879559999999998,39.119,42.23895,35.40046666666667,48.80458,39.1576,47.30798,39.502266666666664,52.224900000000005,41.7862,30.13843,32.973733333333335,26.4509,31.2922,31.425710000000002,32.99666666666667,27.34706,37.3883,0,,,,,False,2025,,58,Columbia,Ivy,-9.5997,279,-5.5956,-70
Jim Ferry,jim ferry,2026,309,UMBC,AE,8,3,0.48412698412698413,-2.7403,-7.238133333333333,-6.87174,17.0341,0.3097750000000001,1.7908333333333335,1.11044,8.326,-4.9262,0.375,0.125,0.0,2.875,209.0,40,0.0,0.125,0.125,0.125,2.0,-2.984425,-4.3938,69.7658875,70.0548,69.21612,66.3578,96.125,93.66666666666667,110.2,240,52.0827,54.032966666666674,53.200700000000005,54.1166,16.695575,15.8132,15.69032,14.0508,25.864075,23.287633333333332,23.619080000000004,24.8988,30.78695,29.918266666666668,29.561040000000002,34.0766,51.4841125,51.257666666666665,51.89808000000001,49.3716,16.723,15.783666666666667,16.171219999999998,15.0613,28.699475,30.194233333333333,29.23872,25.8993,29.070525,27.292466666666666,25.42718,25.6831,35.740475,36.61496666666667,36.42654,36.0825,39.5425625,37.4124,38.85082,38.8222,35.4241,33.2738,34.57674,32.656,36.818775,36.1578,36.76948,37.6503,33.555975,31.665366666666667,33.10722,31.3299,31.7204625,29.666833333333333,31.410179999999997,31.7647,0,,,,,False,2026,,309,UMBC,AE,-1.817,187,8.326,109
Jim Fox,jim fox,2019,10,Appalachian St.,SB,4,1,0.3492063492063492,-6.355375,-5.750266666666666,-6.355375,-3.5346,-0.3197,-0.0916666666666666,-0.3197,0.9698,-2.0401,0.5,0.0,0.0,8.75,236.5,206,0.0,0.0,0.0,0.0,0.0,-0.6839999999999999,1.615225,70.61335,70.70726666666667,70.61335,71.5762,58.5,55.0,58.5,28,48.97085,49.565599999999996,48.97085,51.4434,19.244500000000002,18.645833333333332,19.244500000000002,17.7943,29.254225,28.006466666666668,29.254225,25.8004,37.481725,36.958,37.481725,37.0092,52.287575,52.66313333333333,52.287575,53.8095,16.839375,17.1544,16.839375,17.3739,28.7327,27.531266666666667,28.7327,29.7193,38.84035,38.5042,38.84035,34.0616,33.983075,33.4589,33.983075,34.4353,41.643,42.153533333333336,41.643,41.9169,38.210074999999996,38.07756666666666,38.210074999999996,37.2517,30.253149999999998,31.8062,30.253149999999998,33.8375,34.265475,33.981766666666665,34.265475,33.4523,26.278525000000002,27.406666666666666,26.278525000000002,28.6868,0,,,,,False,2019,,10,Appalachian St.,SB,-3.5346,206,-2.0401,-23
Jim Hayford,jim hayford,2021,257,Seattle,WAC,6,2,0.5561497326203209,-3.12475,-3.7627666666666664,-3.0980800000000004,-1.25,2.3760833333333333,1.9479,3.36558,7.6959,-6.8663,0.6666666666666666,0.6666666666666666,0.16666666666666666,36.333333333333336,199.16666666666666,186,0.0,0.0,0.0,0.0,0.0,-4.4841,-2.42475,68.11555,68.62496666666667,67.99016,68.8095,171.83333333333334,143.0,179.6,140,50.41513333333333,46.94453333333333,49.20888,46.4681,16.602016666666668,15.602666666666666,16.70262,15.6519,27.696616666666667,27.466633333333334,27.905060000000002,26.2803,33.78451666666667,32.50266666666666,33.35832,28.4255,49.72911666666667,48.648666666666664,48.864999999999995,50.5294,17.0289,18.763,17.25076,21.6605,28.25333333333333,28.170599999999997,28.06046,30.1146,39.404383333333335,40.211800000000004,39.71506,40.4235,35.36343333333333,33.254733333333334,34.75276,31.7719,39.77883333333333,37.58026666666667,38.428,41.7872,34.85441666666667,33.18063333333333,34.35016,34.3164,33.39223333333333,34.40696666666667,34.63872,35.8999,33.579766666666664,31.6799,32.49738,35.0562,27.232766666666667,26.988733333333332,28.14738,28.0702,0,,,,,False,2021,,257,Seattle,WAC,-4.9551,213,7.6959,107
Jim Larranaga,jim larranaga,2025,166,Miami FL,ACC,10,1,0.5688073394495413,10.96136,7.8313999999999995,8.260299999999999,22.443,-4.3928199999999995,-7.138966666666668,-6.11232,6.5908,-16.7957,0.3,0.1,0.5,-34.2,76.5,15,0.2,0.5,0.7,0.5,3.2,9.19865,-2.25028,67.18404000000001,68.37193333333333,68.12952,67.66,194.6,126.0,140.4,168,51.74291000000001,52.96193333333334,51.9217,51.947,16.84521,16.4265,16.33356,16.0451,28.277390000000004,29.58813333333333,27.63902,28.2274,30.64171,27.246133333333333,28.677159999999997,26.3926,51.1754,53.2012,52.93098,57.3802,18.000149999999998,16.5628,17.61192,14.9565,29.215989999999998,29.37176666666667,28.94436,30.7692,25.11286,25.0402,23.93698,28.7582,34.21875,34.75083333333333,33.52808,31.3202,36.52969,37.71863333333334,36.404579999999996,38.5073,34.775,35.470499999999994,35.744,39.6999,37.87365,41.491733333333336,40.77818,39.9237,29.74746,31.023933333333332,29.267039999999998,29.163,32.8121,35.338366666666666,35.53854,34.92,0,,,,,False,2025,,166,Miami FL,ACC,-2.6129,193,-16.7957,-139
Jim Les,jim les,2026,302,UC Davis,BW,11,1,0.5269461077844312,-3.228890909090909,-2.479366666666667,-2.19292,3.2543,0.5802545454545454,-0.07490000000000041,0.4945599999999997,10.2957,-6.9434,0.45454545454545453,0.18181818181818182,0.18181818181818182,6.636363636363637,203.9090909090909,129,0.0,0.0,0.0,0.09090909090909091,2.090909090909091,-2.2638818181818183,-0.5560454545454545,67.7446090909091,67.79333333333334,68.17066,68.9865,178.36363636363637,163.33333333333334,142.0,91,49.49330909090909,49.40713333333333,49.3303,51.7624,19.466609090909092,18.969666666666665,19.0809,17.9154,26.395918181818182,27.182233333333333,27.98412,25.188,36.38395454545454,39.007266666666666,37.85776,40.5344,50.458681818181816,50.275133333333336,49.76666,51.7426,20.7388,20.799333333333333,20.49178,19.7563,29.17101818181818,31.561566666666664,30.44572,30.5372,36.42858181818182,38.9197,37.02598,39.1231,34.17669090909091,33.161833333333334,33.062239999999996,34.3791,34.68440909090909,38.80233333333333,36.58448,43.4906,34.095327272727275,33.907466666666664,34.457119999999996,33.8257,35.94646363636363,36.2811,34.701119999999996,38.0551,28.31910909090909,30.139266666666668,28.66062,33.4606,28.871063636363637,28.49546666666667,28.28638,29.1472,0,,,,,False,2026,,302,UC Davis,BW,0.6675,162,8.5659,103
Jim Shaw,jim shaw,2026,291,Texas A&M Corpus Chris,Slnd,3,1,0.59,-0.5924333333333333,-0.5924333333333333,-0.5924333333333333,0.8134,6.745466666666666,6.745466666666666,6.745466666666666,7.5777,6.327,1.0,1.0,0.0,89.66666666666667,168.33333333333334,150,0.0,0.0,0.0,0.0,0.0,-3.7064,7.068666666666666,67.52883333333334,67.52883333333334,67.52883333333334,66.0593,175.0,175.0,175.0,254,49.518499999999996,49.518499999999996,49.518499999999996,49.4583,18.263166666666667,18.263166666666667,18.263166666666667,19.3847,32.4873,32.4873,32.4873,31.6852,38.028933333333335,38.028933333333335,38.028933333333335,41.109,49.321400000000004,49.321400000000004,49.321400000000004,50.0661,19.058766666666667,19.058766666666667,19.058766666666667,19.0238,28.174133333333334,28.174133333333334,28.174133333333334,28.7671,44.66823333333334,44.66823333333334,44.66823333333334,46.3318,33.024499999999996,33.024499999999996,33.024499999999996,34.9594,30.09396666666667,30.09396666666667,30.09396666666667,31.3576,32.59623333333333,32.59623333333333,32.59623333333333,31.6288,35.954299999999996,35.954299999999996,35.954299999999996,34.8976,23.923600000000004,23.923600000000004,23.923600000000004,25.9688,27.1373,27.1373,27.1373,24.9006,0,,,,,False,2026,,291,Texas A&M Corpus Chris,Slnd,-0.3372,173,7.5777,93
Jim Whitesell,jim whitesell,2023,33,Buffalo,MAC,4,1,0.5882352941176471,3.445675,3.9794,3.445675,11.2974,-0.9805750000000002,0.28739999999999993,-0.9805750000000002,7.1104,-5.3409,0.25,0.25,0.25,-19.5,141.5,77,0.0,0.0,0.25,0.0,1.0,-0.06084999999999996,3.021075,72.52459999999999,72.05623333333334,72.52459999999999,72.0586,14.0,16.0,14.0,12,50.278625,50.7664,50.278625,49.5428,18.64935,18.75893333333333,18.64935,19.2212,35.275725,35.47286666666667,35.275725,32.1685,28.684125,29.106233333333336,28.684125,31.9527,48.959075,48.98623333333333,48.959075,52.5124,17.686675,17.232233333333333,17.686675,18.3639,28.20615,28.01686666666667,28.20615,29.084,31.224475,31.496566666666666,31.224475,36.5544,32.781549999999996,33.211733333333335,32.781549999999996,31.3291,34.998075,34.123799999999996,34.998075,33.9968,31.7714,31.9141,31.7714,35.3125,33.6034,33.40996666666666,33.6034,35.3396,28.586625,27.936866666666663,28.586625,26.2716,26.53555,26.45596666666667,26.53555,28.6076,0,,,,,False,2023,,33,Buffalo,MAC,-2.7513,211,-0.9073,-30
Jimmy Allen,jimmy allen,2023,17,Army,Pat,7,1,0.4666666666666667,-7.3321,-7.025200000000001,-7.31874,-3.4657,-0.3290857142857143,0.6997999999999998,-0.77192,8.0844,-6.5284,0.42857142857142855,0.2857142857142857,0.14285714285714285,1.4285714285714286,248.57142857142858,197,0.0,0.0,0.0,0.0,0.0,-5.890214285714286,-4.304842857142857,69.52387142857143,68.55776666666667,68.98188,68.442,93.0,121.66666666666667,109.2,119,51.52651428571429,51.46313333333333,51.38144,53.8012,18.40347142857143,18.7154,17.90144,19.0867,24.808042857142855,26.14833333333333,24.0502,25.3935,27.8827,30.932666666666666,28.55288,31.345,52.03764285714286,52.18813333333333,52.30258,51.3641,18.1508,18.11413333333333,18.01204,15.5521,25.22162857142857,25.382099999999998,24.97886,24.1874,28.512,25.201333333333334,25.56482,28.5078,33.8368,33.0131,32.73344,34.8765,39.60014285714286,37.66993333333333,38.5719,37.8947,35.31292857142857,35.3818,35.440160000000006,33.0882,39.556042857142856,39.773199999999996,40.2156,37.8619,33.21922857142857,30.250833333333333,31.205000000000002,30.6233,33.87005714285714,34.6337,34.98192,30.6818,0,,,,,False,2023,,17,Army,Pat,-6.491,248,1.417,16
Jimmy Patsos,jimmy patsos,2018,259,Siena,MAAC,3,1,0.46,-2.956,-2.956,-2.956,3.6745,-2.6726000000000005,-2.6726000000000005,-2.6726000000000005,4.0739,-7.2565,0.3333333333333333,0.0,0.3333333333333333,-28.333333333333332,200.33333333333334,128,0.0,0.0,0.0,0.0,0.0,-2.6713,2.2294666666666667,68.15743333333334,68.15743333333334,68.15743333333334,65.6671,174.33333333333334,174.33333333333334,174.33333333333334,298,50.02126666666666,50.02126666666666,50.02126666666666,48.1564,21.209999999999997,21.209999999999997,21.209999999999997,21.7034,35.34526666666667,35.34526666666667,35.34526666666667,31.4387,39.0525,39.0525,39.0525,36.4246,49.476933333333335,49.476933333333335,49.476933333333335,50.9011,16.691566666666667,16.691566666666667,16.691566666666667,15.6372,29.411533333333335,29.411533333333335,29.411533333333335,28.9686,38.657466666666664,38.657466666666664,38.657466666666664,42.1081,35.38843333333333,35.38843333333333,35.38843333333333,36.6667,30.481399999999997,30.481399999999997,30.481399999999997,33.5196,33.64026666666667,33.64026666666667,33.64026666666667,34.9304,34.216366666666666,34.216366666666666,34.216366666666666,35.3359,25.539666666666665,25.539666666666665,25.539666666666665,30.4709,27.281566666666667,27.281566666666667,27.281566666666667,28.1913,0,,,,,False,2018,,259,Siena,MAAC,-12.3833,303,-4.8352,-42
Joe Callero,joe callero,2019,36,Cal Poly,BW,4,1,0.2975206611570248,-12.353900000000001,-15.254,-12.353900000000001,-3.6536,-6.88245,-6.3496,-6.88245,-5.078,-8.481,0.0,0.0,1.0,-61.75,292.0,203,0.0,0.0,0.0,0.0,0.0,-1.823375,1.4836,65.9888,65.91019999999999,65.9888,66.1607,272.0,275.3333333333333,272.0,255,47.2526,47.0114,47.2526,47.1928,16.399375,16.821,16.399375,16.9887,26.599275,25.450333333333333,26.599275,26.1209,29.279225,27.312766666666665,29.279225,25.8266,52.908625,52.809000000000005,52.908625,52.5962,16.348775,16.511633333333332,16.348775,15.5775,29.915824999999998,30.4345,29.915824999999998,31.4472,38.5148,37.93586666666667,38.5148,38.0769,34.214425,33.804899999999996,34.214425,32.0433,40.407475,41.33696666666666,40.407475,40.2994,39.083925,38.77856666666667,39.083925,36.4865,31.18835,30.997466666666668,31.18835,33.2051,36.04745,36.94663333333333,36.04745,34.8876,27.3763,27.05366666666667,27.3763,27.5109,0,,,,,False,2019,,36,Cal Poly,BW,-17.8592,334,-5.078,-21
Joe Dooley,joe dooley,2022,75,East Carolina,Amer,7,2,0.5302325581395348,-0.6163571428571429,-1.5117666666666667,-1.8610400000000002,5.0705,0.6563,-1.0247666666666666,-0.13219999999999998,4.9477,-3.1136,0.7142857142857143,0.0,0.0,9.857142857142858,173.14285714285714,108,0.0,0.0,0.0,0.2857142857142857,5.285714285714286,-1.1785142857142856,-5.244571428571429,68.3761,68.70236666666666,69.15806,67.6524,155.71428571428572,129.0,114.0,138,49.39664285714286,46.37466666666666,48.108019999999996,47.1594,18.558557142857143,18.8279,18.97502,18.6835,29.512157142857145,27.249200000000002,28.232280000000003,27.6243,34.767742857142856,34.45446666666667,34.4743,33.5072,49.627385714285715,49.82606666666667,50.069100000000006,50.4896,18.479171428571426,19.2517,19.2197,18.4914,28.231514285714287,27.564433333333337,28.110180000000003,28.4768,36.79872857142857,36.47423333333334,37.2658,30.9908,32.10895714285714,30.374066666666664,31.376179999999998,33.284,32.035714285714285,34.89196666666667,33.47916,39.1884,32.86091428571429,33.63646666666667,33.54986,35.2528,39.50141428571429,42.362,40.5553,41.0138,24.996128571428567,27.0695,26.038819999999998,32.7193,31.289614285714286,34.210433333333334,32.47262,35.3853,0,,,,,False,2022,,75,East Carolina,Amer,-0.8609,179,-1.2409,-19
Joe Gallo,joe gallo,2026,359,Merrimack,MAAC,7,1,0.5774647887323944,-6.585885714285714,-2.2888333333333333,-5.9666,-0.6284,2.376128571428571,6.821533333333334,2.3456200000000003,9.939,-7.6734,0.5714285714285714,0.42857142857142855,0.14285714285714285,31.571428571428573,242.14285714285714,177,0.0,0.0,0.0,0.0,0.0,-7.584757142857143,-12.183814285714286,64.81484285714285,65.20176666666667,64.80608,63.4983,291.85714285714283,286.6666666666667,286.4,348,49.300000000000004,49.422133333333335,49.04588,49.1189,17.929657142857142,15.9272,17.39874,14.8426,22.148699999999998,22.719633333333334,22.23382,24.8425,30.62397142857143,32.304233333333336,31.488220000000002,38.1608,47.7129,46.61496666666667,47.60442,46.6898,23.3224,22.341866666666665,23.10782,20.3686,35.80182857142857,37.6785,36.95638,39.8968,33.017028571428575,33.185766666666666,32.071780000000004,37.1062,32.48108571428572,32.26003333333333,32.4752,32.736,42.84988571428572,44.03863333333334,43.277499999999996,46.0903,31.92747142857143,30.754166666666666,31.689980000000002,30.2782,33.06357142857143,33.38953333333333,33.38162,32.6215,34.73477142857143,34.658633333333334,34.8815,35.279,26.641085714285715,26.3416,26.859680000000004,24.5575,0,,,,,False,2026,,359,Merrimack,MAAC,-0.6284,177,7.5144,93
Joe Golding,joe golding,2026,322,UTEP,CUSA,11,2,0.5542857142857143,-3.302645454545454,-3.4494000000000002,-2.17582,10.1138,1.8043999999999998,-3.3499,-2.0071199999999996,10.0628,-8.6184,0.6363636363636364,0.2727272727272727,0.09090909090909091,16.363636363636363,205.27272727272728,84,0.0,0.0,0.09090909090909091,0.18181818181818182,2.6363636363636362,-3.6235454545454546,0.14039090909090907,67.63005454545454,68.10936666666667,67.56964,65.5266,182.27272727272728,146.33333333333334,167.4,282,49.966890909090914,48.54826666666667,48.69132,48.2581,19.30409090909091,18.40693333333333,18.97336,17.3773,27.07739090909091,26.849333333333334,27.295460000000002,26.1491,35.834345454545456,37.7123,35.94704,33.3548,51.03749090909091,51.820233333333334,51.27978,51.5339,22.485327272727275,21.950033333333334,21.8532,17.9673,30.017954545454543,32.076633333333334,31.074779999999997,32.7991,42.29779090909091,42.75703333333333,40.57078,41.9713,34.021018181818185,33.2034,32.69968,33.92,35.3654,35.981233333333336,35.136540000000004,40.3226,33.2719,33.16826666666667,33.166219999999996,33.9721,34.93741818181818,37.52673333333333,36.581939999999996,37.4674,28.965836363636367,29.198666666666668,28.407280000000004,34.1936,26.46059090909091,27.922966666666667,27.804719999999996,28.7469,0,,,,,False,2026,,322,UTEP,CUSA,-9.3827,275,-8.6184,-118
Joe Jones,joe jones,2026,27,Boston University,PL,11,1,0.5201149425287356,-6.659118181818181,-10.332266666666667,-8.67356,0.7792,-2.477418181818182,-2.222766666666667,-2.00966,3.8222,-8.6545,0.18181818181818182,0.0,0.2727272727272727,-28.636363636363637,243.45454545454547,159,0.0,0.0,0.0,0.09090909090909091,1.4545454545454546,-6.221227272727273,-11.958300000000001,66.1688,64.12236666666666,64.54988,63.1806,251.0,328.0,309.6,355,51.35589090909091,51.822300000000006,50.85832,57.4916,18.734709090909092,18.6311,18.415219999999998,17.6237,28.804581818181816,29.024900000000002,29.36938,27.9877,30.3798,30.772433333333336,30.024279999999997,31.4254,51.67606363636364,51.98206666666667,51.455960000000005,53.6072,17.25456363636364,15.5162,16.265340000000002,13.0202,25.967190909090906,24.789933333333334,24.635640000000002,27.9963,32.14956363636364,32.903866666666666,32.84458,30.4897,34.43819090909091,34.893566666666665,34.3993,38.8462,38.5754,42.163199999999996,40.62136,43.771,34.900363636363636,35.7447,34.968,36.5759,38.56539090909091,40.63863333333333,38.86998,40.6003,32.10896363636363,35.15813333333333,33.95814,36.9212,32.054154545454544,34.12643333333333,32.24942,34.4322,0,,,,,False,2026,,27,Boston University,PL,-8.1735,262,-0.4521,-1
Joe Mihalich,joe mihalich,2021,111,Hofstra,CAA,6,1,0.656084656084656,3.1579833333333336,3.6285666666666665,2.10456,8.4251,0.06986666666666674,1.9634333333333334,-0.4900199999999999,6.3943,-5.8416,0.5,0.16666666666666666,0.16666666666666666,-12.5,138.0,92,0.0,0.0,0.3333333333333333,0.16666666666666666,4.333333333333333,-2.1401,-1.1258,68.2559,67.8504,68.01496,68.077,167.83333333333334,187.33333333333334,180.8,179,52.45963333333333,52.8143,52.6644,50.8197,15.884066666666667,15.9243,15.72596,17.4461,29.8603,28.586399999999998,29.453899999999997,29.1616,36.4817,35.0687,35.8788,33.1595,51.8088,51.1915,52.18954,51.1208,17.25645,18.4691,17.43222,17.3834,29.20465,29.396833333333333,29.05188,28.9246,26.14833333333333,23.685666666666666,26.57724,25.8134,36.400733333333335,36.35203333333333,36.559659999999994,32.9545,39.13803333333333,38.726099999999995,38.9858,39.3443,34.68108333333333,33.27066666666666,34.54858,33.7761,35.90083333333333,37.23330000000001,36.3163,38.1056,32.51215,31.805966666666666,32.46912,31.016,30.5342,31.0733,30.457,31.8046,0,,,,,False,2021,,111,Hofstra,CAA,-2.5469,190,-3.1339,-37
Joe Pasternack,joe pasternack,2026,305,UC Santa Barbara,BW,9,1,0.6631205673758865,2.998088888888889,0.13276666666666678,1.8369600000000001,13.629,1.1810444444444446,-1.8456666666666666,-2.3173,10.405,-6.3183,0.6666666666666666,0.2222222222222222,0.2222222222222222,7.888888888888889,138.33333333333334,58,0.0,0.0,0.1111111111111111,0.2222222222222222,2.888888888888889,-3.252966666666667,-3.9544000000000006,65.47855555555556,65.8368,65.56788,64.4234,286.1111111111111,267.3333333333333,273.6,327,53.0304,54.202866666666665,54.04818,54.6735,17.642377777777778,18.6854,18.469720000000002,18.7176,28.86258888888889,27.923466666666666,27.672980000000003,30.9744,35.73906666666667,35.38806666666667,35.5597,36.7885,49.86617777777778,50.70303333333334,50.07486,52.5814,17.661833333333334,16.108833333333333,17.2638,16.8117,26.423166666666667,27.114533333333338,26.928520000000002,25.5407,31.595644444444442,35.13623333333333,33.009159999999994,42.4093,35.6398,36.942566666666664,35.8131,37.3641,35.476333333333336,40.66993333333333,36.2401,44.0983,33.003911111111115,32.2634,32.67084,33.9071,34.309533333333334,35.4616,34.083600000000004,35.7099,28.7974,33.5394,29.202199999999998,35.854,27.688477777777777,27.028133333333333,26.824400000000004,26.7179,0,,,,,False,2026,,305,UC Santa Barbara,BW,2.9506,132,0.6217,-6
Joe Scott,joe scott,2026,2,Air Force,MWC,7,2,0.29245283018867924,-9.513271428571429,-13.310466666666665,-9.43272,1.2521,-4.364028571428571,-9.790133333333333,-3.8559200000000002,6.6221,-12.009,0.2857142857142857,0.14285714285714285,0.5714285714285714,-39.0,266.0,147,0.0,0.0,0.0,0.0,0.0,2.3909999999999996,-7.0167142857142855,63.26351428571429,64.30103333333334,63.836760000000005,66.3428,330.85714285714283,308.6666666666667,323.2,242,52.22781428571428,50.94246666666667,51.576859999999996,48.9004,20.746042857142857,20.462966666666667,20.36816,21.8854,20.75152857142857,22.666433333333334,21.96946,21.4286,32.21884285714286,33.357866666666666,31.62004,35.0641,53.61024285714286,55.06153333333333,53.1948,56.3795,18.594228571428573,16.108233333333335,17.13754,15.0694,30.90295714285714,30.593999999999998,29.947480000000002,31.2561,37.3369,37.026833333333336,37.02608,36.5867,34.27674285714286,33.2323,33.7168,30.5556,44.72525714285714,45.81043333333333,45.14582,41.7838,34.95538571428572,36.84206666666667,34.20796,37.6404,36.23504285714286,37.2404,35.59074,38.8222,36.34622857142857,36.9927,36.796260000000004,31.8436,28.261285714285716,30.049433333333337,27.370600000000003,31.4554,0,,,,,False,2026,,2,Air Force,MWC,-19.7348,345,-12.009,-83
John Aiken,john aiken,2023,163,McNeese St.,Slnd,2,1,0.3283582089552239,-14.2996,-14.2996,-14.2996,-12.9673,1.8394,1.8394,1.8394,3.7887,-0.1099,0.5,0.0,0.0,14.0,322.5,310,0.0,0.0,0.0,0.0,0.0,-5.9979,5.36585,67.85945,67.85945,67.85945,66.1078,143.5,143.5,143.5,232,48.7751,48.7751,48.7751,48.978,21.828,21.828,21.828,21.6392,33.3044,33.3044,33.3044,33.3056,33.3548,33.3548,33.3548,29.2453,53.473749999999995,53.473749999999995,53.473749999999995,54.9704,18.1537,18.1537,18.1537,18.4909,29.9829,29.9829,29.9829,31.0536,37.55145,37.55145,37.55145,34.8737,31.506500000000003,31.506500000000003,31.506500000000003,32.4147,36.6733,36.6733,36.6733,39.9371,37.17245,37.17245,37.17245,39.6648,36.257000000000005,36.257000000000005,36.257000000000005,38.4739,29.131050000000002,29.131050000000002,29.131050000000002,33.0508,30.255650000000003,30.255650000000003,30.255650000000003,33.9307,0,,,,,False,2023,,163,McNeese St.,Slnd,-15.6319,335,-0.1099,6
John Andrzejek,john andrzejek,2026,41,Campbell,CAA,1,1,0.47058823529411764,-1.7017,-1.7017,-1.7017,-1.7017,2.4134,2.4134,2.4134,2.4134,2.4134,1.0,0.0,0.0,18.0,185.0,185,0.0,0.0,0.0,0.0,0.0,0.3211,7.2151,69.7919,69.7919,69.7919,69.7919,58.0,58.0,58.0,58,50.1354,50.1354,50.1354,50.1354,17.5847,17.5847,17.5847,17.5847,33.4513,33.4513,33.4513,33.4513,43.4759,43.4759,43.4759,43.4759,53.9163,53.9163,53.9163,53.9163,16.9598,16.9598,16.9598,16.9598,31.9656,31.9656,31.9656,31.9656,37.0172,37.0172,37.0172,37.0172,32.2581,32.2581,32.2581,32.2581,36.9247,36.9247,36.9247,36.9247,35.4839,35.4839,35.4839,35.4839,29.9356,29.9356,29.9356,29.9356,27.1159,27.1159,27.1159,27.1159,23.5527,23.5527,23.5527,23.5527,0,,,,,False,2026,,41,Campbell,CAA,-1.7017,185,2.4134,18
John Becker,john becker,2026,327,Vermont,AE,11,1,0.7353760445682451,5.2404,-2.0496666666666665,2.4753,13.1952,-0.16101818181818184,-3.9781,-1.42536,7.1815,-14.1199,0.5454545454545454,0.2727272727272727,0.2727272727272727,-10.818181818181818,120.72727272727273,54,0.0,0.0,0.45454545454545453,0.5454545454545454,7.818181818181818,-5.592218181818182,-7.086290909090909,64.95518181818183,63.6042,64.02422,64.9064,300.27272727272725,339.0,325.4,309,53.51823636363636,51.259966666666664,53.148900000000005,53.1494,16.338527272727273,15.200433333333335,14.90838,14.3359,25.76828181818182,24.9131,23.5268,26.1996,32.67960909090909,30.026633333333333,28.987000000000002,31.1037,48.52206363636364,48.646833333333326,48.93796,50.4058,17.21700909090909,15.192666666666668,15.81598,14.7674,23.573445454545457,24.1143,22.693,22.9831,29.255163636363637,30.1317,28.11518,36.4058,35.443481818181816,32.983466666666665,34.35188,33.3333,40.30189090909091,44.01736666666667,43.69514,44.6488,34.02924545454545,33.28633333333333,33.87544,35.3024,37.302372727272726,38.793366666666664,38.02078,41.2174,32.668290909090906,35.103566666666666,35.39156,34.7054,32.24660909090909,32.487033333333336,32.71606,34.2273,0,,,,,False,2026,,327,Vermont,AE,-6.4346,239,-1.9392,-30
John Beilein,john beilein,2019,168,Michigan,B10,4,1,0.7368421052631579,22.431825,25.191000000000003,22.431825,28.3221,5.347425,8.134933333333334,5.347425,10.3697,-3.0151,0.75,0.75,0.0,4.5,20.75,6,0.75,1.0,1.0,1.0,5.75,10.326875,-3.23355,64.625275,64.2343,64.625275,64.7841,317.0,326.3333333333333,317.0,317,54.242525,54.15369999999999,54.242525,51.5937,14.187000000000001,14.067,14.187000000000001,13.9418,24.900625,24.94046666666667,24.900625,24.6795,29.010825,29.429266666666667,29.010825,27.5452,48.777725000000004,47.8902,48.777725000000004,44.0666,18.7437,19.016966666666665,18.7437,17.9666,26.52325,26.569266666666664,26.52325,24.8297,27.045625,27.058766666666667,27.045625,24.0714,36.474775,35.977666666666664,36.474775,34.2074,43.134975,42.73373333333333,43.134975,39.9144,33.6883,33.3358,33.6883,29.053,31.363300000000002,29.6778,31.363300000000002,30.0531,36.4968,35.66936666666667,36.4968,33.4369,27.122625,25.836033333333333,27.122625,25.1622,0,,,,,False,2019,,168,Michigan,B10,28.3221,6,10.3697,17
John Brady,john brady,2016,16,Arkansas St.,SB,1,1,0.3548387096774194,-7.5066,-7.5066,-7.5066,-7.5066,-3.7348,-3.7348,-3.7348,-3.7348,-3.7348,0.0,0.0,0.0,-25.0,251.0,251,0.0,0.0,0.0,0.0,0.0,-1.5992,-1.8845,72.0363,72.0363,72.0363,72.0363,30.0,30.0,30.0,30,45.8165,45.8165,45.8165,45.8165,17.9549,17.9549,17.9549,17.9549,28.0215,28.0215,28.0215,28.0215,40.1039,40.1039,40.1039,40.1039,47.136,47.136,47.136,47.136,14.8689,14.8689,14.8689,14.8689,31.1987,31.1987,31.1987,31.1987,38.0086,38.0086,38.0086,38.0086,31.5399,31.5399,31.5399,31.5399,31.1021,31.1021,31.1021,31.1021,35.5588,35.5588,35.5588,35.5588,36.8844,36.8844,36.8844,36.8844,24.3205,24.3205,24.3205,24.3205,32.7394,32.7394,32.7394,32.7394,0,,,,,False,2016,,16,Arkansas St.,SB,-7.5066,251,-3.7348,-25
John Brannen,john brannen,2021,50,Cincinnati,Amer,6,2,0.6108108108108108,4.89795,9.070033333333333,7.41024,14.0177,1.2842833333333334,-2.5779333333333327,1.66398,10.6023,-8.2488,0.5,0.3333333333333333,0.16666666666666666,26.333333333333332,123.16666666666667,44,0.0,0.16666666666666666,0.5,0.5,8.0,1.1525999999999998,2.0444166666666668,68.4606,68.96326666666666,68.70206,70.6995,162.66666666666666,136.0,151.2,66,51.620066666666666,51.07583333333333,51.89404,48.357,19.111016666666668,19.533966666666668,18.99908,20.5401,29.58321666666667,30.574766666666665,30.19248,29.132,34.33883333333333,35.78163333333333,34.9652,33.0097,48.56001666666666,48.12876666666667,48.22214,49.5769,18.18225,18.934299999999997,18.59986,18.645,27.248566666666665,26.961,26.801620000000003,26.0705,34.50475,34.064433333333334,32.8895,37.8462,33.99205,33.00133333333333,33.7297,31.1069,39.45101666666667,38.84063333333334,39.72396,39.1337,33.36338333333333,33.056533333333334,32.67172,33.5526,35.00861666666667,36.27106666666666,35.57642,35.0769,31.812383333333333,30.545599999999997,31.54246,30.8517,28.6665,29.6733,29.017360000000004,27.6673,0,,,,,False,2021,,50,Cincinnati,Amer,6.0553,116,-8.2488,-56
John Calipari,john calipari,2026,13,Arkansas,SEC,11,2,0.7142857142857143,21.877609090909093,21.363533333333333,21.44234,27.7224,-1.6717545454545453,1.7671666666666666,-0.44848,5.3945,-12.3773,0.5454545454545454,0.09090909090909091,0.36363636363636365,-9.545454545454545,20.272727272727273,4,0.6363636363636364,1.0,1.0,0.9090909090909091,3.8181818181818183,11.021363636363636,2.4433636363636366,68.7624909090909,71.21633333333334,69.3794,71.5179,142.72727272727272,32.666666666666664,100.8,17,52.589254545454544,55.26160000000001,53.90734,56.4097,16.70339090909091,14.238833333333332,15.371099999999998,12.1944,33.886663636363636,29.666366666666665,33.1746,32.0127,36.52619090909091,33.966433333333335,32.37066,35.9028,47.44786363636364,49.6552,48.898939999999996,51.8098,17.276172727272726,16.229166666666668,16.55034,15.5634,28.737,30.3753,28.21374,30.878,31.30267272727273,31.2846,29.837380000000003,31.229,35.65639090909091,37.253433333333334,36.24778,38.198,31.075963636363635,35.710433333333334,33.00712,33.0121,31.74650909090909,32.13066666666666,31.9289,31.8232,36.847936363636364,39.03253333333333,37.68716,38.0892,25.25547272727273,29.3002,27.22582,27.0602,29.9734,30.905766666666665,30.234699999999997,28.8192,0,,,,,False,2026,,13,Arkansas,SEC,25.4725,18,5.3945,11
John Cooper,john cooper,2017,167,Miami OH,MAC,2,1,0.36923076923076925,-8.648299999999999,-8.648299999999999,-8.648299999999999,-7.2469,-3.9358000000000004,-3.9358000000000004,-3.9358000000000004,-0.6835,-7.1881,0.0,0.0,0.5,-37.0,263.0,247,0.0,0.0,0.0,0.0,0.0,-1.4656000000000002,-5.34175,66.45745,66.45745,66.45745,68.6007,239.5,239.5,239.5,148,46.941599999999994,46.941599999999994,46.941599999999994,48.6078,19.2833,19.2833,19.2833,20.1128,26.41875,26.41875,26.41875,24.9305,36.5124,36.5124,36.5124,36.9668,51.283699999999996,51.283699999999996,51.283699999999996,51.406,20.7788,20.7788,20.7788,20.7195,31.4741,31.4741,31.4741,31.7881,39.30305,39.30305,39.30305,40.0117,30.866500000000002,30.866500000000002,30.866500000000002,30.9365,34.09005,34.09005,34.09005,35.4265,35.34425,35.34425,35.34425,34.8128,42.2029,42.2029,42.2029,42.2378,26.28785,26.28785,26.28785,26.7341,33.9765,33.9765,33.9765,33.3481,0,,,,,False,2017,,167,Miami OH,MAC,-10.0497,279,-0.6835,8
John Dunne,john dunne,2026,157,Marist,MAAC,11,2,0.4955223880597015,-5.856063636363637,-5.3882,-5.61216,6.6746,1.2969727272727274,1.2019,2.1321,6.7145,-3.5386,0.6363636363636364,0.2727272727272727,0.0,18.454545454545453,232.8181818181818,95,0.0,0.0,0.09090909090909091,0.0,0.0,-6.433036363636364,-7.533963636363636,64.66692727272726,65.17416666666666,65.44166,66.3863,304.0,298.0,280.4,239,49.42969090909091,50.00546666666667,49.66606,49.3395,18.90289090909091,17.966233333333335,18.04232,16.9247,26.47940909090909,27.547833333333333,27.00396,29.1139,29.15408181818182,25.94626666666667,26.34828,25.6749,48.01491818181818,46.5365,47.171839999999996,45.5936,18.88818181818182,18.787766666666666,18.0011,19.4709,26.8457,26.8882,27.37864,28.2649,33.91420909090909,35.2651,32.53476,37.5765,33.85858181818182,33.07053333333334,33.28596,32.2259,38.80281818181818,36.174,37.7118,34.5778,32.90614545454545,31.3617,32.49726,28.619,40.4943,36.8533,37.8059,36.7809,33.08662727272727,30.171566666666667,31.84112,28.1567,33.28525454545455,29.423666666666666,31.4249,26.903,0,,,,,False,2026,,157,Marist,MAAC,-2.8849,201,1.888,16
John Gallagher,john gallagher,2026,156,Manhattan,MAAC,10,2,0.43769968051118213,-10.13951,-13.323,-10.60058,-2.3189,0.22467000000000015,-1.7079666666666666,-0.3587599999999998,8.242,-9.2113,0.5,0.4,0.2,21.3,269.3,194,0.0,0.0,0.0,0.1,1.6,-6.2899,-3.53128,67.7158,67.97603333333333,67.61408,67.9034,180.1,147.33333333333334,171.8,148,50.11085,48.61996666666666,49.8147,47.8654,18.16357,17.235766666666667,17.894460000000002,15.6259,25.15764,28.763899999999996,26.945999999999998,28.5714,30.43727,29.260433333333335,28.795799999999996,34.0449,51.22166,52.654066666666665,51.4499,53.9311,17.83045,16.224999999999998,17.041040000000002,16.6552,31.7394,33.14156666666667,31.365319999999997,36.9585,30.100170000000002,26.315766666666665,26.44258,25.6937,34.29679,32.474466666666665,33.3232,32.0059,42.31058,39.13833333333333,41.0326,37.11,33.999939999999995,35.231899999999996,34.07469999999999,36.6216,38.02699,37.952400000000004,38.61014,38.0267,35.62033,31.922366666666665,33.9709,29.0107,31.269119999999997,32.07176666666667,32.2188,32.955,0,,,,,False,2026,,156,Manhattan,MAAC,-16.2434,329,-9.2113,-79
John Giannini,john giannini,2018,138,La Salle,A10,3,1,0.3978494623655914,-2.1591,-2.1591,-2.1591,1.8029,-4.963433333333334,-4.963433333333334,-4.963433333333334,-0.9553,-10.7224,0.0,0.0,0.3333333333333333,-62.333333333333336,187.66666666666666,140,0.0,0.0,0.0,0.0,0.0,2.5000666666666667,1.1637333333333333,67.96506666666666,67.96506666666666,67.96506666666666,68.9377,176.33333333333334,176.33333333333334,176.33333333333334,129,50.0061,50.0061,50.0061,49.0289,17.980433333333334,17.980433333333334,17.980433333333334,16.4847,25.365733333333335,25.365733333333335,25.365733333333335,25.5449,33.40636666666666,33.40636666666666,33.40636666666666,31.0236,53.06753333333334,53.06753333333334,53.06753333333334,51.6415,18.101066666666668,18.101066666666668,18.101066666666668,17.4984,29.083866666666665,29.083866666666665,29.083866666666665,25.3369,33.89516666666667,33.89516666666667,33.89516666666667,33.746,34.32983333333333,34.32983333333333,34.32983333333333,32.9577,41.45336666666667,41.45336666666667,41.45336666666667,37.2703,38.5169,38.5169,38.5169,38.0727,36.088699999999996,36.088699999999996,36.088699999999996,34.0689,34.3473,34.3473,34.3473,30.09,31.9412,31.9412,31.9412,30.6356,0,,,,,False,2018,,138,La Salle,A10,1.0587,156,-0.9553,-19
John Griffin,john griffin,2026,32,Bucknell,PL,3,1,0.42424242424242425,-10.067066666666667,-10.067066666666667,-10.067066666666667,-4.9729,0.6749333333333333,0.6749333333333333,0.6749333333333333,7.0004,-6.4451,0.6666666666666666,0.3333333333333333,0.3333333333333333,18.333333333333332,277.6666666666667,226,0.0,0.0,0.0,0.0,0.0,-6.6108666666666664,1.292,66.44966666666666,66.44966666666666,66.44966666666666,66.9625,235.0,235.0,235.0,206,50.91736666666666,50.91736666666666,50.91736666666666,48.4906,18.838666666666665,18.838666666666665,18.838666666666665,18.9863,26.264799999999997,26.264799999999997,26.264799999999997,26.9573,31.8332,31.8332,31.8332,29.7574,51.49673333333334,51.49673333333334,51.49673333333334,54.7246,17.1263,17.1263,17.1263,17.9116,29.3049,29.3049,29.3049,31.2734,34.046366666666664,34.046366666666664,34.046366666666664,35.2592,33.26306666666667,33.26306666666667,33.26306666666667,30.6431,42.8972,42.8972,42.8972,42.7493,34.7046,34.7046,34.7046,36.9976,42.8281,42.8281,42.8281,45.6803,34.3955,34.3955,34.3955,32.7935,35.01603333333333,35.01603333333333,35.01603333333333,37.2915,0,,,,,False,2026,,32,Bucknell,PL,-16.7722,331,-6.4451,-32
John Groce,john groce,2026,3,Akron,MAC,11,2,0.6444444444444445,5.677736363636364,7.664733333333333,6.554460000000001,11.9364,1.5475545454545454,2.2996000000000003,1.47058,7.2686,-6.5504,0.7272727272727273,0.2727272727272727,0.18181818181818182,5.636363636363637,115.63636363636364,66,0.0,0.0,0.36363636363636365,0.45454545454545453,6.090909090909091,0.16092727272727275,0.6052454545454548,67.44705454545455,69.30773333333333,67.04186,70.2218,190.1818181818182,108.0,191.8,38,52.06236363636364,54.907466666666664,53.81386,58.1514,17.136163636363637,16.267033333333334,16.63696,15.4837,28.50842727272727,31.593933333333336,30.70258,33.4247,31.821118181818182,29.623099999999997,32.361000000000004,29.2091,49.70869090909091,50.10536666666667,49.8296,51.2054,17.955354545454547,17.42103333333333,17.509539999999998,18.2563,28.050327272727273,28.2906,27.55516,29.9174,29.974718181818183,30.9552,29.420299999999997,30.437,35.06379090909091,35.4356,35.3061,38.2449,43.28569090909091,43.83786666666666,43.354319999999994,44.7841,33.61154545454546,32.8666,33.72946,35.5478,37.24709090909091,39.2928,37.71338,43.0939,35.71635454545455,35.38486666666667,34.98002,37.1449,31.118218181818182,31.761966666666666,31.595460000000003,36.9697,0,,,,,False,2026,,3,Akron,MAC,11.9364,71,3.6432,23
John Jakus,john jakus,2026,88,Florida Atlantic,Amer,2,1,0.5373134328358209,3.85785,3.85785,3.85785,4.126,0.5875,0.5875,0.5875,3.0472,-1.8722,0.5,0.0,0.0,3.5,121.0,116,0.0,0.0,0.0,0.0,0.0,2.2902,3.45795,69.3082,69.3082,69.3082,69.639,80.0,80.0,80.0,67,52.79925,52.79925,52.79925,52.2181,16.976599999999998,16.976599999999998,16.976599999999998,17.6141,31.1232,31.1232,31.1232,31.5695,33.2987,33.2987,33.2987,33.2977,49.79485,49.79485,49.79485,49.4906,15.758899999999999,15.758899999999999,15.758899999999999,15.4805,29.86785,29.86785,29.86785,28.2723,34.7714,34.7714,34.7714,36.193,34.210499999999996,34.210499999999996,34.210499999999996,33.3333,39.2119,39.2119,39.2119,38.1614,35.45455,35.45455,35.45455,33.79,35.50295,35.50295,35.50295,35.2279,31.21645,31.21645,31.21645,29.8495,30.21365,30.21365,30.21365,28.5225,0,,,,,False,2026,,88,Florida Atlantic,Amer,3.5897,126,3.0472,19
John Pelphrey,john pelphrey,2026,288,Tennessee Tech,OVC,7,1,0.3640552995391705,-12.968114285714288,-14.157766666666667,-12.02876,-7.9384,0.3422142857142858,0.37896666666666673,1.9009,5.21,-4.9068,0.5714285714285714,0.14285714285714285,0.0,17.285714285714285,306.0,259,0.0,0.0,0.0,0.0,0.0,-5.117128571428571,3.444057142857143,67.43932857142856,66.828,67.27601999999999,66.8567,188.42857142857142,217.0,185.0,213,49.568171428571425,49.55896666666666,49.86504,48.8896,19.343342857142858,18.1179,18.24116,19.0905,26.38942857142857,25.073966666666667,26.01318,31.3291,28.312114285714284,31.787633333333332,29.85656,35.4695,52.224914285714284,51.217800000000004,51.37089999999999,51.5197,17.071157142857142,15.207633333333334,16.362460000000002,15.0632,29.758914285714287,30.406366666666667,30.413639999999997,30.7457,26.13612857142857,26.0166,25.55952,31.2872,33.313742857142856,32.845733333333335,33.74408,31.1304,39.70467142857143,39.0396,38.41128,36.4848,34.36124285714286,34.1619,33.78918,35.8086,37.52467142857143,35.99836666666667,37.437940000000005,36.1144,33.44441428571428,31.6571,32.24852,27.3005,31.2507,30.223433333333332,31.119,30.7511,0,,,,,False,2026,,288,Tennessee Tech,OVC,-13.4417,316,1.6707,27
John Shulman,john shulman,2026,43,Central Arkansas,ASun,2,1,0.4626865671641791,-8.752949999999998,-8.752949999999998,-8.752949999999998,1.1473,5.784800000000001,5.784800000000001,5.784800000000001,16.6289,-5.0593,0.5,0.5,0.5,86.5,250.0,151,0.0,0.0,0.0,0.0,0.0,-4.40965,3.79185,67.28875,67.28875,67.28875,68.021,186.0,186.0,186.0,144,50.719049999999996,50.719049999999996,50.719049999999996,53.998,16.810200000000002,16.810200000000002,16.810200000000002,15.3985,28.651699999999998,28.651699999999998,28.651699999999998,28.7565,29.98805,29.98805,29.98805,31.1635,55.8779,55.8779,55.8779,54.9376,17.8639,17.8639,17.8639,19.0478,28.7267,28.7267,28.7267,27.4345,26.34065,26.34065,26.34065,30.0597,32.5601,32.5601,32.5601,35.4737,48.22995,48.22995,48.22995,48.693,36.97245,36.97245,36.97245,35.2025,52.183,52.183,52.183,52.2518,38.29535,38.29535,38.29535,39.8502,44.21,44.21,44.21,41.8346,0,,,,,False,2026,,43,Central Arkansas,ASun,1.1473,151,16.6289,195
John Smith,john smith,2024,36,Cal Poly,BW,5,1,0.20408163265306123,-14.02922,-13.681766666666666,-14.02922,-10.4849,-1.4464,-2.2727333333333335,-1.4464,2.1244,-3.6849,0.2,0.0,0.0,-7.2,317.0,294,0.0,0.0,0.0,0.0,0.0,-0.57112,0.2693199999999999,65.9459,64.86953333333334,65.9459,65.9447,267.8,305.3333333333333,267.8,272,45.9163,45.9103,45.9163,45.8479,20.289279999999998,20.682666666666666,20.289279999999998,18.6088,24.17834,25.36566666666667,24.17834,24.3074,32.31044,32.798566666666666,32.31044,31.1847,50.631420000000006,49.989399999999996,50.631420000000006,51.5125,17.915020000000002,17.684066666666666,17.915020000000002,17.4098,28.70236,28.365133333333336,28.70236,33.624,40.17072,40.33883333333333,40.17072,41.8848,31.481099999999998,30.615166666666667,31.481099999999998,33.0479,35.18854,35.10233333333333,35.18854,33.9141,35.95036,35.577133333333336,35.95036,35.5769,34.0351,33.939699999999995,34.0351,30.2501,28.90252,27.854133333333333,28.90252,29.5861,28.139499999999998,27.994766666666667,28.139499999999998,24.0364,0,,,,,False,2024,,36,Cal Poly,BW,-17.8411,339,-2.505,2
John Thompson III,john thompson iii,2017,97,Georgetown,BE,2,1,0.4461538461538462,11.2143,11.2143,11.2143,11.7073,-4.3498,-4.3498,-4.3498,-2.9424,-5.7572,0.0,0.0,0.5,-37.5,65.5,62,0.0,0.0,1.0,0.0,0.0,9.50755,2.14255,68.25135,68.25135,68.25135,68.6026,163.5,163.5,163.5,147,51.562650000000005,51.562650000000005,51.562650000000005,51.9681,19.602249999999998,19.602249999999998,19.602249999999998,20.0754,28.6815,28.6815,28.6815,29.0476,40.25145,40.25145,40.25145,42.6127,47.02005,47.02005,47.02005,47.4115,16.78115,16.78115,16.78115,17.2896,29.45055,29.45055,29.45055,30.5071,44.073800000000006,44.073800000000006,44.073800000000006,38.8273,34.405699999999996,34.405699999999996,34.405699999999996,34.9153,37.549499999999995,37.549499999999995,37.549499999999995,33.6566,33.630750000000006,33.630750000000006,33.630750000000006,32.4104,31.742399999999996,31.742399999999996,31.742399999999996,32.4353,29.154600000000002,29.154600000000002,29.154600000000002,26.087,25.5226,25.5226,25.5226,25.8553,0,,,,,False,2017,,97,Georgetown,BE,10.7213,69,-5.7572,-40
Johnny Dawkins,johnny dawkins,2026,306,UCF,B12,11,2,0.5811965811965812,10.196181818181818,12.918466666666667,11.646899999999999,16.5112,1.5552090909090908,1.3071,0.21827999999999995,12.0611,-6.8708,0.6363636363636364,0.18181818181818182,0.18181818181818182,8.727272727272727,79.72727272727273,34,0.0,0.09090909090909091,0.6363636363636364,0.18181818181818182,2.090909090909091,7.1064454545454545,-0.3197272727272729,67.15054545454545,70.08789999999999,68.47398,69.4095,209.45454545454547,65.66666666666667,132.0,74,49.846518181818176,50.0101,50.038740000000004,52.585,18.949045454545455,16.83096666666667,17.832900000000002,15.9653,31.16347272727273,33.291533333333334,32.85814,35.025,35.98972727272727,34.42256666666666,32.140699999999995,30.5409,48.25867272727273,50.36443333333333,49.558080000000004,52.0896,18.899863636363637,17.923566666666666,19.261400000000002,15.6672,29.93656363636364,29.971733333333333,30.2863,28.7695,31.755690909090905,35.1921,33.7509,34.9446,34.24688181818182,34.08016666666666,34.51662,36.2259,37.895227272727276,37.46196666666666,39.53852,34.7535,32.69057272727272,33.57406666666667,32.52626,33.8875,38.431236363636366,38.7771,39.290440000000004,39.3756,31.275990909090908,30.5044,33.14146,29.6394,31.704572727272726,30.859866666666665,30.94522,30.7425,0,,,,,False,2026,,306,UCF,B12,14.9739,53,2.2987,11
Johnny Jones,johnny jones,2026,292,Texas Southern,SWAC,10,2,0.5031055900621118,-4.99255,-10.2162,-8.61858,9.5595,-0.85958,-2.867566666666667,-1.9556,6.3821,-5.9633,0.3,0.1,0.3,-9.4,228.5,81,0.0,0.0,0.1,0.3,4.8,-3.78146,9.759730000000001,70.76306,69.031,68.88664,68.8674,60.7,99.33333333333333,97.4,101,48.39538,48.0307,47.67014,49.7239,19.633180000000003,18.866233333333334,19.64244,18.5396,30.90765,29.747066666666665,30.3007,28.6294,36.117419999999996,32.73383333333333,33.21952,38.2209,49.80951,49.42823333333333,48.63872,52.5259,18.43276,17.96976666666667,17.98108,16.4023,30.17959,32.249966666666666,30.45248,31.1558,36.38191,40.0978,38.488060000000004,44.0657,31.362000000000002,32.425066666666666,31.41542,33.0813,31.954739999999997,35.678333333333335,33.20262,32.454,33.84775,33.00086666666667,32.5972,34.0845,37.55201,40.183,38.302260000000004,43.2136,24.79518,29.064633333333333,26.488940000000003,25.3746,30.51893,31.3639,30.215839999999996,32.4252,0,,,,,False,2026,,292,Texas Southern,SWAC,-13.2612,314,-2.8588,-14
Johnny Tauer,johnny tauer,2026,364,St. Thomas,Sum,5,1,0.5914634146341463,-0.9580400000000001,3.301633333333333,-0.9580400000000001,4.9182,6.42428,6.728166666666667,6.42428,7.6842,5.0872,1.0,1.0,0.0,63.2,180.0,115,0.0,0.0,0.0,0.0,0.0,-4.84668,-2.01936,66.14146,66.50193333333333,66.14146,68.3791,228.2,207.66666666666666,228.2,125,54.986019999999996,57.01840000000001,54.986019999999996,58.8814,14.138139999999998,14.327333333333334,14.138139999999998,14.3468,22.53282,22.6842,22.53282,22.624,30.303739999999998,32.38936666666667,30.303739999999998,33.783,53.188739999999996,51.7277,53.188739999999996,50.6876,17.50534,18.017599999999998,17.50534,17.031,27.869,27.8002,27.869,26.6106,31.80722,31.864,31.80722,30.6931,35.90406,36.693999999999996,35.90406,36.0437,46.77432,46.35296666666667,46.77432,46.3182,34.953860000000006,33.652366666666666,34.953860000000006,31.7269,39.51392,40.6439,39.51392,41.0891,38.06442,37.08586666666667,38.06442,35.5263,31.786040000000003,32.19296666666667,31.786040000000003,31.3769,0,,,,,False,2026,,364,St. Thomas,Sum,4.9182,115,5.7521,43
Jon Coffman,jon coffman,2026,127,Purdue Fort Wayne,Horz,11,1,0.5621468926553672,-3.2080727272727274,-2.193,-3.6488,3.1733,-0.6213818181818183,2.2026666666666666,0.02120000000000004,11.1319,-6.9394,0.36363636363636365,0.18181818181818182,0.18181818181818182,-6.818181818181818,203.1818181818182,135,0.0,0.0,0.0,0.0,0.6363636363636364,-3.6646272727272726,-3.5061999999999998,69.87568181818182,69.53833333333334,69.19272,67.7251,86.45454545454545,85.66666666666667,90.6,162,53.7466090909091,53.589499999999994,52.87708,52.5618,17.524136363636362,14.342833333333333,16.27412,14.536,25.259336363636365,22.633033333333334,23.539859999999997,22.8916,28.903081818181818,29.818399999999997,29.09796,30.5654,53.31353636363636,53.63766666666667,53.239200000000004,56.0668,18.727327272727273,20.323566666666668,20.0494,19.0816,28.2413,32.1652,29.963639999999998,34.5085,28.84419090909091,30.444733333333332,28.04946,28.5463,36.57275454545454,35.7596,35.43674,34.1115,44.08281818181818,44.52996666666667,44.8916,45.4064,35.49723636363637,34.38733333333334,33.937239999999996,37.8989,39.36260909090909,40.186,39.97226,44.0797,37.68774545454546,37.1029,37.6017,36.6636,32.824999999999996,32.012499999999996,32.068380000000005,37.4343,0,,,,,False,2026,,127,Purdue Fort Wayne,Horz,-7.7795,259,-3.1842,-46
Jon Harris,jon harris,2019,260,SIU Edwardsville,OVC,4,1,0.2605042016806723,-14.606475,-14.654733333333333,-14.606475,-13.6092,-2.873875,-3.0964333333333336,-2.873875,-2.2062,-3.39,0.0,0.0,0.0,-7.75,319.25,311,0.0,0.0,0.0,0.0,0.0,-3.5303750000000003,-1.295575,68.561225,69.36633333333333,68.561225,69.6676,143.0,101.66666666666667,143.0,80,46.101524999999995,46.530499999999996,46.101524999999995,46.8276,19.510775,19.447766666666666,19.510775,18.7045,30.4306,29.7814,30.4306,28.522,37.5321,37.74446666666667,37.5321,34.5873,53.795675,54.4641,53.795675,56.5954,18.0491,18.212999999999997,18.0491,18.8915,28.917749999999998,28.8035,28.917749999999998,28.4501,43.529975,43.391533333333335,43.529975,39.3345,30.5894,30.638133333333332,30.5894,30.3318,33.537275,33.8427,33.537275,35.5418,36.136825,35.79743333333334,36.136825,37.4801,33.78905,34.8307,33.78905,37.2549,26.13705,26.25776666666667,26.13705,27.5072,26.396475000000002,26.733033333333335,26.396475000000002,29.7845,0,,,,,False,2019,,260,SIU Edwardsville,OVC,-16.206,330,-3.0836,-11
Jon Jaques,jon jaques,2026,61,Cornell,Ivy,2,1,0.5789473684210527,1.84665,1.84665,1.84665,3.3703,3.4638,3.4638,3.4638,3.7946,3.133,1.0,0.0,0.0,24.5,147.5,129,0.0,0.0,0.0,0.0,0.0,-2.18215,-1.69955,71.18435,71.18435,71.18435,71.2814,22.0,22.0,22.0,19,58.576350000000005,58.576350000000005,58.576350000000005,58.5,16.3668,16.3668,16.3668,15.9781,27.87105,27.87105,27.87105,30.193,29.4328,29.4328,29.4328,30.25,54.02645,54.02645,54.02645,55.8842,15.193,15.193,15.193,15.0696,29.7714,29.7714,29.7714,30.6652,34.25315,34.25315,34.25315,37.1932,37.8069,37.8069,37.8069,38.2567,50.13265,50.13265,50.13265,51.625,36.07525,36.07525,36.07525,37.5,38.68,38.68,38.68,38.2631,40.846900000000005,40.846900000000005,40.846900000000005,42.5112,31.63955,31.63955,31.63955,31.0909,0,,,,,False,2026,,61,Cornell,Ivy,0.323,166,3.133,14
Jon Judkins,jon judkins,2026,361,Utah Tech,WAC,6,1,0.39344262295081966,-7.745633333333333,-7.613933333333333,-6.15254,1.3361,1.1800333333333335,-0.8499333333333331,1.9922600000000004,8.8911,-4.4497,0.5,0.3333333333333333,0.0,20.833333333333332,253.83333333333334,146,0.0,0.0,0.0,0.0,0.0,0.07148333333333333,1.0490333333333333,69.56091666666667,68.1463,68.85548,66.3523,101.5,153.33333333333334,118.8,241,49.585483333333336,50.792100000000005,50.4125,53.2796,20.193566666666666,19.26823333333333,20.045279999999998,17.6299,27.137199999999996,27.506966666666667,27.62706,28.1159,36.63953333333333,34.8314,36.88828,30.6281,51.825199999999995,51.43476666666666,51.79334,50.8689,18.3703,17.542333333333332,18.09948,16.8915,31.305383333333335,33.18883333333333,31.05218,34.4796,36.58951666666667,39.12643333333333,36.608019999999996,33.0174,33.15333333333333,34.029133333333334,33.84818,35.0291,37.64711666666667,37.6198,38.37036,38.2435,33.48843333333333,32.9976,33.693220000000004,30.6748,35.37215,34.16376666666667,35.16444,34.3339,30.06425,30.651733333333336,30.89422,31.2041,27.4199,25.7904,27.37226,25.1362,0,,,,,False,2026,,361,Utah Tech,WAC,-1.9725,189,5.121,64
Jon Perry,jon perry,2026,185,Navy,PL,1,1,0.7647058823529411,1.6526,1.6526,1.6526,1.6526,5.4741,5.4741,5.4741,5.4741,5.4741,1.0,1.0,0.0,59.0,142.0,142,0.0,0.0,0.0,0.0,0.0,-11.7578,-9.8151,65.1798,65.1798,65.1798,65.1798,300.0,300.0,300.0,300,53.0699,53.0699,53.0699,53.0699,16.822,16.822,16.822,16.822,31.9377,31.9377,31.9377,31.9377,38.8289,38.8289,38.8289,38.8289,48.2587,48.2587,48.2587,48.2587,18.3383,18.3383,18.3383,18.3383,27.4423,27.4423,27.4423,27.4423,25.9812,25.9812,25.9812,25.9812,35.8491,35.8491,35.8491,35.8491,33.1438,33.1438,33.1438,33.1438,30.012,30.012,30.012,30.012,46.0475,46.0475,46.0475,46.0475,26.4557,26.4557,26.4557,26.4557,35.7143,35.7143,35.7143,35.7143,0,,,,,False,2026,,185,Navy,PL,1.6526,142,5.4741,59
Jon Scheyer,jon scheyer,2026,73,Duke,ACC,4,1,0.8322147651006712,30.621499999999997,34.37713333333333,30.621499999999997,39.2864,6.18175,9.2148,6.18175,12.7495,-2.9174,0.75,0.5,0.0,1.0,7.25,1,1.0,1.0,1.0,1.0,2.75,10.861025,5.2909999999999995,65.686475,65.9615,65.686475,65.4456,276.5,269.3333333333333,276.5,286,55.069050000000004,56.39676666666667,55.069050000000004,56.6424,15.66675,14.803633333333332,15.66675,15.9486,35.104525,34.83596666666667,35.104525,38.4176,33.834025,35.137766666666664,33.834025,38.2166,46.2999,46.3893,46.2999,46.2247,16.928975,17.064166666666665,16.928975,17.2875,26.11835,26.144433333333335,26.11835,25.2297,24.9093,25.30796666666667,24.9093,22.7865,36.115725,36.99766666666667,36.115725,34.6917,40.224775,41.856966666666665,40.224775,43.5396,31.026025,31.2016,31.026025,30.6387,38.429725000000005,39.35893333333333,38.429725000000005,45.0337,32.117225,33.3708,32.117225,32.1083,32.420425,33.35823333333334,32.420425,38.0893,0,,,,,False,2026,,73,Duke,ACC,37.3719,3,10.989,4
Jonas Hayes,jonas hayes,2026,100,Georgia St.,SB,4,1,0.3779527559055118,-8.656075,-8.448166666666667,-8.656075,-4.3123,-3.5288,-3.3624666666666663,-3.5288,-2.0236,-5.6423,0.0,0.0,0.25,-36.5,267.5,218,0.0,0.0,0.0,0.0,0.0,-2.54225,-1.8402,67.98815,68.36243333333333,67.98815,67.8849,143.75,128.33333333333334,143.75,150,47.159225,47.689099999999996,47.159225,44.1867,16.504125,15.510233333333332,16.504125,15.9283,29.340475,29.075433333333336,29.340475,27.6991,33.27365,33.18343333333333,33.27365,37.1707,50.403575000000004,50.3143,50.403575000000004,50.6118,15.24785,14.500466666666668,15.24785,16.3627,31.405324999999998,32.032833333333336,31.405324999999998,33.6423,33.1156,32.3468,33.1156,34.9277,31.548125,32.40233333333333,31.548125,30.6343,35.404575,37.01623333333333,35.404575,42.4399,33.370175,32.33226666666667,33.370175,33.0484,38.252025,39.728199999999994,38.252025,39.0434,28.1681,29.8736,28.1681,33.171,30.701125,31.216800000000003,30.701125,30.7556,0,,,,,False,2026,,100,Georgia St.,SB,-12.9658,309,-2.4215,-8
Jonathan Mattox,jonathan mattox,2026,181,Morehead St.,OVC,2,1,0.5384615384615384,-12.59895,-12.59895,-12.59895,-10.5036,-4.2166,-4.2166,-4.2166,-0.692,-7.7412,0.0,0.0,0.5,-32.0,305.5,283,0.0,0.0,0.0,0.0,0.0,-7.12955,5.51615,64.78435,64.78435,64.78435,65.3755,313.5,313.5,313.5,292,47.545550000000006,47.545550000000006,47.545550000000006,49.152,18.18745,18.18745,18.18745,18.0094,33.46115,33.46115,33.46115,35.77,37.6414,37.6414,37.6414,37.7193,50.2239,50.2239,50.2239,50.1664,14.9428,14.9428,14.9428,15.4367,30.5864,30.5864,30.5864,35.8059,35.15825,35.15825,35.15825,35.6073,31.60955,31.60955,31.60955,31.9923,32.3317,32.3317,32.3317,30.5263,34.2997,34.2997,34.2997,34.517,36.22095,36.22095,36.22095,39.046,25.24635,25.24635,25.24635,23.2052,29.5671,29.5671,29.5671,32.1712,0,,,,,False,2026,,181,Morehead St.,OVC,-10.5036,283,-0.692,10
Jordan Mincy,jordan mincy,2026,130,Jacksonville,ASun,5,1,0.5126582278481012,-5.48872,-7.559,-5.48872,0.4885,-0.5144599999999999,-2.7199000000000004,-0.5144599999999999,10.3025,-5.1296,0.2,0.2,0.2,-7.4,233.2,164,0.0,0.0,0.0,0.0,0.0,-3.4486200000000005,3.07076,63.87622,65.62453333333333,63.87622,63.4181,303.2,266.3333333333333,303.2,350,49.6476,49.66876666666667,49.6476,50.0297,18.71708,18.62376666666667,18.71708,17.1975,31.878020000000003,33.95653333333333,31.878020000000003,31.6852,30.1772,32.5238,30.1772,32.7596,51.03222,52.7218,51.03222,54.7899,16.35714,17.009633333333333,16.35714,14.9654,27.915,30.122433333333333,27.915,29.1398,35.17576,39.36553333333333,35.17576,42.707,34.04694,34.13196666666666,34.04694,31.746,35.01122,34.81153333333334,35.01122,37.3887,33.63732,35.5848,33.63732,36.3158,41.95244,38.07226666666667,41.95244,35.2287,29.56476,29.130300000000002,29.56476,28.777,33.29388,30.589566666666666,33.29388,27.5388,0,,,,,False,2026,,130,Jacksonville,ASun,-11.503,295,-5.1296,-54
Josh Eilert,josh eilert,2024,337,West Virginia,B12,1,1,0.28125,1.9358,1.9358,1.9358,1.9358,-9.547,-9.547,-9.547,-9.547,-9.547,0.0,0.0,1.0,-80.0,144.0,144,0.0,0.0,0.0,0.0,0.0,11.8653,2.8143,68.5416,68.5416,68.5416,68.5416,123.0,123.0,123.0,123,49.5235,49.5235,49.5235,49.5235,18.2757,18.2757,18.2757,18.2757,26.7092,26.7092,26.7092,26.7092,37.1076,37.1076,37.1076,37.1076,52.1077,52.1077,52.1077,52.1077,15.0267,15.0267,15.0267,15.0267,30.354,30.354,30.354,30.354,28.0853,28.0853,28.0853,28.0853,34.9325,34.9325,34.9325,34.9325,37.3879,37.3879,37.3879,37.3879,34.9882,34.9882,34.9882,34.9882,42.966,42.966,42.966,42.966,31.2892,31.2892,31.2892,31.2892,36.1122,36.1122,36.1122,36.1122,0,,,,,False,2024,,337,West Virginia,B12,1.9358,144,-9.547,-80
Josh Loeffler,josh loeffler,2026,153,Loyola MD,PL,2,1,0.38095238095238093,-13.682749999999999,-13.682749999999999,-13.682749999999999,-12.421,-0.2461000000000002,-0.2461000000000002,-0.2461000000000002,4.5869,-5.0791,0.5,0.0,0.5,8.0,314.0,305,0.0,0.0,0.0,0.0,0.0,-8.9175,-6.22175,67.5111,67.5111,67.5111,68.2554,175.0,175.0,175.0,132,50.294250000000005,50.294250000000005,50.294250000000005,50.4425,16.584699999999998,16.584699999999998,16.584699999999998,15.4955,28.0944,28.0944,28.0944,27.5894,29.565649999999998,29.565649999999998,29.565649999999998,29.8673,53.73915,53.73915,53.73915,54.6972,16.11505,16.11505,16.11505,15.303,28.437350000000002,28.437350000000002,28.437350000000002,29.0161,31.44415,31.44415,31.44415,32.7108,32.7218,32.7218,32.7218,32.5527,43.41865,43.41865,43.41865,47.2345,33.9302,33.9302,33.9302,32.7611,37.649100000000004,37.649100000000004,37.649100000000004,39.5586,35.090900000000005,35.090900000000005,35.090900000000005,37.7376,29.2878,29.2878,29.2878,29.172,0,,,,,False,2026,,153,Loyola MD,PL,-14.9445,323,-5.0791,-29
Josh Pastner,josh pastner,2026,314,UNLV,MWC,9,3,0.5,7.355477777777777,2.7225333333333332,7.38582,17.5017,-1.8241111111111108,-5.592466666666667,-2.19798,6.1817,-12.8888,0.4444444444444444,0.1111111111111111,0.2222222222222222,-19.88888888888889,100.88888888888889,37,0.0,0.1111111111111111,0.4444444444444444,0.1111111111111111,1.6666666666666667,7.412977777777779,-3.1220444444444446,68.47032222222222,68.11963333333334,68.33052,69.7841,154.77777777777777,129.66666666666666,140.0,60,49.46365555555556,50.53906666666666,51.10628,53.5516,18.503233333333334,17.2047,18.1197,17.0729,28.077944444444444,27.58836666666667,27.26402,30.2286,33.251022222222225,29.726033333333334,30.48356,40.6549,48.37956666666667,50.84583333333334,49.922700000000006,52.3434,18.811,17.363699999999998,18.80166,17.4028,30.2195,30.032166666666665,29.871640000000003,31.9831,33.79263333333333,35.724,34.35946,44.8803,32.92955555555555,34.301433333333335,33.76952,35.1801,32.38142222222222,36.60003333333333,35.17128,36.3728,32.7386,32.767,32.69818,35.1878,35.396077777777776,36.782466666666664,35.71128,36.6276,26.31811111111111,31.1484,29.094,28.518,28.796222222222223,28.3635,28.12324,28.1633,0,,,,,False,2026,,314,UNLV,MWC,6.3945,104,0.8185,3
Josh Schertz,josh schertz,2026,246,Saint Louis,A10,5,2,0.6514285714285715,8.35508,13.348233333333333,8.35508,19.5057,3.87244,6.0058333333333325,3.87244,12.8751,-2.8238,0.6,0.4,0.0,15.8,104.6,34,0.0,0.4,0.6,0.2,1.8,1.2678999999999998,-3.6287,69.87722,69.95483333333333,69.87722,71.1382,64.8,72.33333333333333,64.8,20,56.56598,58.60713333333334,56.56598,59.7004,17.6542,17.3322,17.6542,17.21,23.33858,25.869133333333334,23.33858,30.6703,30.944200000000002,32.27603333333334,30.944200000000002,33.6935,48.84656,48.111799999999995,48.84656,45.2415,15.739320000000001,15.226333333333335,15.739320000000001,15.9458,24.79854,26.1888,24.79854,27.2328,28.726119999999998,29.028366666666667,28.726119999999998,37.1498,36.18636,37.728100000000005,36.18636,39.9347,47.3538,48.2447,47.3538,45.1375,33.30946,32.89236666666667,33.30946,30.2995,37.887420000000006,38.559133333333335,37.887420000000006,41.9324,37.614940000000004,38.591,37.614940000000004,37.4617,31.808299999999996,32.30863333333333,31.808299999999996,32.4291,0,,,,,False,2026,,246,Saint Louis,A10,19.5057,34,7.051,31
Juan Dixon,juan dixon,2023,60,Coppin St.,MEAC,6,1,0.2802197802197802,-16.54843333333333,-13.110266666666666,-15.06454,-11.6859,2.5180833333333337,3.8994,3.61708,11.253,-3.6149,0.6666666666666666,0.3333333333333333,0.0,15.833333333333334,324.1666666666667,291,0.0,0.0,0.0,0.0,0.0,-5.197500000000001,5.390899999999999,71.84653333333334,73.47163333333333,72.8036,71.3767,55.333333333333336,9.333333333333334,20.0,19,46.704283333333336,48.532833333333336,47.38834,51.0056,20.386116666666666,19.845299999999998,20.36556,20.082,21.4876,19.041366666666665,21.32798,18.6257,35.53685,38.50516666666667,37.19466,37.1508,49.73273333333333,50.13333333333333,49.837419999999995,53.2035,18.94643333333333,19.760266666666666,19.15238,18.5243,31.595583333333334,33.386900000000004,31.528859999999998,35.6544,31.79695,29.7861,30.6392,34.204,30.15201666666667,31.249233333333333,30.083460000000002,33.7957,47.37551666666667,47.8924,47.32212,44.3017,33.9498,33.334633333333336,33.99112,33.969,40.505183333333335,41.209399999999995,40.88878,41.3504,36.56948333333333,36.47116666666667,35.70858,34.8958,33.82426666666667,33.9092,34.37268,32.1308,0,,,,,False,2023,,60,Coppin St.,MEAC,-15.9359,338,-3.6149,-23
Justin Gray,justin gray,2026,53,Coastal Carolina,SB,5,2,0.49382716049382713,-6.5636399999999995,-5.319833333333333,-6.5636399999999995,5.6839,1.6068799999999999,0.7430333333333333,1.6068799999999999,6.1868,-4.9965,0.8,0.2,0.0,22.8,243.6,110,0.0,0.0,0.0,0.0,0.0,-2.99782,-3.04974,66.56710000000001,65.75523333333334,66.56710000000001,66.8841,213.4,262.0,213.4,211,49.19432,49.67283333333333,49.19432,47.8809,16.35292,16.098066666666664,16.35292,15.2279,27.82554,28.3304,27.82554,26.9492,31.21768,31.4749,31.21768,32.2961,49.357960000000006,47.52896666666667,49.357960000000006,46.8035,13.216040000000001,12.024766666666666,13.216040000000001,12.2746,26.854020000000002,26.861766666666668,26.854020000000002,27.6003,33.42096,34.761266666666664,33.42096,34.9272,33.88384,35.030966666666664,33.88384,33.4994,42.092060000000004,39.261900000000004,42.092060000000004,43.0794,33.68286,33.0581,33.68286,32.7511,36.02342,34.617333333333335,36.02342,35.7069,35.40808,33.8127,35.40808,36.2697,29.731540000000003,28.5775,29.731540000000003,29.6183,0,,,,,False,2026,,53,Coastal Carolina,SB,-6.8022,247,1.0388,16
Justin Hutson,justin hutson,2024,92,Fresno St.,MWC,6,1,0.4946236559139785,2.58705,2.5937333333333332,1.233,11.1389,-1.9879333333333333,-2.7566333333333333,-3.2450200000000002,6.7019,-10.7619,0.3333333333333333,0.16666666666666666,0.16666666666666666,-28.0,145.33333333333334,71,0.0,0.0,0.3333333333333333,0.0,0.0,2.96105,-18.57401666666667,64.89479999999999,63.838899999999995,64.29888,65.6475,293.6666666666667,324.0,321.0,290,50.837516666666666,50.649233333333335,50.113060000000004,51.5212,18.91665,18.148833333333332,19.06892,18.8141,27.495800000000003,25.533366666666666,27.511400000000002,24.4466,30.404766666666664,28.66586666666667,30.44694,30.4248,50.26916666666667,50.68376666666666,50.6132,53.1184,18.05196666666667,18.1529,17.76268,15.4061,26.450633333333332,27.220033333333333,26.66724,30.4308,30.664366666666666,29.072333333333333,29.79782,27.9598,33.7819,32.71223333333334,32.8994,33.234,42.45375,39.364866666666664,41.3711,38.5189,34.88676666666667,35.49893333333333,35.71682,36.8794,39.3874,38.94766666666666,39.06988,37.2622,34.98683333333333,31.667166666666663,33.5837,31.0297,33.52328333333333,33.863733333333336,34.02498,32.8698,0,,,,,False,2024,,92,Fresno St.,MWC,-5.5328,237,-10.7619,-137
Juwan Howard,juwan howard,2024,168,Michigan,B10,5,1,0.5471698113207547,17.05042,11.819966666666666,17.05042,29.6713,-3.2236199999999995,-8.951433333333334,-3.2236199999999995,8.7233,-11.6973,0.4,0.2,0.4,-22.0,43.6,3,0.4,0.8,0.8,0.6,3.6,12.98236,3.6691000000000003,67.39448,67.19619999999999,67.39448,67.4953,191.4,183.66666666666666,191.4,180,52.48256,51.634299999999996,52.48256,51.1771,16.5705,17.004566666666665,16.5705,18.5551,28.37072,29.07466666666667,28.37072,30.6306,29.8681,30.7578,29.8681,32.0492,48.2813,50.03326666666666,48.2813,52.4648,14.74176,14.292066666666665,14.74176,13.7147,26.074900000000003,26.741266666666665,26.074900000000003,30.4119,26.510699999999996,27.284566666666667,26.510699999999996,30.4829,35.374579999999995,34.9711,35.374579999999995,35.9155,36.07084,35.79666666666667,36.07084,37.9882,32.92998,33.3836,32.92998,36.0555,32.292539999999995,33.754933333333334,32.292539999999995,32.6459,30.201819999999998,30.014,30.201819999999998,32.7763,27.5623,28.211433333333332,27.5623,27.769,0,,,,,False,2024,,168,Michigan,B10,3.8959,128,-10.9213,-84
K.T. Turner,k t turner,2026,317,UT Arlington,WAC,3,1,0.5257731958762887,0.42496666666666655,0.42496666666666655,0.42496666666666655,5.3849,2.5699666666666663,2.5699666666666663,2.5699666666666663,8.7349,-4.8606,0.6666666666666666,0.3333333333333333,0.0,17.666666666666668,164.66666666666666,112,0.0,0.0,0.0,0.0,0.0,0.20713333333333336,4.042566666666667,67.92336666666667,67.92336666666667,67.92336666666667,64.8893,168.0,168.0,168.0,311,50.3171,50.3171,50.3171,47.1983,20.5062,20.5062,20.5062,20.748,33.47636666666667,33.47636666666667,33.47636666666667,34.8606,39.506233333333334,39.506233333333334,39.506233333333334,42.4877,48.9583,48.9583,48.9583,47.4468,17.6716,17.6716,17.6716,18.0245,30.686899999999998,30.686899999999998,30.686899999999998,30.0971,39.023666666666664,39.023666666666664,39.023666666666664,40.8511,33.31706666666667,33.31706666666667,33.31706666666667,29.1165,38.561033333333334,38.561033333333334,38.561033333333334,30.665,32.484233333333336,32.484233333333336,32.484233333333336,26.8293,34.25406666666667,34.25406666666667,34.25406666666667,32.4012,30.261566666666667,30.261566666666667,30.261566666666667,21.4075,26.500533333333333,26.500533333333333,26.500533333333333,21.1018,0,,,,,False,2026,,317,UT Arlington,WAC,1.0484,154,3.8356,25
Kahil Fennell,kahil fennell,2026,318,UT Rio Grande Valley,Slnd,2,1,0.546875,-0.5081500000000001,-0.5081500000000001,-0.5081500000000001,4.6154,8.5176,8.5176,8.5176,11.4375,5.5977,1.0,1.0,0.0,101.5,175.5,117,0.0,0.0,0.0,0.0,0.0,-2.20245,4.0612,68.51715,68.51715,68.51715,66.4417,137.0,137.0,137.0,234,53.224999999999994,53.224999999999994,53.224999999999994,54.7784,18.810000000000002,18.810000000000002,18.810000000000002,18.4606,29.4989,29.4989,29.4989,28.1974,25.82335,25.82335,25.82335,28.9004,49.5865,49.5865,49.5865,47.8176,16.9481,16.9481,16.9481,16.2549,33.0213,33.0213,33.0213,32.1617,34.41375,34.41375,34.41375,38.948,34.2941,34.2941,34.2941,36.7589,46.325599999999994,46.325599999999994,46.325599999999994,43.696,31.8998,31.8998,31.8998,30.3519,36.6425,36.6425,36.6425,38.1645,37.86255,37.86255,37.86255,36.6142,28.28775,28.28775,28.28775,28.3691,0,,,,,False,2026,,318,UT Rio Grande Valley,Slnd,4.6154,117,11.4375,130
Kareem Richardson,kareem richardson,2019,310,UMKC,WAC,4,1,0.3923076923076923,-7.16885,-7.064433333333334,-7.16885,-4.4207,-0.14815000000000003,1.0414,-0.14815000000000003,1.3087,-3.7168,0.75,0.0,0.0,11.25,245.75,219,0.0,0.0,0.0,0.0,0.0,-0.97785,2.209475,68.147675,68.7467,68.147675,66.2963,168.75,139.0,168.75,248,49.235775000000004,49.38956666666667,49.235775000000004,49.7989,18.6337,18.367766666666668,18.6337,17.1763,26.1741,23.989099999999997,26.1741,23.4637,35.1263,35.081466666666664,35.1263,32.3563,52.238425,52.8767,52.238425,53.5839,19.536225,20.3259,19.536225,20.9307,32.29565,32.64856666666667,32.29565,32.2613,41.254975,40.31406666666667,41.254975,36.7133,35.58375,35.1901,35.58375,35.1852,40.36345,42.4205,40.36345,40.3448,35.438275,35.537733333333335,35.438275,36.4668,35.85255,35.4625,35.85255,35.9557,34.886425,36.179300000000005,34.886425,34.8542,28.554775,28.263366666666666,28.554775,29.5664,0,,,,,False,2019,,310,UMKC,WAC,-6.4516,238,0.9354,24
Keith Dambrot,keith dambrot,2024,74,Duquesne,A10,9,2,0.5971731448763251,2.812622222222222,0.9272,3.0208,9.1943,-0.7175444444444444,-1.8811999999999998,-1.70944,2.3372,-8.3721,0.6666666666666666,0.0,0.2222222222222222,-12.777777777777779,142.22222222222223,88,0.0,0.0,0.4444444444444444,0.1111111111111111,2.6666666666666665,0.06390000000000012,-4.708933333333333,67.41354444444444,66.7241,67.38332,66.2405,201.55555555555554,216.66666666666666,199.2,264,50.2999,48.81013333333333,49.0487,50.0,17.7337,17.176833333333335,17.898699999999998,17.402,30.642866666666666,30.838166666666666,30.61076,29.8628,31.503655555555554,26.92526666666667,29.05134,32.4841,49.65072222222222,51.010600000000004,49.66882,48.4894,19.12642222222222,19.655533333333334,19.74306,19.2338,30.862299999999998,31.6668,31.113279999999996,30.3127,32.26931111111111,30.696566666666666,31.36472,34.995,33.87991111111111,33.64503333333334,32.5296,33.9174,41.82547777777778,37.578066666666665,38.57722,39.1475,33.273888888888884,35.587066666666665,33.05138,31.7631,34.711555555555556,34.40396666666667,35.8291,37.4119,34.79913333333334,32.548233333333336,31.825440000000004,32.3132,28.330344444444442,29.542166666666663,29.068459999999998,29.2562,0,,,,,False,2024,,74,Duquesne,A10,9.1943,88,1.9491,1
Keith Richard,keith richard,2025,148,Louisiana Monroe,SB,10,1,0.3885350318471338,-7.4633899999999995,-12.692366666666667,-11.72612,3.3114,-0.9745100000000001,-3.1477000000000004,-2.9685200000000003,8.8915,-7.2403,0.3,0.2,0.1,-3.4,250.5,133,0.0,0.0,0.0,0.0,0.0,-1.55491,-0.9321299999999999,66.41166000000001,67.03213333333333,67.18748000000001,67.9054,239.3,198.66666666666666,191.6,152,48.34174,45.0212,46.70052,45.0254,18.41635,18.009266666666665,18.42202,17.1326,27.638749999999998,30.120099999999997,27.5844,29.0179,30.128210000000003,33.196266666666666,30.14026,31.1475,51.187,52.644933333333334,52.23574,53.6314,17.78127,16.963233333333335,18.31658,16.0618,30.604720000000004,30.4802,31.37198,32.4835,32.01932,30.45736666666667,32.01336,25.1491,33.83546,31.734733333333335,32.46788,32.5,36.77462,33.4301,34.93476,33.9175,34.905809999999995,35.24316666666667,35.67996,33.9736,39.7805,42.87199999999999,40.88744,45.1491,31.82229,28.46666666666667,29.960320000000003,29.4859,33.24837,35.51793333333333,34.274559999999994,36.7851,0,,,,,False,2025,,148,Louisiana Monroe,SB,-18.1011,344,-7.2403,-39
Keith Urgo,keith urgo,2025,91,Fordham,A10,3,1,0.5050505050505051,-1.9183666666666668,-1.9183666666666668,-1.9183666666666668,2.5637,-0.31863333333333327,-0.31863333333333327,-0.31863333333333327,7.4317,-5.3686,0.3333333333333333,0.3333333333333333,0.3333333333333333,-1.3333333333333333,187.33333333333334,137,0.0,0.0,0.0,0.0,0.0,-0.6351333333333334,-7.562666666666666,69.33303333333333,69.33303333333333,69.33303333333333,69.6785,74.66666666666667,74.66666666666667,74.66666666666667,63,47.96766666666667,47.96766666666667,47.96766666666667,48.6612,18.619233333333334,18.619233333333334,18.619233333333334,18.413,31.33113333333333,31.33113333333333,31.33113333333333,31.5271,35.21253333333333,35.21253333333333,35.21253333333333,32.8527,50.046699999999994,50.046699999999994,50.046699999999994,52.8191,18.534000000000002,18.534000000000002,18.534000000000002,16.6552,27.724833333333333,27.724833333333333,27.724833333333333,30.5606,40.52946666666667,40.52946666666667,40.52946666666667,39.2021,31.792666666666666,31.792666666666666,31.792666666666666,32.0497,41.7707,41.7707,41.7707,41.4521,34.4032,34.4032,34.4032,35.5109,31.122366666666665,31.122366666666665,31.122366666666665,31.7553,32.978,32.978,32.978,32.9222,24.837466666666668,24.837466666666668,24.837466666666668,25.3185,0,,,,,False,2025,,91,Fordham,A10,-5.9096,237,-5.3686,-71
Keith Walker,keith walker,2018,67,Delaware St.,MEAC,3,1,0.21875,-24.248866666666668,-24.248866666666668,-24.248866666666668,-20.0987,-6.557433333333333,-6.557433333333333,-6.557433333333333,-3.1757,-9.7117,0.0,0.0,0.6666666666666666,-7.333333333333333,346.3333333333333,339,0.0,0.0,0.0,0.0,0.0,-8.523966666666666,3.445266666666667,65.62733333333334,65.62733333333334,65.62733333333334,64.9433,292.0,292.0,292.0,322,46.620866666666664,46.620866666666664,46.620866666666664,47.2826,21.153133333333333,21.153133333333333,21.153133333333333,22.7165,28.3212,28.3212,28.3212,29.2352,29.255366666666664,29.255366666666664,29.255366666666664,28.5024,53.2809,53.2809,53.2809,55.8755,19.446766666666665,19.446766666666665,19.446766666666665,18.1536,36.57966666666667,36.57966666666667,36.57966666666667,33.7561,38.732933333333335,38.732933333333335,38.732933333333335,35.7766,33.53783333333333,33.53783333333333,33.53783333333333,33.1512,36.94156666666667,36.94156666666667,36.94156666666667,33.1522,35.653600000000004,35.653600000000004,35.653600000000004,38.9392,43.51743333333334,43.51743333333334,43.51743333333334,44.968,33.11246666666667,33.11246666666667,33.11246666666667,28.8127,34.8005,34.8005,34.8005,38.3602,0,,,,,False,2018,,67,Delaware St.,MEAC,-27.9372,350,-6.7849,-3
Kelvin Sampson,kelvin sampson,2026,113,Houston,B12,11,1,0.8144329896907216,25.086390909090913,33.86846666666667,31.40514,36.589,6.5618454545454545,4.9838,4.83474,10.7179,2.7153,1.0,0.7272727272727273,0.0,20.0,15.818181818181818,2,0.8181818181818182,0.8181818181818182,1.0,0.8181818181818182,3.1818181818181817,7.111254545454545,-1.3565363636363637,64.73240909090909,62.87143333333333,63.159000000000006,63.2598,305.09090909090907,353.6666666666667,347.6,353,51.53805454545454,51.3106,51.857960000000006,51.8761,15.580154545454546,13.595533333333334,14.63136,12.81,36.22370909090909,36.43279999999999,36.81868,35.6226,30.323963636363636,28.0993,28.429719999999996,26.3089,44.66863636363637,44.99023333333333,44.18712,46.1976,20.389981818181816,21.95883333333333,21.728659999999998,20.5876,28.59249090909091,30.018266666666666,29.13984,30.2253,37.947345454545456,37.4474,36.56752,38.6963,35.77807272727273,36.299033333333334,35.34686000000001,34.6895,37.56266363636364,37.416199999999996,37.802679999999995,40.7504,30.0433,30.636266666666668,29.70756,31.6314,40.071518181818185,41.695766666666664,42.24582,41.5416,32.26021818181818,32.97296666666667,32.22232,34.1772,31.186209090909088,33.034533333333336,33.034620000000004,33.0442,0,,,,,False,2026,,113,Houston,B12,33.8434,4,2.7153,-3
Ken Burmeister,ken burmeister,2018,121,Incarnate Word,Slnd,3,1,0.4186046511627907,-13.7557,-13.7557,-13.7557,-7.0569,-6.267133333333334,-6.267133333333334,-6.267133333333334,-1.4279,-15.567,0.0,0.0,0.3333333333333333,-34.333333333333336,296.3333333333333,243,0.0,0.0,0.0,0.0,0.0,-5.7176333333333345,6.770533333333333,69.53773333333334,69.53773333333334,69.53773333333334,69.6656,116.66666666666667,116.66666666666667,116.66666666666667,95,49.599199999999996,49.599199999999996,49.599199999999996,47.5505,19.8813,19.8813,19.8813,23.2121,23.8977,23.8977,23.8977,26.9278,40.076933333333336,40.076933333333336,40.076933333333336,41.1353,52.28443333333333,52.28443333333333,52.28443333333333,52.5287,17.479699999999998,17.479699999999998,17.479699999999998,17.6715,32.2278,32.2278,32.2278,35.3478,36.934400000000004,36.934400000000004,36.934400000000004,33.7829,37.08186666666666,37.08186666666666,37.08186666666666,34.6062,36.11033333333333,36.11033333333333,36.11033333333333,32.5816,35.7185,35.7185,35.7185,37.6,31.319733333333335,31.319733333333335,31.319733333333335,33.7154,31.293766666666667,31.293766666666667,31.293766666666667,26.8684,25.79703333333333,25.79703333333333,25.79703333333333,29.3292,0,,,,,False,2018,,121,Incarnate Word,Slnd,-21.5991,342,-15.567,-102
Kenny Blakeney,kenny blakeney,2026,115,Howard,MEAC,7,1,0.47549019607843135,-10.458385714285713,-8.099066666666667,-6.62526,-2.6448,-1.3628999999999998,-0.9682999999999997,0.5742200000000002,8.7299,-8.744,0.42857142857142855,0.14285714285714285,0.2857142857142857,0.8571428571428571,271.57142857142856,196,0.0,0.0,0.0,0.42857142857142855,6.857142857142857,-7.2567571428571425,-0.3997,69.46575714285714,69.02363333333334,69.29968,69.1019,86.57142857142857,99.66666666666667,84.2,88,51.09591428571429,52.04433333333333,51.679880000000004,50.9159,20.66852857142857,20.636666666666667,21.102800000000002,19.2602,29.476014285714285,32.84283333333333,32.05204,35.7692,37.112071428571426,40.39336666666667,37.91518,43.4459,51.40455714285714,50.693333333333335,50.484500000000004,48.7291,18.450171428571426,17.9739,19.593899999999998,20.7453,32.85642857142857,31.808999999999997,32.36718,31.3964,35.353857142857144,39.23786666666666,37.12388,38.4171,36.02637142857143,36.559266666666666,36.56648,35.8086,38.74767142857143,37.35616666666667,37.71698,34.688,33.698657142857144,33.171600000000005,33.46402,31.3758,36.45824285714286,33.70556666666666,34.30294,34.431,32.41724285714286,30.50583333333333,31.488979999999998,27.8086,28.85787142857143,25.850466666666666,27.023559999999996,26.093,0,,,,,False,2026,,115,Howard,MEAC,-2.6448,196,8.7299,112
Kenny Payne,kenny payne,2024,150,Louisville,ACC,2,1,0.1875,-6.0822,-6.0822,-6.0822,-2.3123,-12.124649999999999,-12.124649999999999,-12.124649999999999,-6.2212,-18.0281,0.0,0.0,1.0,-137.5,237.5,185,0.0,0.0,0.0,0.0,0.0,7.7566500000000005,-1.3707,68.13759999999999,68.13759999999999,68.13759999999999,69.9114,139.0,139.0,139.0,60,48.181650000000005,48.181650000000005,48.181650000000005,48.3633,20.2024,20.2024,20.2024,18.1246,28.210050000000003,28.210050000000003,28.210050000000003,28.2051,35.862899999999996,35.862899999999996,35.862899999999996,38.8434,54.32915,54.32915,54.32915,54.5767,15.664100000000001,15.664100000000001,15.664100000000001,16.1795,28.7675,28.7675,28.7675,27.5255,32.15755,32.15755,32.15755,33.7566,31.771349999999998,31.771349999999998,31.771349999999998,30.648,33.457899999999995,33.457899999999995,33.457899999999995,31.1511,36.17245,36.17245,36.17245,37.1622,39.42095,39.42095,39.42095,39.1534,26.056,26.056,26.056,22.7865,32.3868,32.3868,32.3868,32.6087,0,,,,,False,2024,,150,Louisville,ACC,-2.3123,185,-6.2212,-76
Keno Davis,keno davis,2021,45,Central Michigan,MAC,6,1,0.5130890052356021,-2.7572000000000005,-3.724,-3.4104,4.2697,-1.53625,-0.9494666666666668,-0.37602,7.795,-7.3374,0.3333333333333333,0.3333333333333333,0.5,-18.333333333333332,196.83333333333334,129,0.0,0.0,0.0,0.0,0.0,-0.8760166666666667,-5.1943166666666665,71.10315,72.33246666666668,71.9846,72.0792,88.66666666666667,24.333333333333332,56.6,29,50.32866666666666,49.177,50.046859999999995,48.6777,16.1948,17.28656666666667,16.71268,17.9489,28.25163333333333,28.39633333333333,28.596960000000003,26.6312,34.71476666666667,36.620733333333334,35.64876,36.1983,52.619550000000004,52.9189,52.94367999999999,54.0221,17.820899999999998,19.30803333333333,18.21048,18.1521,31.793266666666668,31.402,31.85286,32.2222,30.07841666666667,28.502466666666667,29.06214,27.5237,34.434333333333335,33.52183333333333,34.27928,32.2078,42.15031666666667,35.707433333333334,41.2194,31.8182,34.788983333333334,34.9043,34.86046,36.4356,37.91335,38.144200000000005,38.5668,39.8265,34.55603333333333,28.979633333333336,33.58872,25.2203,31.2578,31.628066666666665,31.860719999999997,33.6996,0,,,,,False,2021,,45,Central Michigan,MAC,-11.0409,281,-5.5689,-59
Kermit Davis Jr,kermit davis jr,2023,173,Mississippi,SEC,8,2,0.5992366412213741,10.0486,8.432066666666666,9.19966,14.9502,0.2586375,-6.752933333333334,-3.88444,11.9238,-10.651,0.5,0.375,0.375,-2.125,80.0,43,0.0,0.375,0.5,0.375,4.875,5.35555,0.17457499999999995,66.420025,65.384,66.52822,66.0199,241.5,278.3333333333333,232.4,239,50.800375,48.57826666666667,49.48516,47.4651,18.14875,18.982933333333335,18.79186,18.216,30.1177,31.568533333333335,30.26068,33.3053,31.8454375,30.6887,31.95326,29.1774,49.30805,49.7766,49.5843,49.5462,19.769925,19.931633333333334,19.9768,18.0348,26.58555,27.907566666666668,28.160559999999997,29.8748,35.9468375,30.677266666666668,33.24156000000001,30.3257,34.236824999999996,30.980566666666665,32.14624,30.2534,34.4434,34.2058,35.23988,34.7129,33.3724125,33.78553333333333,33.58776,33.7985,35.4407375,35.6843,35.23909999999999,34.4367,28.5013,26.875433333333334,27.910059999999998,27.3462,28.584725,29.79686666666667,28.88186,28.6968,0,,,,,False,2023,,173,Mississippi,SEC,4.601,122,-10.651,-73
Kerry Keating,kerry keating,2016,255,Santa Clara,WCC,1,1,0.3548387096774194,-7.0672,-7.0672,-7.0672,-7.0672,-5.3538,-5.3538,-5.3538,-5.3538,-5.3538,0.0,0.0,1.0,-54.0,244.0,244,0.0,0.0,0.0,0.0,0.0,1.064,-1.8192,65.4955,65.4955,65.4955,65.4955,298.0,298.0,298.0,298,47.8819,47.8819,47.8819,47.8819,16.8874,16.8874,16.8874,16.8874,24.3602,24.3602,24.3602,24.3602,33.7709,33.7709,33.7709,33.7709,50.844,50.844,50.844,50.844,16.691,16.691,16.691,16.691,29.9526,29.9526,29.9526,29.9526,36.787,36.787,36.787,36.787,34.7626,34.7626,34.7626,34.7626,38.9618,38.9618,38.9618,38.9618,34.375,34.375,34.375,34.375,39.1152,39.1152,39.1152,39.1152,33.8806,33.8806,33.8806,33.8806,31.4143,31.4143,31.4143,31.4143,0,,,,,False,2016,,255,Santa Clara,WCC,-7.0672,244,-5.3538,-54
Kevin Baggett,kevin baggett,2026,240,Rider,MAAC,11,1,0.46017699115044247,-6.869445454545455,-14.0533,-9.796420000000001,2.2767,-3.050181818181818,-6.782233333333333,-3.8309800000000003,9.0478,-13.5402,0.18181818181818182,0.09090909090909091,0.36363636363636365,-25.727272727272727,238.0,145,0.0,0.0,0.0,0.0,0.5454545454545454,-4.538881818181818,1.3193545454545457,68.52212727272727,66.31196666666666,66.15518,65.8404,167.0909090909091,241.66666666666666,242.8,269,48.28493636363637,46.052600000000005,46.65242,42.766,18.14149090909091,17.2988,17.43384,16.9067,31.115036363636364,32.07893333333333,31.932380000000002,32.6228,33.84183636363636,30.549333333333333,29.62174,30.0912,51.15133636363637,52.49843333333333,51.405460000000005,55.1553,18.04299090909091,15.810233333333334,16.47926,15.2758,28.40794545454545,30.829400000000003,29.840300000000003,32.8228,34.14398181818182,32.09766666666667,33.632639999999995,32.5466,32.67660909090909,30.828000000000003,31.48508,27.6549,30.412681818181817,28.584466666666668,27.89484,27.4772,35.1998,36.028600000000004,35.73984,37.9471,41.022999999999996,39.6882,41.11462,39.9379,24.870963636363637,23.100733333333334,22.90292,21.3797,34.381181818181815,33.656866666666666,35.0252,34.0465,0,,,,,False,2026,,240,Rider,MAAC,-24.1738,357,-13.5402,-55
Kevin Broadus,kevin broadus,2026,182,Morgan St.,MEAC,7,1,0.4682926829268293,-13.862728571428573,-17.96676666666667,-15.41328,-5.7148,-1.2029857142857143,-2.5417,-2.59944,9.3012,-4.7249,0.14285714285714285,0.14285714285714285,0.0,0.0,310.0,223,0.0,0.0,0.0,0.0,0.0,-8.447614285714286,0.12185714285714286,70.89274285714286,70.757,70.95888,70.7556,38.57142857142857,31.666666666666668,27.6,23,47.23832857142857,47.41096666666667,47.22018,45.828,20.36497142857143,18.664033333333332,19.83718,17.8312,31.99207142857143,31.45713333333333,31.11844,30.7463,35.715242857142854,36.5618,34.3425,42.6752,50.50705714285714,52.05429999999999,51.619319999999995,51.6731,19.914528571428573,17.2039,19.704140000000002,16.4756,33.61678571428571,36.43366666666666,35.3612,35.138,44.16592857142857,43.79566666666667,43.38892,50.9009,31.221885714285715,30.468966666666663,31.54712,31.7029,30.756357142857144,27.9333,28.95734,35.1592,32.93602857142857,34.53816666666666,33.89794,31.5152,35.90038571428572,32.85293333333333,34.1267,31.8533,24.037685714285715,20.960566666666665,23.11092,27.1038,26.8467,25.412966666666666,26.08414,21.6466,0,,,,,False,2026,,182,Morgan St.,MEAC,-21.6445,353,-3.1118,4
Kevin Carroll,kevin carroll,2026,143,Lipscomb,ASun,1,1,0.59375,-2.8801,-2.8801,-2.8801,-2.8801,1.4018,1.4018,1.4018,1.4018,1.4018,1.0,0.0,0.0,7.0,200.0,200,0.0,0.0,0.0,0.0,0.0,-5.4775,4.4338,69.3971,69.3971,69.3971,69.3971,75.0,75.0,75.0,75,54.057,54.057,54.057,54.057,16.0115,16.0115,16.0115,16.0115,25.791,25.791,25.791,25.791,26.0417,26.0417,26.0417,26.0417,53.1886,53.1886,53.1886,53.1886,17.7068,17.7068,17.7068,17.7068,30.1798,30.1798,30.1798,30.1798,28.972,28.972,28.972,28.972,35.6979,35.6979,35.6979,35.6979,47.9167,47.9167,47.9167,47.9167,34.3365,34.3365,34.3365,34.3365,40.1869,40.1869,40.1869,40.1869,40.2062,40.2062,40.2062,40.2062,32.5974,32.5974,32.5974,32.5974,0,,,,,False,2026,,143,Lipscomb,ASun,-2.8801,200,1.4018,7
Kevin Giltner,kevin giltner,2026,346,Wofford,SC,1,1,0.59375,-7.1758,-7.1758,-7.1758,-7.1758,-1.9194,-1.9194,-1.9194,-1.9194,-1.9194,0.0,0.0,0.0,-27.0,251.0,251,0.0,0.0,0.0,0.0,0.0,-7.7174,-4.5161,67.8347,67.8347,67.8347,67.8347,157.0,157.0,157.0,157,52.5014,52.5014,52.5014,52.5014,13.3958,13.3958,13.3958,13.3958,29.7872,29.7872,29.7872,29.7872,36.2424,36.2424,36.2424,36.2424,53.8284,53.8284,53.8284,53.8284,14.9489,14.9489,14.9489,14.9489,28.9552,28.9552,28.9552,28.9552,36.8451,36.8451,36.8451,36.8451,34.9677,34.9677,34.9677,34.9677,43.0795,43.0795,43.0795,43.0795,36.3636,36.3636,36.3636,36.3636,37.9965,37.9965,37.9965,37.9965,34.581,34.581,34.581,34.581,30.5473,30.5473,30.5473,30.5473,0,,,,,False,2026,,346,Wofford,SC,-7.1758,251,-1.9194,-27
Kevin Hovde,kevin hovde,2026,58,Columbia,Ivy,1,1,0.5714285714285714,-2.0918,-2.0918,-2.0918,-2.0918,4.5363,4.5363,4.5363,4.5363,4.5363,1.0,0.0,0.0,52.0,193.0,193,0.0,0.0,0.0,0.0,0.0,-3.871,-5.7642,66.771,66.771,66.771,66.771,217.0,217.0,217.0,217,53.6275,53.6275,53.6275,53.6275,19.5205,19.5205,19.5205,19.5205,35.9818,35.9818,35.9818,35.9818,28.5621,28.5621,28.5621,28.5621,51.1659,51.1659,51.1659,51.1659,15.0376,15.0376,15.0376,15.0376,27.2222,27.2222,27.2222,27.2222,33.511,33.511,33.511,33.511,36.0627,36.0627,36.0627,36.0627,37.5163,37.5163,37.5163,37.5163,35.1852,35.1852,35.1852,35.1852,35.976,35.976,35.976,35.976,31.8789,31.8789,31.8789,31.8789,29.8117,29.8117,29.8117,29.8117,0,,,,,False,2026,,58,Columbia,Ivy,-2.0918,193,4.5363,52
Kevin Johnson,kevin johnson,2026,270,Southern,SWAC,3,1,0.5612244897959183,-7.4385,-7.4385,-7.4385,-5.4413,-0.18986666666666685,-0.18986666666666685,-0.18986666666666685,6.0534,-7.8276,0.6666666666666666,0.3333333333333333,0.3333333333333333,-9.0,256.3333333333333,231,0.0,0.0,0.0,0.0,0.0,-6.583333333333333,13.977033333333333,68.75580000000001,68.75580000000001,68.75580000000001,70.0127,110.33333333333333,110.33333333333333,110.33333333333333,46,48.60446666666667,48.60446666666667,48.60446666666667,49.1467,18.406599999999997,18.406599999999997,18.406599999999997,16.5509,30.8034,30.8034,30.8034,31.4236,37.838166666666666,37.838166666666666,37.838166666666666,39.84,50.91819999999999,50.91819999999999,50.91819999999999,53.1879,20.6112,20.6112,20.6112,18.603,30.1717,30.1717,30.1717,31.2801,43.81516666666667,43.81516666666667,43.81516666666667,42.8971,32.78236666666667,32.78236666666667,32.78236666666667,34.66,34.47253333333333,34.47253333333333,34.47253333333333,32.16,34.29036666666667,34.29036666666667,34.29036666666667,36.8263,37.45733333333333,37.45733333333333,37.45733333333333,37.3602,27.604200000000002,27.604200000000002,27.604200000000002,26.5453,28.866533333333333,28.866533333333333,28.866533333333333,29.6743,0,,,,,False,2026,,270,Southern,SWAC,-9.5463,277,-7.8276,-112
Kevin Keatts,kevin keatts,2025,200,N.C. State,ACC,10,2,0.6174698795180723,11.32066,11.027666666666667,9.729800000000001,15.9019,0.5488899999999999,-1.0722666666666667,-3.2971600000000003,11.2944,-10.7599,0.6,0.2,0.2,4.8,70.0,41,0.0,0.4,0.8,0.6,7.2,6.3115000000000006,-5.13005,68.97801000000001,67.47196666666666,67.42428,65.4552,123.8,177.66666666666666,183.6,292,51.39843,50.157399999999996,50.285540000000005,48.3037,15.5478,13.837466666666666,14.960239999999999,14.4057,30.988979999999998,29.116,29.44078,28.8305,30.73114,29.8292,29.94108,32.2581,50.4544,50.08643333333333,50.99868,50.9855,19.70883,18.363633333333336,18.99516,18.6053,30.08028,29.285366666666665,30.125239999999998,32.5325,35.85431,32.60573333333333,31.16696,32.2319,34.59103,33.76903333333333,34.24002,32.1538,35.98259,35.52656666666667,35.7166,36.1513,33.17422,33.166266666666665,33.94354,34.3416,33.00489,34.31046666666666,34.53474,32.5797,29.97293,29.507366666666666,30.0678,29.0547,25.990409999999997,27.4495,28.1291,26.5231,0,,,,,False,2025,,200,N.C. State,ACC,3.6344,125,-10.7599,-72
Kevin Kruger,kevin kruger,2025,314,UNLV,MWC,4,1,0.5801526717557252,8.560825,8.483233333333333,8.560825,10.8601,1.719375,0.8623,1.719375,4.2906,-1.2532,0.75,0.0,0.0,16.75,87.75,73,0.0,0.0,1.0,0.0,0.0,5.61665,1.3229,66.79169999999999,66.97753333333333,66.79169999999999,65.9827,216.0,211.33333333333334,216.0,271,49.92795,50.19649999999999,49.92795,49.7262,16.715875,16.636966666666666,16.715875,16.153,27.98345,28.280966666666668,27.98345,27.2727,33.794725,34.829366666666665,33.794725,35.816,50.022999999999996,50.56206666666666,50.022999999999996,49.3247,19.351075,20.06983333333333,19.351075,17.805,29.51515,30.73443333333333,29.51515,29.7927,30.885375,30.9003,30.885375,32.0367,33.562075,33.667766666666665,33.562075,33.2805,37.987625,36.399499999999996,37.987625,34.5564,33.10045,33.485800000000005,33.10045,31.8804,42.252925,42.4242,42.252925,43.382,30.7853,29.290633333333336,30.7853,27.5711,34.2265,34.437666666666665,34.2265,34.1637,0,,,,,False,2025,,314,UNLV,MWC,7.2107,93,-1.2532,0
Kevin Kuwik,kevin kuwik,2026,17,Army,PL,3,1,0.3917525773195876,-17.0851,-17.0851,-17.0851,-13.6743,-5.162266666666667,-5.162266666666667,-5.162266666666667,-2.6029,-8.6332,0.0,0.0,0.3333333333333333,-22.333333333333332,333.6666666666667,318,0.0,0.0,0.0,0.0,0.0,-8.344166666666666,-4.323933333333334,66.10333333333334,66.10333333333334,66.10333333333334,67.1533,230.66666666666666,230.66666666666666,230.66666666666666,194,48.610800000000005,48.610800000000005,48.610800000000005,49.2794,16.8164,16.8164,16.8164,17.1902,27.499399999999998,27.499399999999998,27.499399999999998,29.6,26.1096,26.1096,26.1096,26.8293,53.023,53.023,53.023,55.1063,16.06266666666667,16.06266666666667,16.06266666666667,15.442,27.4474,27.4474,27.4474,27.6684,32.87106666666667,32.87106666666667,32.87106666666667,39.6104,31.6725,31.6725,31.6725,32.0166,46.72153333333333,46.72153333333333,46.72153333333333,53.3259,34.4998,34.4998,34.4998,35.5524,41.07136666666667,41.07136666666667,41.07136666666667,41.6765,38.770900000000005,38.770900000000005,38.770900000000005,43.4824,32.80166666666667,32.80166666666667,32.80166666666667,31.7856,0,,,,,False,2026,,17,Army,PL,-18.5772,339,-2.6029,8
Kevin McGeehan,kevin mcgeehan,2025,41,Campbell,CAA,10,1,0.5078369905956113,-6.74461,-7.163633333333333,-5.9192,-1.4856,0.32885,1.3341999999999998,0.7875,6.5154,-6.0568,0.5,0.1,0.1,10.0,241.7,181,0.0,0.0,0.0,0.0,0.8,-5.9905100000000004,-4.48656,65.62947,65.62983333333334,64.64882,66.0516,274.2,277.0,302.8,265,52.23867,51.53123333333334,52.307280000000006,49.9703,17.29509,17.289533333333335,17.34306,15.7545,22.70812,24.2437,22.91384,24.5562,32.99631,33.77493333333333,32.296479999999995,29.656,52.02858,52.37023333333334,51.94664,52.4198,18.61158,17.875133333333334,18.68886,18.8151,28.636580000000002,28.925866666666668,28.752,27.7197,33.07147,28.528666666666666,28.73714,29.8851,34.35389,33.128566666666664,33.95192,31.9149,40.41581,39.67073333333334,38.6776,41.8149,34.19276,33.18686666666667,33.16424,31.0855,37.685320000000004,40.4716,39.421260000000004,36.7816,32.42882,30.930466666666664,30.88894,32.656,30.374489999999998,32.3963,31.74012,27.2596,0,,,,,False,2025,,41,Campbell,CAA,-4.6061,220,6.5154,86
Kevin Nickelberry,kevin nickelberry,2019,115,Howard,MEAC,4,1,0.3684210526315789,-16.83065,-16.9039,-16.83065,-11.8865,-4.0369,-2.9604,-4.0369,1.6304,-11.379,0.5,0.0,0.5,-18.25,326.75,305,0.0,0.0,0.0,0.0,0.0,-9.1571,2.1339,69.9273,69.76386666666667,69.9273,71.3433,91.5,100.66666666666667,91.5,31,46.085499999999996,46.90153333333333,46.085499999999996,48.456,19.186675,18.79896666666667,19.186675,16.8307,30.77355,30.16246666666667,30.77355,29.1702,40.026375,37.2151,40.026375,33.7622,51.031549999999996,51.644666666666666,51.031549999999996,51.7857,18.937275,18.955299999999998,18.937275,19.8393,34.422175,33.970933333333335,34.422175,33.3631,37.1254,37.3124,37.1254,37.8465,32.576275,33.6136,32.576275,36.8421,31.5212,33.35113333333333,31.5212,30.3139,35.07585,35.60796666666667,35.07585,35.5102,37.211625,37.337633333333336,37.211625,39.1791,25.7727,28.098766666666666,25.7727,27.5614,30.61275,30.816999999999997,30.61275,31.9853,0,,,,,False,2019,,115,Howard,MEAC,-11.8865,305,0.8674,7
Kevin Ollie,kevin ollie,2018,59,Connecticut,Amer,3,1,0.5445544554455446,8.272966666666667,8.272966666666667,8.272966666666667,18.715,-4.634399999999999,-4.634399999999999,-4.634399999999999,4.9408,-10.6351,0.3333333333333333,0.0,0.6666666666666666,-52.0,100.33333333333333,26,0.0,0.3333333333333333,0.6666666666666666,0.3333333333333333,3.0,5.908,3.0708333333333333,65.9834,65.9834,65.9834,66.9966,272.3333333333333,272.3333333333333,272.3333333333333,236,49.170899999999996,49.170899999999996,49.170899999999996,47.4618,17.8048,17.8048,17.8048,18.4674,29.294600000000003,29.294600000000003,29.294600000000003,29.4221,32.1556,32.1556,32.1556,32.369,47.049366666666664,47.049366666666664,47.049366666666664,51.0776,17.536033333333332,17.536033333333332,17.536033333333332,18.3299,30.778833333333335,30.778833333333335,30.778833333333335,32.716,33.75363333333333,33.75363333333333,33.75363333333333,33.8901,34.82256666666667,34.82256666666667,34.82256666666667,32.6252,34.79866666666667,34.79866666666667,34.79866666666667,35.9716,33.995599999999996,33.995599999999996,33.995599999999996,36.4096,39.40233333333333,39.40233333333333,39.40233333333333,42.6185,29.658133333333335,29.658133333333335,29.658133333333335,29.5736,34.24903333333333,34.24903333333333,34.24903333333333,36.9231,0,,,,,False,2018,,59,Connecticut,Amer,-0.4302,179,-10.6351,-110
Kevin Stallings,kevin stallings,2018,227,Pittsburgh,ACC,3,2,0.4387755102040816,7.241833333333333,7.241833333333333,7.241833333333333,18.762,-3.921966666666666,-3.921966666666666,-3.921966666666666,2.3898,-9.0915,0.3333333333333333,0.0,0.6666666666666666,-46.333333333333336,110.33333333333333,25,0.3333333333333333,0.3333333333333333,0.6666666666666666,0.3333333333333333,3.6666666666666665,9.387333333333332,0.06439999999999989,66.14323333333333,66.14323333333333,66.14323333333333,65.1795,266.6666666666667,266.6666666666667,266.6666666666667,318,50.8357,50.8357,50.8357,48.2367,18.427233333333334,18.427233333333334,18.427233333333334,20.9118,26.206666666666667,26.206666666666667,26.206666666666667,23.2143,37.016533333333335,37.016533333333335,37.016533333333335,31.9187,48.1501,48.1501,48.1501,50.0792,14.6683,14.6683,14.6683,15.5304,30.904966666666667,30.904966666666667,30.904966666666667,33.913,30.7719,30.7719,30.7719,31.2566,35.588300000000004,35.588300000000004,35.588300000000004,32.4528,41.81386666666666,41.81386666666666,41.81386666666666,47.5194,32.803,32.803,32.803,33.3807,34.6364,34.6364,34.6364,37.17,34.83143333333334,34.83143333333334,34.83143333333334,38.9924,28.964066666666668,28.964066666666668,28.964066666666668,30.4404,0,,,,,False,2018,,227,Pittsburgh,ACC,-5.7615,227,-9.0915,-106
Kevin Willard,kevin willard,2026,328,Villanova,BE,11,3,0.6454293628808865,16.949154545454544,19.8304,18.21866,27.0684,1.8200272727272726,2.827466666666666,2.1663,10.9564,-6.4381,0.45454545454545453,0.18181818181818182,0.09090909090909091,6.090909090909091,38.18181818181818,10,0.2727272727272727,0.5454545454545454,1.0,0.8181818181818182,5.818181818181818,10.34689090909091,-0.039218181818181895,67.64424545454546,66.82703333333333,66.39144,65.3644,183.72727272727272,220.66666666666666,231.0,294,50.55247272727272,51.36013333333333,50.42468,53.7722,17.516654545454546,15.6305,16.207259999999998,15.05,31.817018181818185,31.538566666666668,31.376979999999996,32.2279,35.262145454545454,34.95316666666667,33.93092,30.9367,48.004954545454545,48.42793333333333,47.7305,51.4301,18.86218181818182,19.164866666666665,18.88518,18.5646,29.121199999999998,29.712733333333333,29.27706,31.8512,30.732018181818184,29.867433333333334,29.15654,30.0318,33.716981818181814,33.9754,33.58526,35.6589,36.233836363636364,39.523133333333334,38.232600000000005,45.7215,32.941390909090906,32.26206666666667,32.03992,33.4294,34.72983636363636,34.35593333333333,33.75596,36.7585,29.032063636363638,31.479233333333337,30.674599999999998,37.9568,28.96151818181818,27.907933333333332,27.66196,29.6044,0,,,,,False,2026,,328,Villanova,BE,19.9151,33,4.4928,17
Kevin Young,kevin young,2026,35,BYU,B12,2,1,0.6901408450704225,22.543300000000002,22.543300000000002,22.543300000000002,22.7768,1.4059,1.4059,1.4059,3.1258,-0.314,0.5,0.0,0.0,-5.5,25.0,24,0.5,1.0,1.0,1.0,6.0,13.4696,-1.6733500000000001,68.7742,68.7742,68.7742,69.9052,110.5,110.5,110.5,51,55.70265,55.70265,55.70265,54.4409,16.309450000000002,16.309450000000002,16.309450000000002,15.2155,33.9925,33.9925,33.9925,34.32,32.41265,32.41265,32.41265,34.3764,51.31595,51.31595,51.31595,51.2331,16.635550000000002,16.635550000000002,16.635550000000002,16.389,27.99505,27.99505,27.99505,29.6498,29.1479,29.1479,29.1479,28.8506,35.61065,35.61065,35.61065,34.4509,43.688649999999996,43.688649999999996,43.688649999999996,39.8067,35.50725,35.50725,35.50725,35.3222,42.61265,42.61265,42.61265,38.9949,34.63225,34.63225,34.63225,30.5746,36.8029,36.8029,36.8029,33.6364,0,,,,,False,2026,,35,BYU,B12,22.7768,24,-0.314,-6
Kim Anderson,kim anderson,2017,176,Missouri,SEC,2,1,0.2857142857142857,0.4187,0.4187,0.4187,0.6388,0.59075,0.59075,0.59075,0.805,0.3765,1.0,0.0,0.0,8.5,157.5,156,0.0,0.0,0.0,0.0,0.0,6.86355,-3.5402500000000003,68.00405,68.00405,68.00405,68.0066,181.5,181.5,181.5,190,46.2259,46.2259,46.2259,45.2456,17.449399999999997,17.449399999999997,17.449399999999997,16.9058,27.4843,27.4843,27.4843,28.1991,39.15005,39.15005,39.15005,38.6688,49.2639,49.2639,49.2639,49.5607,17.63715,17.63715,17.63715,19.2391,29.98675,29.98675,29.98675,30.2065,41.6592,41.6592,41.6592,42.559,30.71,30.71,30.71,30.4465,35.79235,35.79235,35.79235,39.0386,33.985749999999996,33.985749999999996,33.985749999999996,34.3533,39.3399,39.3399,39.3399,39.4838,27.597949999999997,27.597949999999997,27.597949999999997,30.5016,31.530700000000003,31.530700000000003,31.530700000000003,31.7617,0,,,,,False,2017,,176,Missouri,SEC,0.6388,156,0.805,9
Kim English,kim english,2026,233,Providence,BE,5,2,0.5030674846625767,7.815040000000001,10.931433333333333,7.815040000000001,13.6968,-1.09036,-2.993233333333334,-1.09036,8.7684,-6.16,0.4,0.2,0.4,-0.4,95.8,59,0.0,0.0,0.6,0.0,0.0,6.339119999999999,-1.37798,67.27708,68.45176666666667,67.27708,71.2989,189.2,141.0,189.2,18,52.68862,52.870066666666666,52.68862,54.9658,18.26454,17.732766666666667,18.26454,16.6622,28.9346,30.621166666666667,28.9346,31.7308,32.850759999999994,32.6956,32.850759999999994,36.6928,49.1725,49.45243333333334,49.1725,51.3674,15.611360000000001,14.6392,15.611360000000001,13.1501,27.200740000000003,29.1143,27.200740000000003,30.8454,31.17756,31.081799999999998,31.17756,32.7256,35.05254,34.8373,35.05254,36.3527,43.10776,43.4381,43.10776,40.5088,33.50974,34.352133333333335,33.50974,35.2663,37.394040000000004,36.5367,37.394040000000004,38.5141,35.35404,35.146300000000004,35.35404,32.0782,31.16866,31.015200000000004,31.16866,32.2511,0,,,,,False,2026,,233,Providence,BE,12.1673,67,-3.4712,-19
King Rice,king rice,2026,178,Monmouth,CAA,11,1,0.5310734463276836,-3.0055727272727277,-4.174333333333333,-5.77094,8.6099,0.32922727272727265,1.9487666666666665,0.38931999999999994,9.4423,-10.6357,0.5454545454545454,0.2727272727272727,0.18181818181818182,0.7272727272727273,203.0909090909091,81,0.0,0.0,0.18181818181818182,0.0,0.45454545454545453,-2.8156454545454546,1.9166181818181818,69.67444545454545,67.42856666666667,67.3461,67.1453,112.9090909090909,182.66666666666666,182.0,196,48.356336363636366,48.72643333333334,47.490120000000005,49.6092,17.861472727272727,16.035766666666664,17.30286,16.5978,28.752581818181817,30.4885,30.22364,31.2014,36.60332727272727,32.9031,33.752840000000006,32.7254,49.655181818181816,50.24870000000001,50.49664,50.0527,19.594054545454547,18.115266666666667,18.61098,19.8995,30.380954545454543,33.255066666666664,32.109359999999995,32.7556,37.437909090909095,33.87123333333333,34.81216,32.2257,34.39190909090909,34.766200000000005,33.236560000000004,34.2424,33.80902727272727,35.09696666666667,32.88914,34.3929,34.02673636363637,33.8853,34.192600000000006,33.8843,42.42783636363637,40.74986666666667,41.80026,38.2911,28.381599999999995,30.0985,27.5631,28.5474,34.390100000000004,33.05396666666667,33.95988,31.525,0,,,,,False,2026,,178,Monmouth,CAA,-1.0631,181,3.1179,25
Kory Barnett,kory barnett,2026,220,Oral Roberts,Sum,1,1,0.30303030303030304,-13.1779,-13.1779,-13.1779,-13.1779,-1.8806,-1.8806,-1.8806,-1.8806,-1.8806,0.0,0.0,0.0,-4.0,311.0,311,0.0,0.0,0.0,0.0,0.0,-2.2215,5.2563,67.7528,67.7528,67.7528,67.7528,161.0,161.0,161.0,161,49.6518,49.6518,49.6518,49.6518,18.5008,18.5008,18.5008,18.5008,28.408,28.408,28.408,28.408,34.823,34.823,34.823,34.823,53.6476,53.6476,53.6476,53.6476,14.6764,14.6764,14.6764,14.6764,31.8052,31.8052,31.8052,31.8052,39.0572,39.0572,39.0572,39.0572,31.9745,31.9745,31.9745,31.9745,45.5601,45.5601,45.5601,45.5601,37.4233,37.4233,37.4233,37.4233,36.5881,36.5881,36.5881,36.5881,34.942,34.942,34.942,34.942,30.602,30.602,30.602,30.602,0,,,,,False,2026,,220,Oral Roberts,Sum,-13.1779,311,-1.8806,-4
Kyle Gerdeman,kyle gerdeman,2026,368,Lindenwood,OVC,4,1,0.4186046511627907,-15.629925,-15.261099999999999,-15.629925,-8.6014,1.08845,0.8237333333333333,1.08845,4.8761,-3.9518,0.75,0.0,0.0,20.0,323.25,267,0.0,0.0,0.0,0.0,0.0,-7.7043,1.709575,69.039375,69.81846666666667,69.039375,72.4255,117.5,90.66666666666667,117.5,8,46.2692,45.427699999999994,46.2692,47.9508,18.53725,18.2122,18.53725,18.67,27.516975,29.022000000000002,27.516975,33.2465,35.278875,37.60946666666667,35.278875,38.5792,51.5388,51.259899999999995,51.5388,49.1199,18.325375,18.51653333333333,18.325375,18.4418,30.8049,30.742766666666668,30.8049,31.7531,35.847699999999996,37.436299999999996,35.847699999999996,37.4037,30.32805,28.36746666666667,30.32805,29.4118,32.9131,32.00233333333333,32.9131,30.6557,34.9489,34.8556,34.9489,32.3873,37.273425,35.941,37.273425,32.9483,25.605249999999998,23.227533333333337,25.605249999999998,22.1874,30.508200000000002,29.163533333333334,30.508200000000002,25.8552,0,,,,,False,2026,,368,Lindenwood,OVC,-8.6014,267,4.8761,61
Kyle Keller,kyle keller,2025,279,Stephen F. Austin,Slnd,9,1,0.6366906474820144,-0.8686222222222224,-2.1319333333333335,-0.2535600000000001,6.9969,-1.4786444444444442,-4.0112,-2.26136,18.1549,-15.7586,0.5555555555555556,0.1111111111111111,0.4444444444444444,-21.77777777777778,178.11111111111111,100,0.0,0.0,0.1111111111111111,0.2222222222222222,2.888888888888889,-4.419177777777778,0.3361444444444445,69.20398888888889,68.655,68.95331999999999,67.5778,108.11111111111111,111.66666666666667,101.8,174,50.87441111111111,49.1787,50.762299999999996,46.6729,22.327166666666667,21.849466666666668,22.269759999999998,22.2423,33.77554444444444,33.1879,34.146879999999996,34.5667,39.46383333333333,37.795433333333335,38.7639,32.2662,50.476444444444446,50.0599,50.056560000000005,49.2173,23.785911111111112,22.29903333333333,23.1753,20.2012,30.24986666666667,31.95306666666667,31.091500000000003,33.1307,42.017744444444446,41.111133333333335,40.58788,34.0639,33.71981111111111,33.3202,32.81948,28.7415,31.29283333333333,32.58273333333333,30.508499999999998,36.9115,34.8831,35.13133333333334,34.34778,34.4013,37.755155555555554,36.86813333333333,36.802980000000005,37.1321,24.569211111111112,25.968933333333336,23.53526,27.9956,30.29331111111111,30.137033333333335,29.37906,31.4977,0,,,,,False,2025,,279,Stephen F. Austin,Slnd,-8.9838,271,-9.3722,-118
Kyle Neptune,kyle neptune,2025,328,Villanova,BE,4,2,0.5294117647058824,11.199775,15.075899999999999,11.199775,16.7805,-1.9215749999999998,-4.530566666666666,-1.9215749999999998,5.9054,-6.6636,0.25,0.25,0.25,-3.0,79.25,37,0.0,0.25,0.75,0.0,0.0,7.32095,-1.007825,64.610125,63.597433333333335,64.610125,63.3694,292.5,343.6666666666667,292.5,351,50.5859,52.198299999999996,50.5859,54.4913,16.076125,15.140666666666666,16.076125,15.2822,26.235374999999998,25.92973333333333,26.235374999999998,30.3084,28.926425000000002,28.657700000000002,28.926425000000002,29.1811,49.516975,50.0379,49.516975,51.0537,17.228275,16.422700000000003,17.228275,15.8032,25.867625,25.716733333333334,25.867625,27.7099,28.63745,28.035966666666667,28.63745,30.3562,33.97925,35.418299999999995,33.97925,39.0465,45.54475,46.4839,45.54475,43.7221,33.094075000000004,33.71533333333334,33.094075000000004,34.5016,41.840624999999996,44.258133333333326,41.840624999999996,45.8103,37.365075,38.61443333333333,37.365075,38.7387,34.795625,37.12883333333334,34.795625,38.5086,0,,,,,False,2025,,328,Villanova,BE,14.7448,56,-4.9711,-36
Kyle Perry,kyle perry,2018,316,USC Upstate,ASun,1,1,0.21875,-19.7739,-19.7739,-19.7739,-19.7739,-10.7109,-10.7109,-10.7109,-10.7109,-10.7109,0.0,0.0,1.0,-58.0,338.0,338,0.0,0.0,0.0,0.0,0.0,-3.4384,1.7554,69.026,69.026,69.026,69.026,124.0,124.0,124.0,124,50.1384,50.1384,50.1384,50.1384,16.0895,16.0895,16.0895,16.0895,27.0738,27.0738,27.0738,27.0738,21.5827,21.5827,21.5827,21.5827,59.5097,59.5097,59.5097,59.5097,15.0466,15.0466,15.0466,15.0466,30.7522,30.7522,30.7522,30.7522,36.0898,36.0898,36.0898,36.0898,34.0528,34.0528,34.0528,34.0528,46.1538,46.1538,46.1538,46.1538,43.0948,43.0948,43.0948,43.0948,35.4991,35.4991,35.4991,35.4991,40.6295,40.6295,40.6295,40.6295,31.5341,31.5341,31.5341,31.5341,0,,,,,False,2018,,316,USC Upstate,ASun,-19.7739,338,-10.7109,-58
Kyle Smith,kyle smith,2026,278,Stanford,ACC,11,4,0.601078167115903,9.239963636363637,12.805666666666667,12.998740000000002,16.3329,4.508790909090909,4.956966666666667,3.35432,12.1346,-3.1867,0.9090909090909091,0.36363636363636365,0.0,35.72727272727273,86.45454545454545,42,0.0,0.18181818181818182,0.6363636363636364,0.09090909090909091,0.6363636363636364,4.171890909090909,-3.941636363636364,66.82071818181818,66.04013333333334,65.75464000000001,66.9274,223.63636363636363,257.3333333333333,263.0,209,50.43118181818182,51.3014,50.45852,51.4645,17.090481818181818,15.805966666666668,16.49846,15.4823,30.152,32.0709,32.23136,32.4698,31.42650909090909,32.3,30.99572,35.4573,48.99382727272727,49.55776666666666,49.06286,50.9912,18.16928181818182,16.990433333333332,17.59624,17.9737,26.827527272727274,27.730900000000002,27.76502,29.7753,33.43607272727273,36.046933333333335,33.37732,40.3084,34.62131818181818,34.38646666666667,34.77744,35.1225,41.491690909090906,39.3386,41.10864,44.0391,32.636500000000005,32.91543333333333,32.30564,32.8947,33.29169090909091,32.783433333333335,33.08466,33.4802,35.012063636363635,32.1004,34.77502,36.0048,26.73699090909091,25.715833333333336,26.162560000000003,24.9169,0,,,,,False,2026,,278,Stanford,ACC,12.8207,63,4.3084,26
LaVall Jordan,lavall jordan,2022,34,Butler,BE,6,2,0.4895833333333333,7.922583333333333,9.2044,11.1812,19.0506,-3.9928500000000002,-5.8819333333333335,-4.1398600000000005,4.1651,-10.0819,0.3333333333333333,0.0,0.5,-28.833333333333332,102.83333333333333,20,0.3333333333333333,0.3333333333333333,0.5,0.3333333333333333,3.3333333333333335,8.79775,1.3438666666666668,64.71585,64.07023333333333,65.15165999999999,63.8681,302.5,333.6666666666667,294.2,334,50.61861666666667,48.9526,50.58336,47.0882,17.122833333333332,17.618766666666666,16.93194,18.2171,26.717433333333332,27.500600000000002,27.15724,27.1028,27.963183333333333,29.689833333333336,28.07622,30.2353,51.21953333333334,49.588,50.67524,49.9132,18.251933333333334,17.848699999999997,18.392919999999997,17.0877,26.157133333333334,25.998099999999997,26.03644,27.4354,32.25371666666667,29.868666666666666,32.23798,30.2083,33.673700000000004,32.05576666666666,33.425560000000004,29.7183,39.780766666666665,39.44863333333333,39.6924,41.7647,34.63615,33.03013333333333,34.41468,31.1077,38.33258333333333,37.890566666666665,38.13852,38.1366,33.229683333333334,32.041333333333334,32.8371,32.3785,31.736349999999998,31.1897,31.630419999999997,29.2718,0,,,,,False,2022,,34,Butler,BE,3.8881,121,-10.0819,-66
Lamont Paris,lamont paris,2026,263,South Carolina,SEC,9,2,0.5155709342560554,2.5465444444444447,11.146766666666666,8.23356,14.4017,1.1761444444444444,0.3758333333333334,-0.5263999999999998,11.805,-14.641,0.5555555555555556,0.2222222222222222,0.2222222222222222,10.666666666666666,153.33333333333334,54,0.0,0.0,0.4444444444444444,0.2222222222222222,2.111111111111111,3.9607111111111113,-3.298766666666667,65.45137777777778,65.0372,64.81358,66.4045,287.3333333333333,292.0,300.6,237,50.4086,50.011833333333335,49.8275,50.2965,17.58872222222222,16.112033333333333,17.03414,14.4524,28.388233333333332,30.103233333333332,31.13384,27.156,31.280199999999997,37.274766666666665,33.087540000000004,36.7116,51.62838888888889,50.4883,50.69474,51.5617,16.61317777777778,15.0484,15.831880000000002,14.6342,27.98487777777778,29.101866666666666,29.207119999999996,32.1201,29.28486666666667,32.00903333333333,30.64554,33.9927,33.873177777777784,32.16976666666667,32.54876,31.0303,41.38922222222222,41.5202,40.839620000000004,44.4744,33.74744444444444,33.50813333333333,32.922019999999996,31.8314,35.646655555555554,33.91056666666667,35.6561,35.8147,34.13186666666667,31.442766666666667,32.296980000000005,32.0267,29.036188888888887,27.454866666666664,28.556639999999998,26.8492,0,,,,,False,2026,,263,South Carolina,SEC,7.5291,96,-1.7256,-10
Lamont Smith,lamont smith,2018,251,San Diego,WCC,3,1,0.4421052631578947,-5.050633333333333,-5.050633333333333,-5.050633333333333,3.0074,-0.9752666666666666,-0.9752666666666666,-0.9752666666666666,5.125,-8.3462,0.6666666666666666,0.3333333333333333,0.3333333333333333,-3.6666666666666665,220.33333333333334,132,0.0,0.0,0.0,0.0,0.0,-0.4935,-3.986466666666667,65.42746666666666,65.42746666666666,65.42746666666666,66.8892,283.0,283.0,283.0,242,48.828966666666666,48.828966666666666,48.828966666666666,53.1049,19.631766666666667,19.631766666666667,19.631766666666667,19.5928,23.989866666666668,23.989866666666668,23.989866666666668,22.3823,36.24483333333333,36.24483333333333,36.24483333333333,39.3087,49.479000000000006,49.479000000000006,49.479000000000006,46.3046,16.809533333333334,16.809533333333334,16.809533333333334,17.8483,26.89753333333333,26.89753333333333,26.89753333333333,26.4317,40.185,40.185,40.185,41.8813,33.52206666666667,33.52206666666667,33.52206666666667,36.5885,43.87203333333333,43.87203333333333,43.87203333333333,44.9912,34.41903333333333,34.41903333333333,34.41903333333333,30.7116,31.899733333333334,31.899733333333334,31.899733333333334,29.8992,35.866733333333336,35.866733333333336,35.866733333333336,36.7962,25.832633333333334,25.832633333333334,25.832633333333334,22.2323,0,,,,,False,2018,,251,San Diego,WCC,3.0074,132,5.125,55
Lance Irvin,lance irvin,2021,49,Chicago St.,WAC,3,1,0.1,-30.6992,-30.6992,-30.6992,-28.2646,-7.394066666666667,-7.394066666666667,-7.394066666666667,-6.1321,-9.2352,0.0,0.0,1.0,-3.6666666666666665,353.3333333333333,351,0.0,0.0,0.0,0.0,0.0,2.705766666666667,4.5027,68.85103333333333,68.85103333333333,68.85103333333333,67.4563,137.33333333333334,137.33333333333334,137.33333333333334,212,43.625566666666664,43.625566666666664,43.625566666666664,41.3481,23.578033333333334,23.578033333333334,23.578033333333334,21.7056,19.796966666666666,19.796966666666666,19.796966666666666,16.5644,33.4904,33.4904,33.4904,25.3521,58.4758,58.4758,58.4758,60.1254,16.3124,16.3124,16.3124,16.2402,34.66493333333333,34.66493333333333,34.66493333333333,37.931,36.3603,36.3603,36.3603,32.7957,28.667600000000004,28.667600000000004,28.667600000000004,25.1232,34.65566666666667,34.65566666666667,34.65566666666667,40.8451,39.482033333333334,39.482033333333334,39.482033333333334,39.5122,40.34303333333333,40.34303333333333,40.34303333333333,36.7383,26.688100000000002,26.688100000000002,26.688100000000002,30.6613,33.458333333333336,33.458333333333336,33.458333333333336,30.4511,0,,,,,False,2021,,49,Chicago St.,WAC,-29.8471,356,-6.1321,-2
Landon Bussie,landon bussie,2026,49,Chicago St.,NEC,6,2,0.40331491712707185,-12.975083333333332,-14.731266666666668,-11.75286,-6.4767,1.9078666666666668,-1.3760333333333332,2.73028,10.1462,-3.8482,0.5,0.3333333333333333,0.0,21.5,302.8333333333333,247,0.0,0.0,0.0,0.0,0.0,-5.039733333333333,14.00705,66.88043333333333,65.59876666666666,66.36641999999999,65.389,211.0,284.6666666666667,231.0,290,45.96165,46.77356666666666,46.274119999999996,45.3247,18.5553,17.415733333333332,18.18302,15.6336,31.828566666666664,31.753366666666665,32.177080000000004,28.2511,33.22408333333333,32.55826666666667,33.07576,29.9552,53.709316666666666,54.89703333333333,53.36246,56.6687,19.642500000000002,18.5245,19.147399999999998,20.0794,31.329133333333335,32.699999999999996,31.486759999999997,35.0,38.675916666666666,35.3468,36.39094,37.9785,31.5703,32.7016,31.873720000000002,32.1234,29.972116666666665,29.0206,29.173399999999997,30.8511,34.87351666666667,35.73256666666666,34.92316,35.6471,42.90261666666667,47.296166666666664,43.68072,50.8373,24.49038333333333,24.318699999999996,23.99038,26.2871,33.31463333333333,37.3028,34.382580000000004,38.3221,0,,,,,False,2026,,49,Chicago St.,NEC,-19.524,344,1.0683,18
Larry Brown,larry brown,2016,261,SMU,Amer,1,1,0.8333333333333334,21.9812,21.9812,21.9812,21.9812,6.6775,6.6775,6.6775,6.6775,6.6775,1.0,1.0,0.0,8.0,16.0,16,1.0,1.0,1.0,0.0,0.0,3.3714,-1.0644,65.8321,65.8321,65.8321,65.8321,288.0,288.0,288.0,288,55.2982,55.2982,55.2982,55.2982,18.7686,18.7686,18.7686,18.7686,41.2071,41.2071,41.2071,41.2071,33.8159,33.8159,33.8159,33.8159,46.6272,46.6272,46.6272,46.6272,18.3145,18.3145,18.3145,18.3145,28.4545,28.4545,28.4545,28.4545,30.355,30.355,30.355,30.355,41.9913,41.9913,41.9913,41.9913,26.7516,26.7516,26.7516,26.7516,33.1361,33.1361,33.1361,33.1361,40.0,40.0,40.0,40.0,25.097,25.097,25.097,25.097,35.3127,35.3127,35.3127,35.3127,0,,,,,False,2016,,261,SMU,Amer,21.9812,16,6.6775,8
Larry Eustachy,larry eustachy,2018,57,Colorado St.,MWC,3,1,0.5196078431372549,1.3942333333333334,1.3942333333333334,1.3942333333333334,7.6696,-1.3176666666666665,-1.3176666666666665,-1.3176666666666665,8.2052,-9.8119,0.3333333333333333,0.3333333333333333,0.3333333333333333,-21.666666666666668,151.33333333333334,86,0.0,0.0,0.3333333333333333,0.0,1.3333333333333333,1.9514666666666667,-1.0188666666666668,68.15429999999999,68.15429999999999,68.15429999999999,69.6445,171.0,171.0,171.0,97,48.556533333333334,48.556533333333334,48.556533333333334,47.4826,17.051566666666666,17.051566666666666,17.051566666666666,18.7622,31.62646666666667,31.62646666666667,31.62646666666667,30.6383,38.1244,38.1244,38.1244,33.7975,50.85003333333333,50.85003333333333,50.85003333333333,53.7157,16.122333333333334,16.122333333333334,16.122333333333334,17.3774,27.313566666666663,27.313566666666663,27.313566666666663,28.0828,34.2277,34.2277,34.2277,35.8643,34.412733333333335,34.412733333333335,34.412733333333335,32.9787,38.524566666666665,38.524566666666665,38.524566666666665,35.2437,34.20863333333333,34.20863333333333,34.20863333333333,35.7934,40.98243333333333,40.98243333333333,40.98243333333333,43.7803,31.9268,31.9268,31.9268,29.2322,33.42803333333333,33.42803333333333,33.42803333333333,35.4302,0,,,,,False,2018,,57,Colorado St.,MWC,-5.6564,224,-9.8119,-109
Larry Hunter,larry hunter,2018,338,Western Carolina,SC,3,1,0.3877551020408163,-10.107833333333334,-10.107833333333334,-10.107833333333334,-2.9153,-3.003033333333333,-3.003033333333333,-3.003033333333333,0.4274,-4.8217,0.3333333333333333,0.0,0.0,-14.666666666666666,272.6666666666667,194,0.0,0.0,0.0,0.0,0.0,0.24989999999999993,6.8685333333333345,68.45646666666667,68.45646666666667,68.45646666666667,69.3866,156.0,156.0,156.0,109,46.225433333333335,46.225433333333335,46.225433333333335,46.8497,21.622733333333333,21.622733333333333,21.622733333333333,21.6607,30.371266666666667,30.371266666666667,30.371266666666667,29.1964,32.5682,32.5682,32.5682,31.7919,52.7629,52.7629,52.7629,54.386,20.2757,20.2757,20.2757,20.9073,31.399133333333328,31.399133333333328,31.399133333333328,32.5301,42.593333333333334,42.593333333333334,42.593333333333334,36.0819,32.09883333333333,32.09883333333333,32.09883333333333,32.9721,35.366033333333334,35.366033333333334,35.366033333333334,37.341,35.960366666666665,35.960366666666665,35.960366666666665,36.3151,40.718466666666664,40.718466666666664,40.718466666666664,43.8012,29.647199999999998,29.647199999999998,29.647199999999998,31.8544,32.30266666666667,32.30266666666667,32.30266666666667,35.2636,0,,,,,False,2018,,338,Western Carolina,SC,-12.3,302,-4.8217,-42
Larry Krystkowiak,larry krystkowiak,2021,319,Utah,P12,6,1,0.6052631578947368,11.861816666666668,9.062199999999999,10.87542,16.7938,-0.12968333333333334,-0.7262000000000001,-0.03746000000000001,1.6729,-3.8041,0.6666666666666666,0.0,0.0,-6.333333333333333,67.5,33,0.0,0.5,0.6666666666666666,0.16666666666666666,1.3333333333333333,8.043416666666667,-1.5959166666666667,66.7114,66.8868,66.99078,67.6049,241.5,234.33333333333334,228.8,203,54.215916666666665,53.136266666666664,54.02962,53.0758,18.696283333333334,19.109466666666666,18.79748,18.3858,28.096100000000003,27.872333333333334,27.72612,23.5969,34.267516666666666,33.375,33.53696,28.8269,49.863,51.25326666666666,50.22576,51.1913,16.974633333333333,17.327933333333334,17.3099,19.6154,27.413866666666667,27.846333333333334,27.335140000000003,29.5159,27.6489,27.61446666666667,28.571160000000003,27.3301,35.8924,35.349133333333334,35.8032,35.5372,39.113,39.7768,39.4757,34.6209,35.52538333333333,35.617799999999995,35.20688,36.0236,35.23345,35.774633333333334,35.898340000000005,35.5992,31.596066666666662,32.21746666666667,32.01216,28.619,31.388800000000003,31.208933333333334,31.36508,31.4613,0,,,,,False,2021,,319,Utah,P12,15.7773,44,0.7783,8
Larry Shyatt,larry shyatt,2016,348,Wyoming,MWC,1,1,0.4375,-0.1934,-0.1934,-0.1934,-0.1934,0.6628,0.6628,0.6628,0.6628,0.6628,1.0,0.0,0.0,13.0,166.0,166,0.0,0.0,0.0,0.0,0.0,1.9312,0.441,64.6444,64.6444,64.6444,64.6444,323.0,323.0,323.0,323,53.4414,53.4414,53.4414,53.4414,17.0085,17.0085,17.0085,17.0085,18.0962,18.0962,18.0962,18.0962,45.8637,45.8637,45.8637,45.8637,50.1174,50.1174,50.1174,50.1174,15.7652,15.7652,15.7652,15.7652,30.4307,30.4307,30.4307,30.4307,39.0845,39.0845,39.0845,39.0845,37.1715,37.1715,37.1715,37.1715,52.8789,52.8789,52.8789,52.8789,35.4067,35.4067,35.4067,35.4067,36.7958,36.7958,36.7958,36.7958,42.2275,42.2275,42.2275,42.2275,30.6489,30.6489,30.6489,30.6489,0,,,,,False,2016,,348,Wyoming,MWC,-0.1934,166,0.6628,13
Larry Stewart,larry stewart,2026,60,Coppin St.,MEAC,3,1,0.16666666666666666,-25.8292,-25.8292,-25.8292,-24.3953,-4.3742,-4.3742,-4.3742,-1.8144,-5.7648,0.0,0.0,0.6666666666666666,-0.6666666666666666,361.6666666666667,361,0.0,0.0,0.0,0.0,0.0,-5.7138,2.7626666666666666,67.3991,67.3991,67.3991,68.0631,185.33333333333334,185.33333333333334,185.33333333333334,139,43.9822,43.9822,43.9822,45.8562,22.28226666666667,22.28226666666667,22.28226666666667,22.308,27.991833333333332,27.991833333333332,27.991833333333332,30.4307,35.331466666666664,35.331466666666664,35.331466666666664,38.4522,54.09863333333334,54.09863333333334,54.09863333333334,55.4316,19.97436666666667,19.97436666666667,19.97436666666667,17.5483,35.74666666666667,35.74666666666667,35.74666666666667,34.751,39.46086666666667,39.46086666666667,39.46086666666667,42.9243,29.334433333333333,29.334433333333333,29.334433333333333,30.6759,33.88113333333333,33.88113333333333,33.88113333333333,35.1615,36.36976666666666,36.36976666666666,36.36976666666666,38.3152,39.86696666666666,39.86696666666666,39.86696666666666,43.2178,26.5568,26.5568,26.5568,27.5272,31.720200000000002,31.720200000000002,31.720200000000002,34.8005,0,,,,,False,2026,,60,Coppin St.,MEAC,-27.3637,363,-5.7648,0
LeVelle Moton,levelle moton,2026,199,North Carolina Central,MEAC,11,1,0.5281899109792285,-10.60530909090909,-14.001133333333334,-10.70016,0.3613,-0.2992000000000002,-3.5757666666666665,0.9796599999999998,9.8281,-10.8383,0.45454545454545453,0.2727272727272727,0.36363636363636365,7.363636363636363,280.27272727272725,161,0.0,0.0,0.0,0.36363636363636365,5.818181818181818,-9.161418181818181,3.1096454545454546,66.38395454545456,66.50613333333332,66.96878000000001,65.8272,246.54545454545453,240.33333333333334,203.0,271,49.31226363636363,49.13413333333333,49.20426,47.4804,20.662399999999998,18.3685,20.29278,18.1393,31.714363636363636,31.9808,32.18176,29.9793,36.19890909090909,39.824400000000004,38.286880000000004,39.267,50.01757272727273,52.758,51.52844,54.5398,19.888236363636363,19.655466666666666,20.5464,19.8998,32.552054545454546,37.30013333333333,34.4106,39.3743,36.20371818181818,38.652899999999995,38.98888,36.8817,32.709945454545455,33.1762,33.10808,32.6255,35.00813636363636,35.270199999999996,34.80828,33.9005,32.32461818181818,32.91213333333334,32.58704,36.3636,37.15804545454545,36.69266666666667,37.71918,40.6387,27.75768181818182,27.714233333333336,27.5796,26.7687,28.734636363636366,27.281666666666666,28.25356,32.7172,0,,,,,False,2026,,199,North Carolina Central,MEAC,-20.9802,351,-7.6763,-24
Lennie Acuff,lennie acuff,2026,250,Samford,SC,7,2,0.5714285714285714,-2.3251714285714287,1.4520666666666668,-0.5341999999999999,8.5472,-0.6233428571428572,2.2866666666666666,1.23856,6.4037,-5.3403,0.42857142857142855,0.14285714285714285,0.2857142857142857,-14.714285714285714,195.57142857142858,89,0.0,0.0,0.14285714285714285,0.14285714285714285,2.0,-3.952057142857143,1.8140142857142858,67.97355714285715,67.53676666666667,68.21186,67.2981,157.71428571428572,176.0,133.8,185,53.170071428571426,54.977666666666664,54.1869,53.0689,16.41082857142857,14.120666666666667,15.721879999999999,13.3732,24.249771428571428,24.09753333333333,23.98598,25.282,31.896742857142858,33.51606666666667,31.60722,41.9224,51.333285714285715,51.49916666666667,51.24318000000001,51.8601,15.826585714285715,14.980866666666666,14.94204,12.9883,27.182685714285714,27.20703333333333,26.84106,25.7491,24.8046,25.93596666666667,24.76464,32.9262,35.4194,36.711800000000004,36.028819999999996,35.6147,40.55025714285715,44.35543333333334,42.453199999999995,45.6862,34.751842857142854,34.72566666666666,35.19966,36.476,39.15464285714285,36.51806666666667,37.96206,35.9245,33.205685714285714,36.10873333333333,34.720259999999996,36.1183,33.89474285714286,31.266733333333335,33.33766,30.6626,0,,,,,False,2026,,250,Samford,SC,-3.8047,212,-0.9584,-31
Leon Rice,leon rice,2026,25,Boise St.,MWC,11,1,0.65,11.877118181818183,15.164133333333332,15.2959,16.0353,2.9680909090909093,1.1283333333333332,2.93402,6.9782,-1.7922,0.7272727272727273,0.2727272727272727,0.0,14.545454545454545,68.72727272727273,37,0.0,0.36363636363636365,0.9090909090909091,0.2727272727272727,3.6363636363636362,5.0665545454545455,3.562890909090909,67.30292727272727,66.14073333333333,65.81694,65.7552,202.0,261.3333333333333,265.0,273,52.0611,51.93396666666666,51.63628,52.1985,17.26020909090909,16.602566666666664,16.982779999999998,16.9443,28.811745454545452,32.99203333333333,31.35118,33.2636,35.921099999999996,38.46796666666666,36.185680000000005,42.6619,49.98784545454546,50.933166666666665,49.72998,52.6546,17.878272727272726,15.965666666666666,17.13048,14.5516,23.309790909090907,23.0792,23.13648,23.5955,31.790009090909095,32.2323,30.026460000000004,32.147,34.400254545454544,33.417366666666666,33.974380000000004,34.3448,40.69078181818182,41.78866666666667,40.36014,43.0778,33.142745454545455,33.34826666666667,32.768559999999994,34.3899,36.3337,36.88486666666667,36.20402,36.8145,32.15493636363636,31.34883333333333,31.57516,32.1705,29.40140909090909,29.601566666666667,29.475779999999997,29.6448,0,,,,,False,2026,,25,Boise St.,MWC,13.4918,59,-1.3201,-6
Leonard Hamilton,leonard hamilton,2025,90,Florida St.,ACC,10,1,0.6215384615384615,13.9094,5.3598,8.87894,22.3878,-1.06814,-4.211966666666666,-4.58872,5.0058,-14.6106,0.6,0.1,0.2,-17.9,62.5,14,0.3,0.6,0.8,0.5,2.6,9.09451,-0.29537,69.97013,69.80413333333333,69.41718,69.7335,76.5,69.33333333333333,85.4,62,51.43703000000001,50.0831,50.65524,50.7073,17.98755,17.1399,17.9794,17.4571,31.5303,28.048666666666666,30.02788,29.6903,34.84688,35.5377,33.869960000000006,39.3906,49.35353,51.26670000000001,50.43526000000001,48.5247,19.90527,18.956999999999997,19.45734,19.1408,30.37342,32.014900000000004,31.7478,31.7904,35.14762,36.462133333333334,34.990539999999996,37.5,33.93092,32.14246666666667,33.4391,31.664,34.14354,33.21966666666667,33.732,33.6779,34.613479999999996,34.99576666666667,34.8711,31.9338,39.30711,40.48473333333334,40.65204,42.1674,27.22845,25.56126666666667,26.9789,24.6748,32.89875,32.92156666666667,33.69918,32.4709,0,,,,,False,2025,,90,Florida St.,ACC,8.1985,91,-1.03,-1
Leonard Perry,leonard perry,2024,223,Pacific,WCC,3,1,0.30526315789473685,-11.730066666666666,-11.730066666666666,-11.730066666666666,-1.3832,-10.669333333333332,-10.669333333333332,-10.669333333333332,5.4658,-21.8253,0.3333333333333333,0.3333333333333333,0.6666666666666666,-93.0,281.0,192,0.0,0.0,0.0,0.0,0.0,0.31950000000000006,-4.222733333333333,68.67596666666667,68.67596666666667,68.67596666666667,68.4086,101.66666666666667,101.66666666666667,101.66666666666667,129,48.44123333333334,48.44123333333334,48.44123333333334,46.4156,16.8195,16.8195,16.8195,16.837,21.448133333333335,21.448133333333335,21.448133333333335,18.7197,34.179966666666665,34.179966666666665,34.179966666666665,37.1203,55.104366666666664,55.104366666666664,55.104366666666664,56.3356,17.6148,17.6148,17.6148,16.1195,29.104766666666666,29.104766666666666,29.104766666666666,33.2248,33.63636666666667,33.63636666666667,33.63636666666667,36.4155,33.74163333333333,33.74163333333333,33.74163333333333,31.4381,36.08356666666666,36.08356666666666,36.08356666666666,36.3305,36.6063,36.6063,36.6063,35.6835,40.9035,40.9035,40.9035,39.6689,30.361566666666665,30.361566666666665,30.361566666666665,29.3292,33.51696666666667,33.51696666666667,33.51696666666667,30.4793,0,,,,,False,2024,,223,Pacific,WCC,-22.8405,358,-21.8253,-172
Levell Sanders,levell sanders,2026,24,Binghamton,AE,5,1,0.4117647058823529,-14.16608,-16.1535,-14.16608,-8.9844,-2.9962600000000004,-4.537133333333333,-2.9962600000000004,3.1973,-12.5357,0.4,0.0,0.2,-12.8,312.8,284,0.0,0.0,0.0,0.0,0.0,-7.19406,-5.23992,66.13516,65.87893333333334,66.13516,65.3508,250.4,275.3333333333333,250.4,296,49.86634,50.32293333333333,49.86634,50.0,18.93946,18.82326666666667,18.93946,18.7907,26.477120000000003,25.66416666666667,26.477120000000003,20.9007,32.17738,36.47226666666666,32.17738,41.4737,50.89142,51.3561,50.89142,54.329,14.09642,13.147266666666667,14.09642,13.2609,27.17102,27.116933333333332,27.17102,29.3994,33.370799999999996,33.7755,33.370799999999996,34.5702,32.99642,32.629533333333335,32.99642,32.5,32.68468,32.56106666666667,32.68468,30.8772,33.896280000000004,34.214333333333336,33.896280000000004,35.8044,37.97886,39.15626666666666,37.97886,39.2084,26.63544,25.287233333333333,26.63544,22.9412,30.74056,31.622466666666668,30.74056,31.7187,0,,,,,False,2026,,24,Binghamton,AE,-25.5059,359,-12.5357,-36
Lew Hill,lew hill,2021,318,UT Rio Grande Valley,WAC,5,1,0.4503311258278146,-8.07018,-6.621099999999999,-8.07018,-1.4956,2.282,1.2557666666666665,2.282,11.533,-4.3503,0.6,0.4,0.0,23.6,254.6,182,0.0,0.0,0.0,0.0,0.0,-2.9179000000000004,-0.5913600000000001,71.6227,70.15563333333334,71.6227,69.6339,48.4,75.0,48.4,103,45.8116,45.35999999999999,45.8116,42.9766,18.6256,18.349433333333334,18.6256,19.0472,28.371339999999996,28.06243333333333,28.371339999999996,30.0477,37.82093999999999,38.4863,37.82093999999999,37.6812,51.498180000000005,50.559400000000004,51.498180000000005,48.128,22.5006,23.945999999999998,22.5006,24.0645,31.71438,32.20793333333334,31.71438,34.0952,45.80152,43.72983333333334,45.80152,43.4783,30.68926,30.145033333333334,30.68926,26.7267,33.54676,32.1926,33.54676,37.1237,35.35262,34.400133333333336,35.35262,31.5589,33.94172,34.1799,33.94172,31.7633,26.08912,24.731099999999998,26.08912,27.1341,26.645320000000005,26.7306,26.645320000000005,23.7143,0,,,,,False,2021,,318,UT Rio Grande Valley,WAC,-11.0453,282,-4.3503,-44
Lewis Jackson,lewis jackson,2020,6,Alabama St.,SWAC,5,1,0.32051282051282054,-17.211180000000002,-17.606033333333333,-17.211180000000002,-11.5871,-4.04194,-2.5657,-4.04194,-1.5683,-10.5158,0.0,0.0,0.2,-8.0,325.4,286,0.0,0.0,0.0,0.0,0.0,-7.812900000000001,6.9131,68.61426,68.5574,68.61426,69.6997,145.2,146.0,145.2,97,45.47522,45.75686666666667,45.47522,44.6398,20.53196,21.153566666666666,20.53196,22.6039,31.106099999999998,29.846233333333334,31.106099999999998,26.0453,34.89868,36.08303333333333,34.89868,35.6778,51.5558,52.0769,51.5558,51.2633,19.23666,19.956233333333333,19.23666,20.3523,31.71666,32.28593333333333,31.71666,29.8178,41.86258,40.592733333333335,41.86258,38.3492,31.58602,31.7223,31.58602,30.2766,36.57348,37.5669,36.57348,38.9677,34.6825,35.0907,34.6825,32.899,33.84982,35.22513333333333,33.84982,34.475,30.46588,31.1745,30.46588,31.7557,26.8057,28.098533333333336,26.8057,26.6608,0,,,,,False,2020,,6,Alabama St.,SWAC,-17.19,332,-3.638,-11
Linc Darner,linc darner,2020,105,Green Bay,Horz,5,1,0.5348837209302325,-2.5159000000000002,-4.9575000000000005,-2.5159000000000002,3.7386,-0.15038000000000012,0.3930666666666665,-0.15038000000000012,5.5115,-4.3383,0.4,0.2,0.0,-5.6,197.6,127,0.0,0.0,0.0,0.2,2.8,-2.08542,2.88206,73.94362,73.16646666666666,73.94362,74.0135,11.2,14.333333333333334,11.2,7,49.79454,50.30096666666666,49.79454,50.7945,17.159399999999998,17.357366666666667,17.159399999999998,16.2342,27.8221,25.9603,27.8221,25.8348,35.53978,32.60666666666666,35.53978,31.6248,51.34986,51.472566666666665,51.34986,51.3966,18.87054,18.242566666666665,18.87054,18.1669,30.906959999999998,31.311733333333333,30.906959999999998,31.6327,33.09948,32.230333333333334,33.09948,33.0117,34.7716,35.7717,34.7716,36.6197,34.23066,36.73916666666667,34.23066,32.7524,34.982240000000004,34.09903333333333,34.982240000000004,34.8837,37.63678,38.88706666666667,37.63678,39.3093,28.746640000000003,31.68113333333333,28.746640000000003,28.618,31.26418,31.489666666666665,31.26418,32.2068,0,,,,,False,2020,,105,Green Bay,Horz,-4.64,223,-1.816,-26
Lindsey Hunter,lindsey hunter,2022,175,Mississippi Valley St.,SWAC,3,1,0.0963855421686747,-30.5635,-30.5635,-30.5635,-22.5262,0.9624999999999996,0.9624999999999996,0.9624999999999996,13.6848,-10.6538,0.3333333333333333,0.3333333333333333,0.3333333333333333,1.6666666666666667,354.3333333333333,351,0.0,0.0,0.0,0.0,0.0,-5.4027,8.8481,72.98946666666667,72.98946666666667,72.98946666666667,70.7749,26.0,26.0,26.0,27,43.71033333333333,43.71033333333333,43.71033333333333,44.5253,20.1862,20.1862,20.1862,18.0731,21.696633333333335,21.696633333333335,21.696633333333335,23.4835,26.336366666666667,26.336366666666667,26.336366666666667,31.392,55.185,55.185,55.185,56.6547,17.645566666666667,17.645566666666667,17.645566666666667,20.772,35.184133333333335,35.184133333333335,35.184133333333335,33.871,35.02773333333334,35.02773333333334,35.02773333333334,36.4508,30.928233333333335,30.928233333333335,30.928233333333335,30.5215,42.52186666666666,42.52186666666666,42.52186666666666,37.9732,36.63576666666666,36.63576666666666,36.63576666666666,40.0,34.015899999999995,34.015899999999995,34.015899999999995,31.1751,38.27473333333334,38.27473333333334,38.27473333333334,31.7216,27.709933333333336,27.709933333333336,27.709933333333336,26.8618,0,,,,,False,2022,,175,Mississippi Valley St.,SWAC,-22.5262,355,13.6848,3
Lon Kruger,lon kruger,2021,217,Oklahoma,B12,6,1,0.5885416666666666,16.51955,16.566066666666668,15.068340000000001,23.7756,-0.44288333333333324,0.5888333333333335,-1.6248200000000002,5.4668,-5.1073,0.3333333333333333,0.16666666666666666,0.16666666666666666,-10.333333333333334,38.333333333333336,10,0.16666666666666666,0.8333333333333334,1.0,0.8333333333333334,6.5,13.106,3.536566666666667,70.10993333333333,68.45746666666666,70.16929999999999,67.1408,103.66666666666667,149.66666666666666,106.8,228,50.79338333333334,49.81933333333333,50.08464,50.7975,17.203500000000002,16.198433333333334,16.992240000000002,15.6556,27.73476666666667,25.363,27.0346,26.9628,32.46261666666667,30.6221,32.35738,29.3252,48.576433333333334,47.75233333333333,48.853519999999996,49.0781,17.57303333333333,17.492566666666665,17.548859999999998,18.4588,28.886466666666667,27.6878,28.556459999999998,27.7207,25.689149999999998,22.1989,25.15714,23.7246,35.48281666666667,33.486133333333335,34.146699999999996,34.0836,36.902433333333335,36.73716666666667,36.1391,38.1595,34.81886666666667,34.18816666666667,35.043240000000004,35.68,38.42881666666667,39.921866666666666,38.98408,38.4143,31.318483333333333,30.153433333333336,29.80742,31.6103,34.91968333333333,36.790366666666664,35.559000000000005,35.4719,0,,,,,False,2021,,217,Oklahoma,B12,17.0597,39,-0.9383,-6
Lorenzo Romar,lorenzo romar,2024,226,Pepperdine,WCC,8,2,0.4094488188976378,1.1673875,-5.185966666666666,-0.7302200000000002,11.223,-0.5864125,-4.4225,-2.64234,9.3847,-11.6958,0.5,0.25,0.25,-15.625,162.5,66,0.0,0.0,0.25,0.0,0.375,4.46525,0.23265,71.30981249999999,69.8018,70.32516000000001,67.4268,57.875,82.66666666666667,70.4,189,50.2809125,50.089200000000005,50.3077,50.7761,18.0567625,18.3732,18.0497,16.3802,28.072400000000002,26.933333333333334,26.271300000000004,28.5319,31.986625,27.7668,29.63422,32.6497,52.155437500000005,53.32826666666667,52.55084000000001,54.7414,18.2946125,17.169933333333333,17.72052,16.898,29.76605,29.114566666666665,28.3231,25.9221,35.2166125,32.6778,33.3448,33.908,34.8966875,34.91023333333333,34.55086,35.5556,35.6475375,34.4155,35.397980000000004,32.4279,35.28375,35.8502,34.89302,38.3636,34.36805,33.844500000000004,35.15108,31.6092,30.1567875,30.123,29.9578,27.8075,27.979225,27.9114,28.36186,27.1441,0,,,,,False,2024,,226,Pepperdine,WCC,-4.6623,224,-3.4049,-34
Louis Rowe,louis rowe,2020,132,James Madison,CAA,4,1,0.3359375,-8.355075,-9.3694,-8.355075,-5.3121,-7.193425,-6.3358,-7.193425,-0.3583,-11.2466,0.0,0.0,0.75,-81.25,262.0,223,0.0,0.0,0.0,0.0,0.0,-2.5858,-2.8743250000000002,67.291225,68.3978,67.291225,72.1227,212.5,174.66666666666666,212.5,32,49.155825,48.814699999999995,49.155825,48.2425,18.482975,17.498266666666666,18.482975,17.2316,28.47415,28.279766666666664,28.47415,25.7658,35.2124,34.90286666666667,35.2124,37.1998,52.388725,52.807066666666664,52.388725,52.7073,17.081225,16.914233333333332,17.081225,15.8839,27.259525,27.8493,27.259525,26.0417,35.9627,35.10143333333333,35.9627,29.2724,33.951025,34.156933333333335,33.951025,32.2721,37.34505,37.607033333333334,37.34505,40.4804,35.837775,36.24346666666667,35.837775,35.9354,39.760975,38.96423333333333,39.760975,41.9064,30.866,31.495566666666665,30.866,32.46,32.72175,32.39353333333333,32.72175,35.6317,0,,,,,False,2020,,132,James Madison,CAA,-12.1115,311,-7.4025,-86
Luke Loucks,luke loucks,2026,90,Florida St.,ACC,1,1,0.5454545454545454,13.0618,13.0618,13.0618,13.0618,5.2879,5.2879,5.2879,5.2879,5.2879,1.0,1.0,0.0,34.0,62.0,62,0.0,0.0,1.0,0.0,0.0,10.5312,-3.5444,70.5207,70.5207,70.5207,70.5207,30.0,30.0,30.0,30,52.3171,52.3171,52.3171,52.3171,15.2297,15.2297,15.2297,15.2297,30.7692,30.7692,30.7692,30.7692,34.6829,34.6829,34.6829,34.6829,52.2332,52.2332,52.2332,52.2332,18.9843,18.9843,18.9843,18.9843,34.0604,34.0604,34.0604,34.0604,32.7047,32.7047,32.7047,32.7047,33.0762,33.0762,33.0762,33.0762,50.5854,50.5854,50.5854,50.5854,34.6239,34.6239,34.6239,34.6239,44.8635,44.8635,44.8635,44.8635,38.8009,38.8009,38.8009,38.8009,36.5086,36.5086,36.5086,36.5086,0,,,,,False,2026,,90,Florida St.,ACC,13.0618,62,5.2879,34
Luke McConnell,luke mcconnell,2026,276,Saint Francis,NEC,1,1,0.22580645161290322,-22.2465,-22.2465,-22.2465,-22.2465,-6.7747,-6.7747,-6.7747,-6.7747,-6.7747,0.0,0.0,1.0,-9.0,354.0,354,0.0,0.0,0.0,0.0,0.0,-7.0288,7.0607,70.0245,70.0245,70.0245,70.0245,45.0,45.0,45.0,45,48.9424,48.9424,48.9424,48.9424,18.4473,18.4473,18.4473,18.4473,27.4882,27.4882,27.4882,27.4882,30.8461,30.8461,30.8461,30.8461,58.8909,58.8909,58.8909,58.8909,18.4473,18.4473,18.4473,18.4473,33.0744,33.0744,33.0744,33.0744,38.3363,38.3363,38.3363,38.3363,34.2146,34.2146,34.2146,34.2146,37.7791,37.7791,37.7791,37.7791,38.0531,38.0531,38.0531,38.0531,40.868,40.868,40.868,40.868,32.4963,32.4963,32.4963,32.4963,32.1295,32.1295,32.1295,32.1295,0,,,,,False,2026,,276,Saint Francis,NEC,-22.2465,354,-6.7747,-9
Luke Yaklich,luke yaklich,2024,119,Illinois Chicago,MVC,4,1,0.4017094017094017,-8.919925,-8.087766666666667,-8.919925,-2.7599,-1.2039749999999998,-0.5878333333333332,-1.2039749999999998,3.2989,-3.0524,0.25,0.0,0.0,-7.0,268.0,196,0.0,0.0,0.0,0.0,0.0,-3.099625,-3.4800750000000003,68.631775,68.7899,68.631775,68.2753,117.75,98.66666666666667,117.75,135,50.0544,50.162200000000006,50.0544,50.6448,18.0475,17.791700000000002,18.0475,17.7132,23.56465,23.523666666666667,23.56465,22.8926,26.456675,27.691666666666666,26.456675,26.0075,49.9501,50.58363333333333,49.9501,48.8943,17.04805,17.9893,17.04805,17.4448,28.387925000000003,28.635133333333332,28.387925000000003,28.3929,34.2639,34.38236666666666,34.2639,35.9223,33.577725,33.86343333333334,33.577725,35.9684,43.00865,43.406866666666666,43.00865,40.7845,33.4838,34.626333333333335,33.4838,32.2034,30.893425,32.289,30.893425,35.0054,36.65295,36.916266666666665,36.65295,36.8919,24.83825,26.39233333333333,24.83825,27.1077,0,,,,,False,2024,,119,Illinois Chicago,MVC,-2.7599,196,3.2989,47
Mark Adams,mark adams,2023,294,Texas Tech,B12,2,1,0.6231884057971014,19.1815,19.1815,19.1815,25.6364,-1.5219999999999998,-1.5219999999999998,-1.5219999999999998,3.9264,-6.9704,0.5,0.0,0.5,-18.5,35.0,7,0.5,0.5,1.0,0.5,1.5,10.16075,-7.75415,66.7662,66.7662,66.7662,67.0582,199.0,199.0,199.0,180,52.44645,52.44645,52.44645,52.2652,19.838050000000003,19.838050000000003,19.838050000000003,19.8517,32.580349999999996,32.580349999999996,32.580349999999996,32.0537,34.970200000000006,34.970200000000006,34.970200000000006,34.8066,47.31465,47.31465,47.31465,48.8782,21.59135,21.59135,21.59135,19.9417,27.99755,27.99755,27.99755,30.1237,30.14265,30.14265,30.14265,28.4188,33.3387,33.3387,33.3387,34.5345,35.42945,35.42945,35.42945,36.7956,31.966749999999998,31.966749999999998,31.966749999999998,32.419,44.13215,44.13215,44.13215,42.8419,27.35425,27.35425,27.35425,29.3992,36.58015,36.58015,36.58015,35.3261,0,,,,,False,2023,,294,Texas Tech,B12,12.7266,63,-6.9704,-42
Mark Byington,mark byington,2026,325,Vanderbilt,SEC,11,3,0.6371428571428571,5.666218181818182,18.666700000000002,11.60952,27.3546,2.9316636363636364,7.811266666666666,4.64846,9.9185,-3.5107,0.7272727272727273,0.36363636363636365,0.0,18.09090909090909,128.9090909090909,11,0.09090909090909091,0.18181818181818182,0.36363636363636365,0.2727272727272727,2.4545454545454546,1.2756545454545454,-1.3946636363636364,69.98837272727273,69.28783333333332,69.41542,68.6406,80.72727272727273,83.33333333333333,74.4,112,51.50299090909091,53.5866,52.67587999999999,55.3099,16.558445454545453,14.3065,15.852979999999999,13.4763,28.936663636363633,31.5358,30.34948,31.1942,36.713018181818185,35.479733333333336,35.19466,38.0583,50.44571818181819,49.620066666666666,50.316539999999996,48.9588,19.98450909090909,19.093733333333333,19.85012,17.7073,30.277072727272728,29.658866666666665,29.62598,31.5259,34.46409090909091,37.7196,34.492000000000004,39.5173,34.00897272727273,34.6748,34.549400000000006,35.567,39.43043636363637,40.82743333333333,38.98906,44.2115,32.837681818181814,32.95986666666667,32.8226,32.625,39.84168181818182,37.02653333333333,39.02982,37.8609,31.29463636363636,31.729699999999998,30.797559999999997,33.5386,31.31944545454546,28.8154,30.59622,29.0107,0,,,,,False,2026,,325,Vanderbilt,SEC,27.3546,11,5.4571,8
Mark Few,mark few,2026,102,Gonzaga,WCC,11,1,0.8634020618556701,27.665681818181817,26.0544,26.42696,36.4833,3.6605909090909092,1.1575333333333333,-0.35016,14.7667,-4.6504,0.7272727272727273,0.2727272727272727,0.0,1.0909090909090908,7.363636363636363,1,1.0,1.0,1.0,1.0,3.5454545454545454,5.2679,4.1797272727272725,70.30091818181819,69.26676666666667,70.12146,68.4106,74.18181818181819,89.0,62.2,123,57.393654545454545,56.2326,56.9874,55.6433,15.207345454545454,13.6916,14.310179999999999,13.6301,31.934454545454546,33.52746666666667,32.18492,34.797,33.85438181818182,30.780966666666668,31.41984,30.9707,46.18699090909091,47.01566666666667,47.11848,46.2642,17.679472727272728,18.046066666666665,17.6284,20.0396,25.270536363636367,26.78333333333333,25.866680000000002,25.723,26.50800909090909,28.455466666666666,26.8234,30.8758,36.7291,34.95926666666667,35.887119999999996,33.2845,33.74805454545455,31.908599999999996,32.7178,30.7901,31.82118181818182,31.632500000000004,32.127539999999996,30.5556,35.91345454545455,39.846333333333334,38.36914,42.7511,26.6982,24.71356666666667,25.744580000000003,23.0847,30.799818181818182,32.90603333333333,32.474599999999995,34.1969,0,,,,,False,2026,,102,Gonzaga,WCC,26.9815,15,1.0531,-7
Mark Fox,mark fox,2023,40,California,P12,7,2,0.42035398230088494,5.1398714285714275,0.08799999999999979,2.60132,12.3859,-1.4385142857142859,-4.459033333333333,-2.2149799999999997,2.2276,-10.1918,0.7142857142857143,0.0,0.2857142857142857,-23.0,125.14285714285714,61,0.0,0.0,0.42857142857142855,0.0,0.7142857142857143,9.538014285714285,1.6449999999999998,65.16191428571429,64.03529999999999,64.3341,63.3466,298.2857142857143,331.6666666666667,328.8,343,47.229642857142856,46.6735,46.88632,43.6836,18.954842857142857,18.835833333333333,18.9889,20.11,28.011085714285713,24.9739,26.96756,25.3418,35.881299999999996,30.265,33.39092,31.523,48.607128571428575,50.676633333333335,49.50638,51.6084,16.04652857142857,16.081333333333333,16.00872,16.0108,27.4227,26.2843,26.799860000000002,30.3725,34.01145714285714,32.7003,32.55746,32.6185,32.47658571428571,31.139033333333334,31.75278,29.771,32.27775714285714,34.4642,33.27974,30.9327,34.07038571428571,34.08306666666667,34.36028,33.4315,36.770357142857144,35.26286666666667,36.27512,38.3183,26.127485714285715,27.9653,26.891759999999998,25.0804,30.856742857142855,28.649033333333335,30.4355,30.3611,0,,,,,False,2023,,40,California,P12,-8.5448,270,-10.1918,-124
Mark Gottfried,mark gottfried,2021,39,Cal St. Northridge,BW,5,2,0.4444444444444444,-1.39534,-7.463933333333333,-1.39534,10.4374,-0.8906400000000001,2.6142999999999996,-0.8906400000000001,9.3692,-10.1458,0.4,0.2,0.2,-4.8,185.6,74,0.0,0.0,0.2,0.0,0.0,2.4054399999999996,-0.7197000000000001,69.84891999999999,70.43443333333333,69.84891999999999,70.1248,93.8,67.66666666666667,93.8,86,50.54028,50.487500000000004,50.54028,48.3521,16.819319999999998,16.513233333333332,16.819319999999998,16.6679,28.773200000000003,25.9312,28.773200000000003,24.2619,33.79658,31.305833333333336,33.79658,31.672,52.56382,53.535066666666665,52.56382,54.3443,16.70966,17.6602,16.70966,18.617,31.030459999999998,31.129800000000003,31.030459999999998,28.8824,30.716920000000005,31.187966666666668,30.716920000000005,32.377,35.445119999999996,35.61506666666667,35.445119999999996,33.4755,33.13182,34.145966666666666,33.13182,37.701,37.56198,37.8098,37.56198,36.3636,37.72064,38.862766666666666,37.72064,39.6721,28.26026,29.6585,28.26026,31.632,33.326,33.8241,33.326,32.3926,0,,,,,False,2021,,39,Cal St. Northridge,BW,-8.7903,259,3.3017,58
Mark Madsen,mark madsen,2026,40,California,ACC,7,2,0.5409090909090909,3.6584,6.711366666666667,7.4191400000000005,12.6283,3.806514285714286,2.410633333333333,5.0701,9.1173,-4.7491,0.8571428571428571,0.42857142857142855,0.0,36.857142857142854,134.42857142857142,64,0.0,0.0,0.2857142857142857,0.0,0.0,2.927342857142857,1.5405571428571427,68.71882857142857,68.15599999999999,68.08712,68.1672,123.14285714285714,139.0,141.6,137,50.3608,49.8732,50.39302,52.6507,18.627357142857143,15.9869,17.86598,15.1434,29.39635714285714,29.80286666666667,30.060879999999997,26.0563,36.50394285714286,34.742533333333334,35.58338,36.1746,48.56614285714286,51.353633333333335,48.70794,49.7961,15.837285714285715,15.692966666666669,15.79368,16.098,27.3578,28.656566666666667,27.9249,30.4527,32.61985714285714,34.07876666666667,31.85238,36.3405,33.90445714285714,34.06936666666667,34.4804,36.9119,35.6443,40.93973333333333,37.1308,43.0873,33.054071428571426,34.75763333333334,32.87198,30.9613,34.750214285714286,36.61716666666667,35.82622,40.8257,28.5745,33.3443,30.243479999999998,35.7895,28.523842857142856,29.9338,29.389159999999997,30.7184,0,,,,,False,2026,,40,California,ACC,11.0626,75,2.4245,12
Mark Montgomery,mark montgomery,2026,70,Detroit Mercy,Horz,8,2,0.45528455284552843,-5.9182875,-12.908133333333332,-7.20764,3.716,-1.41665,-2.6819,-1.05444,6.1645,-12.9175,0.375,0.25,0.25,-12.25,228.625,136,0.0,0.0,0.0,0.0,0.0,-0.9527,-2.6111500000000003,66.7328,67.13216666666666,66.41785999999999,68.8265,233.375,204.0,241.6,102,47.8794875,46.507666666666665,47.86618,49.4823,18.177175,18.43756666666667,18.09812,16.009,31.1772375,32.6146,31.12008,33.2715,31.803425,28.4706,27.866419999999998,32.5886,51.4207,52.69423333333333,51.43050000000001,52.1703,17.4482,15.646866666666668,16.3508,14.432,28.5184375,30.836033333333333,28.70188,30.8123,37.1241125,37.048566666666666,36.485079999999996,37.6183,33.7095875,33.57073333333333,34.19628,35.0442,30.629,29.106866666666665,31.26334,30.7902,34.8104875,35.1642,34.47262,33.2898,42.9434625,43.6813,44.0187,42.6266,26.35595,25.856133333333332,27.77274,25.9615,34.7264375,34.743900000000004,35.23924,32.4015,0,,,,,False,2026,,70,Detroit Mercy,Horz,-4.1104,218,6.1645,80
Mark Pope,mark pope,2026,137,Kentucky,SEC,11,3,0.6348773841961853,12.371854545454546,21.864766666666668,17.95054,24.5389,4.377036363636363,1.4825666666666664,-0.7723800000000001,14.3608,-7.8585,0.7272727272727273,0.5454545454545454,0.09090909090909091,40.0,77.9090909090909,13,0.36363636363636365,0.45454545454545453,0.7272727272727273,0.45454545454545453,2.4545454545454546,5.691218181818182,2.3784636363636364,69.72462727272728,69.47223333333334,69.17114,68.3517,95.9090909090909,80.33333333333333,84.8,127,53.60112727272727,54.67706666666667,53.48,53.3487,17.878563636363637,15.2582,16.86462,15.416,28.328,31.402733333333334,31.307499999999997,33.2278,32.730245454545454,32.6459,31.51502,37.3672,48.648345454545456,49.1311,48.91652,48.907,16.47922727272727,15.242600000000001,15.85214,15.5352,25.93328181818182,27.00323333333333,25.573900000000002,29.9773,32.32971818181818,33.00593333333334,33.56734,36.3721,36.05248181818182,35.490966666666665,34.75454,34.2258,40.79709090909091,43.758433333333336,41.61578,39.6767,32.23579090909091,31.43473333333333,31.7344,31.8182,35.744445454545456,39.2003,38.556920000000005,39.907,33.642554545454544,35.0181,33.41308,30.4348,28.806272727272724,30.232466666666667,30.141939999999998,30.6054,0,,,,,False,2026,,137,Kentucky,SEC,21.0942,29,-7.8585,-25
Mark Price,mark price,2017,47,Charlotte,CUSA,2,1,0.42857142857142855,-4.5934,-4.5934,-4.5934,-2.8362,-0.5113000000000001,-0.5113000000000001,-0.5113000000000001,3.5565,-4.5791,0.5,0.0,0.0,13.0,215.0,193,0.0,0.0,0.0,0.0,0.0,-2.4056499999999996,0.9903500000000001,71.52705,71.52705,71.52705,72.7586,44.5,44.5,44.5,15,50.757850000000005,50.757850000000005,50.757850000000005,50.5476,16.26095,16.26095,16.26095,16.1157,25.02415,25.02415,25.02415,20.3422,33.58085,33.58085,33.58085,34.0058,53.55375,53.55375,53.55375,52.2931,18.282,18.282,18.282,18.2521,29.3432,29.3432,29.3432,30.9819,33.25665,33.25665,33.25665,35.5705,37.84885,37.84885,37.84885,37.4793,34.22165,34.22165,34.22165,34.755,37.519949999999994,37.519949999999994,37.519949999999994,35.7542,31.86735,31.86735,31.86735,30.0336,30.89245,30.89245,30.89245,30.9025,27.47045,27.47045,27.47045,24.8383,0,,,,,False,2017,,47,Charlotte,CUSA,-6.3506,237,-4.5791,-43
Mark Prosser,mark prosser,2026,344,Winthrop,BSth,8,2,0.5433070866141733,-2.6366125,0.020700000000000014,-1.0954,1.3108,-0.03137500000000004,-0.028033333333333355,-1.20444,5.1364,-6.1215,0.625,0.125,0.125,-2.625,195.625,146,0.0,0.0,0.0,0.0,0.0,-1.7294625,0.7343999999999999,69.563975,69.98316666666666,69.0035,70.031,96.375,87.66666666666667,113.2,44,53.2980875,51.64076666666667,53.287819999999996,49.7394,19.6589375,17.080333333333332,18.59544,14.7019,28.2900375,31.928933333333333,29.395220000000002,34.1463,40.791075,47.2335,44.167500000000004,44.0334,52.2561875,50.79643333333333,51.63392,51.4457,17.1845875,17.887133333333335,18.0623,16.6741,28.6703875,30.62833333333333,30.708,27.669,34.2765375,36.795233333333336,34.9685,39.0071,35.304925,33.55616666666666,35.1215,33.2544,42.7254875,40.584633333333336,41.86544,44.0334,34.08985,33.347566666666665,34.3437,32.9082,39.872425,40.582100000000004,39.98464,42.7714,33.54305,30.061533333333333,32.091339999999995,33.3861,31.6436125,31.483500000000003,32.07478,32.1429,0,,,,,False,2026,,344,Winthrop,BSth,1.3108,146,1.323,5
Mark Schmidt,mark schmidt,2026,274,St. Bonaventure,A10,11,1,0.6217765042979942,7.0574,4.531066666666667,4.44832,19.0377,-0.28277272727272734,-1.1793666666666667,-3.57054,7.9857,-7.2582,0.45454545454545453,0.09090909090909091,0.18181818181818182,-13.090909090909092,105.9090909090909,32,0.0,0.09090909090909091,0.45454545454545453,0.18181818181818182,1.9090909090909092,1.9773909090909092,-2.0775,66.34616363636364,65.93650000000001,65.81258,67.3507,243.9090909090909,264.0,264.0,183,50.38297272727273,51.531,50.8505,52.4038,16.9403,16.334100000000003,16.67438,16.79,30.250227272727273,30.60076666666667,29.2449,34.492,31.98250909090909,30.875633333333337,29.607999999999997,29.8583,49.454145454545454,51.495133333333335,50.68016,53.2909,19.158990909090907,18.4385,18.768819999999998,17.1017,29.094136363636366,28.419966666666667,28.426099999999998,29.8358,33.253772727272725,30.76006666666667,31.07328,33.9172,35.03821818181818,35.205733333333335,34.699799999999996,37.7451,33.7711,34.29286666666667,34.12362,30.9717,32.76006363636364,34.069633333333336,33.033300000000004,35.9844,42.077963636363634,42.81980000000001,42.39790000000001,40.7113,28.467972727272727,28.58153333333333,28.6943,27.5766,33.95352727272727,34.983200000000004,34.132999999999996,33.2664,0,,,,,False,2026,,274,St. Bonaventure,A10,2.4417,137,-0.992,-15
Mark Slessinger,mark slessinger,2024,192,New Orleans,Slnd,9,1,0.44285714285714284,-11.19041111111111,-13.964666666666666,-13.62696,-0.5173,-0.5473333333333333,-1.6683666666666668,-2.24818,9.9596,-8.6394,0.4444444444444444,0.2222222222222222,0.3333333333333333,11.666666666666666,285.55555555555554,178,0.0,0.0,0.0,0.1111111111111111,1.7777777777777777,-6.568555555555555,5.863388888888888,70.02454444444444,71.6666,71.43622,71.5875,96.66666666666667,17.333333333333332,33.8,21,48.91554444444445,49.205466666666666,49.65234,45.4572,21.088555555555555,20.0308,20.534100000000002,17.2845,30.852500000000003,28.076399999999996,28.224079999999997,28.4436,39.384077777777776,39.23446666666666,38.21604,39.2361,52.506677777777774,52.87023333333334,53.220839999999995,54.3642,21.052955555555556,19.658433333333335,20.16378,19.0939,32.87567777777778,32.833533333333335,32.93074,34.9239,38.435300000000005,37.135466666666666,37.90114,38.7283,33.04011111111111,32.975433333333335,33.097,30.297,26.735366666666668,26.83866666666667,27.1642,29.2245,34.70713333333333,34.6816,34.6563,35.5191,34.87568888888889,35.834966666666666,34.6888,31.7341,21.14587777777778,21.104166666666668,21.30566,22.3793,27.413944444444446,28.113733333333332,26.997519999999998,24.7148,0,,,,,False,2024,,192,New Orleans,Slnd,-18.3343,342,-8.6394,-50
Mark Turgeon,mark turgeon,2021,160,Maryland,B10,6,1,0.6802030456852792,17.940549999999998,19.342833333333335,17.478540000000002,21.1155,2.0269666666666666,2.3519666666666663,1.44298,4.9469,-0.1074,0.8333333333333334,0.0,0.0,5.0,29.5,11,0.5,1.0,1.0,0.8333333333333334,5.0,10.621333333333334,-2.2708333333333335,66.43153333333333,65.902,66.24325999999999,64.7039,254.66666666666666,276.6666666666667,263.0,321,52.53958333333333,51.073366666666665,52.00264,53.1586,18.498633333333334,17.5759,18.4276,16.7147,29.55065,28.759866666666667,29.6204,20.6417,35.95611666666667,34.131366666666665,35.75948,31.8383,47.03575000000001,46.92466666666667,47.15274000000001,48.7165,16.479483333333334,16.047233333333335,16.4972,16.8166,28.03573333333333,25.968166666666665,27.6812,26.465,26.580933333333334,25.2844,26.496640000000003,24.9708,35.11236666666667,33.794900000000005,34.889660000000006,35.3372,39.77635,41.08026666666667,40.06936,43.0828,33.22528333333333,33.0797,33.449580000000005,34.8189,37.59418333333333,39.80433333333334,38.09144,41.8903,31.81696666666667,32.703399999999995,32.18492,35.5283,33.17368333333334,35.3181,33.77762,37.9555,0,,,,,False,2021,,160,Maryland,B10,17.628,35,2.61,16
Martin Ingelsby,martin ingelsby,2026,66,Delaware,CUSA,10,1,0.4984126984126984,-5.3889499999999995,-5.799666666666667,-4.01178,2.6413,-0.75587,-1.397733333333333,-1.4660199999999999,6.5774,-6.3622,0.4,0.1,0.1,-5.4,227.8,141,0.0,0.0,0.0,0.1,1.5,-2.9973400000000003,-3.46199,66.3831,67.0945,67.00194,63.2151,234.0,191.0,192.0,354,51.74434,53.42196666666666,52.64984,53.3055,17.63965,16.945166666666665,17.139499999999998,18.236,25.1993,23.571133333333336,24.4865,20.8009,32.793060000000004,30.5,31.813120000000005,30.6162,51.06984,50.80446666666666,50.7624,51.5083,16.0627,14.891366666666665,16.34888,14.0474,28.79536,30.494566666666667,30.52566,31.0577,30.81203,30.039733333333334,29.70856,30.1651,34.128,35.82553333333333,34.78852,36.8056,38.165229999999994,40.597699999999996,39.30016,46.2131,35.52572,33.90403333333333,34.76286,35.1245,37.487579999999994,37.95933333333333,36.89704,43.4263,30.723000000000003,33.653733333333335,31.83396,39.0471,32.04499,31.171400000000002,31.108159999999998,36.1836,0,,,,,False,2026,,66,Delaware,CUSA,-11.0981,291,-6.3622,-75
Marty Richter,marty richter,2026,316,USC Upstate,BSth,2,1,0.296875,-14.90475,-14.90475,-14.90475,-12.224,0.5649500000000001,0.5649500000000001,0.5649500000000001,2.1497,-1.0198,0.5,0.0,0.0,21.5,321.0,302,0.0,0.0,0.0,0.0,0.0,-3.2404,0.4435499999999999,70.23145,70.23145,70.23145,67.552,88.5,88.5,88.5,172,49.03375,49.03375,49.03375,48.2958,18.6224,18.6224,18.6224,18.2051,27.24815,27.24815,27.24815,29.1667,31.589350000000003,31.589350000000003,31.589350000000003,32.8134,53.51285,53.51285,53.51285,50.9565,16.52115,16.52115,16.52115,16.3943,31.922200000000004,31.922200000000004,31.922200000000004,31.4066,37.76745,37.76745,37.76745,36.0,30.427149999999997,30.427149999999997,30.427149999999997,31.4425,36.2581,36.2581,36.2581,35.6441,35.40175,35.40175,35.40175,35.634,38.13735,38.13735,38.13735,36.1159,27.6787,27.6787,27.6787,28.2661,30.23135,30.23135,30.23135,30.3417,0,,,,,False,2026,,316,USC Upstate,BSth,-12.224,302,2.1497,34
Marty Simmons,marty simmons,2026,77,Eastern Illinois,OVC,8,2,0.43190661478599224,-8.8334875,-14.014466666666666,-16.98228,10.565,-0.05780000000000011,0.38276666666666664,-0.9405400000000002,2.5652,-8.3366,0.625,0.0,0.125,5.625,253.0,72,0.0,0.0,0.125,0.0,0.0,-3.6780875,1.3602375000000002,66.5566375,66.28099999999999,66.28008,65.6844,235.25,249.33333333333334,239.8,274,47.225775,44.87363333333334,45.383179999999996,45.7057,19.181475,17.661966666666668,19.293779999999998,18.5568,25.960762499999998,28.6433,26.40278,28.2274,35.5468125,31.230166666666666,31.448,33.5135,50.573724999999996,51.27336666666667,51.87426000000001,50.767,19.4619375,19.938633333333332,19.59308,19.303,29.6532875,31.3578,31.78812,35.2419,34.068525,37.47473333333333,33.82328,35.2802,34.061012500000004,31.765133333333335,31.942719999999998,31.7269,28.080225,29.7264,30.59942,29.9099,34.0279125,34.076166666666666,34.0652,31.6619,40.3396125,40.8978,41.828160000000004,41.1799,24.0733625,25.22876666666667,26.144759999999998,24.4708,32.81045,32.190599999999996,33.416160000000005,30.6094,0,,,,,False,2026,,77,Eastern Illinois,OVC,-14.9577,324,-1.084,9
Marty Wilson,marty wilson,2018,226,Pepperdine,WCC,3,1,0.3473684210526316,-6.249366666666667,-6.249366666666667,-6.249366666666667,3.0172,-5.5732,-5.5732,-5.5732,0.0621,-13.6645,0.3333333333333333,0.0,0.3333333333333333,-65.33333333333333,237.0,137,0.0,0.0,0.0,0.0,0.0,1.1497333333333335,-0.21046666666666666,67.8384,67.8384,67.8384,67.512,190.33333333333334,190.33333333333334,190.33333333333334,210,49.30396666666667,49.30396666666667,49.30396666666667,49.5449,17.078133333333334,17.078133333333334,17.078133333333334,17.1694,28.2705,28.2705,28.2705,28.4507,35.238033333333334,35.238033333333334,35.238033333333334,35.1536,54.52356666666666,54.52356666666666,54.52356666666666,56.9886,15.789,15.789,15.789,15.5094,28.460633333333334,28.460633333333334,28.460633333333334,26.3903,31.262666666666664,31.262666666666664,31.262666666666664,33.5227,35.22636666666667,35.22636666666667,35.22636666666667,34.1651,27.20313333333333,27.20313333333333,27.20313333333333,29.636,38.239133333333335,38.239133333333335,38.239133333333335,40.1091,37.78856666666667,37.78856666666667,37.78856666666667,41.6477,23.5074,23.5074,23.5074,24.5404,33.072466666666664,33.072466666666664,33.072466666666664,36.2366,0,,,,,False,2018,,226,Pepperdine,WCC,-9.5064,271,0.0621,15
Marvin Menzies,marvin menzies,2026,310,Kansas City,Sum,8,3,0.44573643410852715,-5.3095375,-11.865,-9.60766,6.4432,-1.10365,-3.7140000000000004,-2.9721,7.4709,-13.2887,0.375,0.125,0.25,-3.375,219.375,107,0.0,0.0,0.0,0.0,0.875,-2.191025,-0.8005,67.304225,67.07836666666667,66.48178,69.8398,203.625,206.33333333333334,227.2,56,48.153075,47.85490000000001,47.283640000000005,45.7472,18.8439875,18.3057,18.6826,18.1691,32.6727625,30.17063333333333,32.38634,26.3645,34.4339875,29.806166666666666,31.52182,29.179,50.5997,52.87583333333333,51.94306,56.2677,16.7612375,16.9632,17.16282,16.4269,28.8402875,30.323533333333334,29.628660000000004,35.9294,33.2297875,37.22363333333333,36.5402,31.4237,31.7196875,31.614566666666665,31.167520000000003,28.4109,36.3808625,41.422533333333334,40.00584,36.7986,34.814612499999996,33.917899999999996,34.394459999999995,37.5546,36.221975,39.09353333333333,38.37082,38.9677,28.905525,33.5745,32.02864,28.3049,30.234212499999998,30.05316666666667,30.391219999999997,32.6169,0,,,,,False,2026,,310,Kansas City,Sum,-25.4268,358,-13.2887,-41
Matt Brady,matt brady,2016,132,James Madison,CAA,1,1,0.65625,8.5033,8.5033,8.5033,8.5033,5.6255,5.6255,5.6255,5.6255,5.6255,1.0,1.0,0.0,26.0,91.0,91,0.0,0.0,1.0,0.0,0.0,-0.0621,-3.3295,66.8328,66.8328,66.8328,66.8328,244.0,244.0,244.0,244,51.5922,51.5922,51.5922,51.5922,17.1568,17.1568,17.1568,17.1568,29.5434,29.5434,29.5434,29.5434,36.9832,36.9832,36.9832,36.9832,45.4821,45.4821,45.4821,45.4821,15.3804,15.3804,15.3804,15.3804,26.9644,26.9644,26.9644,26.9644,36.9697,36.9697,36.9697,36.9697,35.02,35.02,35.02,35.02,41.9553,41.9553,41.9553,41.9553,28.6641,28.6641,28.6641,28.6641,42.4793,42.4793,42.4793,42.4793,34.3193,34.3193,34.3193,34.3193,31.2294,31.2294,31.2294,31.2294,0,,,,,False,2016,,132,James Madison,CAA,8.5033,91,5.6255,26
Matt Braeuer,matt braeuer,2026,279,Stephen F. Austin,Slnd,1,1,0.8235294117647058,8.5754,8.5754,8.5754,8.5754,14.487,14.487,14.487,14.487,14.487,1.0,1.0,0.0,143.0,91.0,91,0.0,0.0,1.0,0.0,0.0,-3.2517,-4.0259,65.9646,65.9646,65.9646,65.9646,264.0,264.0,264.0,264,51.7072,51.7072,51.7072,51.7072,14.2508,14.2508,14.2508,14.2508,33.7731,33.7731,33.7731,33.7731,30.1086,30.1086,30.1086,30.1086,47.7562,47.7562,47.7562,47.7562,17.6371,17.6371,17.6371,17.6371,29.3904,29.3904,29.3904,29.3904,31.1357,31.1357,31.1357,31.1357,35.7607,35.7607,35.7607,35.7607,39.7827,39.7827,39.7827,39.7827,30.2652,30.2652,30.2652,30.2652,35.5125,35.5125,35.5125,35.5125,34.4037,34.4037,34.4037,34.4037,27.2727,27.2727,27.2727,27.2727,0,,,,,False,2026,,279,Stephen F. Austin,Slnd,8.5754,91,14.487,143
Matt Crenshaw,matt crenshaw,2024,128,IUPUI,Horz,3,1,0.15053763440860216,-26.412533333333332,-26.412533333333332,-26.412533333333332,-22.0546,-6.954233333333334,-6.954233333333334,-6.954233333333334,6.2784,-14.1464,0.3333333333333333,0.3333333333333333,0.6666666666666666,-19.0,359.3333333333333,358,0.0,0.0,0.0,0.0,0.0,-5.5635666666666665,-5.3928666666666665,65.5789,65.5789,65.5789,67.4833,238.0,238.0,238.0,183,46.1866,46.1866,46.1866,46.4956,23.5651,23.5651,23.5651,21.3446,29.630533333333332,29.630533333333332,29.630533333333332,29.9056,30.136,30.136,30.136,33.229,55.345666666666666,55.345666666666666,55.345666666666666,58.2036,18.6029,18.6029,18.6029,18.4819,33.47526666666666,33.47526666666666,33.47526666666666,35.4214,35.6289,35.6289,35.6289,33.4132,27.8858,27.8858,27.8858,24.6787,29.282033333333334,29.282033333333334,29.282033333333334,24.3429,36.83246666666667,36.83246666666667,36.83246666666667,37.7778,39.6306,39.6306,39.6306,37.7246,22.156433333333336,22.156433333333336,22.156433333333336,15.4011,31.871933333333335,31.871933333333335,31.871933333333335,30.3314,0,,,,,False,2024,,128,IUPUI,Horz,-25.6146,360,-12.9947,-40
Matt Figger,matt figger,2024,318,UT Rio Grande Valley,WAC,7,2,0.4751131221719457,-5.3076857142857135,-11.432400000000001,-7.87204,4.294,1.68,-0.8331666666666667,-1.2581000000000002,11.5913,-9.8283,0.7142857142857143,0.42857142857142855,0.2857142857142857,21.714285714285715,225.71428571428572,128,0.0,0.0,0.0,0.0,0.0,-2.5252285714285714,0.31958571428571425,69.77508571428572,71.89103333333334,70.0458,71.3497,103.71428571428571,16.0,101.2,28,50.039100000000005,48.60646666666667,49.49324,45.136,19.7104,20.654866666666667,20.30402,19.0225,30.495228571428573,25.9601,29.27498,24.2593,37.98290000000001,42.8397,39.0531,41.2085,53.05737142857142,52.321933333333334,52.97464,53.0864,19.927285714285713,17.9174,19.31798,18.9755,30.4279,32.132866666666665,30.790280000000003,33.3986,35.49092857142857,36.314033333333334,34.8692,34.3996,33.3974,30.958366666666667,32.2937,28.9855,33.51135714285714,33.952866666666665,34.1591,29.1843,35.0963,33.8041,34.92878,33.8926,36.32992857142857,36.05746666666666,35.9063,33.4456,26.4384,24.769566666666666,26.108819999999998,21.2228,29.095471428571425,27.904466666666664,28.746819999999996,25.8864,0,,,,,False,2024,,318,UT Rio Grande Valley,WAC,-16.03,329,-9.8283,-83
Matt Langel,matt langel,2026,54,Colgate,PL,11,1,0.6011396011396012,-0.5148272727272728,-4.5371,-0.7919,9.2484,0.16350909090909102,-2.531966666666667,-1.74342,8.0584,-3.4238,0.2727272727272727,0.18181818181818182,0.0,0.2727272727272727,177.45454545454547,89,0.0,0.0,0.09090909090909091,0.45454545454545453,6.545454545454546,-5.847063636363637,-7.854363636363636,67.18934545454546,66.90676666666667,67.08333999999999,66.9398,208.72727272727272,216.33333333333334,198.0,207,54.112154545454544,53.57873333333333,54.911379999999994,53.2692,16.924699999999998,15.864466666666665,15.92016,14.6337,26.43254545454545,25.128233333333338,25.45882,26.5761,28.179354545454544,26.6018,26.6993,29.7253,50.8829,51.13726666666667,50.90874,52.2071,17.2023,15.943766666666667,16.30524,15.2924,26.627018181818183,27.014566666666667,26.133580000000002,29.3088,28.7325,27.937866666666668,25.594540000000002,33.7875,37.49691818181818,35.61266666666666,37.51534,35.6358,40.58883636363636,38.44186666666667,38.37072,35.0,34.16089090909091,34.303133333333335,34.44054,34.7712,38.7271,40.56636666666667,38.85268,41.6894,35.56073636363636,32.557233333333336,33.59998,29.0653,32.57911818181818,34.23153333333333,33.52418,33.7849,0,,,,,False,2026,,54,Colgate,PL,-7.142,250,-3.0182,-45
Matt Logie,matt logie,2026,180,Montana St.,BSky,3,1,0.5,-1.4037666666666666,-1.4037666666666666,-1.4037666666666666,2.72,4.939466666666666,4.939466666666666,4.939466666666666,9.7785,0.6015,1.0,0.3333333333333333,0.0,61.666666666666664,182.0,134,0.0,0.0,0.0,0.3333333333333333,5.333333333333333,-2.1082,3.6008666666666667,66.98,66.98,66.98,65.9148,208.66666666666666,208.66666666666666,208.66666666666666,266,53.52106666666666,53.52106666666666,53.52106666666666,53.6031,15.524000000000001,15.524000000000001,15.524000000000001,14.7202,22.76806666666667,22.76806666666667,22.76806666666667,27.0382,30.889066666666665,30.889066666666665,30.889066666666665,30.2422,50.9047,50.9047,50.9047,51.6539,16.517166666666665,16.517166666666665,16.517166666666665,15.6846,28.85643333333333,28.85643333333333,28.85643333333333,28.2353,32.78776666666667,32.78776666666667,32.78776666666667,29.5924,35.686366666666665,35.686366666666665,35.686366666666665,36.1111,43.1317,43.1317,43.1317,44.6545,32.26696666666667,32.26696666666667,32.26696666666667,34.2513,33.668299999999995,33.668299999999995,33.668299999999995,34.3178,35.615566666666666,35.615566666666666,35.615566666666666,37.3291,25.80926666666667,25.80926666666667,25.80926666666667,28.0019,0,,,,,False,2026,,180,Montana St.,BSky,2.72,134,9.7785,117
Matt Lottich,matt lottich,2023,324,Valparaiso,MVC,7,1,0.48,-1.5950000000000002,-5.310066666666667,-3.7519,5.8175,-1.7354857142857143,-2.3320666666666665,-1.7454999999999998,6.0772,-7.8085,0.2857142857142857,0.14285714285714285,0.2857142857142857,-23.428571428571427,186.71428571428572,104,0.0,0.0,0.0,0.0,1.0,0.22488571428571433,-1.683942857142857,67.31351428571428,66.6053,66.86134,67.7841,201.42857142857142,225.66666666666666,220.0,150,49.67581428571429,49.073299999999996,49.35394,48.9916,18.638771428571427,17.551033333333333,18.20738,18.1814,24.816857142857142,21.259566666666668,23.31504,22.6112,30.49372857142857,26.969133333333332,27.958,27.8992,50.239285714285714,51.367266666666666,51.1597,51.5427,18.044942857142857,16.649266666666666,17.77288,15.6958,26.45027142857143,25.288700000000002,26.07948,24.6717,31.890842857142854,27.757033333333336,29.334500000000002,31.8457,32.00182857142857,30.604133333333333,31.36146,29.2117,36.93585714285714,38.004866666666665,37.51278,36.2465,34.04122857142857,34.49436666666667,34.67758,34.2566,35.972928571428575,36.7354,35.98472,37.7961,29.190857142857144,29.5852,29.71836,26.872,29.87215714285714,30.919333333333338,30.35354,30.719,0,,,,,False,2023,,324,Valparaiso,MVC,-10.3594,292,-5.9864,-77
Matt Matheny,matt matheny,2019,81,Elon,CAA,4,1,0.4609375,-4.4132,-5.9498999999999995,-4.4132,2.1856,-3.263875,-6.682433333333333,-3.263875,6.9918,-12.2593,0.5,0.25,0.5,-32.25,213.25,136,0.0,0.0,0.0,0.0,0.0,-1.1715,-0.7919999999999999,68.5513,67.69543333333333,68.5513,67.9839,154.75,188.66666666666666,154.75,150,52.044200000000004,52.1264,52.044200000000004,52.0081,17.363825,17.239,17.363825,18.422,23.8582,22.733566666666665,23.8582,22.307,27.335425,26.325566666666663,27.335425,24.2724,51.2296,51.540533333333336,51.2296,53.5575,15.054025,14.795566666666668,15.054025,15.2308,28.409174999999998,27.9586,28.409174999999998,28.2126,28.208175,26.475800000000003,28.208175,29.4052,34.7241,34.98343333333333,34.7241,34.5751,47.683875,48.53426666666667,47.683875,50.0,35.589,35.700966666666666,35.589,37.7593,38.62685,41.19486666666666,38.62685,40.189,40.435275000000004,41.5421,40.435275000000004,42.9191,33.783625,36.1813,33.783625,35.378,0,,,,,False,2019,,81,Elon,CAA,-12.4111,309,-8.0269,-93
Matt McCall,matt mccall,2022,162,Massachusetts,A10,7,2,0.5215311004784688,0.7212428571428571,1.5368333333333333,-1.15388,6.4956,-1.1871571428571428,0.16149999999999984,-2.1734999999999998,6.2635,-8.5542,0.42857142857142855,0.14285714285714285,0.2857142857142857,-18.428571428571427,162.0,109,0.0,0.0,0.0,0.14285714285714285,1.7142857142857142,0.3425857142857143,-1.0192142857142856,67.82582857142857,69.75503333333333,68.60222,69.0546,184.0,92.66666666666667,146.6,76,51.098571428571425,50.15806666666666,50.8245,51.2888,18.326442857142858,17.245366666666666,18.09828,16.5605,28.820457142857144,26.483500000000003,27.633280000000003,29.3345,33.61052857142857,32.29963333333333,30.665219999999998,32.7722,51.57985714285714,52.37460000000001,51.96826,55.2215,19.025914285714286,19.412666666666667,18.31394,17.9889,29.173571428571428,28.555266666666668,28.488999999999997,29.745,34.12544285714286,32.05533333333333,34.1554,29.2722,35.18235714285714,34.1927,35.51562,37.1184,40.05317142857143,42.42426666666667,41.08316,43.0826,34.71245714285714,34.759433333333334,34.79918,37.408,33.24072857142857,32.6072,33.31204,35.8122,33.44961428571428,35.083933333333334,35.24304,37.6548,27.139100000000003,26.769733333333335,27.092719999999996,30.5044,0,,,,,False,2022,,162,Massachusetts,A10,-1.2244,185,-7.3334,-78
Matt McKillop,matt mckillop,2026,64,Davidson,A10,4,1,0.5190839694656488,3.305325,3.602066666666667,3.305325,5.4534,0.3726249999999999,1.8984666666666665,0.3726249999999999,5.4494,-4.2049,0.5,0.25,0.0,2.75,130.25,109,0.0,0.0,0.0,0.0,0.0,1.91885,-1.46465,65.152175,65.2183,65.152175,63.8596,295.0,295.3333333333333,295.0,341,50.987325,51.2971,50.987325,52.6286,15.7131,15.562033333333332,15.7131,15.8283,25.848675,26.179933333333334,25.848675,28.0992,31.60685,31.211933333333334,31.60685,30.9843,50.778725,50.784333333333336,50.778725,50.5784,16.84945,16.70606666666667,16.84945,17.5122,28.096175,28.202299999999997,28.096175,29.9715,31.1883,32.686733333333336,31.1883,37.1313,33.0293,33.404133333333334,33.0293,35.4271,40.792925,42.20253333333333,40.792925,44.519,33.419225,33.56713333333333,33.419225,32.5984,38.8731,39.565933333333334,38.8731,36.7264,32.509875,33.9933,32.509875,37.8354,31.6655,32.140966666666664,31.6655,28.3174,0,,,,,False,2026,,64,Davidson,A10,5.4534,109,5.4494,41
Matt McMahon,matt mcmahon,2026,154,LSU,SEC,11,2,0.6096866096866097,6.637372727272727,10.053866666666666,9.345,15.4202,-0.7081272727272727,-4.305733333333333,-3.44216,11.7575,-15.0998,0.2727272727272727,0.2727272727272727,0.36363636363636365,-8.363636363636363,110.27272727272727,36,0.0,0.09090909090909091,0.5454545454545454,0.2727272727272727,2.8181818181818183,0.8538999999999999,-2.0987272727272726,67.37141818181819,68.2406,67.2996,66.6986,192.72727272727272,139.66666666666666,184.2,222,52.33124545454545,52.0419,51.22124,52.7822,17.903781818181816,17.594733333333334,17.6582,15.5959,31.10580909090909,31.060333333333332,32.03994,32.9954,34.89043636363636,37.219766666666665,35.54538,40.8924,49.349709090909094,49.640499999999996,49.77326,50.8929,18.090545454545456,16.2091,17.30248,13.9123,28.8117,32.47846666666667,30.40276,31.6972,32.557545454545455,33.640966666666664,31.446559999999998,37.8061,34.92106363636364,33.090466666666664,33.29778,33.0793,37.95234545454545,38.51833333333334,38.45034,34.4357,32.79532727272727,33.71906666666666,33.0307,35.3495,37.585100000000004,38.39256666666667,39.46778,37.9592,30.638372727272728,29.06543333333333,29.98104,24.9808,30.3322,31.436700000000002,32.02874,31.4092,0,,,,,False,2026,,154,LSU,SEC,13.1896,61,-1.1408,-5
Matt Painter,matt painter,2026,234,Purdue,B10,11,1,0.7448453608247423,24.69196363636364,29.019033333333336,26.531979999999997,31.0756,2.8130454545454544,2.6398333333333333,1.87046,8.1966,-5.4779,0.8181818181818182,0.2727272727272727,0.09090909090909091,0.9090909090909091,12.545454545454545,3,1.0,1.0,1.0,0.9090909090909091,2.6363636363636362,12.087636363636364,2.9486909090909093,66.13921818181818,65.5082,65.3725,64.4028,255.0909090909091,282.6666666666667,281.8,330,54.27232727272727,56.4554,55.5437,57.6362,16.747936363636363,15.287366666666665,16.106479999999998,13.6753,34.12539090909091,35.28366666666667,35.884660000000004,36.4238,33.780454545454546,34.8297,35.97672,28.5714,48.357600000000005,50.566633333333336,49.596520000000005,52.3511,16.353181818181817,15.5201,15.21696,15.321,25.69801818181818,27.0205,25.6712,27.0882,26.123763636363638,25.881600000000002,23.68744,25.5262,37.28383636363637,38.947966666666666,37.485079999999996,38.3138,38.5816,37.75406666666667,38.15996,40.1973,32.345527272727274,32.25123333333333,32.27142,34.1164,39.20995454545454,41.10686666666667,39.86596,43.8424,32.41512727272727,31.8582,31.19124,33.8254,32.91677272727273,33.203066666666665,33.17838,36.4231,0,,,,,False,2026,,234,Purdue,B10,31.0756,8,1.9298,-5
Matthew Driscoll,matthew driscoll,2025,203,North Florida,ASun,10,1,0.4810126582278481,-5.96774,-6.304733333333334,-7.976319999999999,0.3742,-0.8602299999999999,0.4261666666666666,-0.88278,4.4124,-6.104,0.3,0.0,0.1,-7.5,235.3,166,0.0,0.0,0.0,0.0,0.7,-1.77854,6.675670000000001,69.6763,69.12043333333334,68.32396,72.3771,105.0,120.0,150.6,10,53.048,53.39053333333334,52.19174,53.198,18.76362,16.215799999999998,18.35592,14.9609,26.74084,25.88546666666667,25.732260000000004,27.9863,28.256639999999997,27.201099999999997,27.46816,24.8223,51.50768000000001,53.0374,51.64404,54.0946,15.32738,14.358600000000001,15.19716,14.6889,33.44912,32.2992,33.932280000000006,34.2202,29.302390000000003,29.410233333333334,29.749959999999998,31.0783,36.075810000000004,35.771566666666665,35.17676,34.9953,48.60562,52.180366666666664,50.76968,53.9594,34.55546,35.476466666666674,34.83574,35.4575,29.367469999999997,30.096633333333333,30.147159999999996,31.1292,41.55375,44.212133333333334,43.044760000000004,45.9638,24.629550000000002,25.125766666666664,25.27578,25.3307,0,,,,,False,2025,,203,North Florida,ASun,-8.4169,266,-1.4712,-13
Matthew Graves,matthew graves,2026,123,Indiana St.,MVC,5,2,0.4161490683229814,-5.2615,-3.776733333333333,-5.2615,-2.8501,-1.01304,0.20419999999999996,-1.01304,3.2854,-3.1246,0.4,0.0,0.0,-9.8,225.4,197,0.0,0.0,0.0,0.0,0.0,-1.07748,-4.1977400000000005,70.04141999999999,70.27980000000001,70.04141999999999,68.0812,79.8,72.0,79.8,138,50.0505,51.91856666666666,50.0505,52.8613,19.78532,19.9791,19.78532,19.5977,27.1128,26.033133333333335,27.1128,26.2231,35.52096,33.66603333333333,35.52096,27.4566,50.48072,50.605533333333334,50.48072,50.2138,17.879179999999998,16.3584,17.879179999999998,14.8655,30.511599999999998,29.437300000000004,30.511599999999998,31.7647,36.9283,35.182066666666664,36.9283,28.7547,32.49926,32.965333333333334,32.49926,31.5857,42.36126,46.44623333333333,42.36126,45.2023,33.29696,32.71196666666666,33.29696,31.2597,37.12242,36.81143333333333,37.12242,34.3666,33.061,35.9223,33.061,34.4491,29.207720000000002,28.6884,29.207720000000002,26.7643,0,,,,,False,2026,,123,Indiana St.,MVC,-3.1647,207,0.0672,-20
Maurice Joseph,maurice joseph,2019,96,George Washington,A10,3,1,0.43564356435643564,-3.717,-3.717,-3.717,2.3155,-5.811699999999999,-5.811699999999999,-5.811699999999999,-4.312,-8.3379,0.0,0.0,0.3333333333333333,-66.33333333333333,205.66666666666666,132,0.0,0.0,0.0,0.0,0.0,0.36739999999999995,-1.2288333333333334,66.2737,66.2737,66.2737,67.2104,257.0,257.0,257.0,197,48.264266666666664,48.264266666666664,48.264266666666664,45.7655,18.940966666666668,18.940966666666668,18.940966666666668,18.2404,29.234400000000004,29.234400000000004,29.234400000000004,23.3844,32.68816666666667,32.68816666666667,32.68816666666667,32.5733,50.95596666666666,50.95596666666666,50.95596666666666,51.2468,16.802933333333332,16.802933333333332,16.802933333333332,17.1336,28.314833333333336,28.314833333333336,28.314833333333336,28.5106,28.4168,28.4168,28.4168,30.2338,33.43136666666667,33.43136666666667,33.43136666666667,31.0618,34.2466,34.2466,34.2466,34.2562,35.53403333333333,35.53403333333333,35.53403333333333,35.5757,35.51773333333333,35.51773333333333,35.51773333333333,40.1558,28.715733333333333,28.715733333333333,28.715733333333333,28.0401,31.10426666666667,31.10426666666667,31.10426666666667,35.017,0,,,,,False,2019,,96,George Washington,A10,-10.8069,293,-8.3379,-101
Micah Shrewsberry,micah shrewsberry,2026,213,Notre Dame,ACC,5,2,0.4727272727272727,9.113900000000001,6.737333333333333,9.113900000000001,16.0438,-1.04562,-0.8372,-1.04562,4.3296,-4.5903,0.4,0.0,0.0,-1.8,86.6,36,0.0,0.2,0.8,0.2,2.0,9.34768,-1.60346,64.30978,65.10146666666667,64.30978,66.0001,316.8,303.3333333333333,316.8,260,51.49550000000001,50.5111,51.49550000000001,52.279,16.96662,17.521066666666666,16.96662,16.9523,27.388620000000003,29.766433333333335,27.388620000000003,31.2386,27.349020000000003,31.2294,27.349020000000003,34.0745,49.75604,50.44993333333334,49.75604,51.7927,14.17746,14.685033333333331,14.17746,13.9523,25.80138,26.458633333333335,25.80138,26.6667,29.08796,31.224100000000004,29.08796,36.1905,35.14126,34.285466666666665,35.14126,35.6322,42.80632,41.43856666666667,42.80632,43.5242,33.138040000000004,32.606033333333336,33.138040000000004,33.2151,40.02538,41.54376666666667,40.02538,47.395,36.763999999999996,34.43866666666667,36.763999999999996,36.2652,32.86982,32.69096666666667,32.86982,36.1028,0,,,,,False,2026,,213,Notre Dame,ACC,8.4632,93,-2.2509,-16
Michael Curry,michael curry,2018,88,Florida Atlantic,CUSA,3,1,0.3191489361702128,-9.264266666666666,-9.264266666666666,-9.264266666666666,-6.0999,-2.2666,-2.2666,-2.2666,3.0181,-6.5362,0.3333333333333333,0.0,0.3333333333333333,-6.0,265.6666666666667,233,0.0,0.0,0.0,0.0,0.0,-1.4519666666666666,0.8957,68.52976666666667,68.52976666666667,68.52976666666667,69.1923,149.0,149.0,149.0,119,45.53006666666667,45.53006666666667,45.53006666666667,43.8376,17.48463333333333,17.48463333333333,17.48463333333333,18.2551,26.139933333333335,26.139933333333335,26.139933333333335,28.5072,30.552066666666665,30.552066666666665,30.552066666666665,28.972,50.091100000000004,50.091100000000004,50.091100000000004,49.1872,16.9387,16.9387,16.9387,16.5358,30.441166666666664,30.441166666666664,30.441166666666664,27.5122,35.415033333333334,35.415033333333334,35.415033333333334,32.6309,32.41636666666667,32.41636666666667,32.41636666666667,31.8275,33.3868,33.3868,33.3868,28.4463,35.10366666666667,35.10366666666667,35.10366666666667,32.8872,28.448700000000002,28.448700000000002,28.448700000000002,31.4871,28.682366666666667,28.682366666666667,28.682366666666667,24.9063,23.9354,23.9354,23.9354,25.6334,0,,,,,False,2018,,88,Florida Atlantic,CUSA,-6.0999,233,3.0181,49
Michael Czepil,michael czepil,2025,243,Sacramento St.,BSky,1,1,0.21875,-18.239,-18.239,-18.239,-18.239,-8.1316,-8.1316,-8.1316,-8.1316,-8.1316,0.0,0.0,1.0,-48.0,348.0,348,0.0,0.0,0.0,0.0,0.0,-3.9002,-1.2621,65.7517,65.7517,65.7517,65.7517,281.0,281.0,281.0,281,48.0192,48.0192,48.0192,48.0192,20.3168,20.3168,20.3168,20.3168,27.3538,27.3538,27.3538,27.3538,31.3099,31.3099,31.3099,31.3099,55.0682,55.0682,55.0682,55.0682,17.1144,17.1144,17.1144,17.1144,27.5521,27.5521,27.5521,27.5521,39.2463,39.2463,39.2463,39.2463,31.1522,31.1522,31.1522,31.1522,44.9201,44.9201,44.9201,44.9201,36.5819,36.5819,36.5819,36.5819,46.0039,46.0039,46.0039,46.0039,35.7648,35.7648,35.7648,35.7648,36.5132,36.5132,36.5132,36.5132,0,,,,,False,2025,,243,Sacramento St.,BSky,-18.239,348,-8.1316,-48
Michael Fly,michael fly,2022,89,Florida Gulf Coast,ASun,4,1,0.4827586206896552,-7.60535,-8.632933333333334,-7.60535,-2.9575,-2.2245,-2.6169333333333333,-2.2245,0.8015,-5.3787,0.25,0.0,0.25,-23.25,252.5,208,0.0,0.0,0.0,0.0,0.0,-4.26145,-1.5318999999999998,68.714475,68.9729,68.714475,70.2182,136.75,131.66666666666666,136.75,40,50.182475000000004,49.38346666666666,50.182475000000004,53.2541,20.969225,20.864866666666668,20.969225,18.9349,27.98745,28.754833333333334,27.98745,29.8599,26.9984,25.36,26.9984,29.0806,50.08595,49.42016666666667,50.08595,50.5162,18.4117,18.1485,18.4117,15.7573,29.494175000000002,29.030533333333334,29.494175000000002,27.4461,26.987975,26.854333333333333,26.987975,24.0413,32.929874999999996,31.610200000000003,32.929874999999996,35.1262,43.341825,44.2918,43.341825,47.0558,34.10085,33.1965,34.10085,33.7179,38.6619,37.71586666666667,38.6619,38.3481,35.98175,36.1859,35.98175,39.2157,33.269875,31.978033333333332,33.269875,33.0264,0,,,,,False,2022,,89,Florida Gulf Coast,ASun,-2.9575,208,0.8015,0
Michael Grant,michael grant,2017,60,Coppin St.,MEAC,2,1,0.2698412698412698,-19.58645,-19.58645,-19.58645,-17.1852,-2.96015,-2.96015,-2.96015,-0.6639,-5.2564,0.0,0.0,0.5,0.0,338.0,333,0.0,0.0,0.0,0.0,0.0,-7.14205,9.31815,69.32085000000001,69.32085000000001,69.32085000000001,68.7676,111.0,111.0,111.0,135,44.00325,44.00325,44.00325,43.8693,18.38175,18.38175,18.38175,19.0614,29.3553,29.3553,29.3553,28.0428,38.59435,38.59435,38.59435,39.9653,53.61125,53.61125,53.61125,54.388,18.521749999999997,18.521749999999997,18.521749999999997,18.9199,33.93125,33.93125,33.93125,33.1081,41.51885,41.51885,41.51885,39.9538,32.5417,32.5417,32.5417,31.6514,37.60735,37.60735,37.60735,37.8253,36.19065,36.19065,36.19065,35.6322,36.1355,36.1355,36.1355,40.1848,32.25875,32.25875,32.25875,31.7322,29.031599999999997,29.031599999999997,29.031599999999997,31.4987,0,,,,,False,2017,,60,Coppin St.,MEAC,-21.9877,343,-5.2564,-9
Michael Huger,michael huger,2023,28,Bowling Green,MAC,8,1,0.50199203187251,-3.5962625,-5.3869,-1.95804,6.0409,-1.688725,-3.0632333333333333,-1.0783800000000001,7.6392,-13.4227,0.25,0.125,0.25,-20.125,210.5,105,0.0,0.0,0.0,0.0,0.0,-1.41845,-4.6269375,70.12481249999999,70.69743333333334,70.53772000000001,69.523,75.5,51.666666666666664,58.0,56,48.618825,48.88740000000001,48.95624,50.459,16.55865,15.825266666666666,15.822,17.548,29.414450000000002,30.01376666666667,29.795080000000002,29.7994,33.481325,30.768933333333337,31.0588,32.4727,51.815912499999996,52.838899999999995,51.641,54.0751,17.5934625,17.538466666666668,17.36676,16.3361,27.851975,29.382133333333332,27.93206,27.984,32.6287,31.414133333333336,31.782339999999998,33.5838,34.036525,32.82513333333333,33.70724,33.7641,35.0200125,36.98433333333333,36.72272,35.5135,35.39565,35.2421,34.7431,36.3777,38.7004125,39.81326666666667,40.1963,37.341,29.5732625,30.307866666666666,30.87408,29.0278,32.372675,32.73583333333333,33.2706,30.719,0,,,,,False,2023,,28,Bowling Green,MAC,-9.5639,286,-0.2619,-9
Michael Perry,michael perry,2018,75,East Carolina,Amer,1,1,0.3333333333333333,-12.7763,-12.7763,-12.7763,-12.7763,-11.8087,-11.8087,-11.8087,-11.8087,-11.8087,0.0,0.0,1.0,-136.0,307.0,307,0.0,0.0,0.0,0.0,0.0,-2.4622,-16.3467,68.7327,68.7327,68.7327,68.7327,148.0,148.0,148.0,148,48.2879,48.2879,48.2879,48.2879,20.6141,20.6141,20.6141,20.6141,27.8095,27.8095,27.8095,27.8095,28.6709,28.6709,28.6709,28.6709,51.4657,51.4657,51.4657,51.4657,17.2183,17.2183,17.2183,17.2183,32.4675,32.4675,32.4675,32.4675,31.0841,31.0841,31.0841,31.0841,30.4858,30.4858,30.4858,30.4858,34.6489,34.6489,34.6489,34.6489,35.3218,35.3218,35.3218,35.3218,35.2323,35.2323,35.2323,35.2323,27.3959,27.3959,27.3959,27.3959,30.0267,30.0267,30.0267,30.0267,0,,,,,False,2018,,75,East Carolina,Amer,-12.7763,307,-11.8087,-136
Mick Cronin,mick cronin,2026,307,UCLA,B10,11,2,0.7222222222222222,19.986836363636364,17.5355,20.83072,27.2885,1.6795727272727274,-3.0531666666666664,-0.83008,5.6168,-10.5396,0.8181818181818182,0.18181818181818182,0.09090909090909091,-1.9090909090909092,30.818181818181817,3,0.5454545454545454,0.8181818181818182,1.0,0.9090909090909091,6.0,8.684709090909092,-0.26015454545454547,64.4043909090909,64.33633333333334,64.85661999999999,64.9158,316.54545454545456,324.3333333333333,297.0,308,50.57929090909091,50.95113333333333,50.891560000000005,53.3793,15.795881818181817,15.270733333333332,14.789959999999999,13.4177,33.735927272727274,31.189633333333333,31.596140000000002,31.0463,33.3248,33.7487,31.621519999999997,33.0795,48.08538181818182,50.180366666666664,48.99336,50.3956,20.176436363636363,19.816,20.43972,18.4755,28.454727272727272,30.498199999999997,29.0034,33.3056,30.605000000000004,34.706633333333336,31.97302,34.4214,35.00331818181818,35.46266666666667,35.31556,37.9357,33.53180909090909,34.0386,32.4704,35.5069,33.65693636363636,32.86076666666667,32.349180000000004,32.0442,39.757327272727274,43.985099999999996,41.76012,44.7577,28.1317,28.567233333333334,27.494099999999996,30.5946,33.978545454545454,34.47326666666667,33.428,34.0109,0,,,,,False,2026,,307,UCLA,B10,21.1895,28,-3.8153,-18
Mike Anderson,mike anderson,2023,277,St. John's,BE,8,2,0.578544061302682,12.605025,11.870866666666666,11.890699999999999,16.2479,0.9746374999999999,-2.477133333333333,-0.2209800000000001,4.4239,-6.7027,0.75,0.0,0.125,4.875,59.75,35,0.0,0.25,1.0,0.25,2.5,8.29535,-3.0736875,71.5704875,73.4072,72.69422,73.292,45.25,4.0,18.0,1,50.30735,50.19046666666667,49.50526,49.3979,16.494475,17.145433333333333,16.9792,18.6933,30.519875,31.304133333333336,30.50146,34.0409,32.9749875,27.473766666666666,30.14756,27.7443,49.674324999999996,50.5882,49.858619999999995,50.2455,20.7078,20.945766666666668,21.61616,19.6644,31.4449125,29.776833333333332,31.11494,27.561,36.91235,31.552300000000002,34.508320000000005,29.6024,35.4396,33.70446666666667,33.53468,33.1046,31.27405,30.880633333333332,32.276920000000004,27.0032,34.0668375,34.27923333333333,33.5589,34.5387,39.0145625,38.1942,39.771100000000004,39.3716,26.7731125,26.052333333333333,27.032940000000004,22.6881,31.804875,31.852866666666667,32.33126,33.4946,0,,,,,False,2023,,277,St. John's,BE,10.2823,82,-6.7027,-45
Mike Balado,mike balado,2023,16,Arkansas St.,SB,6,1,0.45054945054945056,-6.70695,-6.196566666666667,-5.93578,-1.1215,-0.3292,-0.28519999999999995,1.12388,6.1335,-7.5946,0.5,0.16666666666666666,0.16666666666666666,-2.8333333333333335,243.5,181,0.0,0.0,0.0,0.0,0.0,-2.292733333333333,-1.7571999999999999,67.37943333333332,66.38199999999999,66.94658,63.2429,188.5,218.33333333333334,206.4,344,48.39698333333333,48.3185,48.21098,47.6042,19.201083333333333,19.40106666666667,19.312440000000002,18.1429,30.304066666666667,29.654133333333334,30.31082,28.7938,37.23513333333333,34.73266666666667,38.04166,35.0965,51.43128333333333,49.6711,50.50994,50.2773,18.195666666666668,17.799333333333333,18.0777,16.6439,29.131,28.115033333333333,28.66972,27.9877,35.44036666666667,30.261366666666664,35.51292,34.8121,33.91646666666667,34.6225,34.053520000000006,34.5725,33.291599999999995,31.147566666666666,32.62518,33.4785,35.47998333333334,34.978433333333335,34.93288,36.4299,34.251666666666665,33.5597,34.27048,33.8262,27.36736666666667,26.6039,26.868360000000003,29.1994,28.37115,28.995800000000003,28.320280000000004,29.2113,0,,,,,False,2023,,16,Arkansas St.,SB,-9.6265,287,-0.6615,-13
Mike Bibby,mike bibby,2026,243,Sacramento St.,BSky,1,1,0.3225806451612903,-8.5711,-8.5711,-8.5711,-8.5711,-0.4205,-0.4205,-0.4205,-0.4205,-0.4205,0.0,0.0,0.0,5.0,266.0,266,0.0,0.0,0.0,0.0,0.0,0.9227,8.5043,71.6531,71.6531,71.6531,71.6531,13.0,13.0,13.0,13,47.0291,47.0291,47.0291,47.0291,14.0675,14.0675,14.0675,14.0675,25.2133,25.2133,25.2133,25.2133,41.2359,41.2359,41.2359,41.2359,55.0379,55.0379,55.0379,55.0379,17.1171,17.1171,17.1171,17.1171,33.4356,33.4356,33.4356,33.4356,36.226,36.226,36.226,36.226,31.8865,31.8865,31.8865,31.8865,35.5912,35.5912,35.5912,35.5912,35.1531,35.1531,35.1531,35.1531,43.7391,43.7391,43.7391,43.7391,26.9647,26.9647,26.9647,26.9647,33.8317,33.8317,33.8317,33.8317,0,,,,,False,2026,,243,Sacramento St.,BSky,-8.5711,266,-0.4205,5
Mike Boynton,mike boynton,2024,218,Oklahoma St.,B12,7,1,0.5219298245614035,12.565014285714286,11.7298,13.372819999999999,18.9454,-2.270871428571428,-3.3726,-2.4266199999999998,1.1614,-5.3713,0.14285714285714285,0.0,0.14285714285714285,-15.0,60.714285714285715,33,0.0,0.42857142857142855,0.8571428571428571,0.14285714285714285,0.8571428571428571,11.633685714285715,0.7408428571428571,68.26214285714285,67.38753333333334,68.5809,67.1666,158.14285714285714,171.33333333333334,142.2,205,49.57184285714286,49.3933,49.42326,51.3348,19.61872857142857,20.254733333333334,20.23396,18.7592,30.546528571428574,30.808233333333334,30.658640000000002,27.5023,33.56865714285714,33.14123333333333,34.4347,33.9822,48.11485714285714,47.550466666666665,47.29156,51.3485,19.50457142857143,19.450666666666667,19.71994,16.7606,29.650871428571428,29.338866666666664,29.4243,28.4672,31.533585714285714,29.740566666666666,30.73738,27.6044,32.93805714285715,31.31346666666667,31.719839999999998,33.462,37.090757142857136,37.86743333333333,35.88888,43.2147,33.10671428571428,32.669666666666664,31.93914,34.0289,38.66545714285714,37.335100000000004,38.790380000000006,32.9455,29.976,29.342333333333332,27.81112,34.331,32.09591428571429,31.29126666666667,31.6897,27.3313,0,,,,,False,2024,,218,Oklahoma St.,B12,4.8989,117,-5.3713,-49
Mike Brennan,mike brennan,2023,9,American,Pat,8,1,0.39111111111111113,-10.6733,-11.652966666666666,-8.19284,-2.881,-3.55425,-2.5506333333333333,-1.17568,1.9606,-14.049,0.375,0.0,0.375,-25.75,278.625,200,0.0,0.0,0.0,0.0,0.0,-5.7671375000000005,-16.5991375,65.2758625,64.9376,66.00892,62.4257,271.625,286.0,250.0,352,51.415175,52.2058,52.277319999999996,54.4172,20.4768125,21.532066666666665,20.230520000000002,22.0214,24.922875,25.842699999999997,26.06848,28.306,29.68455,26.741933333333332,28.93202,27.9141,51.4963625,51.734633333333335,50.60624,51.7718,18.9542875,18.068266666666666,18.37254,19.1704,29.1517625,28.9596,28.73868,27.8905,36.6183875,33.11936666666667,34.1565,32.0721,33.9494375,35.16986666666667,34.407439999999994,34.635,36.7304375,35.63356666666667,35.43396,36.135,33.693225,34.087700000000005,32.6745,38.5027,31.5884125,32.457,31.8748,33.6937,30.485375,30.6985,29.445960000000003,29.2403,24.9048125,26.413700000000002,25.08856,30.7109,0,,,,,False,2023,,9,American,Pat,-9.0164,274,1.9606,26
Mike Brey,mike brey,2023,213,Notre Dame,ACC,8,1,0.5676691729323309,12.104587500000001,8.5571,8.94198,19.7422,-3.0113125,-6.184566666666666,-5.22962,5.8753,-15.5368,0.125,0.125,0.125,-25.625,67.625,27,0.0,0.5,0.875,0.375,2.875,8.48125,-1.1099249999999998,65.9985875,65.8632,66.1879,64.7555,268.625,263.0,255.4,304,51.901225,53.271366666666665,51.29292,51.9672,14.5809125,14.875133333333332,14.54046,13.3714,26.3257375,21.21173333333333,23.90196,19.5713,27.9922,25.480866666666667,26.307299999999998,23.2787,49.5386375,50.64676666666667,49.681439999999995,52.0677,15.555275,13.818100000000001,14.920480000000001,13.6093,28.994775,27.008533333333332,28.05754,26.523,23.161725,22.808300000000003,22.00016,26.5306,35.9878375,36.82123333333333,35.292899999999996,35.8323,41.485524999999996,42.9278,43.52636,43.0055,34.4860875,34.32096666666667,33.94478,34.3239,35.85395,35.754466666666666,36.040820000000004,36.1439,35.815825,37.63933333333333,37.614,37.9883,32.0508625,31.2769,31.88942,30.039,0,,,,,False,2023,,213,Notre Dame,ACC,0.3962,166,-15.5368,-123
Mike Davis,mike davis,2024,70,Detroit Mercy,Horz,9,2,0.4134275618374558,-6.376588888888889,-9.3277,-7.86422,0.5057,0.9884777777777778,-2.7404666666666664,-1.46448,8.5584,-11.001,0.6666666666666666,0.3333333333333333,0.1111111111111111,20.555555555555557,235.55555555555554,161,0.0,0.0,0.0,0.2222222222222222,4.444444444444445,-3.663911111111111,8.175055555555556,68.00814444444444,66.28699999999999,67.0603,66.8915,170.55555555555554,233.0,209.2,227,50.28928888888889,50.460766666666665,50.5406,47.3407,17.812666666666665,18.320666666666664,18.176579999999998,19.4606,30.25333333333333,29.894899999999996,29.524199999999997,26.0036,33.03684444444444,26.78686666666667,27.537200000000002,30.3047,52.78581111111111,54.63576666666666,54.226519999999994,55.9372,17.749766666666666,17.792366666666666,17.776320000000002,17.3186,31.86421111111111,31.621133333333333,30.900299999999998,35.3922,29.596000000000004,30.448833333333337,29.11178,31.8956,34.43621111111111,34.58376666666667,35.03032,28.1203,40.88722222222222,42.808,43.41034,36.8421,35.491455555555554,36.376933333333334,36.44246,37.0529,37.16354444444445,39.3528,39.96198,37.2204,34.14088888888889,36.87029999999999,37.398759999999996,26.5751,31.179844444444445,32.512566666666665,33.68182,30.257,0,,,,,False,2024,,70,Detroit Mercy,Horz,-20.5247,351,-11.001,-62
Mike DeGeorge,mike degeorge,2026,36,Cal Poly,BW,2,1,0.4411764705882353,-3.0126999999999997,-3.0126999999999997,-3.0126999999999997,-2.1321,8.8996,8.8996,8.8996,13.8473,3.9519,1.0,0.5,0.0,106.5,198.0,182,0.0,0.0,0.0,0.0,0.0,0.84625,4.82045,74.34185,74.34185,74.34185,74.0257,2.0,2.0,2.0,1,53.3741,53.3741,53.3741,51.5261,20.290149999999997,20.290149999999997,20.290149999999997,19.8878,28.7787,28.7787,28.7787,29.9571,30.88145,30.88145,30.88145,34.9198,53.51905,53.51905,53.51905,53.8019,17.65895,17.65895,17.65895,16.2142,31.384700000000002,31.384700000000002,31.384700000000002,29.5979,33.2398,33.2398,33.2398,34.1171,34.67995,34.67995,34.67995,33.0383,51.87335,51.87335,51.87335,52.6125,34.5481,34.5481,34.5481,34.6814,40.35935,40.35935,40.35935,40.8204,41.23505,41.23505,41.23505,39.9683,31.76345,31.76345,31.76345,32.0983,0,,,,,False,2026,,36,Cal Poly,BW,-3.8933,214,3.9519,50
Mike Dunlap,mike dunlap,2020,152,Loyola Marymount,WCC,5,1,0.4620253164556962,-2.27226,-1.9188666666666665,-2.27226,3.8405,1.2735,-0.03823333333333331,1.2735,3.6118,-2.5604,0.8,0.0,0.0,20.4,194.0,134,0.0,0.0,0.0,0.0,0.0,0.82668,-3.6683999999999997,65.46602,64.18436666666666,65.46602,62.9919,271.8,313.0,271.8,349,49.53478,49.9509,49.53478,50.9659,19.1178,20.123900000000003,19.1178,21.9296,29.992259999999998,30.3466,29.992259999999998,27.3236,32.6671,34.653666666666666,32.6671,34.7714,52.90972000000001,52.93723333333333,52.90972000000001,51.8114,20.330940000000002,19.998066666666666,20.330940000000002,18.5827,29.61078,28.771833333333333,29.61078,27.8188,40.626279999999994,39.035666666666664,40.626279999999994,38.1636,33.02432,32.00873333333333,33.02432,29.7048,33.09528,31.72876666666667,33.09528,34.9002,35.4247,34.452133333333336,35.4247,33.0137,39.97302,41.71413333333333,39.97302,45.5965,27.0411,24.4178,27.0411,24.7439,31.26848,31.9533,31.26848,34.3305,0,,,,,False,2020,,152,Loyola Marymount,WCC,-3.4224,209,-2.5604,-35
Mike Dunleavy,mike dunleavy,2019,299,Tulane,Amer,3,1,0.25806451612903225,-5.5086,-5.5086,-5.5086,0.0371,-2.5083,-2.5083,-2.5083,2.2036,-8.3117,0.3333333333333333,0.0,0.3333333333333333,-30.0,231.66666666666666,171,0.0,0.0,0.0,0.0,0.0,2.6472333333333333,-3.776666666666667,69.70946666666667,69.70946666666667,69.70946666666667,69.7057,89.33333333333333,89.33333333333333,89.33333333333333,78,48.330066666666674,48.330066666666674,48.330066666666674,47.0836,19.54896666666667,19.54896666666667,19.54896666666667,21.0223,27.93216666666667,27.93216666666667,27.93216666666667,26.9841,33.8449,33.8449,33.8449,32.8099,51.5819,51.5819,51.5819,50.5615,17.3165,17.3165,17.3165,15.0802,31.110966666666666,31.110966666666666,31.110966666666666,30.8403,35.666266666666665,35.666266666666665,35.666266666666665,31.5978,33.0469,33.0469,33.0469,31.791,37.214933333333335,37.214933333333335,37.214933333333335,37.5771,35.41883333333333,35.41883333333333,35.41883333333333,33.5968,35.75906666666667,35.75906666666667,35.75906666666667,38.7443,30.597566666666665,30.597566666666665,30.597566666666665,30.6916,29.630733333333335,29.630733333333335,29.630733333333335,31.8352,0,,,,,False,2019,,299,Tulane,Amer,-9.9864,283,-8.3117,-95
Mike Hopkins,mike hopkins,2024,334,Washington,P12,7,1,0.5267857142857143,8.817114285714286,8.009733333333333,8.0693,14.2825,-0.1944142857142857,0.7485666666666666,-1.483,4.8095,-7.5904,0.5714285714285714,0.0,0.14285714285714285,-2.857142857142857,86.57142857142857,48,0.0,0.14285714285714285,0.5714285714285714,0.14285714285714285,2.0,8.432571428571428,2.5871142857142857,69.48252857142857,69.93656666666668,70.12048,71.2184,95.71428571428571,57.0,64.0,30,50.26485714285714,49.59353333333333,49.60514,53.5354,18.788471428571427,17.528633333333335,18.62116,15.9216,27.375714285714285,27.603233333333336,26.72092,27.0683,33.440514285714286,32.835100000000004,32.53826,32.1212,48.65678571428571,49.052,48.48896,50.0998,19.73602857142857,18.7498,18.564339999999998,15.7939,33.35102857142857,33.00393333333333,33.029520000000005,28.9298,31.861114285714283,29.5457,30.93446,33.1003,33.330442857142856,32.652433333333335,32.734899999999996,35.4396,36.79638571428571,35.4258,36.77432,36.7677,32.84571428571429,32.28163333333333,32.5935,33.6676,35.42317142857143,35.27946666666667,35.433859999999996,34.8477,29.61112857142857,28.20913333333333,29.4885,30.0116,29.1268,28.677333333333333,29.1265,28.5656,0,,,,,False,2024,,334,Washington,P12,12.9459,60,3.7704,18
Mike Jordan,mike jordan,2023,139,Lafayette,Pat,1,1,0.3235294117647059,-8.2662,-8.2662,-8.2662,-8.2662,4.6268,4.6268,4.6268,4.6268,4.6268,1.0,0.0,0.0,58.0,264.0,264,0.0,0.0,0.0,0.0,0.0,-3.669,3.7632,62.9223,62.9223,62.9223,62.9223,349.0,349.0,349.0,349,48.6975,48.6975,48.6975,48.6975,17.9487,17.9487,17.9487,17.9487,23.7657,23.7657,23.7657,23.7657,24.4551,24.4551,24.4551,24.4551,50.8489,50.8489,50.8489,50.8489,18.266,18.266,18.266,18.266,25.6109,25.6109,25.6109,25.6109,29.4085,29.4085,29.4085,29.4085,32.7113,32.7113,32.7113,32.7113,48.4317,48.4317,48.4317,48.4317,34.1301,34.1301,34.1301,34.1301,41.2377,41.2377,41.2377,41.2377,42.1698,42.1698,42.1698,42.1698,34.543,34.543,34.543,34.543,0,,,,,False,2023,,139,Lafayette,Pat,-8.2662,264,4.6268,58
Mike K. Jones,mike k jones,2026,219,Old Dominion,SB,2,1,0.39705882352941174,-8.6155,-8.6155,-8.6155,-7.0245,-4.0117,-4.0117,-4.0117,-3.8534,-4.17,0.0,0.0,0.0,-51.5,265.0,248,0.0,0.0,0.0,0.0,0.0,-3.60385,0.7839,67.61795000000001,67.61795000000001,67.61795000000001,69.0103,170.0,170.0,170.0,90,47.3729,47.3729,47.3729,50.6544,16.21565,16.21565,16.21565,15.4916,31.23825,31.23825,31.23825,26.0643,32.82275,32.82275,32.82275,34.712,50.97605,50.97605,50.97605,50.7648,15.231200000000001,15.231200000000001,15.231200000000001,14.4764,31.145049999999998,31.145049999999998,31.145049999999998,30.3322,38.51135,38.51135,38.51135,42.0359,32.09275,32.09275,32.09275,35.9307,36.0659,36.0659,36.0659,36.2827,33.05715,33.05715,33.05715,31.9826,35.847899999999996,35.847899999999996,35.847899999999996,36.4451,29.192700000000002,29.192700000000002,29.192700000000002,30.855,27.40265,27.40265,27.40265,26.3409,0,,,,,False,2026,,219,Old Dominion,SB,-7.0245,248,-3.8534,-63
Mike Krzyzewski,mike krzyzewski,2022,73,Duke,ACC,7,1,0.7603305785123967,24.693485714285714,22.4434,25.36138,30.619,-0.8297285714285716,-2.655266666666667,0.5109999999999998,5.4087,-8.7558,0.42857142857142855,0.2857142857142857,0.2857142857142857,-8.571428571428571,12.428571428571429,3,0.8571428571428571,1.0,1.0,0.8571428571428571,2.0,10.555128571428572,2.333228571428571,69.35587142857143,69.2557,69.90527999999999,67.2666,120.0,119.33333333333333,94.2,172,54.257357142857146,53.934133333333335,54.264520000000005,55.664,16.6779,17.0513,17.2341,15.0054,33.99155714285714,32.899899999999995,34.616339999999994,31.6358,33.599157142857145,29.198966666666667,31.075580000000002,28.6381,47.49177142857143,48.042833333333334,47.100260000000006,47.0959,18.165285714285712,18.605033333333335,18.493959999999998,15.7182,29.994157142857144,28.69386666666667,29.112000000000002,29.1584,26.368514285714287,27.2706,25.60748,19.0496,35.91265714285714,35.664899999999996,34.99302,36.6231,36.802200000000006,35.272,35.896159999999995,35.681,31.83462857142857,32.52816666666667,31.918580000000002,32.0435,31.819714285714287,30.838033333333332,32.86132,33.5906,29.890657142857144,29.368399999999998,28.868479999999998,29.5964,26.93,26.321566666666666,28.18424,30.0795,0,,,,,False,2022,,73,Duke,ACC,25.1493,8,3.2023,2
Mike Lewis,mike lewis,2026,20,Ball St.,MAC,4,1,0.488,-7.1608,-9.515066666666668,-7.1608,-0.098,-1.4072,-3.4662666666666664,-1.4072,4.77,-4.0961,0.25,0.0,0.0,-12.5,251.75,171,0.0,0.0,0.0,0.0,0.0,-5.2716,-5.953275,66.18745,65.7792,66.18745,63.7561,239.0,263.3333333333333,239.0,343,50.533375,49.710766666666665,50.533375,47.0499,17.171675,16.959166666666665,17.171675,16.2208,27.89065,27.0114,27.89065,27.1429,39.134225,38.093333333333334,39.134225,31.6302,51.65415,51.871433333333336,51.65415,52.6713,16.418125,16.311266666666665,16.418125,18.6801,28.803225,28.9357,28.803225,31.0383,30.416825,30.11283333333333,30.416825,32.0553,34.734925,34.02393333333333,34.734925,31.4241,37.791075,38.123200000000004,37.791075,39.2944,34.9699,33.81043333333333,34.9699,34.8092,37.315799999999996,38.681466666666665,37.315799999999996,41.1691,30.501575,30.624333333333336,30.501575,31.785,30.979125,31.080833333333334,30.979125,33.0435,0,,,,,False,2026,,20,Ball St.,MAC,-11.5187,296,-4.0961,-40
Mike Lonergan,mike lonergan,2016,96,George Washington,A10,1,1,0.7368421052631579,13.8628,13.8628,13.8628,13.8628,4.3054,4.3054,4.3054,4.3054,4.3054,1.0,0.0,0.0,5.0,53.0,53,0.0,0.0,1.0,0.0,4.0,3.4331,-1.7745,66.1849,66.1849,66.1849,66.1849,265.0,265.0,265.0,265,50.7976,50.7976,50.7976,50.7976,16.5244,16.5244,16.5244,16.5244,34.4487,34.4487,34.4487,34.4487,39.1067,39.1067,39.1067,39.1067,48.6535,48.6535,48.6535,48.6535,17.4941,17.4941,17.4941,17.4941,27.9155,27.9155,27.9155,27.9155,26.9749,26.9749,26.9749,26.9749,37.0523,37.0523,37.0523,37.0523,33.0902,33.0902,33.0902,33.0902,32.956,32.956,32.956,32.956,35.6822,35.6822,35.6822,35.6822,28.0696,28.0696,28.0696,28.0696,30.2075,30.2075,30.2075,30.2075,0,,,,,False,2016,,96,George Washington,A10,13.8628,53,4.3054,5
Mike Magpayo,mike magpayo,2026,91,Fordham,A10,6,2,0.5760869565217391,1.0745,-1.0729333333333335,-0.31592000000000003,8.0266,3.80495,1.7863,1.9502199999999998,13.0786,-1.4452,0.8333333333333334,0.3333333333333333,0.0,32.666666666666664,160.16666666666666,106,0.0,0.0,0.0,0.0,0.0,-0.50585,0.6232833333333334,66.25765,66.283,66.17436000000001,64.4387,241.83333333333334,242.33333333333334,239.4,325,49.67291666666667,48.0968,49.09968,48.6111,16.942983333333334,15.840133333333332,16.77778,17.1866,29.39485,32.03313333333333,30.0252,34.1108,26.336266666666663,27.656833333333335,27.19728,26.4184,49.763933333333334,51.47466666666667,50.55932,49.9373,16.42035,16.230533333333334,16.41986,17.2398,25.013483333333337,27.01376666666667,25.27934,26.8882,32.1455,32.7246,32.86712,30.2632,33.274233333333335,31.559466666666665,32.5121,28.858,40.46168333333333,40.93906666666667,40.08526,38.2979,33.32998333333334,34.6681,33.63234,33.432,34.7369,38.1894,34.68904,42.3559,34.163000000000004,33.405166666666666,33.18472,28.6371,28.4525,31.452033333333333,28.143,35.2391,0,,,,,False,2026,,91,Fordham,A10,0.7146,160,3.73,23
Mike Maker,mike maker,2018,157,Marist,MAAC,3,1,0.22580645161290322,-14.021366666666667,-14.021366666666667,-14.021366666666667,-13.6308,-4.9408666666666665,-4.9408666666666665,-4.9408666666666665,-2.9367,-7.651,0.0,0.0,0.3333333333333333,-28.0,313.3333333333333,307,0.0,0.0,0.0,0.0,0.0,-3.7009000000000003,-3.3470333333333335,68.20966666666668,68.20966666666668,68.20966666666668,69.6466,167.0,167.0,167.0,96,50.67366666666667,50.67366666666667,50.67366666666667,52.6901,19.105866666666667,19.105866666666667,19.105866666666667,21.677,22.826633333333334,22.826633333333334,22.826633333333334,22.6214,36.5283,36.5283,36.5283,35.7895,52.9343,52.9343,52.9343,52.6063,15.785733333333333,15.785733333333333,15.785733333333333,14.7919,31.55286666666667,31.55286666666667,31.55286666666667,29.765,34.48063333333334,34.48063333333334,34.48063333333334,29.8077,34.12016666666667,34.12016666666667,34.12016666666667,34.9127,43.80393333333333,43.80393333333333,43.80393333333333,46.9006,37.5997,37.5997,37.5997,36.8895,36.39383333333333,36.39383333333333,36.39383333333333,39.3725,35.0885,35.0885,35.0885,37.5168,31.3777,31.3777,31.3777,34.2346,0,,,,,False,2018,,157,Marist,MAAC,-14.4669,321,-2.9367,-14
Mike Martin,mike martin,2026,30,Brown,Ivy,11,1,0.45614035087719296,-5.425027272727273,-5.7192,-4.05186,1.2402,-0.5167636363636362,-2.2907999999999995,0.5235800000000002,5.6209,-9.1147,0.45454545454545453,0.09090909090909091,0.09090909090909091,-2.0,227.45454545454547,153,0.0,0.0,0.0,0.0,0.0,-11.523009090909092,-13.31619090909091,69.08634545454545,66.6152,67.28278,66.5667,120.0909090909091,231.0,186.0,231,44.93875454545454,49.841366666666666,49.93634,48.6477,26.49319090909091,18.306833333333334,18.60858,19.4712,25.802609090909094,30.305366666666668,28.879739999999998,28.9888,31.0317,29.672633333333334,30.07752,28.086,55.89361818181818,50.6141,50.83852,51.3406,17.05059090909091,17.081533333333333,18.08558,18.7064,34.693209090909086,29.3994,28.02106,30.0358,39.530772727272726,32.90476666666667,31.752,37.6087,30.11637272727273,32.39046666666667,32.714620000000004,30.3435,35.44258181818182,39.160066666666665,39.27142,36.3384,40.275290909090906,33.19076666666667,33.701139999999995,33.5017,43.64192727272727,39.57776666666667,38.79214,43.0435,28.707454545454542,31.962166666666665,32.203320000000005,28.3929,28.03401818181818,31.485833333333336,31.493479999999998,32.9652,0,,,,,False,2026,,30,Brown,Ivy,-10.937,289,-9.1147,-123
Mike McConathy,mike mcconathy,2022,212,Northwestern St.,Slnd,7,1,0.34134615384615385,-15.534057142857142,-12.832500000000001,-16.143800000000002,-8.8658,-3.6460714285714286,2.3015,-1.32636,11.5642,-16.558,0.2857142857142857,0.14285714285714285,0.42857142857142855,-27.285714285714285,318.0,270,0.0,0.0,0.0,0.0,0.0,-5.293128571428572,8.4565,70.99128571428571,71.4654,70.36872,71.1583,59.57142857142857,36.333333333333336,74.0,18,48.191071428571426,49.351933333333335,47.39818,49.4678,21.275514285714284,20.4087,21.72066,20.1203,28.98427142857143,28.230666666666664,29.20252,27.7778,33.14761428571428,29.663766666666664,31.15416,24.986,52.71908571428571,51.605799999999995,52.00942,53.1903,18.475771428571427,17.619366666666664,18.305,17.0718,33.805285714285716,32.14996666666667,33.13792,32.2212,36.915642857142856,35.45206666666667,36.59266,34.1034,33.02574285714286,34.73593333333333,32.0995,34.3699,33.48732857142857,34.87493333333333,33.184039999999996,34.2297,35.98865714285714,34.08626666666667,35.4055,33.9683,34.534371428571426,34.64176666666666,35.20324,34.6535,27.796585714285715,30.390266666666665,27.596719999999998,30.303,28.45574285714286,27.622933333333332,28.888599999999997,26.817,0,,,,,False,2022,,212,Northwestern St.,Slnd,-15.4197,330,1.0133,0
Mike McGarvey,mike mcgarvey,2026,139,Lafayette,PL,3,1,0.36082474226804123,-13.179899999999998,-13.179899999999998,-13.179899999999998,-10.7741,-2.3712666666666666,-2.3712666666666666,-2.3712666666666666,-0.2158,-3.7529,0.0,0.0,0.0,-11.333333333333334,311.6666666666667,291,0.0,0.0,0.0,0.0,0.0,-7.356066666666667,-1.0325,66.17936666666667,66.17936666666667,66.17936666666667,66.8149,254.66666666666666,254.66666666666666,254.66666666666666,215,48.799866666666674,48.799866666666674,48.799866666666674,49.2668,16.461533333333335,16.461533333333335,16.461533333333335,15.3187,24.666,24.666,24.666,25.8417,28.947633333333332,28.947633333333332,28.947633333333332,32.4309,50.81613333333333,50.81613333333333,50.81613333333333,53.5853,16.3963,16.3963,16.3963,15.1266,28.60083333333333,28.60083333333333,28.60083333333333,28.6555,29.6956,29.6956,29.6956,30.6281,32.44743333333333,32.44743333333333,32.44743333333333,32.153,40.067,40.067,40.067,39.8195,35.34793333333334,35.34793333333334,35.34793333333334,35.9649,38.1634,38.1634,38.1634,38.0211,33.217333333333336,33.217333333333336,33.217333333333336,31.7779,32.78173333333333,32.78173333333333,32.78173333333333,31.5789,0,,,,,False,2026,,139,Lafayette,PL,-15.2813,326,-3.1451,-10
Mike Morrell,mike morrell,2026,311,UNC Asheville,BSth,8,1,0.5303643724696356,-6.752775000000001,-3.3002333333333334,-2.32904,1.2216,-1.681025,-1.0454333333333332,1.23744,5.5029,-15.7683,0.25,0.125,0.125,-6.625,232.125,148,0.0,0.0,0.0,0.125,1.875,-4.24245,-0.1561624999999999,67.1982375,67.12950000000001,67.28828000000001,64.7981,184.25,193.0,180.6,316,51.547650000000004,51.668033333333334,51.81964000000001,50.9609,18.585875,16.450266666666668,17.5292,17.4037,27.0746625,28.920833333333334,27.81632,29.7741,35.6098875,38.38183333333333,38.62504,39.9876,51.906,51.60523333333333,50.59802,51.2874,18.46845,16.834433333333333,17.465880000000002,15.4756,32.341387499999996,32.30793333333333,31.801940000000002,31.3313,33.9369875,37.7014,33.44788,38.7425,35.13375,35.2092,35.65566,35.0554,37.44995,35.283766666666665,36.2478,33.602,33.30535,33.56356666666667,32.0607,32.6053,35.710375,37.69956666666667,35.71594,38.3832,30.8630875,28.4609,29.52236,27.3381,27.9877375,29.300166666666666,27.596719999999998,29.1492,0,,,,,False,2026,,311,UNC Asheville,BSth,-6.4984,242,-1.3328,-20
Mike R. Jones,mike r jones,2026,312,UNC Greensboro,SC,11,2,0.5779036827195467,-2.2265090909090905,-2.8289333333333335,-0.83176,4.9846,-0.0959,-1.6892000000000003,-1.49612,4.6642,-6.0869,0.45454545454545453,0.0,0.09090909090909091,0.2727272727272727,193.0909090909091,117,0.0,0.0,0.0,0.09090909090909091,1.4545454545454546,-3.2978272727272726,3.4756090909090904,64.51205454545455,65.54216666666667,64.93778,67.7241,308.54545454545456,274.6666666666667,285.4,163,50.820463636363634,51.95686666666666,51.25126,51.988,18.273527272727275,15.533199999999999,16.89876,14.9608,31.256963636363636,29.520966666666666,30.042579999999997,28.1167,31.67800909090909,33.0411,31.80444,41.9935,50.56395454545454,51.16426666666666,50.341300000000004,56.2436,17.291627272727272,15.902633333333332,17.11444,13.654,27.497554545454545,29.88,28.27772,29.0528,31.504336363636366,33.4516,32.08898,30.6039,35.2983,36.90753333333333,36.04362,35.6369,39.251236363636366,42.203466666666664,41.03902,40.1961,34.54695454545455,34.41686666666667,34.18306,37.9802,41.6349,44.65103333333334,44.83268,46.6223,33.69057272727272,36.71633333333333,35.48164,32.1778,34.87018181818182,36.399033333333335,37.12674,39.6032,0,,,,,False,2026,,312,UNC Greensboro,SC,-12.0624,300,-6.0869,-65
Mike Rhoades,mike rhoades,2026,225,Penn St.,B10,11,3,0.5892351274787535,7.765745454545454,9.052666666666665,10.46238,15.039,0.49202727272727276,-0.45596666666666685,1.5146,11.6026,-7.6275,0.5454545454545454,0.2727272727272727,0.2727272727272727,-2.3636363636363638,102.81818181818181,42,0.0,0.18181818181818182,0.6363636363636364,0.2727272727272727,2.727272727272727,3.7897272727272724,-1.5206363636363636,69.47662727272727,69.14296666666667,68.78386,67.5336,97.18181818181819,99.33333333333333,107.0,175,51.73424545454545,52.4632,52.1475,53.0084,18.610163636363637,16.2423,18.04776,15.6103,28.00891818181818,27.113966666666666,27.366679999999995,25.9259,35.77344545454545,35.6926,35.91524,33.8162,49.73219090909092,53.50303333333333,50.36676,58.4239,21.101036363636364,19.408733333333334,21.37202,17.6947,30.18078181818182,30.812300000000004,30.88748,31.1458,33.84692727272727,31.06703333333333,32.52748,27.5,33.95898181818182,33.33116666666667,33.8977,32.3572,37.17971818181818,37.79006666666667,35.25618,38.0501,33.41388181818182,34.79096666666667,32.81996,38.7985,35.57844545454546,38.18496666666667,36.90948,43.4239,29.23367272727273,28.716733333333334,27.41966,28.117,28.820245454545454,30.764666666666667,29.266879999999997,36.6286,0,,,,,False,2026,,225,Penn St.,B10,2.3108,139,-5.7468,-44
Mike Schrage,mike schrage,2022,81,Elon,CAA,3,1,0.38823529411764707,-6.690066666666667,-6.690066666666667,-6.690066666666667,-4.1426,0.9932666666666665,0.9932666666666665,0.9932666666666665,6.0158,-2.6784,0.3333333333333333,0.3333333333333333,0.0,5.333333333333333,243.0,205,0.0,0.0,0.0,0.0,0.0,-0.47983333333333333,1.9140666666666666,66.14783333333334,66.14783333333334,66.14783333333334,65.7876,265.3333333333333,265.3333333333333,265.3333333333333,253,48.9424,48.9424,48.9424,48.982,18.223333333333333,18.223333333333333,18.223333333333333,19.9058,24.283933333333334,24.283933333333334,24.283933333333334,25.4335,25.66456666666667,25.66456666666667,25.66456666666667,25.8683,50.93443333333334,50.93443333333334,50.93443333333334,50.585,17.299866666666667,17.299866666666667,17.299866666666667,16.5716,25.758033333333334,25.758033333333334,25.758033333333334,28.7575,41.828633333333336,41.828633333333336,41.828633333333336,43.7808,33.76753333333333,33.76753333333333,33.76753333333333,33.015,45.72813333333334,45.72813333333334,45.72813333333334,43.8922,34.60616666666667,34.60616666666667,34.60616666666667,34.5104,40.74453333333333,40.74453333333333,40.74453333333333,38.3621,39.6792,39.6792,39.6792,37.2117,32.030433333333335,32.030433333333335,32.030433333333335,29.6279,0,,,,,False,2022,,81,Elon,CAA,-6.5784,247,-2.6784,-37
Mike Schwartz,mike schwartz,2026,75,East Carolina,Amer,4,1,0.46923076923076923,-2.852025,-3.5590333333333333,-2.852025,-0.731,-2.879775,-5.789033333333333,-2.879775,5.848,-7.5935,0.25,0.25,0.5,-36.5,198.5,176,0.0,0.0,0.0,0.0,0.0,0.010399999999999993,-6.007575,66.939825,66.82633333333332,66.939825,68.649,203.0,213.33333333333334,203.0,111,47.397,47.487500000000004,47.397,46.4146,17.043275,16.318533333333335,17.043275,17.0836,33.226749999999996,33.3184,33.226749999999996,33.3932,36.390950000000004,36.14433333333333,36.390950000000004,39.1597,51.116675,51.74263333333334,51.116675,52.2466,17.426524999999998,17.44803333333333,17.426524999999998,16.2271,30.91565,31.5938,30.91565,32.6107,32.409975,32.17216666666667,32.409975,32.1644,30.846725,30.59596666666667,30.846725,29.3165,36.103525,34.2843,36.103525,31.1485,34.821825,35.4702,34.821825,34.9364,37.9409,39.0918,37.9409,38.7397,27.8582,26.179933333333334,27.8582,22.7866,31.366175,32.539233333333335,31.366175,31.7889,0,,,,,False,2026,,75,East Carolina,Amer,-7.1217,249,-7.5935,-103
Mike Scott,mike scott,2026,37,Cal St. Bakersfield,BW,1,1,0.25,-15.5446,-15.5446,-15.5446,-15.5446,-9.1653,-9.1653,-9.1653,-9.1653,-9.1653,0.0,0.0,1.0,-85.0,327.0,327,0.0,0.0,0.0,0.0,0.0,-0.0925,0.1555,70.1114,70.1114,70.1114,70.1114,43.0,43.0,43.0,43,45.6867,45.6867,45.6867,45.6867,18.8631,18.8631,18.8631,18.8631,30.4464,30.4464,30.4464,30.4464,42.2247,42.2247,42.2247,42.2247,54.0323,54.0323,54.0323,54.0323,17.8992,17.8992,17.8992,17.8992,35.5805,35.5805,35.5805,35.5805,42.6585,42.6585,42.6585,42.6585,29.0196,29.0196,29.0196,29.0196,28.9444,28.9444,28.9444,28.9444,36.0399,36.0399,36.0399,36.0399,39.0434,39.0434,39.0434,39.0434,20.5651,20.5651,20.5651,20.5651,30.3357,30.3357,30.3357,30.3357,0,,,,,False,2026,,37,Cal St. Bakersfield,BW,-15.5446,327,-9.1653,-85
Mike White,mike white,2026,98,Georgia,SEC,11,2,0.6021798365122616,16.054809090909092,15.916400000000001,12.29372,27.4977,-0.43247272727272734,1.861,-1.4685200000000003,8.9653,-7.0396,0.36363636363636365,0.18181818181818182,0.18181818181818182,-11.0,48.27272727272727,5,0.18181818181818182,0.7272727272727273,0.9090909090909091,0.6363636363636364,5.0,10.55041818181818,1.7162545454545453,67.4336090909091,69.12563333333333,68.07862,71.6824,185.72727272727272,109.0,150.6,12,50.775436363636366,52.02523333333334,50.557159999999996,54.1724,17.36822727272727,16.408966666666668,17.4104,14.2762,31.518554545454545,32.648266666666665,32.00098,34.9232,36.18479090909091,37.87876666666667,37.58622,36.9295,48.3876,49.372800000000005,49.47028,50.6303,19.317345454545457,17.492733333333334,18.205199999999998,18.3725,30.93503636363636,32.41053333333333,32.05246,34.8066,32.14205454545454,29.945566666666664,29.820819999999998,30.2521,33.74044545454546,33.557700000000004,32.542179999999995,33.75,39.3967909090909,40.5038,41.1183,44.26,32.49325454545454,32.7896,32.49674,33.6646,35.607618181818175,38.393633333333334,36.96814,37.5817,31.222254545454543,31.00453333333333,31.210079999999998,32.938,28.989036363636362,31.32383333333333,29.973239999999997,30.8539,0,,,,,False,2026,,98,Georgia,SEC,19.3597,35,2.0677,9
Mike Woodson,mike woodson,2025,122,Indiana,B10,4,1,0.6074074074074074,14.197399999999998,14.248633333333332,14.197399999999998,17.0251,-3.6231,-3.5217000000000005,-3.6231,0.801,-5.9949,0.25,0.0,0.5,-21.0,53.5,30,0.0,0.75,1.0,0.5,4.0,11.2748,-2.2944999999999998,67.935975,68.1748,67.935975,68.1524,144.75,134.66666666666666,144.75,137,51.83475,52.245133333333335,51.83475,51.1304,17.056025,16.991933333333336,17.056025,16.7205,28.428475,28.870366666666666,28.428475,31.4982,33.425075,33.39976666666667,33.425075,33.0705,48.049175000000005,48.67136666666667,48.049175000000005,49.7899,16.311275000000002,15.846166666666667,16.311275000000002,16.3599,28.0033,28.925533333333334,28.0033,28.1442,30.4383,30.354866666666666,30.4383,29.6218,33.6308,33.747899999999994,33.6308,32.1203,29.68805,29.205133333333333,29.68805,33.2282,33.333974999999995,33.4449,33.333974999999995,32.6586,39.48355,39.2881,39.48355,38.9181,23.559725,23.099800000000002,23.559725,25.4918,33.347625,33.02136666666667,33.347625,31.4967,0,,,,,False,2025,,122,Indiana,B10,16.9835,45,0.801,-6
Mike Young,mike young,2026,330,Virginia Tech,ACC,11,2,0.5786516853932584,8.916609090909091,9.116233333333334,11.34426,20.6862,0.06759999999999987,-1.0412333333333332,-2.07242,16.8923,-9.5724,0.5454545454545454,0.18181818181818182,0.2727272727272727,0.45454545454545453,95.27272727272727,18,0.18181818181818182,0.18181818181818182,0.5454545454545454,0.2727272727272727,2.5454545454545454,4.9182,0.980890909090909,65.93738181818182,66.80936666666666,66.0598,67.0842,265.0,214.66666666666666,239.0,198,53.28343636363636,52.4098,53.28797999999999,52.2388,16.786618181818184,17.093866666666667,16.60782,14.9475,27.4119,29.307733333333335,28.33062,31.888,30.106636363636365,32.6197,29.65502,34.0196,51.06164545454545,51.368966666666665,50.739279999999994,50.8475,17.659736363636366,16.761633333333336,17.04632,17.2299,27.090118181818184,29.2968,28.36228,32.5643,31.385654545454543,30.267966666666666,28.31236,28.7622,37.43897272727273,35.129799999999996,36.065839999999994,35.4922,41.70740909090909,40.581966666666666,40.49864,39.7324,33.38521818181818,32.34576666666667,32.65684,30.5699,37.701490909090914,38.230799999999995,37.43562,39.6507,36.3608,33.09223333333333,34.05198,32.6061,30.331127272727272,29.514233333333333,29.9052,29.5492,0,,,,,False,2026,,330,Virginia Tech,ACC,13.2842,60,1.7407,11
Mitch Henderson,mitch henderson,2026,232,Princeton,Ivy,11,1,0.6348122866894198,3.470590909090909,0.9517333333333333,3.38388,12.609,-0.43584545454545454,-2.3481,1.02798,8.2701,-12.6017,0.45454545454545453,0.2727272727272727,0.18181818181818182,-10.636363636363637,136.9090909090909,58,0.0,0.0,0.36363636363636365,0.18181818181818182,3.0,-10.038663636363637,-9.51010909090909,66.03735454545455,65.2594,65.91458,63.5682,251.1818181818182,290.0,250.4,345,47.851445454545456,51.89196666666667,52.90704000000001,49.6026,23.566581818181817,14.759866666666667,15.04008,17.0784,23.035845454545452,25.814700000000002,26.0748,27.263,25.573136363636365,29.19276666666667,27.848380000000002,34.6358,55.37979090909091,52.479800000000004,51.419219999999996,51.9987,15.281145454545454,16.163633333333333,15.73082,14.2778,31.63544545454545,25.758033333333334,24.6676,28.4783,35.575236363636364,30.274599999999996,28.12654,34.0102,32.295227272727274,34.791666666666664,35.29184,33.9286,40.80436363636364,47.8807,45.87576,44.5033,39.99017272727273,33.262433333333334,33.22788,31.135,41.33141818181818,40.43016666666667,37.093560000000004,41.3706,34.61070909090909,39.79456666666667,38.57498,36.2096,26.653736363636366,31.708133333333333,29.90458,30.0296,0,,,,,False,2026,,232,Princeton,Ivy,-7.2732,254,-2.7127,-43
Mo Williams,mo williams,2026,129,Jackson St.,SWAC,6,2,0.39226519337016574,-14.531783333333331,-12.3101,-12.25094,-6.5511,-1.34705,-4.2623,-0.7700600000000001,7.5187,-11.6308,0.5,0.3333333333333333,0.3333333333333333,-8.833333333333334,310.6666666666667,246,0.0,0.0,0.0,0.0,0.0,-7.1373999999999995,-7.100866666666666,69.12468333333334,68.86296666666667,68.79352,69.5301,96.5,104.33333333333333,103.2,71,46.50803333333334,46.80753333333333,47.11785999999999,45.687,20.639316666666666,19.315233333333335,20.298160000000003,19.4313,31.09968333333333,31.551233333333332,31.41184,29.7147,37.01915,36.53206666666667,35.87986,37.3967,51.33355,52.06236666666666,51.811400000000006,52.9791,18.670483333333333,17.609800000000003,18.288780000000003,16.468,31.899666666666665,33.0625,32.36766,37.2269,35.282333333333334,35.64086666666667,34.94916,41.857,32.196083333333334,32.14276666666667,32.29244,31.3842,35.45851666666667,36.91896666666667,35.61266,43.2851,34.19821666666667,34.6834,34.53184,34.75,38.26875,40.34786666666667,39.55014,39.7219,28.748783333333336,29.541833333333333,28.737299999999998,34.038,30.69145,32.3688,31.79868,30.1737,0,,,,,False,2026,,129,Jackson St.,SWAC,-18.7148,340,-11.6308,-88
Monte Ross,monte ross,2026,198,North Carolina A&T,CAA,4,2,0.25806451612903225,-14.3126,-15.676233333333334,-14.3126,-10.2217,-2.7044,-0.21050000000000013,-2.7044,6.0217,-10.1861,0.5,0.25,0.5,-21.0,311.75,275,0.0,0.0,0.0,0.0,0.0,-1.8516499999999998,-2.477175,68.247875,68.5277,68.247875,68.5607,141.25,118.0,141.25,116,46.4191,46.79893333333333,46.4191,50.6722,16.3698,15.917433333333333,16.3698,18.5704,28.147624999999998,27.67016666666667,28.147624999999998,31.7256,37.4047,35.82203333333333,37.4047,42.2535,52.6819,52.98326666666667,52.6819,52.9412,14.7097,15.099133333333333,14.7097,14.095,30.494325,31.336566666666666,30.494325,28.6422,32.205025,32.310399999999994,32.205025,37.455,30.690849999999998,30.0894,30.690849999999998,31.5686,33.859925,34.783766666666665,33.859925,32.6504,34.973025,35.022866666666665,34.973025,36.5931,40.253524999999996,37.93063333333333,40.253524999999996,38.0552,26.205175,26.481033333333333,26.205175,23.3559,32.9526,30.897166666666667,32.9526,31.6796,0,,,,,False,2026,,198,North Carolina A&T,CAA,-11.0731,290,6.0217,63
Montez Robinson,montez robinson,2021,286,Tennessee Martin,OVC,6,2,0.4301675977653631,-17.3194,-19.809633333333334,-17.872660000000003,-10.5036,-0.5316333333333333,-2.6593,-1.10168,6.9007,-5.7677,0.5,0.16666666666666666,0.3333333333333333,11.666666666666666,325.6666666666667,285,0.0,0.0,0.0,0.0,0.0,-7.99885,6.740916666666667,67.40633333333334,67.73723333333334,67.79174,67.3834,210.66666666666666,192.66666666666666,193.0,220,46.74483333333333,46.18273333333334,46.97022,45.5882,21.3387,21.87863333333333,21.38064,21.0063,30.05248333333333,28.829800000000002,29.09386,28.7059,32.480666666666664,29.962999999999997,31.284499999999998,28.2805,51.96616666666667,53.8102,52.161559999999994,57.3333,18.42605,18.9201,18.64232,20.6289,31.457916666666666,30.873199999999997,31.369639999999997,32.9184,38.286833333333334,36.702933333333334,38.00546,36.4706,32.46778333333334,32.8917,32.79898,33.1924,36.24426666666667,36.764,36.65832,35.6712,34.5203,34.50966666666667,34.040839999999996,37.4312,36.69886666666667,37.196133333333336,36.91676,42.7451,30.440833333333334,31.931866666666668,31.153460000000003,31.9106,29.223166666666668,29.065833333333334,28.994080000000004,34.2473,0,,,,,False,2021,,286,Tennessee Martin,OVC,-21.0,347,-5.192,-14
Morris Scott,morris scott,2018,270,Southern,SWAC,1,1,0.45454545454545453,-15.5138,-15.5138,-15.5138,-15.5138,0.098,0.098,0.098,0.098,0.098,1.0,0.0,0.0,4.0,326.0,326,0.0,0.0,0.0,0.0,0.0,-11.2388,6.616,67.9716,67.9716,67.9716,67.9716,187.0,187.0,187.0,187,44.3354,44.3354,44.3354,44.3354,19.3407,19.3407,19.3407,19.3407,32.9156,32.9156,32.9156,32.9156,41.5031,41.5031,41.5031,41.5031,48.7562,48.7562,48.7562,48.7562,17.3973,17.3973,17.3973,17.3973,30.149,30.149,30.149,30.149,37.5898,37.5898,37.5898,37.5898,33.1959,33.1959,33.1959,33.1959,27.1861,27.1861,27.1861,27.1861,34.5257,34.5257,34.5257,34.5257,35.5445,35.5445,35.5445,35.5445,23.1211,23.1211,23.1211,23.1211,29.6924,29.6924,29.6924,29.6924,0,,,,,False,2018,,270,Southern,SWAC,-15.5138,326,0.098,4
Murray Garvin,murray garvin,2021,264,South Carolina St.,MEAC,6,1,0.33707865168539325,-18.805083333333332,-20.675833333333333,-20.67046,-9.4782,-1.2564666666666666,-0.5549333333333334,-1.96944,2.3084,-7.8583,0.5,0.0,0.16666666666666666,5.5,329.3333333333333,268,0.0,0.0,0.0,0.0,0.0,-7.6671499999999995,5.689266666666666,68.7368,68.6751,68.96115999999999,71.6491,151.5,158.33333333333334,142.2,40,47.022983333333336,46.072366666666674,46.46024,44.9029,19.759816666666666,21.719866666666665,20.317439999999998,23.9296,29.193783333333332,29.4582,29.21964,26.2463,34.6261,35.588,34.594319999999996,27.767,54.3556,54.88833333333334,55.09426,55.5717,19.1572,20.296966666666666,19.49366,22.6257,32.016333333333336,30.561333333333334,32.133359999999996,33.4489,37.63721666666667,38.096833333333336,37.41632,35.6589,31.760383333333333,30.7967,31.397399999999998,31.8653,31.78141666666667,32.73786666666667,32.138780000000004,37.4757,35.26161666666667,35.41603333333333,35.390859999999996,36.0963,36.9218,36.9779,36.8448,36.2403,25.731399999999997,26.147966666666665,26.022039999999997,33.4846,28.885499999999997,28.7848,28.667719999999996,28.6422,0,,,,,False,2021,,264,South Carolina St.,MEAC,-25.2343,353,0.3747,2
Nate Champion,nate champion,2026,370,Le Moyne,NEC,3,1,0.40625,-14.4664,-14.4664,-14.4664,-10.9426,3.237666666666667,3.237666666666667,3.237666666666667,12.1272,-5.5914,0.6666666666666666,0.3333333333333333,0.3333333333333333,26.666666666666668,318.3333333333333,299,0.0,0.0,0.0,0.0,0.0,-8.958266666666667,-0.8733000000000001,68.5783,68.5783,68.5783,69.5751,122.66666666666667,122.66666666666667,122.66666666666667,69,51.434733333333334,51.434733333333334,51.434733333333334,52.652,18.5505,18.5505,18.5505,19.1133,24.837133333333338,24.837133333333338,24.837133333333338,25.1734,34.1524,34.1524,34.1524,39.4517,51.51723333333333,51.51723333333333,51.51723333333333,49.2773,16.3969,16.3969,16.3969,14.9643,30.58383333333333,30.58383333333333,30.58383333333333,29.0517,32.43983333333333,32.43983333333333,32.43983333333333,32.6552,33.72560000000001,33.72560000000001,33.72560000000001,34.3066,43.21790000000001,43.21790000000001,43.21790000000001,40.8224,35.462700000000005,35.462700000000005,35.462700000000005,36.0324,41.33846666666667,41.33846666666667,41.33846666666667,39.6681,34.4615,34.4615,34.4615,31.4451,34.74146666666667,34.74146666666667,34.74146666666667,34.9629,0,,,,,False,2026,,370,Le Moyne,NEC,-11.755,299,3.1772,40
Nate James,nate james,2023,19,Austin Peay,ASun,2,1,0.35,-12.32175,-12.32175,-12.32175,-10.8303,-3.90975,-3.90975,-3.90975,1.5747,-9.3942,0.5,0.0,0.5,-44.5,307.5,291,0.0,0.0,0.0,0.0,0.0,-2.2084,3.6348,64.6395,64.6395,64.6395,64.6385,311.5,311.5,311.5,310,46.435249999999996,46.435249999999996,46.435249999999996,46.2916,19.389200000000002,19.389200000000002,19.389200000000002,17.4465,27.74695,27.74695,27.74695,25.974,25.9354,25.9354,25.9354,26.1471,53.6071,53.6071,53.6071,54.676,20.167,20.167,20.167,19.391,31.075200000000002,31.075200000000002,31.075200000000002,31.7912,36.549549999999996,36.549549999999996,36.549549999999996,37.0073,30.9865,30.9865,30.9865,31.1582,41.46855,41.46855,41.46855,38.5292,33.80945,33.80945,33.80945,34.4106,36.10115,36.10115,36.10115,35.1369,34.53705,34.53705,34.53705,32.1729,27.4482,27.4482,27.4482,26.5007,0,,,,,False,2023,,19,Austin Peay,ASun,-13.8132,324,-9.3942,-105
Nate Oats,nate oats,2026,4,Alabama,SEC,11,2,0.6963350785340314,18.039145454545455,26.841033333333332,24.875,30.345,4.03,3.8120999999999996,2.83024,10.5932,-3.9363,0.8181818181818182,0.45454545454545453,0.0,16.0,43.81818181818182,4,0.5454545454545454,0.6363636363636364,0.8181818181818182,0.8181818181818182,4.7272727272727275,9.272490909090909,7.177318181818182,73.00382727272728,73.57383333333333,73.04607999999999,72.8654,12.818181818181818,6.666666666666667,7.0,5,53.07793636363636,56.049033333333334,54.31836,55.2336,17.524363636363635,15.197833333333334,16.81016,13.1154,32.86129090909091,33.678133333333335,34.10292,32.3944,35.20353636363637,36.871100000000006,36.02532,35.9862,47.77610909090909,48.88216666666667,47.54634,49.167,17.0509,13.816866666666668,15.0417,12.7713,29.621463636363636,31.102666666666664,30.339980000000004,32.8348,35.46126363636363,34.67603333333333,34.2853,32.0283,34.57699090909091,36.142833333333336,34.5632,35.828,45.19030909090909,49.12146666666666,48.44674,54.3253,31.828645454545452,31.963099999999997,31.58682,33.8045,34.73588181818182,35.7089,34.56602,35.3603,35.651754545454544,38.10596666666667,37.09502,42.2932,27.434318181818185,27.9379,27.387240000000002,29.7307,0,,,,,False,2026,,4,Alabama,SEC,27.2167,12,6.1716,11
Nathan Davis,nathan davis,2026,189,New Hampshire,AE,11,2,0.4807121661721068,-6.938163636363637,-16.124566666666666,-15.316579999999998,9.384,-1.071290909090909,-2.5528666666666666,-2.79036,10.8508,-8.7599,0.2727272727272727,0.18181818181818182,0.2727272727272727,-2.6363636363636362,236.1818181818182,76,0.0,0.0,0.18181818181818182,0.18181818181818182,3.1818181818181817,-5.2945090909090915,-8.536454545454545,69.58478181818181,68.85703333333333,68.18482,67.5098,97.9090909090909,126.0,142.8,178,51.04471818181818,47.23266666666667,49.1607,46.6687,18.171245454545456,17.3979,18.33658,16.5357,25.227263636363638,25.558066666666665,24.79148,25.7196,32.923109090909094,28.245433333333335,27.9843,28.5114,50.81951818181819,52.78043333333333,52.6662,53.4461,16.825618181818182,16.3657,15.657720000000001,15.81,27.749000000000002,27.957066666666666,27.77072,26.898,32.34467272727273,32.09473333333333,29.37908,35.8396,34.27788181818182,31.336866666666666,33.2128,30.5014,40.21610909090909,42.5274,40.433260000000004,43.0972,34.26315454545455,32.995200000000004,34.53138,34.2954,35.299181818181815,38.35496666666666,37.836079999999995,36.9048,32.97276363636364,35.116733333333336,34.006240000000005,35.209,29.167163636363636,29.414533333333335,31.024720000000002,28.3442,0,,,,,False,2026,,189,New Hampshire,AE,-20.7105,349,-3.3241,6
Nicholas McDevitt,nicholas mcdevitt,2026,170,Middle Tennessee,CUSA,11,2,0.5280898876404494,-1.4851363636363637,-1.779466666666667,1.57516,8.2227,-0.3028363636363634,-1.3709,2.9123,18.2587,-10.5503,0.5454545454545454,0.36363636363636365,0.45454545454545453,-7.363636363636363,187.1818181818182,92,0.0,0.0,0.09090909090909091,0.09090909090909091,2.090909090909091,-0.1397454545454546,4.012545454545454,68.02817272727272,66.64913333333334,66.76902,65.8395,165.0909090909091,229.0,213.2,270,49.90816363636363,49.506933333333336,50.220780000000005,51.568,19.226263636363637,18.107633333333332,18.51096,17.1249,28.70660909090909,29.8258,30.272879999999997,30.6785,32.42644545454545,33.3268,32.7216,32.7219,50.981618181818185,49.77786666666666,49.64088,50.9501,18.97161818181818,15.562133333333334,17.76118,14.9527,28.34429090909091,29.2299,29.21956,28.4861,33.48571818181818,32.18116666666666,33.519400000000005,35.6888,33.83437272727272,32.1325,32.7652,33.812,38.639736363636366,42.3586,41.03938,45.3254,33.75409090909091,33.09723333333333,33.32692,33.9496,35.62818181818182,33.581466666666664,34.40414,35.3325,32.064136363636365,33.473366666666664,32.6315,36.4618,28.573245454545454,26.9824,27.614300000000004,28.0037,0,,,,,False,2026,,170,Middle Tennessee,CUSA,-0.4977,175,0.3812,-16
Nick Robinson,nick robinson,2016,273,Southern Utah,BSky,1,1,0.2,-20.3029,-20.3029,-20.3029,-20.3029,-11.2118,-11.2118,-11.2118,-11.2118,-11.2118,0.0,0.0,1.0,-44.0,342.0,342,0.0,0.0,0.0,0.0,0.0,-4.1692,3.697,68.2073,68.2073,68.2073,68.2073,158.0,158.0,158.0,158,49.2967,49.2967,49.2967,49.2967,18.7678,18.7678,18.7678,18.7678,23.922,23.922,23.922,23.922,35.422,35.422,35.422,35.422,57.6603,57.6603,57.6603,57.6603,17.3909,17.3909,17.3909,17.3909,31.1791,31.1791,31.1791,31.1791,45.0,45.0,45.0,45.0,36.3636,36.3636,36.3636,36.3636,34.4629,34.4629,34.4629,34.4629,42.2,42.2,42.2,42.2,32.0513,32.0513,32.0513,32.0513,30.3876,30.3876,30.3876,30.3876,27.4859,27.4859,27.4859,27.4859,0,,,,,False,2016,,273,Southern Utah,BSky,-20.3029,342,-11.2118,-44
Niko Medved,niko medved,2026,172,Minnesota,B10,11,4,0.5945205479452055,7.946472727272728,14.894533333333333,12.96912,17.6063,4.227072727272727,4.318433333333333,2.6314599999999997,9.6704,-1.9301,0.8181818181818182,0.5454545454545454,0.0,38.18181818181818,100.63636363636364,36,0.0,0.2727272727272727,0.5454545454545454,0.2727272727272727,2.6363636363636362,3.9091818181818185,-0.13891818181818175,66.43107272727273,64.83296666666666,65.1751,62.4035,238.1818181818182,300.6666666666667,282.0,363,53.844890909090914,54.50503333333334,54.62702,53.8506,17.56647272727273,16.3701,16.20506,16.5346,25.202836363636365,26.1477,23.985120000000002,26.7565,33.651636363636364,33.0688,31.729059999999997,35.7846,50.58629090909091,49.604733333333336,50.2182,51.8832,17.806963636363637,16.754833333333334,17.32196,16.8682,26.895745454545455,27.422733333333337,26.89144,29.5455,29.3617,30.58026666666667,29.3833,26.8559,35.2141,34.460033333333335,34.909839999999996,34.1104,41.24779090909091,42.7501,41.26218,47.1917,33.593436363636364,33.5943,33.84134,34.6509,40.12053636363636,37.695433333333334,40.03212,41.4301,32.93428181818182,33.13956666666667,32.4975,36.4351,33.16109090909091,31.394066666666664,33.4233,34.9115,0,,,,,False,2026,,172,Minnesota,B10,10.0623,82,-1.1661,-9
Nolan Smith,nolan smith,2026,287,Tennessee St.,OVC,1,1,0.696969696969697,-2.0495,-2.0495,-2.0495,-2.0495,4.316,4.316,4.316,4.316,4.316,1.0,0.0,0.0,49.0,191.0,191,0.0,0.0,0.0,1.0,15.0,-7.7404,5.3547,70.5479,70.5479,70.5479,70.5479,28.0,28.0,28.0,28,50.0,50.0,50.0,50.0,16.6864,16.6864,16.6864,16.6864,34.7826,34.7826,34.7826,34.7826,33.3512,33.3512,33.3512,33.3512,51.6282,51.6282,51.6282,51.6282,19.8268,19.8268,19.8268,19.8268,30.572,30.572,30.572,30.572,41.4446,41.4446,41.4446,41.4446,33.3333,33.3333,33.3333,33.3333,30.7239,30.7239,30.7239,30.7239,33.9934,33.9934,33.9934,33.9934,35.8792,35.8792,35.8792,35.8792,24.5081,24.5081,24.5081,24.5081,27.4423,27.4423,27.4423,27.4423,0,,,,,False,2026,,287,Tennessee St.,OVC,-2.0495,191,4.316,49
Orlando Antigua,orlando antigua,2017,267,South Florida,Amer,2,1,0.23809523809523808,-8.88715,-8.88715,-8.88715,-6.4938,-5.8622,-5.8622,-5.8622,-5.1657,-6.5587,0.0,0.0,1.0,-61.5,265.0,238,0.0,0.0,0.0,0.0,0.0,2.7901,-4.6147,67.7393,67.7393,67.7393,68.7536,192.5,192.5,192.5,137,46.5479,46.5479,46.5479,47.7124,22.67785,22.67785,22.67785,23.46,32.62235,32.62235,32.62235,30.597,31.85245,31.85245,31.85245,30.6595,49.1441,49.1441,49.1441,51.0435,16.6801,16.6801,16.6801,19.0942,33.2024,33.2024,33.2024,33.9107,37.8537,37.8537,37.8537,40.1159,31.59725,31.59725,31.59725,34.5924,27.49755,27.49755,27.49755,29.8871,35.7813,35.7813,35.7813,39.6333,39.15535,39.15535,39.15535,41.1014,22.98735,22.98735,22.98735,26.838,33.8463,33.8463,33.8463,37.7181,0,,,,,False,2017,,267,South Florida,Amer,-11.2805,292,-6.5587,-69
Otis Hughley,otis hughley,2025,5,Alabama A&M,SWAC,3,1,0.37,-16.446966666666665,-16.446966666666665,-16.446966666666665,-11.6214,-1.7301333333333335,-1.7301333333333335,-1.7301333333333335,1.7066,-7.8566,0.6666666666666666,0.0,0.3333333333333333,3.0,332.0,312,0.0,0.0,0.0,0.0,0.0,-8.124066666666666,2.8048,70.00636666666666,70.00636666666666,70.00636666666666,71.2333,66.0,66.0,66.0,22,46.51123333333334,46.51123333333334,46.51123333333334,45.098,21.927900000000005,21.927900000000005,21.927900000000005,21.9384,31.762833333333333,31.762833333333333,31.762833333333333,33.9115,40.54306666666667,40.54306666666667,40.54306666666667,38.5813,50.93613333333334,50.93613333333334,50.93613333333334,54.3014,20.631500000000003,20.631500000000003,20.631500000000003,20.9948,33.7561,33.7561,33.7561,34.6473,44.54036666666667,44.54036666666667,44.54036666666667,46.6748,31.3766,31.3766,31.3766,30.7906,33.72253333333333,33.72253333333333,33.72253333333333,41.5802,36.012166666666666,36.012166666666666,36.012166666666666,39.0244,38.11396666666666,38.11396666666666,38.11396666666666,37.5229,26.592033333333333,26.592033333333333,26.592033333333333,33.1343,30.707666666666668,30.707666666666668,30.707666666666668,31.0747,0,,,,,False,2025,,5,Alabama A&M,SWAC,-23.3581,360,-7.8566,-21
Pat Baldwin,pat baldwin,2022,171,Milwaukee,Horz,5,1,0.3825503355704698,-9.01878,-10.327666666666666,-9.01878,-3.1071,-4.7905,-6.880999999999999,-4.7905,4.8699,-22.3803,0.4,0.0,0.2,-40.2,262.8,196,0.0,0.0,0.0,0.0,0.0,-4.4962,-2.05378,67.58294000000001,68.71683333333334,67.58294000000001,66.8467,189.6,131.66666666666666,189.6,196,48.593,48.006233333333334,48.593,47.663,17.9503,17.893266666666666,17.9503,19.5661,26.242340000000002,26.460966666666668,26.242340000000002,25.8702,29.50316,30.527066666666666,29.50316,27.9862,50.527879999999996,50.30780000000001,50.527879999999996,47.5053,17.50432,18.083233333333332,17.50432,14.8531,27.734280000000002,28.8659,27.734280000000002,30.1358,34.32544,35.99706666666667,34.32544,29.1401,32.8488,32.1533,32.8488,31.9468,36.91158,36.66583333333333,36.91158,34.6797,35.53076,35.6515,35.53076,33.7596,39.767700000000005,38.766799999999996,39.767700000000005,41.5074,30.77814,29.999633333333332,30.77814,28.8144,33.618739999999995,32.7828,33.618739999999995,35.8047,0,,,,,False,2022,,171,Milwaukee,Horz,-17.0413,335,-22.3803,-215
Pat Chambers,pat chambers,2026,89,Florida Gulf Coast,ASun,9,2,0.5284280936454849,5.1925,-4.669933333333334,0.55576,19.185,0.48711111111111105,-2.9958666666666667,0.007199999999999829,6.2269,-7.5254,0.5555555555555556,0.1111111111111111,0.1111111111111111,-3.888888888888889,129.33333333333334,19,0.1111111111111111,0.3333333333333333,0.4444444444444444,0.1111111111111111,1.1111111111111112,3.311522222222222,0.01668888888888893,67.29544444444444,65.67786666666667,66.83102,67.6019,200.55555555555554,267.6666666666667,216.6,171,50.2562,52.570166666666665,51.692499999999995,51.9878,16.983355555555555,16.5947,16.52668,15.9157,29.497722222222226,30.23183333333333,29.311259999999997,31.1034,29.97707777777778,26.47706666666667,27.72298,29.052,49.96141111111111,52.12126666666666,50.68148,53.4128,17.709877777777777,15.484666666666667,16.46788,16.4969,28.197411111111112,27.636433333333333,27.86374,28.2051,32.99986666666667,32.42406666666667,31.437099999999997,38.299,34.32541111111111,34.96876666666667,34.51126,33.2005,37.66834444444444,37.93853333333333,39.66098,38.3792,34.98385555555555,35.49686666666667,34.47384,35.446,38.055,44.0816,41.25444,46.1538,31.8014,32.14556666666667,33.376580000000004,30.5998,32.32862222222222,36.81276666666667,34.50914,36.3126,0,,,,,False,2026,,89,Florida Gulf Coast,ASun,-6.5748,244,-3.4983,-60
Pat Duquette,pat duquette,2026,308,UMass Lowell,AE,11,1,0.49557522123893805,-7.652581818181818,-6.5791,-4.68018,3.0397,-1.1405727272727273,-4.053266666666667,-1.28448,4.4577,-10.0942,0.45454545454545453,0.0,0.09090909090909091,-4.0,250.9090909090909,134,0.0,0.0,0.0,0.0,0.0,-6.601536363636364,-3.2698545454545456,70.0042,69.4009,68.87501999999999,69.2186,77.0909090909091,80.0,98.4,82,52.127418181818186,51.603166666666674,51.27746,49.8007,19.346645454545456,18.09766666666667,18.52552,18.0025,28.71059090909091,30.295699999999997,31.16936,32.7103,34.57224545454545,35.52183333333333,33.37588,34.9089,51.39106363636363,50.796,49.645759999999996,53.5069,17.615336363636363,14.800466666666665,16.74626,14.1794,29.582190909090908,28.860233333333337,28.68306,29.3542,32.519245454545455,26.786199999999997,29.358500000000003,28.3288,34.383590909090906,32.88516666666666,33.3195,32.2404,34.449518181818185,31.6699,31.614839999999997,31.2642,34.52378181818182,33.1329,34.11767999999999,34.5853,34.82648181818182,34.47513333333333,33.895920000000004,35.0137,27.611681818181818,24.2777,24.95746,24.6747,28.590427272727275,28.449366666666666,28.83458,28.5407,0,,,,,False,2026,,308,UMass Lowell,AE,-14.6288,320,-4.7387,-25
Pat Kelsey,pat kelsey,2026,150,Louisville,ACC,11,3,0.7254901960784313,7.672854545454545,17.939,13.587100000000001,24.5674,5.070736363636364,3.938,7.1221000000000005,14.9606,0.4411,1.0,0.45454545454545453,0.0,40.54545454545455,109.27272727272727,19,0.09090909090909091,0.18181818181818182,0.2727272727272727,0.6363636363636364,7.2727272727272725,-1.7970545454545457,1.7226,71.50814545454546,69.68586666666666,70.67116,69.715,36.27272727272727,67.66666666666667,46.8,62,53.241699999999994,54.000633333333326,52.68886,56.5462,18.067781818181817,15.775599999999999,16.97306,16.7855,31.478599999999997,32.777166666666666,33.722899999999996,32.8086,34.04950909090909,31.360700000000005,31.4421,33.13,49.43572727272727,49.855533333333334,49.738659999999996,48.7357,18.20908181818182,17.132099999999998,17.96438,16.705,26.411572727272723,26.9596,26.26988,27.454,32.4626,29.783966666666668,30.387220000000003,32.9676,35.219609090909096,34.50463333333334,34.0921,36.0248,45.14019090909091,49.20713333333333,46.511199999999995,52.886,33.03097272727273,33.625933333333336,33.03044,32.2854,36.48842727272727,38.731033333333336,36.668099999999995,39.4561,36.38529090909091,38.79246666666666,36.9108,41.3021,29.72052727272727,32.32463333333333,30.08118,31.5603,0,,,,,False,2026,,150,Louisville,ACC,24.5674,19,0.4411,-5
Pat Skerry,pat skerry,2026,297,Towson,CAA,11,1,0.5689655172413793,0.19144545454545464,1.0686666666666667,3.55244,10.9086,0.3924454545454545,-1.1694666666666667,1.9959600000000002,17.3946,-8.8533,0.45454545454545453,0.09090909090909091,0.18181818181818182,2.090909090909091,165.9090909090909,75,0.0,0.0,0.09090909090909091,0.0,0.0,-2.1459272727272727,-0.5284545454545456,65.01717272727272,63.228199999999994,63.84349999999999,63.501,298.72727272727275,350.6666666666667,331.4,347,48.49221818181818,47.26546666666667,48.8917,46.5197,17.819554545454544,16.523833333333332,17.18606,15.897,35.79268181818182,37.023,36.488260000000004,35.9966,34.511745454545455,31.178133333333335,31.43206,30.4463,49.60273636363636,49.2272,48.84144,48.5099,17.137963636363637,16.452033333333333,17.29862,15.1656,27.51538181818182,28.06996666666667,27.47928,29.0812,33.987590909090905,30.569733333333335,30.63014,29.3046,32.92553636363636,31.838166666666666,33.56646,29.376,32.54120909090909,35.394866666666665,35.78394,34.9097,34.00283636363636,32.76116666666667,32.6045,30.9333,40.27843636363636,39.0111,39.67842,41.3907,26.655054545454547,29.263566666666666,30.131700000000002,26.9804,33.21132727272727,31.958466666666666,32.441199999999995,32.7375,0,,,,,False,2026,,297,Towson,CAA,0.8611,157,-0.0237,-15
Patrick Crarey,patrick crarey,2026,103,Grambling St.,SWAC,2,2,0.4375,-12.6337,-12.6337,-12.6337,-11.6512,1.6560000000000001,1.6560000000000001,1.6560000000000001,4.2506,-0.9386,0.5,0.0,0.0,21.0,307.5,298,0.0,0.0,0.0,0.0,0.0,-7.71115,10.7123,67.49934999999999,67.49934999999999,67.49934999999999,67.6328,180.0,180.0,180.0,170,49.723200000000006,49.723200000000006,49.723200000000006,48.8074,20.93105,20.93105,20.93105,21.2113,28.9998,28.9998,28.9998,30.2913,38.911100000000005,38.911100000000005,38.911100000000005,41.1449,50.709649999999996,50.709649999999996,50.709649999999996,50.0,18.07735,18.07735,18.07735,20.7926,32.19995,32.19995,32.19995,32.4663,39.929050000000004,39.929050000000004,39.929050000000004,40.0,32.975750000000005,32.975750000000005,32.975750000000005,32.3438,42.37245,42.37245,42.37245,38.1634,33.43385,33.43385,33.43385,32.67,35.82385,35.82385,35.82385,35.1604,32.9304,32.9304,32.9304,29.0187,27.711350000000003,27.711350000000003,27.711350000000003,26.7542,0,,,,,False,2026,,103,Grambling St.,SWAC,-11.6512,298,-0.9386,6
Patrick Ewing,patrick ewing,2023,97,Georgetown,BE,6,1,0.4076086956521739,5.584849999999999,2.933566666666667,5.2146799999999995,12.9084,-4.4215,-6.205100000000001,-5.285819999999999,3.8374,-11.9232,0.16666666666666666,0.0,0.5,-43.833333333333336,119.66666666666667,63,0.0,0.0,0.6666666666666666,0.16666666666666666,2.5,9.032,-3.9299,70.13596666666668,69.50383333333333,70.07172,68.7817,70.16666666666667,81.33333333333333,71.2,100,49.094483333333336,47.56653333333333,48.55604,47.0786,19.21065,19.257099999999998,18.91114,17.4544,31.015066666666666,31.099,30.9657,28.8703,33.24288333333333,29.649266666666666,32.222719999999995,29.1107,51.31773333333333,52.0471,51.415499999999994,53.5732,17.039566666666666,16.68936666666667,17.03832,15.8515,27.94785,28.938566666666663,28.330959999999997,30.0347,27.1831,25.968100000000003,26.961959999999998,24.4378,34.71613333333333,33.8568,34.345439999999996,30.8848,34.911833333333334,35.3042,34.88342,30.9721,35.799166666666665,36.57153333333333,35.99664,38.9381,40.53853333333333,40.31546666666667,40.68902,39.5302,29.62291666666667,30.758300000000002,29.77728,24.9438,35.589283333333334,36.02816666666667,35.93294,36.96,0,,,,,False,2023,,97,Georgetown,BE,-3.6295,219,-10.5295,-117
Patrick Sellers,patrick sellers,2026,44,Central Connecticut,NEC,5,1,0.5159235668789809,-11.52248,-7.320833333333334,-11.52248,-1.8728,2.4883800000000003,4.2985999999999995,2.4883800000000003,8.837,-1.8337,0.6,0.2,0.0,36.0,286.8,180,0.0,0.0,0.0,0.0,0.0,-10.097280000000001,-2.51898,65.38684,66.03323333333333,65.38684,65.1006,285.4,263.6666666666667,285.4,305,49.62656,51.356366666666666,49.62656,51.642,17.720499999999998,16.71983333333333,17.720499999999998,16.2455,27.25908,27.186666666666667,27.25908,27.475,28.50996,30.037966666666666,28.50996,31.2299,50.34888,49.179300000000005,50.34888,50.2105,16.988319999999998,16.545166666666667,16.988319999999998,13.9559,28.5074,27.51673333333333,28.5074,30.4303,25.547,24.1632,25.547,26.8791,33.676919999999996,33.830733333333335,33.676919999999996,35.7934,35.9938,35.02256666666667,35.9938,34.9002,33.81918,32.948366666666665,33.81918,33.3844,38.60064,38.841633333333334,38.60064,39.2664,30.423719999999996,28.44526666666667,30.423719999999996,29.4534,32.85926,33.15403333333333,32.85926,32.4566,0,,,,,False,2026,,44,Central Connecticut,NEC,-12.6842,307,-0.7074,8
Paul Cormier,paul cormier,2016,63,Dartmouth,Ivy,1,1,0.35714285714285715,-5.9911,-5.9911,-5.9911,-5.9911,-2.148,-2.148,-2.148,-2.148,-2.148,0.0,0.0,0.0,-7.0,234.0,234,0.0,0.0,0.0,0.0,0.0,-3.5203,-7.0898,67.4744,67.4744,67.4744,67.4744,208.0,208.0,208.0,208,47.5115,47.5115,47.5115,47.5115,20.7648,20.7648,20.7648,20.7648,32.6804,32.6804,32.6804,32.6804,38.3104,38.3104,38.3104,38.3104,52.6625,52.6625,52.6625,52.6625,20.9253,20.9253,20.9253,20.9253,29.7539,29.7539,29.7539,29.7539,42.2545,42.2545,42.2545,42.2545,34.3182,34.3182,34.3182,34.3182,28.8147,28.8147,28.8147,28.8147,35.1027,35.1027,35.1027,35.1027,40.3873,40.3873,40.3873,40.3873,24.2117,24.2117,24.2117,24.2117,31.8158,31.8158,31.8158,31.8158,0,,,,,False,2016,,63,Dartmouth,Ivy,-5.9911,234,-2.148,-7
Paul Corsaro,paul corsaro,2025,128,IU Indy,Horz,1,1,0.3125,-12.9789,-12.9789,-12.9789,-12.9789,8.8545,8.8545,8.8545,8.8545,8.8545,1.0,1.0,0.0,49.0,312.0,312,0.0,0.0,0.0,0.0,0.0,-3.226,-3.0694,65.042,65.042,65.042,65.042,307.0,307.0,307.0,307,50.4214,50.4214,50.4214,50.4214,15.6755,15.6755,15.6755,15.6755,30.5689,30.5689,30.5689,30.5689,34.1361,34.1361,34.1361,34.1361,57.0474,57.0474,57.0474,57.0474,15.9358,15.9358,15.9358,15.9358,33.5946,33.5946,33.5946,33.5946,35.0547,35.0547,35.0547,35.0547,36.7684,36.7684,36.7684,36.7684,47.3209,47.3209,47.3209,47.3209,37.2578,37.2578,37.2578,37.2578,40.7655,40.7655,40.7655,40.7655,41.3054,41.3054,41.3054,41.3054,32.4675,32.4675,32.4675,32.4675,0,,,,,False,2025,,128,IU Indy,Horz,-12.9789,312,8.8545,49
Paul Lusk,paul lusk,2018,177,Missouri St.,MVC,3,1,0.4897959183673469,0.5644333333333331,0.5644333333333331,0.5644333333333331,4.8058,-0.5689333333333333,-0.5689333333333333,-0.5689333333333333,2.137,-3.1712,0.3333333333333333,0.0,0.0,-8.333333333333334,159.33333333333334,120,0.0,0.0,0.0,0.0,0.0,0.9268666666666666,-2.3849,66.85633333333332,66.85633333333332,66.85633333333332,65.4776,235.0,235.0,235.0,309,48.8263,48.8263,48.8263,49.3637,18.144333333333332,18.144333333333332,18.144333333333332,17.4848,31.3313,31.3313,31.3313,33.0986,33.4806,33.4806,33.4806,27.3065,49.789233333333335,49.789233333333335,49.789233333333335,47.5477,16.167833333333334,16.167833333333334,16.167833333333334,14.7985,26.160133333333334,26.160133333333334,26.160133333333334,25.829,32.50233333333333,32.50233333333333,32.50233333333333,30.4087,33.70516666666666,33.70516666666666,33.70516666666666,32.8967,35.03633333333333,35.03633333333333,35.03633333333333,36.4263,35.218066666666665,35.218066666666665,35.218066666666665,33.4808,35.87356666666667,35.87356666666667,35.87356666666667,36.9482,29.353733333333334,29.353733333333334,29.353733333333334,30.3627,30.761133333333333,30.761133333333333,30.761133333333333,31.6892,0,,,,,False,2018,,177,Missouri St.,MVC,4.8058,120,-0.6726,-21
Paul Mills,paul mills,2026,342,Wichita St.,Amer,9,2,0.5578231292517006,2.062377777777778,5.058533333333333,5.4343200000000005,11.654,2.2302444444444447,1.3627333333333336,2.1688400000000003,9.4822,-4.8422,0.4444444444444444,0.4444444444444444,0.0,15.0,154.0,72,0.0,0.0,0.2222222222222222,0.2222222222222222,3.0,0.4643666666666667,6.3078666666666665,68.70453333333333,67.9622,68.88025999999999,66.9014,131.11111111111111,152.0,106.4,210,51.35017777777778,49.25733333333333,51.42998,49.4077,16.02901111111111,16.3419,15.10478,14.9284,29.935899999999997,33.9532,30.59346,38.0104,27.8944,32.4528,28.90842,35.9909,50.59942222222222,48.54806666666667,49.06758,47.2249,15.841766666666665,15.360133333333332,15.238900000000001,15.7119,28.554444444444446,28.75746666666667,27.73514,28.7651,29.429555555555552,30.40426666666666,27.546999999999997,34.3062,34.683344444444444,32.22506666666666,34.09728,33.5128,37.811366666666665,31.268133333333335,37.18444,33.8497,34.50057777777778,32.6009,33.296679999999995,31.5202,36.756455555555554,36.7054,36.890879999999996,34.3062,32.14447777777778,24.9902,31.05026,27.5037,31.148088888888893,30.354,31.425,27.3608,0,,,,,False,2026,,342,Wichita St.,Amer,11.5518,73,9.4822,55
Paul Sather,paul sather,2026,201,North Dakota,Sum,7,1,0.4080717488789238,-9.716914285714285,-7.8801,-10.4265,-5.4822,0.17708571428571437,0.5669000000000001,0.3245000000000001,5.705,-5.7832,0.5714285714285714,0.14285714285714285,0.14285714285714285,11.428571428571429,271.42857142857144,231,0.0,0.0,0.0,0.0,0.0,-2.6843142857142857,0.3439285714285714,67.66072857142856,67.73656666666666,67.52926,67.2328,174.57142857142858,168.66666666666666,169.6,190,49.6339,49.775133333333336,49.5038,49.4465,16.810042857142857,15.244233333333334,15.991399999999999,14.0722,27.508185714285712,30.6674,28.871280000000002,27.4194,33.41457142857143,34.53306666666666,32.51828,37.8492,54.41444285714285,55.1641,55.056799999999996,56.5328,15.846428571428572,16.5543,15.76616,19.3605,27.47762857142857,29.059366666666666,28.056900000000002,32.3643,32.14958571428571,35.44863333333333,32.976060000000004,43.7783,33.0535,32.49753333333333,33.056380000000004,32.6848,41.53232857142857,40.8118,42.24408,40.6431,37.04555714285714,36.46723333333333,36.726839999999996,37.0712,35.24728571428572,39.1374,36.79176,42.8733,33.53861428571428,32.16363333333333,34.43578,31.8316,29.4768,31.398833333333332,30.16168,33.0848,0,,,,,False,2026,,201,North Dakota,Sum,-9.8443,279,2.0971,35
Paul Weir,paul weir,2021,190,New Mexico,MWC,5,2,0.5548387096774193,0.7165999999999999,-3.6099,0.7165999999999999,7.891,-0.46296000000000015,-5.717333333333333,-0.46296000000000015,8.3424,-6.7333,0.4,0.4,0.4,-12.4,162.0,84,0.0,0.0,0.2,0.2,2.8,0.7076,-2.20746,70.32794,70.78886666666666,70.32794,67.7361,97.0,82.66666666666667,97.0,195,50.361180000000004,48.54966666666667,50.361180000000004,43.9289,19.3618,20.16946666666667,19.3618,21.6113,30.09596,29.626333333333335,30.09596,31.9843,37.46598,36.47083333333333,37.46598,32.8708,52.01052,52.462799999999994,52.01052,53.0969,19.80632,19.318966666666668,19.80632,19.8043,29.47088,29.317466666666665,29.47088,29.6687,34.46822,32.39086666666667,34.46822,35.7271,32.909180000000006,31.296833333333336,32.909180000000006,26.8012,39.413740000000004,36.87963333333334,39.413740000000004,30.0954,34.7096,35.007266666666666,34.7096,34.8684,36.31136,39.274166666666666,36.31136,40.9336,30.799919999999997,28.554100000000002,30.799919999999997,22.4638,29.59444,32.4647,29.59444,32.7835,0,,,,,False,2021,,190,New Mexico,MWC,-11.8603,294,-6.7333,-77
Penny Collins,penny collins,2025,287,Tennessee St.,OVC,7,1,0.4537037037037037,-9.918557142857143,-9.088700000000001,-10.110339999999999,-7.2142,0.38847142857142863,0.1316333333333333,0.10946,5.0288,-4.26,0.42857142857142855,0.14285714285714285,0.0,8.857142857142858,282.57142857142856,252,0.0,0.0,0.0,0.0,0.0,-6.411728571428571,-2.152028571428571,69.61977142857143,69.96953333333333,69.72380000000001,70.5937,85.42857142857143,64.66666666666667,77.8,39,49.894085714285715,50.34286666666666,49.42448,51.349,20.901357142857144,19.401600000000002,19.78954,21.1457,29.01307142857143,29.7713,28.75006,33.7761,35.125457142857144,38.18236666666667,35.53596,41.3892,49.970285714285716,49.15083333333333,49.69622,48.8154,19.12065714285714,18.198566666666668,19.2849,17.4006,29.46242857142857,30.233566666666665,29.988279999999996,30.2792,43.12397142857143,41.998466666666666,41.9206,39.2837,32.99001428571428,33.0319,32.51268,32.6496,36.5909,36.7788,35.63276,33.5821,33.91594285714286,33.287200000000006,33.51318,33.4356,36.01451428571429,34.90016666666667,35.88224,35.9229,29.168642857142856,28.655666666666665,28.095260000000003,25.1096,27.99441428571429,27.11883333333333,27.878120000000003,28.9253,0,,,,,False,2025,,287,Tennessee St.,OVC,-7.2142,252,3.3827,50
Penny Hardaway,penny hardaway,2026,164,Memphis,Amer,8,1,0.6679389312977099,13.3354625,9.5014,12.85248,19.1063,-2.0571625,-6.4813,-4.42754,6.3674,-12.1416,0.375,0.125,0.25,-10.0,56.625,20,0.25,0.375,0.875,0.375,3.25,6.2071125,5.1659500000000005,71.491325,70.93543333333334,70.76714,70.2297,29.75,28.0,31.0,37,51.5075375,51.65279999999999,52.06197999999999,48.7029,20.0890375,18.74106666666667,19.3983,18.8875,33.6716,34.669466666666665,34.52036,35.2694,36.678325,36.75376666666667,36.69868,34.6897,46.8475125,49.101333333333336,48.12286,48.769,20.170925,18.865033333333333,19.564079999999997,18.5835,31.14315,33.85726666666667,33.02738,35.6478,35.156075,35.2887,34.69036,42.3782,34.55955,34.729800000000004,35.004360000000005,31.571,34.086237499999996,35.279,33.06816,33.6724,30.939262499999998,32.2922,31.92938,30.5455,40.9868625,42.292366666666666,42.52332,43.2163,27.4623875,28.311433333333337,26.590160000000004,26.049,32.104662499999996,33.175000000000004,33.64662,30.8068,0,,,,,False,2026,,164,Memphis,Amer,2.8163,133,-12.1416,-81
Phil Cunningham,phil cunningham,2026,148,Louisiana Monroe,SB,5,2,0.38650306748466257,-7.521940000000001,-9.653566666666666,-7.521940000000001,2.0427,-1.7004000000000001,-4.613133333333333,-1.7004000000000001,7.8323,-7.5201,0.2,0.2,0.2,-1.2,239.2,137,0.0,0.0,0.0,0.2,3.0,-2.0296399999999997,-1.9294799999999999,68.39098,68.48663333333333,68.39098,70.1839,150.8,140.33333333333334,150.8,39,49.51404,50.05846666666667,49.51404,47.7848,17.890620000000002,18.2821,17.890620000000002,16.9263,27.837619999999998,26.431833333333334,27.837619999999998,25.1351,36.44364,34.7188,36.44364,38.7802,52.19212,53.2956,52.19212,57.087,16.91226,16.401300000000003,16.91226,15.6638,31.40234,31.8278,31.40234,35.4746,31.98916,30.696299999999997,31.98916,27.6707,33.078340000000004,33.056466666666665,33.078340000000004,32.2359,41.20182,42.7003,41.20182,41.9448,35.81318,36.23173333333333,35.81318,36.8681,38.58762,39.199333333333335,38.58762,42.2616,32.751940000000005,33.7672,32.751940000000005,32.7755,32.636019999999995,33.253166666666665,32.636019999999995,35.0254,0,,,,,False,2026,,148,Louisiana Monroe,SB,-21.1017,352,-4.9082,-2
Phil Johnson,phil johnson,2018,322,UTEP,CUSA,1,1,0.3548387096774194,-6.4923,-6.4923,-6.4923,-6.4923,-6.1684,-6.1684,-6.1684,-6.1684,-6.1684,0.0,0.0,1.0,-73.0,240.0,240,0.0,0.0,0.0,0.0,0.0,-1.1363,-2.5557,67.5858,67.5858,67.5858,67.5858,206.0,206.0,206.0,206,49.2823,49.2823,49.2823,49.2823,17.81,17.81,17.81,17.81,19.141,19.141,19.141,19.141,30.9809,30.9809,30.9809,30.9809,50.5565,50.5565,50.5565,50.5565,17.3286,17.3286,17.3286,17.3286,26.9944,26.9944,26.9944,26.9944,36.4968,36.4968,36.4968,36.4968,33.1269,33.1269,33.1269,33.1269,38.6364,38.6364,38.6364,38.6364,35.3933,35.3933,35.3933,35.3933,41.7106,41.7106,41.7106,41.7106,32.1966,32.1966,32.1966,32.1966,35.2119,35.2119,35.2119,35.2119,0,,,,,False,2018,,322,UTEP,CUSA,-6.4923,240,-6.1684,-73
Phil Martelli,phil martelli,2019,245,Saint Joseph's,A10,4,1,0.5227272727272727,4.393675,0.7364333333333336,4.393675,15.3654,-3.18235,-6.625133333333333,-3.18235,7.146,-7.626,0.25,0.25,0.75,-47.0,133.0,43,0.0,0.25,0.25,0.25,2.0,2.315775,1.97935,69.42385,69.17193333333334,69.42385,68.5408,106.75,116.33333333333333,106.75,127,48.6432,47.803866666666664,48.6432,48.0185,14.654775,14.781066666666666,14.654775,13.4127,25.870775000000002,25.074066666666667,25.870775000000002,21.9553,35.9375,35.43796666666667,35.9375,31.6521,50.168025,50.85523333333333,50.168025,51.6684,16.52965,16.663066666666666,16.52965,15.6995,25.32505,25.159066666666664,25.32505,24.4387,27.3145,28.078500000000002,27.3145,27.1047,32.7584,32.76956666666667,32.7584,32.2209,37.2029,37.728966666666665,37.2029,44.7247,33.9169,34.8602,33.9169,35.9721,44.0323,44.88346666666666,44.0323,44.0965,29.9141,30.8567,29.9141,36.0825,37.376425,38.49503333333333,37.376425,38.6733,0,,,,,False,2019,,245,Saint Joseph's,A10,-1.8899,189,-7.626,-84
Phil Martelli Jr.,phil martelli jr,2026,326,VCU,A10,3,2,0.6826923076923077,5.813666666666666,5.813666666666666,5.813666666666666,17.436,2.3901666666666666,2.3901666666666666,2.3901666666666666,3.7232,0.0509,1.0,0.0,0.0,22.333333333333332,121.33333333333333,42,0.0,0.3333333333333333,0.3333333333333333,0.6666666666666666,8.666666666666666,-1.0313,0.9186,71.83493333333332,71.83493333333332,71.83493333333332,68.5653,41.333333333333336,41.333333333333336,41.333333333333336,115,51.676899999999996,51.676899999999996,51.676899999999996,53.6325,15.753433333333334,15.753433333333334,15.753433333333334,15.1143,28.627466666666667,28.627466666666667,28.627466666666667,31.6416,33.92333333333333,33.92333333333333,33.92333333333333,42.0228,47.401633333333336,47.401633333333336,47.401633333333336,48.9916,16.662466666666667,16.662466666666667,16.662466666666667,16.9936,29.951466666666665,29.951466666666665,29.951466666666665,30.0229,32.20226666666667,32.20226666666667,32.20226666666667,32.833,33.98676666666667,33.98676666666667,33.98676666666667,36.3341,38.7721,38.7721,38.7721,43.7797,32.072,32.072,32.072,33.0214,35.4647,35.4647,35.4647,35.0844,31.0181,31.0181,31.0181,34.5361,29.0154,29.0154,29.0154,28.6765,0,,,,,False,2026,,326,VCU,A10,17.436,42,3.7232,18
Phillip Shumpert,phillip shumpert,2023,198,North Carolina A&T,CAA,1,1,0.40625,-13.0201,-13.0201,-13.0201,-13.0201,-4.4311,-4.4311,-4.4311,-4.4311,-4.4311,0.0,0.0,0.0,-46.0,319.0,319,0.0,0.0,0.0,0.0,0.0,-4.2398,4.747,69.8367,69.8367,69.8367,69.8367,45.0,45.0,45.0,45,47.4037,47.4037,47.4037,47.4037,17.5071,17.5071,17.5071,17.5071,24.6765,24.6765,24.6765,24.6765,30.0467,30.0467,30.0467,30.0467,50.5863,50.5863,50.5863,50.5863,15.6926,15.6926,15.6926,15.6926,30.2239,30.2239,30.2239,30.2239,28.5315,28.5315,28.5315,28.5315,32.5145,32.5145,32.5145,32.5145,40.3734,40.3734,40.3734,40.3734,33.5745,33.5745,33.5745,33.5745,38.5818,38.5818,38.5818,38.5818,34.1426,34.1426,34.1426,34.1426,31.7373,31.7373,31.7373,31.7373,0,,,,,False,2023,,198,North Carolina A&T,CAA,-13.0201,319,-4.4311,-46
Porter Moser,porter moser,2026,217,Oklahoma,SEC,11,2,0.6151761517615176,12.586354545454547,17.3639,16.39626,24.3209,2.050290909090909,2.6073333333333335,0.8651199999999999,10.5716,-6.4157,0.7272727272727273,0.2727272727272727,0.2727272727272727,7.909090909090909,69.54545454545455,10,0.09090909090909091,0.5454545454545454,0.7272727272727273,0.2727272727272727,3.272727272727273,6.239681818181818,-2.666490909090909,65.52493636363637,67.53946666666667,66.56834,66.7346,274.1818181818182,178.33333333333334,221.4,220,54.21161818181818,54.12296666666666,53.90042,54.8998,18.491245454545457,16.5837,18.34374,14.3704,24.772927272727273,29.80796666666667,27.773580000000003,32.7573,33.49762727272727,37.7047,34.12018,35.5457,49.63747272727273,49.82703333333333,49.3706,51.03,19.46830909090909,16.713066666666666,17.1924,15.4609,26.617472727272727,30.30673333333333,28.856360000000002,32.8859,29.402945454545456,33.9086,31.63386,34.9306,36.309400000000004,35.85053333333334,35.46838,36.4658,37.314254545454546,41.23343333333333,40.466899999999995,43.608,33.40359090909091,31.423733333333335,31.453039999999998,34.0733,36.53047272727272,39.324666666666666,36.63268,40.3493,30.58477272727273,32.371833333333335,32.23418,34.9201,30.42019090909091,29.644433333333335,28.26346,32.1466,0,,,,,False,2026,,217,Oklahoma,SEC,18.3736,41,4.4085,17
Preston Spradlin,preston spradlin,2026,132,James Madison,SB,10,2,0.5572755417956656,-3.04672,0.47039999999999993,0.030559999999999983,5.1476,1.1509800000000001,1.3918,1.4676,15.5223,-5.3604,0.4,0.2,0.1,13.4,201.7,116,0.0,0.0,0.0,0.2,2.8,-3.10155,4.56077,66.03274,65.153,64.68262,66.0493,259.2,298.3333333333333,308.2,256,50.6512,52.64986666666667,51.88304000000001,53.137,18.90489,17.122466666666664,18.015439999999998,17.3023,30.51836,31.506600000000002,30.36698,30.629,32.76527,32.3282,32.12146,35.9384,50.2401,48.73956666666667,48.508320000000005,48.9299,16.85487,14.594700000000001,15.308420000000002,12.7223,28.39855,28.815033333333332,28.124540000000003,29.4915,32.13038,35.48336666666666,31.5263,40.7705,34.21515,35.0209,35.1265,35.3627,38.86425,44.271166666666666,42.42856,42.4876,34.09497,33.31956666666667,32.886,32.6788,36.332229999999996,34.94956666666667,33.941559999999996,38.1487,32.00085,36.13656666666667,35.24088,34.2678,30.111439999999998,28.2568,27.95048,29.3574,0,,,,,False,2026,,132,James Madison,SB,-3.9772,215,-5.3604,-79
Quannas White,quannas white,2026,147,Louisiana,SB,1,1,0.3333333333333333,-13.3501,-13.3501,-13.3501,-13.3501,-8.6726,-8.6726,-8.6726,-8.6726,-8.6726,0.0,0.0,1.0,-101.0,315.0,315,0.0,0.0,0.0,0.0,0.0,-4.8362,-2.3015,63.288,63.288,63.288,63.288,352.0,352.0,352.0,352,47.139,47.139,47.139,47.139,16.8339,16.8339,16.8339,16.8339,28.4091,28.4091,28.4091,28.4091,28.7193,28.7193,28.7193,28.7193,52.6144,52.6144,52.6144,52.6144,18.2525,18.2525,18.2525,18.2525,32.1678,32.1678,32.1678,32.1678,45.8111,45.8111,45.8111,45.8111,33.6474,33.6474,33.6474,33.6474,40.4905,40.4905,40.4905,40.4905,35.5738,35.5738,35.5738,35.5738,36.2448,36.2448,36.2448,36.2448,35.6973,35.6973,35.6973,35.6973,27.916,27.916,27.916,27.916,0,,,,,False,2026,,147,Louisiana,SB,-13.3501,315,-8.6726,-101
Quinton Ferrell,quinton ferrell,2026,231,Presbyterian,BSth,7,1,0.3548387096774194,-11.493514285714285,-7.502033333333333,-9.50376,-5.5766,-0.7633285714285715,2.8017333333333334,-0.2939,4.3022,-9.8984,0.5714285714285714,0.0,0.2857142857142857,0.42857142857142855,291.57142857142856,233,0.0,0.0,0.0,0.0,0.0,-4.718871428571428,-3.338128571428572,65.35204285714285,65.40050000000001,64.96428,64.208,291.57142857142856,283.6666666666667,298.2,337,48.989557142857144,51.118066666666664,49.218,50.9515,19.691914285714287,17.505300000000002,18.57196,19.3296,30.149028571428573,29.649266666666666,30.404200000000003,33.0928,34.98524285714286,35.7799,34.81094,39.3493,53.012457142857144,52.301899999999996,52.87411999999999,51.1682,18.581714285714288,17.103466666666666,18.18566,15.7426,28.538657142857144,29.8973,28.7888,30.6499,39.520557142857136,39.355533333333334,39.57298,37.1495,31.555757142857143,33.470666666666666,31.61482,31.5789,34.127185714285716,31.617366666666666,33.551339999999996,27.9926,36.063071428571426,34.7371,36.22158,34.7267,37.288599999999995,35.5864,36.01656,36.3318,26.546,25.256066666666666,26.14822,20.5812,30.131400000000003,27.983166666666666,29.285199999999996,29.562,0,,,,,False,2026,,231,Presbyterian,BSth,-8.8904,269,-0.1396,11
RaShawn Stores,rashawn stores,2023,156,Manhattan,MAAC,1,1,0.4,-11.195,-11.195,-11.195,-11.195,-1.591,-1.591,-1.591,-1.591,-1.591,0.0,0.0,0.0,-25.0,306.0,306,0.0,0.0,0.0,0.0,0.0,-5.634,-5.8964,66.9119,66.9119,66.9119,66.9119,186.0,186.0,186.0,186,49.2279,49.2279,49.2279,49.2279,19.8138,19.8138,19.8138,19.8138,26.6464,26.6464,26.6464,26.6464,31.5009,31.5009,31.5009,31.5009,51.3174,51.3174,51.3174,51.3174,20.5178,20.5178,20.5178,20.5178,34.2186,34.2186,34.2186,34.2186,30.479,30.479,30.479,30.479,32.8767,32.8767,32.8767,32.8767,36.0716,36.0716,36.0716,36.0716,36.755,36.755,36.755,36.755,36.1677,36.1677,36.1677,36.1677,29.8446,29.8446,29.8446,29.8446,32.1273,32.1273,32.1273,32.1273,0,,,,,False,2023,,156,Manhattan,MAAC,-11.195,306,-1.591,-25
Randy Bennett,randy bennett,2026,247,Saint Mary's,WCC,11,1,0.7744565217391305,18.68280909090909,21.341733333333334,20.95794,23.6652,4.568336363636363,5.4237,5.11172,15.4475,-2.6643,0.8181818181818182,0.5454545454545454,0.0,23.181818181818183,29.636363636363637,13,0.45454545454545453,0.9090909090909091,1.0,0.7272727272727273,5.454545454545454,4.075109090909091,0.7513909090909092,62.6486909090909,63.0247,62.853480000000005,64.8944,345.27272727272725,342.3333333333333,345.0,310,53.7505909090909,51.968933333333325,52.125260000000004,52.8993,16.161763636363638,15.949533333333335,16.23178,16.8683,31.816090909090907,38.6514,35.164300000000004,37.2849,29.51199090909091,31.545366666666666,29.991419999999998,35.558,47.445854545454544,46.170500000000004,46.77358,46.828,16.802245454545456,16.0631,17.331200000000003,15.2145,23.10599090909091,23.659599999999998,22.90994,24.1379,27.236609090909095,28.017133333333334,27.81238,25.6989,36.82655454545455,35.41173333333333,35.56204,38.7387,36.68022727272727,35.46893333333333,35.86372,36.4333,32.65250909090909,31.723200000000002,32.568039999999996,31.3953,30.825754545454547,32.652233333333335,31.651760000000003,36.9892,31.33217272727273,29.698933333333333,30.37434,31.5147,26.344563636363635,27.56413333333333,27.10996,31.0494,0,,,,,False,2026,,247,Saint Mary's,WCC,21.8723,26,7.2146,29
Randy Rahe,randy rahe,2022,336,Weber St.,BSky,7,1,0.6063348416289592,-0.9772142857142859,-1.5290333333333337,-1.749,4.9845,0.30847142857142856,1.6222999999999999,0.11554000000000002,15.1375,-8.4979,0.42857142857142855,0.14285714285714285,0.2857142857142857,1.0,181.85714285714286,122,0.0,0.0,0.0,0.14285714285714285,2.142857142857143,-4.209328571428571,1.9796714285714287,68.77658571428572,69.66120000000001,69.52034,69.4902,148.0,103.0,111.0,60,54.046342857142854,52.8807,53.57772,53.5174,17.286785714285713,16.9815,16.8878,16.3285,21.359514285714287,21.275066666666667,20.44878,20.0405,37.39874285714286,33.68353333333334,34.636,37.7907,50.195499999999996,51.46366666666666,50.6736,52.2892,17.083257142857143,18.5991,17.501240000000003,20.24,26.839414285714287,26.1283,26.3976,25.0,28.81634285714286,27.18173333333333,28.829520000000002,26.8565,36.2101,33.7754,35.53434,34.5921,38.24767142857143,36.996633333333335,37.01044,38.4884,35.413985714285715,36.899499999999996,35.39228,38.1295,32.01334285714286,35.55136666666667,34.18224,38.8051,30.607657142857143,28.567466666666665,29.602539999999998,29.4723,28.14744285714286,32.0974,29.81966,35.7625,0,,,,,False,2022,,336,Weber St.,BSky,-0.4782,174,-6.1272,-59
Rashon Burno,rashon burno,2026,208,Northern Illinois,MAC,5,1,0.3116883116883117,-12.97284,-15.655233333333333,-12.97284,-6.5589,-1.6692399999999998,-5.2249,-1.6692399999999998,3.8714,-5.5706,0.4,0.0,0.6,-6.4,306.4,250,0.0,0.0,0.0,0.0,0.0,-2.02916,2.40122,68.15688,68.23253333333334,68.15688,67.5171,136.6,137.0,136.6,177,48.7733,48.162733333333335,48.7733,47.5712,19.24946,18.71013333333333,19.24946,21.6983,25.07488,25.379933333333337,25.07488,30.3393,34.689499999999995,35.34406666666667,34.689499999999995,38.2772,52.6032,53.9116,52.6032,55.5801,17.075499999999998,15.700899999999999,17.075499999999998,16.2608,30.823539999999998,30.628733333333333,30.823539999999998,30.0226,38.67546,38.98316666666667,38.67546,38.2724,32.606139999999996,32.10583333333333,32.606139999999996,30.9353,40.695820000000005,44.420566666666666,40.695820000000005,45.013,35.18602,36.978100000000005,35.18602,36.2876,36.7836,37.022133333333336,36.7836,37.7049,32.93376,35.638866666666665,32.93376,34.7334,29.2483,30.30843333333333,29.2483,29.4837,0,,,,,False,2026,,208,Northern Illinois,MAC,-17.439,334,-5.044,-15
Ray Giacoletti,ray giacoletti,2016,71,Drake,MVC,1,1,0.22580645161290322,-8.5986,-8.5986,-8.5986,-8.5986,-4.0888,-4.0888,-4.0888,-4.0888,-4.0888,0.0,0.0,0.0,-31.0,262.0,262,0.0,0.0,0.0,0.0,0.0,0.0951,-3.0236,65.4341,65.4341,65.4341,65.4341,300.0,300.0,300.0,300,50.662,50.662,50.662,50.662,20.4582,20.4582,20.4582,20.4582,25.5452,25.5452,25.5452,25.5452,33.6066,33.6066,33.6066,33.6066,51.8678,51.8678,51.8678,51.8678,14.6058,14.6058,14.6058,14.6058,27.7992,27.7992,27.7992,27.7992,30.5172,30.5172,30.5172,30.5172,38.2084,38.2084,38.2084,38.2084,34.4893,34.4893,34.4893,34.4893,37.746,37.746,37.746,37.746,32.1264,32.1264,32.1264,32.1264,31.4128,31.4128,31.4128,31.4128,29.0634,29.0634,29.0634,29.0634,0,,,,,False,2016,,71,Drake,MVC,-8.5986,262,-4.0888,-31
Ray Harper,ray harper,2026,131,Jacksonville St.,CUSA,11,2,0.5611111111111111,-0.5091727272727273,-0.40810000000000013,-0.8942400000000001,5.8115,2.8847454545454543,2.196833333333333,0.8337199999999999,11.5012,-5.6428,0.5454545454545454,0.36363636363636365,0.09090909090909091,32.54545454545455,174.72727272727272,108,0.0,0.0,0.0,0.18181818181818182,2.727272727272727,-2.8801454545454543,-1.3566272727272728,65.85807272727273,65.10723333333333,65.19804,65.3955,268.6363636363636,304.0,293.6,288,50.79824545454546,49.231833333333334,50.357060000000004,49.7139,19.224554545454545,17.734933333333334,18.63006,17.0041,31.528136363636364,31.564033333333338,30.46824,29.8298,33.5876,37.3457,35.16984,43.1024,49.91456363636364,49.77746666666667,49.99992,49.6236,17.07478181818182,15.970933333333335,16.2906,16.2241,26.656581818181817,26.56656666666667,26.181240000000003,28.0364,30.26529090909091,33.6918,30.441679999999998,38.7077,34.38085454545455,33.923,35.14414,35.6667,35.93792727272727,34.42516666666666,37.87414,38.1437,34.28181818181818,34.27726666666667,34.076980000000006,33.3333,41.04691818181818,40.69696666666667,43.18614,42.9109,29.714454545454544,28.15856666666667,32.01918,31.6568,34.72086363636364,33.8208,36.14024,33.4148,0,,,,,False,2026,,131,Jacksonville St.,CUSA,-3.2,208,-2.6608,-52
Ray McCallum,ray mccallum,2016,70,Detroit,Horz,1,1,0.5161290322580645,-0.8952,-0.8952,-0.8952,-0.8952,-0.5959,-0.5959,-0.5959,-0.5959,-0.5959,0.0,0.0,0.0,-3.0,173.0,173,0.0,0.0,0.0,0.0,0.0,-0.7646,3.2065,73.6831,73.6831,73.6831,73.6831,11.0,11.0,11.0,11,51.9668,51.9668,51.9668,51.9668,17.8321,17.8321,17.8321,17.8321,32.5069,32.5069,32.5069,32.5069,40.4986,40.4986,40.4986,40.4986,53.6169,53.6169,53.6169,53.6169,17.192,17.192,17.192,17.192,29.4118,29.4118,29.4118,29.4118,46.5278,46.5278,46.5278,46.5278,36.5159,36.5159,36.5159,36.5159,33.0748,33.0748,33.0748,33.0748,35.6013,35.6013,35.6013,35.6013,36.5741,36.5741,36.5741,36.5741,27.4214,27.4214,27.4214,27.4214,27.7549,27.7549,27.7549,27.7549,0,,,,,False,2016,,70,Detroit,Horz,-0.8952,173,-0.5959,-3
Reggie Theus,reggie theus,2026,23,Bethune Cookman,SWAC,8,2,0.3944223107569721,-11.9582125,-9.298766666666667,-12.44232,-6.4695,-0.13911250000000008,2.1044,1.8825800000000001,9.1596,-9.5928,0.5,0.25,0.25,-2.625,295.5,239,0.0,0.0,0.0,0.0,0.0,-5.56215,2.708925,68.9750875,69.40613333333333,68.57563999999999,69.1143,118.0,75.0,114.4,86,47.8203125,48.83076666666667,47.70244,50.9881,18.967025,19.3825,19.240479999999998,19.1948,27.677075,29.3741,28.566160000000004,30.0752,36.4194125,38.3388,35.19786,40.9373,51.114125,49.52553333333333,50.554140000000004,49.7355,18.393225,18.130266666666667,18.800819999999998,15.8233,32.0486375,31.645833333333332,32.099540000000005,31.7266,37.6739,40.07286666666666,38.18352,38.6243,33.1091125,32.30876666666666,33.26836,33.0798,28.790300000000002,31.1104,30.374599999999997,29.7007,35.17955,32.773599999999995,33.40274,32.9073,33.856475,35.085166666666666,35.62858,33.1217,23.69765,24.139833333333332,25.27508,22.5876,27.529062500000002,27.015866666666668,27.743560000000002,25.7286,0,,,,,False,2026,,23,Bethune Cookman,SWAC,-6.4695,240,-0.4039,-4
Reggie Witherspoon,reggie witherspoon,2024,42,Canisius,MAAC,8,1,0.453781512605042,-5.8534875,-7.634566666666667,-7.73874,3.0462,0.41898749999999985,0.5128333333333334,0.24650000000000002,8.0811,-9.7992,0.5,0.125,0.125,3.5,236.75,131,0.0,0.0,0.0,0.0,0.0,-3.8527875000000003,-11.4257375,68.6855625,67.57423333333334,68.65888,66.9426,132.0,167.0,132.2,224,49.628125,47.894733333333335,47.837959999999995,49.5933,18.27315,17.859633333333335,18.14168,19.2267,28.98245,29.70703333333333,28.942020000000003,32.7306,29.5631375,27.518333333333334,28.861199999999997,27.4946,52.04835,51.86093333333333,51.57594,51.2009,19.720175,17.5972,18.97464,16.3121,29.415612499999998,28.277299999999997,28.171039999999998,28.49,32.8712875,29.29086666666667,31.02948,28.0022,32.615587500000004,32.257200000000005,31.32772,32.9323,39.9488125,38.415,38.2369,36.0629,34.143475,33.99086666666667,34.15588,34.3643,33.5814,31.758666666666667,32.4599,31.7686,32.57645,32.43996666666667,31.097860000000004,30.658,26.936475,26.026899999999998,26.568279999999998,26.8097,0,,,,,False,2024,,42,Canisius,MAAC,-8.5432,278,-1.0981,-17
Rex Walters,rex walters,2016,253,San Francisco,WCC,1,1,0.5,-3.7473,-3.7473,-3.7473,-3.7473,-3.0803,-3.0803,-3.0803,-3.0803,-3.0803,0.0,0.0,0.0,-30.0,205.0,205,0.0,0.0,0.0,0.0,0.0,-2.3818,-10.0814,70.4776,70.4776,70.4776,70.4776,62.0,62.0,62.0,62,49.9717,49.9717,49.9717,49.9717,17.7603,17.7603,17.7603,17.7603,33.3935,33.3935,33.3935,33.3935,39.059,39.059,39.059,39.059,51.7445,51.7445,51.7445,51.7445,15.9891,15.9891,15.9891,15.9891,30.1748,30.1748,30.1748,30.1748,35.8469,35.8469,35.8469,35.8469,35.0629,35.0629,35.0629,35.0629,36.0544,36.0544,36.0544,36.0544,38.594,38.594,38.594,38.594,39.2234,39.2234,39.2234,39.2234,30.0135,30.0135,30.0135,30.0135,35.1787,35.1787,35.1787,35.1787,0,,,,,False,2016,,253,San Francisco,WCC,-3.7473,205,-3.0803,-30
Richard Barron,richard barron,2022,155,Maine,AE,4,1,0.21782178217821782,-18.66155,-18.654700000000002,-18.66155,-13.9056,-1.3611250000000001,-0.8017,-1.3611250000000001,2.4474,-5.2393,0.5,0.0,0.25,-2.0,339.5,320,0.0,0.0,0.0,0.0,0.0,-3.16405,2.429375,65.17045,65.54563333333333,65.17045,66.2438,295.5,284.3333333333333,295.5,229,46.704925,46.08703333333333,46.704925,46.8515,22.361275,22.441600000000005,22.361275,19.4171,25.480375000000002,25.343733333333333,25.480375000000002,24.0132,25.006050000000002,24.79286666666667,25.006050000000002,20.397,52.197824999999995,51.17496666666667,52.197824999999995,54.9477,19.19825,19.219333333333335,19.19825,18.3125,29.162875,29.824,29.162875,30.5353,33.793350000000004,32.1912,33.793350000000004,32.8223,30.418225,30.240166666666667,30.418225,31.0284,41.153625,42.258900000000004,41.153625,38.6037,35.074275,33.8791,35.074275,38.6139,41.952425000000005,39.910133333333334,41.952425000000005,35.1916,34.2785,35.3872,34.2785,33.2489,34.118575,32.02643333333334,34.118575,30.5005,0,,,,,False,2022,,155,Maine,AE,-22.0633,354,-5.2393,-21
Richard Pitino,richard pitino,2026,349,Xavier,BE,11,3,0.5537190082644629,10.901636363636364,14.494233333333334,11.293420000000001,17.8258,1.3251909090909089,1.0214999999999999,4.80098,10.8619,-12.1496,0.6363636363636364,0.45454545454545453,0.36363636363636365,5.636363636363637,79.27272727272727,27,0.0,0.45454545454545453,0.7272727272727273,0.36363636363636365,3.272727272727273,8.920245454545455,-0.2047090909090909,70.00791818181818,71.85196666666667,71.62837999999999,70.2905,86.36363636363636,16.666666666666668,17.8,34,49.18058181818182,51.02923333333333,51.02748,51.7994,15.709236363636364,14.538400000000001,15.062299999999999,13.9378,29.211745454545454,30.436233333333334,28.65198,26.5323,35.283863636363634,32.85653333333334,34.0909,28.119,49.63996363636364,50.46356666666667,50.77758,54.142,17.59987272727273,18.352633333333333,18.10668,15.5005,28.653518181818182,27.462766666666667,27.7399,29.5355,31.453481818181817,33.6764,33.0064,32.5937,33.3449,34.415533333333336,34.63274,36.5248,34.01552727272727,34.08846666666667,33.352019999999996,40.595,33.81557272727272,33.0984,33.10276,34.7594,35.02767272727272,37.239733333333334,37.036880000000004,36.8836,27.601627272727274,28.287166666666664,27.53686,35.8469,29.252936363636366,29.701966666666667,29.493900000000004,29.3123,0,,,,,False,2026,,349,Xavier,BE,7.9019,94,-5.5646,-32
Richie Riley,richie riley,2026,262,South Alabama,SB,10,2,0.5825545171339563,-1.79406,-0.9645333333333332,1.18792,7.6542,3.0277600000000002,1.3979666666666668,5.13842,12.7559,-5.9693,0.5,0.4,0.1,33.8,186.5,93,0.0,0.0,0.1,0.0,0.0,-3.28942,-0.9260300000000001,66.94869,65.43476666666668,65.67094,64.6684,221.9,268.6666666666667,259.2,321,51.561099999999996,51.450766666666674,51.824040000000004,52.6149,17.38104,14.571666666666667,15.5184,12.9375,25.89747,25.478399999999997,24.84584,24.9761,33.654849999999996,34.5659,31.330399999999997,38.5057,50.24086,49.7506,48.70052,50.0806,19.29744,18.467066666666668,18.47294,18.0837,31.78617,31.794833333333333,31.02396,31.3243,30.91469,27.866866666666667,28.52182,25.3627,34.334860000000006,33.7542,33.99692,34.4882,38.4842,39.42843333333334,38.15672,36.4943,33.93755,32.684,31.920319999999997,33.1115,42.984320000000004,53.324733333333334,45.45764,64.5889,31.26674,31.284033333333337,30.91786,28.9427,36.00518,44.4377,37.48076,54.0271,0,,,,,False,2026,,262,South Alabama,SB,-2.8318,199,0.1418,-17
Rick Barnes,rick barnes,2026,285,Tennessee,SEC,11,1,0.6798941798941799,21.147763636363635,28.181366666666666,26.687779999999997,30.9286,2.3852727272727274,4.848466666666667,2.93944,8.8064,-7.8724,0.6363636363636364,0.36363636363636365,0.09090909090909091,-0.09090909090909091,28.90909090909091,5,0.6363636363636364,0.7272727272727273,0.9090909090909091,0.7272727272727273,2.4545454545454546,11.648490909090908,3.1835999999999998,66.84400909090908,66.161,66.19452,65.4447,216.36363636363637,238.66666666666666,232.2,287,50.448327272727276,51.70263333333333,51.13064,51.4342,17.2082,15.967,16.747419999999998,17.3414,33.817381818181815,37.46186666666667,36.2529,44.6469,34.8884,35.5694,33.26444,37.4228,46.50758181818182,46.0585,45.4885,47.7903,19.540418181818183,17.454766666666668,19.4965,16.1509,29.5641,28.7659,28.075599999999998,27.8267,34.946872727272726,33.4226,33.10526,36.3423,34.05839090909091,33.872,34.08802,33.425,36.587036363636365,38.8673,39.38118,32.083,31.864372727272727,30.110233333333337,29.63584,30.4712,39.02187272727272,43.520399999999995,42.31626,44.8989,29.588527272727273,30.564566666666664,31.95836,24.9914,31.57788181818182,33.86676666666667,32.76648,33.9161,0,,,,,False,2026,,285,Tennessee,SEC,27.0008,14,1.9562,-5
Rick Byrd,rick byrd,2019,22,Belmont,OVC,4,1,0.734375,8.730025,10.4685,8.730025,14.0926,4.325425,6.423566666666667,4.325425,8.6136,-1.969,0.75,0.5,0.0,24.75,86.0,49,0.0,0.25,0.75,0.25,6.0,-2.0318,3.211325,69.454275,68.74206666666667,69.454275,71.2658,125.75,154.0,125.75,34,57.6869,57.39416666666667,57.6869,57.6108,17.7761,17.273433333333333,17.7761,15.2043,25.657075,25.397566666666666,25.657075,25.2708,30.0881,28.604666666666663,30.0881,28.4729,49.1685,48.64776666666666,49.1685,48.7086,16.38175,16.32626666666667,16.38175,16.042,26.6418,25.2063,26.6418,24.9604,30.7948,28.7076,30.7948,27.4366,36.266675,36.2143,36.266675,36.9663,50.286125,50.251733333333334,50.286125,43.8424,33.768825,33.231,33.768825,34.3706,34.078375,33.8338,34.078375,34.4542,39.69785,40.02976666666667,39.69785,35.7091,28.66775,28.614533333333338,28.66775,30.5149,0,,,,,False,2019,,22,Belmont,OVC,14.0926,49,8.6136,57
Rick Cabrera,rick cabrera,2026,212,Northwestern St.,Slnd,3,1,0.3645833333333333,-9.9476,-9.9476,-9.9476,-4.7519,1.9356333333333335,1.9356333333333335,1.9356333333333335,8.4608,-2.2609,0.3333333333333333,0.3333333333333333,0.0,32.333333333333336,276.6666666666667,223,0.0,0.0,0.0,0.0,0.0,-2.1467,7.223366666666667,65.48923333333333,65.48923333333333,65.48923333333333,64.8189,276.6666666666667,276.6666666666667,276.6666666666667,315,48.34706666666667,48.34706666666667,48.34706666666667,48.6227,19.265133333333335,19.265133333333335,19.265133333333335,18.2896,29.693533333333335,29.693533333333335,29.693533333333335,25.9794,36.35496666666666,36.35496666666666,36.35496666666666,40.1666,51.589133333333336,51.589133333333336,51.589133333333336,53.0367,17.592133333333333,17.592133333333333,17.592133333333333,16.8631,33.1294,33.1294,33.1294,32.622,37.00813333333333,37.00813333333333,37.00813333333333,36.3199,33.22443333333334,33.22443333333334,33.22443333333334,33.2075,34.67079999999999,34.67079999999999,34.67079999999999,33.9526,34.7604,34.7604,34.7604,35.4992,38.262433333333334,38.262433333333334,38.262433333333334,37.9435,28.327433333333335,28.327433333333335,28.327433333333335,26.6398,31.020133333333334,31.020133333333334,31.020133333333334,30.727,0,,,,,False,2026,,212,Northwestern St.,Slnd,-10.1974,282,-2.2609,-15
Rick Croy,rick croy,2026,357,Cal Baptist,WAC,8,1,0.5697211155378487,-1.529975,0.9925999999999999,-0.08980000000000003,6.0752,0.8464625,1.6433333333333333,0.7188399999999999,9.423,-3.3016,0.375,0.125,0.0,9.125,184.375,105,0.0,0.0,0.0,0.125,1.625,-3.3585875,-6.0212125,66.739225,65.1869,65.38378,65.9987,220.375,293.6666666666667,273.8,261,49.798825,47.84356666666667,48.49938,48.2929,18.3935125,17.7358,18.33706,17.9284,30.952862500000002,34.478566666666666,32.084320000000005,37.4801,34.4230125,34.149166666666666,34.165800000000004,35.9228,48.6815625,48.55146666666667,48.2718,46.2973,16.127824999999998,16.805166666666665,16.761239999999997,16.9803,27.2402875,27.209433333333333,27.096600000000002,27.1686,33.86125,33.455533333333335,32.68748,36.6132,34.49555,32.67836666666667,32.791360000000005,33.4365,39.2634625,34.318466666666666,37.85992,31.9644,32.72435,32.295,31.82946,29.4599,31.11605,29.92703333333333,31.0409,31.6416,32.6240625,27.99563333333333,30.8137,26.2348,25.154775,23.9072,24.69212,23.4987,0,,,,,False,2026,,357,Cal Baptist,WAC,6.0752,105,9.423,87
Rick Pitino,rick pitino,2026,277,St. John's,BE,8,3,0.7509727626459144,17.7932125,24.212833333333332,18.586180000000002,27.1702,6.5252875,5.741666666666667,6.39068,9.8067,2.9655,1.0,0.75,0.0,33.0,50.875,7,0.625,0.625,0.875,0.625,4.625,5.2092875,1.4868875000000001,68.5479875,69.60183333333333,69.32773999999999,69.4559,130.375,69.33333333333333,76.4,72,50.93715,50.385866666666665,50.70232,51.0512,16.771825,15.1516,15.70902,14.4639,35.3818,37.2592,35.0387,35.2248,33.0438,32.6198,32.82034,40.2103,46.533775,47.65323333333333,47.16738,47.5137,19.9525625,19.6652,19.756520000000002,19.1198,29.386,30.022466666666663,30.101139999999997,29.9183,35.8609375,32.264900000000004,32.30738,31.7518,33.9849125,32.55336666666667,33.41254,33.4994,33.21495,32.91146666666667,33.35884,35.173,31.34905,32.2948,31.368779999999997,31.3103,35.739025,36.58136666666667,35.520179999999996,33.0748,26.9916375,25.916,26.77774,26.9539,28.4564125,29.982533333333333,28.537920000000003,26.4261,0,,,,,False,2026,,277,St. John's,BE,27.1702,13,3.693,3
Rick Ray,rick ray,2020,268,Southeast Missouri St.,OVC,5,1,0.32903225806451614,-12.891900000000001,-13.111600000000001,-12.891900000000001,-5.8699,-2.42486,-1.9571666666666667,-2.42486,5.9893,-12.2421,0.4,0.2,0.4,2.8,294.4,228,0.0,0.0,0.0,0.0,0.0,-4.35128,-1.7169599999999998,68.75244,68.13726666666666,68.75244,67.5691,143.0,169.33333333333334,143.0,218,49.43822,50.54486666666667,49.43822,46.9678,19.05488,19.275366666666667,19.05488,19.6121,26.150239999999997,25.84613333333333,26.150239999999997,25.8588,34.42632,33.7558,34.42632,34.3441,54.38266,54.19546666666667,54.38266,54.721,18.7391,17.745266666666666,18.7391,18.6115,29.258139999999997,28.84443333333333,29.258139999999997,28.8725,34.67902,34.1752,34.67902,34.58,34.72874,36.00306666666666,34.72874,32.0856,37.00882,39.19726666666667,37.00882,34.7153,35.75614,35.7101,35.75614,36.8852,39.41924,39.36536666666667,39.41924,37.4004,31.459300000000002,33.93436666666667,31.459300000000002,28.3019,31.6341,31.665766666666666,31.6341,31.006,0,,,,,False,2020,,268,Southeast Missouri St.,OVC,-19.0018,340,-7.9698,-42
Rick Stansbury,rick stansbury,2023,340,Western Kentucky,CUSA,7,1,0.6096491228070176,4.625842857142858,4.4431,4.817880000000001,14.4457,-0.7847000000000003,-4.4799,-3.83906,19.5567,-7.6694,0.14285714285714285,0.14285714285714285,0.2857142857142857,-8.857142857142858,127.42857142857143,47,0.0,0.14285714285714285,0.2857142857142857,0.0,1.0,1.0767285714285715,1.5994714285714287,67.74345714285714,67.84833333333334,67.91844,67.5111,178.42857142857142,160.0,164.8,165,51.17407142857143,50.9435,50.790380000000006,49.6045,18.146714285714285,18.372866666666667,18.49484,17.0581,27.721657142857143,27.596999999999998,27.56826,25.9225,36.231928571428575,32.986266666666666,35.28984,32.2599,50.20502857142857,50.21383333333333,49.95626,50.671,18.321928571428572,18.886433333333333,18.8959,18.0005,28.680485714285712,28.5287,28.94786,30.9672,22.8098,21.455533333333335,22.19682,25.5502,34.51038571428571,34.918,34.15244,34.3214,33.595642857142856,35.13406666666666,34.789640000000006,36.2147,35.06184285714286,36.04146666666667,34.51816,36.2245,39.83887142857143,41.616899999999994,40.80824,42.0827,27.08028571428571,29.19113333333333,27.914740000000002,30.5556,35.94147142857143,38.85673333333333,36.58602,38.3957,0,,,,,False,2023,,340,Western Kentucky,CUSA,-0.1364,173,-7.6694,-74
Ritchie McKay,ritchie mckay,2026,142,Liberty,CUSA,11,1,0.6943699731903485,4.614554545454546,6.609733333333334,7.63926,14.5395,2.3944727272727273,-0.7376666666666667,-0.37058,9.5468,-6.5022,0.6363636363636364,0.2727272727272727,0.09090909090909091,20.0,128.27272727272728,48,0.0,0.09090909090909091,0.45454545454545453,0.36363636363636365,4.454545454545454,-3.6454545454545455,-0.5339545454545455,63.67355454545454,64.8167,64.90126000000001,64.1446,327.72727272727275,317.3333333333333,305.4,338,55.22156363636363,57.066966666666666,56.427459999999996,59.1263,16.603445454545454,14.990533333333332,15.77816,13.3851,21.9539,20.93166666666667,22.0529,19.2771,29.11903636363636,29.453166666666664,28.577319999999997,31.3585,49.653454545454544,49.974333333333334,49.4731,52.6566,18.4023,17.004266666666666,17.40874,17.0537,24.984827272727273,28.849500000000003,25.920299999999997,33.0426,32.215118181818184,27.79296666666667,28.48462,27.0134,36.98748181818182,37.68620000000001,37.490320000000004,38.6449,46.480881818181814,47.55323333333333,48.199,47.696,33.65875454545455,32.89463333333333,33.26966,37.7099,37.944,34.5795,36.28612,36.6331,39.188190909090906,40.119,40.79958,39.3191,31.375645454545452,28.384866666666667,30.293060000000004,33.1247,0,,,,,False,2026,,142,Liberty,CUSA,4.6467,116,-2.5171,-16
Rob Ehsan,rob ehsan,2026,119,Illinois Chicago,MVC,6,2,0.5628140703517588,1.51705,1.2013999999999998,2.32474,6.3213,0.2925833333333335,1.1817333333333335,2.1605800000000004,5.8051,-9.0474,0.6666666666666666,0.16666666666666666,0.16666666666666666,-6.333333333333333,153.66666666666666,109,0.0,0.0,0.0,0.0,0.0,-0.76055,-2.9783000000000004,66.75818333333333,67.20023333333334,66.8974,66.5768,230.33333333333334,202.33333333333334,221.4,230,51.177166666666665,50.202200000000005,51.15472,49.8194,18.838533333333334,19.09476666666667,18.61608,17.6288,31.563883333333333,32.70086666666666,31.88632,36.2694,34.05173333333333,35.47116666666667,33.30908,36.2229,50.186883333333334,50.46016666666666,50.27232,50.4831,17.752416666666665,17.924433333333337,17.852700000000002,19.6766,27.244249999999997,28.04856666666667,27.07026,31.9716,30.061066666666665,30.8499,30.18968,33.9238,33.14998333333333,32.450799999999994,32.94724,31.6038,33.61241666666667,33.8903,33.89364,32.8173,34.17125,33.94126666666667,34.15968,33.4104,41.60776666666667,41.13013333333333,42.37994,46.4305,26.39375,26.265500000000003,26.59984,24.7131,35.01153333333333,33.998333333333335,35.560500000000005,36.8779,0,,,,,False,2026,,119,Illinois Chicago,MVC,5.4434,110,3.8952,25
Rob Jeter,rob jeter,2026,273,Southern Utah,WAC,7,3,0.4312796208530806,-6.546042857142857,-8.111433333333332,-7.91924,5.2024,1.2940571428571432,-2.0484666666666667,-1.02026,8.2535,-8.5072,0.7142857142857143,0.2857142857142857,0.14285714285714285,8.428571428571429,244.42857142857142,114,0.0,0.0,0.0,0.0,0.0,-1.8408285714285715,-0.4264999999999999,69.09042857142857,69.68893333333334,69.25188,70.3011,107.28571428571429,63.666666666666664,85.4,32,49.17727142857143,48.638,49.128879999999995,50.7463,17.579214285714283,19.620733333333334,17.99178,20.2987,28.249814285714283,28.94243333333333,28.54576,28.7698,34.43201428571429,35.161,33.25938,33.1343,52.528914285714286,51.8964,52.3923,53.2485,16.04957142857143,15.635633333333333,16.132939999999998,14.7759,28.094942857142858,32.8828,29.58584,33.5871,31.745657142857144,31.671300000000002,30.7755,29.8322,32.14458571428572,30.95386666666667,31.45546,32.9966,37.639228571428575,34.33453333333333,36.336619999999996,35.4627,36.38211428571429,35.2082,35.38466,37.9817,30.713214285714287,28.1169,29.941399999999998,29.5073,29.489985714285716,25.972733333333334,28.147879999999997,28.0401,26.25207142857143,23.597800000000003,25.05614,26.3471,0,,,,,False,2026,,273,Southern Utah,WAC,-7.2396,252,0.8879,17
Rob Krimmel,rob krimmel,2025,276,Saint Francis,NEC,10,1,0.4560260586319218,-11.24974,-16.911033333333332,-15.7227,-0.3164,-1.7404699999999997,-0.21489999999999987,-3.12202,6.6977,-8.3689,0.4,0.2,0.4,-10.0,284.0,176,0.0,0.0,0.0,0.1,2.4,-7.74242,2.4702200000000003,67.85963000000001,66.9495,67.3416,67.1372,175.4,213.0,191.8,203,49.97395,50.30596666666667,49.133500000000005,51.8083,18.81221,19.742166666666666,19.49168,19.6735,29.54869,27.683966666666667,28.45668,25.0,32.19072,29.784433333333336,30.560840000000002,23.9954,51.936170000000004,52.028866666666666,51.974160000000005,51.1898,17.46857,15.995766666666666,16.9614,16.157,30.326990000000002,30.057366666666667,30.16044,29.9351,28.4748,31.055266666666665,29.63032,27.7988,34.807069999999996,34.45986666666666,33.16132,33.7893,34.947019999999995,37.6199,35.4314,41.9633,34.13339,33.781299999999995,33.714980000000004,32.2459,38.23944,38.442033333333335,38.47178,43.1044,29.78292,32.2051,29.672019999999996,35.1518,31.563959999999998,30.847966666666668,31.12346,33.905,0,,,,,False,2025,,276,Saint Francis,NEC,-12.7572,309,4.3356,42
Rob Lanier,rob lanier,2026,238,Rice,Amer,7,3,0.5165876777251185,1.3812,1.311166666666667,0.9050800000000002,11.1278,-1.0144285714285715,1.6617,-1.3252000000000002,4.6245,-6.5258,0.42857142857142855,0.0,0.42857142857142855,-16.571428571428573,156.85714285714286,72,0.0,0.0,0.14285714285714285,0.14285714285714285,2.2857142857142856,0.6868571428571428,0.7388714285714286,68.4327,66.25763333333333,67.10618,65.5454,151.71428571428572,244.66666666666666,193.0,280,48.83848571428571,49.36693333333333,48.05256,48.5328,17.5239,17.405600000000003,17.363580000000002,17.8762,32.80547142857143,35.7717,33.56932,35.341,33.322271428571426,35.311299999999996,33.873180000000005,33.8895,49.05097142857143,48.65276666666667,49.5359,51.0059,18.523699999999998,16.125833333333333,17.82932,15.6924,31.765414285714286,31.8242,31.38058,34.5296,36.84122857142857,36.79063333333333,35.273939999999996,40.4142,33.716742857142854,34.06753333333333,33.1462,34.2894,37.32745714285714,39.5144,37.695859999999996,44.1312,33.5193,32.73223333333333,34.121359999999996,34.0,37.1494,36.419466666666665,36.76614,35.503,31.287228571428574,32.925466666666665,31.457119999999996,37.7874,30.121100000000002,28.898833333333332,30.334180000000003,27.4933,0,,,,,False,2026,,238,Rice,Amer,-4.9391,225,-2.8463,-57
Rob Murphy,rob murphy,2021,79,Eastern Michigan,MAC,6,1,0.5081967213114754,-1.4201500000000002,-4.4311,-1.9576,2.3084,-2.7962000000000002,-4.861666666666666,-3.7892400000000004,2.169,-11.6709,0.5,0.0,0.3333333333333333,-32.666666666666664,180.83333333333334,143,0.0,0.0,0.0,0.0,0.0,1.89,6.247333333333334,66.89008333333334,65.92983333333333,66.20326,68.0931,225.0,259.0,256.0,178,48.39706666666667,47.1401,48.31738,46.6928,18.781299999999998,19.836466666666666,19.0603,17.0616,29.862099999999998,28.019900000000003,29.611880000000003,24.237,35.19468333333334,34.413199999999996,33.53796,26.9058,51.236066666666666,52.9848,51.371900000000004,58.6538,20.79446666666667,20.762533333333334,20.76918,19.0633,33.589283333333334,32.34843333333333,32.93086,31.6222,36.053000000000004,30.350099999999998,34.68212,28.1674,30.967483333333334,29.039933333333334,30.86264,30.5638,34.6316,36.9793,35.1772,37.7803,35.489399999999996,35.878,35.23608,39.2105,41.47805,43.652800000000006,41.89558,42.9864,26.569233333333333,27.605800000000002,27.22156,30.5638,34.6401,37.03236666666667,34.955,37.0647,0,,,,,False,2021,,79,Eastern Michigan,MAC,-11.4219,289,-11.6709,-134
Rob Senderoff,rob senderoff,2026,136,Kent St.,MAC,11,1,0.6363636363636364,2.3371363636363633,1.3905333333333332,3.38998,11.2,1.0345727272727272,-1.3457999999999999,0.31837999999999994,8.0238,-4.5957,0.5454545454545454,0.2727272727272727,0.0,2.909090909090909,144.45454545454547,78,0.0,0.0,0.09090909090909091,0.18181818181818182,2.4545454545454546,-1.2142454545454546,-0.5866000000000001,67.97546363636364,67.87893333333334,67.47872,70.3005,170.0,166.66666666666666,179.4,33,49.9953,50.25306666666666,50.2733,51.4124,17.774490909090908,17.4991,17.447,17.9817,33.163754545454545,33.8736,32.72936,35.3238,33.029481818181814,35.18136666666667,33.93002,43.5028,50.06538181818182,50.611533333333334,49.6243,52.0833,18.5881,17.6307,18.93466,16.0216,29.124045454545456,28.601366666666667,28.489359999999998,29.2808,35.24092727272727,37.402899999999995,37.33876,39.4547,33.23076363636364,34.062666666666665,33.57672,34.9714,38.34573636363636,40.36293333333333,39.812020000000004,44.9409,33.67695454545455,33.04456666666667,32.355419999999995,34.9642,38.85027272727273,41.64773333333333,41.59442,43.107,30.79927272727273,32.5447,31.901120000000002,34.8784,31.21722727272727,32.08493333333333,31.94436,34.0698,0,,,,,False,2026,,136,Kent St.,MAC,0.6855,161,-1.8752,-36
Rob Summers,rob summers,2026,52,Cleveland St.,Horz,1,1,0.3333333333333333,-14.5946,-14.5946,-14.5946,-14.5946,-7.4901,-7.4901,-7.4901,-7.4901,-7.4901,0.0,0.0,1.0,-65.0,319.0,319,0.0,0.0,0.0,0.0,0.0,-2.1756,3.8906,69.8026,69.8026,69.8026,69.8026,57.0,57.0,57.0,57,54.1618,54.1618,54.1618,54.1618,17.8399,17.8399,17.8399,17.8399,26.973,26.973,26.973,26.973,37.8929,37.8929,37.8929,37.8929,57.177,57.177,57.177,57.177,15.0846,15.0846,15.0846,15.0846,36.5924,36.5924,36.5924,36.5924,35.513,35.513,35.513,35.513,37.5,37.5,37.5,37.5,50.7567,50.7567,50.7567,50.7567,36.1111,36.1111,36.1111,36.1111,44.0191,44.0191,44.0191,44.0191,41.6207,41.6207,41.6207,41.6207,33.7472,33.7472,33.7472,33.7472,0,,,,,False,2026,,52,Cleveland St.,Horz,-14.5946,319,-7.4901,-65
Robert Jones,robert jones,2026,196,Norfolk St.,MEAC,11,1,0.5905292479108635,-6.851972727272727,-7.1000000000000005,-4.66446,-0.4909,0.6929181818181818,-0.7514333333333335,1.6754799999999999,11.6401,-9.3527,0.5454545454545454,0.09090909090909091,0.09090909090909091,16.181818181818183,242.0909090909091,176,0.0,0.0,0.0,0.2727272727272727,5.090909090909091,-8.867700000000001,1.2926727272727272,67.5227,67.03916666666667,66.61014,68.2558,189.27272727272728,206.0,220.4,131,49.54063636363637,50.37153333333333,50.84254,49.2967,19.404854545454544,18.5109,19.08562,18.7031,30.899645454545453,32.2754,32.116200000000006,32.4769,38.25990909090909,41.23563333333333,40.30402,43.5422,49.04497272727272,50.400299999999994,49.46746,51.7208,19.62409090909091,19.895266666666668,19.42806,18.8064,30.643236363636365,32.98206666666667,31.4606,32.286,40.10320909090909,41.362066666666664,38.796,45.3247,34.10343636363636,32.69936666666667,32.974900000000005,34.238,34.7528,30.246,32.34384,30.6266,33.61906363636364,33.428533333333334,32.96632,31.9813,42.87607272727273,43.35763333333333,44.427679999999995,41.6234,28.255872727272727,22.84313333333333,24.5465,24.5264,34.285599999999995,33.3639,34.92604,29.4118,0,,,,,False,2026,,196,Norfolk St.,MEAC,-15.2571,325,-9.3527,-92
Robert McCullum,robert mccullum,2024,87,Florida A&M,SWAC,7,1,0.335,-15.686814285714286,-17.0455,-14.94128,-10.7246,1.4115857142857144,-1.2733666666666668,0.7602,10.4937,-4.4136,0.5714285714285714,0.2857142857142857,0.0,11.142857142857142,322.2857142857143,277,0.0,0.0,0.0,0.0,0.0,-5.917685714285715,10.478342857142858,66.82464285714285,66.25376666666666,67.15835999999999,68.38,222.28571428571428,230.33333333333334,202.4,130,46.95937142857143,46.116566666666664,46.465419999999995,47.5228,21.94135714285714,21.445999999999998,21.8822,21.3571,28.17782857142857,26.671466666666664,28.355539999999998,26.3383,31.556800000000003,29.698333333333334,31.536700000000003,28.0313,50.36035714285714,50.371833333333335,50.084320000000005,51.7891,19.485171428571427,17.619433333333333,19.18804,16.3474,33.164257142857146,33.1977,32.6357,31.7328,39.19291428571428,40.900933333333334,39.53192,39.1714,32.45297142857143,31.97526666666667,31.132179999999998,34.0611,28.9788,30.587033333333334,28.500220000000002,29.8566,32.40168571428571,34.27536666666666,32.370799999999996,35.3345,35.673700000000004,35.51146666666667,35.59482,36.5976,24.635657142857145,26.032166666666665,23.47694,26.6515,27.216,28.549933333333332,27.31488,29.8551,0,,,,,False,2024,,87,Florida A&M,SWAC,-17.6618,338,-1.9904,6
Rod Barnes,rod barnes,2025,37,Cal St. Bakersfield,BW,10,1,0.4840764331210191,-3.5940799999999995,-7.7116,-5.79292,7.2437,0.3865,1.098366666666667,0.8014600000000002,9.3163,-7.4076,0.5,0.2,0.2,0.4,212.9,90,0.0,0.0,0.1,0.1,2.3,-1.68565,0.26663000000000003,65.24352,64.72853333333333,64.44346,66.2361,293.6,304.3333333333333,315.2,247,46.98162,46.6097,46.5165,48.249,19.4011,19.001900000000003,18.926319999999997,18.821,33.71345,32.018166666666666,33.31914,35.6481,32.29293,31.963066666666666,30.44968,34.5192,49.87671,51.765499999999996,51.46473999999999,54.254,20.17288,19.3511,19.74722,18.9162,28.4786,29.763500000000004,28.229840000000003,29.7409,46.2986,45.73603333333333,45.495580000000004,46.9174,32.34545,33.58776666666667,32.56016,37.182,28.395049999999998,26.255499999999998,25.67566,28.4047,34.847660000000005,34.915666666666674,34.97318,35.6612,39.7893,40.06706666666667,40.35822,41.492,23.59583,22.585533333333334,21.75442,25.722,31.25483,30.651033333333334,31.097859999999997,30.9013,0,,,,,False,2025,,37,Cal St. Bakersfield,BW,-6.5495,245,3.0062,47
Rod Strickland,rod strickland,2026,144,LIU,NEC,4,1,0.40476190476190477,-15.7007,-11.095866666666666,-15.7007,-3.9931,-0.5031499999999999,4.2322,-0.5031499999999999,7.6003,-14.7092,0.75,0.5,0.25,31.75,301.75,216,0.0,0.0,0.0,0.25,4.0,-8.581725,1.690075,68.929525,67.7697,68.929525,67.8698,128.5,169.33333333333334,128.5,151,48.1007,48.949333333333335,48.1007,52.7875,20.482425,19.737366666666667,20.482425,18.9072,29.063325000000003,30.52866666666667,29.063325000000003,33.9012,31.190849999999998,31.031899999999997,31.190849999999998,34.0468,50.9864,49.62263333333333,50.9864,50.0494,17.637175,17.9338,17.637175,18.782,29.75395,29.556033333333332,29.75395,32.9805,37.830999999999996,39.74836666666666,37.830999999999996,34.7332,32.2808,32.3744,32.2808,35.8234,29.255775,30.8961,29.255775,29.3181,32.973625,31.51436666666667,32.973625,32.1805,35.53855,35.65633333333333,35.53855,32.8557,24.026725,25.095200000000002,24.026725,24.5634,27.261725,26.398733333333336,27.261725,25.5777,0,,,,,False,2026,,144,LIU,NEC,-3.9931,216,5.037,71
Rodney Billups,rodney billups,2021,68,Denver,Sum,5,1,0.3380281690140845,-9.766860000000001,-14.3977,-9.766860000000001,-1.4114,-4.08942,-5.548666666666667,-4.08942,0.8325,-8.4162,0.2,0.0,0.4,-36.8,270.8,189,0.0,0.0,0.0,0.0,0.0,-2.74066,-3.0502599999999997,68.4308,69.64566666666667,68.4308,70.874,165.4,105.33333333333333,165.4,60,51.25706,49.7014,51.25706,49.8205,20.20926,19.9742,20.20926,20.9496,25.72412,23.053133333333335,25.72412,22.0089,32.813900000000004,32.202333333333335,32.813900000000004,34.1113,53.377959999999995,54.731433333333335,53.377959999999995,55.757,16.6675,17.388833333333334,16.6675,18.9446,24.80626,24.814933333333332,24.80626,26.1157,37.100319999999996,36.478633333333335,37.100319999999996,42.9737,36.5556,34.3747,36.5556,34.8052,32.944100000000006,33.37906666666667,32.944100000000006,34.5601,36.574439999999996,37.8448,36.574439999999996,39.3285,41.12134,41.17026666666666,41.12134,37.806,28.684359999999998,28.230633333333333,28.684359999999998,29.0462,33.542880000000004,34.15663333333333,33.542880000000004,30.8271,0,,,,,False,2021,,68,Denver,Sum,-18.3972,338,-8.0742,-44
Rodney Terry,rodney terry,2025,289,Texas,SEC,9,3,0.589041095890411,8.188122222222223,20.036833333333334,12.38548,24.4345,-0.2517888888888889,-3.0635666666666665,-1.42816,6.2676,-4.2177,0.4444444444444444,0.1111111111111111,0.0,-4.777777777777778,109.44444444444444,5,0.2222222222222222,0.3333333333333333,0.5555555555555556,0.4444444444444444,4.333333333333333,4.897433333333334,-0.36164444444444455,67.9149888888889,67.94596666666666,67.82408000000001,67.5702,173.0,153.33333333333334,175.0,176,50.36403333333333,52.992799999999995,50.76142,52.6367,17.472444444444445,15.853033333333334,16.649340000000002,14.3675,27.37968888888889,29.296766666666667,27.191899999999997,29.7162,34.631188888888886,32.4956,32.080580000000005,36.7683,48.71117777777778,48.36193333333333,48.43716,48.8692,19.444399999999998,19.101866666666666,19.102359999999997,16.3847,27.715633333333333,29.499533333333332,28.08392,29.3745,38.32854444444445,35.560966666666666,36.08274,38.9381,34.442822222222226,35.434599999999996,33.80026,36.1644,34.838911111111116,34.8628,36.32198,35.3169,33.71485555555555,33.23826666666667,32.849219999999995,33.7838,35.56006666666667,34.674733333333336,34.27854000000001,36.3815,28.553199999999997,28.417,29.232799999999997,28.8315,28.844800000000003,28.2818,27.50958,29.5043,0,,,,,False,2025,,289,Texas,SEC,16.9031,47,-3.2097,-29
Roger Powell,roger powell,2026,324,Valparaiso,MVC,3,1,0.40404040404040403,-4.5216,-4.5216,-4.5216,0.6478,4.510800000000001,4.510800000000001,4.510800000000001,9.5584,1.6484,1.0,0.3333333333333333,0.0,55.0,222.66666666666666,163,0.0,0.0,0.0,0.0,0.0,1.1375333333333335,-5.0363999999999995,67.1309,67.1309,67.1309,65.1827,194.66666666666666,194.66666666666666,194.66666666666666,299,47.1672,47.1672,47.1672,47.6255,15.183233333333334,15.183233333333334,15.183233333333334,15.6666,28.198333333333334,28.198333333333334,28.198333333333334,32.4576,31.998700000000003,31.998700000000003,31.998700000000003,39.0718,52.9307,52.9307,52.9307,50.5479,17.112566666666666,17.112566666666666,17.112566666666666,16.9181,29.6315,29.6315,29.6315,30.0363,33.735,33.735,33.735,35.0685,32.71073333333334,32.71073333333334,32.71073333333334,33.871,37.2132,37.2132,37.2132,36.8052,34.38476666666667,34.38476666666667,34.38476666666667,32.1481,36.08753333333333,36.08753333333333,36.08753333333333,36.9863,30.972566666666665,30.972566666666665,30.972566666666665,30.4214,28.70136666666667,28.70136666666667,28.70136666666667,28.3043,0,,,,,False,2026,,324,Valparaiso,MVC,0.6478,163,9.5584,120
Roman Banks,roman banks,2017,270,Southern,SWAC,2,1,0.5441176470588235,-10.7265,-10.7265,-10.7265,-5.7541,-2.205,-2.205,-2.205,2.3366,-6.7466,0.5,0.0,0.5,6.0,277.5,229,0.0,0.0,0.0,0.5,8.0,-10.503900000000002,2.43545,68.7206,68.7206,68.7206,68.5433,139.5,139.5,139.5,153,48.06125,48.06125,48.06125,47.6401,18.0623,18.0623,18.0623,19.8715,31.17355,31.17355,31.17355,34.3575,40.40845,40.40845,40.40845,42.7139,48.04805,48.04805,48.04805,48.2291,18.420450000000002,18.420450000000002,18.420450000000002,17.292,32.4716,32.4716,32.4716,33.7943,38.7603,38.7603,38.7603,37.6314,32.8926,32.8926,32.8926,32.0261,28.390749999999997,28.390749999999997,28.390749999999997,27.0796,32.16525,32.16525,32.16525,32.2204,34.690799999999996,34.690799999999996,34.690799999999996,33.1489,22.668349999999997,22.668349999999997,22.668349999999997,20.8117,27.401,27.401,27.401,26.2823,0,,,,,False,2017,,270,Southern,SWAC,-15.6989,326,-6.7466,-44
Ron Cottrell,ron cottrell,2024,114,Houston Christian,Slnd,9,1,0.3296296296296296,-15.53427777777778,-19.508033333333334,-19.36234,-5.0837,-1.7462444444444445,-1.4956333333333334,-2.5099,5.337,-9.2997,0.3333333333333333,0.1111111111111111,0.3333333333333333,-2.2222222222222223,315.55555555555554,221,0.0,0.0,0.0,0.0,0.0,-4.880744444444444,7.669744444444444,71.93373333333334,70.25313333333332,71.89052,71.4557,37.111111111111114,50.0,34.0,26,49.03745555555556,49.027566666666665,49.230560000000004,46.8632,20.635755555555555,20.971700000000002,21.38336,21.0473,30.891866666666665,29.01946666666667,28.99552,29.7852,38.02706666666667,38.487233333333336,36.33444,37.0138,54.98184444444444,55.577333333333335,55.78576,53.9518,17.67481111111111,16.5037,16.97454,13.6934,30.821766666666665,30.988566666666667,31.224400000000003,33.9718,34.93648888888889,33.2203,32.9232,28.5874,33.45627777777778,32.061733333333336,33.17642,29.5302,33.6927,34.77726666666667,35.42426,28.0427,37.16402222222222,36.8658,36.6618,33.9901,34.579277777777776,33.926066666666664,34.730219999999996,34.1368,27.189566666666664,26.877466666666667,28.44344,21.1538,28.39933333333333,27.719166666666666,28.16248,27.1179,0,,,,,False,2024,,114,Houston Christian,Slnd,-22.4181,355,-0.9489,5
Ron Hunter,ron hunter,2026,299,Tulane,Amer,11,2,0.5568513119533528,2.5790363636363636,0.2568333333333334,2.9585999999999997,7.7946,0.6731999999999999,-2.3854333333333333,-2.15456,9.1391,-8.1279,0.5454545454545454,0.18181818181818182,0.18181818181818182,5.0,141.45454545454547,98,0.0,0.0,0.09090909090909091,0.18181818181818182,2.6363636363636362,1.4372909090909092,-3.6062454545454545,68.54568181818182,68.92603333333334,69.54567999999999,66.9288,155.54545454545453,142.33333333333334,109.8,208,50.91172727272727,51.73616666666667,51.76906,49.3979,16.46910909090909,15.493033333333335,15.3048,15.4282,23.42000909090909,23.3466,21.9009,22.7561,36.50251818181818,41.424533333333336,38.60496,43.5206,49.77903636363636,50.283233333333335,50.17078,50.6897,19.92366363636364,17.291866666666667,18.304679999999998,17.1171,32.08347272727273,33.542433333333335,32.78048,35.8326,33.81420909090909,34.50466666666667,32.31232,38.0902,34.67678181818182,33.78526666666667,34.33242,32.0153,38.69775454545454,40.00423333333333,39.33424,44.9541,33.9491,34.013666666666666,34.369839999999996,34.4692,43.4049,41.7493,42.50204,40.4775,31.418654545454544,30.1057,30.5183,32.6681,35.82782727272727,33.99033333333333,35.55348,32.5898,0,,,,,False,2026,,299,Tulane,Amer,-3.3815,210,-8.1279,-96
Ron Sanchez,ron sanchez,2025,329,Virginia,ACC,6,2,0.47802197802197804,-1.46075,2.8089,0.4783999999999998,5.9292,1.1958666666666666,1.4482666666666664,1.6194199999999999,8.7002,-4.9479,0.5,0.3333333333333333,0.0,15.333333333333334,184.66666666666666,106,0.0,0.0,0.0,0.0,0.0,0.7416999999999999,-2.8304666666666667,63.317366666666665,62.392500000000005,63.07916,61.3445,328.6666666666667,329.6666666666667,329.4,361,51.58041666666667,53.53026666666667,52.277919999999995,52.657,18.8814,16.8573,18.25528,16.3788,22.12646666666667,22.445966666666664,22.117079999999998,22.3602,31.78945,26.405333333333335,30.87966,26.3889,51.05426666666667,51.21306666666667,50.9976,50.8372,17.863883333333334,16.819766666666666,17.85184,15.6689,25.738249999999997,26.548366666666666,25.603679999999997,29.6585,27.13365,26.403233333333333,26.03808,28.7529,34.58193333333333,36.5768,35.28694,37.5176,39.67245,41.27603333333334,39.07712,42.814,33.91406666666666,34.7398,33.588440000000006,34.1282,38.961549999999995,37.66773333333334,38.29526,38.7413,32.530750000000005,35.6387,32.584199999999996,38.4949,32.41583333333333,32.0967,31.79056,32.1479,0,,,,,False,2025,,329,Virginia,ACC,5.0161,106,-4.5038,-19
Ron Verlin,ron verlin,2016,223,Pacific,WCC,1,1,0.2857142857142857,-5.6294,-5.6294,-5.6294,-5.6294,-5.776,-5.776,-5.776,-5.776,-5.776,0.0,0.0,1.0,-68.0,227.0,227,0.0,0.0,0.0,0.0,0.0,1.9398,2.421,66.4575,66.4575,66.4575,66.4575,256.0,256.0,256.0,256,48.9576,48.9576,48.9576,48.9576,19.8246,19.8246,19.8246,19.8246,28.4935,28.4935,28.4935,28.4935,38.4295,38.4295,38.4295,38.4295,50.0697,50.0697,50.0697,50.0697,16.4834,16.4834,16.4834,16.4834,29.5652,29.5652,29.5652,29.5652,49.2683,49.2683,49.2683,49.2683,32.2034,32.2034,32.2034,32.2034,36.9006,36.9006,36.9006,36.9006,36.6224,36.6224,36.6224,36.6224,36.7247,36.7247,36.7247,36.7247,28.804,28.804,28.804,28.804,29.9225,29.9225,29.9225,29.9225,0,,,,,False,2016,,223,Pacific,WCC,-5.6294,227,-5.776,-68
Ronnie Thomas,ronnie thomas,2026,146,Longwood,BSth,1,1,0.5,-8.9389,-8.9389,-8.9389,-8.9389,-3.9279,-3.9279,-3.9279,-3.9279,-3.9279,0.0,0.0,0.0,-50.0,270.0,270,0.0,0.0,0.0,0.0,0.0,-8.4407,-10.7798,68.4899,68.4899,68.4899,68.4899,120.0,120.0,120.0,120,49.7047,49.7047,49.7047,49.7047,19.1029,19.1029,19.1029,19.1029,34.5667,34.5667,34.5667,34.5667,41.3467,41.3467,41.3467,41.3467,53.8057,53.8057,53.8057,53.8057,19.7782,19.7782,19.7782,19.7782,27.7207,27.7207,27.7207,27.7207,42.1411,42.1411,42.1411,42.1411,31.4092,31.4092,31.4092,31.4092,34.7903,34.7903,34.7903,34.7903,33.8171,33.8171,33.8171,33.8171,42.6361,42.6361,42.6361,42.6361,25.2158,25.2158,25.2158,25.2158,31.6147,31.6147,31.6147,31.6147,0,,,,,False,2026,,146,Longwood,BSth,-8.9389,270,-3.9279,-50
Ross Hodge,ross hodge,2026,337,West Virginia,B12,3,2,0.638095238095238,12.268066666666668,12.268066666666668,12.268066666666668,14.6678,2.4825333333333335,2.4825333333333335,2.4825333333333335,3.5396,1.1659,1.0,0.0,0.0,11.333333333333334,66.66666666666667,55,0.0,0.0,1.0,0.0,0.0,5.720300000000001,-0.8373666666666667,61.83186666666666,61.83186666666666,61.83186666666666,62.6881,361.0,361.0,361.0,361,51.15036666666666,51.15036666666666,51.15036666666666,51.5947,17.041566666666668,17.041566666666668,17.041566666666668,16.8118,32.37596666666666,32.37596666666666,32.37596666666666,30.5042,33.08166666666667,33.08166666666667,33.08166666666667,35.0823,47.9443,47.9443,47.9443,48.534,18.9469,18.9469,18.9469,17.775,29.585933333333333,29.585933333333333,29.585933333333333,28.6074,34.95303333333333,34.95303333333333,34.95303333333333,29.2695,35.619,35.619,35.619,33.0539,39.47796666666667,39.47796666666667,39.47796666666667,42.9527,32.871500000000005,32.871500000000005,32.871500000000005,34.2742,37.470866666666666,37.470866666666666,37.470866666666666,38.2716,33.3092,33.3092,33.3092,33.4951,30.485433333333333,30.485433333333333,30.485433333333333,33.2464,0,,,,,False,2026,,337,West Virginia,B12,14.6678,55,2.7421,12
Roy Williams,roy williams,2021,197,North Carolina,ACC,6,1,0.7116279069767442,22.88208333333333,18.554566666666666,21.494,29.8225,0.1499333333333335,-4.648766666666666,-1.7336399999999998,9.5678,-15.1161,0.6666666666666666,0.16666666666666666,0.16666666666666666,-13.666666666666666,23.0,2,0.6666666666666666,0.8333333333333334,1.0,0.8333333333333334,2.1666666666666665,12.4964,5.976166666666667,71.5397,72.06086666666666,71.73964,71.5213,43.666666666666664,38.666666666666664,40.4,43,50.64536666666667,49.198,50.25512,48.3023,17.325683333333334,18.542733333333334,17.7154,20.3475,38.47513333333333,37.1682,38.038439999999994,40.9132,32.07583333333333,32.6199,32.0404,34.1731,48.90331666666666,49.046,49.06554,49.1061,17.747133333333334,17.796366666666668,17.650280000000002,19.0488,25.641183333333334,24.487466666666666,24.78402,26.4045,28.73636666666667,28.154733333333336,28.40398,26.8743,33.75718333333333,32.81406666666667,33.96848,31.8271,30.785349999999998,30.851433333333333,31.59294,27.8751,35.048233333333336,34.0522,34.81082,35.0376,39.8724,41.1293,40.719,38.3506,25.21381666666667,25.123633333333334,26.19738,22.2834,35.441766666666666,35.5354,35.93248,34.4675,0,,,,,False,2021,,197,North Carolina,ACC,18.6195,34,-1.1095,-12
Russ Pennell,russ pennell,2020,43,Central Arkansas,Slnd,5,1,0.3584905660377358,-10.97182,-8.471166666666667,-10.97182,-4.4136,0.6836400000000001,1.7681333333333333,0.6836400000000001,8.6042,-4.1995,0.4,0.2,0.0,17.4,285.4,213,0.0,0.0,0.0,0.0,0.0,-4.61018,6.01002,71.84124,72.11926666666666,71.84124,73.1824,34.0,28.333333333333332,34.0,15,49.79796,49.780633333333334,49.79796,48.5426,19.95992,20.339033333333333,19.95992,22.9823,28.131639999999997,26.834999999999997,28.131639999999997,28.7744,37.582139999999995,36.6905,37.582139999999995,39.8543,52.83842,51.73416666666666,52.83842,52.3847,17.25238,18.2743,17.25238,17.837,30.882240000000003,30.969233333333335,30.882240000000003,28.8812,35.52892,35.644,35.52892,34.7849,35.35116,34.0244,35.35116,31.1724,36.57418,40.2486,36.57418,40.639,37.39262,36.350766666666665,37.39262,37.7809,37.77252,36.392833333333336,37.77252,36.9103,30.56046,32.562999999999995,30.56046,30.2004,32.43534,30.861166666666666,32.43534,32.2542,0,,,,,False,2020,,43,Central Arkansas,Slnd,-9.5625,283,-1.7645,-25
Russell Springmann,russell springmann,2025,220,Oral Roberts,Sum,2,1,0.3114754098360656,-11.946449999999999,-11.946449999999999,-11.946449999999999,-8.8636,-7.94515,-7.94515,-7.94515,-7.1746,-8.7157,0.0,0.0,1.0,-87.0,306.5,283,0.0,0.0,0.0,0.0,0.0,-0.47345,7.25265,67.609,67.609,67.609,67.4814,172.0,172.0,172.0,182,50.540800000000004,50.540800000000004,50.540800000000004,49.9658,15.28685,15.28685,15.28685,16.2916,21.76625,21.76625,21.76625,22.5664,30.485599999999998,30.485599999999998,30.485599999999998,34.976,53.20505,53.20505,53.20505,54.9706,14.23425,14.23425,14.23425,13.8759,31.9456,31.9456,31.9456,33.0994,35.2549,35.2549,35.2549,38.1949,35.195499999999996,35.195499999999996,35.195499999999996,34.4311,43.9105,43.9105,43.9105,45.7221,35.41975,35.41975,35.41975,35.0163,39.34995,39.34995,39.34995,40.157,37.30745,37.30745,37.30745,37.3377,31.48395,31.48395,31.48395,30.2533,0,,,,,False,2025,,220,Oral Roberts,Sum,-15.0293,330,-8.7157,-85
Russell Turner,russell turner,2026,303,UC Irvine,BW,11,1,0.6809651474530831,6.636254545454546,9.143766666666666,7.35518,11.7531,2.7942,3.2708333333333335,2.3898200000000003,6.1198,-2.6911,0.8181818181818182,0.18181818181818182,0.0,17.181818181818183,104.54545454545455,68,0.0,0.0,0.36363636363636365,0.18181818181818182,3.1818181818181817,-0.40367272727272724,4.525072727272728,67.48535454545454,68.73686666666667,68.19312,68.3614,189.0909090909091,107.0,130.2,126,50.12781818181818,50.9768,50.39756,49.4684,18.72250909090909,17.506666666666668,18.13038,17.7894,30.918536363636363,30.0723,29.497500000000002,30.9504,31.26009090909091,35.339866666666666,33.0064,35.9494,45.12547272727273,46.05666666666667,45.61626,45.9179,16.978272727272728,17.7894,17.622880000000002,18.7635,26.925309090909092,28.388366666666666,27.955900000000003,31.2407,33.236436363636365,28.11193333333333,30.487360000000002,26.715,34.83105454545454,34.712066666666665,34.69762,33.6347,30.557409090909086,30.3182,30.346780000000003,28.0,32.85789090909091,33.787800000000004,32.101060000000004,33.715,34.84012727272727,35.2393,34.6529,37.971,25.990263636363636,24.5851,25.192059999999998,22.7848,30.216836363636364,32.0087,29.63966,34.7162,0,,,,,False,2026,,303,UC Irvine,BW,5.7053,107,1.1572,8
Ryan Looney,ryan looney,2026,117,Idaho St.,BSky,7,1,0.38028169014084506,-8.758542857142857,-6.1377,-8.48054,-4.0025,2.1312714285714285,4.012866666666667,1.3281999999999998,10.1358,-15.5334,0.8571428571428571,0.42857142857142855,0.14285714285714285,29.285714285714285,265.2857142857143,211,0.0,0.0,0.0,0.0,0.0,-2.7363714285714282,1.8822285714285714,65.20947142857143,65.28500000000001,64.97774000000001,65.5485,293.14285714285717,289.0,297.4,279,49.438100000000006,50.2381,49.78036,51.8496,18.8682,16.65223333333333,17.660519999999998,16.9882,30.493385714285715,33.7932,30.701800000000002,32.7801,34.58867142857143,35.266799999999996,33.54654,37.9475,52.77375714285714,54.3385,53.524939999999994,54.4781,17.075042857142858,16.917933333333334,17.05024,14.7099,27.158371428571428,26.848399999999998,27.05102,27.8204,33.636942857142856,34.41916666666666,34.77576,37.9597,32.0404,32.35456666666666,31.99298,33.6182,38.24627142857143,37.83253333333334,39.114999999999995,41.8854,34.833642857142856,35.91403333333333,34.87978,34.5104,33.13368571428571,34.892066666666665,34.97518,36.9514,29.772157142857143,29.133300000000002,30.353499999999997,32.0507,26.532885714285715,28.07486666666667,27.51968,27.7181,0,,,,,False,2026,,117,Idaho St.,BSky,-7.3358,255,1.6407,31
Ryan Miller,ryan miller,2026,184,Murray St.,MVC,1,1,0.6060606060606061,3.5871,3.5871,3.5871,3.5871,2.0011,2.0011,2.0011,2.0011,2.0011,1.0,0.0,0.0,7.0,127.0,127,0.0,0.0,0.0,0.0,0.0,1.0872,-4.263,71.7105,71.7105,71.7105,71.7105,11.0,11.0,11.0,11,53.8423,53.8423,53.8423,53.8423,16.3103,16.3103,16.3103,16.3103,32.6496,32.6496,32.6496,32.6496,38.6228,38.6228,38.6228,38.6228,52.3913,52.3913,52.3913,52.3913,15.7652,15.7652,15.7652,15.7652,31.2553,31.2553,31.2553,31.2553,32.1739,32.1739,32.1739,32.1739,34.9666,34.9666,34.9666,34.9666,44.8104,44.8104,44.8104,44.8104,36.1552,36.1552,36.1552,36.1552,27.3913,27.3913,27.3913,27.3913,34.3545,34.3545,34.3545,34.3545,23.2339,23.2339,23.2339,23.2339,0,,,,,False,2026,,184,Murray St.,MVC,3.5871,127,2.0011,7
Ryan Odom,ryan odom,2026,329,Virginia,ACC,10,4,0.6656716417910448,6.9654799999999994,18.644633333333335,17.18958,25.7092,4.27528,6.309566666666666,5.70394,11.7737,-4.7246,0.8,0.4,0.0,29.8,123.9,17,0.1,0.3,0.5,0.4,4.0,0.12443000000000018,-1.59878,67.18544,65.9344,66.62952,65.8742,211.2,268.3333333333333,223.2,267,52.174890000000005,52.951166666666666,53.70262,54.656,17.60537,16.994933333333332,17.38548,15.984,28.16159,34.03106666666667,31.08468,37.8292,32.92156,32.96373333333333,32.51952,32.3395,48.65992,45.76723333333333,47.01002,45.7452,18.49077,17.579733333333333,17.353659999999998,15.4498,26.57056,28.830433333333332,26.75848,29.1789,32.10101,34.518433333333334,32.58142,32.9102,34.96354,35.125233333333334,35.47404,36.2475,42.29117,46.2381,44.17478,46.6972,33.17263,31.191433333333332,32.411260000000006,31.5528,39.9675,37.355399999999996,37.12462,37.8467,34.6522,37.26776666666667,35.66042,38.2251,32.97953,29.890033333333335,30.594479999999997,30.7506,0,,,,,False,2026,,329,Virginia,ACC,25.7092,17,11.7737,42
Ryan Pannone,ryan pannone,2026,16,Arkansas St.,SB,1,1,0.625,1.2766,1.2766,1.2766,1.2766,0.9424,0.9424,0.9424,0.9424,0.9424,1.0,0.0,0.0,0.0,147.0,147,0.0,0.0,0.0,0.0,0.0,-4.1304,2.3916,72.0307,72.0307,72.0307,72.0307,10.0,10.0,10.0,10,51.6685,51.6685,51.6685,51.6685,19.8356,19.8356,19.8356,19.8356,38.2171,38.2171,38.2171,38.2171,39.1281,39.1281,39.1281,39.1281,50.2706,50.2706,50.2706,50.2706,14.888,14.888,14.888,14.888,26.8923,26.8923,26.8923,26.8923,37.013,37.013,37.013,37.013,32.8537,32.8537,32.8537,32.8537,44.887,44.887,44.887,44.887,32.9149,32.9149,32.9149,32.9149,38.7987,38.7987,38.7987,38.7987,33.51,33.51,33.51,33.51,30.2435,30.2435,30.2435,30.2435,0,,,,,False,2026,,16,Arkansas St.,SB,1.2766,147,0.9424,0
Ryan Pedon,ryan pedon,2026,120,Illinois St.,MVC,4,1,0.5220588235294118,-0.32597499999999996,2.8135999999999997,-0.32597499999999996,7.3818,0.8075749999999999,2.8736666666666664,0.8075749999999999,6.3305,-5.3907,0.5,0.25,0.25,4.0,174.25,97,0.0,0.0,0.25,0.0,0.0,-0.40694999999999987,-4.1884500000000005,65.358475,65.53606666666667,65.358475,66.6202,280.25,273.6666666666667,280.25,226,51.9639,52.54986666666667,51.9639,53.65,17.921375,16.6225,17.921375,16.8824,27.4428,27.200733333333332,27.4428,27.9931,32.69095,33.17003333333333,32.69095,31.55,51.404325,51.26036666666667,51.404325,49.7736,16.370775,16.256133333333334,16.370775,15.996,25.799525,25.514733333333336,25.799525,25.3916,31.316775,30.43743333333333,31.316775,32.2938,33.590925,33.58016666666666,33.590925,34.9133,42.02435,42.4951,42.02435,43.25,33.6833,33.6667,33.6833,32.9971,38.55175,38.84113333333334,38.55175,34.9095,33.098025,33.223333333333336,33.098025,34.9133,31.1033,31.493233333333336,31.1033,28.4119,0,,,,,False,2026,,120,Illinois St.,MVC,7.3818,97,3.9471,24
Ryan Ridder,ryan ridder,2026,165,Mercer,SC,9,3,0.5098814229249012,-10.155388888888888,-4.648866666666667,-7.101999999999999,-1.8508,2.5066333333333337,1.8173333333333332,3.27352,8.9967,-3.871,0.6666666666666666,0.2222222222222222,0.0,22.0,275.22222222222223,188,0.0,0.0,0.0,0.0,0.0,-17.562255555555556,-10.934666666666667,71.85883333333334,71.06446666666666,70.62953999999999,68.9727,32.77777777777778,40.0,45.8,92,43.704566666666665,50.85306666666667,49.82342,53.105,27.20641111111111,15.5674,16.58504,15.0429,26.816311111111112,29.48,29.073200000000003,32.613,31.10473333333333,33.93456666666666,32.84045999999999,39.1759,55.31183333333333,50.88773333333333,50.62024,52.5438,15.535900000000002,15.659366666666665,16.43762,16.9791,37.99415555555556,29.4286,29.811379999999996,33.2057,41.31578888888889,29.02156666666667,31.64144,29.7343,28.934655555555555,34.50373333333334,33.01742,35.5556,32.43676666666667,39.11776666666666,38.0403,39.1759,40.210633333333334,34.554566666666666,33.87272,36.1559,45.82214444444444,43.022,41.80782000000001,42.0577,25.83073333333333,32.096399999999996,30.62838,30.9944,27.728522222222225,36.260866666666665,34.31138,35.7871,0,,,,,False,2026,,165,Mercer,SC,-1.8508,188,4.4111,51
Saah Nimley,saah nimley,2026,46,Charleston Southern,BSth,2,1,0.390625,-9.20195,-9.20195,-9.20195,-6.271,0.11054999999999993,0.11054999999999993,0.11054999999999993,6.3925,-6.1714,0.5,0.5,0.5,12.0,269.0,236,0.0,0.0,0.0,0.0,0.0,-3.3459,-0.72655,69.56065,69.56065,69.56065,71.6021,96.5,96.5,96.5,15,51.38355,51.38355,51.38355,54.0599,19.229149999999997,19.229149999999997,19.229149999999997,18.5401,30.298900000000003,30.298900000000003,30.298900000000003,29.417,37.20715,37.20715,37.20715,30.5177,50.1637,50.1637,50.1637,46.9464,13.137699999999999,13.137699999999999,13.137699999999999,12.7578,29.2516,29.2516,29.2516,30.3055,38.271,38.271,38.271,43.282,33.1513,33.1513,33.1513,35.6436,45.754549999999995,45.754549999999995,45.754549999999995,49.5368,32.12805,32.12805,32.12805,31.8644,30.26245,30.26245,30.26245,31.333,35.96395,35.96395,35.96395,41.4146,22.9239,22.9239,22.9239,24.0204,0,,,,,False,2026,,46,Charleston Southern,BSth,-6.271,236,6.3925,85
Sam Scholl,sam scholl,2022,251,San Diego,WCC,4,1,0.4247787610619469,-1.507475,-4.537166666666667,-1.507475,7.5816,-2.0963,-4.365833333333334,-2.0963,4.7123,-5.5889,0.25,0.0,0.25,-32.25,186.75,90,0.0,0.0,0.25,0.0,1.5,4.8759999999999994,1.9222500000000002,68.235075,68.67313333333334,68.235075,65.5713,159.25,141.33333333333334,159.25,262,47.840525,46.3373,47.840525,46.7208,18.889825000000002,18.910966666666667,18.889825000000002,18.4896,24.00295,23.962999999999997,24.00295,26.3158,28.714675,27.49076666666667,28.714675,25.4513,50.520075,50.84193333333334,50.520075,49.1865,17.406625000000002,17.3757,17.406625000000002,15.9868,25.514925,26.682000000000002,25.514925,26.4095,31.676000000000002,29.7958,31.676000000000002,23.7071,31.988775,31.040733333333332,31.988775,32.0961,33.486975,31.253966666666667,33.486975,27.5572,34.099625,34.49913333333333,34.099625,33.1942,30.874274999999997,30.386533333333333,30.874274999999997,27.8327,27.708475,26.087266666666665,27.708475,23.7864,25.4182,25.460700000000003,25.4182,23.9338,0,,,,,False,2022,,251,San Diego,WCC,-5.0127,232,-3.6907,-53
Saul Phillips,saul phillips,2019,215,Ohio,MAC,4,1,0.5546875,0.999925,0.4791666666666667,0.999925,5.7276,0.17332499999999984,-2.5571333333333333,0.17332499999999984,8.3647,-4.6495,0.5,0.25,0.0,2.0,155.75,105,0.0,0.0,0.0,0.0,0.0,-0.735025,-2.966825,70.228675,70.30746666666666,70.228675,69.2424,72.5,68.0,72.5,95,51.73205,50.91049999999999,51.73205,48.6064,18.104575,18.490733333333335,18.104575,20.0422,25.309475,25.434733333333337,25.309475,28.1728,33.79495,32.5814,33.79495,33.1627,49.3878,49.321400000000004,49.3878,50.8338,17.27145,18.180933333333332,17.27145,18.3759,26.883475,27.23906666666667,26.883475,27.4238,31.88915,31.342966666666666,31.88915,31.2396,35.9239,35.16393333333333,35.9239,29.7209,37.0733,36.6264,37.0733,34.6416,34.195675,33.46863333333334,34.195675,35.865,37.20245,38.427366666666664,37.20245,39.522,31.4538,31.195833333333336,31.4538,26.1435,31.29505,31.875866666666667,31.29505,34.3511,0,,,,,False,2019,,215,Ohio,MAC,-1.553,184,-4.5046,-53
Scott Cherry,scott cherry,2018,110,High Point,BSth,3,1,0.5376344086021505,-4.7278,-4.7278,-4.7278,1.5382,0.40963333333333346,0.40963333333333346,0.40963333333333346,2.333,-2.0852,0.6666666666666666,0.0,0.0,7.333333333333333,220.0,149,0.0,0.0,0.0,0.0,2.6666666666666665,-5.822333333333333,0.3278333333333333,65.89976666666666,65.89976666666666,65.89976666666666,65.8772,282.3333333333333,282.3333333333333,282.3333333333333,287,49.80703333333333,49.80703333333333,49.80703333333333,49.2958,18.055633333333333,18.055633333333333,18.055633333333333,19.0709,30.284766666666666,30.284766666666666,30.284766666666666,30.8615,35.163833333333336,35.163833333333336,35.163833333333336,34.0711,51.86046666666667,51.86046666666667,51.86046666666667,50.1059,20.214966666666665,20.214966666666665,20.214966666666665,20.4092,29.52146666666667,29.52146666666667,29.52146666666667,28.9266,35.29516666666667,35.29516666666667,35.29516666666667,40.0424,37.18273333333333,37.18273333333333,37.18273333333333,35.8852,28.590766666666667,28.590766666666667,28.590766666666667,28.0349,35.39556666666667,35.39556666666667,35.39556666666667,34.7905,39.07686666666667,39.07686666666667,39.07686666666667,38.7712,25.367500000000003,25.367500000000003,25.367500000000003,24.6305,32.269933333333334,32.269933333333334,32.269933333333334,31.1922,0,,,,,False,2018,,110,High Point,BSth,-6.5054,241,2.333,36
Scott Cross,scott cross,2026,298,Troy,SB,10,2,0.5987841945288754,1.12237,3.9160333333333335,2.7288,9.8048,2.6198,3.1898,4.09826,11.005,-4.1361,0.6,0.3,0.0,24.0,160.0,75,0.0,0.0,0.2,0.2,3.3,-1.56529,0.55654,68.89677,67.04756666666667,67.17462,64.855,134.1,203.66666666666666,190.4,313,49.313,50.4635,49.68504,51.5223,19.62046,18.8843,19.48802,17.2877,32.71537,35.80273333333333,33.87308,34.555,34.782709999999994,38.13753333333333,36.34022,36.168,49.318169999999995,49.158500000000004,48.916880000000006,50.2058,19.60315,19.043766666666667,19.69916,16.704,29.14279,31.357033333333334,30.35996,31.7447,35.179919999999996,33.4522,33.87986,31.3786,32.36524,32.79696666666667,32.37174,33.0286,42.04752,43.671400000000006,42.41334,45.9318,33.63586,33.415033333333334,33.191340000000004,31.5789,39.43002,37.02616666666666,36.8525,39.0947,33.082010000000004,33.24406666666667,32.66918,35.0445,32.29341,30.355400000000003,30.0113,30.1887,0,,,,,False,2026,,298,Troy,SB,1.1564,150,-1.7278,-26
Scott Davenport,scott davenport,2025,360,Bellarmine,ASun,5,1,0.41333333333333333,-8.3367,-13.0608,-8.3367,-0.0233,-1.82348,-5.914433333333334,-1.82348,10.0627,-8.3043,0.2,0.2,0.4,-10.8,258.4,167,0.0,0.0,0.0,0.0,0.0,-1.94848,6.561020000000001,64.07984,64.43316666666666,64.07984,66.3854,315.8,303.6666666666667,315.8,237,52.619060000000005,51.47776666666667,52.619060000000005,53.66,16.48622,16.707933333333333,16.48622,17.4071,22.14104,20.860966666666666,22.14104,20.242,24.70812,24.432100000000002,24.70812,26.4888,55.290620000000004,55.54413333333334,55.290620000000004,58.046,17.61226,15.888633333333333,17.61226,15.3712,29.35876,29.2148,29.35876,30.1552,31.40994,32.83226666666667,31.40994,34.8457,34.64572,33.9221,34.64572,35.5811,39.3955,41.216,39.3955,43.2382,36.81608,36.734199999999994,36.81608,38.9527,47.69196,47.944066666666664,47.69196,47.3684,32.93398,34.39943333333333,32.93398,36.1692,39.43796,38.974133333333334,39.43796,38.8041,0,,,,,False,2025,,360,Bellarmine,ASun,-18.1757,347,-7.6233,-46
Scott Drew,scott drew,2026,21,Baylor,B12,11,1,0.6856368563685636,21.8961,19.6603,21.14066,33.867,0.4334909090909091,-3.598433333333333,-2.86798,7.627,-7.1891,0.5454545454545454,0.2727272727272727,0.18181818181818182,-6.363636363636363,20.545454545454547,2,0.6363636363636364,1.0,1.0,0.8181818181818182,3.272727272727273,12.302827272727273,0.08811818181818182,66.17379090909091,66.06599999999999,66.4087,67.8252,251.0909090909091,256.0,229.2,158,52.6514909090909,53.43703333333334,53.258140000000004,53.456,18.04980909090909,16.5859,17.1057,16.2593,36.808454545454545,35.94886666666667,35.7183,36.87,33.16918181818182,34.92966666666667,34.11532,34.1124,49.40987272727273,51.939033333333334,51.040200000000006,52.4084,19.477681818181818,17.167933333333334,18.88272,15.8659,29.690099999999997,29.698466666666665,29.756939999999997,31.3433,31.962145454545453,31.671999999999997,30.80946,30.1054,36.109072727272725,35.8846,35.74698,33.877,37.18337272727273,39.533633333333334,40.36472,39.632,33.43489090909091,34.7053,33.36698,34.8138,36.4012,37.298366666666666,37.19102,35.0226,31.148345454545453,32.053133333333335,32.90886,30.52,30.050118181818185,30.631633333333337,29.9584,28.7234,0,,,,,False,2026,,21,Baylor,B12,16.2425,50,-7.1891,-33
Scott Nagy,scott nagy,2026,271,Southern Illinois,MVC,11,3,0.6229050279329609,3.079681818181818,0.9102000000000001,0.17104000000000005,11.731,1.2815454545454545,-1.0495333333333334,-1.5558,6.392,-6.3261,0.6363636363636364,0.2727272727272727,0.09090909090909091,4.636363636363637,139.72727272727272,73,0.0,0.0,0.18181818181818182,0.2727272727272727,4.454545454545454,-2.7569363636363637,1.0763181818181817,69.3188,69.54076666666667,69.71756,68.9461,109.27272727272727,85.66666666666667,73.0,95,52.066545454545455,53.05316666666667,52.884820000000005,49.1503,17.719627272727273,17.281766666666666,17.35534,17.0438,30.436209090909088,30.106866666666665,29.48716,30.9123,34.14392727272727,33.010733333333334,30.92198,31.2799,50.17136363636364,52.29123333333333,51.744420000000005,49.0121,18.13128181818182,16.720966666666666,17.1986,18.506,27.07136363636364,27.8155,28.01216,27.2968,30.319081818181818,31.72113333333333,29.7714,31.449,34.877936363636366,33.7678,33.96718,27.8182,33.908145454545455,30.69973333333333,30.5817,29.2087,33.62445454545454,34.559866666666665,34.00874,30.3831,36.90119090909091,39.682966666666665,38.19264,41.5477,27.549245454545453,24.0213,24.289920000000002,20.3728,30.562654545454542,32.277,31.24244,31.5934,0,,,,,False,2026,,271,Southern Illinois,MVC,4.3182,120,2.3667,10
Scott Padgett,scott padgett,2020,250,Samford,SC,5,1,0.4251497005988024,-5.8279,-8.040566666666667,-5.8279,1.884,-1.3158,-5.936,-1.3158,15.0391,-17.0365,0.6,0.4,0.4,-5.6,230.0,144,0.0,0.0,0.0,0.0,0.0,-2.1971999999999996,-1.7813400000000001,69.93772,71.0542,69.93772,72.8,99.4,57.0,99.4,25,51.87874000000001,52.151700000000005,51.87874000000001,47.9855,19.5225,19.71923333333333,19.5225,20.8186,28.018060000000002,27.011133333333333,28.018060000000002,28.2511,36.99622,33.1934,36.99622,34.9189,52.88578,54.358466666666665,52.88578,55.6984,18.606299999999997,18.333433333333332,18.606299999999997,18.1827,32.59478,33.17223333333333,32.59478,33.5404,31.34676,27.107933333333335,31.34676,24.4579,35.84332,36.0464,35.84332,33.6177,34.95846,36.852533333333334,34.95846,32.7924,36.2001,36.98726666666666,36.2001,37.8889,42.11074,44.43946666666667,42.11074,45.3858,28.77636,30.871566666666666,28.77636,27.0977,35.7947,38.575066666666665,35.7947,40.2597,0,,,,,False,2020,,250,Samford,SC,-14.0095,321,-17.0365,-193
Scott Pera,scott pera,2024,238,Rice,Amer,7,1,0.4304932735426009,-4.922857142857143,-3.6628000000000003,-3.18312,-1.7444,-1.1910285714285715,-4.515133333333334,-1.7813200000000002,5.5634,-7.3442,0.42857142857142855,0.14285714285714285,0.2857142857142857,-11.857142857142858,224.57142857142858,188,0.0,0.0,0.0,0.0,0.0,0.19952857142857144,-3.658757142857143,68.56911428571428,67.66576666666667,68.47532,65.9028,134.42857142857142,157.33333333333334,133.2,274,51.22044285714286,52.143499999999996,52.1109,50.4975,18.927414285714285,17.903133333333333,18.5696,17.3192,26.25,26.211533333333335,25.87754,28.4804,32.52968571428571,31.186933333333332,30.83462,29.906,52.421885714285715,52.7089,52.565,52.5743,15.909257142857143,15.074833333333332,16.00424,14.818,27.31342857142857,28.0919,27.63474,29.5186,26.445814285714285,24.727800000000002,25.19708,27.3885,34.49348571428572,34.733200000000004,34.8502,33.2398,44.727042857142855,41.24756666666667,44.67416,39.414,35.337228571428575,36.04193333333333,35.4105,37.8641,38.110014285714286,37.019133333333336,37.2057,38.2696,36.927771428571425,33.9386,36.963499999999996,32.2742,32.65974285714286,32.493066666666664,32.10858,34.6447,0,,,,,False,2024,,238,Rice,Amer,-5.0932,229,-7.3442,-86
Scott Spinelli,scott spinelli,2025,49,Chicago St.,NEC,1,1,0.125,-24.3999,-24.3999,-24.3999,-24.3999,-8.8708,-8.8708,-8.8708,-8.8708,-8.8708,0.0,0.0,1.0,-22.0,362.0,362,0.0,0.0,0.0,0.0,0.0,-3.3481,8.3601,68.51,68.51,68.51,68.51,119.0,119.0,119.0,119,44.4026,44.4026,44.4026,44.4026,18.5231,18.5231,18.5231,18.5231,22.5806,22.5806,22.5806,22.5806,26.803,26.803,26.803,26.803,54.8754,54.8754,54.8754,54.8754,18.1634,18.1634,18.1634,18.1634,33.6457,33.6457,33.6457,33.6457,36.9447,36.9447,36.9447,36.9447,30.5665,30.5665,30.5665,30.5665,40.8504,40.8504,40.8504,40.8504,35.7634,35.7634,35.7634,35.7634,39.3825,39.3825,39.3825,39.3825,34.7826,34.7826,34.7826,34.7826,30.977,30.977,30.977,30.977,0,,,,,False,2025,,49,Chicago St.,NEC,-24.3999,362,-8.8708,-22
Scott Sutton,scott sutton,2017,220,Oral Roberts,Sum,2,1,0.36065573770491804,-3.64245,-3.64245,-3.64245,-0.9861,-0.14179999999999993,-0.14179999999999993,-0.14179999999999993,2.1128,-2.3964,0.5,0.0,0.0,7.0,205.0,174,0.0,0.0,0.0,0.0,0.0,2.2133000000000003,7.7261,68.95570000000001,68.95570000000001,68.95570000000001,69.086,120.5,120.5,120.5,111,50.03185,50.03185,50.03185,49.5562,16.997700000000002,16.997700000000002,16.997700000000002,16.6962,26.610300000000002,26.610300000000002,26.610300000000002,25.0988,33.564750000000004,33.564750000000004,33.564750000000004,30.5325,53.35935,53.35935,53.35935,54.6674,16.0158,16.0158,16.0158,16.1496,29.717750000000002,29.717750000000002,29.717750000000002,29.4355,32.53935,32.53935,32.53935,32.0303,36.7016,36.7016,36.7016,35.3902,30.12265,30.12265,30.12265,32.6035,38.51865,38.51865,38.51865,39.6285,34.45735,34.45735,34.45735,37.6896,26.375349999999997,26.375349999999997,26.375349999999997,28.2609,30.65925,30.65925,30.65925,33.9973,0,,,,,False,2017,,220,Oral Roberts,Sum,-6.2988,236,-2.3964,-23
Sean Miller,sean miller,2026,289,Texas,SEC,10,3,0.6676557863501483,18.07177,17.3101,18.35852,23.3068,0.049290000000000056,-0.33743333333333325,1.0766,3.4726,-8.1047,0.6,0.0,0.1,-4.8,35.2,15,0.4,0.8,1.0,0.7,4.4,9.54683,0.27702,68.2634,68.98836666666666,69.02590000000001,66.586,157.1,114.33333333333333,114.8,228,52.62834,52.4069,52.59748,54.068,16.709780000000002,15.638966666666667,16.26568,15.0246,31.73976,30.58673333333333,31.35358,35.4398,37.71523,37.5587,37.16302,44.2308,49.07573,50.44053333333333,50.15796,50.762,17.17536,15.522133333333334,16.1535,12.9853,25.85944,27.111933333333337,26.15584,26.9391,31.6659,32.61776666666666,31.469659999999998,39.5772,36.75743,36.16353333333333,36.929179999999995,35.124,33.220330000000004,35.134966666666664,33.5867,35.7988,33.492450000000005,34.184266666666666,34.50142,34.6726,35.378370000000004,35.27656666666667,35.195119999999996,33.0383,27.496190000000002,28.642266666666668,27.99832,26.7483,29.41585,29.073066666666666,29.63348,26.2387,0,,,,,False,2026,,289,Texas,SEC,20.5737,31,2.4163,8
Sean Woods,sean woods,2023,270,Southern,SWAC,6,2,0.47540983606557374,-7.890766666666667,-8.550333333333333,-10.22534,3.7821,3.9052166666666666,1.5780000000000003,3.4067999999999996,11.7234,-5.2086,0.6666666666666666,0.5,0.16666666666666666,36.833333333333336,252.33333333333334,126,0.0,0.0,0.0,0.0,0.0,-7.051683333333333,7.934416666666667,68.27231666666667,70.45903333333334,68.78114000000001,70.8435,162.16666666666666,48.333333333333336,135.6,27,48.414899999999996,48.5693,48.4891,48.484,20.844366666666666,20.992566666666665,21.29614,20.5501,30.3399,27.205233333333336,28.66934,24.3996,35.48513333333333,36.1789,35.521100000000004,34.4606,50.35723333333333,49.2946,50.30224,51.3538,22.036783333333332,22.991333333333333,22.1623,23.0216,28.953466666666667,28.839433333333332,28.9418,28.6299,47.07606666666666,43.13783333333333,45.74416,42.8923,33.362249999999996,33.37736666666667,32.80142,32.7988,32.01085,34.65703333333334,33.1363,40.0,33.28556666666667,31.8086,32.792919999999995,33.9939,35.1461,35.96953333333333,35.03738,40.3692,26.363333333333333,28.386433333333333,26.892919999999997,32.2966,26.2721,26.696166666666667,26.05854,31.0874,0,,,,,False,2023,,270,Southern,SWAC,-9.1754,280,-0.7744,-10
Shaheen Holloway,shaheen holloway,2026,258,Seton Hall,BE,8,2,0.5234375,3.377175,9.2323,9.59984,16.0905,0.05612499999999987,-0.8169000000000003,0.6344999999999998,10.953,-12.5157,0.5,0.375,0.25,-5.125,149.625,50,0.0,0.125,0.375,0.125,1.875,2.4595,-0.5754625,65.8293625,65.54246666666667,65.74556,65.1231,265.5,286.0,266.4,304,47.465675000000005,47.6045,47.868280000000006,47.6327,20.3678125,18.074133333333332,18.88568,16.6844,32.406025,34.0118,32.68322,35.6401,35.242174999999996,33.006,35.30362,35.2758,48.143725,50.374233333333336,48.5892,47.2575,20.80455,20.5087,20.63996,21.4709,29.330525,30.913666666666668,30.33904,31.9149,37.2898125,35.78686666666667,35.89146,42.0901,32.6959,31.7604,32.52694,30.4854,31.597762499999998,29.476100000000002,30.25594,26.795,33.3744625,33.94306666666667,32.5402,32.2888,39.581199999999995,43.069433333333336,40.56272,42.3788,25.8782875,23.680533333333333,24.4922,20.293,32.1919375,34.61383333333333,32.158640000000005,32.9777,0,,,,,False,2026,,258,Seton Hall,BE,16.0905,51,7.7496,42
Shaka Smart,shaka smart,2026,158,Marquette,BE,11,2,0.5983606557377049,16.59200909090909,18.022566666666666,17.901999999999997,23.0174,0.10879999999999992,-1.0972000000000002,2.24694,11.3081,-5.9903,0.45454545454545453,0.09090909090909091,0.18181818181818182,-3.1818181818181817,40.72727272727273,10,0.2727272727272727,0.6363636363636364,1.0,0.6363636363636364,3.727272727272727,11.914254545454547,3.9820909090909087,67.45458181818182,68.55146666666667,68.92663999999999,68.9053,191.72727272727272,118.66666666666667,103.4,98,51.58090909090909,52.4985,53.123259999999995,50.4862,16.875918181818182,14.6492,15.27288,16.0017,28.06208181818182,28.490233333333332,26.84876,29.7071,29.994727272727275,28.06396666666667,27.49058,32.7533,48.54039090909091,50.109566666666666,49.65396,50.5694,19.597,20.614633333333334,20.66194,19.3078,31.033481818181816,32.18633333333333,31.98278,34.6867,31.2205,29.805566666666664,29.601139999999997,32.0393,33.48250909090909,33.192566666666664,33.85194,31.7518,40.88252727272727,43.199666666666666,42.664959999999994,42.0676,33.12866363636363,32.7206,32.963119999999996,32.6371,35.92384545454546,40.624433333333336,39.07672,39.648,33.218709090909094,34.50703333333333,34.43388,32.5572,29.94278181818182,32.6191,31.971840000000004,30.9278,0,,,,,False,2026,,158,Marquette,BE,10.038,83,-5.9903,-36
Shane Burcar,shane burcar,2026,206,Northern Arizona,BSky,7,1,0.38990825688073394,-10.382885714285715,-11.3822,-10.8037,-2.9657,-1.1375999999999997,-5.0355333333333325,-2.4467,7.3901,-8.7259,0.2857142857142857,0.14285714285714285,0.2857142857142857,-3.7142857142857144,280.7142857142857,213,0.0,0.0,0.0,0.0,0.0,-2.072014285714286,2.4056428571428574,65.93462857142858,66.39166666666667,66.20196,63.8426,252.71428571428572,228.33333333333334,233.0,342,49.64252857142857,50.43996666666667,49.95098,51.6804,17.257228571428573,16.4431,17.14084,16.0018,26.523171428571427,26.42216666666667,27.014100000000003,23.3051,29.756357142857144,30.474,29.309680000000004,31.7692,54.794171428571424,54.49723333333333,54.36498,56.8987,16.596785714285716,16.10526666666667,15.864920000000001,16.5808,27.4557,29.6156,27.6272,33.3696,33.988814285714284,34.632133333333336,35.34744,32.7228,34.517671428571425,33.76983333333333,34.25902,35.6401,36.69878571428571,36.561566666666664,37.960699999999996,36.6519,36.236985714285716,35.813633333333335,36.04536,38.7195,38.2253,37.03573333333333,37.31774,40.0488,31.750214285714286,30.471000000000004,32.54356,31.2911,30.967757142857145,29.836033333333333,30.08152,33.8516,0,,,,,False,2026,,206,Northern Arizona,BSky,-14.7534,321,-6.3679,-46
Shane Heirman,shane heirman,2026,121,Incarnate Word,Slnd,3,1,0.3979591836734694,-10.759799999999998,-10.759799999999998,-10.759799999999998,-4.7618,0.7945666666666669,0.7945666666666669,0.7945666666666669,8.14,-5.9916,0.6666666666666666,0.3333333333333333,0.3333333333333333,6.0,278.0,224,0.0,0.0,0.0,0.0,0.0,-4.3973,-0.5996666666666667,66.87016666666666,66.87016666666666,66.87016666666666,65.5287,214.0,214.0,214.0,281,49.9692,49.9692,49.9692,50.2212,18.793,18.793,18.793,17.15,32.20673333333334,32.20673333333334,32.20673333333334,32.1244,33.29456666666667,33.29456666666667,33.29456666666667,34.0076,52.736,52.736,52.736,54.4613,16.080666666666666,16.080666666666666,16.080666666666666,15.6754,31.272166666666664,31.272166666666664,31.272166666666664,32.0321,39.540600000000005,39.540600000000005,39.540600000000005,41.6391,34.45263333333333,34.45263333333333,34.45263333333333,36.0841,38.18813333333333,38.18813333333333,38.18813333333333,39.0645,35.626866666666665,35.626866666666665,35.626866666666665,34.3925,33.725366666666666,33.725366666666666,33.725366666666666,35.3602,31.903499999999998,31.903499999999998,31.903499999999998,33.9249,26.968166666666665,26.968166666666665,26.968166666666665,26.2857,0,,,,,False,2026,,121,Incarnate Word,Slnd,-8.4789,265,-5.9916,-90
Shantay Legans,shantay legans,2026,228,Portland,WCC,9,2,0.506896551724138,-1.551877777777778,-7.5825000000000005,-4.55678,8.1876,2.292777777777778,-2.453933333333333,0.8499600000000003,15.3609,-11.3261,0.5555555555555556,0.4444444444444444,0.1111111111111111,21.11111111111111,190.44444444444446,105,0.0,0.0,0.0,0.2222222222222222,3.2222222222222223,0.22921111111111112,3.064,69.1254888888889,68.197,68.51384,68.5118,115.88888888888889,137.0,115.4,118,51.78412222222222,50.617133333333335,51.1047,51.2202,17.702544444444445,18.254166666666666,18.23874,19.6672,24.549266666666668,25.2002,24.74986,28.0702,32.20452222222222,32.776066666666665,34.9795,34.3871,51.92825555555556,54.2198,53.35612,52.6971,16.2086,14.462166666666667,15.544839999999999,16.9974,27.825166666666668,30.367833333333333,29.8224,32.4733,29.14917777777778,25.773066666666665,26.20546,32.5726,34.80952222222223,32.59113333333333,34.039139999999996,29.9373,41.543955555555556,41.163199999999996,41.47252,35.3855,35.93685555555555,37.29553333333333,36.73876,36.1364,39.46223333333333,43.892533333333326,43.12356,45.6432,34.056700000000006,32.29026666666667,33.0625,24.8482,34.12938888888888,38.548566666666666,37.81852,38.1753,0,,,,,False,2026,,228,Portland,WCC,-3.1403,206,4.8379,62
Shawn Walker,shawn walker,2017,103,Grambling St.,SWAC,2,1,0.3387096774193548,-18.764,-18.764,-18.764,-16.2377,5.4369,5.4369,5.4369,8.6504,2.2234,1.0,0.5,0.0,10.5,336.0,327,0.0,0.0,0.0,0.0,0.0,-9.9123,2.8533999999999997,66.46685,66.46685,66.46685,67.1478,258.0,258.0,258.0,225,45.2993,45.2993,45.2993,46.7611,20.9621,20.9621,20.9621,20.164,28.464599999999997,28.464599999999997,28.464599999999997,32.0312,41.1511,41.1511,41.1511,38.1145,53.16445,53.16445,53.16445,55.5098,22.181150000000002,22.181150000000002,22.181150000000002,24.3408,33.74209999999999,33.74209999999999,33.74209999999999,35.0318,41.8287,41.8287,41.8287,42.2419,29.4439,29.4439,29.4439,31.5068,32.4244,32.4244,32.4244,29.5547,35.469899999999996,35.469899999999996,35.469899999999996,37.8425,37.00515,37.00515,37.00515,36.9854,24.237099999999998,24.237099999999998,24.237099999999998,23.5495,29.1966,29.1966,29.1966,29.9593,0,,,,,False,2017,,103,Grambling St.,SWAC,-16.2377,327,2.2234,15
Solomon Bozeman,solomon bozeman,2026,15,Arkansas Pine Bluff,SWAC,5,1,0.3141025641025641,-18.2129,-18.61236666666667,-18.2129,-13.2073,4.00496,0.14473333333333302,4.00496,11.9984,-7.1684,0.6,0.6,0.2,18.6,336.2,313,0.0,0.0,0.0,0.0,0.0,-6.18594,11.49568,69.80896,70.82546666666667,69.80896,68.971,73.8,42.333333333333336,73.8,93,48.7274,50.61023333333333,48.7274,50.0291,19.72124,19.097366666666666,19.72124,18.6919,25.76298,25.730900000000002,25.76298,27.8892,35.78052,37.16823333333333,35.78052,38.4302,53.667820000000006,53.834133333333334,53.667820000000006,52.6464,17.7623,16.234233333333332,17.7623,16.4545,33.660219999999995,34.3711,33.660219999999995,34.2493,38.85332,38.830999999999996,38.85332,43.5811,32.39998,33.6973,32.39998,33.6463,41.66286,41.4913,41.66286,37.1512,34.17434,33.43786666666667,34.17434,33.1825,37.13308,40.179300000000005,37.13308,37.3311,32.97524,32.968466666666664,32.97524,29.0541,28.0225,29.686866666666663,28.0225,26.873,0,,,,,False,2026,,15,Arkansas Pine Bluff,SWAC,-13.2073,313,9.0461,51
Speedy Claxton,speedy claxton,2026,111,Hofstra,CAA,5,1,0.625,4.4369,3.2769,4.4369,9.0571,3.9425,2.9329,3.9425,10.2325,-3.0384,0.8,0.4,0.0,27.2,125.8,89,0.0,0.0,0.4,0.2,2.6,-1.2567,4.4572,66.09244,64.7877,66.09244,64.758,240.2,315.6666666666667,240.2,318,52.82332,51.86333333333334,52.82332,51.3681,16.02656,16.513066666666667,16.02656,16.1843,26.0602,27.807333333333332,26.0602,34.7414,24.35832,26.40433333333333,24.35832,31.5953,48.472719999999995,47.069066666666664,48.472719999999995,46.2624,17.585299999999997,16.3603,17.585299999999997,14.9889,29.57474,29.746499999999997,29.57474,30.9735,30.7423,34.0604,30.7423,35.1281,35.53066,35.714333333333336,35.53066,37.1084,42.98402,43.7383,42.98402,42.8498,34.027879999999996,33.59753333333333,34.027879999999996,32.3155,40.49306,41.299299999999995,40.49306,41.0873,36.93442,37.9949,36.93442,37.6528,34.69776,35.0498,34.69776,33.8366,0,,,,,False,2026,,111,Hofstra,CAA,9.0571,89,10.2325,73
Stacy Hollowell,stacy hollowell,2026,192,New Orleans,Slnd,2,1,0.296875,-10.008700000000001,-10.008700000000001,-10.008700000000001,-2.187,3.28215,3.28215,3.28215,7.9962,-1.4319,0.5,0.5,0.0,54.5,267.5,194,0.0,0.0,0.0,0.0,0.0,0.8733,12.274000000000001,69.57339999999999,69.57339999999999,69.57339999999999,69.7879,66.0,66.0,66.0,59,47.7445,47.7445,47.7445,49.6194,19.616950000000003,19.616950000000003,19.616950000000003,20.4614,33.60655,33.60655,33.60655,35.5675,40.1213,40.1213,40.1213,46.3839,51.9678,51.9678,51.9678,49.0138,15.45375,15.45375,15.45375,14.8496,34.9998,34.9998,34.9998,34.4558,33.0493,33.0493,33.0493,39.5464,31.10835,31.10835,31.10835,31.7742,32.21025,32.21025,32.21025,33.714,34.4106,34.4106,34.4106,32.3926,41.2951,41.2951,41.2951,40.1874,24.27365,24.27365,24.27365,24.0342,33.4084,33.4084,33.4084,30.9013,0,,,,,False,2026,,192,New Orleans,Slnd,-2.187,194,7.9962,103
Stan Gouard,stan gouard,2026,365,Southern Indiana,OVC,4,1,0.328,-15.134325,-17.036466666666666,-15.134325,-9.4279,-3.93755,-4.530433333333333,-3.93755,-1.1319,-10.2237,0.0,0.0,0.25,-21.25,322.25,285,0.0,0.0,0.0,0.0,0.0,-7.3167,-0.1383999999999999,68.23734999999999,67.94023333333332,68.23734999999999,67.5493,135.75,155.0,135.75,173,46.848875,45.71653333333334,46.848875,43.7239,18.010675,17.947733333333332,18.010675,17.1713,29.628325,28.7891,29.628325,31.4086,34.74095,35.155499999999996,34.74095,37.1787,50.60475,50.24216666666666,50.60475,49.3983,16.60245,16.597633333333334,16.60245,16.4472,29.873124999999998,31.1912,29.873124999999998,33.7972,40.04125,40.1162,40.04125,36.1613,33.27585,32.258266666666664,33.27585,29.9248,38.012525,36.49393333333333,38.012525,39.749,34.803625,34.69703333333333,34.803625,34.1463,35.1635,33.70816666666666,35.1635,27.136,32.0717,30.190066666666667,32.0717,31.8061,28.2178,27.1157,28.2178,22.2115,0,,,,,False,2026,,365,Southern Indiana,OVC,-18.7511,341,-10.2237,-62
Stan Heath,stan heath,2026,79,Eastern Michigan,MAC,5,1,0.36538461538461536,-11.49254,-10.354033333333334,-11.49254,-6.5656,-0.8359,-0.3153,-0.8359,1.7447,-3.1391,0.4,0.0,0.0,2.2,295.8,243,0.0,0.0,0.0,0.0,0.0,-3.0911,-1.09924,67.53048,66.45396666666666,67.53048,66.5847,174.2,240.66666666666666,174.2,229,49.44026,49.94723333333334,49.44026,49.5702,17.839440000000003,17.714166666666667,17.839440000000003,17.4187,26.700620000000004,28.351,26.700620000000004,27.8095,29.85616,29.10256666666667,29.85616,29.341,52.610479999999995,51.96503333333334,52.610479999999995,50.2545,16.62306,16.375966666666667,16.62306,15.58,30.61844,30.651566666666668,30.61844,29.0654,33.971000000000004,35.1927,33.971000000000004,35.5204,32.0512,32.74733333333334,32.0512,32.4324,34.24116,34.10216666666667,34.24116,31.8052,34.434219999999996,34.14436666666667,34.434219999999996,32.8571,38.36462,37.973800000000004,38.36462,35.6335,27.321659999999998,27.733266666666665,27.321659999999998,25.6532,30.568419999999996,30.05043333333333,30.568419999999996,27.8351,0,,,,,False,2026,,79,Eastern Michigan,MAC,-6.5656,243,1.7447,31
Stan Johnson,stan johnson,2026,152,Loyola Marymount,WCC,6,1,0.4915254237288136,1.7432666666666663,-0.47056666666666674,0.33199999999999985,8.7996,-2.7738666666666667,-4.2535,-4.82416,7.4776,-15.2217,0.3333333333333333,0.16666666666666666,0.3333333333333333,-32.833333333333336,152.16666666666666,94,0.0,0.0,0.16666666666666666,0.0,0.0,3.0260166666666666,0.0019833333333333556,66.31083333333333,66.37203333333333,66.37818,67.0013,240.0,239.66666666666666,231.2,203,51.7249,51.23233333333334,51.73858,51.8467,18.329666666666665,16.363066666666665,17.30838,17.5087,27.66048333333333,26.2912,26.683699999999998,26.6667,32.14958333333333,29.617733333333334,30.314459999999997,31.0576,50.85706666666667,49.26386666666667,50.859140000000004,48.8618,16.055016666666667,14.890933333333335,15.794,16.5725,27.08158333333333,29.970066666666668,28.35996,32.0144,31.88423333333333,29.907933333333332,31.30088,32.4661,34.85035,34.8854,35.07042,34.7645,39.46223333333334,40.229099999999995,40.37996,40.4029,34.27826666666667,33.60183333333334,34.23578,34.5808,35.100566666666666,34.82613333333333,34.80484,36.206,32.76306666666667,34.0228,34.018100000000004,33.6311,28.784966666666666,29.007433333333335,28.566019999999998,30.7726,0,,,,,False,2026,,152,Loyola Marymount,WCC,0.568,165,-0.7643,-27
Stan Waterman,stan waterman,2026,67,Delaware St.,MEAC,5,1,0.30718954248366015,-18.80688,-16.543966666666666,-18.80688,-9.9792,-0.32437999999999984,-1.967133333333333,-0.32437999999999984,6.6238,-10.8357,0.6,0.2,0.2,10.4,334.0,289,0.0,0.0,0.0,0.0,0.0,-7.5633,0.01764000000000001,68.17922,68.2374,68.17922,65.3651,139.2,146.33333333333334,139.2,293,45.741879999999995,45.94726666666667,45.741879999999995,42.9396,21.65692,19.717699999999997,21.65692,19.8892,30.5499,31.698999999999998,30.5499,27.7311,34.22958,36.629533333333335,34.22958,34.0801,52.70598,52.5323,52.70598,52.933,20.001060000000003,20.523,20.001060000000003,19.5003,31.91348,31.9327,31.91348,32.0,37.59124,39.0037,37.59124,40.5028,31.63464,31.627399999999998,31.63464,28.4038,27.688940000000002,24.909266666666667,27.688940000000002,28.9206,35.691739999999996,34.1199,35.691739999999996,32.998,40.798919999999995,38.5336,40.798919999999995,34.7067,22.77554,19.91326666666667,22.77554,22.5326,33.24536,29.705133333333333,33.24536,25.5187,0,,,,,False,2026,,67,Delaware St.,MEAC,-27.1047,362,-10.8357,-11
Steve Alford,steve alford,2026,188,Nevada,MWC,11,2,0.6155988857938719,11.629318181818181,12.700233333333335,11.0769,23.6319,0.6761090909090911,2.6441666666666666,1.45304,9.8818,-10.5491,0.5454545454545454,0.2727272727272727,0.18181818181818182,-1.9090909090909092,71.45454545454545,16,0.09090909090909091,0.18181818181818182,0.8181818181818182,0.36363636363636365,3.1818181818181817,6.0607727272727265,2.396190909090909,68.98349999999999,65.64659999999999,66.60535999999999,66.1352,132.9090909090909,275.0,222.4,250,52.57983636363636,52.3108,51.658640000000005,50.0,16.53137272727273,15.1702,15.84298,14.8173,27.707136363636366,28.965233333333334,26.843239999999998,32.1678,36.198,42.369166666666665,39.63974,44.7882,49.586181818181814,50.25696666666667,50.59284,51.128,16.76462727272727,17.705866666666665,17.984199999999998,17.014,26.639190909090907,26.792,26.272180000000002,26.9048,33.36802727272727,37.0109,34.49984,38.8916,36.18177272727273,35.41073333333333,34.73072,35.7879,36.4276,34.51306666666667,35.476420000000005,32.3179,34.04516363636364,33.64926666666667,33.97932,33.7196,41.47628181818182,42.694700000000005,42.816559999999996,42.3247,30.08938181818182,27.029533333333333,27.8099,25.9154,34.414545454545454,34.00636666666667,34.66928,32.9807,0,,,,,False,2026,,188,Nevada,MWC,11.9262,72,3.4995,20
Steve Donahue,steve donahue,2026,245,Saint Joseph's,A10,11,2,0.5218855218855218,-1.0404454545454547,-3.1527999999999996,-1.8172599999999999,5.7188,-0.24425454545454536,-2.9453333333333336,-0.8937799999999999,5.0422,-8.9352,0.5454545454545454,0.09090909090909091,0.09090909090909091,-4.090909090909091,180.8181818181818,106,0.0,0.0,0.0,0.09090909090909091,1.4545454545454546,-9.4288,-9.354327272727273,67.71888181818181,66.95146666666666,67.06696000000001,68.2817,178.8181818181818,214.0,194.6,130,46.68589090909091,50.1812,51.02632,49.1642,25.109490909090912,16.6071,17.13034,16.7679,24.4936,29.130633333333332,28.559739999999998,31.4123,25.75041818181818,28.524533333333334,27.838900000000002,29.6952,54.38069090909091,51.549733333333336,51.200239999999994,47.6518,14.747436363636364,14.152133333333333,14.52904,15.0481,34.580090909090906,29.012366666666665,28.60286,30.6452,35.34480909090909,26.448166666666665,27.886680000000002,26.8501,30.445745454545452,32.88413333333333,33.67406,30.7525,38.62543636363636,44.17513333333333,42.20946,45.0836,40.11654545454545,35.1179,34.60286,31.6843,42.90269090909091,41.06713333333334,41.023399999999995,40.2751,31.737354545454547,36.10536666666667,34.87032,34.5871,28.781245454545456,35.30726666666666,34.777,33.583,0,,,,,False,2026,,245,Saint Joseph's,A10,5.7188,106,0.358,3
Steve Fisher,steve fisher,2017,252,San Diego St.,MWC,2,1,0.6619718309859155,11.671,11.671,11.671,14.3522,-1.45845,-1.45845,-1.45845,2.2801,-5.197,0.5,0.0,0.5,-17.5,62.0,46,0.0,0.5,1.0,0.0,1.0,2.2548500000000002,1.9236499999999999,64.89070000000001,64.89070000000001,64.89070000000001,64.9332,315.0,315.0,315.0,309,47.3202,47.3202,47.3202,47.4739,17.94715,17.94715,17.94715,17.4604,32.216049999999996,32.216049999999996,32.216049999999996,30.5458,38.8915,38.8915,38.8915,35.2554,43.6413,43.6413,43.6413,44.8121,18.50935,18.50935,18.50935,19.001,28.415,28.415,28.415,29.0688,31.910899999999998,31.910899999999998,31.910899999999998,32.4734,32.0993,32.0993,32.0993,31.6298,36.278400000000005,36.278400000000005,36.278400000000005,39.7584,30.759500000000003,30.759500000000003,30.759500000000003,32.1484,35.7371,35.7371,35.7371,36.2872,28.74665,28.74665,28.74665,31.5282,29.9435,29.9435,29.9435,31.1067,0,,,,,False,2017,,252,San Diego St.,MWC,8.9898,78,-5.197,-32
Steve Forbes,steve forbes,2026,333,Wake Forest,ACC,11,2,0.6575342465753424,9.437618181818182,13.217733333333333,12.853720000000001,17.8933,3.2510000000000003,-0.35336666666666705,1.3578599999999998,12.1861,-4.9016,0.6363636363636364,0.45454545454545453,0.0,32.72727272727273,84.0909090909091,28,0.0,0.18181818181818182,0.8181818181818182,0.18181818181818182,2.1818181818181817,3.661209090909091,-3.059527272727273,68.33475454545454,67.9912,68.80112,68.2361,149.45454545454547,152.33333333333334,110.6,134,53.25184545454545,52.08663333333334,53.216100000000004,52.6936,18.261627272727274,15.879033333333332,16.8106,15.5171,28.981218181818182,27.742333333333335,26.96466,30.0765,34.11529090909091,34.4423,33.8102,35.2092,50.00831818181818,49.38283333333334,49.38786,51.8107,19.064700000000002,17.898233333333334,17.724439999999998,17.6756,27.718063636363638,30.099866666666667,28.61164,32.9752,32.77083636363636,32.434666666666665,30.67266,35.6832,35.07793636363636,32.998866666666665,33.95786,34.106,39.56534545454545,38.744733333333336,40.8093,43.5786,34.050945454545456,32.2335,32.76478,32.9193,39.65930909090909,42.642500000000005,40.672180000000004,46.6441,31.78942727272727,29.341399999999997,31.54164,33.5991,32.68327272727273,33.36436666666666,32.81336,35.4252,0,,,,,False,2026,,333,Wake Forest,ACC,10.5849,80,-4.9016,-31
Steve Hawkins,steve hawkins,2020,341,Western Michigan,MAC,5,1,0.41875,-3.49762,-5.398599999999999,-3.49762,0.3606,-2.3522600000000002,-1.9827666666666666,-2.3522600000000002,0.8796,-4.5053,0.2,0.0,0.0,-30.4,204.6,162,0.0,0.0,0.0,0.0,0.0,0.14015999999999998,-0.73772,68.06714,68.12893333333334,68.06714,67.3916,176.6,172.66666666666666,176.6,228,48.79302,48.49966666666666,48.79302,48.1758,18.308860000000003,18.684433333333335,18.308860000000003,18.8304,29.200779999999998,28.080633333333335,29.200779999999998,24.7619,36.999880000000005,35.397,36.999880000000005,35.4067,52.463519999999995,52.09713333333334,52.463519999999995,50.1115,17.28922,17.025366666666667,17.28922,16.2364,27.23082,28.07456666666667,27.23082,29.337,33.613800000000005,31.7709,33.613800000000005,31.7345,34.02348,32.71746666666667,34.02348,33.122,34.43826,37.525133333333336,34.43826,37.7392,36.00856,36.096066666666665,36.00856,33.7838,39.309720000000006,39.39736666666667,39.309720000000006,37.1445,28.215780000000002,30.0998,28.215780000000002,30.826,33.05496,33.72116666666667,33.05496,30.836,0,,,,,False,2020,,341,Western Michigan,MAC,-6.3534,237,0.8796,17
Steve Henson,steve henson,2024,323,UTSA,Amer,8,1,0.4330708661417323,-4.7688125,-9.695333333333332,-6.4713400000000005,1.5442,0.24547500000000005,-2.4529333333333336,-2.7447,9.3123,-7.392,0.5,0.125,0.25,3.75,223.5,149,0.0,0.0,0.0,0.0,0.0,-0.042387499999999995,-1.1440749999999997,70.613375,69.43953333333333,70.58184,70.5987,64.75,74.33333333333333,56.8,44,47.488,46.44616666666667,47.363459999999996,48.2952,17.1097875,17.535300000000003,17.06156,15.514,28.530974999999998,30.008966666666666,28.653679999999998,32.0256,29.9892125,32.621,29.59348,35.0127,51.300287499999996,52.903099999999995,52.34748,51.9036,16.6985,15.147333333333334,16.33108,13.0621,27.388962499999998,28.649600000000003,27.834479999999996,28.9116,36.1961625,32.7369,34.90632,34.5685,32.496325,32.003033333333335,32.69268,33.3714,39.2206625,39.007466666666666,39.33508,44.5293,35.323175,36.7451,36.13374,36.9919,38.3189625,37.99393333333333,38.30482,37.4619,32.9424125,32.202,33.15086,36.6527,31.70845,32.5796,32.056560000000005,32.3588,0,,,,,False,2024,,323,UTSA,Amer,-6.7302,254,-1.216,-16
Steve Lavin,steve lavin,2026,251,San Diego,WCC,4,1,0.36153846153846153,-6.9445500000000004,-7.850933333333334,-6.9445500000000004,-4.2254,-2.613775,-1.3652333333333333,-2.613775,0.5253,-6.3594,0.25,0.0,0.25,-34.0,250.75,224,0.0,0.0,0.0,0.0,0.0,1.15655,-3.553675,69.783725,70.16886666666666,69.783725,68.0607,75.0,64.0,75.0,140,49.262175,48.655766666666665,49.262175,51.2406,17.5507,18.071766666666665,17.5507,17.5087,28.30175,28.346466666666668,28.30175,28.1136,29.806225,29.439966666666667,29.806225,25.7821,54.85445,53.72416666666667,54.85445,54.684,18.182,18.4748,18.182,18.8983,31.911875000000002,32.64116666666667,31.911875000000002,34.5491,39.23545,41.18326666666667,39.23545,38.8262,33.477325,33.02183333333333,33.477325,34.5679,37.512175,37.87433333333333,37.512175,43.6893,36.504149999999996,35.01023333333333,36.504149999999996,32.6761,39.967375000000004,39.400933333333334,39.967375000000004,40.0677,31.193975000000002,31.5106,31.193975000000002,37.2175,31.798825,30.1044,31.798825,28.4779,0,,,,,False,2026,,251,San Diego,WCC,-5.1374,226,-2.6853,-52
Steve Lutz,steve lutz,2026,218,Oklahoma St.,B12,5,3,0.6091954022988506,2.70984,6.860666666666667,2.70984,10.7739,3.45728,-0.05360000000000006,3.45728,13.6172,-2.3393,0.6,0.2,0.0,30.8,146.4,79,0.0,0.0,0.4,0.6,9.4,0.24494000000000007,-3.04488,71.5811,73.1825,71.5811,72.3141,34.6,7.333333333333333,34.6,9,49.98572,50.76576666666667,49.98572,51.9991,18.1214,17.746533333333335,18.1214,15.7799,31.4882,30.2186,31.4882,30.7752,37.05774,37.491366666666664,37.05774,39.3912,51.264100000000006,51.567033333333335,51.264100000000006,53.0878,19.4526,18.093799999999998,19.4526,15.5507,28.65172,28.8743,28.65172,30.3505,36.25902,33.599666666666664,36.25902,31.4513,33.9133,33.7866,33.9133,33.9309,33.414100000000005,33.764066666666665,33.414100000000005,35.4839,33.785039999999995,34.566300000000005,33.785039999999995,36.0,41.9664,42.056900000000006,41.9664,43.0084,26.64446,26.54133333333333,26.64446,27.0869,33.1971,34.44443333333333,33.1971,36.1607,0,,,,,False,2026,,218,Oklahoma St.,B12,10.7739,79,-0.8177,-10
Steve Masiello,steve masiello,2022,156,Manhattan,MAAC,7,1,0.40096618357487923,-9.882828571428572,-10.222866666666667,-10.15542,-4.9543,-4.184985714285714,-2.4862,-2.94068,-0.6959,-9.7986,0.0,0.0,0.2857142857142857,-38.285714285714285,274.85714285714283,216,0.0,0.0,0.0,0.0,0.0,-4.900799999999999,-5.6986,66.57098571428571,67.17049999999999,65.82221999999999,68.615,223.42857142857142,208.66666666666666,253.6,97,47.565628571428576,45.5504,47.10226,48.3072,21.70997142857143,20.69173333333333,21.769,20.5158,29.7211,30.679933333333334,30.746519999999997,29.9591,37.51448571428572,36.9878,36.36006,41.3793,50.33754285714286,49.18623333333333,49.71638,52.2041,21.7637,21.536366666666666,21.94018,19.8763,30.8022,30.207933333333333,30.595460000000003,30.896,44.899814285714285,42.501133333333335,42.810919999999996,34.6618,32.75121428571428,29.0898,32.07352,29.9048,37.335100000000004,36.669533333333334,37.4236,32.9154,35.00945714285714,33.82153333333333,34.43696,33.9383,34.635,33.146899999999995,35.63028,33.2729,30.401828571428574,27.7296,30.485419999999998,23.2363,27.500714285714285,26.2671,28.43646,26.2518,0,,,,,False,2022,,156,Manhattan,MAAC,-7.7349,257,-0.6959,-2
Steve McClain,steve mcclain,2020,119,Illinois Chicago,Horz,5,1,0.44970414201183434,-6.19836,-2.2517666666666667,-6.19836,-0.8374,-3.10804,-2.5282,-3.10804,1.487,-9.4426,0.2,0.0,0.4,-24.0,231.0,182,0.0,0.0,0.0,0.0,0.0,-3.19284,-1.8485399999999998,71.15166,70.66653333333333,71.15166,69.5031,51.6,64.33333333333333,51.6,105,49.34176,51.570299999999996,49.34176,50.806,21.311619999999998,21.078666666666667,21.311619999999998,22.4527,29.1629,27.135466666666662,29.1629,27.7202,34.8292,30.824833333333334,34.8292,29.3812,47.69008,47.026266666666665,47.69008,46.0867,16.9557,17.4942,16.9557,17.6799,30.195100000000004,29.629099999999998,30.195100000000004,28.1722,36.902660000000004,37.5718,36.902660000000004,36.5902,34.20888,34.52606666666667,34.20888,33.7912,35.2841,38.930233333333334,35.2841,37.8575,33.47742,31.66203333333333,33.47742,28.8114,34.36544,36.45496666666667,34.36544,38.5842,29.562959999999997,32.3227,29.562959999999997,31.5789,28.254700000000003,28.75776666666667,28.254700000000003,28.651,0,,,,,False,2020,,119,Illinois Chicago,Horz,-3.1425,204,-5.5115,-70
Steve Payne,steve payne,2019,288,Tennessee Tech,OVC,4,1,0.4566929133858268,-7.775525,-9.321633333333333,-7.775525,-3.1372,0.208275,-1.3438666666666668,0.208275,4.8647,-4.8967,0.75,0.0,0.0,21.75,248.0,196,0.0,0.0,0.0,0.0,0.0,-3.20085,-1.089975,69.173775,69.1682,69.173775,68.3266,119.75,122.0,119.75,139,48.902125,47.749433333333336,48.902125,46.1351,19.8886,20.590966666666667,19.8886,22.7993,28.19555,28.395166666666668,28.19555,27.9452,39.126325,37.51003333333333,39.126325,36.336,51.049549999999996,51.19433333333333,51.049549999999996,51.0728,18.969675,19.971566666666664,18.969675,19.1819,31.251224999999998,31.0243,31.251224999999998,32.8652,35.56955,36.5014,35.56955,33.2016,34.10175,33.515633333333334,34.10175,33.5689,38.096675,36.592666666666666,38.096675,34.4492,34.626175,34.04703333333333,34.626175,34.0591,37.47245,38.274233333333335,37.47245,36.3072,31.145925,30.4218,31.145925,30.1747,30.546225,30.374066666666668,30.546225,29.4619,0,,,,,False,2019,,288,Tennessee Tech,OVC,-14.871,320,-4.8967,-31
Steve Pikiell,steve pikiell,2026,242,Rutgers,B10,11,2,0.5282485875706214,9.67758181818182,7.572,9.81236,17.7193,0.40885454545454536,-3.8261333333333334,-2.54072,7.0916,-5.7869,0.5454545454545454,0.18181818181818182,0.09090909090909091,4.7272727272727275,83.0909090909091,28,0.0,0.2727272727272727,0.7272727272727273,0.36363636363636365,3.909090909090909,8.826672727272728,-5.949681818181818,66.95268181818182,67.98703333333333,66.91056,67.1708,218.1818181818182,150.0,201.8,193,47.776754545454544,47.0822,47.80986,47.218,17.222154545454547,15.643766666666666,16.27674,14.9521,31.92342727272727,30.239800000000002,30.489959999999996,29.69,31.0513,35.124066666666664,31.958460000000002,36.2671,48.45872727272728,51.00763333333333,49.63756,52.9934,18.944954545454546,18.712833333333332,19.10202,17.0881,28.950618181818182,32.14256666666667,30.24672,32.7986,30.389581818181817,32.12473333333333,30.473840000000003,31.6591,31.82965454545455,31.314733333333336,31.98356,32.3965,30.765545454545453,34.0348,32.79006,34.1932,33.29577272727273,34.4801,33.62208,35.5757,38.50412727272727,38.77036666666667,39.78024,39.2187,25.17110909090909,26.869,26.59858,27.3978,32.46644545454546,32.07026666666667,33.16114,32.214,0,,,,,False,2026,,242,Rutgers,B10,3.663,125,-5.7869,-40
Steve Prohm,steve prohm,2025,184,Murray St.,MVC,9,2,0.4913494809688581,8.798755555555555,-0.6908666666666669,1.2267,23.4472,-3.0814666666666666,-4.432666666666667,-6.5035799999999995,6.707,-12.865,0.3333333333333333,0.1111111111111111,0.4444444444444444,-39.888888888888886,104.66666666666667,15,0.3333333333333333,0.3333333333333333,0.4444444444444444,0.3333333333333333,1.6666666666666667,8.888555555555556,0.3908777777777777,68.01204444444444,65.38013333333333,67.18074,65.033,172.0,282.3333333333333,205.6,309,51.45753333333333,49.4608,49.24866,49.4021,16.724544444444447,15.865400000000001,17.48602,16.959,27.366788888888887,27.697866666666666,27.33268,29.1058,29.52333333333333,34.68833333333333,30.43452,41.2301,51.05368888888889,52.52266666666666,52.262299999999996,51.2041,17.942522222222223,16.949066666666667,17.98484,17.3327,29.59921111111111,26.444666666666667,28.779860000000003,26.4334,28.046044444444444,29.188766666666666,30.36052,35.4931,34.69195555555555,32.60673333333333,32.29742,33.6648,37.047444444444444,36.03553333333333,36.88762,40.0911,34.10927777777778,34.166533333333334,34.27912,32.1429,37.581177777777775,38.95153333333334,37.57928,32.1101,31.027988888888885,28.4316,29.64132,31.488,31.606388888888887,31.816466666666667,30.721519999999998,24.0535,0,,,,,False,2025,,184,Murray St.,MVC,2.2706,138,-2.1091,-25
Steve Smiley,steve smiley,2026,207,Northern Colorado,BSky,6,1,0.5677083333333334,-1.9796833333333332,0.6510333333333334,-1.13822,3.6323,1.3394333333333333,4.910266666666667,2.36512,6.5721,-3.789,0.5,0.3333333333333333,0.0,11.166666666666666,189.5,126,0.0,0.0,0.0,0.0,0.0,-2.8875333333333333,4.262816666666667,69.08605,69.2264,69.34,68.7547,94.83333333333333,86.33333333333333,76.0,105,54.60618333333334,55.92850000000001,55.27694,55.728,17.03921666666667,15.682566666666666,16.326140000000002,15.4389,24.644266666666667,25.644266666666667,24.62858,27.1967,30.482033333333334,29.4586,30.123720000000002,27.4831,51.66788333333333,51.64433333333333,52.168899999999994,50.086,14.508566666666667,14.4125,14.22038,12.3898,24.620733333333334,23.8984,24.65742,24.2278,33.28626666666667,34.36236666666667,32.98538,38.7615,36.49433333333334,35.69043333333334,36.276419999999995,34.966,40.546083333333335,38.32286666666667,40.04258,41.4786,34.106516666666664,33.8878,34.67782,30.6557,32.88211666666667,36.22956666666666,34.99342,34.9771,33.923366666666666,30.7124,32.90618,32.8925,26.338116666666668,28.585966666666668,28.24502,24.7792,0,,,,,False,2026,,207,Northern Colorado,BSky,1.5678,143,5.2179,57
Steve Wojciechowski,steve wojciechowski,2021,158,Marquette,BE,6,1,0.6020942408376964,13.714716666666668,14.704566666666667,14.874860000000002,17.1874,-1.58905,-3.186366666666667,-1.45762,2.4007,-7.338,0.16666666666666666,0.0,0.16666666666666666,-16.333333333333332,54.833333333333336,31,0.0,0.5,1.0,0.5,4.333333333333333,9.389716666666667,-0.30219999999999997,69.44428333333333,68.96966666666667,69.30718,67.4312,108.33333333333333,130.66666666666666,113.4,216,53.64405,51.86176666666666,53.980920000000005,50.5728,18.957733333333334,19.695666666666668,18.7496,20.9253,28.550316666666664,29.499033333333333,28.6416,29.1196,34.94688333333333,36.47136666666666,33.84304,35.0404,49.241083333333336,46.9255,49.35462,47.6694,17.1619,15.844500000000002,16.784280000000003,15.8558,28.322483333333334,26.8246,27.84662,28.33,33.880066666666664,33.5759,35.060320000000004,30.0186,37.966883333333335,36.43553333333333,38.77704,32.2523,39.984883333333336,41.2535,41.92254,37.3989,34.25336666666667,32.849,34.25168,33.8926,35.0152,35.834399999999995,35.09108,37.0416,34.274,34.54183333333334,36.504239999999996,28.5183,29.42795,30.2089,29.28412,32.1485,0,,,,,False,2021,,158,Marquette,BE,10.404,83,-7.338,-47
Steven Pearl,steven pearl,2026,18,Auburn,SEC,1,1,0.5789473684210527,19.2,19.2,19.2,19.2,-0.7789,-0.7789,-0.7789,-0.7789,-0.7789,0.0,0.0,0.0,-5.0,36.0,36,0.0,1.0,1.0,0.0,0.0,14.6562,8.3153,67.4416,67.4416,67.4416,67.4416,179.0,179.0,179.0,179,53.0004,53.0004,53.0004,53.0004,14.5715,14.5715,14.5715,14.5715,36.9955,36.9955,36.9955,36.9955,43.2326,43.2326,43.2326,43.2326,53.7111,53.7111,53.7111,53.7111,16.308,16.308,16.308,16.308,30.8294,30.8294,30.8294,30.8294,34.3556,34.3556,34.3556,34.3556,34.4227,34.4227,34.4227,34.4227,40.2103,40.2103,40.2103,40.2103,36.6962,36.6962,36.6962,36.6962,40.0889,40.0889,40.0889,40.0889,30.0571,30.0571,30.0571,30.0571,33.1774,33.1774,33.1774,33.1774,0,,,,,False,2026,,18,Auburn,SEC,19.2,36,-0.7789,-5
Sundance Wicks,sundance wicks,2026,348,Wyoming,MWC,3,2,0.4948453608247423,0.12903333333333325,0.12903333333333325,0.12903333333333325,7.7166,7.6235333333333335,7.6235333333333335,7.6235333333333335,12.4946,2.171,1.0,0.6666666666666666,0.0,70.66666666666667,170.0,95,0.0,0.0,0.3333333333333333,0.0,0.0,2.0284,-2.3146999999999998,64.99926666666666,64.99926666666666,64.99926666666666,66.4191,299.6666666666667,299.6666666666667,299.6666666666667,236,51.49873333333333,51.49873333333333,51.49873333333333,51.8124,18.275766666666666,18.275766666666666,18.275766666666666,16.283,30.4453,30.4453,30.4453,34.0541,31.753666666666664,31.753666666666664,31.753666666666664,35.4478,50.80186666666666,50.80186666666666,50.80186666666666,52.0024,15.504,15.504,15.504,16.7919,27.866500000000002,27.866500000000002,27.866500000000002,27.9923,41.068533333333335,41.068533333333335,41.068533333333335,47.9388,33.776266666666665,33.776266666666665,33.776266666666665,32.9616,43.950633333333336,43.950633333333336,43.950633333333336,43.0171,32.117666666666665,32.117666666666665,32.117666666666665,32.8407,36.17586666666667,36.17586666666667,36.17586666666667,35.8657,35.4963,35.4963,35.4963,32.7317,26.65846666666667,26.65846666666667,26.65846666666667,25.7069,0,,,,,False,2026,,348,Wyoming,MWC,7.7166,95,8.205,60
Sydney Johnson,sydney johnson,2019,83,Fairfield,MAAC,4,1,0.4765625,-5.788550000000001,-6.365233333333333,-5.788550000000001,-3.2977,-2.473725,-2.6960333333333337,-2.473725,0.1866,-6.6702,0.25,0.0,0.25,-22.25,231.25,204,0.0,0.0,0.0,0.0,0.0,-4.873975,-2.02915,69.72955,69.18223333333333,69.72955,67.8456,94.25,110.33333333333333,94.25,160,51.169225,51.12366666666667,51.169225,50.7407,18.54465,18.865366666666667,18.54465,20.6723,24.927175,24.97223333333333,24.927175,26.1074,28.673425,27.348933333333335,28.673425,23.9316,51.032725,51.50566666666666,51.032725,52.5538,19.155,19.239933333333333,19.155,21.3835,29.5667,28.069233333333333,29.5667,28.9095,35.7369,36.2914,35.7369,40.1231,34.465925,34.1448,34.465925,35.0,42.548775,42.886066666666665,42.548775,42.1652,35.675775,36.33776666666666,35.675775,36.6149,35.183375,34.8777,35.183375,35.6308,35.885999999999996,36.23023333333333,35.885999999999996,37.5,29.6483,29.6293,29.6483,29.3493,0,,,,,False,2019,,83,Fairfield,MAAC,-11.4295,301,-6.6702,-77
T.J. Otzelberger,t j otzelberger,2026,126,Iowa St.,B12,10,3,0.6578171091445427,13.9887,28.377266666666667,23.36054,32.0047,3.55749,6.364233333333334,6.481520000000001,9.0178,-5.3291,0.7,0.5,0.2,9.6,72.7,7,0.3,0.5,0.8,0.7,5.9,6.1983,-0.5335,67.51884,67.67786666666667,66.67644,67.0655,191.4,169.66666666666666,212.6,199,52.8335,54.350433333333335,52.4064,56.1969,17.48085,15.789,17.46774,14.9187,29.89477,32.8241,32.152300000000004,35.1525,32.535430000000005,35.916333333333334,32.5429,34.5414,49.902210000000004,48.6861,48.778800000000004,49.8031,20.02403,23.1735,23.824180000000002,22.5755,26.43906,28.614266666666666,28.13276,28.5949,32.01384,30.611033333333335,33.867599999999996,28.065,35.72974,36.61386666666667,34.900400000000005,38.2048,39.09866,35.800999999999995,35.78682,38.8814,33.62606,32.38656666666667,31.96452,32.0231,43.18781,42.892133333333334,42.6934,42.5899,32.46633,29.303533333333334,29.371679999999998,32.8388,35.54978,34.850766666666665,33.625119999999995,34.2257,0,,,,,False,2026,,126,Iowa St.,B12,32.0047,7,7.85,6
Tad Boyle,tad boyle,2026,56,Colorado,B12,11,1,0.5924932975871313,12.931963636363635,13.237633333333335,12.442820000000001,25.1002,0.9250363636363634,0.5661999999999999,-1.13864,11.0962,-6.3155,0.45454545454545453,0.09090909090909091,0.09090909090909091,2.0,61.72727272727273,8,0.18181818181818182,0.2727272727272727,0.9090909090909091,0.36363636363636365,3.6363636363636362,8.24230909090909,-0.8527181818181817,67.9571,68.18986666666666,68.12604,68.9395,164.36363636363637,138.0,135.6,97,51.07735454545455,52.91493333333333,51.61532,52.907,18.542609090909092,17.891766666666665,18.47882,14.593,30.89330909090909,30.0355,30.188,29.0237,35.11043636363637,35.852466666666665,34.42136,36.6532,48.893581818181815,50.72560000000001,49.646660000000004,52.5641,17.061863636363636,15.568433333333333,16.703200000000002,15.2757,25.868754545454546,27.539233333333332,26.42174,29.5139,31.508636363636366,32.7749,31.35496,36.6013,35.39408181818182,35.4535,35.02726,35.1506,35.0662,34.393166666666666,34.26184,35.2376,34.06232727272727,34.1571,33.52454,36.326,35.675363636363635,37.0254,36.407799999999995,36.4002,28.969427272727273,27.298333333333332,27.80674,27.7883,30.321763636363638,30.342366666666663,30.063499999999998,29.9772,0,,,,,False,2026,,56,Colorado,B12,11.9539,70,2.2134,13
Takayo Siddle,takayo siddle,2026,313,UNC Wilmington,CAA,6,1,0.7112299465240641,1.8035500000000002,5.022033333333334,3.6477000000000004,5.285,4.3335,3.288933333333333,5.18664,11.1873,0.0678,1.0,0.3333333333333333,0.0,44.833333333333336,147.33333333333334,105,0.0,0.0,0.0,0.16666666666666666,2.3333333333333335,-3.23875,-1.9319166666666667,66.0388,65.49943333333333,65.4475,65.2249,259.0,293.3333333333333,284.8,298,49.85196666666667,51.17466666666667,50.099540000000005,50.4039,15.504316666666666,14.571766666666667,15.382380000000001,14.8459,30.45381666666667,33.46783333333334,31.25358,35.2891,36.992133333333335,36.89263333333333,36.97052,40.4416,50.22723333333334,50.01056666666667,49.951139999999995,47.4756,18.11645,16.408733333333334,17.95028,14.9405,29.625383333333332,28.7992,29.254879999999996,27.5325,33.219766666666665,31.728466666666666,33.5186,31.7047,33.4839,33.5792,33.37716,34.9515,36.905033333333336,38.2838,37.01526,38.8261,32.67783333333333,33.0727,33.04318,29.6815,37.08371666666667,40.940599999999996,38.455439999999996,42.6167,29.17556666666667,29.846366666666665,29.117359999999998,31.6583,29.3366,33.06413333333333,30.806279999999997,32.0642,0,,,,,False,2026,,313,UNC Wilmington,CAA,5.0484,114,1.5653,6
Talvin Hester,talvin hester,2026,149,Louisiana Tech,CUSA,4,1,0.5877862595419847,2.39585,3.0555,2.39585,8.3303,-0.368025,0.12733333333333338,-0.368025,4.7678,-2.301,0.25,0.0,0.0,-17.75,145.75,94,0.0,0.0,0.25,0.0,0.0,0.12192499999999992,-1.4136,65.305825,64.94253333333334,65.305825,64.3309,288.0,311.6666666666667,288.0,332,50.365475,50.18743333333333,50.365475,47.4373,18.97645,18.685133333333333,18.97645,18.226,32.411075000000004,33.17223333333333,32.411075000000004,36.2745,34.6466,36.71586666666666,34.6466,33.1476,49.043775,47.394200000000005,49.043775,48.7097,17.865625,16.7187,17.865625,17.9305,29.075025,29.39063333333333,29.075025,31.5018,34.712475,33.4532,34.712475,36.3636,33.212225,32.7952,33.212225,28.5476,37.619749999999996,36.462633333333336,37.619749999999996,33.3705,34.212275,32.777233333333335,34.212275,33.9599,41.2714,40.722033333333336,41.2714,46.8035,29.953875,28.352566666666664,29.953875,24.3937,34.52555,33.76553333333334,34.52555,38.6959,0,,,,,False,2026,,149,Louisiana Tech,CUSA,-2.6909,197,-2.301,-44
Tavaras Hardy,tavaras hardy,2024,153,Loyola MD,Pat,6,1,0.375,-10.867133333333333,-14.238066666666668,-11.2974,-5.0235,-3.192966666666667,-5.459666666666667,-4.22376,2.3555,-9.6637,0.5,0.0,0.5,-23.0,283.0,214,0.0,0.0,0.0,0.0,0.0,-6.129049999999999,-19.458083333333335,67.37575,65.4607,67.14396,65.8091,196.33333333333334,278.6666666666667,210.0,280,50.73308333333333,49.6576,50.5638,47.24,19.645683333333334,19.687366666666666,19.66756,20.441,27.6416,27.000600000000002,27.59676,29.2237,32.44968333333333,27.7505,32.21848,30.0407,52.664350000000006,53.38693333333333,52.07021999999999,53.3449,19.045883333333332,18.871866666666666,18.74538,15.6456,27.70051666666667,27.04863333333333,27.313200000000002,26.3944,31.869,31.032366666666665,31.7777,32.5836,32.914633333333335,33.499233333333336,32.67938,32.7327,36.096466666666664,38.586666666666666,36.60552,38.6984,35.61561666666667,35.681266666666666,34.87496,35.6467,37.27571666666667,37.088366666666666,37.628060000000005,36.5629,29.25051666666667,32.9848,29.697540000000004,33.4014,30.961583333333333,30.83366666666667,31.001299999999997,30.2139,0,,,,,False,2024,,153,Loyola MD,Pat,-20.2709,350,-9.6637,-47
Ted Hotaling,ted hotaling,2026,373,New Haven,NEC,1,1,0.45161290322580644,-16.0262,-16.0262,-16.0262,-16.0262,3.4542,3.4542,3.4542,3.4542,3.4542,1.0,0.0,0.0,32.0,328.0,328,0.0,0.0,0.0,0.0,0.0,-9.6484,2.7671,63.3736,63.3736,63.3736,63.3736,351.0,351.0,351.0,351,48.7135,48.7135,48.7135,48.7135,17.7647,17.7647,17.7647,17.7647,21.5078,21.5078,21.5078,21.5078,31.7107,31.7107,31.7107,31.7107,51.8164,51.8164,51.8164,51.8164,17.0901,17.0901,17.0901,17.0901,26.8182,26.8182,26.8182,26.8182,27.675,27.675,27.675,27.675,30.192,30.192,30.192,30.192,39.847,39.847,39.847,39.847,34.2513,34.2513,34.2513,34.2513,38.3752,38.3752,38.3752,38.3752,30.1569,30.1569,30.1569,30.1569,31.6208,31.6208,31.6208,31.6208,0,,,,,False,2026,,373,New Haven,NEC,-16.0262,328,3.4542,32
Terrence Johnson,terrence johnson,2026,293,Texas St.,SB,6,1,0.5691489361702128,-1.8096500000000002,-3.7942666666666667,-1.9248,3.0751,-1.3968999999999998,-2.3710999999999998,-0.9813000000000001,2.0361,-3.9833,0.3333333333333333,0.0,0.0,-22.666666666666668,188.16666666666666,136,0.0,0.0,0.0,0.0,0.0,-2.88205,-2.1938166666666667,64.74183333333333,66.2393,65.20034000000001,66.075,298.3333333333333,253.0,287.2,253,49.79361666666667,49.257466666666666,49.39228,49.9417,18.916700000000002,18.884066666666666,18.67524,18.5918,31.86723333333333,33.38876666666666,32.513940000000005,33.9051,33.369883333333334,35.918733333333336,34.62652,33.9744,50.484316666666665,50.538666666666664,50.65026,52.0328,19.431016666666665,17.743566666666666,18.76744,18.5918,28.93865,29.774133333333335,29.432260000000003,28.4708,38.054516666666665,39.65336666666666,38.99876,39.0777,34.642,33.281533333333336,33.69162,32.2275,26.6259,25.604166666666668,26.550099999999997,24.5921,35.115100000000005,34.64933333333334,35.08928,35.7027,37.17471666666666,36.47933333333333,36.47494,37.5607,22.376316666666668,20.487800000000004,21.665399999999998,18.9064,30.57955,29.259933333333333,29.696160000000003,30.4828,0,,,,,False,2026,,293,Texas St.,SB,-6.6772,246,-3.9833,-69
Terry Porter,terry porter,2021,228,Portland,WCC,5,1,0.2866666666666667,-12.03878,-13.429899999999998,-12.03878,-9.6612,-5.598000000000001,-6.624033333333333,-5.598000000000001,1.3417,-11.9281,0.2,0.0,0.6,-53.2,297.0,272,0.0,0.0,0.0,0.0,0.0,2.58226,-2.40554,68.01432,69.04283333333333,68.01432,71.0126,182.0,133.0,182.0,55,47.972879999999996,47.372899999999994,47.972879999999996,46.2635,19.22214,19.594333333333335,19.22214,19.0455,20.19716,19.1369,20.19716,17.8125,35.72172,35.466833333333334,35.72172,33.9233,53.19506,54.082766666666664,53.19506,58.8703,17.031100000000002,17.494033333333334,17.031100000000002,17.9073,31.108120000000003,30.494833333333332,31.108120000000003,30.7692,30.606920000000002,29.688033333333333,30.606920000000002,23.2127,35.26622,33.67953333333333,35.26622,33.7629,36.72392,37.9936,36.72392,38.1514,36.322739999999996,36.5434,36.322739999999996,37.5546,39.87506,39.77296666666666,39.87506,40.4237,31.92928,31.984566666666666,31.92928,32.3723,33.994420000000005,33.758766666666666,33.994420000000005,33.6815,0,,,,,False,2021,,228,Portland,WCC,-14.7209,321,-5.9369,-47
Tevon Saddler,tevon saddler,2026,194,Nicholls,Slnd,3,1,0.54,-3.986666666666667,-3.986666666666667,-3.986666666666667,-0.2399,2.9102,2.9102,2.9102,7.7941,-1.0249,0.6666666666666666,0.3333333333333333,0.0,33.333333333333336,212.66666666666666,167,0.0,0.0,0.0,0.0,0.0,-1.7575333333333332,9.0026,67.62013333333333,67.62013333333333,67.62013333333333,68.2299,174.33333333333334,174.33333333333334,174.33333333333334,135,50.0648,50.0648,50.0648,50.6284,17.248833333333334,17.248833333333334,17.248833333333334,17.4246,28.832333333333334,28.832333333333334,28.832333333333334,28.1086,35.07816666666667,35.07816666666667,35.07816666666667,34.4809,50.7517,50.7517,50.7517,54.3689,17.861666666666668,17.861666666666668,17.861666666666668,20.4888,32.4606,32.4606,32.4606,33.7411,37.72676666666667,37.72676666666667,37.72676666666667,37.9212,35.01083333333333,35.01083333333333,35.01083333333333,33.2503,40.32096666666667,40.32096666666667,40.32096666666667,43.8798,32.2723,32.2723,32.2723,34.5643,37.505300000000005,37.505300000000005,37.505300000000005,38.6636,33.96093333333334,33.96093333333334,33.96093333333334,35.2708,28.171666666666667,28.171666666666667,28.171666666666667,28.9843,0,,,,,False,2026,,194,Nicholls,Slnd,-6.2885,237,-1.0249,-12
Thad Matta,thad matta,2026,34,Butler,BE,6,2,0.507537688442211,9.641133333333334,10.9811,9.56984,12.5979,-0.7427833333333332,2.0235,-0.39178,6.8227,-9.211,0.5,0.16666666666666666,0.16666666666666666,-8.833333333333334,81.33333333333333,61,0.0,0.0,0.8333333333333334,0.0,0.5,9.462866666666667,-0.8453833333333334,67.6934,68.42966666666666,67.73002,68.7239,174.33333333333334,124.66666666666667,168.6,107,51.2626,52.15826666666666,51.635419999999996,50.91,17.174216666666666,15.827066666666667,16.854840000000003,15.9187,27.8151,28.997366666666665,27.32864,34.555,34.25901666666667,35.1902,33.912819999999996,42.0697,49.5882,50.6661,50.18952,51.8873,15.964716666666668,14.1969,15.7364,15.1272,29.366316666666666,29.335233333333335,29.421120000000002,30.0946,25.14816666666667,22.81526666666667,24.0921,24.8529,34.41801666666667,34.9099,34.6146,32.7381,36.05886666666667,38.18366666666667,36.70422,34.9454,33.09945,32.492133333333335,33.04402,33.2898,37.24283333333333,37.376799999999996,37.27686,37.549,29.310766666666666,30.752866666666666,29.8358,25.9843,31.64715,30.84566666666667,31.5003,30.8343,0,,,,,False,2026,,34,Butler,BE,9.8042,84,-1.4252,-12
Tic Price,tic price,2021,140,Lamar,Slnd,6,1,0.5052631578947369,-8.069583333333332,-7.877166666666667,-6.587479999999999,-3.7212,0.6125999999999999,-0.06636666666666684,1.43586,6.7375,-5.6096,0.6666666666666666,0.16666666666666666,0.16666666666666666,20.0,251.5,203,0.0,0.0,0.0,0.0,0.0,-6.960233333333334,-1.1590833333333332,68.88455,68.4725,68.26527999999999,67.5217,143.16666666666666,150.0,165.6,210,48.379999999999995,47.767066666666665,48.55632,45.9888,19.692333333333334,20.0918,19.53048,20.0949,31.276750000000003,30.505200000000002,30.872000000000003,26.3467,37.90026666666667,36.0366,36.9423,30.8458,51.77946666666667,51.709133333333334,51.74123999999999,52.2796,20.761333333333333,20.7777,21.03406,19.9934,29.68195,29.637133333333335,29.21058,28.8187,36.29345,30.1965,34.2001,27.4772,33.51385,32.7336,33.69234,31.236,33.14118333333333,30.435933333333335,33.07676,27.6741,35.23886666666667,36.0152,35.18604,38.6986,35.09811666666666,36.88646666666667,35.3442,35.5015,27.149866666666668,24.657066666666665,27.27178,22.6262,28.876566666666665,32.0105,29.391280000000002,33.465,0,,,,,False,2021,,140,Lamar,Slnd,-12.8196,307,-5.6096,-62
Tim Bergstraser,tim bergstraser,2026,68,Denver,Sum,1,1,0.46875,-6.2542,-6.2542,-6.2542,-6.2542,8.9104,8.9104,8.9104,8.9104,8.9104,1.0,1.0,0.0,109.0,235.0,235,0.0,0.0,0.0,0.0,0.0,-2.1995,7.5772,67.8973,67.8973,67.8973,67.8973,149.0,149.0,149.0,149,53.6124,53.6124,53.6124,53.6124,14.2595,14.2595,14.2595,14.2595,29.8403,29.8403,29.8403,29.8403,34.117,34.117,34.117,34.117,56.0272,56.0272,56.0272,56.0272,12.9677,12.9677,12.9677,12.9677,32.7968,32.7968,32.7968,32.7968,36.7855,36.7855,36.7855,36.7855,36.7953,36.7953,36.7953,36.7953,38.6468,38.6468,38.6468,38.6468,36.6972,36.6972,36.6972,36.6972,37.0119,37.0119,37.0119,37.0119,31.945,31.945,31.945,31.945,29.5445,29.5445,29.5445,29.5445,0,,,,,False,2026,,68,Denver,Sum,-6.2542,235,8.9104,109
Tim Cluess,tim cluess,2020,124,Iona,MAAC,5,1,0.5670731707317073,1.303,-1.6039,1.303,7.129,-1.4072,-2.4926999999999997,-1.4072,0.528,-4.106,0.6,0.0,0.0,-24.6,155.4,104,0.0,0.0,0.0,0.8,11.6,-3.44242,1.7914,70.4777,69.96996666666666,70.4777,68.6742,71.6,88.33333333333333,71.6,156,53.01649999999999,52.62976666666666,53.01649999999999,51.0088,17.56278,17.925166666666666,17.56278,20.4907,26.204020000000003,24.9068,26.204020000000003,25.1087,32.81794,33.57333333333333,32.81794,33.7327,50.57532,51.3679,50.57532,49.3529,18.63714,18.653000000000002,18.63714,18.655,31.25358,31.082333333333334,31.25358,31.6713,32.20762,30.438866666666666,32.20762,34.1765,36.67916,35.57653333333334,36.67916,33.2838,42.33356,42.56986666666666,42.33356,42.4338,36.1382,36.27153333333334,36.1382,36.3363,37.71944,39.0079,37.71944,39.1765,35.61374,34.75546666666667,35.61374,33.1034,33.27344,34.557433333333336,33.27344,35.3285,0,,,,,False,2020,,124,Iona,MAAC,-4.5621,221,-3.9001,-51
Tim Craft,tim craft,2026,338,Western Carolina,SC,11,2,0.49855907780979825,-4.473827272727273,-8.678633333333334,-5.643140000000001,0.2164,0.5633727272727274,-4.474933333333333,-1.66812,7.0772,-9.4896,0.45454545454545453,0.2727272727272727,0.09090909090909091,10.636363636363637,216.45454545454547,163,0.0,0.0,0.0,0.09090909090909091,1.4545454545454546,-3.3576363636363635,5.521854545454546,68.10867272727273,69.303,68.28714,67.8379,158.9090909090909,89.0,131.2,156,50.31091818181819,48.3051,49.12156,50.4454,18.46503636363636,17.293633333333332,18.29768,16.7695,28.052927272727274,29.688599999999997,28.913120000000003,35.386,33.4792,31.42103333333333,31.51798,31.2918,50.01626363636364,52.0967,50.1651,54.919,17.61529090909091,14.7125,16.6826,14.5303,28.01130909090909,27.473133333333333,26.736560000000004,26.294,36.3890909090909,37.035,37.40436,37.7924,34.4473,32.5748,32.70312,33.4694,38.446754545454546,41.5051,39.5286,40.9243,33.696681818181816,34.34126666666666,33.25902,36.6758,39.99474545454546,40.61363333333333,40.178399999999996,43.6713,32.16607272727273,34.17593333333333,32.39886,33.3484,31.997218181818184,31.861566666666665,31.33476,34.9629,0,,,,,False,2026,,338,Western Carolina,SC,-5.4484,227,-1.3281,-23
Tim Duryea,tim duryea,2018,320,Utah St.,MWC,3,1,0.4948453608247423,2.7449999999999997,2.7449999999999997,2.7449999999999997,3.2469,0.5939333333333333,0.5939333333333333,0.5939333333333333,1.5614,-0.4187,0.6666666666666666,0.0,0.0,-3.3333333333333335,134.33333333333334,130,0.0,0.0,0.0,0.0,0.0,2.2049,-0.9201,66.7919,66.7919,66.7919,66.7976,246.33333333333334,246.33333333333334,246.33333333333334,244,52.643166666666666,52.643166666666666,52.643166666666666,53.1996,18.189766666666667,18.189766666666667,18.189766666666667,18.8256,26.523066666666665,26.523066666666665,26.523066666666665,25.4069,33.97866666666667,33.97866666666667,33.97866666666667,33.243,50.74536666666666,50.74536666666666,50.74536666666666,51.9262,16.6536,16.6536,16.6536,17.5969,27.264333333333337,27.264333333333337,27.264333333333337,26.4305,33.4086,33.4086,33.4086,33.2798,37.32203333333333,37.32203333333333,37.32203333333333,36.019,40.225433333333335,40.225433333333335,40.225433333333335,45.7701,35.256566666666664,35.256566666666664,35.256566666666664,36.0347,37.00666666666667,37.00666666666667,37.00666666666667,36.9716,34.794266666666665,34.794266666666665,34.794266666666665,38.1112,31.231133333333332,31.231133333333332,31.231133333333332,31.0732,0,,,,,False,2018,,320,Utah St.,MWC,2.5713,139,-0.4187,-16
Tim Floyd,tim floyd,2017,322,UTEP,CUSA,2,1,0.5230769230769231,-3.93185,-3.93185,-3.93185,-2.9349,-2.38065,-2.38065,-2.38065,1.1726,-5.9339,0.5,0.0,0.5,-26.5,207.5,200,0.0,0.0,0.0,0.0,0.0,-5.0115,-5.00305,68.95245,68.95245,68.95245,66.2675,151.5,151.5,151.5,265,52.07805,52.07805,52.07805,51.7675,18.0649,18.0649,18.0649,19.009,23.355,23.355,23.355,22.2113,38.578649999999996,38.578649999999996,38.578649999999996,36.3092,49.4686,49.4686,49.4686,49.4737,18.3786,18.3786,18.3786,17.507,28.36985,28.36985,28.36985,25.0227,37.851,37.851,37.851,39.0643,35.37355,35.37355,35.37355,34.2629,31.2225,31.2225,31.2225,30.0779,34.10135,34.10135,34.10135,34.0058,40.01645,40.01645,40.01645,40.5848,25.5439,25.5439,25.5439,24.2367,32.83055,32.83055,32.83055,32.9609,0,,,,,False,2017,,322,UTEP,CUSA,-2.9349,200,1.1726,17
Tim Jankovich,tim jankovich,2022,261,SMU,Amer,6,1,0.6444444444444445,12.434883333333334,11.7624,9.9752,24.7333,-1.513583333333333,-0.3622666666666667,-3.9674799999999997,10.7559,-10.1711,0.3333333333333333,0.16666666666666666,0.3333333333333333,-16.166666666666668,68.0,11,0.16666666666666666,0.16666666666666666,0.8333333333333334,0.16666666666666666,1.6666666666666667,3.930516666666666,-4.40805,65.78148333333333,67.30716666666666,66.24494,68.3597,259.6666666666667,193.0,245.0,107,52.250400000000006,51.89823333333334,51.781060000000004,51.4909,18.125833333333333,19.0894,18.369239999999998,17.6914,32.5332,30.599566666666664,31.591320000000003,27.5862,32.14095,32.855266666666665,31.368720000000003,35.623,47.76263333333333,47.02506666666667,48.12428,44.5516,18.87476666666667,18.6022,18.9899,16.9525,29.712783333333334,29.494733333333333,30.36688,30.2169,28.923333333333332,29.62076666666667,29.79098,25.4098,35.879866666666665,34.2409,34.942359999999994,35.3535,39.97886666666667,40.69993333333333,40.69158,42.1725,33.39778333333333,33.1236,33.653639999999996,29.7872,41.015366666666665,38.678533333333334,40.11056,33.9923,33.60175,32.52466666666667,33.71956,34.4828,35.50971666666667,33.46726666666667,34.554520000000004,28.4424,0,,,,,False,2022,,261,SMU,Amer,12.59,62,-0.917,-2
Tim Miles,tim miles,2026,254,San Jose St.,MWC,9,2,0.43666666666666665,2.976755555555555,-3.786,-3.0117000000000003,14.3465,2.7010666666666667,-2.628766666666667,2.14844,12.301,-6.1379,0.5555555555555556,0.4444444444444444,0.1111111111111111,14.88888888888889,146.44444444444446,47,0.0,0.1111111111111111,0.4444444444444444,0.0,1.0,6.963288888888889,-1.5087000000000002,66.07076666666666,65.8932,65.12226000000001,65.1454,254.66666666666666,268.0,284.8,303,49.54323333333333,50.4751,50.27374,49.6716,17.00358888888889,15.998200000000002,17.33836,15.15,28.814944444444443,26.179199999999998,27.04676,29.3213,30.058955555555556,29.219733333333334,27.46832,33.4428,51.40171111111111,54.5097,53.07988,57.1309,17.285055555555555,16.688433333333332,15.792419999999998,17.4225,30.89161111111111,32.9454,30.7842,36.4693,31.6403,33.214800000000004,31.050620000000002,35.3468,34.06797777777778,34.9245,34.41294,35.2857,37.83511111111111,40.361866666666664,41.35444,38.3142,35.60755555555556,35.625733333333336,35.44342,36.0399,34.46251111111111,36.62573333333333,35.84092,39.2617,32.19054444444444,34.6039,35.64532,32.7008,29.296911111111108,29.359866666666665,29.560360000000003,29.9408,0,,,,,False,2026,,254,San Jose St.,MWC,-4.7331,222,-3.7963,-62
Tim O'Shea,tim oshea,2018,31,Bryant,NEC,3,1,0.24468085106382978,-18.010133333333332,-18.010133333333332,-18.010133333333332,-10.2723,-8.0798,-8.0798,-8.0798,1.0721,-16.5589,0.3333333333333333,0.0,0.6666666666666666,-33.333333333333336,323.6666666666667,281,0.0,0.0,0.0,0.0,0.0,-6.287233333333333,2.8598,68.87046666666667,68.87046666666667,68.87046666666667,70.1185,133.0,133.0,133.0,74,48.29646666666667,48.29646666666667,48.29646666666667,47.8735,18.954533333333334,18.954533333333334,18.954533333333334,18.1672,27.122266666666665,27.122266666666665,27.122266666666665,26.1526,29.1608,29.1608,29.1608,27.7512,53.5263,53.5263,53.5263,57.579,17.1252,17.1252,17.1252,17.8048,32.71536666666667,32.71536666666667,32.71536666666667,34.0996,34.015966666666664,34.015966666666664,34.015966666666664,32.9941,33.349799999999995,33.349799999999995,33.349799999999995,34.3046,36.87376666666666,36.87376666666666,36.87376666666666,40.1382,35.615833333333335,35.615833333333335,35.615833333333335,40.5263,39.4127,39.4127,39.4127,40.707,31.665733333333332,31.665733333333332,31.665733333333332,35.823,31.959500000000002,31.959500000000002,31.959500000000002,35.7862,0,,,,,False,2018,,31,Bryant,NEC,-22.0602,344,-8.7526,-24
Tobin Anderson,tobin anderson,2025,124,Iona,MAAC,3,2,0.5192307692307693,-7.0587333333333335,-7.0587333333333335,-7.0587333333333335,-4.8577,0.8404999999999999,0.8404999999999999,0.8404999999999999,12.0922,-5.2035,0.3333333333333333,0.3333333333333333,0.3333333333333333,-8.333333333333334,250.33333333333334,226,0.0,0.0,0.0,0.3333333333333333,5.333333333333333,-8.127766666666666,-3.4866333333333333,68.00633333333333,68.00633333333333,68.00633333333333,68.2949,149.33333333333334,149.33333333333334,149.33333333333334,130,49.60773333333333,49.60773333333333,49.60773333333333,47.5422,17.402133333333335,17.402133333333335,17.402133333333335,20.9086,32.78053333333333,32.78053333333333,32.78053333333333,39.1304,28.096866666666667,28.096866666666667,28.096866666666667,27.8554,53.0713,53.0713,53.0713,51.7073,22.055433333333337,22.055433333333337,22.055433333333337,22.8249,30.359866666666665,30.359866666666665,30.359866666666665,30.9222,35.66833333333333,35.66833333333333,35.66833333333333,35.6098,33.789633333333335,33.789633333333335,33.789633333333335,31.7614,37.0437,37.0437,37.0437,34.747,33.97886666666667,33.97886666666667,33.97886666666667,32.6431,41.5227,41.5227,41.5227,44.4986,31.637866666666667,31.637866666666667,31.637866666666667,28.9996,31.8636,31.8636,31.8636,33.5559,0,,,,,False,2025,,124,Iona,MAAC,-7.9577,260,-4.3672,-56
Tod Kowalczyk,tod kowalczyk,2026,296,Toledo,MAC,11,1,0.6336088154269972,4.800227272727273,-0.07336666666666665,3.3291000000000004,11.7066,1.9426636363636363,0.5252000000000002,0.7576400000000001,8.1886,-7.3658,0.6363636363636364,0.2727272727272727,0.09090909090909091,12.636363636363637,121.63636363636364,61,0.0,0.0,0.36363636363636365,0.0,0.8181818181818182,-1.3101727272727273,0.4145636363636365,68.36401818181818,68.49646666666666,68.761,67.8667,142.45454545454547,121.33333333333333,102.0,153,53.46814545454545,52.75366666666667,53.50972,54.4961,15.82830909090909,14.478666666666667,14.346680000000001,14.6255,29.015927272727275,29.4969,29.72496,29.5097,33.149418181818184,33.757733333333334,32.731700000000004,30.4393,50.99498181818182,55.092166666666664,53.067679999999996,54.3801,16.31330909090909,17.244933333333332,17.075139999999998,17.8656,28.480099999999997,30.946299999999997,30.2317,33.5437,26.27706363636364,26.44713333333333,25.946659999999998,26.5881,37.110172727272726,36.10413333333333,36.646820000000005,37.0429,36.6263,29.883333333333336,31.30124,32.5065,34.15950909090909,35.6344,34.8228,34.4872,36.83018181818182,38.221333333333334,38.83538,39.959,31.043254545454545,24.716466666666665,26.11696,27.3796,31.268854545454545,31.6142,32.544439999999994,32.5666,0,,,,,False,2026,,296,Toledo,MAC,2.9933,130,4.9633,37
Todd Bozeman,todd bozeman,2019,182,Morgan St.,MEAC,4,1,0.36585365853658536,-15.428575,-16.046333333333333,-15.428575,-13.5753,-0.144725,0.2889,-0.144725,1.901,-1.8444,0.5,0.0,0.0,8.5,321.25,304,0.0,0.0,0.0,0.0,0.0,-11.503875,-0.13947499999999996,69.447675,69.55106666666667,69.447675,72.0524,118.5,119.33333333333333,118.5,22,43.9835,43.962799999999994,43.9835,43.7326,18.30355,18.8267,18.30355,17.8909,32.705675,33.477399999999996,32.705675,31.7988,36.80305,37.124900000000004,36.80305,34.3175,51.2036,51.37863333333333,51.2036,53.323,21.324525,21.5,21.324525,23.9026,32.694275,32.27766666666667,32.694275,35.124,40.4052,41.0319,40.4052,39.8758,31.093575,31.42573333333333,31.093575,33.0612,27.8913,27.635433333333335,27.8913,27.298,32.81585,33.364866666666664,32.81585,36.6554,35.046475,36.12883333333334,35.046475,36.7702,22.819000000000003,22.763433333333335,22.819000000000003,24.2879,26.62345,27.723766666666666,26.62345,30.2932,0,,,,,False,2019,,182,Morgan St.,MEAC,-17.8515,333,0.8101,10
Todd Golden,todd golden,2026,86,Florida,SEC,7,2,0.6751054852320675,19.43802857142857,29.405833333333334,23.4155,36.4571,3.634314285714286,8.134833333333335,3.7095,18.0759,-5.8648,0.7142857142857143,0.2857142857142857,0.14285714285714285,8.0,42.714285714285715,3,0.42857142857142855,0.5714285714285714,1.0,0.5714285714285714,2.7142857142857144,9.675871428571428,2.7933285714285714,69.5765,70.8081,70.1228,70.3611,87.0,35.0,51.4,31,52.25778571428572,53.5919,52.64876,54.1499,16.565485714285717,15.918433333333335,16.34496,16.3381,32.38411428571428,39.72303333333333,34.57978,43.3463,32.31184285714286,37.4383,35.07138,39.0451,47.74622857142857,46.9606,46.84104,46.1431,17.272628571428573,15.470500000000001,16.52532,15.2674,26.58234285714286,27.567333333333334,27.46864,24.8347,33.6265,33.798566666666666,32.723079999999996,34.0346,33.486085714285714,33.74636666666667,33.392559999999996,31.2048,41.469542857142855,38.426899999999996,39.35512,37.037,32.107571428571426,31.364,30.91272,32.0988,31.68548571428571,34.562333333333335,32.9148,34.0813,32.92621428571429,29.08373333333334,30.3773,25.4754,25.471214285714286,27.493966666666665,26.086059999999996,28.0351,0,,,,,False,2026,,86,Florida,SEC,33.5671,6,4.1051,-4
Todd Lee,todd lee,2022,265,South Dakota,Sum,4,1,0.559322033898305,-2.0952,-0.9224,-2.0952,0.6413,-1.968725,-0.0077333333333334435,-1.968725,4.5253,-7.8517,0.25,0.0,0.25,-28.25,193.75,159,0.0,0.0,0.0,0.0,0.0,-3.45845,0.37609999999999977,67.891475,68.20456666666666,67.891475,65.6834,171.75,159.0,171.75,256,52.486975,53.283633333333334,52.486975,52.0036,15.406875,15.1778,15.406875,15.1514,22.290275,22.541966666666667,22.290275,26.6667,35.9666,36.010666666666665,35.9666,34.1226,51.539249999999996,51.463966666666664,51.539249999999996,52.6902,15.84045,15.304499999999999,15.84045,15.5582,23.616775,22.9894,23.616775,22.4101,34.24555,33.914899999999996,34.24555,34.1991,37.2623,38.3953,37.2623,37.3406,35.173025,33.3355,35.173025,33.3333,36.021699999999996,36.08596666666667,36.021699999999996,36.2126,36.5843,36.7765,36.5843,37.2294,29.667325,28.672433333333334,29.667325,28.7787,30.8065,31.154300000000003,30.8065,31.0984,0,,,,,False,2022,,265,South Dakota,Sum,-3.0457,210,-1.1647,-25
Todd Lickliter,todd lickliter,2022,82,Evansville,MVC,2,1,0.2727272727272727,-9.155100000000001,-9.155100000000001,-9.155100000000001,-4.1196,-2.9710999999999994,-2.9710999999999994,-2.9710999999999994,7.6984,-13.6406,0.5,0.5,0.5,-19.5,262.5,204,0.0,0.0,0.0,0.0,0.0,3.0595499999999998,-3.4767,63.03059999999999,63.03059999999999,63.03059999999999,64.0628,342.0,342.0,342.0,329,50.09315,50.09315,50.09315,46.9915,17.24635,17.24635,17.24635,17.1755,16.5989,16.5989,16.5989,14.1684,24.997700000000002,24.997700000000002,24.997700000000002,24.5912,56.7428,56.7428,56.7428,56.1151,18.0934,18.0934,18.0934,17.8583,23.1189,23.1189,23.1189,22.0748,32.67165,32.67165,32.67165,31.0007,35.15775,35.15775,35.15775,32.6389,48.063649999999996,48.063649999999996,48.063649999999996,47.0896,39.7151,39.7151,39.7151,38.4466,31.4227,31.4227,31.4227,33.6821,42.8983,42.8983,42.8983,41.3247,27.3206,27.3206,27.3206,28.7791,0,,,,,False,2022,,82,Evansville,MVC,-14.1906,321,-13.6406,-151
Todd Phillips,todd phillips,2026,321,Utah Valley,WAC,3,1,0.66,4.236366666666667,4.236366666666667,4.236366666666667,8.5569,2.1846666666666668,2.1846666666666668,2.1846666666666668,3.686,-0.5456,0.6666666666666666,0.0,0.0,20.333333333333332,122.0,92,0.0,0.0,0.3333333333333333,0.0,0.0,-0.04196666666666669,3.293366666666667,68.26506666666667,68.26506666666667,68.26506666666667,68.6727,131.33333333333334,131.33333333333334,131.33333333333334,108,50.90043333333333,50.90043333333333,50.90043333333333,54.9463,18.471799999999998,18.471799999999998,18.471799999999998,20.0358,31.435066666666668,31.435066666666668,31.435066666666668,34.8214,38.5478,38.5478,38.5478,38.2702,48.3271,48.3271,48.3271,49.3619,18.813833333333335,18.813833333333335,18.813833333333335,21.3225,28.3931,28.3931,28.3931,31.3503,35.54313333333334,35.54313333333334,35.54313333333334,39.1531,31.68263333333333,31.68263333333333,31.68263333333333,34.0206,31.022000000000002,31.022000000000002,31.022000000000002,32.8999,33.920433333333335,33.920433333333335,33.920433333333335,35.1916,33.814366666666665,33.814366666666665,33.814366666666665,33.2947,23.010266666666666,23.010266666666666,23.010266666666666,24.6678,28.2272,28.2272,28.2272,27.6082,0,,,,,False,2026,,321,Utah Valley,WAC,8.5569,92,3.4136,19
Todd Simon,todd simon,2026,28,Bowling Green,MAC,11,3,0.5307262569832403,-3.1935,-4.959966666666666,-1.71632,5.6833,1.828,-0.24340000000000014,0.10842,10.0573,-4.659,0.5454545454545454,0.2727272727272727,0.0,17.0,201.45454545454547,111,0.0,0.0,0.0,0.0,0.0,-3.0868272727272728,-0.2612090909090909,70.17326363636363,68.37226666666668,69.07542000000001,68.4085,75.18181818181819,126.66666666666667,100.0,124,50.321827272727276,49.922266666666665,50.86964,51.8161,17.738327272727272,16.7719,17.25846,16.5322,27.31249090909091,28.230033333333335,28.08504,28.6706,37.39147272727273,35.510933333333334,35.89818,37.024,51.290000000000006,51.5916,51.60258,51.0391,17.270372727272726,17.270133333333334,17.30304,18.3908,26.019645454545454,26.6093,25.681060000000002,26.8806,35.649063636363636,31.354733333333332,30.6019,37.1638,33.70939090909091,32.4456,33.36246,34.4178,37.871618181818185,36.210633333333334,37.432100000000005,34.2121,35.266045454545456,34.48413333333333,34.789480000000005,33.5312,37.13348181818182,39.32646666666667,38.58876,41.198,30.006918181818182,28.067766666666667,29.35336,27.0889,30.636054545454545,32.13013333333333,31.95514,32.1479,0,,,,,False,2026,,28,Bowling Green,MAC,1.3634,144,4.771,49
Tom Crean,tom crean,2022,98,Georgia,SEC,6,2,0.4816753926701571,8.967466666666667,4.047133333333334,6.1511000000000005,23.0493,-1.8980833333333333,-3.243533333333333,-3.2091000000000003,4.657,-5.9504,0.3333333333333333,0.0,0.16666666666666666,-26.333333333333332,99.5,11,0.16666666666666666,0.3333333333333333,0.6666666666666666,0.16666666666666666,1.3333333333333333,8.824833333333332,-2.8402666666666665,69.5438,70.76063333333333,69.81246,68.6062,106.16666666666667,58.666666666666664,95.6,99,52.610099999999996,50.58003333333334,51.39662,50.1739,20.940450000000002,20.743266666666667,21.21716,20.6795,32.7551,30.074166666666667,31.86008,25.831,36.02546666666667,35.65676666666666,36.45574,39.0145,50.782783333333334,52.58353333333333,50.98352,54.5523,17.545916666666667,18.400766666666666,17.27576,15.711,30.104633333333336,30.800600000000003,30.2794,30.0813,30.654333333333337,29.010133333333332,30.7469,24.0946,34.377500000000005,31.507966666666665,32.93974,32.1317,37.39041666666667,35.9108,36.70724,36.9855,33.693616666666664,33.67353333333333,33.577,34.8837,35.634750000000004,37.522400000000005,36.517219999999995,41.0966,29.400533333333332,26.751033333333336,28.120479999999997,27.5291,29.323583333333332,30.31696666666667,29.84298,34.0366,0,,,,,False,2022,,98,Georgia,SEC,-3.9904,219,-4.4594,-60
Tom Devitt,tom devitt,2023,107,Hartford,ind,1,1,0.17857142857142858,-29.0324,-29.0324,-29.0324,-29.0324,-13.4014,-13.4014,-13.4014,-13.4014,-13.4014,0.0,0.0,1.0,-20.0,362.0,362,0.0,0.0,0.0,0.0,0.0,-9.1156,-8.9278,65.3974,65.3974,65.3974,65.3974,276.0,276.0,276.0,276,47.6528,47.6528,47.6528,47.6528,22.6727,22.6727,22.6727,22.6727,25.3301,25.3301,25.3301,25.3301,24.1431,24.1431,24.1431,24.1431,55.4007,55.4007,55.4007,55.4007,17.594,17.594,17.594,17.594,33.5006,33.5006,33.5006,33.5006,27.7352,27.7352,27.7352,27.7352,31.9778,31.9778,31.9778,31.9778,40.313,40.313,40.313,40.313,38.6617,38.6617,38.6617,38.6617,37.4913,37.4913,37.4913,37.4913,34.7855,34.7855,34.7855,34.7855,33.3512,33.3512,33.3512,33.3512,0,,,,,False,2023,,107,Hartford,ind,-29.0324,362,-13.4014,-20
Tom Izzo,tom izzo,2026,169,Michigan St.,B10,11,1,0.7078947368421052,22.43850909090909,25.94113333333333,22.03912,30.8072,1.8072363636363635,6.185566666666667,2.7885800000000005,11.4738,-8.8625,0.45454545454545453,0.36363636363636365,0.18181818181818182,-2.909090909090909,20.545454545454547,3,0.6363636363636364,0.9090909090909091,1.0,1.0,5.2727272727272725,12.139436363636365,1.9038727272727272,66.9193090909091,66.3745,66.26254,66.3307,220.1818181818182,245.0,237.6,243,53.00596363636364,52.096000000000004,51.9905,53.7934,17.852536363636364,16.198,16.75364,17.1841,32.87347272727273,34.30786666666666,32.24324,37.7932,32.26710909090909,34.28613333333333,31.97756,35.8786,46.155545454545454,47.70673333333334,47.965959999999995,48.8693,15.464381818181819,16.463933333333333,15.890379999999999,14.9353,25.887781818181818,25.214866666666666,25.58494,22.3941,31.230336363636365,31.363200000000003,30.07904,30.201,36.91038181818182,34.5401,36.12496,36.2903,35.0547,33.242399999999996,33.291520000000006,36.417,31.754945454545453,31.18513333333333,31.51028,32.9706,37.61714545454545,42.81813333333333,40.89958,46.1809,29.87606363636364,26.482166666666668,28.204380000000004,29.3691,31.224881818181817,33.94603333333333,32.866820000000004,38.0017,0,,,,,False,2026,,169,Michigan St.,B10,28.7628,10,8.0561,15
Tom Moore,tom moore,2017,235,Quinnipiac,MAAC,2,1,0.3114754098360656,-11.666699999999999,-11.666699999999999,-11.666699999999999,-11.4386,-4.0779499999999995,-4.0779499999999995,-4.0779499999999995,-3.8753,-4.2806,0.0,0.0,0.0,-21.5,292.5,291,0.0,0.0,0.0,0.0,0.0,-4.3959,-6.0534,70.8426,70.8426,70.8426,73.1645,77.5,77.5,77.5,12,45.3583,45.3583,45.3583,47.9084,20.402050000000003,20.402050000000003,20.402050000000003,19.1537,36.23565,36.23565,36.23565,34.0694,30.523699999999998,30.523699999999998,30.523699999999998,33.0179,49.552099999999996,49.552099999999996,49.552099999999996,52.6085,17.125149999999998,17.125149999999998,17.125149999999998,16.845,29.73645,29.73645,29.73645,30.1853,39.14275,39.14275,39.14275,38.1715,33.3244,33.3244,33.3244,32.5714,35.13315,35.13315,35.13315,34.8606,34.47885,34.47885,34.47885,37.9968,32.256249999999994,32.256249999999994,32.256249999999994,32.4897,31.8333,31.8333,31.8333,28.7758,26.12695,26.12695,26.12695,27.7584,0,,,,,False,2017,,235,Quinnipiac,MAAC,-11.4386,294,-4.2806,-36
Tom Pecora,tom pecora,2026,235,Quinnipiac,MAAC,3,1,0.6363636363636364,-3.0126666666666666,-3.0126666666666666,-3.0126666666666666,-0.8476,2.1385333333333336,2.1385333333333336,2.1385333333333336,6.2697,-1.2816,0.6666666666666666,0.3333333333333333,0.0,25.333333333333332,200.66666666666666,172,0.0,0.0,0.0,0.0,0.0,-7.1796999999999995,-2.212833333333333,71.04636666666666,71.04636666666666,71.04636666666666,69.9309,30.333333333333332,30.333333333333332,30.333333333333332,50,48.95603333333333,48.95603333333333,48.95603333333333,48.152,17.015833333333333,17.015833333333333,17.015833333333333,15.8755,33.06093333333333,33.06093333333333,33.06093333333333,34.0929,31.772566666666666,31.772566666666666,31.772566666666666,33.8365,49.098733333333335,49.098733333333335,49.098733333333335,48.9311,17.4271,17.4271,17.4271,17.3896,28.693233333333335,28.693233333333335,28.693233333333335,31.9635,29.288833333333333,29.288833333333333,29.288833333333333,30.6253,32.7798,32.7798,32.7798,34.0031,35.26283333333333,35.26283333333333,35.26283333333333,33.6804,34.97556666666667,34.97556666666667,34.97556666666667,34.8943,36.38073333333333,36.38073333333333,36.38073333333333,35.3821,28.45113333333333,28.45113333333333,28.45113333333333,28.7081,32.043366666666664,32.043366666666664,32.043366666666664,30.7863,0,,,,,False,2026,,235,Quinnipiac,MAAC,-4.0881,217,1.4275,12
Tommy Amaker,tommy amaker,2026,108,Harvard,Ivy,11,1,0.5574912891986062,0.0514181818181819,-3.876133333333333,-3.1001000000000003,5.6858,-0.737909090909091,-0.23126666666666665,0.32021999999999995,4.6792,-4.9442,0.2727272727272727,0.0,0.0,-11.454545454545455,168.54545454545453,110,0.0,0.0,0.0,0.0,1.1818181818181819,-10.329145454545454,-9.984863636363636,66.53598181818182,65.434,65.84884,63.0348,234.9090909090909,272.0,250.2,359,46.551609090909096,51.32373333333334,50.59854,53.1901,26.78518181818182,17.7372,18.09256,17.4311,25.283927272727272,26.033,26.714660000000002,26.8293,27.009854545454548,28.602500000000003,28.288980000000002,25.7161,54.00865454545454,50.90113333333333,50.71416,50.4143,16.2278,16.931866666666668,17.9739,17.1001,33.47218181818182,30.207666666666668,27.75242,28.169,37.087745454545455,25.67646666666667,26.920820000000003,26.5774,31.144154545454548,33.5061,32.6328,34.684,35.92982727272727,39.79546666666667,39.614459999999994,40.1693,39.36154545454545,33.342533333333336,33.71794,32.6194,43.36248181818182,38.66826666666667,38.87698,38.6871,29.84261818181818,32.18616666666667,31.92822,32.8725,28.33502727272727,32.16806666666667,32.4813,31.5287,0,,,,,False,2026,,108,Harvard,Ivy,1.1303,152,2.355,11
Tommy Dempsey,tommy dempsey,2021,24,Binghamton,AE,6,1,0.3179190751445087,-15.190550000000002,-16.427333333333333,-14.996120000000001,-11.9334,-5.352916666666666,-3.369033333333333,-4.45782,3.0724,-9.883,0.16666666666666666,0.0,0.6666666666666666,-40.0,321.0,297,0.0,0.0,0.0,0.0,0.0,-5.410483333333333,-5.285816666666666,66.25406666666667,66.7681,66.45614,65.8746,265.6666666666667,242.33333333333334,257.2,290,48.16936666666667,48.75,48.94946,48.8932,19.0725,18.92826666666667,18.74906,20.5774,25.077550000000002,25.287533333333332,25.051499999999997,29.2237,27.826316666666667,23.330366666666666,26.154899999999998,23.1954,51.750766666666664,52.38323333333333,52.19048,51.5429,16.613083333333332,15.772300000000001,16.280520000000003,16.3796,29.032700000000002,30.301566666666663,29.141340000000003,27.6527,30.98065,28.958,30.29916,31.3404,32.86331666666667,33.12533333333334,33.726459999999996,33.0508,41.75255000000001,45.553200000000004,42.6805,45.4283,36.28763333333333,36.530566666666665,36.81248,36.631,36.8523,37.714400000000005,36.98694,36.0656,35.839416666666665,39.93783333333334,37.39154,39.7284,32.13113333333333,33.23233333333334,32.61272,31.5668,0,,,,,False,2021,,24,Binghamton,AE,-15.3146,325,3.0724,16
Tommy Lloyd,tommy lloyd,2026,11,Arizona,B12,5,1,0.8043478260869565,27.76522,30.3203,27.76522,38.0595,5.81746,6.664366666666666,5.81746,14.1921,-1.3072,0.8,0.4,0.0,9.8,7.4,2,1.0,1.0,1.0,1.0,2.0,11.74026,4.21736,71.35706,70.85203333333334,71.35706,69.9921,27.2,38.0,27.2,49,54.91949999999999,54.18436666666667,54.91949999999999,54.7007,16.77868,15.722433333333333,16.77868,15.1084,35.07582,36.66076666666667,35.07582,38.3624,37.3799,38.71313333333333,37.3799,43.9292,46.81336,47.541066666666666,46.81336,45.3214,16.97276,16.8379,16.97276,16.2899,26.567140000000002,26.056,26.567140000000002,26.9109,26.46734,27.59953333333333,26.46734,27.0952,36.00478,35.67903333333334,36.00478,36.64,33.61904,31.494400000000002,33.61904,26.3491,32.67834,32.77806666666667,32.67834,31.4193,38.029579999999996,38.90706666666667,38.029579999999996,37.5509,26.468759999999996,24.5843,26.468759999999996,20.4464,33.16976,33.3165,33.16976,32.1508,0,,,,,False,2026,,11,Arizona,B12,38.0595,2,14.1921,13
Tony Barbee,tony barbee,2025,45,Central Michigan,MAC,4,1,0.3951612903225806,-10.146175,-8.938600000000001,-10.146175,-2.8545,0.5419749999999999,1.326933333333333,0.5419749999999999,5.0889,-4.3287,0.5,0.25,0.0,15.25,281.75,198,0.0,0.0,0.0,0.0,0.0,-2.665625,3.8857,66.766925,66.5252,66.766925,67.392,207.0,226.33333333333334,207.0,188,47.7159,47.7014,47.7159,49.7756,19.41525,19.3421,19.41525,17.6442,29.149025,30.409499999999998,29.149025,32.139,32.6387,33.357099999999996,32.6387,35.8333,51.33535,50.76489999999999,51.33535,53.0971,17.5432,17.859133333333332,17.5432,18.1805,30.90465,30.763666666666666,30.90465,29.0533,34.746575,34.29383333333333,34.746575,31.2899,31.393250000000002,30.485133333333334,31.393250000000002,31.3462,36.665125,35.52206666666667,36.665125,33.3333,34.384,34.2414,34.384,35.9012,41.885625,41.7245,41.885625,43.9336,29.3337,27.382566666666666,29.3337,24.9235,33.985475,34.097,33.985475,36.9024,0,,,,,False,2025,,45,Central Michigan,MAC,-2.8545,198,5.0889,73
Tony Benford,tony benford,2017,204,North Texas,CUSA,2,1,0.3225806451612903,-13.20215,-13.20215,-13.20215,-11.8864,-5.5229,-5.5229,-5.5229,-2.7177,-8.3281,0.0,0.0,0.5,-31.0,304.5,289,0.0,0.0,0.0,0.0,0.0,-4.534050000000001,-6.4155999999999995,69.93615,69.93615,69.93615,70.1523,83.0,83.0,83.0,73,48.3032,48.3032,48.3032,47.2833,18.947499999999998,18.947499999999998,18.947499999999998,18.3706,28.38775,28.38775,28.38775,26.4313,39.501599999999996,39.501599999999996,39.501599999999996,34.8596,51.8533,51.8533,51.8533,50.4464,17.5223,17.5223,17.5223,17.8199,31.17115,31.17115,31.17115,31.1523,38.7637,38.7637,38.7637,35.0,31.941000000000003,31.941000000000003,31.941000000000003,31.685,32.205200000000005,32.205200000000005,32.205200000000005,33.3333,35.3675,35.3675,35.3675,34.5541,35.914950000000005,35.914950000000005,35.914950000000005,37.381,25.320549999999997,25.320549999999997,25.320549999999997,27.0736,28.95595,28.95595,28.95595,30.4775,0,,,,,False,2017,,204,North Texas,CUSA,-14.5179,320,-8.3281,-73
Tony Bennett,tony bennett,2024,329,Virginia,ACC,9,1,0.76,21.414022222222222,13.1321,15.008600000000001,34.2156,-0.7534111111111109,-6.4168666666666665,-6.04058,8.6188,-11.8973,0.5555555555555556,0.3333333333333333,0.3333333333333333,-14.222222222222221,28.22222222222222,1,0.5555555555555556,0.7777777777777778,1.0,0.8888888888888888,3.6666666666666665,9.508444444444443,-0.3508555555555556,59.968422222222216,60.371566666666666,60.086439999999996,60.1464,354.6666666666667,359.6666666666667,357.8,362,51.88142222222222,49.84513333333333,50.379200000000004,48.6486,15.25488888888889,14.249733333333333,15.56992,13.02,27.070955555555557,26.345566666666667,25.61888,25.6234,27.564777777777778,29.38033333333333,27.29224,25.2782,46.47943333333333,47.9033,46.96921999999999,46.6224,18.8283,19.049833333333336,18.33842,19.3874,25.36188888888889,27.248633333333334,25.51374,28.0889,26.837933333333336,25.157366666666665,24.372320000000002,25.8029,36.37028888888889,34.3474,34.160199999999996,35.7724,34.865833333333335,32.72463333333334,35.57768,32.5914,31.963066666666666,32.70836666666667,32.27392,30.4895,39.658833333333334,39.03853333333333,39.44288,39.5903,30.683177777777775,28.17356666666667,30.325979999999998,30.8411,33.87056666666667,33.473099999999995,34.15542,32.1692,0,,,,,False,2024,,329,Virginia,ACC,11.8004,68,-5.3445,-35
Tony Jasick,tony jasick,2021,130,Jacksonville,ASun,6,1,0.45698924731182794,-9.9281,-8.595066666666666,-9.93308,-6.5223,-0.056116666666666655,1.8544,0.32332,3.9497,-2.2784,0.3333333333333333,0.0,0.0,15.166666666666666,274.3333333333333,240,0.0,0.0,0.0,0.0,0.0,-5.75685,-4.537433333333333,68.68453333333333,68.3861,68.33488,67.5949,154.16666666666666,169.33333333333334,172.4,204,49.8025,48.79750000000001,49.83184,48.7907,18.89056666666667,20.078733333333332,19.5798,20.0432,26.954183333333333,27.484233333333332,26.935180000000003,24.7368,31.81018333333333,31.629499999999997,31.89568,34.2786,52.03036666666666,50.057433333333336,51.71962,51.4274,18.51901666666667,18.3336,18.740460000000002,20.837,28.152283333333333,28.125799999999998,28.555020000000003,30.5221,30.656983333333333,28.4297,30.094060000000002,27.7557,34.14973333333333,31.412766666666666,33.209179999999996,31.3559,35.71478333333334,35.640633333333334,35.85832,39.3661,34.7523,33.699400000000004,34.38498,33.6694,38.91211666666667,37.904266666666665,38.56658,39.3339,30.199933333333334,28.279066666666665,29.452340000000003,30.7266,32.28261666666666,31.755899999999997,31.84984,32.4903,0,,,,,False,2021,,130,Jacksonville,ASun,-11.8524,293,-0.1044,22
Tony Madlock,tony madlock,2026,6,Alabama St.,SWAC,5,2,0.4074074074074074,-13.175180000000001,-11.819166666666666,-13.175180000000001,-8.8698,1.9915800000000001,0.3317666666666669,1.9915800000000001,10.3559,-5.2486,0.4,0.4,0.2,12.4,310.6,269,0.0,0.0,0.0,0.2,3.2,-6.926019999999999,5.77444,68.15838,68.2958,68.15838,69.5555,140.0,135.66666666666666,140.0,70,44.14626,45.033366666666666,44.14626,47.1061,17.37198,15.912266666666667,17.37198,18.289,31.557479999999998,30.572933333333335,31.557479999999998,31.8914,31.140539999999998,30.84476666666667,31.140539999999998,34.8875,50.311,50.64243333333334,50.311,52.1678,19.17474,19.1476,19.17474,18.7417,30.957299999999996,30.423166666666663,30.957299999999996,31.4991,39.30006,41.541333333333334,39.30006,42.286,30.74178,30.79286666666667,30.74178,31.7549,37.13728,39.86043333333333,37.13728,38.478,34.3444,33.963633333333334,34.3444,34.1702,38.9892,40.5239,38.9892,40.3716,31.08372,32.98153333333334,31.08372,30.8525,31.217399999999998,31.469633333333334,31.217399999999998,30.5613,0,,,,,False,2026,,6,Alabama St.,SWAC,-14.2998,318,-5.2486,-30
Tony Pujol,tony pujol,2026,356,North Alabama,ASun,8,1,0.45121951219512196,-9.0419875,-7.159133333333333,-8.4515,4.2434,0.002724999999999825,-2.5842333333333336,-0.8239600000000002,8.6381,-13.8764,0.5,0.375,0.125,2.5,265.0,113,0.0,0.0,0.0,0.0,0.0,-3.5467,1.8302,68.1184125,66.56456666666666,67.1852,64.8721,152.875,227.0,186.0,312,47.9681625,49.7294,48.62824,48.0449,17.33765,14.965733333333333,15.551580000000001,17.5418,27.7007125,30.529466666666668,28.048219999999997,31.1609,31.7817,33.83893333333334,31.093439999999998,37.5641,51.656037500000004,52.35263333333334,51.866859999999996,55.1861,16.8119375,15.0972,15.86036,14.5193,27.772850000000002,29.622,29.32688,32.2792,35.7158375,33.1477,34.236760000000004,30.3234,32.7709,33.63413333333333,33.18882,30.6667,36.641662499999995,34.26016666666666,35.448339999999995,33.6538,34.923275000000004,34.549533333333336,34.9745,35.6841,38.303275,40.48933333333333,38.4272,43.2581,30.3583375,27.930933333333332,29.5188,25.4211,31.219575,32.623666666666665,31.44572,34.7527,0,,,,,False,2026,,356,North Alabama,ASun,-19.3154,343,-13.8764,-115
Tony Shaver,tony shaver,2019,343,William & Mary,CAA,4,1,0.5645161290322581,1.5926500000000001,-0.8062666666666667,1.5926500000000001,8.7894,-0.9206000000000001,-3.1982,-0.9206000000000001,5.9122,-8.0599,0.5,0.25,0.25,-21.5,152.0,87,0.0,0.0,0.25,0.0,0.0,-0.14054999999999998,2.236625,69.47335,69.85443333333333,69.47335,68.6301,101.0,83.66666666666667,101.0,120,56.2456,56.70196666666667,56.2456,54.423,17.17405,17.608933333333333,17.17405,18.2155,24.269525,23.742333333333335,24.269525,24.4489,34.9983,34.46276666666667,34.9983,31.3415,52.812575,53.92993333333334,52.812575,52.6786,14.944875,14.8382,14.944875,15.5522,26.4892,26.22253333333333,26.4892,25.8903,31.333425000000002,32.48393333333333,31.333425000000002,29.9665,37.93935,38.325266666666664,37.93935,35.0282,40.87945,41.97506666666667,40.87945,41.4763,35.8771,36.8184,35.8771,36.9231,38.793475,38.2096,38.793475,36.2723,33.78235,34.8844,33.78235,33.5892,32.61585,32.1471,32.61585,31.3589,0,,,,,False,2019,,343,William & Mary,CAA,-4.7944,219,-8.0599,-92
Tony Skinn,tony skinn,2026,95,George Mason,A10,3,1,0.693069306930693,8.213199999999999,8.213199999999999,8.213199999999999,9.4584,2.6583666666666668,2.6583666666666668,2.6583666666666668,7.5063,-1.358,0.6666666666666666,0.3333333333333333,0.0,25.333333333333332,92.0,79,0.0,0.0,1.0,0.0,0.0,1.1030666666666666,-5.634666666666667,64.06556666666667,64.06556666666667,64.06556666666667,63.5278,335.3333333333333,335.3333333333333,335.3333333333333,346,52.14886666666666,52.14886666666666,52.14886666666666,52.7262,17.8646,17.8646,17.8646,15.7851,31.618566666666666,31.618566666666666,31.618566666666666,31.3433,40.17776666666666,40.17776666666666,40.17776666666666,41.1253,47.713366666666666,47.713366666666666,47.713366666666666,49.5325,17.0517,17.0517,17.0517,15.4472,28.390066666666666,28.390066666666666,28.390066666666666,28.3289,30.671466666666664,30.671466666666664,30.671466666666664,28.8779,34.332166666666666,34.332166666666666,34.332166666666666,33.2784,36.38393333333333,36.38393333333333,36.38393333333333,35.2088,32.760133333333336,32.760133333333336,32.760133333333336,32.5974,43.38816666666667,43.38816666666667,43.38816666666667,42.3542,28.102433333333334,28.102433333333334,28.102433333333334,25.9863,36.27616666666666,36.27616666666666,36.27616666666666,34.6207,0,,,,,False,2026,,95,George Mason,A10,7.0897,100,-1.358,-9
Tony Stubblefield,tony stubblefield,2024,69,DePaul,BE,3,1,0.2916666666666667,-0.47793333333333354,-0.47793333333333354,-0.47793333333333354,6.7389,-5.788666666666667,-5.788666666666667,-5.788666666666667,3.5619,-14.8924,0.3333333333333333,0.0,0.6666666666666666,-67.66666666666667,180.66666666666666,103,0.0,0.0,0.0,0.0,0.0,10.039533333333333,-1.4901333333333333,68.34750000000001,68.34750000000001,68.34750000000001,67.632,122.33333333333333,122.33333333333333,122.33333333333333,167,48.85966666666667,48.85966666666667,48.85966666666667,48.133,18.495233333333335,18.495233333333335,18.495233333333335,19.8866,26.499399999999998,26.499399999999998,26.499399999999998,22.0019,31.493666666666666,31.493666666666666,31.493666666666666,33.4889,52.30126666666666,52.30126666666666,52.30126666666666,56.5452,16.343500000000002,16.343500000000002,16.343500000000002,14.5378,31.652833333333334,31.652833333333334,31.652833333333334,32.328,30.073766666666668,30.073766666666668,30.073766666666668,28.4394,33.9901,33.9901,33.9901,33.5008,35.6231,35.6231,35.6231,34.8308,35.57836666666666,35.57836666666666,35.57836666666666,38.0774,37.03263333333334,37.03263333333334,37.03263333333334,41.1191,30.258,30.258,30.258,28.9715,31.2493,31.2493,31.2493,34.9771,0,,,,,False,2024,,69,DePaul,BE,-11.0622,304,-14.8924,-194
Tracy Dildy,tracy dildy,2018,49,Chicago St.,WAC,3,1,0.13541666666666666,-21.132766666666665,-21.132766666666665,-21.132766666666665,-18.6005,-3.9939999999999998,-3.9939999999999998,-3.9939999999999998,-1.0742,-5.5931,0.0,0.0,0.6666666666666666,-3.3333333333333335,342.6666666666667,335,0.0,0.0,0.0,0.0,0.0,1.4990666666666668,5.4433,69.4185,69.4185,69.4185,72.1492,125.0,125.0,125.0,26,43.19873333333334,43.19873333333334,43.19873333333334,44.6039,20.288466666666668,20.288466666666668,20.288466666666668,20.9117,27.047766666666664,27.047766666666664,27.047766666666664,25.5129,29.174966666666666,29.174966666666666,29.174966666666666,31.6303,56.21213333333333,56.21213333333333,56.21213333333333,59.096,18.494133333333334,18.494133333333334,18.494133333333334,18.1662,33.03313333333333,33.03313333333333,33.03313333333333,34.5729,40.0885,40.0885,40.0885,41.2388,30.620166666666666,30.620166666666666,30.620166666666666,31.3953,34.678533333333334,34.678533333333334,34.678533333333334,29.6211,38.480199999999996,38.480199999999996,38.480199999999996,40.5594,42.96103333333334,42.96103333333334,42.96103333333334,39.8996,29.880399999999998,29.880399999999998,29.880399999999998,24.8339,35.2991,35.2991,35.2991,32.9795,0,,,,,False,2018,,49,Chicago St.,WAC,-22.5885,346,-5.5931,-12
Travis DeCuire,travis decuire,2026,179,Montana,BSky,11,1,0.6204986149584487,0.5943818181818182,-0.7020333333333334,-1.66964,10.4038,0.15270909090909093,0.8933,-0.71504,9.6783,-8.4565,0.6363636363636364,0.18181818181818182,0.18181818181818182,-5.363636363636363,163.63636363636363,72,0.0,0.0,0.09090909090909091,0.2727272727272727,3.909090909090909,-2.8120090909090907,4.8245,66.63147272727272,67.75653333333332,66.40786,69.6544,234.0,173.0,226.8,65,53.03671818181818,55.48413333333334,54.09408,55.8297,17.15738181818182,16.9267,16.742359999999998,19.562,24.68062727272727,22.855666666666668,22.22092,20.6858,33.66329090909091,33.7102,33.75448,36.7674,50.46327272727273,51.264900000000004,51.36198,50.5356,17.730227272727273,14.628633333333333,15.77174,14.3079,26.779054545454542,28.445566666666668,27.43388,29.6164,39.52764545454546,32.981766666666665,35.92278,32.6192,36.12014545454545,36.23823333333333,35.971140000000005,36.5782,35.055763636363636,38.75036666666667,38.388980000000004,41.826,33.911454545454546,33.3346,34.00264,32.2535,33.946163636363636,34.97956666666666,34.02602,38.0289,28.90340909090909,30.760266666666666,30.85058,32.7609,26.636318181818183,27.6161,26.7911,29.523,0,,,,,False,2026,,179,Montana,BSky,-2.0088,190,0.1839,-19
Travis Ford,travis ford,2024,246,Saint Louis,A10,9,2,0.5505226480836237,5.328544444444444,5.300233333333334,8.33492,14.3651,-1.0799333333333334,-3.3844333333333334,-0.3068800000000001,9.9728,-8.9819,0.3333333333333333,0.2222222222222222,0.2222222222222222,-14.555555555555555,122.55555555555556,53,0.0,0.0,0.5555555555555556,0.1111111111111111,1.5555555555555556,3.3428444444444447,-0.4312111111111111,66.67311111111111,68.85306666666666,68.41731999999999,69.4515,212.88888888888889,90.66666666666667,135.0,75,49.45117777777778,51.42556666666667,51.19928,51.4851,18.62171111111111,17.6703,17.90604,16.9188,31.37743333333333,29.841966666666664,31.909339999999997,26.0426,36.18416666666667,32.700700000000005,33.54338,36.3036,48.79807777777778,50.269466666666666,49.063100000000006,54.3421,17.631066666666666,15.719299999999999,17.338720000000002,14.174,26.725122222222222,27.19413333333333,25.762520000000002,28.5844,35.73323333333334,33.45023333333333,34.727459999999994,35.2632,34.007666666666665,35.8989,35.33018,36.3901,33.37114444444445,33.6346,31.804180000000002,37.7888,33.90076666666667,34.316399999999994,33.8041,36.646,37.81426666666667,38.61653333333334,38.76628,42.3684,27.57118888888889,28.4241,26.78542,31.6322,31.301488888888887,32.002966666666666,32.02756,34.6515,0,,,,,False,2024,,246,Saint Louis,A10,-2.8338,199,-6.4398,-84
Travis Steele,travis steele,2026,167,Miami OH,MAC,8,2,0.6171875,5.59985,0.9158000000000003,1.51378,13.8992,-0.4249499999999999,3.205966666666667,0.7930800000000001,6.5547,-5.3308,0.25,0.25,0.125,0.625,123.75,45,0.0,0.125,0.625,0.125,1.75,2.438275,-1.10955,67.8557875,68.79906666666666,68.33096,69.7637,163.75,110.0,126.2,61,52.718,54.98746666666667,53.55824,58.5942,17.5662125,16.3155,17.054000000000002,14.3173,27.7851875,25.0198,26.20666,25.502,31.8437875,32.690733333333334,33.08072,39.5936,49.81065,50.606766666666665,50.76972,51.1567,17.686374999999998,18.136799999999997,18.061619999999998,17.4044,28.64755,29.4834,29.42136,28.7111,29.4577125,31.7744,31.6526,30.1788,34.1869375,37.175533333333334,35.33652,37.1084,39.6893875,43.322766666666666,41.32034,45.5794,33.2179375,32.7546,33.16888,33.0935,37.7008,37.765433333333334,37.1704,36.5405,31.81605,36.1526,33.405919999999995,34.555,31.138312499999998,29.853866666666665,29.67986,29.1016,0,,,,,False,2026,,167,Miami OH,MAC,8.6415,90,6.5547,37
Trent Johnson,trent johnson,2023,39,Cal St. Northridge,BW,3,2,0.2736842105263158,-9.220733333333333,-9.220733333333333,-9.220733333333333,3.0221,-3.435866666666667,-3.435866666666667,-3.435866666666667,-1.5783,-6.4276,0.0,0.0,0.3333333333333333,-33.0,265.6666666666667,136,0.0,0.0,0.0,0.0,0.0,2.118033333333333,-3.2293333333333334,66.56453333333333,66.56453333333333,66.56453333333333,65.1867,224.66666666666666,224.66666666666666,224.66666666666666,284,44.73256666666666,44.73256666666666,44.73256666666666,44.1029,19.6122,19.6122,19.6122,19.6129,27.815299999999997,27.815299999999997,27.815299999999997,27.3161,37.2786,37.2786,37.2786,36.6374,51.0771,51.0771,51.0771,50.465,19.665066666666664,19.665066666666664,19.665066666666664,17.987,31.6605,31.6605,31.6605,30.4965,38.95276666666667,38.95276666666667,38.95276666666667,38.9957,31.634133333333335,31.634133333333335,31.634133333333335,31.2381,31.130633333333332,31.130633333333332,31.130633333333332,32.936,34.192433333333334,34.192433333333334,34.192433333333334,34.584,37.25913333333333,37.25913333333333,37.25913333333333,38.0037,25.588733333333334,25.588733333333334,25.588733333333334,26.7828,29.231133333333332,29.231133333333332,29.231133333333332,30.329,0,,,,,False,2023,,39,Cal St. Northridge,BW,-14.4797,329,-2.3017,-15
Tubby Smith,tubby smith,2022,110,High Point,BSth,7,3,0.4930875576036866,-2.9791285714285713,-12.145000000000001,-8.1305,13.7761,0.6489999999999999,-1.2913333333333334,-0.70194,7.9338,-6.6946,0.7142857142857143,0.14285714285714285,0.14285714285714285,8.857142857142858,200.85714285714286,54,0.0,0.0,0.14285714285714285,0.14285714285714285,1.1428571428571428,-0.6752285714285714,-0.7626000000000002,66.23371428571429,66.31526666666666,65.8342,66.4862,255.71428571428572,254.66666666666666,270.4,216,48.44592857142857,46.80633333333333,48.03718,48.9336,19.229957142857142,19.894199999999998,20.101239999999997,19.4924,31.802342857142857,30.164033333333332,31.948739999999997,27.4146,38.42257142857142,37.5607,38.0159,33.8818,50.99487142857142,52.499766666666666,51.719820000000006,49.5224,18.437728571428572,18.554333333333332,18.167279999999998,17.7475,29.906057142857144,29.0615,29.280939999999998,30.2013,33.2783,35.14326666666667,33.372,35.2836,31.261714285714284,30.919666666666668,30.945140000000002,32.0285,32.735485714285716,32.8812,33.3673,34.2474,34.76847142857143,34.8285,34.80676,30.1127,41.9627,42.887633333333326,43.42816,37.0746,24.89195714285714,25.693233333333335,25.44504,27.5089,35.042942857142855,34.90323333333333,35.93384,27.3126,0,,,,,False,2022,,110,High Point,BSth,-6.16,242,2.661,32
Tyler Geving,tyler geving,2017,229,Portland St.,BSky,2,1,0.45161290322580644,-7.42455,-7.42455,-7.42455,-6.4999,1.72615,1.72615,1.72615,4.771,-1.3187,0.5,0.0,0.0,40.0,249.5,239,0.0,0.0,0.0,0.0,0.0,-6.33495,-2.06425,72.3386,72.3386,72.3386,72.6037,24.0,24.0,24.0,19,51.908950000000004,51.908950000000004,51.908950000000004,52.5424,16.74265,16.74265,16.74265,16.1215,27.1801,27.1801,27.1801,25.653,35.98965,35.98965,35.98965,38.0791,54.66585,54.66585,54.66585,56.0479,20.6142,20.6142,20.6142,22.1613,31.0181,31.0181,31.0181,31.2896,34.80245,34.80245,34.80245,36.7665,32.44425,32.44425,32.44425,33.3874,30.83645,30.83645,30.83645,34.8588,37.765249999999995,37.765249999999995,37.765249999999995,37.2093,34.959599999999995,34.959599999999995,34.959599999999995,38.6228,23.5567,23.5567,23.5567,26.8229,29.43905,29.43905,29.43905,31.0881,0,,,,,False,2017,,229,Portland St.,BSky,-6.4999,239,4.771,68
Vance Walberg,vance walberg,2026,92,Fresno St.,MWC,2,1,0.296875,-2.3223000000000003,-2.3223000000000003,-2.3223000000000003,3.2966,3.4221,3.4221,3.4221,6.6438,0.2004,1.0,0.5,0.0,38.5,194.0,129,0.0,0.0,0.0,0.0,0.0,5.2128,-2.91025,69.47935,69.47935,69.47935,68.1999,84.0,84.0,84.0,136,48.3645,48.3645,48.3645,50.6211,17.94925,17.94925,17.94925,18.1402,27.43745,27.43745,27.43745,27.8565,35.10025,35.10025,35.10025,33.8227,52.72905,52.72905,52.72905,51.4929,18.10325,18.10325,18.10325,18.2332,32.30415,32.30415,32.30415,30.5657,26.031399999999998,26.031399999999998,26.031399999999998,28.6102,31.7307,31.7307,31.7307,32.1379,38.11265,38.11265,38.11265,40.9373,32.449,32.449,32.449,30.7407,43.50535,43.50535,43.50535,43.9739,29.70645,29.70645,29.70645,31.1636,34.0495,34.0495,34.0495,32.7775,0,,,,,False,2026,,92,Fresno St.,MWC,3.2966,129,6.6438,62
Walter McCarty,walter mccarty,2020,82,Evansville,MVC,2,1,0.3125,-7.8815,-7.8815,-7.8815,-5.2021,-5.53855,-5.53855,-5.53855,-1.4262,-9.6509,0.0,0.0,0.5,-68.0,260.5,227,0.0,0.0,0.0,0.0,0.0,0.025249999999999995,-1.46915,68.54165,68.54165,68.54165,67.5886,151.5,151.5,151.5,217,49.00765,49.00765,49.00765,48.6217,18.393349999999998,18.393349999999998,18.393349999999998,18.4034,19.407600000000002,19.407600000000002,19.407600000000002,19.9065,34.956649999999996,34.956649999999996,34.956649999999996,32.3754,51.42055,51.42055,51.42055,52.8125,17.18095,17.18095,17.18095,17.2416,25.844949999999997,25.844949999999997,25.844949999999997,25.5234,35.4013,35.4013,35.4013,33.2955,33.0376,33.0376,33.0376,31.912,43.24205,43.24205,43.24205,42.6393,35.221999999999994,35.221999999999994,35.221999999999994,35.6455,30.3532,30.3532,30.3532,29.4886,34.731449999999995,34.731449999999995,34.731449999999995,33.7864,25.05915,25.05915,25.05915,24.162,0,,,,,False,2020,,82,Evansville,MVC,-10.5609,294,-9.6509,-119
Wayne Brent,wayne brent,2022,129,Jackson St.,SWAC,7,1,0.45754716981132076,-12.178385714285714,-9.4529,-12.47274,-6.5284,0.08401428571428585,1.8917666666666666,1.9276,9.6126,-8.7692,0.5714285714285714,0.14285714285714285,0.2857142857142857,9.428571428571429,292.57142857142856,240,0.0,0.0,0.0,0.0,0.0,-9.1214,6.434414285714285,65.95035714285714,66.9362,66.00408,63.7463,262.0,217.66666666666666,259.6,337,44.66948571428571,45.029666666666664,44.552820000000004,45.329,19.025885714285714,19.7528,19.37172,19.895,30.38054285714286,29.042199999999998,29.271320000000003,31.4019,32.477985714285715,34.7094,32.654360000000004,26.4982,48.01592857142857,46.69573333333333,48.19464000000001,47.6937,20.862557142857145,21.0767,21.10414,18.384,28.547742857142858,28.0755,28.538999999999998,27.9116,44.063428571428574,40.4592,42.38928,36.5929,30.215071428571427,30.085633333333334,30.190459999999995,29.9807,33.05871428571429,29.468166666666665,31.479860000000002,30.376,33.0167,32.1137,33.31546,32.2245,33.423114285714284,30.025499999999997,32.6765,29.5818,27.281271428571426,23.547666666666668,26.078660000000003,25.4237,26.05344285714286,23.762933333333333,25.89172,23.6762,0,,,,,False,2022,,129,Jackson St.,SWAC,-9.1958,277,1.5492,18
Wayne Tinkle,wayne tinkle,2026,222,Oregon St.,WCC,11,1,0.45454545454545453,4.048890909090908,3.1794,0.19141999999999984,16.4001,-1.7526454545454546,1.9729,-2.0140800000000003,10.9561,-17.5972,0.45454545454545453,0.18181818181818182,0.18181818181818182,-26.363636363636363,136.36363636363637,43,0.0,0.09090909090909091,0.5454545454545454,0.18181818181818182,1.7272727272727273,6.5191181818181825,-3.3880818181818184,65.32839090909091,64.7916,64.91568,65.1613,294.6363636363636,318.3333333333333,300.6,301,50.2951,51.57053333333334,50.07912,50.4574,18.54088181818182,17.588966666666668,18.35076,17.7139,28.31581818181818,28.368399999999998,27.320780000000003,26.7672,36.27913636363636,39.12126666666666,35.776959999999995,43.1103,50.53514545454546,50.881166666666665,51.46222,50.3366,17.632936363636365,16.1736,16.85288,15.325,30.588154545454543,30.248499999999996,31.06336,32.1244,35.06169090909091,34.268366666666665,33.151740000000004,35.1113,33.863263636363634,34.72826666666666,33.59604,35.0129,35.29531818181818,38.01003333333333,36.36478,44.2539,34.17613636363637,33.632466666666666,34.08948,32.9177,38.52287272727273,40.2008,39.86992,41.5329,28.1908,29.749066666666664,28.818459999999998,34.64,31.304118181818183,32.06506666666667,32.15612,32.3662,0,,,,,False,2026,,222,Oregon St.,WCC,-0.8611,179,-2.8761,-50
Wes Flanagan,wes flanagan,2018,14,Little Rock,SB,2,1,0.34375,-9.4204,-9.4204,-9.4204,-6.9311,-5.7551,-5.7551,-5.7551,-2.1478,-9.3624,0.0,0.0,0.5,-60.5,270.5,245,0.0,0.0,0.0,0.0,0.0,-2.7227,-3.8541000000000003,64.136,64.136,64.136,65.0175,328.0,328.0,328.0,320,48.25005,48.25005,48.25005,47.4493,20.603650000000002,20.603650000000002,20.603650000000002,21.6774,28.3644,28.3644,28.3644,28.2857,32.2391,32.2391,32.2391,32.1451,51.2828,51.2828,51.2828,50.7937,19.86625,19.86625,19.86625,19.8998,29.40905,29.40905,29.40905,31.2139,40.4667,40.4667,40.4667,40.5983,32.79045,32.79045,32.79045,31.7627,34.449250000000006,34.449250000000006,34.449250000000006,35.2182,35.65115,35.65115,35.65115,35.0778,40.5245,40.5245,40.5245,43.1624,28.6511,28.6511,28.6511,29.2761,33.1309,33.1309,33.1309,35.2273,0,,,,,False,2018,,14,Little Rock,SB,-11.9097,296,-2.1478,-6
Wes Miller,wes miller,2026,50,Cincinnati,B12,11,2,0.6382978723404256,9.151309090909091,16.2487,13.997,17.4107,1.1229727272727272,-1.2105666666666666,-0.5551599999999999,9.1563,-5.3251,0.5454545454545454,0.09090909090909091,0.09090909090909091,12.545454545454545,90.72727272727273,39,0.0,0.2727272727272727,0.6363636363636364,0.18181818181818182,3.1818181818181817,2.6580545454545454,-2.8182272727272726,67.33689090909091,67.02963333333334,67.44926000000001,67.5188,197.8181818181818,206.33333333333334,174.8,176,50.305172727272726,50.63753333333333,50.01494,50.5268,16.97210909090909,16.607200000000002,16.04338,16.9816,31.96850909090909,33.0277,31.994760000000003,30.6344,27.165863636363635,26.707733333333334,27.09606,29.4029,48.66130909090909,47.95393333333334,47.29544,47.3712,19.66419090909091,18.387933333333333,17.99952,18.2039,27.565281818181816,27.339866666666666,27.815379999999998,27.2727,33.25699090909091,28.01776666666667,29.53582,30.0364,33.60718181818182,33.11803333333333,33.14572,33.945,40.380154545454545,39.581700000000005,40.035759999999996,43.7531,33.42320909090909,32.5582,31.999560000000002,31.03,37.113963636363636,36.436233333333334,34.189980000000006,39.9271,34.16836363636364,32.95146666666667,33.581939999999996,36.8007,30.606090909090906,30.461133333333333,28.22738,32.0179,0,,,,,False,2026,,50,Cincinnati,B12,17.4107,43,-1.4119,-7
Will Brown,will brown,2021,7,Albany,AE,6,1,0.5555555555555556,-2.9501499999999994,-8.772833333333333,-4.3898399999999995,4.2483,-1.0417500000000002,-3.3059,-1.70792,3.8085,-10.0881,0.5,0.0,0.16666666666666666,-11.666666666666666,200.33333333333334,121,0.0,0.0,0.0,0.0,0.0,-6.144283333333334,-4.2796666666666665,66.75925,67.9871,66.87406,69.5722,233.33333333333334,181.33333333333334,227.2,108,50.12678333333333,49.26883333333333,50.00714000000001,50.5096,18.80248333333333,19.5237,18.88602,18.0316,29.35835,24.59466666666667,28.2654,22.3124,35.6755,33.43846666666666,34.14356,34.0883,50.57286666666667,50.96396666666667,50.95374,51.3423,18.502416666666665,19.249933333333335,18.46206,20.9023,25.778983333333333,27.0688,25.82212,27.3084,28.9096,29.249266666666667,29.24586,29.3065,34.53998333333333,33.684066666666666,34.99074,33.6634,35.02611666666667,41.27823333333333,35.63982,34.3148,33.8813,35.05916666666667,34.484719999999996,34.5455,39.040600000000005,38.43516666666667,38.9248,36.9128,28.659633333333332,34.0386,29.772339999999996,27.5676,32.78766666666667,33.2069,33.01014,31.1192,0,,,,,False,2021,,7,Albany,AE,-6.9075,240,3.8085,61
Will Jones,will jones,2022,198,North Carolina A&T,BSth,3,1,0.47058823529411764,-10.636233333333333,-10.636233333333333,-10.636233333333333,-10.0675,0.2984333333333334,0.2984333333333334,0.2984333333333334,5.6435,-4.3067,0.3333333333333333,0.3333333333333333,0.0,5.333333333333333,286.3333333333333,283,0.0,0.0,0.0,0.0,0.0,-5.608,3.2411,70.58126666666668,70.58126666666668,70.58126666666668,67.411,80.33333333333333,80.33333333333333,80.33333333333333,159,46.36676666666667,46.36676666666667,46.36676666666667,46.5962,19.174533333333333,19.174533333333333,19.174533333333333,18.2884,28.4207,28.4207,28.4207,29.1628,35.13636666666667,35.13636666666667,35.13636666666667,28.169,50.204433333333334,50.204433333333334,50.204433333333334,50.9328,21.8293,21.8293,21.8293,20.1071,32.5908,32.5908,32.5908,31.3313,36.99593333333333,36.99593333333333,36.99593333333333,37.8109,30.482066666666668,30.482066666666668,30.482066666666668,31.4879,33.10103333333333,33.10103333333333,33.10103333333333,33.9202,33.407599999999995,33.407599999999995,33.407599999999995,34.8092,39.07783333333333,39.07783333333333,39.07783333333333,40.7338,26.334266666666668,26.334266666666668,26.334266666666668,28.6614,31.240166666666667,31.240166666666667,31.240166666666667,33.1556,0,,,,,False,2022,,198,North Carolina A&T,BSth,-10.7557,289,-4.3067,-45
Will Ryan,will ryan,2023,105,Green Bay,Horz,3,1,0.1839080459770115,-17.73653333333333,-17.73653333333333,-17.73653333333333,-8.2793,-4.457199999999999,-4.457199999999999,-4.457199999999999,0.2117,-7.3965,0.3333333333333333,0.0,0.6666666666666666,-12.333333333333334,320.3333333333333,257,0.0,0.0,0.0,0.0,0.0,-3.4419333333333335,6.094166666666666,65.18653333333333,65.18653333333333,65.18653333333333,64.9698,296.0,296.0,296.0,292,47.20883333333333,47.20883333333333,47.20883333333333,45.9459,18.805566666666667,18.805566666666667,18.805566666666667,21.0182,24.786666666666665,24.786666666666665,24.786666666666665,21.699,30.25763333333333,30.25763333333333,30.25763333333333,31.4715,53.793299999999995,53.793299999999995,53.793299999999995,54.8035,17.0739,17.0739,17.0739,16.0811,30.079266666666665,30.079266666666665,30.079266666666665,32.3915,31.7094,31.7094,31.7094,31.5502,30.46963333333333,30.46963333333333,30.46963333333333,30.1105,37.27806666666667,37.27806666666667,37.27806666666667,43.4835,35.29753333333333,35.29753333333333,35.29753333333333,35.0158,34.55596666666667,34.55596666666667,34.55596666666667,34.607,29.320999999999998,29.320999999999998,29.320999999999998,34.4573,27.843633333333333,27.843633333333333,27.843633333333333,27.217,0,,,,,False,2023,,105,Green Bay,Horz,-26.4135,361,-7.3965,-11
Will Wade,will wade,2026,200,N.C. State,ACC,10,4,0.7053571428571429,16.28287,15.078899999999999,16.846880000000002,20.3488,4.55523,7.241933333333333,5.4855,12.9405,-1.5372,0.8,0.5,0.0,26.1,41.0,19,0.3,0.7,1.0,0.9,8.3,6.19212,2.1116,68.72084,66.96163333333332,68.01527999999999,69.1207,133.8,212.33333333333334,161.6,85,52.41450999999999,54.06496666666666,52.75962,55.0121,16.59113,14.450366666666667,15.92792,13.0635,32.54399,31.5384,31.982999999999997,28.1595,35.14217,36.80713333333333,35.5486,35.0605,49.10226,49.554700000000004,48.458299999999994,52.7075,20.45822,20.950333333333333,21.17144,18.1717,30.18385,30.94113333333333,31.163580000000003,30.5211,33.99566,34.1804,34.01392,36.9433,34.64143,37.55923333333333,35.79192,38.796,35.66587,37.84866666666667,37.05622,43.4383,33.04679,33.77193333333333,31.887279999999997,35.513,41.39307,46.4823,45.99508,44.8887,28.44536,31.689400000000003,30.28582,36.9165,33.57868,38.18743333333333,36.35998,36.4443,0,,,,,False,2026,,200,N.C. State,ACC,19.1909,37,0.6294,1
Willie Hayes,willie hayes,2017,5,Alabama A&M,SWAC,2,1,0.22413793103448276,-21.806449999999998,-21.806449999999998,-21.806449999999998,-13.2754,-6.3391,-6.3391,-6.3391,-1.9245,-10.7537,0.0,0.0,0.5,6.0,326.0,301,0.0,0.0,0.0,0.0,0.0,-9.9527,0.91695,64.7928,64.7928,64.7928,64.3437,312.5,312.5,312.5,316,45.38945,45.38945,45.38945,44.1779,18.7761,18.7761,18.7761,19.8831,30.5368,30.5368,30.5368,29.4581,38.828500000000005,38.828500000000005,38.828500000000005,39.2834,52.0334,52.0334,52.0334,53.5138,15.5533,15.5533,15.5533,14.0839,34.00955,34.00955,34.00955,36.3454,36.5703,36.5703,36.5703,33.583,27.8271,27.8271,27.8271,27.3523,33.139,33.139,33.139,29.2386,34.19985,34.19985,34.19985,36.2712,33.1935,33.1935,33.1935,33.9862,23.6234,23.6234,23.6234,20.903,26.52385,26.52385,26.52385,28.4701,0,,,,,False,2017,,5,Alabama A&M,SWAC,-30.3375,351,-10.7537,-4
Willis Wilson,willis wilson,2021,291,Texas A&M Corpus Chris,Slnd,6,1,0.5,-9.236933333333335,-13.7979,-10.95228,-0.4898,-1.0289833333333334,-2.3895,-2.21572,4.9047,-7.7939,0.5,0.0,0.3333333333333333,2.1666666666666665,265.3333333333333,170,0.0,0.0,0.0,0.0,0.0,-5.666216666666666,2.656283333333333,67.61795,66.72483333333334,67.4356,69.5929,195.83333333333334,241.0,206.8,105,49.13663333333333,48.75756666666666,49.12634,46.9054,22.016516666666664,24.198800000000002,22.890340000000002,23.7817,29.222016666666665,28.7848,28.897180000000002,24.5924,34.9752,32.683099999999996,34.43384,34.8364,50.29364999999999,49.6886,50.577639999999995,51.7101,20.895733333333332,19.535433333333334,20.56346,19.3478,29.92973333333333,28.638499999999997,29.26134,29.3223,40.982949999999995,38.04833333333333,40.28802,31.1889,34.09571666666667,34.417300000000004,34.08974,33.3333,33.11921666666667,36.403666666666666,33.14732,36.3395,34.3742,33.636966666666666,34.20358,34.434,37.99628333333333,36.510600000000004,38.29264,34.5277,27.62438333333333,31.263133333333332,27.80352,30.8559,30.1991,28.935533333333336,30.28284,28.1491,0,,,,,False,2021,,291,Texas A&M Corpus Chris,Slnd,-19.4369,344,-7.7939,-32
Wyking Jones,wyking jones,2019,40,California,P12,2,1,0.25396825396825395,-7.0518,-7.0518,-7.0518,-6.8371,-9.9557,-9.9557,-9.9557,-7.5493,-12.3621,0.0,0.0,1.0,-113.5,242.5,241,0.0,0.0,0.0,0.0,0.0,4.9475999999999996,-1.57405,67.61019999999999,67.61019999999999,67.61019999999999,66.5595,194.0,194.0,194.0,234,46.5338,46.5338,46.5338,48.5591,18.6359,18.6359,18.6359,16.43,29.06165,29.06165,29.06165,23.2928,36.432950000000005,36.432950000000005,36.432950000000005,34.755,55.71925,55.71925,55.71925,56.9087,20.08435,20.08435,20.08435,20.4671,31.00085,31.00085,31.00085,31.4406,37.2421,37.2421,37.2421,36.1241,31.7831,31.7831,31.7831,34.9662,30.7892,30.7892,30.7892,34.121,38.72455,38.72455,38.72455,38.0952,40.42575,40.42575,40.42575,41.8033,24.88285,24.88285,24.88285,29.2786,33.933800000000005,33.933800000000005,33.933800000000005,34.1852,0,,,,,False,2019,,40,California,P12,-6.8371,241,-7.5493,-84
Zac Claus,zac claus,2023,116,Idaho,BSky,4,1,0.23931623931623933,-15.70635,-16.178166666666666,-15.70635,-10.925,3.29315,3.891166666666667,3.29315,8.9817,-5.7762,0.75,0.5,0.25,20.25,324.25,300,0.0,0.0,0.0,0.0,0.0,-2.452825,2.333425,67.856475,67.50693333333334,67.856475,65.7766,173.0,184.0,173.0,257,49.591125000000005,50.246566666666666,49.591125000000005,51.9849,20.179225000000002,19.9031,20.179225000000002,17.2191,22.216325,21.627066666666668,22.216325,19.6121,32.42645,33.06473333333333,32.42645,35.7908,53.6978,54.38673333333333,53.6978,54.3388,15.93795,15.914566666666667,15.93795,16.1274,27.549475,27.950566666666663,27.549475,27.8069,32.67335,33.759433333333334,32.67335,31.6411,34.009275,34.26096666666667,34.009275,32.0,32.6103,34.9339,32.6103,36.2319,36.102025,37.2811,36.102025,38.657,35.35495,34.12906666666667,35.35495,32.5266,27.05185,28.692933333333333,27.05185,26.4368,29.199925,28.64646666666667,29.199925,28.6162,0,,,,,False,2023,,116,Idaho,BSky,-10.925,300,8.468,52
Zach Chu,zach chu,2026,236,Radford,BSth,1,1,0.5,-7.5434,-7.5434,-7.5434,-7.5434,-8.3746,-8.3746,-8.3746,-8.3746,-8.3746,0.0,0.0,1.0,-114.0,257.0,257,0.0,0.0,0.0,0.0,0.0,-7.2526,-6.8162,70.6506,70.6506,70.6506,70.6506,26.0,26.0,26.0,26,51.3475,51.3475,51.3475,51.3475,17.0606,17.0606,17.0606,17.0606,29.8086,29.8086,29.8086,29.8086,42.3739,42.3739,42.3739,42.3739,53.0495,53.0495,53.0495,53.0495,18.5135,18.5135,18.5135,18.5135,32.1884,32.1884,32.1884,32.1884,39.9885,39.9885,39.9885,39.9885,33.4596,33.4596,33.4596,33.4596,45.4128,45.4128,45.4128,45.4128,35.5083,35.5083,35.5083,35.5083,37.9171,37.9171,37.9171,37.9171,34.3264,34.3264,34.3264,34.3264,29.9616,29.9616,29.9616,29.9616,0,,,,,False,2026,,236,Radford,BSth,-7.5434,257,-8.3746,-114
Zach Spiker,zach spiker,2026,72,Drexel,CAA,11,2,0.48830409356725146,-3.5627,-0.9474666666666667,-0.6062200000000001,4.1681,0.06957272727272729,1.3863333333333332,1.7604600000000001,2.7873,-7.2969,0.7272727272727273,0.0,0.18181818181818182,-1.2727272727272727,208.27272727272728,126,0.0,0.0,0.0,0.09090909090909091,1.4545454545454546,-3.5475818181818184,-3.2484545454545457,66.71663636363637,64.01336666666667,64.39815999999999,64.2622,224.9090909090909,340.3333333333333,316.2,334,50.81474545454546,51.127166666666675,50.960860000000004,50.653,18.200218181818183,18.058899999999998,17.699939999999998,19.0739,30.250790909090906,32.62473333333333,30.580540000000003,31.2096,29.35720909090909,28.571766666666665,28.240660000000002,31.573,50.10973636363636,47.5617,48.0944,47.067,15.828345454545454,14.634799999999998,15.62406,16.3901,27.61732727272727,28.51376666666667,27.79824,30.9973,29.9354,30.096766666666667,28.112779999999997,35.419,34.422427272727276,34.85273333333333,34.214459999999995,35.461,36.998590909090915,36.775933333333334,37.12022,40.0341,33.60548181818182,31.0911,32.040980000000005,30.3279,32.73189090909091,34.95783333333333,33.07944,34.0782,31.204163636363635,31.53516666666667,31.33324,34.8189,27.124436363636367,27.968033333333334,27.29062,25.6707,0,,,,,False,2026,,72,Drexel,CAA,-4.8235,223,1.4308,15
