source,source_url,captured_at,ranking_year,season,team,team_slug,team_key,player_key,recruitment_key,player_name,player_slug,high_school,hometown,state,class_year,position,height,weight,status_type,status_date,industry_rating,industry_stars,industry_rank,industry_position_rank,industry_state_rank,on3_rating,on3_stars,on3_rank,on3_position_rank,on3_state_rank,position_abbr,nil_rank,nil_value
on3_hs_commits,https://www.on3.com/college/akron-zips/basketball/2026/commits/,2026-08-17T10:29:49+00:00,2026,2027,Akron,akron-zips,akron,282109,258503,Devan Christion,devan-christion-282109,Ed W Clark,"Las Vegas, NV",NV,2026,PF,6-9,,Committed,2025-10-07T13:14:00,82.66666666666667,3,371,69,3,88,3,,39,2,PF,,
on3_hs_commits,https://www.on3.com/college/alabama-crimson-tide/basketball/2026/commits/,2026-08-17T10:29:49+00:00,2026,2027,Alabama,alabama-crimson-tide,alabama,245266,213709,Anderson Diaz,anderson-diaz-245266,Overtime Elite,"Bronx, NY",NY,2026,PG,6-1,180,Committed,2026-05-21T08:21:00,94.83297101449274,4,52,8,4,94,4,46,6,4,PG,,
on3_hs_commits,https://www.on3.com/college/alabama-crimson-tide/basketball/2026/commits/,2026-08-17T10:29:49+00:00,2026,2027,Alabama,alabama-crimson-tide,alabama,180962,195106,Jaxon Richardson,jaxon-richardson-180962,Southeastern Prep,"Las Vegas, NV",NV,2026,SF,6-6,200,Enrolled,2026-03-05T13:35:00,97.39139784946238,4,26,7,6,96,4,31,10,6,SF,,
on3_hs_commits,https://www.on3.com/college/alabama-crimson-tide/basketball/2026/commits/,2026-08-17T10:29:49+00:00,2026,2027,Alabama,alabama-crimson-tide,alabama,236474,196114,Qayden Samuels,qayden-samuels-236474,Bishop McNamara,"District Heights, MD",MD,2026,SG,6-6,205,Enrolled,2026-01-28T12:04:00,96.86263440860215,4,32,9,2,96,4,32,9,2,SG,,
on3_hs_commits,https://www.on3.com/college/alabama-crimson-tide/basketball/2026/commits/,2026-08-17T10:29:49+00:00,2026,2027,Alabama,alabama-crimson-tide,alabama,291271,275549,TJ St. Louis,tj-st-louis-291271,Fort Erie International Academy,"Brampton, ON",ON,2026,C,7-0,266,Committed,2026-07-20T14:30:00,83,3,349,48,29,89,3,,,,C,,
on3_hs_commits,https://www.on3.com/college/alabama-crimson-tide/basketball/2026/commits/,2026-08-17T10:29:49+00:00,2026,2027,Alabama,alabama-crimson-tide,alabama,240811,205030,Tarris Bouie,tarris-bouie-240811,SPIRE Academy,"Charlotte, NC",NC,2026,SF,6-6,170,Enrolled,2025-09-10T08:46:00,94.7822463768116,4,54,16,2,92,4,83,27,4,SF,,
on3_hs_commits,https://www.on3.com/college/albany-great-danes/basketball/2026/commits/,2026-08-17T10:29:49+00:00,2026,2027,Albany,albany-great-danes,albany,280535,256659,Tyler Jones,tyler-jones-280535,Christ School,"Arden, NC",NC,2026,SG,6-3,185,Committed,2025-08-30T12:46:00,,0,,,,,,,,,SG,,
on3_hs_commits,https://www.on3.com/college/alcorn-state-braves/basketball/2026/commits/,2026-08-17T10:29:49+00:00,2026,2027,Alcorn State,alcorn-state-braves,alcorn state,280524,256648,Rassell Young,rassell-young-280524,Mallard Creek,"Charlotte, NC",NC,2026,PG,6-2,160,Committed,2025-06-16T12:24:00,,0,,,,,,,,,PG,,
on3_hs_commits,https://www.on3.com/college/appalachian-state-mountaineers/basketball/2026/commits/,2026-08-17T10:29:49+00:00,2026,2027,Appalachian State,appalachian-state-mountaineers,appalachian state,280519,256643,Jonathan Moss,jonathan-moss-280519,Daviess County,"Owensboro, KY",KY,2026,PG,6-0,160,Committed,2026-04-10T10:11:00,83.33333333333333,3,337,59,4,86,3,,57,3,PG,,
on3_hs_commits,https://www.on3.com/college/arizona-wildcats/basketball/2026/commits/,2026-08-17T10:29:49+00:00,2026,2027,Arizona,arizona-wildcats,arizona,174844,182638,Caleb Holt,caleb-holt-174844,Prolific Prep,"Huntsville, AL",AL,2026,SG,6-5,200,Signed,2026-03-10T10:50:00,98.67311827956989,5,2,1,1,98,5,2,1,1,SG,28,3200000
on3_hs_commits,https://www.on3.com/college/arizona-wildcats/basketball/2026/commits/,2026-08-17T10:29:49+00:00,2026,2027,Arizona,arizona-wildcats,arizona,180963,195107,Cameron Holmes,cameron-holmes-180963,Millennium,"Goodyear, AZ",AZ,2026,SF,6-6,200,Signed,2025-11-09T15:46:00,95.64347826086956,4,41,13,4,94,4,51,18,5,SF,,
on3_hs_commits,https://www.on3.com/college/arizona-wildcats/basketball/2026/commits/,2026-08-17T10:29:49+00:00,2026,2027,Arizona,arizona-wildcats,arizona,259509,234808,Endurance Aiyamenkhue,endurance-aiyamenkhue-259509,Ratiopharm Ulm,Amsterdam,,2026,PF,6-11,,Committed,2026-05-08T14:06:00,84,3,324,57,,92,4,,,,PF,,
on3_hs_commits,https://www.on3.com/college/arizona-state-sun-devils/basketball/2026/commits/,2026-08-17T10:29:49+00:00,2026,2027,Arizona State,arizona-state-sun-devils,arizona state,288426,271550,Ajak Nyuon,ajak-nyuon-288426,Australia,Canberra,,2026,PF,6-10,,Committed,2026-05-06T09:25:00,,,,,,,,,,,PF,,
on3_hs_commits,https://www.on3.com/college/arizona-state-sun-devils/basketball/2026/commits/,2026-08-17T10:29:49+00:00,2026,2027,Arizona State,arizona-state-sun-devils,arizona state,288805,271997,Filip Malesevic,filip-malesevic-288805,Serbia,,,2026,C,7-1,,Committed,2026-05-14T08:32:00,,,,,,,,,,,C,,
on3_hs_commits,https://www.on3.com/college/arizona-state-sun-devils/basketball/2026/commits/,2026-08-17T10:29:49+00:00,2026,2027,Arizona State,arizona-state-sun-devils,arizona state,261396,237246,JRob Croy,jrob-croy-261396,Polytechnic,"Riverside, CA",CA,2026,SF,6-6,190,Committed,2026-03-24T14:31:00,90.80072463768116,3,141,43,12,89,3,120,36,9,SF,,
on3_hs_commits,https://www.on3.com/college/arkansas-razorbacks/basketball/2026/commits/,2026-08-17T10:29:49+00:00,2026,2027,Arkansas,arkansas-razorbacks,arkansas,244188,211924,Abdou Toure,abdou-toure-244188,Notre Dame,"West Haven, CT",CT,2026,SG,6-5,200,Signed,2025-10-03T11:39:00,98.39569892473119,5,14,4,1,98,5,9,3,1,SG,,
on3_hs_commits,https://www.on3.com/college/arkansas-razorbacks/basketball/2026/commits/,2026-08-17T10:29:49+00:00,2026,2027,Arkansas,arkansas-razorbacks,arkansas,260258,235802,Caleb Ourigou,caleb-ourigou-260258,Overtime Elite,"Woodmere, NY",NY,2026,C,6-10,230,Committed,2026-07-14T08:21:00,93.10833333333333,4,85,12,6,93,4,55,9,5,C,,
on3_hs_commits,https://www.on3.com/college/arkansas-razorbacks/basketball/2026/commits/,2026-08-17T10:29:49+00:00,2026,2027,Arkansas,arkansas-razorbacks,arkansas,244514,212379,Davion Thompson,davion-thompson-244514,Link Academy,"Bolingbrook, IL",IL,2026,PG,6-2,175,Committed,2026-06-10T21:03:00,95.14021739130435,4,47,6,3,93,4,57,9,4,PG,,
on3_hs_commits,https://www.on3.com/college/arkansas-razorbacks/basketball/2026/commits/,2026-08-17T10:29:49+00:00,2026,2027,Arkansas,arkansas-razorbacks,arkansas,290487,274157,Ilia Frolov,ilia-frolov-290487,Real Madrid,,,2026,C,6-11,225,Committed,2026-06-18T11:38:00,83.66666666666667,3,332,44,,91,4,,,,C,,
on3_hs_commits,https://www.on3.com/college/arkansas-razorbacks/basketball/2026/commits/,2026-08-17T10:29:49+00:00,2026,2027,Arkansas,arkansas-razorbacks,arkansas,237634,198074,JJ Andrews,jj-andrews-237634,Little Rock Christian Academy,"Little Rock, AR",AR,2026,SG,6-5,220,Signed,2025-05-15T16:03:00,97.847311827957,4,20,5,1,96,4,23,8,1,SG,,
on3_hs_commits,https://www.on3.com/college/arkansas-razorbacks/basketball/2026/commits/,2026-08-17T10:29:49+00:00,2026,2027,Arkansas,arkansas-razorbacks,arkansas,159438,178708,Jordan Smith Jr.,jordan-smith-jr-159438,Paul VI Catholic,"Washington, DC",DC,2026,SG,6-2,200,Signed,2026-02-13T19:09:00,98.66774193548387,5,3,2,1,98,5,5,2,1,SG,,
on3_hs_commits,https://www.on3.com/college/arkansas-razorbacks/basketball/2026/commits/,2026-08-17T10:29:49+00:00,2026,2027,Arkansas,arkansas-razorbacks,arkansas,239209,201692,Miikka Muurinen,miikka-muurinen-239209,Compass Prep,"Wichita, KS",KS,2026,PF,6-10,200,Committed,2026-04-27T09:00:00,98,4,19,3,2,97,4,,,,PF,,
on3_hs_commits,https://www.on3.com/college/arkansas-state-red-wolves/basketball/2026/commits/,2026-08-17T10:29:49+00:00,2026,2027,Arkansas State,arkansas-state-red-wolves,arkansas state,280529,256653,Aaron McGee,aaron-mcgee-280529,Gillion Academy,"Melbourne, FL",FL,2026,SG,6-2,160,Committed,2025-09-01T11:52:00,85.30797101449275,3,294,76,13,88,3,,62,13,SG,,
on3_hs_commits,https://www.on3.com/college/arkansas-state-red-wolves/basketball/2026/commits/,2026-08-17T10:29:49+00:00,2026,2027,Arkansas State,arkansas-state-red-wolves,arkansas state,281010,257188,Anthony Hester,anthony-hester-281010,Mills University Studies,"Little Rock, AR",AR,2026,SG,6-6,200,Committed,2025-09-18T21:18:00,82.33333333333333,3,392,94,4,87,3,,81,4,SG,,
on3_hs_commits,https://www.on3.com/college/auburn-tigers/basketball/2026/commits/,2026-08-17T10:29:49+00:00,2026,2027,Auburn,auburn-tigers,auburn,245631,214223,Caleb Williams,caleb-williams-245631,SFA Academy,"Tampa, FL",FL,2026,SF,6-5,195,Committed,2025-10-24T14:00:00,86.16304347826086,3,256,65,35,88,3,,52,32,SF,,
on3_hs_commits,https://www.on3.com/college/auburn-tigers/basketball/2026/commits/,2026-08-17T10:29:49+00:00,2026,2027,Auburn,auburn-tigers,auburn,287104,268948,Narcisse Ngoy,narcisse-ngoy-287104,France,,,2026,C,7-0,,Committed,2026-03-31T09:54:00,,,,,,,,,,,C,,
on3_hs_commits,https://www.on3.com/college/austin-peay-governors/basketball/2026/commits/,2026-08-17T10:29:49+00:00,2026,2027,Austin Peay,austin-peay-governors,austin peay,259463,234746,Alex Davis,alex-davis-259463,Zephyrhills Christian Academy,"Daytona Beach, FL",FL,2026,PF,6-8,240,Committed,2026-03-28T12:31:00,82.66666666666667,3,364,68,46,88,3,,35,36,PF,,
on3_hs_commits,https://www.on3.com/college/austin-peay-governors/basketball/2026/commits/,2026-08-17T10:29:49+00:00,2026,2027,Austin Peay,austin-peay-governors,austin peay,237680,198122,Bradley Floyd,bradley-floyd-237680,Winston Salem Christian School,"Kings Mountain, NC",NC,2026,CG,6-5,,Committed,2025-11-07T09:28:00,85.30615942028986,3,295,11,14,88,3,,9,9,CG,,
on3_hs_commits,https://www.on3.com/college/austin-peay-governors/basketball/2026/commits/,2026-08-17T10:29:49+00:00,2026,2027,Austin Peay,austin-peay-governors,austin peay,244711,212922,Felipe Minzer,felipe-minzer-244711,Casademont Zaragoza,Buenos Aires,,2026,SG,6-5,195,Committed,2026-04-10T13:47:00,83.55434782608695,3,334,83,,89,3,140,36,,SG,,
on3_hs_commits,https://www.on3.com/college/austin-peay-governors/basketball/2026/commits/,2026-08-17T10:29:49+00:00,2026,2027,Austin Peay,austin-peay-governors,austin peay,246694,216172,Talon Todd,talon-todd-246694,William J. Brennan,"San Antonio, TX",TX,2026,PG,6-0,160,Committed,2025-06-04T16:10:00,,0,,,,,,,,,PG,,
on3_hs_commits,https://www.on3.com/college/austin-peay-governors/basketball/2026/commits/,2026-08-17T10:29:49+00:00,2026,2027,Austin Peay,austin-peay-governors,austin peay,280545,256669,Traymaine Belanger,traymaine-belanger-280545,Zephyrhills Christian Academy,"Zephyrhills, FL",FL,2026,PF,6-7,190,Committed,2025-10-22T12:01:00,83.66666666666667,3,331,60,42,87,3,,56,41,PF,,
on3_hs_commits,https://www.on3.com/college/byu-cougars/basketball/2026/commits/,2026-08-17T10:29:49+00:00,2026,2027,BYU,byu-cougars,byu,244995,213202,Bruce Branch III,bruce-branch-iii-244995,Prolific Prep,"Gilbert, AZ",AZ,2026,SF,6-7,190,Signed,2026-03-03T14:47:00,98.62473118279571,5,6,2,2,98,5,4,2,2,SF,,
on3_hs_commits,https://www.on3.com/college/byu-cougars/basketball/2026/commits/,2026-08-17T10:29:49+00:00,2026,2027,BYU,byu-cougars,byu,237665,198105,Dean Rueckert,dean-rueckert-237665,Timpview,"Provo, UT",UT,2026,SF,6-7,185,Signed,2025-08-04T20:35:00,93.2605072463768,4,81,28,3,93,4,68,24,3,SF,,
on3_hs_commits,https://www.on3.com/college/byu-cougars/basketball/2026/commits/,2026-08-17T10:29:49+00:00,2026,2027,BYU,byu-cougars,byu,244871,212911,Dovydas Buikas,dovydas-buikas-244871,sostines krepšinio,Vilnius,,2026,PG,6-5,190,Committed,2026-07-08T12:46:00,84.66666666666667,3,309,54,,94,4,,,,PG,,
on3_hs_commits,https://www.on3.com/college/byu-cougars/basketball/2026/commits/,2026-08-17T10:29:49+00:00,2026,2027,BYU,byu-cougars,byu,284744,265437,Will Openshaw,will-openshaw-284744,Timpview,"Provo, UT",UT,2026,C,6-10,195,Signed,2025-11-12T09:36:00,83,3,346,47,10,89,3,,26,8,C,,
on3_hs_commits,https://www.on3.com/college/ball-state-cardinals/basketball/2026/commits/,2026-08-17T10:29:49+00:00,2026,2027,Ball State,ball-state-cardinals,ball state,244448,212300,Kamden McGilveary,kamden-mcgilveary-244448,Eastern Hills,"Fort Worth, TX",TX,2026,SG,6-0,165,Committed,2026-04-16T12:40:00,84,3,322,81,25,88,3,,69,15,SG,,
on3_hs_commits,https://www.on3.com/college/baylor-bears/basketball/2026/commits/,2026-08-17T10:29:49+00:00,2026,2027,Baylor,baylor-bears,baylor,179195,191721,Dylan Mingo,dylan-mingo-179195,Long Island Lutheran,"Farmingdale, NY",NY,2026,PG,6-5,190,Committed,2026-04-27T16:36:00,98.48870967741937,5,10,1,1,98,5,7,1,1,PG,,
on3_hs_commits,https://www.on3.com/college/baylor-bears/basketball/2026/commits/,2026-08-17T10:29:49+00:00,2026,2027,Baylor,baylor-bears,baylor,180967,195113,Elijah Williams,elijah-williams-180967,TMI Episcopal,"Scottsdale, AZ",AZ,2026,SF,6-6,195,Signed,2025-05-27T11:01:00,95.86376811594202,4,40,12,5,94,4,45,14,5,SF,,
on3_hs_commits,https://www.on3.com/college/baylor-bears/basketball/2026/commits/,2026-08-17T10:29:49+00:00,2026,2027,Baylor,baylor-bears,baylor,288644,271799,Tegra Makabu,tegra-makabu-288644,Northside Christian School,"Saint Petersburg, FL",FL,2026,PF,6-9,,Committed,2026-05-11T09:48:00,,,,,,,,,,,PF,,
on3_hs_commits,https://www.on3.com/college/boise-state-broncos/basketball/2026/commits/,2026-08-17T10:29:49+00:00,2026,2027,Boise State,boise-state-broncos,boise state,280528,256652,Brady Hennig,brady-hennig-280528,Mount Si,"Snoqualmie, WA",WA,2026,SF,6-6,180,Committed,2024-11-06T11:37:00,85.64311594202898,3,280,70,5,89,3,,47,4,SF,,
on3_hs_commits,https://www.on3.com/college/boston-college-eagles/basketball/2026/commits/,2026-08-17T10:29:49+00:00,2026,2027,Boston College,boston-college-eagles,boston college,288663,271832,Jordan Ghee,jordan-ghee-288663,The Hotchkiss School,"Lakeville, CT",CT,2026,CG,6-5,,Committed,2026-05-10T17:35:00,,,,,,,,,,,CG,,
on3_hs_commits,https://www.on3.com/college/boston-college-eagles/basketball/2026/commits/,2026-08-17T10:29:49+00:00,2026,2027,Boston College,boston-college-eagles,boston college,285004,265764,Zak Smrekar,zak-smrekar-285004,KK Krka,Novo Mesto,,2026,SF,6-7,195,Committed,2026-04-16T12:20:00,,,,,,,,,,,SF,,
on3_hs_commits,https://www.on3.com/college/boston-university-terriers/basketball/2026/commits/,2026-08-17T10:29:49+00:00,2026,2027,Boston University,boston-university-terriers,boston university,245655,214246,Darnell Lloyd,darnell-lloyd-245655,St Andrew's School,"Middletown, DE",DE,2026,C,6-9,195,Committed,2025-09-24T15:15:00,,0,,,,,,,,,C,,
on3_hs_commits,https://www.on3.com/college/bryant-bulldogs/basketball/2026/commits/,2026-08-17T10:29:49+00:00,2026,2027,Bryant University,bryant-bulldogs,bryant,287335,269529,Elijah Hayeems,elijah-hayeems-287335,BigTyme Sports Prep Academy,"Rockwall, TX",TX,2026,PG,6-7,190,Signed,2025-11-07T10:59:00,,,,,,,,,,,PG,,
on3_hs_commits,https://www.on3.com/college/butler-bulldogs/basketball/2026/commits/,2026-08-17T10:29:49+00:00,2026,2027,Butler,butler-bulldogs,butler,242294,209299,Herly Brutus,herly-brutus-242294,Villages Charter School,"Umatilla, FL",FL,2026,SG,6-5,180,Committed,2026-04-07T21:15:00,91.47210144927536,4,120,30,21,90,4,112,27,19,SG,,
on3_hs_commits,https://www.on3.com/college/butler-bulldogs/basketball/2026/commits/,2026-08-17T10:29:49+00:00,2026,2027,Butler,butler-bulldogs,butler,288172,271256,Marco Maric,marco-maric-288172,Croatia,Zagreb,,2026,C,7-0,,Committed,2026-04-30T10:32:00,,,,,,,,,,,C,,
on3_hs_commits,https://www.on3.com/college/california-golden-bears/basketball/2026/commits/,2026-08-17T10:29:49+00:00,2026,2027,California,california-golden-bears,california,260069,235594,Dionycius Bakare,dionycius-bakare-260069,The Phelps School,"Malvern, PA",PA,2026,SG,6-5,170,Signed,2025-10-22T11:19:00,86.14311594202898,3,257,68,5,88,3,,58,3,SG,,
on3_hs_commits,https://www.on3.com/college/california-golden-bears/basketball/2026/commits/,2026-08-17T10:29:49+00:00,2026,2027,California,california-golden-bears,california,237653,198093,Gabriel Sularski,gabriel-sularski-237653,Layton Christian Academy,"Lisle, IL",IL,2026,SF,6-6,180,Committed,2026-05-21T10:03:00,89.23333333333333,3,192,56,8,89,3,,48,7,SF,,
on3_hs_commits,https://www.on3.com/college/california-golden-bears/basketball/2026/commits/,2026-08-17T10:29:49+00:00,2026,2027,California,california-golden-bears,california,260260,235804,Nicolas Mitrovic,nicolas-mitrovic-260260,"Cambridge Arts, Technology and Science","Braintree, MA",MA,2026,PF,6-11,200,Committed,2026-03-03T17:34:00,87.41811594202899,3,231,32,7,90,4,114,14,4,PF,,
on3_hs_commits,https://www.on3.com/college/california-baptist-lancers/basketball/2026/commits/,2026-08-17T10:29:49+00:00,2026,2027,California Baptist University,california-baptist-lancers,cal baptist,237642,198081,Steven Reynolds,steven-reynolds-237642,Waxahachie Faith Family Academy,"South Bend, IN",IN,2026,SG,6-5,175,Committed,2026-04-30T14:00:00,90.25471014492753,3,160,41,10,88,3,,59,14,SG,,
on3_hs_commits,https://www.on3.com/college/long-beach-state-49ers/basketball/2026/commits/,2026-08-17T10:29:49+00:00,2026,2027,California State University-Long Beach,long-beach-state-49ers,long beach state,242258,209259,Max VanLaningham,max-vanlaningham-242258,Woodcreek,"Roseville, CA",CA,2026,C,6-8,215,Committed,2025-10-01T09:15:00,85.7,3,273,34,27,86,3,,47,31,C,,
on3_hs_commits,https://www.on3.com/college/canisius-golden-griffins/basketball/2026/commits/,2026-08-17T10:29:49+00:00,2026,2027,Canisius University,canisius-golden-griffins,canisius,261596,237582,Dorsett Mulcahy,dorsett-mulcahy-261596,Gill St Bernard S School,"Bayonne, NJ",NJ,2026,CG,6-6,,Committed,2025-09-04T19:00:00,,,,,,,,,,,CG,,
on3_hs_commits,https://www.on3.com/college/charlotte-49ers/basketball/2026/commits/,2026-08-17T10:29:49+00:00,2026,2027,Charlotte,charlotte-49ers,charlotte,280534,256658,Lance Barnes,lance-barnes-280534,Legacy Early College,"Greenville, SC",SC,2026,CG,6-3,170,Committed,2026-05-15T15:39:00,,0,,,,,,,,,CG,,
on3_hs_commits,https://www.on3.com/college/chattanooga-mocs/basketball/2026/commits/,2026-08-17T10:29:49+00:00,2026,2027,Chattanooga,chattanooga-mocs,chattanooga,283158,260228,Christian Matos,christian-matos-283158,Sunrise Christian Academy,"Wichita, KS",KS,2026,CG,6-2,170,Committed,2026-04-27T11:53:00,,0,,,,,,,,,CG,,
on3_hs_commits,https://www.on3.com/college/clemson-tigers/basketball/2026/commits/,2026-08-17T10:29:49+00:00,2026,2027,Clemson,clemson-tigers,clemson,282157,258580,Amare James,amare-james-282157,Wheeler,"Marietta, GA",GA,2026,SG,6-6,190,Signed,2025-11-04T14:16:00,,0,,,,,,,,,SG,,
on3_hs_commits,https://www.on3.com/college/clemson-tigers/basketball/2026/commits/,2026-08-17T10:29:49+00:00,2026,2027,Clemson,clemson-tigers,clemson,260685,236313,Harris Reynolds,harris-reynolds-260685,St. Pius X,"Atlanta, GA",GA,2026,SG,6-5,170,Committed,2025-10-17T14:35:00,91.60869565217392,4,115,28,7,92,4,76,18,6,SG,,
on3_hs_commits,https://www.on3.com/college/clemson-tigers/basketball/2026/commits/,2026-08-17T10:29:49+00:00,2026,2027,Clemson,clemson-tigers,clemson,240829,205052,Will Stevens,will-stevens-240829,Davidson Day,"Davidson, NC",NC,2026,PF,6-9,200,Signed,2025-10-11T13:22:00,90.36014492753623,3,152,18,4,89,3,,21,4,PF,,
on3_hs_commits,https://www.on3.com/college/college-of-charleston-cougars/basketball/2026/commits/,2026-08-17T10:29:49+00:00,2026,2027,College of Charleston,college-of-charleston-cougars,charleston,239041,211799,Kobe Edwards,kobe-edwards-239041,Greenfield School,"Wilson, NC",NC,2026,CG,6-1,155,Committed,2026-05-02T14:44:00,89.63333333333334,3,183,7,8,87,3,,10,13,CG,,
on3_hs_commits,https://www.on3.com/college/colorado-buffaloes/basketball/2026/commits/,2026-08-17T10:29:49+00:00,2026,2027,Colorado,colorado-buffaloes,colorado,286876,268580,Alex Dickeson,alex-dickeson-286876,UC Senior Secondary College Lake Ginninderra,"Melbourne, VIC",VIC,2026,PG,6-3,,Committed,2026-03-25T09:35:00,,,,,,,,,,,PG,,
on3_hs_commits,https://www.on3.com/college/colorado-buffaloes/basketball/2026/commits/,2026-08-17T10:29:49+00:00,2026,2027,Colorado,colorado-buffaloes,colorado,261534,238175,Rider Portela,rider-portela-261534,Sunnyslope,"Phoenix, AZ",AZ,2026,SG,6-4,,Committed,2025-09-14T14:14:00,87.3731884057971,3,232,62,16,89,3,145,38,11,SG,,
on3_hs_commits,https://www.on3.com/college/colorado-state-rams/basketball/2026/commits/,2026-08-17T10:29:49+00:00,2026,2027,Colorado State,colorado-state-rams,colorado state,261257,237041,Eric Fiedler,eric-fiedler-261257,Regis Jesuit,"Aurora, CO",CO,2026,PF,6-8,200,Signed,2025-07-27T15:07:00,84.66666666666667,3,312,52,2,89,3,,23,1,PF,,
on3_hs_commits,https://www.on3.com/college/colorado-state-rams/basketball/2026/commits/,2026-08-17T10:29:49+00:00,2026,2027,Colorado State,colorado-state-rams,colorado state,260632,236253,Gregory Dunson,gregory-dunson-260632,Alexander,"Douglasville, GA",GA,2026,PG,6-1,185,Committed,2025-09-16T14:17:00,85.86594202898551,3,266,46,20,88,3,,35,12,PG,,
on3_hs_commits,https://www.on3.com/college/colorado-state-rams/basketball/2026/commits/,2026-08-17T10:29:49+00:00,2026,2027,Colorado State,colorado-state-rams,colorado state,284379,264976,Jaden Ghoreishi,jaden-ghoreishi-284379,Mt Spokane,"Mead, WA",WA,2026,PF,6-9,215,Signed,2025-09-09T11:48:00,85.89673913043477,3,263,41,4,89,3,,24,5,PF,,
on3_hs_commits,https://www.on3.com/college/columbia-lions/basketball/2026/commits/,2026-08-17T10:29:49+00:00,2026,2027,Columbia,columbia-lions,columbia,280550,256674,Trae Nunn,trae-nunn-280550,Overtime Elite,"Atlanta, GA",GA,2026,SF,6-4,205,Committed,2025-10-12T15:59:00,,0,,,,,,,,,SF,,
on3_hs_commits,https://www.on3.com/college/connecticut-huskies/basketball/2026/commits/,2026-08-17T10:29:49+00:00,2026,2027,Connecticut,connecticut-huskies,connecticut,241003,205254,Colben Landrew,colben-landrew-241003,Wheeler,"Alabaster, AL",AL,2026,SG,6-6,225,Signed,2025-10-15T13:34:00,97.16277466105656,4,30,8,2,97,4,21,7,1,SG,,
on3_hs_commits,https://www.on3.com/college/connecticut-huskies/basketball/2026/commits/,2026-08-17T10:29:49+00:00,2026,2027,Connecticut,connecticut-huskies,connecticut,237566,197904,Junior County,junior-county-237566,Wasatch Academy,"Salt Lake City, UT",UT,2026,PG,6-4,180,Signed,2025-10-02T11:02:00,95.08115942028986,4,48,7,2,94,4,48,7,2,PG,,
on3_hs_commits,https://www.on3.com/college/creighton-bluejays/basketball/2026/commits/,2026-08-17T10:29:49+00:00,2026,2027,Creighton,creighton-bluejays,creighton,175808,198112,Katrelle Harmon,katrelle-harmon-175808,Wasatch Academy,"Seattle, WA",WA,2026,SG,6-4,180,Signed,2025-08-09T19:03:00,93.03007246376811,4,88,20,4,89,3,123,31,5,SG,,
on3_hs_commits,https://www.on3.com/college/creighton-bluejays/basketball/2026/commits/,2026-08-17T10:29:49+00:00,2026,2027,Creighton,creighton-bluejays,creighton,250476,224442,Trevon Carter-Givens,trevon-carter-givens-250476,SoCal Academy,"Paso Robles, CA",CA,2026,C,6-10,185,Committed,2026-05-05T11:02:00,90.95797101449274,3,139,22,11,89,3,144,23,14,C,,
on3_hs_commits,https://www.on3.com/college/dayton-flyers/basketball/2026/commits/,2026-08-17T10:29:49+00:00,2026,2027,Dayton,dayton-flyers,dayton,163229,180436,Aiden Derkack,aiden-derkack-163229,SPIRE Academy,"Colonia, NJ",NJ,2026,SG,6-6,175,Committed,2026-03-22T12:01:00,93.46811594202899,4,77,19,5,92,4,84,22,5,SG,,
on3_hs_commits,https://www.on3.com/college/dayton-flyers/basketball/2026/commits/,2026-08-17T10:29:49+00:00,2026,2027,Dayton,dayton-flyers,dayton,238804,199900,Cody Peck,cody-peck-238804,Davidson Day,"Matthews, NC",NC,2026,PF,6-10,205,Committed,2026-04-02T15:15:00,91.77101449275362,4,112,12,2,89,3,139,17,2,PF,,
on3_hs_commits,https://www.on3.com/college/dayton-flyers/basketball/2026/commits/,2026-08-17T10:29:49+00:00,2026,2027,Dayton,dayton-flyers,dayton,282052,258442,Julian Washington,julian-washington-282052,Margaretta,"Castalia, OH",OH,2026,SG,6-4,170,Committed,2025-10-24T17:01:00,85.85688405797102,3,267,71,9,88,3,,51,8,SG,,
on3_hs_commits,https://www.on3.com/college/depaul-blue-demons/basketball/2026/commits/,2026-08-17T10:29:49+00:00,2026,2027,DePaul,depaul-blue-demons,depaul,244447,212299,Andrew Jensen,andrew-jensen-244447,Kaukauna,"Kaukauna, WI",WI,2026,PF,6-9,205,Signed,2025-07-22T18:33:00,82.66666666666667,3,352,64,4,88,3,,41,4,PF,,
on3_hs_commits,https://www.on3.com/college/depaul-blue-demons/basketball/2026/commits/,2026-08-17T10:29:49+00:00,2026,2027,DePaul,depaul-blue-demons,depaul,247914,219964,Mason Lockett,mason-lockett-247914,Oswego East,"Oswego, IL",IL,2026,SG,6-4,,Signed,2025-08-03T15:29:00,82.66666666666667,3,362,90,8,88,3,,70,2,SG,,
on3_hs_commits,https://www.on3.com/college/depaul-blue-demons/basketball/2026/commits/,2026-08-17T10:29:49+00:00,2026,2027,DePaul,depaul-blue-demons,depaul,245486,214021,Noah Smith,noah-smith-245486,Plainfield,"Plainfield, IN",IN,2026,SF,6-7,200,Committed,2025-08-04T14:42:00,90.42028985507247,3,148,44,4,89,3,132,40,5,SF,,
on3_hs_commits,https://www.on3.com/college/drake-bulldogs/basketball/2026/commits/,2026-08-17T10:29:49+00:00,2026,2027,Drake,drake-bulldogs,drake,237647,198086,Dothan Ijadimbola,dothan-ijadimbola-237647,Totino-Grace,"Minneapolis, MN",MN,2026,PF,6-6,180,Committed,2025-08-04T16:23:00,89.38695652173914,3,189,22,2,88,3,,34,5,PF,,
on3_hs_commits,https://www.on3.com/college/drake-bulldogs/basketball/2026/commits/,2026-08-17T10:29:49+00:00,2026,2027,Drake,drake-bulldogs,drake,282047,258437,Miles Flemons,miles-flemons-282047,Union,"Tulsa, OK",OK,2026,C,6-7,255,Committed,2025-09-15T14:40:00,83.33333333333333,3,339,45,4,87,3,,37,2,C,,
on3_hs_commits,https://www.on3.com/college/duke-blue-devils/basketball/2026/commits/,2026-08-17T10:29:49+00:00,2026,2027,Duke,duke-blue-devils,duke,259054,234156,Bryson Howard,bryson-howard-259054,Heritage,"Frisco, TX",TX,2026,SG,6-5,195,Signed,2025-10-21T15:39:00,97.22016129032258,4,28,7,3,97,4,18,6,2,SG,,
on3_hs_commits,https://www.on3.com/college/duke-blue-devils/basketball/2026/commits/,2026-08-17T10:29:49+00:00,2026,2027,Duke,duke-blue-devils,duke,242281,209283,Cam Williams,cam-williams-242281,St. Mary's,"Phoenix, AZ",AZ,2026,PF,6-11,200,Signed,2025-11-14T13:49:00,98.63548387096775,5,5,1,1,98,5,6,1,1,PF,,
on3_hs_commits,https://www.on3.com/college/duke-blue-devils/basketball/2026/commits/,2026-08-17T10:29:49+00:00,2026,2027,Duke,duke-blue-devils,duke,180966,195112,Deron Rippey Jr.,deron-rippey-jr-180966,Blair Academy,"Brooklyn, NY",NY,2026,PG,6-1,175,Committed,2025-12-30T15:04:00,98.34569892473118,4,16,2,1,98,5,12,2,1,PG,,
on3_hs_commits,https://www.on3.com/college/duke-blue-devils/basketball/2026/commits/,2026-08-17T10:29:49+00:00,2026,2027,Duke,duke-blue-devils,duke,249696,222605,Joaquim Boumtje-Boumtje,joaquim-boumtje-boumtje-249696,FC Barcelona Lassa B,Barcelona,,2026,C,6-11,,Committed,2026-04-30T08:42:00,98.66666666666667,5,4,1,,99,5,,,,C,,
on3_hs_commits,https://www.on3.com/college/duke-blue-devils/basketball/2026/commits/,2026-08-17T10:29:49+00:00,2026,2027,Duke,duke-blue-devils,duke,246115,215149,Maxime Meyer,maxime-meyer-246115,IMG Academy,"Toronto, ON",ON,2026,C,7-1,,Signed,2025-10-30T12:21:00,91.25471014492751,3,126,19,23,89,3,131,21,22,C,,
on3_hs_commits,https://www.on3.com/college/east-carolina-pirates/basketball/2026/commits/,2026-08-17T10:29:49+00:00,2026,2027,East Carolina,east-carolina-pirates,east carolina,260006,235520,Dreylan Creasy,dreylan-creasy-260006,Blue Ridge School,"Dyke, VA",VA,2026,SF,6-6,185,Committed,2025-10-07T11:08:00,86.17753623188405,3,254,64,12,88,3,,,,SF,,
on3_hs_commits,https://www.on3.com/college/east-carolina-pirates/basketball/2026/commits/,2026-08-17T10:29:49+00:00,2026,2027,East Carolina,east-carolina-pirates,east carolina,286743,268419,Maxim Klitschko,maxim-klitschko-286743,AS Monaco,,,2026,C,7-1,240,Committed,2026-05-07T16:36:00,,,,,,,,,,,C,,
on3_hs_commits,https://www.on3.com/college/east-tennessee-state-buccaneers/basketball/2026/commits/,2026-08-17T10:29:49+00:00,2026,2027,East Tennessee State,east-tennessee-state-buccaneers,east tennessee state,163211,180411,Elton Smith,elton-smith-163211,Dynamic Prep,"Columbia, SC",SC,2026,PF,6-7,205,Committed,2026-05-13T16:34:00,85.33333333333333,3,287,47,20,86,3,,67,32,PF,,
on3_hs_commits,https://www.on3.com/college/fiu-golden-panthers/basketball/2026/commits/,2026-08-17T10:29:49+00:00,2026,2027,FIU,fiu-golden-panthers,fiu,237677,198119,Jalan Wingfield,jalan-wingfield-237677,Tri-Cities,"Thomasville, GA",GA,2026,SF,6-7,220,Committed,2026-05-04T09:26:00,89.98297101449275,3,169,47,12,88,3,,61,16,SF,,
on3_hs_commits,https://www.on3.com/college/fiu-golden-panthers/basketball/2026/commits/,2026-08-17T10:29:49+00:00,2026,2027,FIU,fiu-golden-panthers,fiu,237668,198108,Trey Beamer,trey-beamer-237668,IMG Academy,"Martinsville, VA",VA,2026,CG,6-2,165,Committed,2026-04-24T10:06:00,91.28586956521738,4,123,4,22,89,3,,5,25,CG,,
on3_hs_commits,https://www.on3.com/college/florida-gators/basketball/2026/commits/,2026-08-17T10:29:49+00:00,2026,2027,Florida,florida-gators,florida,260399,235981,Jones Lay,jones-lay-260399,Moravian Prep,"Tabor City, NC",NC,2026,C,7-0,230,Signed,2025-09-09T18:59:00,86.23623188405797,3,248,33,12,89,3,150,25,3,C,,
on3_hs_commits,https://www.on3.com/college/florida-atlantic-owls/basketball/2026/commits/,2026-08-17T10:29:49+00:00,2026,2027,Florida Atlantic,florida-atlantic-owls,florida atlantic,237681,198123,Felipe Quinones,felipe-quinones-237681,Columbus,"Bradenton, FL",FL,2026,SG,6-5,180,Committed,2025-10-27T09:03:00,92.28514492753624,4,102,24,18,90,4,115,28,20,SG,,
on3_hs_commits,https://www.on3.com/college/florida-state-seminoles/basketball/2026/commits/,2026-08-17T10:29:49+00:00,2026,2027,Florida State,florida-state-seminoles,florida state,237639,198079,Brandon Bass Jr.,brandon-bass-jr-237639,Windermere Prep,"Orlando, FL",FL,2026,CG,6-4,185,Signed,2025-09-04T14:00:00,91.7855072463768,4,111,3,20,91,4,100,3,16,CG,,
on3_hs_commits,https://www.on3.com/college/florida-state-seminoles/basketball/2026/commits/,2026-08-17T10:29:49+00:00,2026,2027,Florida State,florida-state-seminoles,florida state,244073,211796,Collin Paul,collin-paul-244073,Calvary Christian Academy,"Palm Beach, FL",FL,2026,SF,6-7,225,Signed,2025-09-03T19:14:00,91.19130434782608,3,132,40,24,89,3,138,42,24,SF,,
on3_hs_commits,https://www.on3.com/college/florida-state-seminoles/basketball/2026/commits/,2026-08-17T10:29:49+00:00,2026,2027,Florida State,florida-state-seminoles,florida state,287778,270709,Elisee Assui,elisee-assui-287778,Italy,,,2026,SF,6-5,,Committed,2026-04-22T09:10:00,,,,,,,,,,,SF,,
on3_hs_commits,https://www.on3.com/college/florida-state-seminoles/basketball/2026/commits/,2026-08-17T10:29:49+00:00,2026,2027,Florida State,florida-state-seminoles,florida state,282065,258452,JD Jones,jd-jones-282065,Phoenix Country Day School,"Phoenix, AZ",AZ,2026,SF,6-5,205,Committed,2026-04-16T12:34:00,,,,,,,,,,,SF,,
on3_hs_commits,https://www.on3.com/college/florida-state-seminoles/basketball/2026/commits/,2026-08-17T10:29:49+00:00,2026,2027,Florida State,florida-state-seminoles,florida state,179548,214195,Jasen Lopez,jasen-lopez-179548,Chaminade-Madonna Prep,"Miami, FL",FL,2026,PG,6-0,170,Committed,2025-06-26T18:04:00,86.19094202898552,3,253,43,34,,,,,,PG,,
on3_hs_commits,https://www.on3.com/college/florida-state-seminoles/basketball/2026/commits/,2026-08-17T10:29:49+00:00,2026,2027,Florida State,florida-state-seminoles,florida state,180536,194566,Marcis Ponder,marcis-ponder-180536,Gillion Academy,"Miami, FL",FL,2026,C,6-10,275,Signed,2025-07-29T10:58:00,95.14891304347826,4,45,7,3,94,4,54,8,3,C,,
on3_hs_commits,https://www.on3.com/college/florida-state-seminoles/basketball/2026/commits/,2026-08-17T10:29:49+00:00,2026,2027,Florida State,florida-state-seminoles,florida state,242288,209292,Martay Barnes,martay-barnes-242288,Academy of Central Florida,"Melbourne, FL",FL,2026,CG,6-2,170,Signed,2026-02-26T14:29:00,92.83695652173913,4,90,2,15,91,4,92,2,15,CG,,
on3_hs_commits,https://www.on3.com/college/fordham-rams/basketball/2026/commits/,2026-08-17T10:29:49+00:00,2026,2027,Fordham,fordham-rams,fordham,240253,204091,Hassan Koureissi,hassan-koureissi-240253,Archbishop Stepinac,"White Plains, NY",NY,2026,CG,6-3,165,Committed,2025-09-29T12:00:00,89.08623188405797,3,201,9,9,88,3,,6,9,CG,,
on3_hs_commits,https://www.on3.com/college/francis-marion-patriots/basketball/2026/commits/,2026-08-17T10:29:49+00:00,2026,2027,Francis Marion University,francis-marion-patriots,francis marion university,292462,275789,Johnston Abrams,johnston-abrams-292462,Spartanburg,"Spartanburg, SC",SC,2026,PG,5-10,160,Signed,,,,,,,,,,,,PG,,
on3_hs_commits,https://www.on3.com/college/fresno-state-bulldogs/basketball/2026/commits/,2026-08-17T10:29:49+00:00,2026,2027,Fresno State,fresno-state-bulldogs,fresno state,247916,219966,Anthony Granger,anthony-granger-247916,PHHoenix Prep,"Phoenix, AZ",AZ,2026,PF,6-8,,Committed,2026-02-22T09:57:00,82.33333333333333,3,390,72,19,87,3,,53,16,PF,,
on3_hs_commits,https://www.on3.com/college/fresno-state-bulldogs/basketball/2026/commits/,2026-08-17T10:29:49+00:00,2026,2027,Fresno State,fresno-state-bulldogs,fresno state,287712,270590,Rylan Parsley,rylan-parsley-287712,Sandra Day O'Connor,"Glendale, AZ",AZ,2026,SF,6-7,180,Committed,2026-04-20T09:04:00,,,,,,,,,,,SF,,
on3_hs_commits,https://www.on3.com/college/furman-paladins/basketball/2026/commits/,2026-08-17T10:29:49+00:00,2026,2027,Furman,furman-paladins,furman,260588,236199,Jerrin Samuel,jerrin-samuel-260588,Winder-Barrow,"Athens, GA",GA,2026,,6-5,183,Committed,2026-05-02T02:54:44,,,,,,,,,,,,,
on3_hs_commits,https://www.on3.com/college/george-mason-patriots/basketball/2026/commits/,2026-08-17T10:29:49+00:00,2026,2027,George Mason,george-mason-patriots,george mason,282049,258439,Peyton Miller,peyton-miller-282049,Overtime Elite,"Atlanta, GA",GA,2026,SG,6-3,180,Committed,2025-09-25T15:17:00,82.33333333333333,3,395,96,26,87,3,,84,21,SG,,
on3_hs_commits,https://www.on3.com/college/george-mason-patriots/basketball/2026/commits/,2026-08-17T10:29:49+00:00,2026,2027,George Mason,george-mason-patriots,george mason,244076,211800,Shane Pendergrass,shane-pendergrass-244076,Hargrave Military Academy (HS),"Lanham, MD",MD,2026,SF,6-8,200,Committed,2025-09-19T15:00:00,91.28623188405797,4,122,39,8,91,4,94,34,7,SF,,
on3_hs_commits,https://www.on3.com/college/georgetown-hoyas/basketball/2026/commits/,2026-08-17T10:29:49+00:00,2026,2027,Georgetown,georgetown-hoyas,georgetown,237650,198090,Justin Caldwell,justin-caldwell-237650,The Fayetteville Academy,"Fayetteville, NC",NC,2026,PF,6-9,235,Committed,2025-08-01T12:00:00,90.35833333333333,3,153,19,5,89,3,,22,7,PF,,
on3_hs_commits,https://www.on3.com/college/georgia-bulldogs/basketball/2026/commits/,2026-08-17T10:29:49+00:00,2026,2027,Georgia,georgia-bulldogs,georgia,246055,215067,David Ugonna Ike,david-ugonna-ike-246055,NBA Academy Africa,Owerri,,2026,C,6-11,230,Signed,2026-04-16T12:46:00,85,3,299,40,,95,4,,,,C,,
on3_hs_commits,https://www.on3.com/college/georgia-bulldogs/basketball/2026/commits/,2026-08-17T10:29:49+00:00,2026,2027,Georgia,georgia-bulldogs,georgia,239409,202255,Donovan Williams,donovan-williams-239409,Oak Hill Academy,"Orlando, FL",FL,2026,PG,6-1,175,Committed,2026-05-05T15:30:00,89.24818840579711,3,191,31,9,89,3,,23,11,PG,,
on3_hs_commits,https://www.on3.com/college/georgia-bulldogs/basketball/2026/commits/,2026-08-17T10:29:49+00:00,2026,2027,Georgia,georgia-bulldogs,georgia,245660,214252,Hakeem Weems,hakeem-weems-245660,IMG Academy,"Marietta, GA",GA,2026,PF,6-10,175,Committed,2026-05-06T11:27:00,85.84782608695652,3,269,42,36,88,3,,38,37,PF,,
on3_hs_commits,https://www.on3.com/college/georgia-bulldogs/basketball/2026/commits/,2026-08-17T10:29:49+00:00,2026,2027,Georgia,georgia-bulldogs,georgia,288758,271937,Mading Kuany,mading-kuany-288758,Iowa United Prep,"Norwalk, IA",IA,2026,SF,6-8,190,Committed,2026-05-13T13:06:00,85.54166666666667,3,286,72,5,87,3,,,,SF,,
on3_hs_commits,https://www.on3.com/college/georgia-southern-eagles/basketball/2026/commits/,2026-08-17T10:29:49+00:00,2026,2027,Georgia Southern,georgia-southern-eagles,georgia southern,242270,209273,Elton James,elton-james-242270,Winston Salem Christian School,"Rock Hill, SC",SC,2026,PF,6-7,200,Signed,2025-11-19T15:35:00,,0,,,,,,,,,PF,,
on3_hs_commits,https://www.on3.com/college/georgia-state-panthers/basketball/2026/commits/,2026-08-17T10:29:49+00:00,2026,2027,Georgia State,georgia-state-panthers,georgia state,237615,198016,Keeper Jackson,keeper-jackson-237615,Tennessee Collegiate Academy,"Memphis, TN",TN,2026,PF,6-6,180,Committed,2026-04-12T16:52:00,88.29166666666667,3,219,30,8,87,3,,55,11,PF,,
on3_hs_commits,https://www.on3.com/college/georgia-tech-yellow-jackets/basketball/2026/commits/,2026-08-17T10:29:49+00:00,2026,2027,Georgia Tech,georgia-tech-yellow-jackets,georgia tech,287399,269869,Haiden Harper,haiden-harper-287399,Lee-Scott Academy,"Opelika, AL",AL,2026,PG,6-1,165,Committed,2026-04-09T14:37:00,,,,,,,,,,,PG,,
on3_hs_commits,https://www.on3.com/college/georgia-tech-yellow-jackets/basketball/2026/commits/,2026-08-17T10:29:49+00:00,2026,2027,Georgia Tech,georgia-tech-yellow-jackets,georgia tech,241016,205268,Kaiden Bailey,kaiden-bailey-241016,Santa Margarita Catholic,"Irvine, CA",CA,2026,PG,6-2,175,Signed,2026-04-18T15:19:00,90.24565217391304,3,162,26,18,88,3,,28,18,PG,,
on3_hs_commits,https://www.on3.com/college/georgia-tech-yellow-jackets/basketball/2026/commits/,2026-08-17T10:29:49+00:00,2026,2027,Georgia Tech,georgia-tech-yellow-jackets,georgia tech,236697,196361,Kayden Allen,kayden-allen-236697,Long Island Lutheran,"Lilburn, GA",GA,2026,SG,6-5,200,Signed,2026-04-14T14:29:00,93.5394927536232,4,72,17,5,93,4,64,14,5,SG,,
on3_hs_commits,https://www.on3.com/college/georgia-tech-yellow-jackets/basketball/2026/commits/,2026-08-17T10:29:49+00:00,2026,2027,Georgia Tech,georgia-tech-yellow-jackets,georgia tech,237645,198084,Moustapha Diop,moustapha-diop-237645,Overtime Elite,"Marietta, GA",GA,2026,C,6-10,215,Signed,2026-04-17T13:37:00,91.53768115942029,4,117,16,8,91,4,93,15,8,C,,
on3_hs_commits,https://www.on3.com/college/gonzaga-bulldogs/basketball/2026/commits/,2026-08-17T10:29:49+00:00,2026,2027,Gonzaga University,gonzaga-bulldogs,gonzaga,241160,205450,Luca Foster,luca-foster-241160,Link Academy,"Downingtown, PA",PA,2026,SF,6-5,185,Signed,2025-10-25T17:03:00,94.3427536231884,4,61,20,6,93,4,58,20,5,SF,,
on3_hs_commits,https://www.on3.com/college/gonzaga-bulldogs/basketball/2026/commits/,2026-08-17T10:29:49+00:00,2026,2027,Gonzaga University,gonzaga-bulldogs,gonzaga,158336,177344,Sam Funches,sam-funches-158336,Germantown,"Gluckstadt, MS",MS,2026,C,6-11,205,Signed,2025-10-17T10:25:00,91.86014492753624,4,109,15,1,92,4,81,13,1,C,,
on3_hs_commits,https://www.on3.com/college/hampton-pirates/basketball/2026/commits/,2026-08-17T10:29:49+00:00,2026,2027,Hampton,hampton-pirates,hampton,287329,269520,Zion Ibekwe,zion-ibekwe-287329,BigTyme Sports Prep Academy,"Rockwall, TX",TX,2026,SF,6-6,190,Signed,2025-11-07T10:49:00,,,,,,,,,,,SF,,
on3_hs_commits,https://www.on3.com/college/harvard-crimson/basketball/2026/commits/,2026-08-17T10:29:49+00:00,2026,2027,Harvard,harvard-crimson,harvard,249923,222856,Jason Singleton,jason-singleton-249923,Columbus Academy,"Columbus, OH",OH,2026,SG,6-4,,Committed,2025-09-07T14:59:00,90.27282608695651,3,158,40,7,88,3,,52,9,SG,,
on3_hs_commits,https://www.on3.com/college/harvard-crimson/basketball/2026/commits/,2026-08-17T10:29:49+00:00,2026,2027,Harvard,harvard-crimson,harvard,282407,258909,Julian Adigun,julian-adigun-282407,Greensboro Day School,"Chapel Hill, NC",NC,2026,C,6-11,220,Committed,2025-09-13T12:19:00,,,,,,,,,,,C,,
on3_hs_commits,https://www.on3.com/college/high-point-panthers/basketball/2026/commits/,2026-08-17T10:29:49+00:00,2026,2027,High Point,high-point-panthers,high point,261101,236861,Trey Pearson,trey-pearson-261101,Pope John Paul II,"Nashville, TN",TN,2026,PG,6-2,170,Committed,2025-09-24T14:58:00,90.36739130434782,3,151,23,5,89,3,,25,5,PG,,
on3_hs_commits,https://www.on3.com/college/hofstra-pride/basketball/2026/commits/,2026-08-17T10:29:49+00:00,2026,2027,Hofstra,hofstra-pride,hofstra,261397,237247,Xavier Blake,xavier-blake-261397,The Phelps School,"Malvern, PA",PA,2026,SG,6-4,170,Committed,2025-12-24T16:46:00,86.49456521739131,3,244,63,4,89,3,,42,2,SG,,
on3_hs_commits,https://www.on3.com/college/holy-cross-crusaders/basketball/2026/commits/,2026-08-17T10:29:49+00:00,2026,2027,Holy Cross,holy-cross-crusaders,holy cross,280523,256647,Jaelon Germany,jaelon-germany-280523,Crowley,"Crowley, TX",TX,2026,PG,6-2,165,Committed,2026-03-31T14:05:00,82.66666666666667,3,370,64,35,86,3,,53,29,PG,,
on3_hs_commits,https://www.on3.com/college/houston-cougars/basketball/2026/commits/,2026-08-17T10:29:49+00:00,2026,2027,Houston,houston-cougars,houston,241018,205270,Arafan Diane,arafan-diane-241018,Iowa United Prep,"Montreal, QC",QC,2026,C,7-0,280,Signed,2025-11-19T14:03:00,96.90026881720429,4,31,5,1,96,4,25,3,1,C,,
on3_hs_commits,https://www.on3.com/college/houston-cougars/basketball/2026/commits/,2026-08-17T10:29:49+00:00,2026,2027,Houston,houston-cougars,houston,237702,198145,Ikenna Alozie,ikenna-alozie-237702,Dream City Christian,Lagos,,2026,PG,6-1,185,Signed,2025-11-21T12:08:00,94.79855072463768,4,53,9,6,94,4,52,8,6,PG,,
on3_hs_commits,https://www.on3.com/college/houston-cougars/basketball/2026/commits/,2026-08-17T10:29:49+00:00,2026,2027,Houston,houston-cougars,houston,245603,214194,Tyus Thomas,tyus-thomas-245603,Liberty,"Henderson, NV",NV,2026,PG,5-10,180,Committed,2026-05-05T23:39:00,89.33333333333333,3,190,30,1,89,3,,24,1,PG,,
on3_hs_commits,https://www.on3.com/college/illinois-fighting-illini/basketball/2026/commits/,2026-08-17T10:29:49+00:00,2026,2027,Illinois,illinois-fighting-illini,illinois,260483,236079,Ethan Brown,ethan-brown-260483,Rolla,"Rolla, MO",MO,2026,SG,6-4,175,Signed,2025-07-30T21:16:00,89.18550724637682,3,195,49,9,89,3,,41,9,SG,,
on3_hs_commits,https://www.on3.com/college/illinois-fighting-illini/basketball/2026/commits/,2026-08-17T10:29:49+00:00,2026,2027,Illinois,illinois-fighting-illini,illinois,260510,236104,Landon Davis,landon-davis-260510,Waukee Northwest,"Waukee, IA",IA,2026,PF,6-8,210,Signed,2025-08-06T10:57:00,88.54963768115941,3,216,28,4,88,3,,28,4,PF,,
on3_hs_commits,https://www.on3.com/college/illinois-fighting-illini/basketball/2026/commits/,2026-08-17T10:29:49+00:00,2026,2027,Illinois,illinois-fighting-illini,illinois,241013,205265,Lincoln Williams,lincoln-williams-241013,Kankakee,"Kankakee, IL",IL,2026,SF,6-5,,Signed,2026-06-08T12:04:00,89.97210144927536,3,174,51,1,88,3,,60,3,SF,,
on3_hs_commits,https://www.on3.com/college/illinois-fighting-illini/basketball/2026/commits/,2026-08-17T10:29:49+00:00,2026,2027,Illinois,illinois-fighting-illini,illinois,244741,212756,Lucas Morillo,lucas-morillo-244741,The Newman School,Santo Domingo,,2026,SF,6-6,200,Signed,2025-10-24T13:12:00,94.88623188405798,4,51,15,2,95,4,36,12,2,SF,,
on3_hs_commits,https://www.on3.com/college/illinois-fighting-illini/basketball/2026/commits/,2026-08-17T10:29:49+00:00,2026,2027,Illinois,illinois-fighting-illini,illinois,261195,236968,Quentin Coleman,quentin-coleman-261195,The Principia School,"Saint Louis, MO",MO,2026,SG,6-4,180,Signed,2026-04-03T10:03:00,97.55080645161289,4,24,6,1,97,4,16,5,1,SG,,
on3_hs_commits,https://www.on3.com/college/illinois-fighting-illini/basketball/2026/commits/,2026-08-17T10:29:49+00:00,2026,2027,Illinois,illinois-fighting-illini,illinois,246114,215148,Zavier Zens,zavier-zens-246114,Wisconsin Lutheran,"Milwaukee, WI",WI,2026,SF,6-7,,Signed,2026-04-17T15:38:00,90.075,3,165,46,1,89,3,143,43,1,SF,,
on3_hs_commits,https://www.on3.com/college/illinois-chicago-flames/basketball/2026/commits/,2026-08-17T10:29:49+00:00,2026,2027,Illinois-Chicago,illinois-chicago-flames,illinois chicago,280564,256688,Dikembe Shaw,dikembe-shaw-280564,Crown Point,"Crown Point, IN",IN,2026,PF,6-7,210,Committed,2025-08-16T14:25:00,84.66666666666667,3,313,53,10,88,3,,44,7,PF,,
on3_hs_commits,https://www.on3.com/college/illinois-chicago-flames/basketball/2026/commits/,2026-08-17T10:29:49+00:00,2026,2027,Illinois-Chicago,illinois-chicago-flames,illinois chicago,280517,256641,Elijah Garrett,elijah-garrett-280517,West Brook,"Beaumont, TX",TX,2026,PG,6-3,175,Committed,2026-03-29T09:39:00,81.33333333333333,3,404,70,37,80,3,,,,PG,,
on3_hs_commits,https://www.on3.com/college/indiana-hoosiers/basketball/2026/commits/,2026-08-17T10:29:49+00:00,2026,2027,Indiana,indiana-hoosiers,indiana,288650,271815,Clemens Sokolov,clemens-sokolov-288650,Germany,Wurzburg,,2026,C,7-0,,Committed,2026-05-08T13:49:00,,,,,,,,,,,C,,
on3_hs_commits,https://www.on3.com/college/indiana-hoosiers/basketball/2026/commits/,2026-08-17T10:29:49+00:00,2026,2027,Indiana,indiana-hoosiers,indiana,240197,204027,Prince-Alexander Moody,prince-alexander-moody-240197,Bishop McNamara,"District Heights, MD",MD,2026,SG,6-4,180,Signed,2025-06-27T17:53:00,91.80905797101448,4,110,26,5,90,4,108,25,5,SG,,
on3_hs_commits,https://www.on3.com/college/indiana-hoosiers/basketball/2026/commits/,2026-08-17T10:29:49+00:00,2026,2027,Indiana,indiana-hoosiers,indiana,250713,225615,Trevor Manhertz,trevor-manhertz-250713,Christ School,"Cary, NC",NC,2026,SF,6-7,185,Committed,2026-01-28T12:04:00,93.20724637681157,4,83,29,1,91,4,85,28,1,SF,,
on3_hs_commits,https://www.on3.com/college/indiana-hoosiers/basketball/2026/commits/,2026-08-17T10:29:49+00:00,2026,2027,Indiana,indiana-hoosiers,indiana,244192,211928,Vaughn Karvala,vaughn-karvala-244192,Bella Vista College Preparatory School,"Oregon, WI",WI,2026,SF,6-6,175,Signed,2025-11-01T14:30:00,93.78478260869565,4,68,23,9,91,4,88,31,8,SF,,
on3_hs_commits,https://www.on3.com/college/indiana-state-sycamores/basketball/2026/commits/,2026-08-17T10:29:49+00:00,2026,2027,Indiana State,indiana-state-sycamores,indiana state,242265,209266,E.J. Hazelett,ej-hazelett-242265,Franklin Central,"Indianapolis, IN",IN,2026,SF,6-7,200,Committed,2025-07-30T14:27:00,86.66666666666667,3,242,63,8,88,3,,66,6,SF,,
on3_hs_commits,https://www.on3.com/college/indiana-state-sycamores/basketball/2026/commits/,2026-08-17T10:29:49+00:00,2026,2027,Indiana State,indiana-state-sycamores,indiana state,280566,256690,Kade Speckman,kade-speckman-280566,Lutheran-Parker,"Parker, CO",CO,2026,PF,6-8,210,Committed,2025-10-24T18:03:00,,0,,,,,,,,,PF,,
on3_hs_commits,https://www.on3.com/college/iowa-hawkeyes/basketball/2026/commits/,2026-08-17T10:29:49+00:00,2026,2027,Iowa,iowa-hawkeyes,iowa,260825,236505,Ethan Harris,ethan-harris-260825,Camas,"Camas, WA",WA,2026,PF,6-8,200,Signed,2025-09-13T20:04:00,91.56847826086957,4,116,13,2,91,4,99,10,2,PF,,
on3_hs_commits,https://www.on3.com/college/iowa-hawkeyes/basketball/2026/commits/,2026-08-17T10:29:49+00:00,2026,2027,Iowa,iowa-hawkeyes,iowa,244190,211926,Jaidyn Coon,jaidyn-coon-244190,Storm Lake,"Storm Lake, IA",IA,2026,SG,6-6,180,Committed,2026-04-02T17:08:00,88.92934782608695,3,204,53,3,89,3,122,30,3,SG,,
on3_hs_commits,https://www.on3.com/college/iowa-state-cyclones/basketball/2026/commits/,2026-08-17T10:29:49+00:00,2026,2027,Iowa State,iowa-state-cyclones,iowa state,244187,211923,Christian Wiggins,christian-wiggins-244187,Wayzata,"Minneapolis, MN",MN,2026,SG,6-3,170,Signed,2025-04-19T14:16:00,91.06159420289856,3,134,33,1,90,4,110,26,1,SG,,
on3_hs_commits,https://www.on3.com/college/iowa-state-cyclones/basketball/2026/commits/,2026-08-17T10:29:49+00:00,2026,2027,Iowa State,iowa-state-cyclones,iowa state,282241,258675,Dorian Rinaldo-Komlan,dorian-rinaldo-komlan-282241,SPIRE Academy,Fort-de-France,,2026,PF,6-10,215,Signed,2025-11-10T10:01:00,88.0126811594203,3,225,31,8,91,4,101,11,6,PF,,
on3_hs_commits,https://www.on3.com/college/iowa-state-cyclones/basketball/2026/commits/,2026-08-17T10:29:49+00:00,2026,2027,Iowa State,iowa-state-cyclones,iowa state,237689,198132,Yusef Gray Jr.,yusef-gray-jr-237689,West Allis Central,"Milwaukee, WI",WI,2026,SG,6-5,170,Signed,2025-01-19T17:26:00,89.97028985507247,3,175,45,2,88,3,,54,3,SG,,
on3_hs_commits,https://www.on3.com/college/james-madison-dukes/basketball/2026/commits/,2026-08-17T10:29:49+00:00,2026,2027,James Madison,james-madison-dukes,james madison,242272,209275,Ashton Meeks,ashton-meeks-242272,DeMatha Catholic,"Hyattsville, MD",MD,2026,PG,5-10,170,Committed,2026-04-20T12:12:00,86.17717391304348,3,255,44,8,,,,,,PG,,
on3_hs_commits,https://www.on3.com/college/kansas-jayhawks/basketball/2026/commits/,2026-08-17T10:29:49+00:00,2026,2027,Kansas,kansas-jayhawks,kansas,288610,271759,Atticus Richmond,atticus-richmond-288610,The Newman School,"Chicago, IL",IL,2026,PF,6-8,225,Enrolled,2026-05-09T16:19:00,82.66666666666667,3,378,71,11,88,3,,43,9,PF,,
on3_hs_commits,https://www.on3.com/college/kansas-jayhawks/basketball/2026/commits/,2026-08-17T10:29:49+00:00,2026,2027,Kansas,kansas-jayhawks,kansas,237682,198124,Davion Adkins,davion-adkins-237682,Prolific Prep,"Dallas, TX",TX,2026,PF,6-8,205,Enrolled,2025-10-05T20:44:00,93.93297101449275,4,66,9,11,93,4,62,7,9,PF,,
on3_hs_commits,https://www.on3.com/college/kansas-jayhawks/basketball/2026/commits/,2026-08-17T10:29:49+00:00,2026,2027,Kansas,kansas-jayhawks,kansas,287945,270986,Grant Mordini,grant-mordini-287945,Avon Old Farms,"Lake Forest, IL",IL,2026,C,6-11,210,Enrolled,,82.66666666666667,3,375,52,5,88,3,,36,4,C,,
on3_hs_commits,https://www.on3.com/college/kansas-jayhawks/basketball/2026/commits/,2026-08-17T10:29:49+00:00,2026,2027,Kansas,kansas-jayhawks,kansas,242295,209300,Luke Barnett,luke-barnett-242295,Mater Dei,"Santa Ana, CA",CA,2026,SG,6-3,170,Enrolled,2025-10-24T13:21:00,91.22028985507248,3,130,32,10,89,3,125,33,10,SG,,
on3_hs_commits,https://www.on3.com/college/kansas-jayhawks/basketball/2026/commits/,2026-08-17T10:29:49+00:00,2026,2027,Kansas,kansas-jayhawks,kansas,238308,199057,Tay Kinney,tay-kinney-238308,Overtime Elite,"Newport, KY",KY,2026,PG,6-2,190,Enrolled,2025-09-28T13:32:00,97.6505376344086,4,23,4,1,96,4,26,4,2,PG,,
on3_hs_commits,https://www.on3.com/college/kansas-jayhawks/basketball/2026/commits/,2026-08-17T10:29:49+00:00,2026,2027,Kansas,kansas-jayhawks,kansas,179203,191729,Trent Perry,trent-perry-179203,Link Academy,"Frisco, TX",TX,2026,SF,6-4,175,Enrolled,2025-10-01T14:36:00,91.86376811594202,4,108,38,8,89,3,136,41,8,SF,,
on3_hs_commits,https://www.on3.com/college/kansas-jayhawks/basketball/2026/commits/,2026-08-17T10:29:49+00:00,2026,2027,Kansas,kansas-jayhawks,kansas,174854,182650,Tyran Stokes,tyran-stokes-174854,Rainier Beach,"Louisville, KY",KY,2026,SF,6-7,225,Enrolled,2026-04-28T18:47:00,99.25,5,1,1,1,99,5,1,1,1,SF,6,5000000
on3_hs_commits,https://www.on3.com/college/kansas-state-wildcats/basketball/2026/commits/,2026-08-17T10:29:49+00:00,2026,2027,Kansas State,kansas-state-wildcats,kansas state,237674,198116,Devin Hutcherson,devin-hutcherson-237674,Holy Innocents Episcopal School,"Atlanta, GA",GA,2026,SF,6-4,180,Committed,2026-03-27T10:58:00,85.87318840579711,3,265,66,19,88,3,,72,19,SF,,
on3_hs_commits,https://www.on3.com/college/kansas-state-wildcats/basketball/2026/commits/,2026-08-17T10:29:49+00:00,2026,2027,Kansas State,kansas-state-wildcats,kansas state,245777,214473,Jaylen Alexander,jaylen-alexander-245777,Oxford,"Oxford, AL",AL,2026,PG,6-1,180,Committed,2026-03-28T13:11:00,,0,,,,,,,,,PG,,
on3_hs_commits,https://www.on3.com/college/kennesaw-state-owls/basketball/2026/commits/,2026-08-17T10:29:49+00:00,2026,2027,Kennesaw State,kennesaw-state-owls,kennesaw state,280541,256664,Keriawn Berry,keriawn-berry-280541,North Hardin,"Radcliff, KY",KY,2026,SF,6-5,200,Committed,2026-04-21T21:01:00,,0,,,,,,,,,SF,,
on3_hs_commits,https://www.on3.com/college/kennesaw-state-owls/basketball/2026/commits/,2026-08-17T10:29:49+00:00,2026,2027,Kennesaw State,kennesaw-state-owls,kennesaw state,261072,236829,Kyler Theophile,kyler-theophile-261072,Coral Glades,"Coral Springs, FL",FL,2026,SF,6-5,195,Committed,2025-10-27T15:41:00,82.66666666666667,3,367,84,47,88,3,,70,33,SF,,
on3_hs_commits,https://www.on3.com/college/kennesaw-state-owls/basketball/2026/commits/,2026-08-17T10:29:49+00:00,2026,2027,Kennesaw State,kennesaw-state-owls,kennesaw state,283212,260414,Levi Ball,levi-ball-283212,Gray Collegiate,"Columbia, SC",SC,2026,SG,6-4,185,Committed,2025-12-12T19:01:00,82.33333333333333,3,396,97,5,87,3,,,,SG,,
on3_hs_commits,https://www.on3.com/college/kent-state-golden-flashes/basketball/2026/commits/,2026-08-17T10:29:49+00:00,2026,2027,Kent State,kent-state-golden-flashes,kent state,236695,196359,Dhani Miller,dhani-miller-236695,Montverde Academy,"Montverde, FL",FL,2026,PG,6-3,175,Committed,2025-09-20T10:06:00,92.72391304347826,4,93,16,16,90,4,107,15,18,PG,,
on3_hs_commits,https://www.on3.com/college/kentucky-wildcats/basketball/2026/commits/,2026-08-17T10:29:49+00:00,2026,2027,Kentucky,kentucky-wildcats,kentucky,259915,235405,Mason Williams,mason-williams-259915,Tennessee Collegiate Academy,"Madison, MS",MS,2026,PG,6-2,170,Enrolled,2026-03-27T13:57:00,90.96340579710146,3,138,21,4,89,3,137,20,4,PG,,
on3_hs_commits,https://www.on3.com/college/kentucky-wildcats/basketball/2026/commits/,2026-08-17T10:29:49+00:00,2026,2027,Kentucky,kentucky-wildcats,kentucky,287766,270680,Zyon Hawthorne,zyon-hawthorne-287766,Huntington Prep,"Huntington, WV",WV,2026,PG,6-1,,Enrolled,2026-04-21T16:06:00,82.33333333333333,3,397,69,2,87,3,,48,2,PG,,
on3_hs_commits,https://www.on3.com/college/lsu-tigers/basketball/2026/commits/,2026-08-17T10:29:49+00:00,2026,2027,LSU,lsu-tigers,lsu,259632,234977,Brice Dessert,brice-dessert-259632,Anadolu Efes Istanbul,Istanbul,,2026,C,7-0,,Committed,2026-05-21T20:45:00,,,,,,,,,,,C,,
on3_hs_commits,https://www.on3.com/college/lsu-tigers/basketball/2026/commits/,2026-08-17T10:29:49+00:00,2026,2027,LSU,lsu-tigers,lsu,247786,219782,Marcus Vaughns,marcus-vaughns-247786,NBA Global Academy,Melbourne,,2026,SF,6-8,,Enrolled,2025-05-22T16:25:00,91,3,136,42,,91,4,,,,SF,,
on3_hs_commits,https://www.on3.com/college/lsu-tigers/basketball/2026/commits/,2026-08-17T10:29:49+00:00,2026,2027,LSU,lsu-tigers,lsu,288968,272244,Michael Ruzic,michael-ruzic-288968,Club Joventut Badalona,,,2026,PF,6-11,230,Committed,2026-05-20T16:42:00,,,,,,,,,,,PF,,
on3_hs_commits,https://www.on3.com/college/lane-college-dragons/basketball/2026/commits/,2026-08-17T10:29:49+00:00,2026,2027,Lane College,lane-college-dragons,lane college,287332,269525,Zvon King,zvon-king-287332,BigTyme Sports Prep Academy,"Rockwall, TX",TX,2026,CG,6-4,180,Signed,2025-11-07T10:55:00,,,,,,,,,,,CG,,
on3_hs_commits,https://www.on3.com/college/le-moyne-dolphins/basketball/2026/commits/,2026-08-17T10:29:49+00:00,2026,2027,Le Moyne College,le-moyne-dolphins,le moyne,280723,256862,Jordan Dill,jordan-dill-280723,Imhotep Institute,"Philadelphia, PA",PA,2026,CG,6-1,190,Committed,2025-09-09T19:43:00,,,,,,,,,,,CG,,
on3_hs_commits,https://www.on3.com/college/liberty-flames/basketball/2026/commits/,2026-08-17T10:29:49+00:00,2026,2027,Liberty,liberty-flames,liberty,280552,256677,Eli Herbert,eli-herbert-280552,Grain Valley,"Grain Valley, MO",MO,2026,CG,6-1,150,Signed,2024-09-04T13:31:00,83,3,343,12,10,86,3,,14,12,CG,,
on3_hs_commits,https://www.on3.com/college/liberty-flames/basketball/2026/commits/,2026-08-17T10:29:49+00:00,2026,2027,Liberty,liberty-flames,liberty,251111,226721,Eli Sancomb,eli-sancomb-251111,Wheeling Central Catholic,"Wheeling, WV",WV,2026,PG,6-5,180,Signed,2025-09-09T21:21:00,90.97789855072465,3,137,20,1,89,3,134,19,1,PG,,
on3_hs_commits,https://www.on3.com/college/liberty-flames/basketball/2026/commits/,2026-08-17T10:29:49+00:00,2026,2027,Liberty,liberty-flames,liberty,261255,237037,Reece Davidson,reece-davidson-261255,North Laurel,"London, KY",KY,2026,SF,6-7,220,Committed,2025-07-24T13:13:00,84,3,326,78,3,88,3,,58,2,SF,,
on3_hs_commits,https://www.on3.com/college/lipscomb-bisons/basketball/2026/commits/,2026-08-17T10:29:49+00:00,2026,2027,Lipscomb,lipscomb-bisons,lipscomb,280568,256692,Sawyer Dotson,sawyer-dotson-280568,Birdville,"North Richland Hills, TX",TX,2026,PF,6-7,200,Committed,2025-08-25T14:49:00,83,3,344,62,31,88,3,,47,22,PF,,
on3_hs_commits,https://www.on3.com/college/louisiana-ragin-cajuns/basketball/2026/commits/,2026-08-17T10:29:49+00:00,2026,2027,Louisiana,louisiana-ragin-cajuns,louisiana,280516,256640,Isaiah Wilks,isaiah-wilks-280516,Millwood,"Oklahoma City, OK",OK,2026,PG,5-9,160,Committed,2025-09-02T16:59:00,,0,,,,,,,,,PG,,
on3_hs_commits,https://www.on3.com/college/louisiana-ragin-cajuns/basketball/2026/commits/,2026-08-17T10:29:49+00:00,2026,2027,Louisiana,louisiana-ragin-cajuns,louisiana,246058,215074,Tyshawn Duncan,tyshawn-duncan-246058,Alexandria,"Alexandria, LA",LA,2026,PF,6-8,210,Committed,2025-07-23T11:16:00,90.26557971014493,3,159,20,1,88,3,,42,1,PF,,
on3_hs_commits,https://www.on3.com/college/louisiana-tech-bulldogs/basketball/2026/commits/,2026-08-17T10:29:49+00:00,2026,2027,Louisiana Tech,louisiana-tech-bulldogs,louisiana tech,247912,219962,Adam Boyd,adam-boyd-247912,Atascocita,"Humble, TX",TX,2026,PG,6-2,,Signed,2025-08-02T20:43:00,83.66666666666667,3,328,58,27,88,3,,37,11,PG,,
on3_hs_commits,https://www.on3.com/college/louisiana-tech-bulldogs/basketball/2026/commits/,2026-08-17T10:29:49+00:00,2026,2027,Louisiana Tech,louisiana-tech-bulldogs,louisiana tech,241017,205271,Bryce Dixon,bryce-dixon-241017,The Colony,"The Colony, TX",TX,2026,SG,6-4,165,Signed,2025-08-13T06:37:00,83.33333333333333,3,336,85,28,88,3,,75,18,SG,,
on3_hs_commits,https://www.on3.com/college/louisiana-tech-bulldogs/basketball/2026/commits/,2026-08-17T10:29:49+00:00,2026,2027,Louisiana Tech,louisiana-tech-bulldogs,louisiana tech,280527,256651,James Sanderson,james-sanderson-280527,New Hampton School,"New Hampton, NH",NH,2026,PG,6-1,165,Committed,2026-01-19T10:21:00,,0,,,,,,,,,PG,,
on3_hs_commits,https://www.on3.com/college/louisville-cardinals/basketball/2026/commits/,2026-08-17T10:29:49+00:00,2026,2027,Louisville,louisville-cardinals,louisville,244880,212926,Boyuan Zhang,boyuan-zhang-244880,Veritas Prep,Shanxi,,2026,SF,6-8,205,Committed,2026-05-11T19:06:00,94.6108695652174,4,57,18,5,94,4,49,16,6,SF,,
on3_hs_commits,https://www.on3.com/college/louisville-cardinals/basketball/2026/commits/,2026-08-17T10:29:49+00:00,2026,2027,Louisville,louisville-cardinals,louisville,238803,199899,Isaac Ellis,isaac-ellis-238803,Moravian Prep,"Hickory, NC",NC,2026,PG,6-1,170,Committed,2025-12-15T14:00:00,85.82065217391305,3,271,47,13,87,3,,44,12,PG,,
on3_hs_commits,https://www.on3.com/college/louisville-cardinals/basketball/2026/commits/,2026-08-17T10:29:49+00:00,2026,2027,Louisville,louisville-cardinals,louisville,244984,213140,Obinna Ekezie Jr.,obinna-ekezie-jr-244984,Southeastern Prep,Lagos,,2026,C,7-0,215,Committed,2026-05-03T15:37:00,98.18494623655914,4,18,3,4,97,4,17,1,4,C,,
on3_hs_commits,https://www.on3.com/college/loyola-chi-ramblers/basketball/2026/commits/,2026-08-17T10:29:49+00:00,2026,2027,Loyola (Chi),loyola-chi-ramblers,loyola chicago,245617,214210,Jaxson Terry,jaxson-terry-245617,Braintree,"Braintree, MA",MA,2026,SF,6-5,180,Committed,2025-09-19T10:08:00,85.58514492753623,3,282,71,9,88,3,,67,8,SF,,
on3_hs_commits,https://www.on3.com/college/loyola-chi-ramblers/basketball/2026/commits/,2026-08-17T10:29:49+00:00,2026,2027,Loyola (Chi),loyola-chi-ramblers,loyola chicago,244191,211927,Ryan Kreager,ryan-kreager-244191,Faribault Senior,"Faribault, MN",MN,2026,C,6-9,200,Committed,2025-07-23T13:01:00,89.1445652173913,3,198,29,3,88,3,,28,6,C,,
on3_hs_commits,https://www.on3.com/college/maine-black-bears/basketball/2026/commits/,2026-08-17T10:29:49+00:00,2026,2027,Maine,maine-black-bears,maine,280724,256863,Hudson Franz,hudson-franz-280724,Terra Verde Discovery School,"Norman, OK",OK,2026,PG,6-2,,Committed,2025-09-09T10:42:00,,,,,,,,,,,PG,,
on3_hs_commits,https://www.on3.com/college/marquette-golden-eagles/basketball/2026/commits/,2026-08-17T10:29:49+00:00,2026,2027,Marquette,marquette-golden-eagles,marquette,245609,214201,Alex Egbuonu,alex-egbuonu-245609,Lawrence Academy,"Groton, MA",MA,2026,SF,6-6,210,Committed,2025-11-06T10:38:00,92.62210144927536,4,96,34,3,90,4,118,35,5,SF,,
on3_hs_commits,https://www.on3.com/college/marquette-golden-eagles/basketball/2026/commits/,2026-08-17T10:29:49+00:00,2026,2027,Marquette,marquette-golden-eagles,marquette,288941,272175,Colton Crowdis,colton-crowdis-288941,Bridgton Academy,"Bridgton, ME",ME,2026,PG,6-4,180,Committed,2026-05-16T14:54:00,,,,,,,,,,,PG,,
on3_hs_commits,https://www.on3.com/college/marquette-golden-eagles/basketball/2026/commits/,2026-08-17T10:29:49+00:00,2026,2027,Marquette,marquette-golden-eagles,marquette,241155,205445,Ethan Johnston,ethan-johnston-241155,The Hill School,"Pottstown, PA",PA,2026,SF,6-6,185,Committed,2025-05-07T11:00:00,89.77536231884059,3,178,52,2,88,3,,55,5,SF,,
on3_hs_commits,https://www.on3.com/college/marquette-golden-eagles/basketball/2026/commits/,2026-08-17T10:29:49+00:00,2026,2027,Marquette,marquette-golden-eagles,marquette,261121,236885,Nash Walker,nash-walker-261121,NBA Global Academy,Tasmania,,2026,SG,6-6,175,Committed,2025-07-09T15:31:00,,,,,,,,,,,SG,,
on3_hs_commits,https://www.on3.com/college/maryland-terrapins/basketball/2026/commits/,2026-08-17T10:29:49+00:00,2026,2027,Maryland,maryland-terrapins,maryland,244477,212330,Adama Tambedou,adama-tambedou-244477,Putnam Science Academy,"Springfield, MA",MA,2026,PF,6-8,,Committed,2025-09-23T11:35:00,91.2605072463768,3,125,15,2,90,4,103,12,2,PF,,
on3_hs_commits,https://www.on3.com/college/maryland-terrapins/basketball/2026/commits/,2026-08-17T10:29:49+00:00,2026,2027,Maryland,maryland-terrapins,maryland,242267,209270,Austin Brown,austin-brown-242267,Lufkin,"Lufkin, TX",TX,2026,SG,6-8,200,Signed,2025-06-30T12:01:00,89.131884057971,3,199,52,14,88,3,,73,16,SG,,
on3_hs_commits,https://www.on3.com/college/maryland-terrapins/basketball/2026/commits/,2026-08-17T10:29:49+00:00,2026,2027,Maryland,maryland-terrapins,maryland,237822,198395,Baba Oladotun,baba-oladotun-237822,James Hubert Blake,"Silver Spring, MD",MD,2026,SF,6-10,190,Signed,2025-11-19T18:43:00,98.48333333333333,5,11,4,1,98,5,15,6,1,SF,,
on3_hs_commits,https://www.on3.com/college/maryland-terrapins/basketball/2026/commits/,2026-08-17T10:29:49+00:00,2026,2027,Maryland,maryland-terrapins,maryland,237670,198110,Kaden House,kaden-house-237670,Compass Prep,"Phoenix, AZ",AZ,2026,SG,6-3,170,Committed,2025-10-31T14:45:00,95.14528985507248,4,46,13,5,95,4,37,12,3,SG,,
on3_hs_commits,https://www.on3.com/college/massachusetts-minutemen/basketball/2026/commits/,2026-08-17T10:29:49+00:00,2026,2027,Massachusetts,massachusetts-minutemen,massachusetts,281194,257414,Cam Hailey,cam-hailey-281194,Western Reserve Academy,"Boston, MA",MA,2026,PG,5-11,,Committed,2025-09-26T21:09:00,82.33333333333333,3,393,68,10,87,3,,46,10,PG,,
on3_hs_commits,https://www.on3.com/college/mcneese-state-cowboys/basketball/2026/commits/,2026-08-17T10:29:49+00:00,2026,2027,McNeese State,mcneese-state-cowboys,mcneese state,245604,214196,MJ Madison,mj-madison-245604,Prolific Prep,"Douglasville, GA",GA,2026,PF,6-8,215,Committed,2026-05-01T12:16:00,88.85471014492754,3,210,26,30,88,3,,29,34,PF,,
on3_hs_commits,https://www.on3.com/college/mcneese-state-cowboys/basketball/2026/commits/,2026-08-17T10:29:49+00:00,2026,2027,McNeese State,mcneese-state-cowboys,mcneese state,241012,205264,Tyrease Hunter,tyrease-hunter-241012,Roselle Catholic,"Hopewell, VA",VA,2026,CG,6-2,170,Committed,2026-04-30T11:41:00,82.33333333333333,3,381,13,9,87,3,,12,6,CG,,
on3_hs_commits,https://www.on3.com/college/memphis-tigers/basketball/2026/commits/,2026-08-17T10:29:49+00:00,2026,2027,Memphis,memphis-tigers,memphis,246687,216155,Cello Jackson,cello-jackson-246687,Columbus,"Memphis, TN",TN,2026,SG,6-4,205,Committed,2025-11-01T16:14:00,89.97391304347826,3,173,44,29,88,3,,53,29,SG,,
on3_hs_commits,https://www.on3.com/college/memphis-tigers/basketball/2026/commits/,2026-08-17T10:29:49+00:00,2026,2027,Memphis,memphis-tigers,memphis,246056,215069,Fred Smith Jr.,fred-smith-jr-246056,Briarcrest Christian,"Memphis, TN",TN,2026,SF,6-7,220,Committed,2026-04-09T15:45:00,91.8873188405797,4,107,37,2,89,3,127,38,3,SF,,
on3_hs_commits,https://www.on3.com/college/memphis-tigers/basketball/2026/commits/,2026-08-17T10:29:49+00:00,2026,2027,Memphis,memphis-tigers,memphis,287579,270273,Parker Pounds,parker-pounds-287579,Briarcrest Christian,"Memphis, TN",TN,2026,SF,6-5,,Committed,2026-04-15T15:19:00,,,,,,,,,,,SF,,
on3_hs_commits,https://www.on3.com/college/miami-hurricanes/basketball/2026/commits/,2026-08-17T10:29:49+00:00,2026,2027,Miami,miami-hurricanes,miami fl,179204,191730,Caleb Gaskins,caleb-gaskins-179204,Columbus,"Melbourne, FL",FL,2026,SF,6-8,220,Signed,2025-10-30T15:09:00,98.42956989247311,5,13,6,3,98,5,14,5,3,SF,,
on3_hs_commits,https://www.on3.com/college/miami-hurricanes/basketball/2026/commits/,2026-08-17T10:29:49+00:00,2026,2027,Miami,miami-hurricanes,miami fl,236597,196251,Chris Birden,chris-birden-236597,South Kent School,"New Orleans, LA",LA,2026,PF,6-10,,Committed,2026-04-21T09:04:00,,0,,,,,,,,,PF,,
on3_hs_commits,https://www.on3.com/college/michigan-wolverines/basketball/2026/commits/,2026-08-17T10:29:49+00:00,2026,2027,Michigan,michigan-wolverines,michigan,235792,195267,Brandon McCoy,brandon-mccoy-235792,Sierra Canyon,"Bellflower, CA",CA,2026,CG,6-5,190,Signed,2026-04-04T21:38:00,98.38870967741936,4,15,1,3,98,5,3,1,1,CG,,
on3_hs_commits,https://www.on3.com/college/michigan-wolverines/basketball/2026/commits/,2026-08-17T10:29:49+00:00,2026,2027,Michigan,michigan-wolverines,michigan,242293,209298,Joseph Hartman,joseph-hartman-242293,The Rock School,"Gainesville, FL",FL,2026,SG,6-6,185,Signed,2025-10-01T09:59:00,92.52028985507246,4,97,22,17,92,4,82,21,13,SG,,
on3_hs_commits,https://www.on3.com/college/michigan-wolverines/basketball/2026/commits/,2026-08-17T10:29:49+00:00,2026,2027,Michigan,michigan-wolverines,michigan,242253,209251,Lincoln Cosby,lincoln-cosby-242253,Montverde Academy,"Cincinnati, OH",OH,2026,SF,6-9,205,Committed,2026-02-10T17:12:00,94.89891304347826,4,50,14,8,95,4,39,13,7,SF,,
on3_hs_commits,https://www.on3.com/college/michigan-wolverines/basketball/2026/commits/,2026-08-17T10:29:49+00:00,2026,2027,Michigan,michigan-wolverines,michigan,281129,257346,Malachi Brown,malachi-brown-281129,Knoxville Catholic,"Knoxville, TN",TN,2026,SG,6-5,196,Signed,2025-09-24T21:16:00,89.15289855072464,3,197,51,6,88,3,,57,7,SG,,
on3_hs_commits,https://www.on3.com/college/michigan-wolverines/basketball/2026/commits/,2026-08-17T10:29:49+00:00,2026,2027,Michigan,michigan-wolverines,michigan,260672,236297,Marcus Moller,marcus-moller-260672,Unicaja Malaga,Denmark,,2026,C,7-3,230,Signed,2025-07-08T08:02:00,,,,,,,,,,,C,,
on3_hs_commits,https://www.on3.com/college/michigan-wolverines/basketball/2026/commits/,2026-08-17T10:29:49+00:00,2026,2027,Michigan,michigan-wolverines,michigan,241032,205285,Quinn Costello,quinn-costello-241032,The Newman School,"Boston, MA",MA,2026,PF,6-10,195,Signed,2025-09-16T14:14:00,95.5980247779336,4,43,7,1,96,4,24,3,1,PF,,
on3_hs_commits,https://www.on3.com/college/michigan-state-spartans/basketball/2026/commits/,2026-08-17T10:29:49+00:00,2026,2027,Michigan State,michigan-state-spartans,michigan state,259988,235501,Carlos Medlock Jr.,carlos-medlock-jr-259988,Link Academy,,,2026,PG,5-11,170,Signed,2025-07-25T16:59:00,94.3572463768116,4,60,10,5,93,4,59,10,6,PG,,
on3_hs_commits,https://www.on3.com/college/michigan-state-spartans/basketball/2026/commits/,2026-08-17T10:29:49+00:00,2026,2027,Michigan State,michigan-state-spartans,michigan state,240196,204026,Ethan Taylor,ethan-taylor-240196,Link Academy,"Shawnee, KS",KS,2026,C,7-1,240,Signed,2025-11-14T15:05:00,95.08115942028984,4,49,8,4,94,4,53,7,3,C,,
on3_hs_commits,https://www.on3.com/college/michigan-state-spartans/basketball/2026/commits/,2026-08-17T10:29:49+00:00,2026,2027,Michigan State,michigan-state-spartans,michigan state,241158,205448,Jasiah Jervis,jasiah-jervis-241158,Archbishop Stepinac,"Bronx, NY",NY,2026,SG,6-5,190,Signed,2025-11-05T12:07:00,96.34282374941561,4,37,11,4,95,4,34,11,4,SG,,
on3_hs_commits,https://www.on3.com/college/michigan-state-spartans/basketball/2026/commits/,2026-08-17T10:29:49+00:00,2026,2027,Michigan State,michigan-state-spartans,michigan state,237756,198279,Julius Avent,julius-avent-237756,Bergen Catholic,"Springfield, NJ",NJ,2026,SF,6-7,215,Signed,2025-10-01T15:59:00,92.70797101449274,4,95,33,2,91,4,86,29,2,SF,,
on3_hs_commits,https://www.on3.com/college/middle-tennessee-state-blue-raiders/basketball/2026/commits/,2026-08-17T10:29:49+00:00,2026,2027,Middle Tennessee State,middle-tennessee-state-blue-raiders,middle tennessee,241014,205266,Landyn Colyer,landyn-colyer-241014,Overtime Elite,"Atlanta, GA",GA,2026,SF,6-6,190,Committed,2026-03-28T14:12:00,89.70942028985506,3,179,53,14,89,3,,45,10,SF,,
on3_hs_commits,https://www.on3.com/college/minnesota-golden-gophers/basketball/2026/commits/,2026-08-17T10:29:49+00:00,2026,2027,Minnesota,minnesota-golden-gophers,minnesota,259010,234087,Cedric Tomes,cedric-tomes-259010,East Ridge,"Saint Paul, MN",MN,2026,PG,6-0,170,Committed,2025-05-10T09:38:00,85.8876811594203,3,264,45,6,88,3,,31,3,PG,,
on3_hs_commits,https://www.on3.com/college/minnesota-golden-gophers/basketball/2026/commits/,2026-08-17T10:29:49+00:00,2026,2027,Minnesota,minnesota-golden-gophers,minnesota,269720,245850,Chadrack Mpoyi,chadrack-mpoyi-269720,Crean Lutheran,"Coto de Caza, CA",CA,2026,C,6-11,230,Committed,2025-09-18T18:08:00,90.36956521739131,3,149,26,15,89,3,141,22,12,C,,
on3_hs_commits,https://www.on3.com/college/minnesota-golden-gophers/basketball/2026/commits/,2026-08-17T10:29:49+00:00,2026,2027,Minnesota,minnesota-golden-gophers,minnesota,261300,237119,Nolen Anderson,nolen-anderson-261300,Wayzata,"Eden Prairie, MN",MN,2026,SF,6-6,180,Committed,2025-07-31T13:30:00,87.36956521739131,3,233,60,5,89,3,148,44,2,SF,,
on3_hs_commits,https://www.on3.com/college/mississippi-state-bulldogs/basketball/2026/commits/,2026-08-17T10:29:49+00:00,2026,2027,Mississippi State,mississippi-state-bulldogs,mississippi state,244071,211793,Jalyn Collingwood,jalyn-collingwood-244071,Sidwell Friends,"Washington, DC",DC,2026,PF,6-5,200,Signed,2025-10-16T16:40:00,91.20760869565216,3,131,16,2,89,3,146,18,2,PF,,
on3_hs_commits,https://www.on3.com/college/mississippi-state-bulldogs/basketball/2026/commits/,2026-08-17T10:29:49+00:00,2026,2027,Mississippi State,mississippi-state-bulldogs,mississippi state,237752,198263,Tristan Reed,tristan-reed-237752,Link Academy,"Saint Louis, MO",MO,2026,PF,6-9,235,Committed,2026-01-30T11:36:00,93.49891304347827,4,73,10,7,92,4,73,9,7,PF,,
on3_hs_commits,https://www.on3.com/college/mississippi-state-bulldogs/basketball/2026/commits/,2026-08-17T10:29:49+00:00,2026,2027,Mississippi State,mississippi-state-bulldogs,mississippi state,246879,216702,Willie Burnett III,willie-burnett-iii-246879,Gillion Academy,"Orlando, FL",FL,2026,SG,6-4,180,Signed,2025-09-10T15:43:00,92.43442028985507,4,101,23,7,91,4,102,24,8,SG,,
on3_hs_commits,https://www.on3.com/college/missouri-tigers/basketball/2026/commits/,2026-08-17T10:29:49+00:00,2026,2027,Missouri,missouri-tigers,missouri,237669,198109,Aidan Chronister,aidan-chronister-237669,The New School,"Fayetteville, AR",AR,2026,SF,6-7,170,Enrolled,2025-09-21T18:30:00,91.05471014492754,3,135,41,3,88,3,,51,3,SF,,
on3_hs_commits,https://www.on3.com/college/missouri-tigers/basketball/2026/commits/,2026-08-17T10:29:49+00:00,2026,2027,Missouri,missouri-tigers,missouri,236711,196386,Jason Crowe Jr.,jason-crowe-jr-236711,Inglewood,"Inglewood, CA",CA,2026,SG,6-3,170,Enrolled,2025-07-18T17:37:00,98.57634408602152,5,8,3,1,98,5,13,4,3,SG,,
on3_hs_commits,https://www.on3.com/college/missouri-tigers/basketball/2026/commits/,2026-08-17T10:29:49+00:00,2026,2027,Missouri,missouri-tigers,missouri,237641,198089,Toni Bryant,toni-bryant-237641,Zephyrhills Christian Academy,"Orlando, FL",FL,2026,PF,6-9,215,Enrolled,2025-09-08T08:53:00,97.51129032258065,4,25,4,5,96,4,27,4,5,PF,,
on3_hs_commits,https://www.on3.com/college/missouri-kansas-city-kangaroos/basketball/2026/commits/,2026-08-17T10:29:49+00:00,2026,2027,Missouri-Kansas City,missouri-kansas-city-kangaroos,umkc,288796,271987,Cameron Love,cameron-love-288796,Olathe North,"Olathe, KS",KS,2026,SF,6-4,180,Committed,2026-03-10T15:58:00,,0,,,,,,,,,SF,,
on3_hs_commits,https://www.on3.com/college/missouri-kansas-city-kangaroos/basketball/2026/commits/,2026-08-17T10:29:49+00:00,2026,2027,Missouri-Kansas City,missouri-kansas-city-kangaroos,umkc,288801,271992,DJ Jackson,dj-jackson-288801,Piper,"Kansas City, KS",KS,2026,PG,6-2,,Committed,2026-03-10T17:03:00,,0,,,,,,,,,PG,,
on3_hs_commits,https://www.on3.com/college/missouri-kansas-city-kangaroos/basketball/2026/commits/,2026-08-17T10:29:49+00:00,2026,2027,Missouri-Kansas City,missouri-kansas-city-kangaroos,umkc,288799,271990,Elliot Moskowitz,elliot-moskowitz-288799,Colorado Prep,"Denver, CO",CO,2026,CG,6-3,170,Committed,2025-03-16T16:26:00,,0,,,,,,,,,CG,,
on3_hs_commits,https://www.on3.com/college/missouri-kansas-city-kangaroos/basketball/2026/commits/,2026-08-17T10:29:49+00:00,2026,2027,Missouri-Kansas City,missouri-kansas-city-kangaroos,umkc,288800,271991,Josh Kori,josh-kori-288800,Oak Park,"Kansas City, MO",MO,2026,SG,6-4,180,Committed,2026-03-10T16:46:00,,0,,,,,,,,,SG,,
on3_hs_commits,https://www.on3.com/college/montana-grizzlies/basketball/2026/commits/,2026-08-17T10:29:49+00:00,2026,2027,Montana,montana-grizzlies,montana,288798,271989,Jemai Lake,jemai-lake-288798,Tualatin,"Tualatin, OR",OR,2026,CG,6-2,170,Committed,2025-09-14T16:20:00,,0,,,,,,,,,CG,,
on3_hs_commits,https://www.on3.com/college/murray-state-racers/basketball/2026/commits/,2026-08-17T10:29:49+00:00,2026,2027,Murray State,murray-state-racers,murray state,238186,198900,Navon Shabazz,navon-shabazz-238186,Iowa United Prep,"Davenport, IA",IA,2026,SG,6-4,170,Committed,2025-08-29T22:19:00,84,3,321,80,6,87,3,,83,5,SG,,
on3_hs_commits,https://www.on3.com/college/nc-state-wolfpack/basketball/2026/commits/,2026-08-17T10:29:49+00:00,2026,2027,NC State,nc-state-wolfpack,nc state,236690,196354,Cole Cloer,cole-cloer-236690,IMG Academy,"Hillsborough, NC",NC,2026,SF,6-7,190,Enrolled,2025-10-04T16:09:00,94.13333333333334,4,65,22,10,95,4,,,,SF,,
on3_hs_commits,https://www.on3.com/college/nc-state-wolfpack/basketball/2026/commits/,2026-08-17T10:29:49+00:00,2026,2027,NC State,nc-state-wolfpack,nc state,280110,256256,Kingston Whitty,kingston-whitty-280110,Christ School,"Atlanta, GA",GA,2026,SG,6-2,165,Committed,2026-04-28T19:57:00,90.06847826086955,3,166,43,6,89,3,,39,6,SG,,
on3_hs_commits,https://www.on3.com/college/nebraska-cornhuskers/basketball/2026/commits/,2026-08-17T10:29:49+00:00,2026,2027,Nebraska,nebraska-cornhuskers,nebraska,251028,226572,Colin Rice,colin-rice-251028,Waukee Northwest,"Waukee, IA",IA,2026,SF,6-8,180,Signed,2025-07-24T12:59:00,93.05471014492754,4,87,31,2,93,4,69,25,2,SF,,
on3_hs_commits,https://www.on3.com/college/nebraska-cornhuskers/basketball/2026/commits/,2026-08-17T10:29:49+00:00,2026,2027,Nebraska,nebraska-cornhuskers,nebraska,237569,198158,Jacob Lanier,jacob-lanier-237569,Parkview Magnet,"Little Rock, AR",AR,2026,SG,6-5,175,Signed,2025-11-09T16:13:00,91.49746376811595,4,118,29,2,90,4,116,29,2,SG,,
on3_hs_commits,https://www.on3.com/college/nevada-wolf-pack/basketball/2026/commits/,2026-08-17T10:29:49+00:00,2026,2027,Nevada,nevada-wolf-pack,nevada,282050,258440,Hudson Lucas,hudson-lucas-282050,Parish Episcopal School,"Dallas, TX",TX,2026,C,6-8,200,Committed,2025-09-22T16:40:00,84,3,327,43,26,87,3,,42,28,C,,
on3_hs_commits,https://www.on3.com/college/nevada-wolf-pack/basketball/2026/commits/,2026-08-17T10:29:49+00:00,2026,2027,Nevada,nevada-wolf-pack,nevada,237869,198476,SJ Madison,sj-madison-237869,Redondo Union,"Redondo Beach, CA",CA,2026,SG,6-4,170,Committed,2025-10-03T09:12:00,90.36920289855072,3,150,36,16,89,3,,45,17,SG,,
on3_hs_commits,https://www.on3.com/college/new-mexico-state-aggies/basketball/2026/commits/,2026-08-17T10:29:49+00:00,2026,2027,New Mexico State,new-mexico-state-aggies,new mexico state,280520,256644,Jachai Cantave,jachai-cantave-280520,Atascocita,"Humble, TX",TX,2026,PG,6-1,160,Committed,2025-09-19T10:09:00,83.33333333333333,3,338,60,29,86,3,,56,31,PG,,
on3_hs_commits,https://www.on3.com/college/new-orleans-privateers/basketball/2026/commits/,2026-08-17T10:29:49+00:00,2026,2027,New Orleans,new-orleans-privateers,new orleans,244494,212347,Autrail Manning,autrail-manning-244494,John Curtis,"New Orleans, LA",LA,2026,PG,6-1,165,Committed,2026-04-02T22:03:00,,0,,,,,,,,,PG,,
on3_hs_commits,https://www.on3.com/college/norfolk-state-spartans/basketball/2026/commits/,2026-08-17T10:29:49+00:00,2026,2027,Norfolk State,norfolk-state-spartans,norfolk state,237652,198092,Jordan Skyers,jordan-skyers-237652,Our Saviour Lutheran School,"Bronx, NY",NY,2026,PG,6-2,175,Committed,2026-03-29T15:04:00,88.91304347826086,3,206,32,10,88,3,,27,7,PG,,
on3_hs_commits,https://www.on3.com/college/norfolk-state-spartans/basketball/2026/commits/,2026-08-17T10:29:49+00:00,2026,2027,Norfolk State,norfolk-state-spartans,norfolk state,286238,267621,Keon Mitchell,keon-mitchell-286238,Norview,"Norfolk, VA",VA,2026,PG,6-2,170,Committed,2026-04-16T18:05:00,,,,,,,,,,,PG,,
on3_hs_commits,https://www.on3.com/college/north-carolina-tar-heels/basketball/2026/commits/,2026-08-17T10:29:49+00:00,2026,2027,North Carolina,north-carolina-tar-heels,north carolina,287946,270987,Alexandros Samodurov,alexandros-samodurov-287946,Greece,Thessalonikis,,2026,C,6-11,,Committed,2026-05-30T13:03:00,,,,,,,,,,,C,,
on3_hs_commits,https://www.on3.com/college/north-carolina-tar-heels/basketball/2026/commits/,2026-08-17T10:29:49+00:00,2026,2027,North Carolina,north-carolina-tar-heels,north carolina,237655,198095,Kevin Thomas,kevin-thomas-237655,Sagemont Prep,"Pompano Beach, FL",FL,2026,SF,6-7,190,Committed,2026-05-13T15:28:00,92.15905797101448,4,103,36,19,89,3,130,39,21,SF,,
on3_hs_commits,https://www.on3.com/college/north-carolina-tar-heels/basketball/2026/commits/,2026-08-17T10:29:49+00:00,2026,2027,North Carolina,north-carolina-tar-heels,north carolina,269678,245807,Malloy Smith,malloy-smith-269678,Mater Dei,"Newport Beach, CA",CA,2026,PG,6-6,190,Signed,2026-03-06T21:30:00,82.4,3,379,65,32,80,3,,,,PG,,
on3_hs_commits,https://www.on3.com/college/north-carolina-tar-heels/basketball/2026/commits/,2026-08-17T10:29:49+00:00,2026,2027,North Carolina,north-carolina-tar-heels,north carolina,237629,198066,Maximo Adams,maximo-adams-237629,Sierra Canyon,"Harbor City, CA",CA,2026,SF,6-7,200,Signed,2025-11-14T14:47:00,97.17177419354839,4,29,9,4,97,4,22,7,4,SF,,
on3_hs_commits,https://www.on3.com/college/north-carolina-tar-heels/basketball/2026/commits/,2026-08-17T10:29:49+00:00,2026,2027,North Carolina,north-carolina-tar-heels,north carolina,259506,234804,Sayon Keita,sayon-keita-259506,FC Barcelona Lassa B,Bamako,,2026,C,7-0,,Committed,2026-04-28T16:44:00,98.2,4,17,2,,98,5,,,,C,,
on3_hs_commits,https://www.on3.com/college/north-texas-mean-green/basketball/2026/commits/,2026-08-17T10:29:49+00:00,2026,2027,North Texas,north-texas-mean-green,north texas,260966,236703,Aeneas Alexander,aeneas-alexander-260966,Pace Academy,"McKinney, TX",TX,2026,PF,6-8,210,Signed,2025-10-18T14:03:00,,0,,,,,,,,,PF,,
on3_hs_commits,https://www.on3.com/college/north-texas-mean-green/basketball/2026/commits/,2026-08-17T10:29:49+00:00,2026,2027,North Texas,north-texas-mean-green,north texas,236714,196389,TJ Crumble,tj-crumble-236714,Long Island Lutheran,"Brookville, NY",NY,2026,PF,6-7,205,Signed,2025-10-26T16:03:00,88.46666666666667,3,218,29,11,88,3,,37,11,PF,,
on3_hs_commits,https://www.on3.com/college/northeastern-huskies/basketball/2026/commits/,2026-08-17T10:29:49+00:00,2026,2027,Northeastern,northeastern-huskies,northeastern,280549,256673,Josh Goodwin,josh-goodwin-280549,Cy Ranch,"Cypress, TX",TX,2026,SG,6-5,190,Committed,2026-03-30T16:38:00,80.66666666666667,3,405,99,38,80,3,,,,SG,,
on3_hs_commits,https://www.on3.com/college/northern-iowa-panthers/basketball/2026/commits/,2026-08-17T10:29:49+00:00,2026,2027,Northern Iowa,northern-iowa-panthers,northern iowa,237690,198131,William Gerdes,william-gerdes-237690,Cedar Falls,"Cedar Falls, IA",IA,2026,PF,6-8,195,Committed,2025-08-18T21:54:00,82,3,399,74,7,86,3,,65,6,PF,,
on3_hs_commits,https://www.on3.com/college/northwestern-wildcats/basketball/2026/commits/,2026-08-17T10:29:49+00:00,2026,2027,Northwestern,northwestern-wildcats,northwestern,236716,196391,Jayden Hodge,jayden-hodge-236716,Montverde Academy,"Belmar, NJ",NJ,2026,SG,6-6,190,Signed,2025-10-06T17:01:00,92.97427536231883,4,89,21,14,92,4,77,19,12,SG,,
on3_hs_commits,https://www.on3.com/college/northwestern-wildcats/basketball/2026/commits/,2026-08-17T10:29:49+00:00,2026,2027,Northwestern,northwestern-wildcats,northwestern,237561,197899,Symon Ghai,symon-ghai-237561,Academy of Central Florida,"Saint Louis, MO",MO,2026,C,7-2,210,Signed,2025-10-24T13:18:00,90.68297101449275,3,144,25,26,90,4,104,17,17,C,,
on3_hs_commits,https://www.on3.com/college/notre-dame-fighting-irish/basketball/2026/commits/,2026-08-17T10:29:49+00:00,2026,2027,Notre Dame,notre-dame-fighting-irish,notre dame,247790,219787,Gan-Erdene Solongo,gan-erdene-solongo-247790,La Lumiere School,Ulaanbaatar,,2026,C,7-0,,Signed,2025-06-09T08:01:00,90.03876811594203,3,168,27,5,90,4,109,20,4,C,,
on3_hs_commits,https://www.on3.com/college/notre-dame-fighting-irish/basketball/2026/commits/,2026-08-17T10:29:49+00:00,2026,2027,Notre Dame,notre-dame-fighting-irish,notre dame,237747,198256,Jonathan Sanderson,jonathan-sanderson-237747,La Lumiere School,"Saline, MI",MI,2026,PG,6-2,170,Signed,2025-06-08T11:00:00,93.2018115942029,4,84,14,3,91,4,98,14,3,PG,,
on3_hs_commits,https://www.on3.com/college/notre-dame-fighting-irish/basketball/2026/commits/,2026-08-17T10:29:49+00:00,2026,2027,Notre Dame,notre-dame-fighting-irish,notre dame,281496,257768,Nick Shrewsberry,nick-shrewsberry-281496,Saint Joseph,"South Bend, IN",IN,2026,SG,6-5,,Signed,2025-10-28T11:02:00,82.33333333333333,3,394,95,11,87,3,,80,9,SG,,
on3_hs_commits,https://www.on3.com/college/ohio-state-buckeyes/basketball/2026/commits/,2026-08-17T10:29:49+00:00,2026,2027,Ohio State,ohio-state-buckeyes,ohio state,244602,212489,Alex Smith,alex-smith-244602,Prolific Prep,"Columbus, OH",OH,2026,SF,6-8,195,Signed,2024-09-02T11:27:00,89.98115942028986,3,170,48,28,88,3,,49,31,SF,,
on3_hs_commits,https://www.on3.com/college/ohio-state-buckeyes/basketball/2026/commits/,2026-08-17T10:29:49+00:00,2026,2027,Ohio State,ohio-state-buckeyes,ohio state,241015,205267,Anthony Thompson,anthony-thompson-241015,Western Reserve Academy,"Hudson, OH",OH,2026,SF,6-8,200,Signed,2025-10-21T10:16:00,98.46559139784947,5,12,5,1,98,5,8,3,1,SF,,
on3_hs_commits,https://www.on3.com/college/ohio-state-buckeyes/basketball/2026/commits/,2026-08-17T10:29:49+00:00,2026,2027,Ohio State,ohio-state-buckeyes,ohio state,245395,213895,LJ Smith,lj-smith-245395,Oak Hill Academy,"Lincolnton, NC",NC,2026,SG,6-4,180,Committed,2025-11-20T10:02:00,94.74324450677886,4,55,14,4,93,4,66,15,5,SG,,
on3_hs_commits,https://www.on3.com/college/ohio-state-buckeyes/basketball/2026/commits/,2026-08-17T10:29:49+00:00,2026,2027,Ohio State,ohio-state-buckeyes,ohio state,288373,271491,Vuk Lazarevic,vuk-lazarevic-288373,Wasatch Academy,Belgrade,,2026,C,7-1,,Committed,2026-05-08T15:19:00,82.66666666666667,3,376,53,13,88,3,,32,13,C,,
on3_hs_commits,https://www.on3.com/college/oklahoma-sooners/basketball/2026/commits/,2026-08-17T10:29:49+00:00,2026,2027,Oklahoma,oklahoma-sooners,oklahoma,251009,226541,Gage Mayfield,gage-mayfield-251009,Hale County,"Moundville, AL",AL,2026,SF,6-7,190,Committed,2025-09-18T15:11:00,92.73695652173912,4,91,32,1,91,4,91,33,1,SF,,
on3_hs_commits,https://www.on3.com/college/oklahoma-sooners/basketball/2026/commits/,2026-08-17T10:29:49+00:00,2026,2027,Oklahoma,oklahoma-sooners,oklahoma,236470,196110,Quincy Wadley,quincy-wadley-236470,Compass Prep,"Arlington, VA",VA,2026,SG,6-4,185,Committed,2026-05-08T12:33:00,94.58913043478262,4,58,15,7,93,4,72,16,7,SG,,
on3_hs_commits,https://www.on3.com/college/oklahoma-state-cowboys/basketball/2026/commits/,2026-08-17T10:29:49+00:00,2026,2027,Oklahoma State,oklahoma-state-cowboys,oklahoma state,237701,198144,Anthony Felesi,anthony-felesi-237701,Utah Prep,"Orem, UT",UT,2026,SG,6-5,200,Committed,2026-04-20T17:00:00,95.92971014492754,4,39,12,1,95,4,40,13,1,SG,,
on3_hs_commits,https://www.on3.com/college/oklahoma-state-cowboys/basketball/2026/commits/,2026-08-17T10:29:49+00:00,2026,2027,Oklahoma State,oklahoma-state-cowboys,oklahoma state,178795,190841,Jalen Montonati,jalen-montonati-178795,Owasso,"Owasso, OK",OK,2026,SF,6-7,175,Signed,2025-09-25T14:03:00,92.43442028985507,4,100,35,1,91,4,90,32,1,SF,,
on3_hs_commits,https://www.on3.com/college/oklahoma-state-cowboys/basketball/2026/commits/,2026-08-17T10:29:49+00:00,2026,2027,Oklahoma State,oklahoma-state-cowboys,oklahoma state,156673,174978,Latrell Allmond,latrell-allmond-156673,Petersburg,"Richmond, VA",VA,2026,PF,6-8,225,Signed,2025-10-13T09:20:00,96.37463768115941,4,36,5,2,95,4,38,5,2,PF,,
on3_hs_commits,https://www.on3.com/college/oklahoma-state-cowboys/basketball/2026/commits/,2026-08-17T10:29:49+00:00,2026,2027,Oklahoma State,oklahoma-state-cowboys,oklahoma state,242298,209304,Parker Robinson,parker-robinson-242298,Overtime Elite,"Olney, MD",MD,2026,SG,6-5,200,Signed,2025-10-24T15:56:00,90.24384057971015,3,163,42,10,88,3,,49,13,SG,,
on3_hs_commits,https://www.on3.com/college/ole-miss-rebels/basketball/2026/commits/,2026-08-17T10:29:49+00:00,2026,2027,Ole Miss,ole-miss-rebels,mississippi,286680,268307,Daniel Patton,daniel-patton-286680,Cy Falls,"Franklin, TN",TN,2026,SF,6-8,220,Committed,2026-04-19T19:36:00,84.90398550724638,3,304,75,23,86,3,,,,SF,,
on3_hs_commits,https://www.on3.com/college/ole-miss-rebels/basketball/2026/commits/,2026-08-17T10:29:49+00:00,2026,2027,Ole Miss,ole-miss-rebels,mississippi,241159,205449,Jaron Saulsberry,jaron-saulsberry-241159,Wheeler,"Norcross, GA",GA,2026,SF,6-6,180,Signed,2025-10-01T12:00:00,89.97934782608696,3,171,49,13,88,3,,63,17,SF,,
on3_hs_commits,https://www.on3.com/college/ole-miss-rebels/basketball/2026/commits/,2026-08-17T10:29:49+00:00,2026,2027,Ole Miss,ole-miss-rebels,mississippi,237651,198091,Yohance Connor,yohance-connor-237651,Combine Academy,"Charlotte, NC",NC,2026,CG,6-2,170,Signed,2025-11-21T08:59:00,90.04311594202899,3,167,6,7,88,3,,8,8,CG,,
on3_hs_commits,https://www.on3.com/college/oral-roberts-golden-eagles/basketball/2026/commits/,2026-08-17T10:29:49+00:00,2026,2027,Oral Roberts,oral-roberts-golden-eagles,oral roberts,260039,235555,Boden Williams,boden-williams-260039,Owasso,"Owasso, OK",OK,2026,PG,6-2,170,Committed,2025-07-25T14:21:00,85,3,300,51,2,,,,,,PG,,
on3_hs_commits,https://www.on3.com/college/oregon-ducks/basketball/2026/commits/,2026-08-17T10:29:49+00:00,2026,2027,Oregon,oregon-ducks,oregon,156450,189778,Kendre' Harrison,kendre-harrison-156450,Reidsville,"Reidsville, NC",NC,2026,C,6-6,250,Committed,2024-11-30T16:25:00,90.86739130434782,3,140,23,3,88,3,,33,11,C,369,600000
on3_hs_commits,https://www.on3.com/college/oregon-ducks/basketball/2026/commits/,2026-08-17T10:29:49+00:00,2026,2027,Oregon,oregon-ducks,oregon,237649,198088,Seven Spurlock,seven-spurlock-237649,Dynamic Prep,"Frisco, TX",TX,2026,SF,6-4,210,Committed,2026-03-29T20:09:00,89.65326086956523,3,182,54,12,88,3,,62,20,SF,,
on3_hs_commits,https://www.on3.com/college/oregon-ducks/basketball/2026/commits/,2026-08-17T10:29:49+00:00,2026,2027,Oregon,oregon-ducks,oregon,179172,191656,Tajh Ariza,tajh-ariza-179172,Link Academy,"Playa Del Rey, CA",CA,2026,SF,6-9,200,Signed,2025-10-03T14:55:00,96.14976624590932,4,38,11,2,96,4,28,8,2,SF,,
on3_hs_commits,https://www.on3.com/college/oregon-state-beavers/basketball/2026/commits/,2026-08-17T10:29:49+00:00,2026,2027,Oregon State,oregon-state-beavers,oregon state,242261,209262,Yeabsera Aklog,yeabsera-aklog-242261,Eastside Catholic,"Bellevue, WA",WA,2026,C,6-9,235,Committed,2026-04-05T10:10:00,91.24601449275363,3,128,21,3,90,4,106,19,3,C,,
on3_hs_commits,https://www.on3.com/college/pacific-tigers/basketball/2026/commits/,2026-08-17T10:29:49+00:00,2026,2027,Pacific,pacific-tigers,pacific,242301,209307,Franck Belibi,franck-belibi-242301,Colorado Prep,"Englewood, CO",CO,2026,SG,6-2,180,Committed,2025-08-06T17:29:00,88.8,3,212,56,1,88,3,,68,3,SG,,
on3_hs_commits,https://www.on3.com/college/penn-state-nittany-lions/basketball/2026/commits/,2026-08-17T10:29:49+00:00,2026,2027,Penn State,penn-state-nittany-lions,penn state,288573,271722,Andy Gemao,andy-gemao-288573,Royal Crown,"Toronto, OH",OH,2026,PG,6-1,170,Committed,2026-05-08T15:01:00,,,,,,,,,,,PG,,
on3_hs_commits,https://www.on3.com/college/penn-state-nittany-lions/basketball/2026/commits/,2026-08-17T10:29:49+00:00,2026,2027,Penn State,penn-state-nittany-lions,penn state,287368,269731,Francois Wibaut,francois-wibaut-287368,Elan Bearnais Pau-Lacq-Orthez,,,2026,SF,6-6,205,Committed,2026-04-05T09:51:00,,,,,,,,,,,SF,,
on3_hs_commits,https://www.on3.com/college/penn-state-nittany-lions/basketball/2026/commits/,2026-08-17T10:29:49+00:00,2026,2027,Penn State,penn-state-nittany-lions,penn state,237678,198120,Jamison White,jamison-white-237678,East St. Louis,"Saint Louis, MI",MI,2026,PF,6-5,180,Signed,2025-09-03T10:00:00,89.4199275362319,3,186,21,2,87,3,,57,6,PF,,
on3_hs_commits,https://www.on3.com/college/penn-state-nittany-lions/basketball/2026/commits/,2026-08-17T10:29:49+00:00,2026,2027,Penn State,penn-state-nittany-lions,penn state,287369,269732,Roko Prkacin,roko-prkacin-287369,Croatia,Zagreb,,2026,PF,6-9,225,Committed,2026-04-05T09:55:00,,,,,,,,,,,PF,,
on3_hs_commits,https://www.on3.com/college/pennsylvania-quakers/basketball/2026/commits/,2026-08-17T10:29:49+00:00,2026,2027,Pennsylvania,pennsylvania-quakers,penn,260038,235554,Ethan Lin,ethan-lin-260038,Montgomery,"Skillman, NJ",NJ,2026,PG,6-5,165,Committed,2025-06-13T12:25:00,,0,,,,,,,,,PG,,
on3_hs_commits,https://www.on3.com/college/pennsylvania-quakers/basketball/2026/commits/,2026-08-17T10:29:49+00:00,2026,2027,Pennsylvania,pennsylvania-quakers,penn,288795,271986,Isaiah Carroll,isaiah-carroll-288795,Blair Academy,"Blairstown, NJ",NJ,2026,SF,6-6,190,Committed,2025-09-12T15:54:00,,0,,,,,,,,,SF,,
on3_hs_commits,https://www.on3.com/college/pepperdine-waves/basketball/2026/commits/,2026-08-17T10:29:49+00:00,2026,2027,Pepperdine,pepperdine-waves,pepperdine,236496,196140,Alex Constanza,alex-constanza-236496,SPIRE Academy,"Miami, FL",FL,2026,SF,6-8,205,Committed,2026-06-09T16:19:00,94.29927536231884,4,63,21,3,93,4,63,23,2,SF,,
on3_hs_commits,https://www.on3.com/college/pepperdine-waves/basketball/2026/commits/,2026-08-17T10:29:49+00:00,2026,2027,Pepperdine,pepperdine-waves,pepperdine,285598,266768,Chace Holley,chace-holley-285598,Redondo Union,"Redondo Beach, CA",CA,2026,PG,6-1,160,Committed,2026-02-08T09:23:00,,0,,,,,,,,,PG,,
on3_hs_commits,https://www.on3.com/college/pittsburgh-panthers/basketball/2026/commits/,2026-08-17T10:29:49+00:00,2026,2027,Pittsburgh,pittsburgh-panthers,pittsburgh,237757,198282,Chase Foster,chase-foster-237757,IMG Academy,"Washington, DC",DC,2026,PF,6-8,205,Signed,2025-10-15T12:06:00,95.60108695652174,4,42,6,7,94,4,44,6,8,PF,,
on3_hs_commits,https://www.on3.com/college/pittsburgh-panthers/basketball/2026/commits/,2026-08-17T10:29:49+00:00,2026,2027,Pittsburgh,pittsburgh-panthers,pittsburgh,242289,209293,Jermal Jones Jr.,jermal-jones-jr-242289,IMG Academy,"Riverview, FL",FL,2026,SG,6-3,180,Signed,2025-10-10T16:00:00,90.59710144927536,3,146,35,27,89,3,,40,26,SG,,
on3_hs_commits,https://www.on3.com/college/princeton-tigers/basketball/2026/commits/,2026-08-17T10:29:49+00:00,2026,2027,Princeton,princeton-tigers,princeton,242287,209291,Chris Kirkpatrick,chris-kirkpatrick-242287,New Trier,"Winnetka, IL",IL,2026,SG,6-2,170,Committed,2025-07-24T12:48:00,84.56666666666666,3,314,78,6,,,,,,SG,,
on3_hs_commits,https://www.on3.com/college/princeton-tigers/basketball/2026/commits/,2026-08-17T10:29:49+00:00,2026,2027,Princeton,princeton-tigers,princeton,280540,256665,Louis O'Keefe,louis-okeefe-280540,The Newman School,"Boston, MA",MA,2026,SG,6-3,180,Committed,2025-06-08T13:03:00,,0,,,,,,,,,SG,,
on3_hs_commits,https://www.on3.com/college/providence-friars/basketball/2026/commits/,2026-08-17T10:29:49+00:00,2026,2027,Providence,providence-friars,providence,237712,198155,Clyde Walters,clyde-walters-237712,Overtime Elite,"Pinson, AL",AL,2026,SF,6-6,185,Committed,2026-06-06T19:58:00,90.1554347826087,3,164,45,11,89,3,121,37,9,SF,,
on3_hs_commits,https://www.on3.com/college/purdue-boilermakers/basketball/2026/commits/,2026-08-17T10:29:49+00:00,2026,2027,Purdue,purdue-boilermakers,purdue,244443,212295,Jacob Webber,jacob-webber-244443,La Lumiere School,"Kearney, NE",NE,2026,SF,6-6,175,Signed,2025-09-02T08:57:00,93.75615942028985,4,70,24,2,93,4,61,22,2,SF,,
on3_hs_commits,https://www.on3.com/college/purdue-boilermakers/basketball/2026/commits/,2026-08-17T10:29:49+00:00,2026,2027,Purdue,purdue-boilermakers,purdue,244449,212301,Jamyn Sondrup,jamyn-sondrup-244449,Springville,"Springville, UT",UT,2026,C,6-9,225,Committed,2026-03-19T20:09:00,89.78985507246377,3,177,28,7,88,3,,31,12,C,,
on3_hs_commits,https://www.on3.com/college/purdue-boilermakers/basketball/2026/commits/,2026-08-17T10:29:49+00:00,2026,2027,Purdue,purdue-boilermakers,purdue,244883,213726,Luke Ertel,luke-ertel-244883,Mount Vernon,"Mount Vernon, IN",IN,2026,PG,6-1,175,Signed,2024-08-27T21:18:00,95.40978260869565,4,44,5,1,95,4,41,5,1,PG,,
on3_hs_commits,https://www.on3.com/college/purdue-boilermakers/basketball/2026/commits/,2026-08-17T10:29:49+00:00,2026,2027,Purdue,purdue-boilermakers,purdue,179404,192114,Rivers Knight,rivers-knight-179404,La Lumiere School,"Durham, NC",NC,2026,PF,6-8,190,Signed,2025-09-28T15:05:00,89.11376811594202,3,200,23,6,87,3,,49,10,PF,,
on3_hs_commits,https://www.on3.com/college/purdue-boilermakers/basketball/2026/commits/,2026-08-17T10:29:49+00:00,2026,2027,Purdue,purdue-boilermakers,purdue,237637,198077,Sinan Huan,sinan-huan-237637,Georgetown Preparatory School,"Windermere, FL",FL,2026,C,7-0,220,Committed,2025-11-12T18:01:00,93.48079710144928,4,74,10,3,92,4,74,12,3,C,,
on3_hs_commits,https://www.on3.com/college/rhode-island-rams/basketball/2026/commits/,2026-08-17T10:29:49+00:00,2026,2027,Rhode Island,rhode-island-rams,rhode island,247788,219785,Jaen Chatman,jaen-chatman-247788,Blair Academy,"East Stroudsburg, PA",PA,2026,CG,6-1,190,Committed,2025-10-07T18:34:00,90.6355072463768,3,145,5,3,89,3,128,4,3,CG,,
on3_hs_commits,https://www.on3.com/college/rice-owls/basketball/2026/commits/,2026-08-17T10:29:49+00:00,2026,2027,Rice,rice-owls,rice,282396,258894,Alex Leeth,alex-leeth-282396,Webb School of Knoxville,"Knoxville, TN",TN,2026,SF,6-7,195,Signed,2025-08-31T13:41:00,,,,,,,,,,,SF,,
on3_hs_commits,https://www.on3.com/college/rice-owls/basketball/2026/commits/,2026-08-17T10:29:49+00:00,2026,2027,Rice,rice-owls,rice,288797,271988,Jaxson Thompson,jaxson-thompson-288797,Greenhill School,"Addison, TX",TX,2026,CG,6-1,165,Committed,2025-11-13T16:12:00,,0,,,,,,,,,CG,,
on3_hs_commits,https://www.on3.com/college/richmond-spiders/basketball/2026/commits/,2026-08-17T10:29:49+00:00,2026,2027,Richmond,richmond-spiders,richmond,243849,235174,Sam Simmons,sam-simmons-243849,Olathe North,"Olathe, KS",KS,2026,PG,5-9,160,Committed,2025-07-31T12:09:00,84.96739130434781,3,301,52,1,87,3,,51,2,PG,,
on3_hs_commits,https://www.on3.com/college/rutgers-scarlet-knights/basketball/2026/commits/,2026-08-17T10:29:49+00:00,2026,2027,Rutgers,rutgers-scarlet-knights,rutgers,259510,234809,Diego Garavaglia,diego-garavaglia-259510,Ratiopharm Ulm,Milano,,2026,SF,6-7,200,Enrolled,2026-07-07T15:17:00,84.33333333333333,3,317,77,,93,4,,,,SF,,
on3_hs_commits,https://www.on3.com/college/rutgers-scarlet-knights/basketball/2026/commits/,2026-08-17T10:29:49+00:00,2026,2027,Rutgers,rutgers-scarlet-knights,rutgers,237640,198080,Imahri Wooten,imahri-wooten-237640,Redemption Christian Academy,"Troy, NY",NY,2026,CG,6-4,180,Committed,2026-06-09T17:27:00,89.38876811594203,3,188,8,8,88,3,,7,10,CG,,
on3_hs_commits,https://www.on3.com/college/smu-mustangs/basketball/2026/commits/,2026-08-17T10:29:49+00:00,2026,2027,SMU,smu-mustangs,smu,244495,212348,Cameron Lomax,cameron-lomax-244495,Heritage,"McKinney, TX",TX,2026,PG,6-1,165,Enrolled,2025-10-06T11:00:00,90.59528985507247,3,147,22,9,89,3,,21,9,PG,,
on3_hs_commits,https://www.on3.com/college/smu-mustangs/basketball/2026/commits/,2026-08-17T10:29:49+00:00,2026,2027,SMU,smu-mustangs,smu,287947,270988,Jakub Szumert,jakub-szumert-287947,Poland,"Zielona Góra, LUB",LUB,2026,C,6-8,,Committed,2026-06-24T12:57:00,,,,,,,,,,,C,,
on3_hs_commits,https://www.on3.com/college/sacramento-state-hornets/basketball/2026/commits/,2026-08-17T10:29:49+00:00,2026,2027,Sacramento State,sacramento-state-hornets,sacramento state,237576,197913,Ashton Pierce,ashton-pierce-237576,North Mecklenburg,"Huntersville, NC",NC,2026,CG,6-2,165,Committed,2025-10-25T16:41:00,88.53586956521738,3,217,10,10,87,3,,13,14,CG,,
on3_hs_commits,https://www.on3.com/college/sacramento-state-hornets/basketball/2026/commits/,2026-08-17T10:29:49+00:00,2026,2027,Sacramento State,sacramento-state-hornets,sacramento state,236713,196388,Chidi Nwigwe,chidi-nwigwe-236713,Wasatch Academy,"Oradell, NJ",NJ,2026,SF,6-6,190,Committed,2026-05-24T12:41:00,89.97572463768115,3,172,50,6,88,3,,53,10,SF,,
on3_hs_commits,https://www.on3.com/college/saint-josephs-hawks/basketball/2026/commits/,2026-08-17T10:29:49+00:00,2026,2027,Saint Joseph's University,saint-josephs-hawks,saint josephs,280507,256631,BJ Ranson,bj-ranson-280507,Mount Saint Joseph,"Baltimore, MD",MD,2026,SG,6-3,,Committed,2025-06-18T16:48:00,84.90036231884059,3,305,77,9,86,3,,91,10,SG,,
on3_hs_commits,https://www.on3.com/college/saint-louis-billikens/basketball/2026/commits/,2026-08-17T10:29:49+00:00,2026,2027,Saint Louis,saint-louis-billikens,saint louis,237575,197912,Jermel Thomas,jermel-thomas-237575,Our Saviour Lutheran School,"Bronx, NY",NY,2026,PG,6-2,170,Committed,2025-08-04T10:59:00,90.24746376811595,3,161,25,6,88,3,,34,8,PG,,
on3_hs_commits,https://www.on3.com/college/saint-marys-gaels/basketball/2026/commits/,2026-08-17T10:29:49+00:00,2026,2027,Saint Mary's College of California,saint-marys-gaels,saint marys,242291,209296,Darius Bivins,darius-bivins-242291,Bishop O'Connell,"Washington, DC",DC,2026,PG,6-0,165,Committed,2026-05-11T11:54:00,93.77210144927535,4,69,11,5,92,4,78,12,6,PG,,
on3_hs_commits,https://www.on3.com/college/samford-bulldogs/basketball/2026/commits/,2026-08-17T10:29:49+00:00,2026,2027,Samford,samford-bulldogs,samford,285910,267218,Lawson Lee,lawson-lee-285910,Battle Ground Academy,"Franklin, TN",TN,2026,C,6-11,220,Signed,2025-08-04T20:33:00,,,,,,,,,,,C,,
on3_hs_commits,https://www.on3.com/college/san-diego-toreros/basketball/2026/commits/,2026-08-17T10:29:49+00:00,2026,2027,San Diego,san-diego-toreros,san diego,237654,198094,Brannon Martinsen,brannon-martinsen-237654,JSerra Catholic,"Santa Ana, CA",CA,2026,SF,6-7,180,Committed,2026-04-14T07:07:00,89.39601449275362,3,187,55,20,88,3,,59,24,SF,,
on3_hs_commits,https://www.on3.com/college/san-diego-state-aztecs/basketball/2026/commits/,2026-08-17T10:29:49+00:00,2026,2027,San Diego State,san-diego-state-aztecs,san diego state,246696,216175,Zach White,zach-white-246696,Notre Dame,"Sherman Oaks, CA",CA,2026,SF,6-5,170,Committed,2025-09-08T18:25:00,85.85144927536231,3,268,67,26,88,3,,68,25,SF,,
on3_hs_commits,https://www.on3.com/college/san-jose-state-spartans/basketball/2026/commits/,2026-08-17T10:29:49+00:00,2026,2027,San Jose State,san-jose-state-spartans,san jose state,245497,214032,Rokiem Green,rokiem-green-245497,Bella Vista College Preparatory School,"Tucson, AZ",AZ,2026,SG,6-2,175,Committed,2025-11-12T19:28:00,88.13333333333334,3,223,58,13,88,3,,,,SG,,
on3_hs_commits,https://www.on3.com/college/seton-hall-pirates/basketball/2026/commits/,2026-08-17T10:29:49+00:00,2026,2027,Seton Hall,seton-hall-pirates,seton hall,237755,198277,Darien Moore,darien-moore-237755,Brewster Academy,"Troy, NY",NY,2026,SG,6-2,175,Committed,2025-02-06T13:47:00,90.27463768115942,3,157,39,1,88,3,,46,1,SG,,
on3_hs_commits,https://www.on3.com/college/south-carolina-gamecocks/basketball/2026/commits/,2026-08-17T10:29:49+00:00,2026,2027,South Carolina,south-carolina-gamecocks,south carolina,176179,186351,Marcus Johnson,marcus-johnson-176179,Garfield Heights,"Cleveland, OH",OH,2026,PG,6-2,175,Signed,2025-11-13T17:00:00,93.47137681159421,4,76,12,4,90,4,117,17,7,PG,,
on3_hs_commits,https://www.on3.com/college/south-carolina-gamecocks/basketball/2026/commits/,2026-08-17T10:29:49+00:00,2026,2027,South Carolina,south-carolina-gamecocks,south carolina,259505,234802,Mathias Alessanco,mathias-alessanco-259505,Overtime Elite,Rio De Janeiro,,2026,SF,6-8,235,Committed,2026-06-19T08:40:00,85.33333333333333,3,291,73,23,96,4,,,,SF,,
on3_hs_commits,https://www.on3.com/college/south-dakota-coyotes/basketball/2026/commits/,2026-08-17T10:29:49+00:00,2026,2027,South Dakota,south-dakota-coyotes,south dakota,261395,237245,Michael Nee,michael-nee-261395,Glenbard East,"Lombard, IL",IL,2026,SG,6-1,170,Committed,2025-08-19T09:21:00,84.33333333333333,3,319,79,7,88,3,,61,1,SG,,
on3_hs_commits,https://www.on3.com/college/southern-illinois-salukis/basketball/2026/commits/,2026-08-17T10:29:49+00:00,2026,2027,Southern Illinois,southern-illinois-salukis,southern illinois,280553,256676,Jeremiah Jackson,jeremiah-jackson-280553,St. Xavier,"Louisville, KY",KY,2026,SF,6-4,190,Signed,2025-11-13T10:43:00,,0,,,,,,,,,SF,,
on3_hs_commits,https://www.on3.com/college/southern-illinois-salukis/basketball/2026/commits/,2026-08-17T10:29:49+00:00,2026,2027,Southern Illinois,southern-illinois-salukis,southern illinois,280558,256682,Ty Laur,ty-laur-280558,Pinckneyville Comm,"Pinckneyville, IL",IL,2026,C,6-8,225,Committed,2025-07-29T11:51:00,,0,,,,,,,,,C,,
on3_hs_commits,https://www.on3.com/college/st-johns-red-storm/basketball/2026/commits/,2026-08-17T10:29:49+00:00,2026,2027,St. John's,st-johns-red-storm,saint johns,259513,234812,Lazar Stojkovic,lazar-stojkovic-259513,Serbia,Belgrade,,2026,PF,6-10,,Committed,2026-04-21T09:31:00,83.66666666666667,3,330,59,,91,4,,,,PF,,
on3_hs_commits,https://www.on3.com/college/st-johns-red-storm/basketball/2026/commits/,2026-08-17T10:29:49+00:00,2026,2027,St. John's,st-johns-red-storm,saint johns,244422,270192,Quinn Ellis,quinn-ellis-244422,Olimpia Milano,Sheffield,,2026,PG,6-2,190,Committed,2026-04-14T13:12:00,,,,,,,,,,,PG,,
on3_hs_commits,https://www.on3.com/college/st-johns-red-storm/basketball/2026/commits/,2026-08-17T10:29:49+00:00,2026,2027,St. John's,st-johns-red-storm,saint johns,249700,222610,Theo Edema,theo-edema-249700,Cushing Academy,"Ashburnham, MA",MA,2026,C,7-0,235,Committed,2026-05-17T17:12:00,92.10652173913044,4,105,14,4,93,4,71,11,3,C,,
on3_hs_commits,https://www.on3.com/college/stanford-cardinal/basketball/2026/commits/,2026-08-17T10:29:49+00:00,2026,2027,Stanford,stanford-cardinal,stanford,245495,214030,Aziz Olajuwon,aziz-olajuwon-245495,IMG Academy,"Sugar Land, TX",TX,2026,SG,6-6,205,Signed,2025-09-20T14:45:00,93.47536231884058,4,75,18,12,92,4,75,17,11,SG,,
on3_hs_commits,https://www.on3.com/college/stanford-cardinal/basketball/2026/commits/,2026-08-17T10:29:49+00:00,2026,2027,Stanford,stanford-cardinal,stanford,244078,211802,Drew Anderson,drew-anderson-244078,Santa Margarita Catholic,"Rancho Santa Margarita, CA",CA,2026,C,6-9,215,Signed,2026-03-23T16:31:00,90.69202898550724,3,143,24,14,89,3,149,24,16,C,,
on3_hs_commits,https://www.on3.com/college/stanford-cardinal/basketball/2026/commits/,2026-08-17T10:29:49+00:00,2026,2027,Stanford,stanford-cardinal,stanford,242290,209294,Elias Obenyah,elias-obenyah-242290,Salesian College Preparatory,"Richmond, CA",CA,2026,SG,6-5,180,Signed,2025-09-22T15:54:00,90.75181159420288,3,142,34,13,89,3,142,37,13,SG,,
on3_hs_commits,https://www.on3.com/college/stanford-cardinal/basketball/2026/commits/,2026-08-17T10:29:49+00:00,2026,2027,Stanford,stanford-cardinal,stanford,237754,198274,Julius Price,julius-price-237754,St. Joseph,"Santa Maria, CA",CA,2026,SG,6-2,170,Signed,2025-11-13T14:22:00,90.31992753623189,3,155,37,17,88,3,,47,21,SG,,
on3_hs_commits,https://www.on3.com/college/stanford-cardinal/basketball/2026/commits/,2026-08-17T10:29:49+00:00,2026,2027,Stanford,stanford-cardinal,stanford,242299,209305,Slim Rogers,slim-rogers-242299,Centennial,"Corona, CA",CA,2026,PG,6-2,170,Signed,2025-07-31T09:44:00,91.77101449275361,4,113,19,8,91,4,95,13,7,PG,,
on3_hs_commits,https://www.on3.com/college/stephen-f-austin-lumberjacks/basketball/2026/commits/,2026-08-17T10:29:49+00:00,2026,2027,Stephen F. Austin,stephen-f-austin-lumberjacks,stephen f austin,238302,199048,Braylen Langley,braylen-langley-238302,Skyline Prep,"Evansville, IN",IN,2026,SF,6-7,170,Committed,2025-09-28T15:53:00,,0,,,,,,,,,SF,,
on3_hs_commits,https://www.on3.com/college/stetson-hatters/basketball/2026/commits/,2026-08-17T10:29:49+00:00,2026,2027,Stetson,stetson-hatters,stetson,244496,212349,Mason Fuentes,mason-fuentes-244496,Riviera Prep,"Fort Lauderdale, FL",FL,2026,PG,6-1,165,Signed,2025-10-22T16:13:00,87.05579710144929,3,238,39,31,,,,,,PG,,
on3_hs_commits,https://www.on3.com/college/syracuse-orange/basketball/2026/commits/,2026-08-17T10:29:49+00:00,2026,2027,Syracuse,syracuse-orange,syracuse,287576,270265,Abdramane Siby,abdramane-siby-287576,KK Mega,Belgrade,,2026,C,6-11,210,Committed,2026-04-15T13:11:00,,,,,,,,,,,C,,
on3_hs_commits,https://www.on3.com/college/syracuse-orange/basketball/2026/commits/,2026-08-17T10:29:49+00:00,2026,2027,Syracuse,syracuse-orange,syracuse,289013,272293,Iker Martinez,iker-martinez-289013,Elev8 Sports Institute,"Delray Beach, FL",FL,2026,C,7-0,230,Signed,2026-05-19T15:27:00,,,,,,,,,,,C,,
on3_hs_commits,https://www.on3.com/college/syracuse-orange/basketball/2026/commits/,2026-08-17T10:29:49+00:00,2026,2027,Syracuse,syracuse-orange,syracuse,287284,269333,Mark Morano Mahmutovic,mark-morano-mahmutovic-287284,Slovenia,Postojna,,2026,SF,6-7,,Committed,2026-04-06T09:23:00,,,,,,,,,,,SF,,
on3_hs_commits,https://www.on3.com/college/syracuse-orange/basketball/2026/commits/,2026-08-17T10:29:49+00:00,2026,2027,Syracuse,syracuse-orange,syracuse,248938,221383,Ryan Moesch,ryan-moesch-248938,Cushing Academy,"Ashburnham, MA",MA,2026,PG,6-0,170,Committed,2026-04-14T13:02:00,90.35108695652174,3,154,24,5,89,3,,26,6,PG,,
on3_hs_commits,https://www.on3.com/college/temple-owls/basketball/2026/commits/,2026-08-17T10:29:49+00:00,2026,2027,Temple,temple-owls,temple,260523,236120,Derrick Morton-Rivera,derrick-morton-rivera-260523,Father Judge,"Philadelphia, PA",PA,2026,SG,6-4,165,Signed,2025-09-09T10:04:00,85.83152173913044,3,270,72,6,87,3,,77,6,SG,,
on3_hs_commits,https://www.on3.com/college/tennessee-volunteers/basketball/2026/commits/,2026-08-17T10:29:49+00:00,2026,2027,Tennessee,tennessee-volunteers,tennessee,236712,196387,Chris Washington Jr.,chris-washington-jr-236712,Providence Christian Academy,"Gainesville, FL",FL,2026,SF,6-9,200,Enrolled,2026-04-16T15:47:00,94.43224637681158,4,59,19,1,94,4,50,17,1,SF,,
on3_hs_commits,https://www.on3.com/college/tennessee-volunteers/basketball/2026/commits/,2026-08-17T10:29:49+00:00,2026,2027,Tennessee,tennessee-volunteers,tennessee,237691,198133,Manny Green,manny-green-237691,Cedar Grove,"Ellenwood, GA",GA,2026,SG,6-6,205,Enrolled,2025-10-10T16:10:00,90.31811594202898,3,156,38,9,88,3,,55,14,SG,,
on3_hs_commits,https://www.on3.com/college/tennessee-volunteers/basketball/2026/commits/,2026-08-17T10:29:49+00:00,2026,2027,Tennessee,tennessee-volunteers,tennessee,237676,198117,Marquis Clark,marquis-clark-237676,Whitney Young,"Chicago, IL",IL,2026,PG,6-1,185,Enrolled,2025-10-15T19:21:00,87.93913043478261,3,227,38,3,87,3,,49,5,PG,,
on3_hs_commits,https://www.on3.com/college/tennessee-volunteers/basketball/2026/commits/,2026-08-17T10:29:49+00:00,2026,2027,Tennessee,tennessee-volunteers,tennessee,261187,236954,Ralph Scott,ralph-scott-261187,IMG Academy,Paget Parish,,2026,SF,6-8,185,Enrolled,2025-09-30T15:54:00,93.39492753623188,4,78,26,13,91,4,87,30,14,SF,,
on3_hs_commits,https://www.on3.com/college/texas-longhorns/basketball/2026/commits/,2026-08-17T10:29:49+00:00,2026,2027,Texas,texas-longhorns,texas,241161,205451,Austin Goosby,austin-goosby-241161,Dynamic Prep,"Melissa, TX",TX,2026,SF,6-5,185,Signed,2025-11-17T15:04:00,97.37359747545582,4,27,8,2,95,4,35,11,4,SF,,
on3_hs_commits,https://www.on3.com/college/texas-longhorns/basketball/2026/commits/,2026-08-17T10:29:49+00:00,2026,2027,Texas,texas-longhorns,texas,240195,204025,Bo Ogden,bo-ogden-240195,Westlake,"Austin, TX",TX,2026,SF,6-5,190,Signed,2025-09-30T14:05:00,94.64347826086956,4,56,17,6,94,4,47,15,6,SF,,
on3_hs_commits,https://www.on3.com/college/texas-longhorns/basketball/2026/commits/,2026-08-17T10:29:49+00:00,2026,2027,Texas,texas-longhorns,texas,282100,258493,Coleman Elkins,coleman-elkins-282100,Blair Academy,"Austin, TX",TX,2026,C,6-10,230,Signed,2025-11-15T11:01:00,84.73333333333333,3,308,42,8,87,3,,39,8,C,,
on3_hs_commits,https://www.on3.com/college/texas-longhorns/basketball/2026/commits/,2026-08-17T10:29:49+00:00,2026,2027,Texas,texas-longhorns,texas,237759,198285,Joe Sterling,joe-sterling-237759,Harvard-Westlake,"Encino, CA",CA,2026,SG,6-4,180,Signed,2025-10-30T16:17:00,91.22753623188406,3,129,31,9,89,3,126,34,11,SG,,
on3_hs_commits,https://www.on3.com/college/texas-longhorns/basketball/2026/commits/,2026-08-17T10:29:49+00:00,2026,2027,Texas,texas-longhorns,texas,288855,272068,Mantas Laurencikas,mantas-laurencikas-288855,AS Monaco,Kaunas,,2026,PG,6-3,,Signed,2026-05-15T15:35:00,,,,,,,,,,,PG,,
on3_hs_commits,https://www.on3.com/college/texas-longhorns/basketball/2026/commits/,2026-08-17T10:29:49+00:00,2026,2027,Texas,texas-longhorns,texas,245224,213653,Marcus Spears Jr.,marcus-spears-jr-245224,Dynamic Prep,"Plano, TX",TX,2026,PF,6-9,210,Committed,2026-07-09T14:58:00,98.59784946236559,5,7,2,1,98,5,10,2,1,PF,,
on3_hs_commits,https://www.on3.com/college/texas-am-corpus-christi-islanders/basketball/2026/commits/,2026-08-17T10:29:49+00:00,2026,2027,Texas A & M University-Corpus Christi,texas-am-corpus-christi-islanders,texas a and m corpus chris,280538,256662,Ja'Cori Jones,jacori-jones-280538,Braswell,"Denton, TX",TX,2026,CG,5-11,155,Committed,2025-07-30T13:49:00,,0,,,,,,,,,CG,,
on3_hs_commits,https://www.on3.com/college/texas-am-aggies/basketball/2026/commits/,2026-08-17T10:29:49+00:00,2026,2027,Texas A&M,texas-am-aggies,texas a and m,245581,214162,Josh Irving,josh-irving-245581,Pasadena,"Pasadena, CA",CA,2026,C,6-11,200,Signed,2025-10-23T11:07:00,93.22572463768115,4,82,11,6,94,4,43,6,5,C,,
on3_hs_commits,https://www.on3.com/college/texas-am-aggies/basketball/2026/commits/,2026-08-17T10:29:49+00:00,2026,2027,Texas A&M,texas-am-aggies,texas a and m,237692,198137,Neiko Mundey,neiko-mundey-237692,Prince George’s Christian Academy,"Washington, DC",DC,2026,PG,6-2,185,Signed,2025-09-18T17:05:00,92.7195652173913,4,94,17,4,93,4,,,,PG,,
on3_hs_commits,https://www.on3.com/college/texas-state-bobcats/basketball/2026/commits/,2026-08-17T10:29:49+00:00,2026,2027,Texas State,texas-state-bobcats,texas state,236284,195923,Josiah Sanders,josiah-sanders-236284,Tennessee Collegiate Academy,"Fayetteville, NC",NC,2026,SF,6-7,215,Committed,2026-02-04T12:15:00,89,3,203,59,7,88,3,,50,8,SF,,
on3_hs_commits,https://www.on3.com/college/texas-state-bobcats/basketball/2026/commits/,2026-08-17T10:29:49+00:00,2026,2027,Texas State,texas-state-bobcats,texas state,244189,211925,Kole Grandison,kole-grandison-244189,Overtime Elite,"Montclair, NJ",NJ,2026,SG,6-6,205,Committed,2026-04-19T09:06:00,87.66666666666667,3,229,60,18,88,3,,76,15,SG,,
on3_hs_commits,https://www.on3.com/college/texas-state-bobcats/basketball/2026/commits/,2026-08-17T10:29:49+00:00,2026,2027,Texas State,texas-state-bobcats,texas state,237684,198126,RJ Livingston,rj-livingston-237684,Riviera Prep,"Miami, FL",FL,2026,PG,6-2,155,Committed,2025-10-17T16:08:00,86.23333333333333,3,249,41,33,88,3,,42,28,PG,,
on3_hs_commits,https://www.on3.com/college/texas-tech-red-raiders/basketball/2026/commits/,2026-08-17T10:29:49+00:00,2026,2027,Texas Tech,texas-tech-red-raiders,texas tech,289425,272778,Amari Barrett,amari-barrett-289425,Millwood,"Oklahoma City, OK",OK,2026,SG,6-4,180,Committed,2026-06-28T12:02:00,,0,,,,,,,,,SG,,
on3_hs_commits,https://www.on3.com/college/texas-tech-red-raiders/basketball/2026/commits/,2026-08-17T10:29:49+00:00,2026,2027,Texas Tech,texas-tech-red-raiders,texas tech,292459,275791,Bassala Bagayoko,bassala-bagayoko-292459,Bilbao Basket,Bamako,,2026,C,6-10,210,Committed,2026-08-14T13:38:00,,,,,,,,,,,C,,
on3_hs_commits,https://www.on3.com/college/texas-tech-red-raiders/basketball/2026/commits/,2026-08-17T10:29:49+00:00,2026,2027,Texas Tech,texas-tech-red-raiders,texas tech,237715,198160,Dakari Spear,dakari-spear-237715,Dynamic Prep,"Dallas, TX",TX,2026,SG,6-4,190,Signed,2025-10-13T16:33:00,96.61619915848527,4,35,10,4,95,4,33,10,3,SG,,
on3_hs_commits,https://www.on3.com/college/texas-tech-red-raiders/basketball/2026/commits/,2026-08-17T10:29:49+00:00,2026,2027,Texas Tech,texas-tech-red-raiders,texas tech,288604,271753,Trey Hall,trey-hall-288604,North Crowley,"Fort Worth, TX",TX,2026,SF,6-7,196,Committed,2026-05-21T14:19:00,82.66666666666667,3,377,86,36,88,3,,73,21,SF,,
on3_hs_commits,https://www.on3.com/college/ut-arlington-mavericks/basketball/2026/commits/,2026-08-17T10:29:49+00:00,2026,2027,The University of Texas at Arlington,ut-arlington-mavericks,ut arlington,237565,197903,Tre Clark,tre-clark-237565,Wagner,"San Antonio, TX",TX,2026,SF,6-7,185,Committed,2025-08-23T17:28:00,85.66666666666667,3,276,69,19,87,3,,74,24,SF,,
on3_hs_commits,https://www.on3.com/college/toledo-rockets/basketball/2026/commits/,2026-08-17T10:29:49+00:00,2026,2027,Toledo,toledo-rockets,toledo,260551,236153,Rashaun Porter,rashaun-porter-260551,DePaul College Prep,"Chicago, IL",IL,2026,PF,6-7,215,Signed,2025-09-09T14:22:00,,0,,,,,,,,,PF,,
on3_hs_commits,https://www.on3.com/college/towson-tigers/basketball/2026/commits/,2026-08-17T10:29:49+00:00,2026,2027,Towson,towson-tigers,towson,245620,214213,Mani Sajid,mani-sajid-245620,Plymouth-Whitemarsh,"Plymouth Meeting, PA",PA,2026,SG,6-4,170,Committed,2025-07-08T08:41:00,88.87101449275363,3,208,54,3,88,3,,66,4,SG,,
on3_hs_commits,https://www.on3.com/college/tulane-green-wave/basketball/2026/commits/,2026-08-17T10:29:49+00:00,2026,2027,Tulane,tulane-green-wave,tulane,244068,211791,Tobias Brinkley,tobias-brinkley-244068,Decatur,"Atlanta, GA",GA,2026,SG,6-6,,Committed,2025-07-21T15:23:00,85.56666666666666,3,284,73,22,86,3,,87,24,SG,,
on3_hs_commits,https://www.on3.com/college/tulsa-golden-hurricane/basketball/2026/commits/,2026-08-17T10:29:49+00:00,2026,2027,Tulsa,tulsa-golden-hurricane,tulsa,261134,236937,Denton Forsythe,denton-forsythe-261134,Dale,"Shawnee, OK",OK,2026,PG,6-0,185,Committed,2025-09-30T13:13:00,84,3,325,57,3,87,3,,,,PG,,
on3_hs_commits,https://www.on3.com/college/uab-blazers/basketball/2026/commits/,2026-08-17T10:29:49+00:00,2026,2027,UAB,uab-blazers,uab,237631,198068,Korie Corbett,korie-corbett-237631,Oak Hill Academy,"Columbia, SC",SC,2026,SF,6-4,185,Committed,2026-04-14T10:38:00,89.05905797101448,3,202,58,10,87,3,,77,16,SF,,
on3_hs_commits,https://www.on3.com/college/ucf-knights/basketball/2026/commits/,2026-08-17T10:29:49+00:00,2026,2027,UCF,ucf-knights,ucf,259462,234745,Jahda Swann,jahda-swann-259462,Thomas Jefferson Campus,"Brooklyn, NY",NY,2026,SG,6-4,180,Committed,2026-06-21T14:27:00,89.56340579710144,3,184,47,7,89,3,135,35,6,SG,,
on3_hs_commits,https://www.on3.com/college/ucf-knights/basketball/2026/commits/,2026-08-17T10:29:49+00:00,2026,2027,UCF,ucf-knights,ucf,236715,196390,Ladarius Givan,ladarius-givan-236715,John Marshall,"Montgomery, AL",AL,2026,PF,6-9,190,Committed,2026-05-11T09:32:00,88.86195652173913,3,209,25,11,88,3,,30,15,PF,,
on3_hs_commits,https://www.on3.com/college/ucla-bruins/basketball/2026/commits/,2026-08-17T10:29:49+00:00,2026,2027,UCLA,ucla-bruins,ucla,289677,273150,Gunars Grinvalds,gunars-grinvalds-289677,Real Madrid,"Jurmala, VI",VI,2026,SF,6-7,,Committed,2026-06-05T00:27:00,,,,,,,,,,,SF,,
on3_hs_commits,https://www.on3.com/college/ucla-bruins/basketball/2026/commits/,2026-08-17T10:29:49+00:00,2026,2027,UCLA,ucla-bruins,ucla,248483,220736,Javonte Floyd,javonte-floyd-248483,Cedar Grove,"Atlanta, GA",GA,2026,PF,6-8,,Committed,2025-12-08T09:00:00,85.59384057971015,3,281,46,21,,,,,,PF,,
on3_hs_commits,https://www.on3.com/college/ucla-bruins/basketball/2026/commits/,2026-08-17T10:29:49+00:00,2026,2027,UCLA,ucla-bruins,ucla,237581,197918,Joe Philon,joe-philon-237581,Montverde Academy,"Tampa, FL",FL,2026,PF,6-8,180,Committed,2026-03-21T18:01:00,94.30652173913045,4,62,8,9,93,4,67,8,10,PF,,
on3_hs_commits,https://www.on3.com/college/ucla-bruins/basketball/2026/commits/,2026-08-17T10:29:49+00:00,2026,2027,UCLA,ucla-bruins,ucla,290121,273709,Nikola Kusturica,nikola-kusturica-290121,FC Barcelona Lassa B,Novi Sad,,2026,SG,6-7,180,Committed,2026-07-09T08:00:00,92,4,106,25,,98,5,,,,SG,,
on3_hs_commits,https://www.on3.com/college/unc-greensboro-spartans/basketball/2026/commits/,2026-08-17T10:29:49+00:00,2026,2027,UNC Greensboro,unc-greensboro-spartans,unc greensboro,242276,209279,Dionte Neal,dionte-neal-242276,Reidsville,"Reidsville, NC",NC,2026,PG,5-7,160,Signed,,89.48260869565219,3,185,29,9,89,3,,22,5,PG,,
on3_hs_commits,https://www.on3.com/college/unlv-rebels/basketball/2026/commits/,2026-08-17T10:29:49+00:00,2026,2027,UNLV,unlv-rebels,unlv,278972,255125,Jackson Kiss,jackson-kiss-278972,Utah Prep,"Hurricane, UT",UT,2026,PF,6-7,230,Committed,2026-05-19T19:44:00,91.26413043478261,4,124,14,5,90,4,111,13,4,PF,,
on3_hs_commits,https://www.on3.com/college/unlv-rebels/basketball/2026/commits/,2026-08-17T10:29:49+00:00,2026,2027,UNLV,unlv-rebels,unlv,237667,198106,Kota Suttle,kota-suttle-237667,SoCal Academy,"Marietta, GA",GA,2026,PG,6-2,175,Committed,2026-05-20T12:30:00,88.6123188405797,3,214,35,21,88,3,,41,20,PG,,
on3_hs_commits,https://www.on3.com/college/usc-trojans/basketball/2026/commits/,2026-08-17T10:29:49+00:00,2026,2027,USC,usc-trojans,usc,244194,211930,Adonis Ratliff,adonis-ratliff-244194,Archbishop Stepinac,"White Plains, NY",NY,2026,C,7-0,215,Signed,2025-10-22T10:21:00,97.66129032258063,4,22,4,2,97,4,20,2,2,C,,
on3_hs_commits,https://www.on3.com/college/usc-trojans/basketball/2026/commits/,2026-08-17T10:29:49+00:00,2026,2027,USC,usc-trojans,usc,243724,211416,Christian Collins,christian-collins-243724,St. John Bosco,"Playa Del Rey, CA",CA,2026,SF,6-8,200,Signed,2026-03-18T14:01:00,98.57096774193548,5,9,3,2,98,5,11,4,2,SF,,
on3_hs_commits,https://www.on3.com/college/usc-trojans/basketball/2026/commits/,2026-08-17T10:29:49+00:00,2026,2027,USC,usc-trojans,usc,244069,211792,Darius Ratliff,darius-ratliff-244069,Archbishop Stepinac,"White Plains, NY",NY,2026,C,7-0,210,Signed,2025-10-22T10:21:00,96.85544647031323,4,33,6,3,96,4,29,4,3,C,,
on3_hs_commits,https://www.on3.com/college/usf-bulls/basketball/2026/commits/,2026-08-17T10:29:49+00:00,2026,2027,USF,usf-bulls,south florida,288619,271770,Darren Moore,darren-moore-288619,Northfield Mount Hermon,"Potomac, MD",MD,2026,PG,6-1,170,Committed,2026-05-08T17:05:00,,,,,,,,,,,PG,,
on3_hs_commits,https://www.on3.com/college/usf-bulls/basketball/2026/commits/,2026-08-17T10:29:49+00:00,2026,2027,USF,usf-bulls,south florida,286765,268456,Jake Feldhaus,jake-feldhaus-286765,Madison Central,"Richmond, KY",KY,2026,PF,6-8,220,Committed,2026-04-15T10:52:00,,,,,,,,,,,PF,,
on3_hs_commits,https://www.on3.com/college/usf-bulls/basketball/2026/commits/,2026-08-17T10:29:49+00:00,2026,2027,USF,usf-bulls,south florida,175356,184403,Jayden Johnson,jayden-johnson-175356,Trinity,"Bowling Green, KY",KY,2026,SG,6-5,180,Committed,2026-04-22T09:04:00,88.85108695652174,3,211,55,1,88,3,,71,1,SG,,
on3_hs_commits,https://www.on3.com/college/utep-miners/basketball/2026/commits/,2026-08-17T10:29:49+00:00,2026,2027,UTEP,utep-miners,utep,244470,212323,Delano Tarpley,delano-tarpley-244470,William J. Brennan,"San Antonio, TX",TX,2026,C,6-10,230,Committed,2025-11-05T10:30:00,85.7,3,274,35,18,87,3,,40,26,C,,
on3_hs_commits,https://www.on3.com/college/utep-miners/basketball/2026/commits/,2026-08-17T10:29:49+00:00,2026,2027,UTEP,utep-miners,utep,237673,198114,Donovan Criss,donovan-criss-237673,William J. Brennan,"San Antonio, TX",TX,2026,SG,6-4,160,Committed,2025-07-22T11:21:00,89.16086956521738,3,196,50,13,88,3,,48,13,SG,,
on3_hs_commits,https://www.on3.com/college/utep-miners/basketball/2026/commits/,2026-08-17T10:29:49+00:00,2026,2027,UTEP,utep-miners,utep,237648,198087,Isaiah Ward,isaiah-ward-237648,William J. Brennan,"San Antonio, TX",TX,2026,SF,6-6,185,Committed,2026-03-27T11:30:00,87.13333333333334,3,236,62,16,88,3,,54,19,SF,,
on3_hs_commits,https://www.on3.com/college/utsa-roadrunners/basketball/2026/commits/,2026-08-17T10:29:49+00:00,2026,2027,UTSA,utsa-roadrunners,utsa,245612,214205,Jayson Peterson,jayson-peterson-245612,St Andrews Episcopal School,"Potomac, MD",MD,2026,PF,6-8,205,Committed,2026-05-22T13:12:00,84,3,323,56,10,87,3,,54,8,PF,,
on3_hs_commits,https://www.on3.com/college/utsa-roadrunners/basketball/2026/commits/,2026-08-17T10:29:49+00:00,2026,2027,UTSA,utsa-roadrunners,utsa,237866,198473,Naz Price,naz-price-237866,Seven Lakes,"Katy, TX",TX,2026,PG,6-3,155,Committed,2025-10-26T16:10:00,88.62318840579711,3,213,34,15,88,3,,40,12,PG,,
on3_hs_commits,https://www.on3.com/college/uc-irvine-anteaters/basketball/2026/commits/,2026-08-17T10:29:49+00:00,2026,2027,University of California-Irvine,uc-irvine-anteaters,uc irvine,260809,236488,Josiah Johnson,josiah-johnson-260809,Mayfair,"Lakewood, CA",CA,2026,PG,6-3,,Committed,2026-05-21T15:40:00,92.72427536231885,4,92,15,7,90,4,119,18,8,PG,,
on3_hs_commits,https://www.on3.com/college/umbc-retrievers/basketball/2026/commits/,2026-08-17T10:29:49+00:00,2026,2027,University of Maryland-Baltimore County,umbc-retrievers,umbc,241156,205446,Aiden Able,aiden-able-241156,John Carroll School,"Bel Air, MD",MD,2026,SG,6-4,,Committed,2025-09-18T21:30:00,82,3,402,98,12,86,3,,90,9,SG,,
on3_hs_commits,https://www.on3.com/college/umass-lowell-river-hawks/basketball/2026/commits/,2026-08-17T10:29:49+00:00,2026,2027,University of Massachusetts-Lowell,umass-lowell-river-hawks,university of massachusetts lowell,163198,180398,Jasiah Cannady,jasiah-cannady-163198,St. Frances Academy,"Clinton, MD",MD,2026,PG,6-2,170,Committed,2025-11-25T10:25:00,88.23333333333333,3,220,36,7,88,3,,43,6,PG,,
on3_hs_commits,https://www.on3.com/college/nebraska-omaha-mavericks/basketball/2026/commits/,2026-08-17T10:29:49+00:00,2026,2027,University of Nebraska at Omaha,nebraska-omaha-mavericks,nebraska omaha,284318,264867,Jonny Jordan,jonny-jordan-284318,Chaminade,"Saint Louis, MO",MO,2026,PG,6-3,175,Signed,2025-07-10T14:04:00,,0,,,,,,,,,PG,,
on3_hs_commits,https://www.on3.com/college/nebraska-omaha-mavericks/basketball/2026/commits/,2026-08-17T10:29:49+00:00,2026,2027,University of Nebraska at Omaha,nebraska-omaha-mavericks,nebraska omaha,245644,214236,Marcus Gillespie,marcus-gillespie-245644,Overtime Elite,"Athens, GA",GA,2026,SG,6-4,180,Committed,2025-11-08T11:58:00,,0,,,,,,,,,SG,,
on3_hs_commits,https://www.on3.com/college/san-francisco-dons/basketball/2026/commits/,2026-08-17T10:29:49+00:00,2026,2027,University of San Francisco,san-francisco-dons,san francisco,240199,204029,Andrew Hillman,andrew-hillman-240199,Archbishop Riordan,"San Francisco, CA",CA,2026,SG,6-3,180,Committed,2025-09-16T14:46:00,89.68586956521739,3,180,46,19,88,3,,67,23,SG,,
on3_hs_commits,https://www.on3.com/college/san-francisco-dons/basketball/2026/commits/,2026-08-17T10:29:49+00:00,2026,2027,University of San Francisco,san-francisco-dons,san francisco,280557,256681,Jaroslavs Pihtovs,jaroslavs-pihtovs-280557,Archbishop Riordan,"San Francisco, CA",CA,2026,PF,6-9,215,Committed,2026-02-15T08:51:00,86.7572463768116,3,240,36,24,89,3,147,19,15,PF,,
on3_hs_commits,https://www.on3.com/college/san-francisco-dons/basketball/2026/commits/,2026-08-17T10:29:49+00:00,2026,2027,University of San Francisco,san-francisco-dons,san francisco,240198,204028,Mason Magee,mason-magee-240198,Basha,"Chandler, AZ",AZ,2026,PG,6-0,165,Committed,2025-10-10T11:28:00,89.6641304347826,3,181,28,12,88,3,,33,12,PG,,
on3_hs_commits,https://www.on3.com/college/utah-utes/basketball/2026/commits/,2026-08-17T10:29:49+00:00,2026,2027,Utah,utah-utes,utah,287746,270649,Alec Anigbata,alec-anigbata-287746,Ratiopharm Ulm,Munich,,2026,PF,6-8,,Signed,2026-04-21T11:42:00,,,,,,,,,,,PF,,
on3_hs_commits,https://www.on3.com/college/utah-utes/basketball/2026/commits/,2026-08-17T10:29:49+00:00,2026,2027,Utah,utah-utes,utah,283430,261073,Simeon Suguturaga,simeon-suguturaga-283430,Orem,"Orem, UT",UT,2026,SF,6-6,180,Committed,2025-11-12T19:15:00,82.66666666666667,3,372,85,12,88,3,,57,11,SF,,
on3_hs_commits,https://www.on3.com/college/utah-utes/basketball/2026/commits/,2026-08-17T10:29:49+00:00,2026,2027,Utah,utah-utes,utah,280737,256877,Styles Clemmons,styles-clemmons-280737,Overtime Elite,"Virginia Beach, VA",VA,2026,SG,6-1,170,Committed,2025-09-16T17:49:00,88.22536231884058,3,221,57,16,87,3,,86,22,SG,,
on3_hs_commits,https://www.on3.com/college/utah-state-aggies/basketball/2026/commits/,2026-08-17T10:29:49+00:00,2026,2027,Utah State,utah-state-aggies,utah state,284745,265438,Bryce Mella,bryce-mella-284745,American Fork,"Orem, UT",UT,2026,SG,6-4,180,Signed,2025-11-17T09:42:00,83,3,347,86,11,89,3,,43,6,SG,,
on3_hs_commits,https://www.on3.com/college/utah-tech-trailblazers/basketball/2026/commits/,2026-08-17T10:29:49+00:00,2026,2027,Utah Tech,utah-tech-trailblazers,dixie state,242300,209306,Christian Gibson,christian-gibson-242300,Tennessee Collegiate Academy,"Houston, TX",TX,2026,SG,6-4,190,Committed,2026-06-05T12:10:00,91.75833333333334,4,114,27,3,91,4,96,23,2,SG,,
on3_hs_commits,https://www.on3.com/college/vcu-rams/basketball/2026/commits/,2026-08-17T10:29:49+00:00,2026,2027,VCU,vcu-rams,vcu,250477,224444,Collin Ross,collin-ross-250477,SPIRE Academy,"Geneva, OH",OH,2026,C,6-10,200,Signed,2025-09-01T12:01:00,92.46376811594203,4,99,13,6,93,4,65,10,3,C,,
on3_hs_commits,https://www.on3.com/college/vcu-rams/basketball/2026/commits/,2026-08-17T10:29:49+00:00,2026,2027,VCU,vcu-rams,vcu,244701,212685,Sammy Jackson,sammy-jackson-244701,Roman Catholic,"Philadelphia, PA",PA,2026,SF,6-7,200,Signed,2025-06-25T16:07:00,93.59565217391305,4,71,25,1,93,4,60,21,1,SF,,
on3_hs_commits,https://www.on3.com/college/valparaiso-crusaders/basketball/2026/commits/,2026-08-17T10:29:49+00:00,2026,2027,Valparaiso,valparaiso-crusaders,valparaiso,259449,234714,Rajan Roberts,rajan-roberts-259449,Prolific Prep,"Hillside, IL",IL,2026,PG,6-0,162,Committed,2025-10-21T15:23:00,84.94927536231886,3,303,53,40,87,3,,50,39,PG,,
on3_hs_commits,https://www.on3.com/college/vanderbilt-commodores/basketball/2026/commits/,2026-08-17T10:29:49+00:00,2026,2027,Vanderbilt,vanderbilt-commodores,vanderbilt,244074,211797,Anthony Brown,anthony-brown-244074,Archbishop Carroll,"Washington, DC",DC,2026,PG,6-1,160,Signed,2025-09-24T13:30:00,93.2677536231884,4,80,13,1,93,4,70,11,1,PG,,
on3_hs_commits,https://www.on3.com/college/vanderbilt-commodores/basketball/2026/commits/,2026-08-17T10:29:49+00:00,2026,2027,Vanderbilt,vanderbilt-commodores,vanderbilt,242282,209285,Ethan Mgbako,ethan-mgbako-242282,Oak Hill Academy,"Roselle, NJ",NJ,2026,SF,6-6,215,Signed,2025-09-11T10:12:00,93.368115942029,4,79,27,6,93,4,56,19,4,SF,,
on3_hs_commits,https://www.on3.com/college/vanderbilt-commodores/basketball/2026/commits/,2026-08-17T10:29:49+00:00,2026,2027,Vanderbilt,vanderbilt-commodores,vanderbilt,242275,209278,Gabe Nesmith,gabe-nesmith-242275,Overtime Elite,"West Palm Beach, FL",FL,2026,SF,6-5,175,Committed,2026-06-30T10:07:00,96.69227442730248,4,34,10,3,96,4,30,9,3,SF,,
on3_hs_commits,https://www.on3.com/college/vanderbilt-commodores/basketball/2026/commits/,2026-08-17T10:29:49+00:00,2026,2027,Vanderbilt,vanderbilt-commodores,vanderbilt,259914,235404,Jackson Sheffield,jackson-sheffield-259914,Hoover,"Hoover, AL",AL,2026,C,6-10,230,Signed,2025-09-17T17:00:00,91.48659420289854,4,119,17,2,90,4,105,18,2,C,,
on3_hs_commits,https://www.on3.com/college/villanova-wildcats/basketball/2026/commits/,2026-08-17T10:29:49+00:00,2026,2027,Villanova,villanova-wildcats,villanova,179202,191728,Adam Oumiddoch,adam-oumiddoch-179202,Overtime Elite,"Arlington, VA",VA,2026,SG,6-5,180,Committed,2026-03-11T18:05:00,93.85797101449278,4,67,16,5,92,4,79,20,7,SG,,
on3_hs_commits,https://www.on3.com/college/villanova-wildcats/basketball/2026/commits/,2026-08-17T10:29:49+00:00,2026,2027,Villanova,villanova-wildcats,villanova,249644,234803,Luigi Suigo,luigi-suigo-249644,Olimpia Milano,Milano,,2026,C,7-3,,Committed,2026-06-13T12:21:00,85.33333333333333,3,292,37,,96,4,,,,C,,
on3_hs_commits,https://www.on3.com/college/virginia-cavaliers/basketball/2026/commits/,2026-08-17T10:29:49+00:00,2026,2027,Virginia,virginia-cavaliers,virginia,244095,211821,Favour Ibe,favour-ibe-244095,Mt. Zion Prep,"Lanham, MD",MD,2026,C,7-1,235,Committed,2026-05-09T14:00:00,91.25362318840578,3,127,20,6,91,4,89,14,4,C,,
on3_hs_commits,https://www.on3.com/college/wake-forest-demon-deacons/basketball/2026/commits/,2026-08-17T10:29:49+00:00,2026,2027,Wake Forest,wake-forest-demon-deacons,wake forest,237572,197909,Gallagher Placide,gallagher-placide-237572,Waxahachie Faith Family Academy,"Aurora, CO",CO,2026,PF,6-9,215,Signed,2025-09-18T14:54:00,92.1481884057971,4,104,11,8,89,3,129,15,8,PF,,
on3_hs_commits,https://www.on3.com/college/wake-forest-demon-deacons/basketball/2026/commits/,2026-08-17T10:29:49+00:00,2026,2027,Wake Forest,wake-forest-demon-deacons,wake forest,237638,198078,Gavin Placide,gavin-placide-237638,Waxahachie Faith Family Academy,"Denver, CO",CO,2026,SF,6-9,225,Signed,2025-09-18T14:54:00,93.06920289855071,4,86,30,7,92,4,80,26,7,SF,,
on3_hs_commits,https://www.on3.com/college/washington-huskies/basketball/2026/commits/,2026-08-17T10:29:49+00:00,2026,2027,Washington,washington-huskies,washington,237711,198154,Lattimore Ford,lattimore-ford-237711,Mount Si,"Snoqualmie, WA",WA,2026,SG,6-6,,Committed,2026-04-24T14:44:00,85.55072463768114,3,285,74,6,87,3,,79,6,SG,,
on3_hs_commits,https://www.on3.com/college/washington-huskies/basketball/2026/commits/,2026-08-17T10:29:49+00:00,2026,2027,Washington,washington-huskies,washington,288427,271551,Wini Braga,wini-braga-288427,Brazil,,,2026,PF,6-9,200,Committed,2026-05-05T11:49:00,,,,,,,,,,,PF,,
on3_hs_commits,https://www.on3.com/college/washington-state-cougars/basketball/2026/commits/,2026-08-17T10:29:49+00:00,2026,2027,Washington State,washington-state-cougars,washington state,236608,209267,Brayden Kyman,brayden-kyman-236608,Santa Margarita Catholic,"Rancho Santa Margarita, CA",CA,2026,PF,6-8,185,Committed,2024-09-24T09:32:00,87.06666666666666,3,237,34,23,88,3,,26,26,PF,,
on3_hs_commits,https://www.on3.com/college/west-virginia-mountaineers/basketball/2026/commits/,2026-08-17T10:29:49+00:00,2026,2027,West Virginia,west-virginia-mountaineers,west virginia,241004,205256,Aliou Dioum,aliou-dioum-241004,Bella Vista College Preparatory School,Dakar,,2026,C,6-10,200,Enrolled,2025-09-21T12:15:00,91.4141304347826,4,121,18,11,91,4,97,16,9,C,,
on3_hs_commits,https://www.on3.com/college/west-virginia-mountaineers/basketball/2026/commits/,2026-08-17T10:29:49+00:00,2026,2027,West Virginia,west-virginia-mountaineers,west virginia,282312,258790,Amadou Seini,amadou-seini-282312,Bella Vista College Preparatory School,,,2026,C,7-1,230,Enrolled,2026-04-24T10:33:00,94.26521739130435,4,64,9,8,95,4,42,5,4,C,,
on3_hs_commits,https://www.on3.com/college/west-virginia-mountaineers/basketball/2026/commits/,2026-08-17T10:29:49+00:00,2026,2027,West Virginia,west-virginia-mountaineers,west virginia,240200,204030,Keonte Greybear,keonte-greybear-240200,iSchool of Lewisville,"McKinney, TX",TX,2026,PG,6-1,160,Enrolled,2026-04-23T16:48:00,89.94130434782608,3,176,27,11,88,3,,30,10,PG,,
on3_hs_commits,https://www.on3.com/college/west-virginia-mountaineers/basketball/2026/commits/,2026-08-17T10:29:49+00:00,2026,2027,West Virginia,west-virginia-mountaineers,west virginia,237751,198262,Miles Sadler,miles-sadler-237751,Bella Vista College Preparatory School,"Glendale, AZ",AZ,2026,PG,5-11,165,Enrolled,2025-11-16T16:30:00,97.75430107526881,4,21,3,3,97,4,19,3,2,PG,,
on3_hs_commits,https://www.on3.com/college/western-carolina-catamounts/basketball/2026/commits/,2026-08-17T10:29:49+00:00,2026,2027,Western Carolina,western-carolina-catamounts,western carolina,284663,265352,Antonio McKoy,antonio-mckoy-284663,Harrells Christian Academy,"Harrells, NC",NC,2026,SF,6-5,,Signed,,,,,,,,,,,,SF,,
on3_hs_commits,https://www.on3.com/college/western-kentucky-hilltoppers/basketball/2026/commits/,2026-08-17T10:29:49+00:00,2026,2027,Western Kentucky,western-kentucky-hilltoppers,western kentucky,261123,236888,Cole Edelen,cole-edelen-261123,Louisville Male,"Louisville, KY",KY,2026,PG,6-2,175,Committed,2025-07-23T15:33:00,84.33333333333333,3,318,55,2,87,3,,,,PG,,
on3_hs_commits,https://www.on3.com/college/western-kentucky-hilltoppers/basketball/2026/commits/,2026-08-17T10:29:49+00:00,2026,2027,Western Kentucky,western-kentucky-hilltoppers,western kentucky,237675,198115,Gabe Weis,gabe-weis-237675,La Lumiere School,"Springfield, KY",KY,2026,PF,6-7,170,Committed,2025-08-14T16:04:00,88.91666666666667,3,205,24,7,88,3,,48,8,PF,,
on3_hs_commits,https://www.on3.com/college/western-michigan-broncos/basketball/2026/commits/,2026-08-17T10:29:49+00:00,2026,2027,Western Michigan,western-michigan-broncos,western michigan,244075,211798,Cameron Ryans,cameron-ryans-244075,Northview,"Grand Rapids, MI",MI,2026,SF,6-5,175,Committed,2025-08-15T09:41:00,84.96376811594203,3,302,74,2,87,3,,81,1,SF,,
on3_hs_commits,https://www.on3.com/college/western-michigan-broncos/basketball/2026/commits/,2026-08-17T10:29:49+00:00,2026,2027,Western Michigan,western-michigan-broncos,western michigan,238047,198709,Jordan Sigmon,jordan-sigmon-238047,Renaissance,"Detroit, MI",MI,2026,PG,6-2,165,Committed,2026-05-04T15:12:00,,0,,,,,,,,,PG,,
on3_hs_commits,https://www.on3.com/college/wichita-state-shockers/basketball/2026/commits/,2026-08-17T10:29:49+00:00,2026,2027,Wichita State,wichita-state-shockers,wichita state,246059,215075,Noah Hill,noah-hill-246059,Sunrise Christian Academy,"Frisco, TX",TX,2026,PF,6-7,210,Committed,2025-03-11T13:35:00,,0,,,,,,,,,PF,,
on3_hs_commits,https://www.on3.com/college/william-penn-statesmen/basketball/2026/commits/,2026-08-17T10:29:49+00:00,2026,2027,William Penn,william-penn-statesmen,william penn,284907,265627,Joshua Gladney,joshua-gladney-284907,Shannon,"Tupelo, MS",MS,2026,,5-11,165,Committed,2026-05-11T09:39:03,,,,,,,,,,,,,
on3_hs_commits,https://www.on3.com/college/wisconsin-badgers/basketball/2026/commits/,2026-08-17T10:29:49+00:00,2026,2027,Wisconsin,wisconsin-badgers,wisconsin,287773,270700,Josh Manchester,josh-manchester-287773,Mount Horeb,"Mount Horeb, WI",WI,2026,SG,6-4,170,Committed,2026-04-22T17:33:00,,,,,,,,,,,SG,,
on3_hs_commits,https://www.on3.com/college/wisconsin-badgers/basketball/2026/commits/,2026-08-17T10:29:49+00:00,2026,2027,Wisconsin,wisconsin-badgers,wisconsin,245221,213650,LaTrevion Fenderson,latrevion-fenderson-245221,DME Academy,"Racine, WI",WI,2026,SG,6-4,205,Signed,2024-08-25T16:00:00,86.47282608695652,3,245,64,3,89,3,,44,2,SG,,
on3_hs_commits,https://www.on3.com/college/wisconsin-milwaukee-panthers/basketball/2026/commits/,2026-08-17T10:29:49+00:00,2026,2027,Wisconsin-Milwaukee,wisconsin-milwaukee-panthers,milwaukee,287204,269172,Amare Hereford,amare-hereford-287204,Memorial,"Beloit, WI",WI,2026,CG,6-2,175,Committed,2026-04-02T13:12:00,,,,,,,,,,,CG,,
on3_hs_commits,https://www.on3.com/college/wisconsin-milwaukee-panthers/basketball/2026/commits/,2026-08-17T10:29:49+00:00,2026,2027,Wisconsin-Milwaukee,wisconsin-milwaukee-panthers,milwaukee,241030,205283,Ben Akoro,ben-akoro-241030,O'Fallon,"O'Fallon, IL",IL,2026,PF,6-7,,Signed,2025-11-19T12:00:00,82,3,400,75,9,86,3,,61,7,PF,,
on3_hs_commits,https://www.on3.com/college/wofford-terriers/basketball/2026/commits/,2026-08-17T10:29:49+00:00,2026,2027,Wofford,wofford-terriers,wofford,286233,267616,Jemon Price,jemon-price-286233,Westfield,"Chantilly, VA",VA,2026,PG,6-2,,Committed,2026-05-12T09:55:00,,,,,,,,,,,PG,,
on3_hs_commits,https://www.on3.com/college/wofford-terriers/basketball/2026/commits/,2026-08-17T10:29:49+00:00,2026,2027,Wofford,wofford-terriers,wofford,284746,265439,Jhett Carter,jhett-carter-284746,Hargrave Military Academy (HS),"Titusville, FL",FL,2026,SF,6-5,190,Committed,2026-04-27T08:55:00,83,3,348,80,16,89,3,,46,10,SF,,
on3_hs_commits,https://www.on3.com/college/wofford-terriers/basketball/2026/commits/,2026-08-17T10:29:49+00:00,2026,2027,Wofford,wofford-terriers,wofford,280530,256654,Jyi Dawkins,jyi-dawkins-280530,Ben L Smith,"Greensboro, NC",NC,2026,SG,6-3,175,Committed,2026-04-27T11:19:00,,0,,,,,,,,,SG,,
on3_hs_commits,https://www.on3.com/college/wyoming-cowboys/basketball/2026/commits/,2026-08-17T10:29:49+00:00,2026,2027,Wyoming,wyoming-cowboys,wyoming,280567,256691,Chris Pohl,chris-pohl-280567,Marshfield,"Marshfield, WI",WI,2026,PF,6-7,215,Committed,2025-09-08T14:27:00,,0,,,,,,,,,PF,,
on3_hs_commits,https://www.on3.com/college/xavier-musketeers/basketball/2026/commits/,2026-08-17T10:29:49+00:00,2026,2027,Xavier,xavier-musketeers,xavier,236549,196199,Asher Elson,asher-elson-236549,Overtime Elite,"Brooklyn, NY",NY,2026,PF,6-11,190,Committed,2025-11-19T10:58:00,88.61014492753623,3,215,27,15,89,3,,20,11,PF,,
on3_hs_commits,https://www.on3.com/college/xavier-musketeers/basketball/2026/commits/,2026-08-17T10:29:49+00:00,2026,2027,Xavier,xavier-musketeers,xavier,285597,266767,Gedeon Basson,gedeon-basson-285597,Victory Rock Prep,"Bradenton, FL",FL,2026,CG,6-1,200,Committed,2026-02-12T09:19:00,,,,,,,,,,,CG,,
on3_hs_commits,https://www.on3.com/college/xavier-musketeers/basketball/2026/commits/,2026-08-17T10:29:49+00:00,2026,2027,Xavier,xavier-musketeers,xavier,237671,198111,Kalek House,kalek-house-237671,Compass Prep,"Scottsdale, AZ",AZ,2026,PG,6-3,180,Signed,2025-09-15T14:00:00,92.51992753623189,4,98,18,10,90,4,113,16,10,PG,,
on3_hs_commits,https://www.on3.com/college/yale-bulldogs/basketball/2026/commits/,2026-08-17T10:29:49+00:00,2026,2027,Yale,yale-bulldogs,yale,237580,197917,Tim Winkler,tim-winkler-237580,Oak Ridge,"Naperville, IL",IL,2026,C,6-10,205,Committed,2025-11-01T14:30:00,85.03333333333333,3,297,38,39,87,3,,45,43,C,,
