season,team,team_key,conference,schedule_score_rank,schedule_score_percentile,opponent_quality_tier,program_consistency_band,incoming_on3_hs_rank,incoming_on3_transfer_rank,days_from_nov_1,venue_capacity_log,away_adj_em,away_rank_adj_em,away_adj_oe,away_rank_adj_oe,away_adj_de,away_rank_adj_de,away_adj_tempo,away_rank_adj_tempo,away_tempo,away_luck,away_sos,away_ncsos,away_apl_off,away_apl_def,away_efg_pct,away_to_pct,away_or_pct,away_ft_rate,away_def_efg_pct,away_def_to_pct,away_def_or_pct,away_def_ft_rate,away_fg3_pct,away_fg2_pct,away_ft_pct,away_block_pct,away_steal_rate,away_non_steal_turnover_rate,away_assist_rate,away_three_point_attempt_rate,away_opp_fg3_pct,away_opp_fg2_pct,away_opp_steal_rate,away_opp_non_steal_turnover_rate,away_opp_assist_rate,away_opp_three_point_attempt_rate,away_avg_height,away_effective_height,away_experience,away_bench,away_continuity,away_off_points_from_three_pct,away_def_points_from_three_pct,home_adj_em,home_rank_adj_em,home_adj_oe,home_rank_adj_oe,home_adj_de,home_rank_adj_de,home_adj_tempo,home_rank_adj_tempo,home_tempo,home_luck,home_sos,home_ncsos,home_apl_off,home_apl_def,home_efg_pct,home_to_pct,home_or_pct,home_ft_rate,home_def_efg_pct,home_def_to_pct,home_def_or_pct,home_def_ft_rate,home_fg3_pct,home_fg2_pct,home_ft_pct,home_block_pct,home_steal_rate,home_non_steal_turnover_rate,home_assist_rate,home_three_point_attempt_rate,home_opp_fg3_pct,home_opp_fg2_pct,home_opp_steal_rate,home_opp_non_steal_turnover_rate,home_opp_assist_rate,home_opp_three_point_attempt_rate,home_avg_height,home_effective_height,home_experience,home_bench,home_continuity,home_off_points_from_three_pct,home_def_points_from_three_pct,adj_em_gap,adj_oe_gap,adj_de_gap,tempo_gap,three_point_attempt_matchup,three_point_make_matchup,turnover_pressure_matchup,off_rebound_matchup,pace_shrink_signal,away_quality_x_three_rate,away_quality_x_experience,home_vulnerability_index,upset_probability_vs_median_high_major,risk_bucket,schedule_value_score,danger_index,safe_value_score,recommendation
2027,Toledo,toledo,MAC,171.02616746430797,0.5328951443288242,101_135,101_135,171.0,,20,9.472781556562168,2.9933,130.0,114.51,89.0,111.517,223.0,67.8667,153.0,69.4422,-0.0549,-1.1979,1.87,16.6,17.88,54.4961,14.6255,29.5097,30.4393,54.3801,17.8656,33.5437,26.5881,37.0429,53.9816,75.382,7.8498,0.1098,5.6702,53.0917,32.5065,34.4872,56.1433,0.0896,6.8852,50.8091,39.959,76.57,-0.05,1.3785,23.05,0.2281,27.3796,32.5666,16.8169,48.0,119.453,48.0,102.813,63.0,67.4356,180.0,68.4756,-0.0119,11.8204,-0.7005,17.23,17.73,52.9955,15.5171,32.0127,35.1467,50.762,16.2899,30.0946,32.7047,34.5406,53.7736,73.7733,10.3419,0.0944,6.5562,54.2776,40.2103,33.3758,50.9554,0.089,6.8676,52.8764,39.9271,78.11,0.89,1.8846,31.08,0.2321,32.0782,32.0179,-13.8236,-4.942999999999998,8.703999999999994,0.4311000000000007,1297.89027615,1236.33642182,238.24793245,888.08261762,-67.8667,97.30170645000001,4.1262640500000005,26.024040000000003,0.06616813753573517,medium,6,0.011028022922622527,3.3532744985705936,good_target
2027,Drake,drake,MVC,174.52963714844816,0.5232702276141534,101_135,201_250,77.0,,20,9.472781556562168,-2.9839,205.0,109.834,157.0,112.818,250.0,67.2774,186.0,67.849,-0.0604,1.4761,-4.5444,17.89,17.4,51.3658,14.9892,26.5734,33.5297,52.6028,14.6236,29.9219,32.0146,33.9977,51.6765,71.4058,8.5399,0.0763,6.1694,51.597,45.6883,36.4183,51.056,0.0882,6.9919,54.8312,43.3108,77.1,-0.12,1.1473,31.49,0.0058,36.7865,37.2388,16.8169,48.0,119.453,48.0,102.813,63.0,67.4356,180.0,68.4756,-0.0119,11.8204,-0.7005,17.23,17.73,52.9955,15.5171,32.0127,35.1467,50.762,16.2899,30.0946,32.7047,34.5406,53.7736,73.7733,10.3419,0.0944,6.5562,54.2776,40.2103,33.3758,50.9554,0.089,6.8676,52.8764,39.9271,78.11,0.89,1.8846,31.08,0.2321,32.0782,32.0179,-19.800800000000002,-9.619,10.004999999999995,-0.15819999999999368,1824.20132293,1134.70043566,244.17256908,799.71584364,-67.2774,-136.32931837,-3.42342847,26.024040000000003,0.06627392441448543,medium,6,0.011045654069080904,3.349043023420583,good_target
2027,Vermont,vermont,AE,196.41799666581707,0.4631373717972059,136_160,201_250,,,20,9.472781556562168,-6.4346,239.0,106.176,224.0,112.61,247.0,64.9064,309.0,64.4347,0.0078,-11.1731,-2.601,18.7,18.3,53.1494,14.3359,26.1996,31.1037,50.4058,14.7674,22.9831,36.4058,33.3333,55.6898,71.8638,8.4813,0.0686,6.0412,47.9268,44.6488,35.3024,48.6193,0.0829,7.9111,48.2527,41.2174,77.52,-0.06,1.8531,34.92,0.3166,34.7054,34.2273,16.8169,48.0,119.453,48.0,102.813,63.0,67.4356,180.0,68.4756,-0.0119,11.8204,-0.7005,17.23,17.73,52.9955,15.5171,32.0127,35.1467,50.762,16.2899,30.0946,32.7047,34.5406,53.7736,73.7733,10.3419,0.0944,6.5562,54.2776,40.2103,33.3758,50.9554,0.089,6.8676,52.8764,39.9271,78.11,0.89,1.8846,31.08,0.2321,32.0782,32.0179,-23.2515,-13.277000000000001,9.796999999999997,-2.529199999999989,1782.6971024800002,1112.52555414,233.53037741,788.46648216,-64.9064,-287.29716848,-11.92395726,26.024040000000003,0.046060378446437227,low,5,0.009212075689287445,3.157584862142511,strong_target
2027,Princeton,princeton,Ivy,199.30589131725347,0.4552035952822707,136_160,251_300,118.0,,20,9.472781556562168,-7.2732,254.0,105.46,246.0,112.733,249.0,63.5682,345.0,64.5005,-0.0767,-1.2938,-0.7997,20.04,17.3,49.6026,17.0784,27.263,34.6358,51.9987,14.2778,28.4783,34.0102,33.9286,48.568,74.761,6.3853,0.0714,6.8643,54.9606,44.5033,31.135,55.7359,0.1021,7.1389,50.0,41.3706,77.57,-0.36,0.7884,29.72,0.3636,36.2096,30.0296,16.8169,48.0,119.453,48.0,102.813,63.0,67.4356,180.0,68.4756,-0.0119,11.8204,-0.7005,17.23,17.73,52.9955,15.5171,32.0127,35.1467,50.762,16.2899,30.0946,32.7047,34.5406,53.7736,73.7733,10.3419,0.0944,6.5562,54.2776,40.2103,33.3758,50.9554,0.089,6.8676,52.8764,39.9271,78.11,0.89,1.8846,31.08,0.2321,32.0782,32.0179,-24.0901,-13.99300000000001,9.920000000000002,-3.8673999999999964,1776.8877094300003,1132.39416788,278.20542815999994,820.4690798,-63.5682,-323.68140156000004,-5.73419088,26.024040000000003,0.04779614127341197,low,5,0.009559228254682393,3.0881543490635215,strong_target
2027,Texas St.,texas state,SB,213.64334361013752,0.41581499008203976,161_200,201_250,70.0,,20,9.472781556562168,-6.6772,246.0,104.054,272.0,110.731,207.0,66.075,253.0,67.3153,0.0838,-7.1147,-9.3066,17.74,17.67,49.9417,18.5918,33.9051,33.9744,52.0328,18.5918,28.4708,39.0777,32.2275,50.4637,76.1578,10.5928,0.1164,6.9964,48.1622,24.5921,35.7027,51.1176,0.116,6.9475,43.7751,37.5607,76.84,-0.7,1.681,32.62,0.1697,18.9064,30.4828,16.8169,48.0,119.453,48.0,102.813,63.0,67.4356,180.0,68.4756,-0.0119,11.8204,-0.7005,17.23,17.73,52.9955,15.5171,32.0127,35.1467,50.762,16.2899,30.0946,32.7047,34.5406,53.7736,73.7733,10.3419,0.0944,6.5562,54.2776,40.2103,33.3758,50.9554,0.089,6.8676,52.8764,39.9271,78.11,0.89,1.8846,31.08,0.2321,32.0782,32.0179,-23.4941,-15.399000000000001,7.917999999999992,-1.360599999999991,981.89123591,1075.6185945,302.85856282,1020.3604224599999,-66.075,-164.20637012,-11.2243732,26.024040000000003,0.02787513394537392,very_low,4,0.00696878348634348,2.884994642185043,good_target
2027,Navy,navy,PL,221.34455619508026,0.3946578126508784,136_160,136_160,,,20,9.472781556562168,1.6526,142.0,107.735,200.0,106.083,111.0,65.1798,300.0,65.218,0.0428,-11.7578,-9.8151,18.5,18.1,53.0699,16.822,31.9377,38.8289,48.2587,18.3383,27.4423,25.9812,35.8491,52.7211,73.6457,10.6557,0.1133,7.6291,61.158,33.1438,30.012,51.0246,0.0919,7.0131,52.6738,46.0475,75.66,-0.69,2.3415,21.31,0.8129,26.4557,35.7143,16.8169,48.0,119.453,48.0,102.813,63.0,67.4356,180.0,68.4756,-0.0119,11.8204,-0.7005,17.23,17.73,52.9955,15.5171,32.0127,35.1467,50.762,16.2899,30.0946,32.7047,34.5406,53.7736,73.7733,10.3419,0.0944,6.5562,54.2776,40.2103,33.3758,50.9554,0.089,6.8676,52.8764,39.9271,78.11,0.89,1.8846,31.08,0.2321,32.0782,32.0179,-15.1643,-11.718000000000004,3.269999999999996,-2.2557999999999936,1323.3358169800001,1196.49239178,274.0286978,961.15230642,-65.1798,54.77344388,3.8695629,26.024040000000003,0.05595756101409666,medium,5,0.011191512202819331,2.7616975594361337,good_target
2027,Ohio,ohio,MAC,227.77312131144873,0.37699691947404185,161_200,201_250,,,20,9.472781556562168,-5.7427,230.0,107.932,193.0,113.674,266.0,68.8919,99.0,70.3451,0.0253,-1.7268,0.6706,17.11,17.38,50.9465,15.4573,28.3835,36.9154,52.9855,16.0211,32.7837,38.058,30.073,54.5455,71.0407,8.5213,0.0808,7.1884,46.5517,38.1403,37.1429,51.6291,0.0827,7.9401,47.199,33.2031,76.85,-0.67,2.1758,22.75,0.3837,26.8579,27.625,16.8169,48.0,119.453,48.0,102.813,63.0,67.4356,180.0,68.4756,-0.0119,11.8204,-0.7005,17.23,17.73,52.9955,15.5171,32.0127,35.1467,50.762,16.2899,30.0946,32.7047,34.5406,53.7736,73.7733,10.3419,0.0944,6.5562,54.2776,40.2103,33.3758,50.9554,0.089,6.8676,52.8764,39.9271,78.11,0.89,1.8846,31.08,0.2321,32.0782,32.0179,-22.5596,-11.521,10.861000000000004,1.456300000000013,1522.8315721300003,1003.7104333999999,251.79787127,854.1900791,-68.8919,-219.02830081000002,-12.494966660000001,26.024040000000003,0.031114211490093833,low,4,0.007778552872523458,2.7554315403962466,good_target
2027,Temple,temple,Amer,183.56976051553264,0.4984347238584268,136_160,136_160,120.0,,20,9.472781556562168,0.7807,159.0,111.957,120.0,111.177,213.0,64.9525,307.0,65.4125,-0.0729,-1.4871,-3.2877,18.94,17.84,50.1732,13.7152,29.8279,40.5889,50.6609,15.5341,30.3382,35.5172,33.6026,50.0449,74.6799,11.0314,0.086,5.6041,48.2353,35.739,32.8,51.4798,0.0811,6.9313,48.7805,35.9195,77.11,-0.87,1.9161,19.66,0.1761,27.574,27.8659,16.8169,48.0,119.453,48.0,102.813,63.0,67.4356,180.0,68.4756,-0.0119,11.8204,-0.7005,17.23,17.73,52.9955,15.5171,32.0127,35.1467,50.762,16.2899,30.0946,32.7047,34.5406,53.7736,73.7733,10.3419,0.0944,6.5562,54.2776,40.2103,33.3758,50.9554,0.089,6.8676,52.8764,39.9271,78.11,0.89,1.8846,31.08,0.2321,32.0782,32.0179,-16.0362,-7.496000000000009,8.364000000000004,-2.483099999999993,1426.9546269,1121.51365708,223.41923648,897.65871934,-64.9525,27.901437299999998,1.4958992699999998,26.024040000000003,0.05849533133854781,medium,5,0.011699066267709562,2.6601867464580877,good_target
2027,Colgate,colgate,PL,226.7315307832826,0.3798584319140587,161_200,201_250,,,20,9.472781556562168,-7.142,250.0,107.798,197.0,114.94,289.0,66.9398,207.0,66.8786,0.0436,-7.3311,5.1873,17.45,18.22,53.2692,14.6337,26.5761,29.7253,52.2071,15.2924,29.3088,33.7875,35.6358,53.1699,74.6765,8.3178,0.0885,6.2111,51.4019,35.0,34.7712,52.243,0.0842,6.4463,54.6667,41.6894,77.21,-0.17,1.1473,27.87,0.3613,29.0653,33.7849,16.8169,48.0,119.453,48.0,102.813,63.0,67.4356,180.0,68.4756,-0.0119,11.8204,-0.7005,17.23,17.73,52.9955,15.5171,32.0127,35.1467,50.762,16.2899,30.0946,32.7047,34.5406,53.7736,73.7733,10.3419,0.0944,6.5562,54.2776,40.2103,33.3758,50.9554,0.089,6.8676,52.8764,39.9271,78.11,0.89,1.8846,31.08,0.2321,32.0782,32.0179,-23.9589,-11.655000000000001,12.126999999999995,-0.49579999999998847,1397.4485000000002,1189.37333364,238.38150962999998,799.79709906,-66.9398,-249.97,-8.1940166,26.024040000000003,0.03384062797745818,low,4,0.008460156994364545,2.6463748809016727,good_target
2027,Loyola Chicago,loyola chicago,A10,209.82265720239397,0.42631138131210444,161_200,251_300,66.0,,20,9.472781556562168,-9.8729,280.0,103.579,280.0,113.451,261.0,65.5806,277.0,65.8788,0.0573,2.9,-4.8525,18.57,17.94,49.8047,19.7583,30.466,34.7656,52.0249,12.9277,29.6959,33.6449,31.6959,51.8677,67.2552,11.5564,0.0614,8.8935,60.7662,47.7121,36.8113,49.4874,0.1086,6.7848,61.3018,44.2887,77.43,0.2,1.7157,42.2,0.2584,36.8875,37.68,16.8169,48.0,119.453,48.0,102.813,63.0,67.4356,180.0,68.4756,-0.0119,11.8204,-0.7005,17.23,17.73,52.9955,15.5171,32.0127,35.1467,50.762,16.2899,30.0946,32.7047,34.5406,53.7736,73.7733,10.3419,0.0944,6.5562,54.2776,40.2103,33.3758,50.9554,0.089,6.8676,52.8764,39.9271,78.11,0.89,1.8846,31.08,0.2321,32.0782,32.0179,-26.689799999999998,-15.87400000000001,10.637999999999991,-1.8549999999999898,1905.0057879100002,1057.87601922,321.86073116999995,916.8620836,-65.5806,-471.05679209,-16.93893453,26.024040000000003,0.03496843688194614,low,4,0.008742109220486535,2.6012625247221544,good_target
2027,Kent St.,kent state,MAC,200.37866860624086,0.45225640492790975,136_160,161_200,83.0,,20,9.472781556562168,0.6855,161.0,111.137,136.0,110.451,201.0,70.3005,33.0,72.01,0.1399,-2.5733,-3.7609,16.43,17.13,51.4124,17.9817,35.3238,43.5028,52.0833,16.0216,29.2808,39.4547,34.9714,50.5597,74.3802,9.4033,0.0891,8.1813,57.0755,44.9409,34.9642,51.8083,0.098,7.116,55.0808,43.107,76.05,-0.47,1.9169,27.96,0.2919,34.8784,34.0698,16.8169,48.0,119.453,48.0,102.813,63.0,67.4356,180.0,68.4756,-0.0119,11.8204,-0.7005,17.23,17.73,52.9955,15.5171,32.0127,35.1467,50.762,16.2899,30.0946,32.7047,34.5406,53.7736,73.7733,10.3419,0.0944,6.5562,54.2776,40.2103,33.3758,50.9554,0.089,6.8676,52.8764,39.9271,78.11,0.89,1.8846,31.08,0.2321,32.0782,32.0179,-16.1314,-8.316000000000003,7.637999999999991,2.8649000000000058,1794.3598083900001,1167.19845212,292.92009483,1063.0556314799999,-70.3005,30.80698695,1.31403495,26.024040000000003,0.06051058401329445,medium,5,0.01210211680265889,2.5795766394682222,good_target
2027,Tennessee St.,tennessee state,OVC,269.83963435786495,0.2614295759399314,161_200,161_200,,,20,9.472781556562168,-2.0495,191.0,109.244,171.0,111.293,215.0,70.5479,28.0,70.8279,0.0841,-7.7404,5.3547,16.58,17.32,50.0,16.6864,34.7826,33.3512,51.6282,19.8268,30.572,41.4446,33.3333,50.0,76.045,10.5263,0.1266,6.4215,45.5197,30.7239,33.9934,51.9852,0.1026,7.1714,50.3251,35.8792,76.96,-1.1,1.6771,26.54,0.3983,24.5081,27.4423,16.8169,48.0,119.453,48.0,102.813,63.0,67.4356,180.0,68.4756,-0.0119,11.8204,-0.7005,17.23,17.73,52.9955,15.5171,32.0127,35.1467,50.762,16.2899,30.0946,32.7047,34.5406,53.7736,73.7733,10.3419,0.0944,6.5562,54.2776,40.2103,33.3758,50.9554,0.089,6.8676,52.8764,39.9271,78.11,0.89,1.8846,31.08,0.2321,32.0782,32.0179,-18.8664,-10.209000000000003,8.480000000000004,3.1123000000000047,1226.71622769,1112.52555414,271.81978735999996,1046.76843396,-70.5479,-62.96863305,-3.43721645,26.024040000000003,0.038291508685689715,low,4,0.009572877171422429,2.4683396525724115,good_target
2027,Campbell,campbell,CAA,279.2862306215776,0.23547738840225943,161_200,161_200,,,20,9.472781556562168,-1.7017,185.0,111.165,135.0,112.866,251.0,69.7919,58.0,70.0184,0.0093,0.3211,7.2151,17.09,17.22,50.1354,17.5847,33.4513,43.4759,53.9163,16.9598,31.9656,37.0172,32.2581,51.1588,72.4782,3.6753,0.0928,7.8551,44.8529,36.9247,35.4839,54.2113,0.0973,7.6766,49.7793,29.9356,76.32,-1.42,2.4171,17.5,0.2547,27.1159,23.5527,16.8169,48.0,119.453,48.0,102.813,63.0,67.4356,180.0,68.4756,-0.0119,11.8204,-0.7005,17.23,17.73,52.9955,15.5171,32.0127,35.1467,50.762,16.2899,30.0946,32.7047,34.5406,53.7736,73.7733,10.3419,0.0944,6.5562,54.2776,40.2103,33.3758,50.9554,0.089,6.8676,52.8764,39.9271,78.11,0.89,1.8846,31.08,0.2321,32.0782,32.0179,-18.5186,-8.287999999999997,10.052999999999997,2.3563000000000045,1474.29618937,1076.63989398,286.45300453,1006.7034929800001,-69.7919,-62.834761990000004,-4.11317907,26.024040000000003,0.03865029207686754,low,4,0.009662573019216886,2.4539883169252983,good_target
2027,Austin Peay,austin peay,ASun,199.05044160274062,0.45590538021225097,136_160,161_200,87.0,,20,9.472781556562168,-0.3136,172.0,108.158,186.0,108.472,150.0,69.4206,73.0,70.1198,0.0332,-6.8697,1.9154,16.54,17.56,52.972,15.3924,29.7324,37.6457,52.2445,17.8512,28.8711,32.8411,35.2761,53.0075,73.3746,6.3809,0.1195,6.0979,56.0453,37.9953,33.1884,53.9382,0.0929,5.9012,52.4675,40.7561,77.39,-0.2,0.8443,25.77,0.279,30.1047,31.7614,16.8169,48.0,119.453,48.0,102.813,63.0,67.4356,180.0,68.4756,-0.0119,11.8204,-0.7005,17.23,17.73,52.9955,15.5171,32.0127,35.1467,50.762,16.2899,30.0946,32.7047,34.5406,53.7736,73.7733,10.3419,0.0944,6.5562,54.2776,40.2103,33.3758,50.9554,0.089,6.8676,52.8764,39.9271,78.11,0.89,1.8846,31.08,0.2321,32.0782,32.0179,-17.1305,-11.295000000000002,5.658999999999992,1.9849999999999994,1517.0421426300002,1177.3680583799999,250.74065676,894.78468504,-69.4206,-11.91532608,-0.26477248000000003,26.024040000000003,0.06374143912849695,medium,5,0.01274828782569939,2.450342434860122,good_target
2027,St. Bonaventure,saint bonaventure,A10,188.83563283484642,0.4839680416625098,136_160,136_160,,,20,9.472781556562168,2.4417,137.0,113.914,95.0,111.473,220.0,67.3507,183.0,67.5079,-0.0438,1.4439,-4.6202,17.23,18.23,52.4038,16.79,34.492,29.8583,53.2909,17.1017,29.8358,33.9172,37.7451,50.5132,74.9153,12.9812,0.1082,7.3484,54.7826,30.9717,35.9844,52.8201,0.0944,6.2795,55.8891,40.7113,76.45,-0.02,1.5474,20.52,0.0439,27.5766,33.2664,16.8169,48.0,119.453,48.0,102.813,63.0,67.4356,180.0,68.4756,-0.0119,11.8204,-0.7005,17.23,17.73,52.9955,15.5171,32.0127,35.1467,50.762,16.2899,30.0946,32.7047,34.5406,53.7736,73.7733,10.3419,0.0944,6.5562,54.2776,40.2103,33.3758,50.9554,0.089,6.8676,52.8764,39.9271,78.11,0.89,1.8846,31.08,0.2321,32.0782,32.0179,-14.3752,-5.5390000000000015,8.659999999999997,-0.08489999999999043,1236.61016307,1259.77290858,273.50742099999997,1038.0229431999999,-67.3507,75.62359989,3.77828658,26.024040000000003,0.06374466896108211,medium,5,0.012748933792216421,2.4502132415567157,good_target
2027,New Orleans,new orleans,Slnd,278.6183032970852,0.23731235357943609,161_200,161_200,162.0,,20,9.472781556562168,-2.187,194.0,109.818,158.0,112.005,234.0,69.7879,59.0,69.645,0.0376,0.3192,13.799,17.85,16.63,49.6194,20.4614,35.5675,46.3839,49.0138,14.8496,34.4558,39.5464,31.7742,50.6153,74.3259,10.2226,0.0824,9.3673,52.457,33.714,32.3926,49.2993,0.1109,6.6046,60.3248,40.1874,77.86,0.54,1.5725,30.03,0.1333,24.0342,30.9013,16.8169,48.0,119.453,48.0,102.813,63.0,67.4356,180.0,68.4756,-0.0119,11.8204,-0.7005,17.23,17.73,52.9955,15.5171,32.0127,35.1467,50.762,16.2899,30.0946,32.7047,34.5406,53.7736,73.7733,10.3419,0.0944,6.5562,54.2776,40.2103,33.3758,50.9554,0.089,6.8676,52.8764,39.9271,78.11,0.89,1.8846,31.08,0.2321,32.0782,32.0179,-19.0039,-9.635000000000005,9.191999999999993,2.3522999999999996,1346.1022494000001,1060.48934436,333.31415986,1070.3896855,-69.7879,-73.73251799999998,-3.4390574999999997,26.024040000000003,0.03918085645390163,low,4,0.009795214113475408,2.4327657418439346,good_target
2027,East Tennessee St.,east tennessee state,SC,190.62865725075815,0.4790421504100051,136_160,161_200,,,20,9.472781556562168,0.6002,164.0,109.812,159.0,109.212,171.0,66.1153,251.0,66.5234,-0.0207,-8.0976,-4.4039,18.25,17.78,55.2529,15.1503,28.2587,34.9639,50.9994,18.4134,27.9135,36.3792,34.7059,57.1939,74.7218,11.4504,0.1282,6.6195,50.7991,37.7988,32.8537,52.5627,0.0853,5.594,55.1587,47.6299,76.75,-0.42,1.8037,32.64,0.2024,28.8039,36.631,16.8169,48.0,119.453,48.0,102.813,63.0,67.4356,180.0,68.4756,-0.0119,11.8204,-0.7005,17.23,17.73,52.9955,15.5171,32.0127,35.1467,50.762,16.2899,30.0946,32.7047,34.5406,53.7736,73.7733,10.3419,0.0944,6.5562,54.2776,40.2103,33.3758,50.9554,0.089,6.8676,52.8764,39.9271,78.11,0.89,1.8846,31.08,0.2321,32.0782,32.0179,-16.2167,-9.641000000000005,6.399000000000001,-1.320299999999989,1509.1964674800001,1158.3371772199998,246.79687196999998,850.43427302,-66.1153,22.686839759999998,1.08258074,26.024040000000003,0.06548347714160054,medium,5,0.013096695428320107,2.3806609143359787,good_target
2027,Oregon St.,oregon state,WCC,176.89204072859937,0.5167801078884633,136_160,161_200,51.0,,20,9.472781556562168,-0.8611,179.0,109.167,174.0,110.028,191.0,65.1613,301.0,66.1879,0.0969,2.6949,-2.0785,18.54,17.62,50.4574,17.7139,26.7672,43.1103,50.3366,15.325,32.1244,35.1113,35.0129,48.8205,77.1883,10.7174,0.082,6.9864,61.178,44.2539,32.9177,51.0186,0.1073,7.1216,55.7143,41.5329,78.67,2.61,1.3071,36.89,0.2316,34.64,32.3662,16.8169,48.0,119.453,48.0,102.813,63.0,67.4356,180.0,68.4756,-0.0119,11.8204,-0.7005,17.23,17.73,52.9955,15.5171,32.0127,35.1467,50.762,16.2899,30.0946,32.7047,34.5406,53.7736,73.7733,10.3419,0.0944,6.5562,54.2776,40.2103,33.3758,50.9554,0.089,6.8676,52.8764,39.9271,78.11,0.89,1.8846,31.08,0.2321,32.0782,32.0179,-17.678,-10.286000000000001,7.215000000000003,-2.2742999999999967,1766.92989069,1168.58354782,288.55765961,805.54817712,-65.1613,-38.10703329,-1.12554381,26.024040000000003,0.06549435476678614,medium,5,0.013098870953357229,2.3802258093285547,good_target
2027,Wright St.,wright state,Horz,193.9642321354878,0.4698784831442643,136_160,136_160,,,20,9.472781556562168,2.3566,138.0,112.568,114.0,110.212,197.0,67.2225,191.0,68.8955,0.0029,-3.6119,0.5245,17.98,16.92,54.3332,16.1281,32.8154,37.3638,52.4156,16.654,29.4011,33.2987,36.4188,54.1798,74.7222,11.4286,0.103,6.4425,46.9256,34.1982,34.2857,52.9365,0.0969,6.3548,44.581,34.5455,76.95,-0.84,1.1945,35.95,0.312,27.3556,27.4148,16.8169,48.0,119.453,48.0,102.813,63.0,67.4356,180.0,68.4756,-0.0119,11.8204,-0.7005,17.23,17.73,52.9955,15.5171,32.0127,35.1467,50.762,16.2899,30.0946,32.7047,34.5406,53.7736,73.7733,10.3419,0.0944,6.5562,54.2776,40.2103,33.3758,50.9554,0.089,6.8676,52.8764,39.9271,78.11,0.89,1.8846,31.08,0.2321,32.0782,32.0179,-14.4603,-6.885000000000005,7.399000000000001,-0.21309999999999718,1365.4349512200001,1215.50658504,262.72513619,987.5663368399998,-67.2225,80.59147811999999,2.8149586999999996,26.024040000000003,0.0668071761848708,medium,5,0.013361435236974159,2.327712952605168,good_target
2027,Troy,troy,SB,236.83760405724593,0.3520944943482255,136_160,136_160,,,20,9.472781556562168,1.1564,150.0,110.377,149.0,109.221,173.0,64.855,313.0,66.8304,0.0465,-2.7944,3.7837,18.06,17.66,51.5223,17.2877,34.555,36.168,50.2058,16.704,31.7447,31.3786,33.0286,53.2039,74.1655,9.0372,0.1033,7.409,57.4671,45.9318,31.5789,52.027,0.0988,6.3763,50.0,39.0947,77.39,0.05,1.2802,24.16,0.4433,35.0445,30.1887,16.8169,48.0,119.453,48.0,102.813,63.0,67.4356,180.0,68.4756,-0.0119,11.8204,-0.7005,17.23,17.73,52.9955,15.5171,32.0127,35.1467,50.762,16.2899,30.0946,32.7047,34.5406,53.7736,73.7733,10.3419,0.0944,6.5562,54.2776,40.2103,33.3758,50.9554,0.089,6.8676,52.8764,39.9271,78.11,0.89,1.8846,31.08,0.2321,32.0782,32.0179,-15.6605,-9.076000000000008,6.408000000000001,-2.58059999999999,1833.9235717800002,1102.3559478799998,281.61490423,1039.918903,-64.855,53.11553352000001,1.4804232800000001,26.024040000000003,0.06691171163944637,medium,5,0.013382342327889273,2.323531534422145,good_target
2027,Tulane,tulane,Amer,218.92491194148514,0.40130518697394196,161_200,201_250,108.0,,20,9.472781556562168,-3.3815,210.0,107.937,192.0,111.319,216.0,66.9288,208.0,67.9207,0.1213,0.2351,-4.0922,17.02,18.3,49.3979,15.4282,22.7561,43.5206,50.6897,17.1171,35.8326,38.0902,32.0153,50.5208,76.6798,12.8342,0.1091,6.7099,54.7554,44.9541,34.4692,50.0,0.0872,6.2078,55.8252,40.4775,77.47,-0.82,1.9453,25.33,0.443,32.6681,32.5898,16.8169,48.0,119.453,48.0,102.813,63.0,67.4356,180.0,68.4756,-0.0119,11.8204,-0.7005,17.23,17.73,52.9955,15.5171,32.0127,35.1467,50.762,16.2899,30.0946,32.7047,34.5406,53.7736,73.7733,10.3419,0.0944,6.5562,54.2776,40.2103,33.3758,50.9554,0.089,6.8676,52.8764,39.9271,78.11,0.89,1.8846,31.08,0.2321,32.0782,32.0179,-20.1984,-11.516000000000005,8.506,-0.5067999999999984,1794.88684611,1068.5362497400001,251.32383518,684.83572706,-66.9288,-152.01228915,-6.57803195,26.024040000000003,0.04344021764598741,low,4,0.010860054411496853,2.2623912941605036,good_target
2027,Howard,howard,MEAC,258.1377973072687,0.293577479925086,161_200,161_200,,,20,9.472781556562168,-2.6448,196.0,104.863,259.0,107.508,139.0,69.1019,88.0,69.2481,0.0041,-13.3472,-2.0544,17.29,17.26,50.9159,19.2602,35.7692,43.4459,48.7291,20.7453,31.3964,38.4171,35.8086,49.4303,74.0448,10.0441,0.1188,10.86,60.3073,34.688,31.3758,49.6035,0.084,8.8643,47.8667,34.431,76.22,-1.82,1.3434,26.59,0.0616,27.8086,26.093,16.8169,48.0,119.453,48.0,102.813,63.0,67.4356,180.0,68.4756,-0.0119,11.8204,-0.7005,17.23,17.73,52.9955,15.5171,32.0127,35.1467,50.762,16.2899,30.0946,32.7047,34.5406,53.7736,73.7733,10.3419,0.0944,6.5562,54.2776,40.2103,33.3758,50.9554,0.089,6.8676,52.8764,39.9271,78.11,0.89,1.8846,31.08,0.2321,32.0782,32.0179,-19.4617,-14.590000000000003,4.694999999999993,1.6663000000000068,1384.9912448000002,1195.14067188,313.74673198,1076.45976632,-69.1019,-91.74282240000001,-3.55302432,26.024040000000003,0.04422963923234798,low,4,0.011057409808086996,2.2308144307060807,good_target
2027,Kennesaw St.,kennesaw state,CUSA,215.48203847635818,0.41076363055945553,136_160,136_160,116.0,,20,9.472781556562168,1.1909,149.0,110.688,145.0,109.497,180.0,71.1296,21.0,71.783,0.003,-1.5987,-5.3036,16.16,17.33,50.3618,16.7123,35.2066,45.1163,48.2877,16.0213,31.5834,47.1022,33.4143,50.5396,70.1031,14.5161,0.0937,5.7003,50.8961,42.5323,33.4722,47.1138,0.1101,6.6504,49.8744,37.9347,78.36,0.08,1.2225,36.88,0.3001,32.214,28.8738,16.8169,48.0,119.453,48.0,102.813,63.0,67.4356,180.0,68.4756,-0.0119,11.8204,-0.7005,17.23,17.73,52.9955,15.5171,32.0127,35.1467,50.762,16.2899,30.0946,32.7047,34.5406,53.7736,73.7733,10.3419,0.0944,6.5562,54.2776,40.2103,33.3758,50.9554,0.089,6.8676,52.8764,39.9271,78.11,0.89,1.8846,31.08,0.2321,32.0782,32.0179,-15.626000000000001,-8.765,6.6839999999999975,3.6940000000000026,1698.1913953300002,1115.2289939399998,272.24169577,1059.52854436,-71.1296,50.65171607,1.45587525,26.024040000000003,0.06943261528104498,medium,5,0.013886523056208997,2.2226953887582006,good_target
2027,Indiana St.,indiana state,MVC,192.35366741362952,0.4743031115010178,136_160,201_250,97.0,,20,9.472781556562168,-3.1647,207.0,106.105,227.0,109.269,175.0,68.0812,138.0,68.332,-0.1097,0.7449,-5.6509,17.71,17.31,52.8613,19.5977,26.2231,27.4566,50.2138,14.8655,31.7647,28.7547,31.5857,57.384,67.7895,8.0619,0.0856,8.1737,64.8546,45.2023,31.2597,51.9544,0.1142,6.3095,43.0274,34.3666,76.95,-0.58,0.9062,32.37,0.3462,34.4491,26.7643,16.8169,48.0,119.453,48.0,102.813,63.0,67.4356,180.0,68.4756,-0.0119,11.8204,-0.7005,17.23,17.73,52.9955,15.5171,32.0127,35.1467,50.762,16.2899,30.0946,32.7047,34.5406,53.7736,73.7733,10.3419,0.0944,6.5562,54.2776,40.2103,33.3758,50.9554,0.089,6.8676,52.8764,39.9271,78.11,0.89,1.8846,31.08,0.2321,32.0782,32.0179,-19.9816,-13.347999999999999,6.456000000000003,0.6456000000000017,1804.7967523300001,1054.19800606,319.24457322999996,789.1737052599999,-68.0812,-143.05171880999998,-2.86785114,26.024040000000003,0.06956361754243578,medium,5,0.013912723508487157,2.2174552983025686,good_target
2027,Mercer,mercer,SC,234.4627126163048,0.3586189213837781,161_200,161_200,,,20,9.472781556562168,-1.8508,188.0,111.914,122.0,113.765,268.0,68.9727,92.0,69.4565,-0.0206,-5.5005,3.7028,16.77,17.58,53.105,15.0429,32.613,39.1759,52.5438,16.9791,33.2057,29.7343,35.5556,52.958,73.037,9.1707,0.1023,6.2058,46.1635,39.1759,36.1559,51.3171,0.0884,6.7519,46.5409,42.0577,77.24,-0.17,1.6452,25.81,0.1293,30.9944,35.7871,16.8169,48.0,119.453,48.0,102.813,63.0,67.4356,180.0,68.4756,-0.0119,11.8204,-0.7005,17.23,17.73,52.9955,15.5171,32.0127,35.1467,50.762,16.2899,30.0946,32.7047,34.5406,53.7736,73.7733,10.3419,0.0944,6.5562,54.2776,40.2103,33.3758,50.9554,0.089,6.8676,52.8764,39.9271,78.11,0.89,1.8846,31.08,0.2321,32.0782,32.0179,-18.6677,-7.5390000000000015,10.951999999999998,1.5371000000000095,1564.18007689,1186.69659448,245.04733671,981.4751898,-68.9727,-72.50675572,-3.04493616,26.024040000000003,0.045013639053279576,low,4,0.011253409763319894,2.199454437868817,good_target
2027,Queens,queens,ASun,234.65378067723614,0.3580940091284721,161_200,161_200,,,20,9.472781556562168,-1.7686,186.0,115.788,78.0,117.556,327.0,69.6773,63.0,70.6256,0.0732,-5.1015,5.5072,15.99,17.98,56.4352,14.7537,30.2265,35.4055,54.5958,15.1256,33.5593,38.1136,35.6994,58.9464,74.8971,7.9491,0.0843,5.7444,54.894,46.5274,36.4634,54.531,0.0901,6.6949,48.2234,39.461,78.32,0.67,1.3125,31.71,0.3661,35.7491,31.4958,16.8169,48.0,119.453,48.0,102.813,63.0,67.4356,180.0,68.4756,-0.0119,11.8204,-0.7005,17.23,17.73,52.9955,15.5171,32.0127,35.1467,50.762,16.2899,30.0946,32.7047,34.5406,53.7736,73.7733,10.3419,0.0944,6.5562,54.2776,40.2103,33.3758,50.9554,0.089,6.8676,52.8764,39.9271,78.11,0.89,1.8846,31.08,0.2321,32.0782,32.0179,-18.5855,-3.6650000000000063,14.742999999999995,2.2417000000000087,1857.7041525400002,1191.4960345199997,240.33629763,909.6544269000001,-69.6773,-82.28835964,-2.3212875,26.024040000000003,0.045921329828919326,low,4,0.011480332457229831,2.163146806843227,good_target
2027,Missouri St.,missouri state,CUSA,225.79782885811503,0.38242354709309057,161_200,201_250,,,20,9.472781556562168,-2.9488,204.0,109.169,173.0,112.118,237.0,65.5168,284.0,66.3373,-0.0428,-1.7009,-1.329,18.04,18.07,51.075,16.7076,31.9626,43.7536,52.0497,16.9469,32.0513,40.2425,32.9577,52.2255,67.3307,8.4532,0.0996,7.133,56.5617,41.2551,34.3548,52.3381,0.0957,6.9894,49.8113,35.7968,77.23,-0.59,0.8057,25.43,0.283,30.9934,27.7344,16.8169,48.0,119.453,48.0,102.813,63.0,67.4356,180.0,68.4756,-0.0119,11.8204,-0.7005,17.23,17.73,52.9955,15.5171,32.0127,35.1467,50.762,16.2899,30.0946,32.7047,34.5406,53.7736,73.7733,10.3419,0.0944,6.5562,54.2776,40.2103,33.3758,50.9554,0.089,6.8676,52.8764,39.9271,78.11,0.89,1.8846,31.08,0.2321,32.0782,32.0179,-19.7657,-10.284000000000006,9.304999999999993,-1.9187999999999903,1647.1965032100002,1099.98960366,272.16513324,961.90166196,-65.5168,-121.65303888,-2.37584816,26.024040000000003,0.04674660569771841,low,4,0.011686651424429602,2.130135772091264,good_target
2027,Utah Tech,dixie state,WAC,262.9321727079205,0.2804061189342843,161_200,161_200,,,20,9.472781556562168,-1.9725,189.0,110.949,141.0,112.921,252.0,66.3523,241.0,68.0793,0.0993,0.3707,3.2621,17.18,18.17,53.2796,17.6299,28.1159,30.6281,50.8689,16.8915,34.4796,33.0174,35.0291,53.7354,72.5953,7.5381,0.0988,7.4766,53.222,38.2435,30.6748,53.4082,0.1015,7.015,48.4988,34.3339,78.37,-0.5,1.0571,23.03,0.1296,31.2041,25.1362,16.8169,48.0,119.453,48.0,102.813,63.0,67.4356,180.0,68.4756,-0.0119,11.8204,-0.7005,17.23,17.73,52.9955,15.5171,32.0127,35.1467,50.762,16.2899,30.0946,32.7047,34.5406,53.7736,73.7733,10.3419,0.0944,6.5562,54.2776,40.2103,33.3758,50.9554,0.089,6.8676,52.8764,39.9271,78.11,0.89,1.8846,31.08,0.2321,32.0782,32.0179,-18.7894,-8.504000000000005,10.108000000000004,-1.0832999999999942,1526.95204885,1169.12423578,287.18930801,846.13676414,-66.3523,-75.43530374999999,-2.0851297499999997,26.024040000000003,0.04680176610333114,low,4,0.011700441525832784,2.1279293558667547,good_target
2027,Massachusetts,massachusetts,MAC,229.34675576582995,0.37267374789607155,161_200,161_200,142.0,,20,9.472781556562168,-2.7259,198.0,108.743,181.0,111.469,219.0,69.9994,48.0,71.167,-0.0449,-4.0316,-6.9381,16.76,17.25,53.0753,17.8413,33.3039,37.0067,52.8783,16.8095,26.1395,44.5724,35.2174,53.2117,67.313,6.6986,0.0907,7.6094,58.4245,35.3665,32.991,55.4067,0.1023,7.7384,58.6124,42.7083,76.78,0.09,1.9724,28.82,0.2447,28.51,30.571,16.8169,48.0,119.453,48.0,102.813,63.0,67.4356,180.0,68.4756,-0.0119,11.8204,-0.7005,17.23,17.73,52.9955,15.5171,32.0127,35.1467,50.762,16.2899,30.0946,32.7047,34.5406,53.7736,73.7733,10.3419,0.0944,6.5562,54.2776,40.2103,33.3758,50.9554,0.089,6.8676,52.8764,39.9271,78.11,0.89,1.8846,31.08,0.2321,32.0782,32.0179,-19.5428,-10.710000000000008,8.655999999999992,2.5638000000000005,1412.0817821500002,1175.40889892,290.63299287,1002.26754894,-69.9994,-96.40554235000002,-5.37656516,26.024040000000003,0.04681143721559153,low,4,0.011702859303897882,2.1275425113763387,good_target
2027,James Madison,james madison,SB,226.98014836156403,0.3791754165891098,161_200,201_250,113.0,,20,9.472781556562168,-3.9772,215.0,109.185,172.0,113.162,255.0,66.0493,256.0,67.0184,0.0173,-5.1889,-3.055,18.51,17.17,53.137,17.3023,30.629,35.9384,48.9299,12.7223,29.4915,40.7705,35.3627,53.2057,70.291,11.0727,0.0759,7.8647,48.1303,42.4876,32.6788,48.8754,0.0944,5.1352,45.4887,38.1487,77.3,-0.39,1.73,33.3,0.1497,34.2678,29.3574,16.8169,48.0,119.453,48.0,102.813,63.0,67.4356,180.0,68.4756,-0.0119,11.8204,-0.7005,17.23,17.73,52.9955,15.5171,32.0127,35.1467,50.762,16.2899,30.0946,32.7047,34.5406,53.7736,73.7733,10.3419,0.0944,6.5562,54.2776,40.2103,33.3758,50.9554,0.089,6.8676,52.8764,39.9271,78.11,0.89,1.8846,31.08,0.2321,32.0782,32.0179,-20.7941,-10.268,10.349000000000004,-1.3862999999999914,1696.40665396,1180.2584026599998,281.85273677,921.7675034,-66.0493,-168.98168272,-6.8805559999999995,26.024040000000003,0.04772700066582942,low,4,0.011931750166457354,2.090919973366823,good_target
2027,FIU,fiu,CUSA,219.64513687549825,0.3993265470453344,161_200,161_200,,,20,9.472781556562168,-2.0624,192.0,107.564,204.0,109.626,185.0,71.6203,14.0,71.4631,-0.0512,-1.4048,-0.4113,15.6,18.0,50.5675,17.7237,33.9252,38.5925,52.8539,20.0106,34.8197,35.9018,34.662,49.8734,69.4118,13.2154,0.1215,6.6226,49.6839,32.7469,36.1568,51.717,0.111,7.8613,62.1967,45.1484,76.97,0.6,1.3595,31.97,0.0908,26.6193,37.4182,16.8169,48.0,119.453,48.0,102.813,63.0,67.4356,180.0,68.4756,-0.0119,11.8204,-0.7005,17.23,17.73,52.9955,15.5171,32.0127,35.1467,50.762,16.2899,30.0946,32.7047,34.5406,53.7736,73.7733,10.3419,0.0944,6.5562,54.2776,40.2103,33.3758,50.9554,0.089,6.8676,52.8764,39.9271,78.11,0.89,1.8846,31.08,0.2321,32.0782,32.0179,-18.8793,-11.88900000000001,6.813000000000002,4.1847000000000065,1307.48875099,1156.8719795999998,288.71730063,1020.96532392,-71.6203,-67.53720655999999,-2.8038327999999995,26.024040000000003,0.04791645700521321,low,4,0.011979114251303302,2.0833417197914716,good_target
2027,South Dakota St.,south dakota state,Sum,207.66656546990356,0.4322347102475177,161_200,201_250,,,20,9.472781556562168,-4.6504,221.0,107.983,191.0,112.634,248.0,66.8181,214.0,67.9108,-0.1169,-3.6826,2.0611,17.49,17.75,52.0058,16.1342,30.3448,29.7093,51.8253,14.5158,25.1,34.4704,33.982,52.6616,72.0157,7.1186,0.0809,6.6257,51.3444,38.8372,34.0967,52.4294,0.0951,6.4234,52.7322,47.0377,76.82,0.22,1.4641,23.55,0.5434,31.5716,37.205,16.8169,48.0,119.453,48.0,102.813,63.0,67.4356,180.0,68.4756,-0.0119,11.8204,-0.7005,17.23,17.73,52.9955,15.5171,32.0127,35.1467,50.762,16.2899,30.0946,32.7047,34.5406,53.7736,73.7733,10.3419,0.0944,6.5562,54.2776,40.2103,33.3758,50.9554,0.089,6.8676,52.8764,39.9271,78.11,0.89,1.8846,31.08,0.2321,32.0782,32.0179,-21.4673,-11.469999999999999,9.820999999999998,-0.6174999999999926,1550.6567681200002,1134.1764355999999,262.82450458,913.2146180799999,-66.8181,-180.60851488000003,-6.808650640000001,26.024040000000003,0.048143161958072375,low,4,0.012035790489518094,2.074273521677105,good_target
2027,Oakland,oakland,Horz,227.6493239941458,0.377337021994105,161_200,161_200,,,20,9.472781556562168,0.253,168.0,115.362,81.0,115.109,293.0,69.8772,53.0,71.1149,0.016,-0.3334,17.0187,17.0,16.86,52.7027,14.6968,31.29,38.1028,54.71,15.0597,34.4029,24.591,34.7352,53.012,75.1043,9.7872,0.1012,7.0762,54.8131,34.0223,34.323,57.0213,0.0762,4.9443,66.3191,41.7452,77.13,-0.69,1.1989,27.03,0.1981,26.4531,33.7748,16.8169,48.0,119.453,48.0,102.813,63.0,67.4356,180.0,68.4756,-0.0119,11.8204,-0.7005,17.23,17.73,52.9955,15.5171,32.0127,35.1467,50.762,16.2899,30.0946,32.7047,34.5406,53.7736,73.7733,10.3419,0.0944,6.5562,54.2776,40.2103,33.3758,50.9554,0.089,6.8676,52.8764,39.9271,78.11,0.89,1.8846,31.08,0.2321,32.0782,32.0179,-16.5639,-4.091000000000008,12.295999999999992,2.441600000000008,1358.41177433,1159.31508816,239.40940232,941.660034,-69.8772,8.6076419,0.3033217,26.024040000000003,0.04863392599565675,low,4,0.012158481498914188,2.05464296017373,good_target
2027,Siena,siena,MAAC,285.8200542093772,0.21752732360061214,161_200,161_200,,,20,9.472781556562168,-1.0419,180.0,107.815,195.0,108.857,162.0,64.6796,320.0,64.2377,-0.0041,-8.8236,-7.9678,19.21,18.18,50.3852,15.8289,31.8182,33.3847,48.501,16.9817,29.4904,27.4898,30.622,52.5,77.0769,9.0604,0.0896,5.6754,53.2203,32.2034,32.3454,48.4899,0.1015,8.0253,48.2509,39.4309,76.77,-0.34,1.1694,24.17,0.4785,23.3861,32.6823,16.8169,48.0,119.453,48.0,102.813,63.0,67.4356,180.0,68.4756,-0.0119,11.8204,-0.7005,17.23,17.73,52.9955,15.5171,32.0127,35.1467,50.762,16.2899,30.0946,32.7047,34.5406,53.7736,73.7733,10.3419,0.0944,6.5562,54.2776,40.2103,33.3758,50.9554,0.089,6.8676,52.8764,39.9271,78.11,0.89,1.8846,31.08,0.2321,32.0782,32.0179,-17.858800000000002,-11.638000000000005,6.043999999999997,-2.7560000000000002,1285.78837214,1022.0337476,257.85119811,957.55600172,-64.6796,-33.552722460000005,-1.21839786,26.024040000000003,0.04983163195090407,low,4,0.012457907987726018,2.006734721963837,good_target
2027,South Alabama,south alabama,SB,221.443473725368,0.3943860611940439,161_200,161_200,,,20,9.472781556562168,-2.8318,199.0,107.238,211.0,110.07,193.0,64.6684,321.0,65.6781,0.053,-5.5539,-5.4469,17.74,18.5,52.6149,12.9375,24.9761,38.5057,50.0806,18.0837,31.3243,25.3627,34.4882,53.1222,65.5224,10.3187,0.1174,4.6171,45.9057,36.4943,33.1115,50.8346,0.0832,6.3485,71.0778,64.5889,77.21,-0.9,1.0284,26.86,0.2578,28.9427,54.0271,16.8169,48.0,119.453,48.0,102.813,63.0,67.4356,180.0,68.4756,-0.0119,11.8204,-0.7005,17.23,17.73,52.9955,15.5171,32.0127,35.1467,50.762,16.2899,30.0946,32.7047,34.5406,53.7736,73.7733,10.3419,0.0944,6.5562,54.2776,40.2103,33.3758,50.9554,0.089,6.8676,52.8764,39.9271,78.11,0.89,1.8846,31.08,0.2321,32.0782,32.0179,-19.6487,-12.215000000000003,7.256999999999991,-2.7671999999999883,1457.1115655300002,1151.0712655599998,210.75058124999998,751.64573906,-64.6684,-103.34455874,-2.9122231199999997,26.024040000000003,0.05000015352228488,medium,4,0.01250003838057122,1.9999938591086046,good_target
2027,Louisiana Tech,louisiana tech,CUSA,204.57593363212803,0.44072545705459326,161_200,161_200,98.0,,20,9.472781556562168,-2.6909,197.0,103.138,287.0,105.829,105.0,64.3309,332.0,64.6941,0.0502,-3.0304,-7.3412,18.52,18.54,47.4373,18.226,36.2745,33.1476,48.7097,17.9305,31.5018,36.3636,28.5476,49.7492,67.2269,15.656,0.1039,8.2264,48.0418,33.3705,33.9599,46.7475,0.1,7.5367,55.5396,46.8035,77.96,0.4,0.9035,33.12,0.2271,24.3937,38.6959,16.8169,48.0,119.453,48.0,102.813,63.0,67.4356,180.0,68.4756,-0.0119,11.8204,-0.7005,17.23,17.73,52.9955,15.5171,32.0127,35.1467,50.762,16.2899,30.0946,32.7047,34.5406,53.7736,73.7733,10.3419,0.0944,6.5562,54.2776,40.2103,33.3758,50.9554,0.089,6.8676,52.8764,39.9271,78.11,0.89,1.8846,31.08,0.2321,32.0782,32.0179,-19.5078,-16.314999999999998,3.015999999999991,-3.104699999999994,1332.38729055,952.79898808,296.8997174,1091.6665677,-64.3309,-89.79667845,-2.43122815,26.024040000000003,0.05166210914741705,medium,4,0.012915527286854262,1.9335156341033182,good_target
2027,Columbia,columbia,Ivy,230.5816616699321,0.36928114925842837,161_200,161_200,,,20,9.472781556562168,-2.0918,193.0,108.558,182.0,110.65,205.0,66.771,217.0,67.129,0.0122,-3.871,-5.7642,18.73,16.83,53.6275,19.5205,35.9818,28.5621,51.1659,15.0376,27.2222,33.511,36.0627,53.3473,70.2517,7.8044,0.0846,9.4198,53.5565,37.5163,35.1852,50.2601,0.101,6.5825,57.9495,35.976,77.73,0.48,1.6526,32.19,0.4377,31.8789,29.8117,16.8169,48.0,119.453,48.0,102.813,63.0,67.4356,180.0,68.4756,-0.0119,11.8204,-0.7005,17.23,17.73,52.9955,15.5171,32.0127,35.1467,50.762,16.2899,30.0946,32.7047,34.5406,53.7736,73.7733,10.3419,0.0944,6.5562,54.2776,40.2103,33.3758,50.9554,0.089,6.8676,52.8764,39.9271,78.11,0.89,1.8846,31.08,0.2321,32.0782,32.0179,-18.9087,-10.894999999999996,7.837000000000003,-0.664599999999993,1497.9170617300001,1203.62146266,317.98699294999994,1082.85787828,-66.771,-78.47659634,-3.45690868,26.024040000000003,0.05178771357764222,medium,4,0.012946928394410554,1.9284914568943115,good_target
2027,Monmouth,monmouth,CAA,245.80675377936564,0.3274539731336109,161_200,161_200,,,20,9.472781556562168,-1.0631,181.0,106.108,225.0,107.171,130.0,67.1453,196.0,67.1949,0.0132,-2.9478,-3.9834,17.6,17.86,49.6092,16.5978,31.2014,32.7254,50.0527,19.8995,32.7556,32.2257,34.2424,48.6894,75.0,11.8803,0.1124,7.4958,53.8737,34.3929,33.8843,49.5727,0.091,8.6558,50.8475,38.2911,78.22,0.64,1.8327,25.61,0.4377,28.5474,31.525,16.8169,48.0,119.453,48.0,102.813,63.0,67.4356,180.0,68.4756,-0.0119,11.8204,-0.7005,17.23,17.73,52.9955,15.5171,32.0127,35.1467,50.762,16.2899,30.0946,32.7047,34.5406,53.7736,73.7733,10.3419,0.0944,6.5562,54.2776,40.2103,33.3758,50.9554,0.089,6.8676,52.8764,39.9271,78.11,0.89,1.8846,31.08,0.2321,32.0782,32.0179,-17.88,-13.344999999999999,4.358000000000004,-0.2902999999999878,1373.20875759,1142.86749392,270.37650221999996,938.99365244,-67.1453,-36.56309199,-1.94834337,26.024040000000003,0.052266734920783695,medium,4,0.013066683730195924,1.909330603168652,good_target
2027,CSUN,cal state northridge,BW,245.6697639818804,0.32783031873109775,161_200,161_200,,,20,9.472781556562168,-0.6825,178.0,108.889,179.0,109.572,183.0,73.6035,2.0,75.3302,0.0777,-0.5026,0.5057,15.24,16.82,51.2634,17.522,31.9184,34.208,51.6402,16.4476,26.6667,34.3439,32.4168,52.5969,66.7614,8.7041,0.0872,6.7774,56.6278,33.5763,34.3558,51.7408,0.1074,7.7279,57.8645,48.6083,77.02,-1.6,1.8016,26.9,0.2354,26.0465,38.7394,16.8169,48.0,119.453,48.0,102.813,63.0,67.4356,180.0,68.4756,-0.0119,11.8204,-0.7005,17.23,17.73,52.9955,15.5171,32.0127,35.1467,50.762,16.2899,30.0946,32.7047,34.5406,53.7736,73.7733,10.3419,0.0944,6.5562,54.2776,40.2103,33.3758,50.9554,0.089,6.8676,52.8764,39.9271,78.11,0.89,1.8846,31.08,0.2321,32.0782,32.0179,-17.4994,-10.564000000000007,6.759,6.167900000000003,1340.6042877300001,1081.93663344,285.43162779999994,960.5714806399999,-73.6035,-22.915824750000002,-1.229592,26.024040000000003,0.05572125013075639,medium,4,0.013930312532689098,1.7711499947697442,good_target
2027,Eastern Washington,eastern washington,BSky,211.66236453218116,0.4212572402962056,161_200,161_200,,,20,9.472781556562168,-0.2358,171.0,113.107,106.0,113.342,259.0,67.7058,166.0,68.9305,-0.0606,0.3836,7.2797,17.22,17.65,53.7277,17.682,31.2682,36.0886,54.9073,16.1972,30.83,37.2955,35.9254,53.6424,74.2515,9.7496,0.0846,7.0638,49.033,34.738,35.1955,56.2612,0.1062,7.7387,49.1487,39.0403,76.7,0.22,1.1936,33.84,0.2131,27.8873,29.846,16.8169,48.0,119.453,48.0,102.813,63.0,67.4356,180.0,68.4756,-0.0119,11.8204,-0.7005,17.23,17.73,52.9955,15.5171,32.0127,35.1467,50.762,16.2899,30.0946,32.7047,34.5406,53.7736,73.7733,10.3419,0.0944,6.5562,54.2776,40.2103,33.3758,50.9554,0.089,6.8676,52.8764,39.9271,78.11,0.89,1.8846,31.08,0.2321,32.0782,32.0179,-17.0527,-6.346000000000004,10.528999999999996,0.27020000000000266,1386.9875998,1199.03896532,288.0380118,941.00397172,-67.7058,-8.1912204,-0.28145088,26.024040000000003,0.05592921397679261,medium,4,0.013982303494198153,1.7628314409282955,good_target
2027,Jacksonville St.,jacksonville state,CUSA,208.41727395597098,0.430172324296783,161_200,201_250,,,20,9.472781556562168,-3.2,208.0,105.32,249.0,108.52,152.0,65.3955,288.0,65.7659,-0.0569,-2.9923,-6.5927,18.73,17.65,49.7139,17.0041,29.8298,43.1024,49.6236,16.2241,28.0364,38.7077,35.6667,47.3792,68.4366,9.4506,0.0879,8.0081,49.6296,38.1437,33.3333,49.3407,0.09,7.4361,51.2555,42.9109,77.2,-0.05,1.3898,28.94,0.1034,31.6568,33.4148,16.8169,48.0,119.453,48.0,102.813,63.0,67.4356,180.0,68.4756,-0.0119,11.8204,-0.7005,17.23,17.73,52.9955,15.5171,32.0127,35.1467,50.762,16.2899,30.0946,32.7047,34.5406,53.7736,73.7733,10.3419,0.0944,6.5562,54.2776,40.2103,33.3758,50.9554,0.089,6.8676,52.8764,39.9271,78.11,0.89,1.8846,31.08,0.2321,32.0782,32.0179,-20.0169,-14.13300000000001,5.706999999999994,-2.0400999999999954,1522.9673242700003,1190.4046458599998,276.99508859,897.71589908,-65.3955,-122.05984000000001,-4.44736,26.024040000000003,0.05679213643359275,medium,4,0.014198034108398188,1.7283145426562898,good_target
2027,Merrimack,merrimack,MAAC,246.64866724180254,0.32514102406098194,161_200,161_200,,,20,9.472781556562168,-0.6284,177.0,106.698,218.0,107.327,136.0,63.4983,348.0,63.7594,0.1149,-5.8089,2.8769,18.48,19.08,49.1189,14.8426,24.8425,38.1608,46.6898,20.3686,39.8968,37.1062,32.736,49.1318,78.7879,13.8669,0.1274,7.6268,56.0265,46.0903,30.2782,47.3059,0.0722,7.6268,56.9054,32.6215,76.43,-1.76,1.1385,13.43,0.0847,35.279,24.5575,16.8169,48.0,119.453,48.0,102.813,63.0,67.4356,180.0,68.4756,-0.0119,11.8204,-0.7005,17.23,17.73,52.9955,15.5171,32.0127,35.1467,50.762,16.2899,30.0946,32.7047,34.5406,53.7736,73.7733,10.3419,0.0944,6.5562,54.2776,40.2103,33.3758,50.9554,0.089,6.8676,52.8764,39.9271,78.11,0.89,1.8846,31.08,0.2321,32.0782,32.0179,-17.4453,-12.75500000000001,4.513999999999996,-3.9372999999999934,1840.25201713,1092.5901887999999,241.78446973999996,747.6251005,-63.4983,-28.963144519999997,-0.7154334,26.024040000000003,0.05743262347660292,medium,4,0.01435815586915073,1.7026950609358833,good_target
2027,Appalachian St.,appalachian state,SB,237.75739814155858,0.34956758752319067,161_200,161_200,133.0,,20,9.472781556562168,-2.3113,195.0,105.962,232.0,108.273,146.0,63.0495,358.0,64.0742,0.0151,-5.7475,-3.3652,19.58,17.76,49.9098,15.28,32.1023,39.1461,47.5391,13.9851,28.9855,31.2102,30.4063,53.5556,64.5161,10.1779,0.072,7.5623,47.7591,45.8809,32.1678,47.0356,0.0772,6.7854,50.8499,41.4013,76.66,-0.16,2.0245,26.84,0.2243,33.4615,34.1078,16.8169,48.0,119.453,48.0,102.813,63.0,67.4356,180.0,68.4756,-0.0119,11.8204,-0.7005,17.23,17.73,52.9955,15.5171,32.0127,35.1467,50.762,16.2899,30.0946,32.7047,34.5406,53.7736,73.7733,10.3419,0.0944,6.5562,54.2776,40.2103,33.3758,50.9554,0.089,6.8676,52.8764,39.9271,78.11,0.89,1.8846,31.08,0.2321,32.0782,32.0179,-19.1282,-13.491,5.459999999999994,-4.386099999999992,1831.89128239,1014.83458754,248.90967199999997,966.10587758,-63.0495,-106.04452417,-4.679226850000001,26.024040000000003,0.05789524277134604,medium,4,0.01447381069283651,1.6841902891461582,good_target
2027,Charlotte,charlotte,Amer,215.56711545945944,0.41052990258390265,161_200,161_200,,,20,9.472781556562168,-1.1552,182.0,113.361,104.0,114.516,285.0,63.4449,349.0,64.3769,0.024,0.6191,-1.1013,19.07,18.14,53.3333,18.0867,33.9535,36.4187,50.9124,13.5997,32.548,36.1835,35.1942,53.7841,71.5582,9.9297,0.0694,8.1413,51.6403,45.3994,33.4615,51.406,0.0995,6.6611,51.0638,40.6674,78.9,2.31,1.115,42.28,0.0848,36.1146,31.9461,16.8169,48.0,119.453,48.0,102.813,63.0,67.4356,180.0,68.4756,-0.0119,11.8204,-0.7005,17.23,17.73,52.9955,15.5171,32.0127,35.1467,50.762,16.2899,30.0946,32.7047,34.5406,53.7736,73.7733,10.3419,0.0944,6.5562,54.2776,40.2103,33.3758,50.9554,0.089,6.8676,52.8764,39.9271,78.11,0.89,1.8846,31.08,0.2321,32.0782,32.0179,-17.9721,-6.091999999999999,11.703000000000003,-3.990699999999997,1812.6663837400001,1174.63458036,294.63053433,1021.8170011,-63.4449,-52.44538688,-1.288048,26.024040000000003,0.05885853284194567,medium,4,0.014714633210486418,1.6456586863221734,good_target
2027,Charleston,charleston,CAA,209.4263011351668,0.4274002716066846,161_200,161_200,,,20,9.472781556562168,-0.3391,174.0,108.076,187.0,108.415,147.0,67.6853,168.0,68.2796,0.1048,-2.4708,-1.8047,17.45,17.68,50.5349,15.7923,29.9256,41.2162,49.2359,14.7145,32.3408,26.0825,30.5761,53.4122,73.6339,12.9295,0.082,6.5137,52.6448,38.1194,32.5554,49.5479,0.0928,6.5137,53.2044,43.6577,78.26,1.53,1.6617,35.67,0.0244,26.6067,36.5502,16.8169,48.0,119.453,48.0,102.813,63.0,67.4356,180.0,68.4756,-0.0119,11.8204,-0.7005,17.23,17.73,52.9955,15.5171,32.0127,35.1467,50.762,16.2899,30.0946,32.7047,34.5406,53.7736,73.7733,10.3419,0.0944,6.5562,54.2776,40.2103,33.3758,50.9554,0.089,6.8676,52.8764,39.9271,78.11,0.89,1.8846,31.08,0.2321,32.0782,32.0179,-17.156,-11.37700000000001,5.602000000000004,0.24970000000000425,1521.99709574,1020.50179838,257.25498776999996,900.59896176,-67.6853,-12.92628854,-0.56348247,26.024040000000003,0.060576082132296996,medium,4,0.015144020533074249,1.5769567147081203,good_target
2027,UMBC,umbc,AE,267.08802282291265,0.2689889482887015,161_200,161_200,144.0,,20,9.472781556562168,-1.817,187.0,108.927,176.0,110.744,208.0,66.3578,240.0,66.52,0.0285,-14.6218,-7.1438,17.31,18.63,54.1166,14.0508,24.8988,34.0766,49.3716,15.0613,25.8993,25.6831,36.0825,54.1121,76.0067,6.4855,0.0727,6.2074,44.7816,38.8222,32.656,49.6056,0.0784,7.7953,42.9836,37.6503,77.15,-0.36,1.1672,29.29,0.268,31.3299,31.7647,16.8169,48.0,119.453,48.0,102.813,63.0,67.4356,180.0,68.4756,-0.0119,11.8204,-0.7005,17.23,17.73,52.9955,15.5171,32.0127,35.1467,50.762,16.2899,30.0946,32.7047,34.5406,53.7736,73.7733,10.3419,0.0944,6.5562,54.2776,40.2103,33.3758,50.9554,0.089,6.8676,52.8764,39.9271,78.11,0.89,1.8846,31.08,0.2321,32.0782,32.0179,-18.6339,-10.525999999999996,7.930999999999997,-1.0777999999999963,1550.0578616200003,1204.2823035000001,228.88612692,749.3194264800001,-66.3578,-70.5399374,-2.1208024,26.024040000000003,0.06161376636139843,medium,4,0.015403441590349608,1.5354493455440625,good_target
2027,Northern Kentucky,northern kentucky,Horz,252.83181805482727,0.3081543460032218,161_200,161_200,,,20,9.472781556562168,-0.524,176.0,109.64,162.0,110.164,195.0,70.2508,35.0,70.8828,-0.0219,-4.5758,-4.437,15.84,18.23,53.2173,16.2972,32.2351,35.865,54.2382,18.5996,31.6406,37.2299,33.6075,55.5024,72.0588,9.8478,0.1169,7.494,55.5427,44.884,36.6279,53.8048,0.088,6.9071,52.6377,38.1163,76.78,-1.46,1.2203,23.06,0.2039,34.2105,30.9963,16.8169,48.0,119.453,48.0,102.813,63.0,67.4356,180.0,68.4756,-0.0119,11.8204,-0.7005,17.23,17.73,52.9955,15.5171,32.0127,35.1467,50.762,16.2899,30.0946,32.7047,34.5406,53.7736,73.7733,10.3419,0.0944,6.5562,54.2776,40.2103,33.3758,50.9554,0.089,6.8676,52.8764,39.9271,78.11,0.89,1.8846,31.08,0.2321,32.0782,32.0179,-17.3409,-9.813000000000002,7.350999999999999,2.8152000000000044,1792.0879564000002,1121.6771985,265.47975828,970.10244046,-70.2508,-23.519216,-0.6394372,26.024040000000003,0.06239842380750417,medium,4,0.015599605951876042,1.5040630476998333,good_target
2027,Cornell,cornell,Ivy,215.35370854536188,0.4111161853149399,161_200,161_200,,,20,9.472781556562168,0.323,166.0,119.89,46.0,119.567,343.0,71.2814,19.0,71.2681,-0.0317,-1.8253,-1.0245,15.2,18.54,58.5,15.9781,30.193,30.25,55.8842,15.0696,30.6652,37.1932,38.2567,59.6899,73.9669,7.3395,0.0802,6.8401,66.581,51.625,37.5,55.6575,0.0914,7.0539,56.7183,38.2631,75.7,-2.96,1.389,38.38,0.5118,42.5112,31.0909,16.8169,48.0,119.453,48.0,102.813,63.0,67.4356,180.0,68.4756,-0.0119,11.8204,-0.7005,17.23,17.73,52.9955,15.5171,32.0127,35.1467,50.762,16.2899,30.0946,32.7047,34.5406,53.7736,73.7733,10.3419,0.0944,6.5562,54.2776,40.2103,33.3758,50.9554,0.089,6.8676,52.8764,39.9271,78.11,0.89,1.8846,31.08,0.2321,32.0782,32.0179,-16.4939,0.4369999999999976,16.75399999999999,3.845800000000011,2061.2365375,1276.84796786,260.28165119,908.6462578000001,-71.2814,16.674875,0.448647,26.024040000000003,0.06426304276088117,medium,4,0.016065760690220292,1.429478289564753,good_target
2027,New Mexico St.,new mexico state,CUSA,219.53556329447878,0.39962757336681654,161_200,161_200,134.0,,20,9.472781556562168,-1.367,183.0,108.973,175.0,110.34,199.0,66.9682,205.0,67.2645,-0.0612,-1.3684,0.61,17.82,17.75,48.5673,15.0265,32.5301,34.8424,48.7001,14.6723,30.3146,44.1959,32.4444,48.5047,73.5197,8.9598,0.083,6.0713,49.187,38.6819,32.3572,48.8157,0.0896,6.3749,47.7698,41.2938,76.72,-0.55,1.5749,37.96,0.0855,30.6723,30.9813,16.8169,48.0,119.453,48.0,102.813,63.0,67.4356,180.0,68.4756,-0.0119,11.8204,-0.7005,17.23,17.73,52.9955,15.5171,32.0127,35.1467,50.762,16.2899,30.0946,32.7047,34.5406,53.7736,73.7733,10.3419,0.0944,6.5562,54.2776,40.2103,33.3758,50.9554,0.089,6.8676,52.8764,39.9271,78.11,0.89,1.8846,31.08,0.2321,32.0782,32.0179,-18.1839,-10.480000000000004,7.527000000000001,-0.4673999999999978,1544.45608949,1082.85780552,244.78018235,978.98034746,-66.9682,-52.8781573,-2.1528883,26.024040000000003,0.0647216729953197,medium,4,0.016180418248829924,1.411133080187212,good_target
2027,Montana,montana,BSky,214.0063448251882,0.4148177339967357,161_200,161_200,,,20,9.472781556562168,-2.0088,190.0,106.738,217.0,108.747,160.0,69.6544,65.0,71.0563,0.0469,-0.6378,4.8381,17.09,16.66,55.8297,19.562,20.6858,36.7674,50.5356,14.3079,29.6164,32.6192,36.5782,56.5217,77.349,6.223,0.0765,8.2564,55.0576,41.826,32.2535,51.8583,0.1131,6.6614,48.2509,38.0289,77.34,-1.07,1.012,28.17,0.2717,32.7609,29.523,16.8169,48.0,119.453,48.0,102.813,63.0,67.4356,180.0,68.4756,-0.0119,11.8204,-0.7005,17.23,17.73,52.9955,15.5171,32.0127,35.1467,50.762,16.2899,30.0946,32.7047,34.5406,53.7736,73.7733,10.3419,0.0944,6.5562,54.2776,40.2103,33.3758,50.9554,0.089,6.8676,52.8764,39.9271,78.11,0.89,1.8846,31.08,0.2321,32.0782,32.0179,-18.8257,-12.715000000000003,5.9339999999999975,2.2188000000000017,1669.9908846,1220.82668756,318.6630238,622.53087668,-69.6544,-84.0200688,-2.0329056,26.024040000000003,0.0681254148302352,medium,4,0.0170313537075588,1.274983406790592,good_target
2027,Furman,furman,SC,203.74827218796764,0.44299925223085806,161_200,161_200,,,20,9.472781556562168,-1.4183,184.0,108.17,185.0,109.589,184.0,66.0287,257.0,66.4578,0.0063,-5.6642,-0.8654,18.21,17.71,54.779,17.8105,30.4554,32.7072,50.2082,13.6718,28.1942,28.8912,33.4126,58.8235,70.1013,9.3023,0.0651,6.5104,56.0517,46.4641,32.254,51.5206,0.113,7.1614,47.6647,41.8011,79.18,1.06,1.1721,32.95,0.4613,35.1543,33.5058,16.8169,48.0,119.453,48.0,102.813,63.0,67.4356,180.0,68.4756,-0.0119,11.8204,-0.7005,17.23,17.73,52.9955,15.5171,32.0127,35.1467,50.762,16.2899,30.0946,32.7047,34.5406,53.7736,73.7733,10.3419,0.0944,6.5562,54.2776,40.2103,33.3758,50.9554,0.089,6.8676,52.8764,39.9271,78.11,0.89,1.8846,31.08,0.2321,32.0782,32.0179,-18.2352,-11.283000000000001,6.775999999999996,-1.4068999999999932,1855.1767671100001,1115.1722550799998,290.13126395,916.54308084,-66.0287,-65.90003303,-1.6623894299999997,26.024040000000003,0.06828902296533579,medium,4,0.017072255741333947,1.2684390813865685,good_target
2027,Memphis,memphis,Amer,124.73339024379713,0.660073103725832,76_100,101_135,55.0,,20,9.472781556562168,2.8163,133.0,107.49,207.0,104.674,86.0,70.2297,37.0,71.4063,-0.0529,5.5067,10.5579,16.39,17.33,48.7029,18.8875,35.2694,34.6897,48.769,18.5835,35.6478,42.3782,31.571,49.3865,72.1408,12.7306,0.1172,7.5984,49.8242,33.6724,30.5455,51.0148,0.1129,6.8603,54.6584,43.2163,77.56,1.64,2.1082,45.33,0.0,26.049,30.8068,16.8169,48.0,119.453,48.0,102.813,63.0,67.4356,180.0,68.4756,-0.0119,11.8204,-0.7005,17.23,17.73,52.9955,15.5171,32.0127,35.1467,50.762,16.2899,30.0946,32.7047,34.5406,53.7736,73.7733,10.3419,0.0944,6.5562,54.2776,40.2103,33.3758,50.9554,0.089,6.8676,52.8764,39.9271,78.11,0.89,1.8846,31.08,0.2321,32.0782,32.0179,-14.0006,-11.963000000000008,1.8610000000000042,2.7941000000000003,1344.4412820400003,1053.7073818,307.67548624999995,1061.4184852399999,-70.2297,94.83158012000001,5.937323660000001,26.024040000000003,0.08369026305364681,high,7,0.011955751864806687,3.6523894778541277,avoid_unless_needed
2027,Washington St.,washington state,WCC,127.82121508681955,0.6515900684428034,76_100,136_160,165.0,,20,9.472781556562168,2.1258,140.0,113.984,94.0,111.858,228.0,67.9064,147.0,68.9335,-0.094,4.655,4.6747,16.87,18.05,54.6655,18.4376,29.5049,30.1855,52.6359,14.5535,28.1905,33.0435,36.5119,54.5825,74.4879,7.7253,0.0796,8.3765,51.6324,44.8004,35.4074,52.3605,0.1006,6.5982,49.2344,36.6848,78.22,0.35,0.9344,35.3,0.2144,37.2281,29.9374,16.8169,48.0,119.453,48.0,102.813,63.0,67.4356,180.0,68.4756,-0.0119,11.8204,-0.7005,17.23,17.73,52.9955,15.5171,32.0127,35.1467,50.762,16.2899,30.0946,32.7047,34.5406,53.7736,73.7733,10.3419,0.0944,6.5562,54.2776,40.2103,33.3758,50.9554,0.089,6.8676,52.8764,39.9271,78.11,0.89,1.8846,31.08,0.2321,32.0782,32.0179,-14.6911,-5.469000000000008,9.045000000000002,0.4708000000000112,1788.7500508400003,1218.61387202,300.34666024,887.93816354,-67.9064,95.23669032000001,1.98634752,26.024040000000003,0.09576864086811676,high,7,0.013681234409730967,3.1692543652753296,avoid_unless_needed
2027,Western Kentucky,western kentucky,CUSA,160.44538209862955,0.561963235992776,101_135,161_200,91.0,,20,9.472781556562168,0.2938,167.0,108.833,180.0,108.539,153.0,69.891,52.0,70.9267,0.0081,-0.8085,1.4757,16.71,17.09,47.4906,14.4944,31.7647,41.2304,51.1662,17.1975,29.5247,46.8222,33.3789,45.8111,75.6544,6.8756,0.1035,6.0587,51.1873,39.4495,34.2975,50.9606,0.0844,6.851,57.6361,42.3324,76.99,0.51,1.844,40.1,0.1322,31.3088,32.3377,16.8169,48.0,119.453,48.0,102.813,63.0,67.4356,180.0,68.4756,-0.0119,11.8204,-0.7005,17.23,17.73,52.9955,15.5171,32.0127,35.1467,50.762,16.2899,30.0946,32.7047,34.5406,53.7736,73.7733,10.3419,0.0944,6.5562,54.2776,40.2103,33.3758,50.9554,0.089,6.8676,52.8764,39.9271,78.11,0.89,1.8846,31.08,0.2321,32.0782,32.0179,-16.5231,-10.620000000000005,5.725999999999999,2.4554000000000116,1575.10413145,1114.04749062,236.11232656,955.94594062,-69.891,11.5902631,0.5417672,26.024040000000003,0.07292991760028204,medium,6,0.012154986266713673,3.082803295988718,monitor
2027,Harvard,harvard,Ivy,168.92409984156305,0.5386700553803213,101_135,136_160,90.0,,20,9.472781556562168,1.1303,152.0,106.592,221.0,105.462,102.0,63.0348,359.0,63.9382,-0.0151,-3.7625,-5.3505,18.88,18.59,53.1901,17.4311,26.8293,25.7161,50.4143,17.1001,28.169,26.5774,34.684,53.9717,80.7595,10.8108,0.1103,7.2262,56.0563,40.1693,32.6194,51.3514,0.102,6.0678,51.7341,38.6871,76.61,-2.3,1.717,14.94,0.7044,32.8725,31.5287,16.8169,48.0,119.453,48.0,102.813,63.0,67.4356,180.0,68.4756,-0.0119,11.8204,-0.7005,17.23,17.73,52.9955,15.5171,32.0127,35.1467,50.762,16.2899,30.0946,32.7047,34.5406,53.7736,73.7733,10.3419,0.0944,6.5562,54.2776,40.2103,33.3758,50.9554,0.089,6.8676,52.8764,39.9271,78.11,0.89,1.8846,31.08,0.2321,32.0782,32.0179,-15.6866,-12.861000000000004,2.649000000000001,-4.400799999999997,1603.8436580300001,1157.6062471999999,283.95087589,807.41705178,-63.0348,45.40335979,1.9407251000000003,26.024040000000003,0.0766315925262967,medium,6,0.012771932087716117,2.934736298948132,monitor
2027,Yale,yale,Ivy,141.32124293519112,0.614502079848376,76_100,76_100,,,20,9.472781556562168,10.0992,81.0,120.242,42.0,110.143,194.0,64.5704,323.0,65.5792,0.0244,-1.4333,0.9456,18.57,18.0,55.618,13.9211,34.1542,35.1271,51.6519,16.2586,29.7189,26.8437,39.4435,53.6111,74.5791,9.8607,0.0805,6.2333,55.9756,36.1325,35.0394,50.911,0.0769,8.2072,52.6954,44.9558,77.72,-0.43,1.4222,25.91,0.6213,31.1102,38.4542,16.8169,48.0,119.453,48.0,102.813,63.0,67.4356,180.0,68.4756,-0.0119,11.8204,-0.7005,17.23,17.73,52.9955,15.5171,32.0127,35.1467,50.762,16.2899,30.0946,32.7047,34.5406,53.7736,73.7733,10.3419,0.0944,6.5562,54.2776,40.2103,33.3758,50.9554,0.089,6.8676,52.8764,39.9271,78.11,0.89,1.8846,31.08,0.2321,32.0782,32.0179,-6.717700000000001,0.7890000000000015,7.329999999999998,-2.8651999999999873,1442.6659407500001,1316.4583673,226.77332688999996,1027.8569873200001,-64.5704,364.909344,14.363082239999999,26.024040000000003,0.10230713923274205,high,7,0.014615305604677437,2.9077144306903175,avoid_unless_needed
2027,Liberty,liberty,CUSA,185.46049853881289,0.49324038862963493,101_135,101_135,73.0,,20,9.472781556562168,4.6467,116.0,117.857,57.0,113.21,256.0,64.1446,338.0,64.5106,0.1347,-0.8434,0.3942,18.6,18.38,59.1263,13.3851,19.2771,31.3585,52.6566,17.0537,33.0426,27.0134,38.6449,60.1831,71.374,9.0027,0.0947,5.4036,61.3909,47.696,37.7099,50.3972,0.0798,7.5849,46.4548,36.6331,75.22,-1.42,2.827,16.17,0.5258,39.3191,33.1247,16.8169,48.0,119.453,48.0,102.813,63.0,67.4356,180.0,68.4756,-0.0119,11.8204,-0.7005,17.23,17.73,52.9955,15.5171,32.0127,35.1467,50.762,16.2899,30.0946,32.7047,34.5406,53.7736,73.7733,10.3419,0.0944,6.5562,54.2776,40.2103,33.3758,50.9554,0.089,6.8676,52.8764,39.9271,78.11,0.89,1.8846,31.08,0.2321,32.0782,32.0179,-12.170200000000001,-1.5960000000000036,10.396999999999991,-3.290999999999997,1904.3629616,1289.8044534199998,218.04194048999997,580.13661366,-64.1446,221.6290032,13.1362209,26.024040000000003,0.07777862683908443,medium,6,0.012963104473180739,2.888854926436623,monitor
2027,North Texas,north texas,Amer,138.11689858573936,0.6233052236655512,101_135,136_160,93.0,,20,9.472781556562168,2.7046,136.0,103.745,275.0,101.041,43.0,65.0688,306.0,66.0493,0.0101,1.0251,-0.145,18.61,17.62,45.9821,16.7411,33.5083,39.5647,48.4461,21.3199,32.4197,45.0945,28.6701,47.4031,69.9577,13.2075,0.1312,7.4882,50.4723,32.3103,30.9148,49.7517,0.0925,8.2036,49.3544,38.635,77.35,-0.25,1.4006,29.89,0.0,23.2276,27.8014,16.8169,48.0,119.453,48.0,102.813,63.0,67.4356,180.0,68.4756,-0.0119,11.8204,-0.7005,17.23,17.73,52.9955,15.5171,32.0127,35.1467,50.762,16.2899,30.0946,32.7047,34.5406,53.7736,73.7733,10.3419,0.0944,6.5562,54.2776,40.2103,33.3758,50.9554,0.089,6.8676,52.8764,39.9271,78.11,0.89,1.8846,31.08,0.2321,32.0782,32.0179,-14.112300000000001,-15.707999999999998,-1.7720000000000056,-2.366799999999998,1290.05657913,956.88752358,272.71084489,1008.41888518,-65.0688,87.38643738,3.7880627600000003,26.024040000000003,0.08006727265177624,high,6,0.013344545441962707,2.79730909392895,avoid_unless_needed
2027,Richmond,richmond,A10,173.07447819127472,0.5272679170569375,101_135,136_160,129.0,,20,9.472781556562168,1.0624,153.0,111.562,129.0,110.5,203.0,67.7117,164.0,68.451,-0.0921,-0.1326,-9.2172,17.62,17.39,52.6951,14.3079,24.9763,36.8894,52.0414,17.7324,30.9677,35.123,37.0712,50.5376,75.1903,7.3045,0.0995,6.5207,54.5113,42.5604,32.7206,54.5267,0.0779,7.7873,48.1807,45.6376,76.58,-0.02,2.0561,41.56,0.4004,35.5546,34.6753,16.8169,48.0,119.453,48.0,102.813,63.0,67.4356,180.0,68.4756,-0.0119,11.8204,-0.7005,17.23,17.73,52.9955,15.5171,32.0127,35.1467,50.762,16.2899,30.0946,32.7047,34.5406,53.7736,73.7733,10.3419,0.0944,6.5562,54.2776,40.2103,33.3758,50.9554,0.089,6.8676,52.8764,39.9271,78.11,0.89,1.8846,31.08,0.2321,32.0782,32.0179,-15.7545,-7.891000000000005,7.686999999999998,0.27609999999999957,1699.3133468400001,1237.28095696,233.07426021,751.65175798,-67.7117,45.216168960000005,2.18440064,26.024040000000003,0.08136245935308452,high,6,0.013560409892180754,2.7455016258766194,avoid_unless_needed
2027,UAB,uab,Amer,162.99541059745385,0.5549576631938081,101_135,101_135,81.0,,20,9.472781556562168,3.7602,124.0,110.204,151.0,106.444,117.0,69.1044,87.0,70.3073,0.0065,-0.7133,-5.6017,16.8,17.21,48.3578,12.5444,32.5311,36.4325,50.0262,16.1221,27.6558,28.6537,27.8146,51.2727,70.5964,9.3885,0.106,4.4381,50.2864,30.5205,32.6203,50.7321,0.0811,5.525,50.1801,39.1828,76.69,-0.85,1.4567,33.52,0.0,20.8007,31.757,16.8169,48.0,119.453,48.0,102.813,63.0,67.4356,180.0,68.4756,-0.0119,11.8204,-0.7005,17.23,17.73,52.9955,15.5171,32.0127,35.1467,50.762,16.2899,30.0946,32.7047,34.5406,53.7736,73.7733,10.3419,0.0944,6.5562,54.2776,40.2103,33.3758,50.9554,0.089,6.8676,52.8764,39.9271,78.11,0.89,1.8846,31.08,0.2321,32.0782,32.0179,-13.0567,-9.24900000000001,3.6310000000000002,1.6688000000000045,1218.59505555,928.33452668,204.34702155999997,979.0104420600001,-69.1044,114.7631841,5.477483340000001,26.024040000000003,0.08418760012210284,high,6,0.01403126668701714,2.632495995115886,avoid_unless_needed
2027,Murray St.,murray state,MVC,168.7067732698694,0.5392671064014577,101_135,136_160,130.0,,20,9.472781556562168,3.5871,127.0,116.029,76.0,112.442,244.0,71.7105,11.0,72.2727,0.0366,1.0872,-4.263,16.15,17.03,53.8423,16.3103,32.6496,38.6228,52.3913,15.7652,31.2553,32.1739,34.9666,54.9729,75.4522,8.9155,0.0813,6.7925,49.1323,44.8104,36.1552,51.6966,0.0952,7.631,44.0937,27.3913,77.93,0.89,1.3328,40.0,0.0,34.3545,23.2339,16.8169,48.0,119.453,48.0,102.813,63.0,67.4356,180.0,68.4756,-0.0119,11.8204,-0.7005,17.23,17.73,52.9955,15.5171,32.0127,35.1467,50.762,16.2899,30.0946,32.7047,34.5406,53.7736,73.7733,10.3419,0.0944,6.5562,54.2776,40.2103,33.3758,50.9554,0.089,6.8676,52.8764,39.9271,78.11,0.89,1.8846,31.08,0.2321,32.0782,32.0179,-13.229800000000001,-3.4240000000000066,9.62899999999999,4.274900000000002,1789.14932184,1167.0382482799998,265.69315597,982.57665216,-71.7105,160.73938584,4.78088688,26.024040000000003,0.08489977816505212,high,6,0.014149963027508686,2.604008873397915,avoid_unless_needed
2027,Bradley,bradley,MVC,199.84486883043076,0.45372288782848685,101_135,101_135,,,20,9.472781556562168,2.9885,131.0,111.928,121.0,108.94,165.0,67.0953,197.0,67.5615,0.0377,0.4325,-5.6754,17.44,17.88,51.1156,13.9227,27.379,35.9026,52.8169,18.954,27.8481,38.1907,36.0902,49.063,74.0113,9.468,0.1067,6.8095,50.8102,40.4665,36.635,51.3977,0.0711,8.2842,54.0476,39.9242,77.36,1.85,1.7799,32.51,0.2755,34.0157,33.0747,16.8169,48.0,119.453,48.0,102.813,63.0,67.4356,180.0,68.4756,-0.0119,11.8204,-0.7005,17.23,17.73,52.9955,15.5171,32.0127,35.1467,50.762,16.2899,30.0946,32.7047,34.5406,53.7736,73.7733,10.3419,0.0944,6.5562,54.2776,40.2103,33.3758,50.9554,0.089,6.8676,52.8764,39.9271,78.11,0.89,1.8846,31.08,0.2321,32.0782,32.0179,-13.8284,-7.525000000000006,6.126999999999995,-0.34029999999999916,1615.7099921500003,1204.53929716,226.79939073,823.9600534,-67.0953,120.93413525000001,5.31923115,26.024040000000003,0.08706283537208837,high,6,0.014510472562014728,2.5174865851164654,avoid_unless_needed
2027,UC Santa Barbara,uc santa barbara,BW,171.11361558867696,0.5326549022289094,101_135,101_135,,,20,9.472781556562168,2.9506,132.0,113.744,98.0,110.793,209.0,64.4234,327.0,67.0774,-0.0674,-1.4945,-0.7233,18.72,16.92,54.6735,18.7176,30.9744,36.7885,52.5814,16.8117,25.5407,42.4093,37.3641,53.5906,77.5244,6.5966,0.0904,8.0637,54.5806,44.0983,33.9071,53.5373,0.1065,7.7705,49.0092,35.7099,78.02,-0.42,1.5555,27.99,0.1361,35.854,26.7179,16.8169,48.0,119.453,48.0,102.813,63.0,67.4356,180.0,68.4756,-0.0119,11.8204,-0.7005,17.23,17.73,52.9955,15.5171,32.0127,35.1467,50.762,16.2899,30.0946,32.7047,34.5406,53.7736,73.7733,10.3419,0.0944,6.5562,54.2776,40.2103,33.3758,50.9554,0.089,6.8676,52.8764,39.9271,78.11,0.89,1.8846,31.08,0.2321,32.0782,32.0179,-13.8663,-5.709000000000003,7.980000000000004,-3.012199999999993,1760.7172339300002,1247.05672878,304.90783224,932.16217824,-64.4234,130.11644398,4.589658300000001,26.024040000000003,0.08752311805894462,high,6,0.014587186343157437,2.499075277642215,avoid_unless_needed
2027,UNC Wilmington,unc wilmington,CAA,161.79431942435178,0.5582573642188138,101_135,101_135,,,20,9.472781556562168,5.0484,114.0,111.335,131.0,106.286,112.0,65.2249,298.0,66.0957,0.0572,-4.4735,-8.5546,18.8,17.35,50.4039,14.8459,35.2891,40.4416,47.4756,14.9405,27.5325,31.7047,34.9515,49.1197,68.7084,7.2848,0.0771,7.092,51.4815,38.8261,29.6815,49.6689,0.0775,7.2338,47.8892,42.6167,78.93,0.82,2.3857,24.41,0.33,31.6583,32.0642,16.8169,48.0,119.453,48.0,102.813,63.0,67.4356,180.0,68.4756,-0.0119,11.8204,-0.7005,17.23,17.73,52.9955,15.5171,32.0127,35.1467,50.762,16.2899,30.0946,32.7047,34.5406,53.7736,73.7733,10.3419,0.0944,6.5562,54.2776,40.2103,33.3758,50.9554,0.089,6.8676,52.8764,39.9271,78.11,0.89,1.8846,31.08,0.2321,32.0782,32.0179,-11.7685,-8.11800000000001,3.472999999999999,-2.2106999999999886,1550.21357731,1166.5342737,241.83822641,1062.01134886,-65.2249,196.00968324,12.04396788,26.024040000000003,0.08878766200604786,high,6,0.014797943667674644,2.4484935197580855,avoid_unless_needed
2027,Rhode Island,rhode island,A10,174.33941674215404,0.5237928111479284,101_135,101_135,60.0,,20,9.472781556562168,2.7129,135.0,106.107,226.0,103.394,67.0,65.7679,272.0,66.0308,-0.0476,0.7494,-5.7372,17.73,18.36,50.1144,19.211,31.044,38.3867,50.4197,21.0898,31.8052,42.5659,31.0526,52.834,72.1311,11.9877,0.1264,7.3274,47.8892,43.4783,34.6821,49.2828,0.1188,8.4547,54.0915,41.4868,76.43,-0.86,2.5855,30.37,0.0254,31.6637,32.9972,16.8169,48.0,119.453,48.0,102.813,63.0,67.4356,180.0,68.4756,-0.0119,11.8204,-0.7005,17.23,17.73,52.9955,15.5171,32.0127,35.1467,50.762,16.2899,30.0946,32.7047,34.5406,53.7736,73.7733,10.3419,0.0944,6.5562,54.2776,40.2103,33.3758,50.9554,0.089,6.8676,52.8764,39.9271,78.11,0.89,1.8846,31.08,0.2321,32.0782,32.0179,-14.104000000000001,-13.346000000000004,0.5810000000000031,-1.6676999999999964,1735.96243193,1036.40536708,312.9452689,934.2567624,-65.7679,117.95228006999999,7.01420295,26.024040000000003,0.09042636159841382,high,6,0.015071060266402302,2.3829455360634473,avoid_unless_needed
2027,Colorado St.,colorado state,MWC,100.14857990846106,0.7276137914602718,51_75,76_100,95.0,,20,9.472781556562168,9.2329,88.0,118.547,54.0,109.314,177.0,63.1376,357.0,64.4413,0.0261,4.8349,-2.3192,19.07,17.8,57.4706,18.4805,30.0416,39.4118,52.8799,15.471,29.2279,34.2841,38.5629,57.1098,77.0149,6.8335,0.0809,7.9941,62.8676,49.1176,34.1837,54.0905,0.1049,7.3828,46.6265,43.006,77.62,0.46,1.927,33.84,0.1394,39.1093,34.039,16.8169,48.0,119.453,48.0,102.813,63.0,67.4356,180.0,68.4756,-0.0119,11.8204,-0.7005,17.23,17.73,52.9955,15.5171,32.0127,35.1467,50.762,16.2899,30.0946,32.7047,34.5406,53.7736,73.7733,10.3419,0.0944,6.5562,54.2776,40.2103,33.3758,50.9554,0.089,6.8676,52.8764,39.9271,78.11,0.89,1.8846,31.08,0.2321,32.0782,32.0179,-7.584,-0.9060000000000059,6.500999999999991,-4.297999999999995,1961.1233269600002,1287.0676378199998,301.04549695,904.0899353599999,-63.1376,453.4978890400001,17.791798300000004,26.024040000000003,0.14104051248235808,very_high,8,0.01763006406029476,2.358379500705677,avoid_unless_needed
2027,Illinois Chicago,illinois chicago,MVC,164.0083734575883,0.5521747981934387,101_135,136_160,106.0,,20,9.472781556562168,5.4434,110.0,110.437,147.0,104.993,91.0,66.5768,230.0,67.1224,-0.0583,1.5693,-2.4491,17.84,17.8,49.8194,17.6288,36.2694,36.2229,50.4831,19.6766,31.9716,33.9238,31.6038,50.9985,72.5071,11.8236,0.1117,8.1466,53.6416,32.8173,33.4104,50.8016,0.0948,8.5028,65.9548,46.4305,77.15,-0.78,1.697,38.77,0.1052,24.7131,36.8779,16.8169,48.0,119.453,48.0,102.813,63.0,67.4356,180.0,68.4756,-0.0119,11.8204,-0.7005,17.23,17.73,52.9955,15.5171,32.0127,35.1467,50.762,16.2899,30.0946,32.7047,34.5406,53.7736,73.7733,10.3419,0.0944,6.5562,54.2776,40.2103,33.3758,50.9554,0.089,6.8676,52.8764,39.9271,78.11,0.89,1.8846,31.08,0.2321,32.0782,32.0179,-11.3735,-9.016000000000005,2.1799999999999926,-0.858799999999988,1310.2996188300003,1054.80210804,287.17138911999996,1091.51308524,-66.5768,178.63769082,9.2374498,26.024040000000003,0.09196707713087615,high,6,0.015327846188479358,2.321316914764954,avoid_unless_needed
2027,Duquesne,duquesne,A10,219.22914332701674,0.4004693864642397,101_135,101_135,,,20,9.472781556562168,3.7748,123.0,110.99,139.0,107.215,132.0,68.6509,110.0,69.3469,-0.0123,2.6535,-6.6577,17.04,17.61,52.3269,17.6751,30.4186,38.338,52.5385,18.4078,29.6015,39.8745,33.0836,54.4821,71.5318,8.9866,0.1076,7.876,55.9113,44.3767,36.2093,51.3384,0.098,7.647,55.2333,40.3309,77.77,0.11,1.8147,34.57,0.3663,33.3473,32.6531,16.8169,48.0,119.453,48.0,102.813,63.0,67.4356,180.0,68.4756,-0.0119,11.8204,-0.7005,17.23,17.73,52.9955,15.5171,32.0127,35.1467,50.762,16.2899,30.0946,32.7047,34.5406,53.7736,73.7733,10.3419,0.0944,6.5562,54.2776,40.2103,33.3758,50.9554,0.089,6.8676,52.8764,39.9271,78.11,0.89,1.8846,31.08,0.2321,32.0782,32.0179,-13.042100000000001,-8.463000000000008,4.402000000000001,1.2152999999999992,1771.8329385700001,1104.1916168799999,287.92561149,915.43559956,-68.6509,167.51316716,6.85012956,26.024040000000003,0.09513889126555262,high,6,0.015856481877592105,2.194444349377895,avoid_unless_needed
2027,UNLV,unlv,MWC,161.45691602831874,0.559184296625498,101_135,101_135,,,20,9.472781556562168,6.3945,104.0,114.934,83.0,108.539,154.0,69.7841,60.0,70.5852,0.0095,7.0394,1.0846,16.62,17.47,53.5516,17.0729,30.2286,40.6549,52.3434,17.4028,31.9831,44.8803,35.1801,53.9984,67.658,12.701,0.1023,7.8766,51.2821,36.3728,35.1878,52.09,0.092,7.1756,56.1598,36.6276,77.32,0.58,1.43,31.08,0.0193,28.518,28.1633,16.8169,48.0,119.453,48.0,102.813,63.0,67.4356,180.0,68.4756,-0.0119,11.8204,-0.7005,17.23,17.73,52.9955,15.5171,32.0127,35.1467,50.762,16.2899,30.0946,32.7047,34.5406,53.7736,73.7733,10.3419,0.0944,6.5562,54.2776,40.2103,33.3758,50.9554,0.089,6.8676,52.8764,39.9271,78.11,0.89,1.8846,31.08,0.2321,32.0782,32.0179,-10.4224,-4.5190000000000055,5.725999999999999,2.3485000000000014,1452.26042288,1174.16398158,278.11583371,909.71762556,-69.7841,232.5858696,9.144134999999999,26.024040000000003,0.09522310357045409,high,6,0.015870517261742347,2.1910758571818363,avoid_unless_needed
2027,Utah Valley,utah valley,WAC,157.2347241609335,0.5707837248326003,101_135,101_135,,,20,9.472781556562168,8.5569,92.0,112.882,109.0,104.325,81.0,68.6727,108.0,69.375,0.0143,-0.4634,2.19,16.83,17.71,54.9463,20.0358,34.8214,38.2702,49.3619,21.3225,31.3503,39.1531,34.0206,56.8661,68.5377,13.6522,0.1328,7.9041,62.0848,32.8999,35.1916,47.6522,0.1213,8.0419,52.5333,33.2947,77.92,-0.24,1.2395,33.94,0.3032,24.6678,27.6082,16.8169,48.0,119.453,48.0,102.813,63.0,67.4356,180.0,68.4756,-0.0119,11.8204,-0.7005,17.23,17.73,52.9955,15.5171,32.0127,35.1467,50.762,16.2899,30.0946,32.7047,34.5406,53.7736,73.7733,10.3419,0.0944,6.5562,54.2776,40.2103,33.3758,50.9554,0.089,6.8676,52.8764,39.9271,78.11,0.89,1.8846,31.08,0.2321,32.0782,32.0179,-8.26,-6.570999999999998,1.5120000000000005,1.2371000000000123,1313.5975972900003,1135.46474148,326.38117841999997,1047.93610444,-68.6727,281.52115431000004,10.606277550000001,26.024040000000003,0.09631133692186519,high,6,0.01605188948697753,2.147546523125392,avoid_unless_needed
2027,Middle Tennessee,middle tennessee,CUSA,200.83899489764022,0.45099177225923015,136_160,161_200,72.0,,20,9.472781556562168,-0.4977,175.0,109.313,166.0,109.811,190.0,65.8395,270.0,66.5966,0.0119,0.705,10.8016,18.3,17.83,51.568,17.1249,30.6785,32.7219,50.9501,14.9527,28.4861,35.6888,33.812,52.2727,70.1628,10.652,0.0844,7.7795,53.3693,45.3254,33.9496,50.9642,0.0935,6.5166,47.1598,35.3325,78.45,1.39,1.7966,33.2,0.2839,36.4618,28.0037,16.8169,48.0,119.453,48.0,102.813,63.0,67.4356,180.0,68.4756,-0.0119,11.8204,-0.7005,17.23,17.73,52.9955,15.5171,32.0127,35.1467,50.762,16.2899,30.0946,32.7047,34.5406,53.7736,73.7733,10.3419,0.0944,6.5562,54.2776,40.2103,33.3758,50.9554,0.089,6.8676,52.8764,39.9271,78.11,0.89,1.8846,31.08,0.2321,32.0782,32.0179,-17.3146,-10.14,6.998000000000005,-1.5960999999999927,1809.7117783400001,1128.5025495999998,278.96290851,923.2571861,-65.8395,-22.55845158,-0.89416782,26.024040000000003,0.07203116947428052,medium,5,0.014406233894856105,2.118753221028779,monitor
2027,William & Mary,william and mary,CAA,258.71361924704064,0.2919955515191191,136_160,136_160,,,20,9.472781556562168,1.3583,145.0,111.011,138.0,109.653,186.0,72.6261,7.0,73.5696,0.0245,-2.4783,0.1727,13.68,18.78,54.2824,16.5376,25.9596,44.0394,51.8519,19.0296,31.4698,35.512,32.973,57.8947,74.9014,11.4885,0.1074,6.6604,63.848,42.8241,33.0539,53.7463,0.0988,8.2915,54.1769,45.4793,77.55,-1.04,1.5987,39.41,0.2108,29.9264,34.981,16.8169,48.0,119.453,48.0,102.813,63.0,67.4356,180.0,68.4756,-0.0119,11.8204,-0.7005,17.23,17.73,52.9955,15.5171,32.0127,35.1467,50.762,16.2899,30.0946,32.7047,34.5406,53.7736,73.7733,10.3419,0.0944,6.5562,54.2776,40.2103,33.3758,50.9554,0.089,6.8676,52.8764,39.9271,78.11,0.89,1.8846,31.08,0.2321,32.0782,32.0179,-15.4586,-8.442000000000007,6.840000000000003,5.1905,1709.84212311,1100.5002533999998,269.39585024,781.2437781599999,-72.6261,58.16797503000001,2.1715142100000002,26.024040000000003,0.07264505986979891,medium,5,0.014529011973959782,2.0941976052080435,monitor
2027,San Francisco,san francisco,WCC,180.939816938212,0.5056598435763406,101_135,101_135,49.0,,20,9.472781556562168,3.9867,122.0,113.666,100.0,109.679,187.0,66.0553,255.0,66.73,-0.0058,3.6636,-0.0059,18.48,17.54,51.2452,15.8503,31.4079,40.1217,50.7584,14.1305,29.0812,29.5502,34.5738,50.7187,70.8966,7.6547,0.0753,6.6004,55.6266,46.0985,34.0643,50.57,0.0925,6.6004,52.5761,35.7741,78.0,0.97,1.8502,35.82,0.4051,36.5173,29.6061,16.8169,48.0,119.453,48.0,102.813,63.0,67.4356,180.0,68.4756,-0.0119,11.8204,-0.7005,17.23,17.73,52.9955,15.5171,32.0127,35.1467,50.762,16.2899,30.0946,32.7047,34.5406,53.7736,73.7733,10.3419,0.0944,6.5562,54.2776,40.2103,33.3758,50.9554,0.089,6.8676,52.8764,39.9271,78.11,0.89,1.8846,31.08,0.2321,32.0782,32.0179,-12.830200000000001,-5.787000000000006,6.866,-1.3802999999999912,1840.57941935,1153.9282340399998,258.19980197,945.20818734,-66.0553,183.78088995,7.37619234,26.024040000000003,0.09774652269123255,high,6,0.016291087115205424,2.0901390923506984,avoid_unless_needed
2027,UT Arlington,ut arlington,WAC,202.9748969629002,0.44512390944258184,136_160,136_160,107.0,,20,9.472781556562168,1.0484,154.0,102.679,290.0,101.63,48.0,64.8893,311.0,66.5177,0.0305,0.2126,3.0553,18.65,16.74,47.1983,20.748,34.8606,42.4877,47.4468,18.0245,30.0971,40.8511,29.1165,48.7567,72.3188,9.3525,0.1089,9.7055,46.3977,30.665,26.8293,50.8993,0.1104,7.1306,49.0832,32.4012,76.88,-0.62,0.8137,38.84,0.1371,21.4075,21.1018,16.8169,48.0,119.453,48.0,102.813,63.0,67.4356,180.0,68.4756,-0.0119,11.8204,-0.7005,17.23,17.73,52.9955,15.5171,32.0127,35.1467,50.762,16.2899,30.0946,32.7047,34.5406,53.7736,73.7733,10.3419,0.0944,6.5562,54.2776,40.2103,33.3758,50.9554,0.089,6.8676,52.8764,39.9271,78.11,0.89,1.8846,31.08,0.2321,32.0782,32.0179,-15.7685,-16.774,-1.183000000000007,-2.546299999999988,1224.3645215000001,971.7864806999999,337.9828452,1049.11581276,-64.8893,32.149186,0.85308308,26.024040000000003,0.07298557774425277,medium,5,0.014597115548850553,2.0805768902298896,monitor
2027,Towson,towson,CAA,194.55817069511014,0.4682467838046424,136_160,136_160,86.0,,20,9.472781556562168,0.8611,157.0,105.812,238.0,104.951,90.0,63.501,347.0,63.8695,0.0117,-1.3636,2.5423,18.83,18.53,46.5197,15.897,35.9966,30.4463,48.5099,15.1656,29.0812,29.3046,29.376,47.8367,68.9354,9.887,0.0907,8.4849,38.896,34.9097,30.9333,50.0,0.0741,6.0955,46.0026,41.3907,78.15,0.91,1.7382,31.93,0.3692,26.9804,32.7375,16.8169,48.0,119.453,48.0,102.813,63.0,67.4356,180.0,68.4756,-0.0119,11.8204,-0.7005,17.23,17.73,52.9955,15.5171,32.0127,35.1467,50.762,16.2899,30.0946,32.7047,34.5406,53.7736,73.7733,10.3419,0.0944,6.5562,54.2776,40.2103,33.3758,50.9554,0.089,6.8676,52.8764,39.9271,78.11,0.89,1.8846,31.08,0.2321,32.0782,32.0179,-15.9558,-13.641000000000005,2.137999999999991,-3.934599999999996,1393.8430828700002,980.4475008,258.9605403,1083.30327836,-63.501,30.06074267,1.4967640199999999,26.024040000000003,0.07324481406660151,medium,5,0.014648962813320301,2.07020743733594,monitor
2027,Winthrop,winthrop,BSth,228.3671313408692,0.3753650237888209,136_160,136_160,,,20,9.472781556562168,1.3108,146.0,111.817,124.0,110.506,204.0,70.031,44.0,71.6942,0.0251,-4.8125,0.8042,16.52,16.91,49.7394,14.7019,34.1463,44.0334,51.4457,16.6741,27.669,39.0071,33.2544,49.6276,72.8994,7.9123,0.0919,7.082,51.3514,44.0334,32.9082,53.0029,0.0762,7.4854,44.8403,42.7714,76.6,0.18,1.6785,36.19,0.1668,33.3861,32.1429,16.8169,48.0,119.453,48.0,102.813,63.0,67.4356,180.0,68.4756,-0.0119,11.8204,-0.7005,17.23,17.73,52.9955,15.5171,32.0127,35.1467,50.762,16.2899,30.0946,32.7047,34.5406,53.7736,73.7733,10.3419,0.0944,6.5562,54.2776,40.2103,33.3758,50.9554,0.089,6.8676,52.8764,39.9271,78.11,0.89,1.8846,31.08,0.2321,32.0782,32.0179,-15.5061,-7.63600000000001,7.692999999999998,2.595400000000012,1758.12596514,1109.8922035199998,239.49248081,1027.61923998,-70.031,57.71898072,2.2001778,26.024040000000003,0.07379920051649985,medium,5,0.01475984010329997,2.048031979340006,monitor
2027,UNC Greensboro,unc greensboro,SC,237.6273002217336,0.3499249993908417,201_250,251_300,78.0,,20,9.472781556562168,-12.0624,300.0,107.726,201.0,119.788,346.0,67.7241,163.0,68.6158,0.0557,-6.2364,-1.1107,17.35,17.47,51.988,14.9608,28.1167,41.9935,56.2436,13.654,29.0528,30.6039,35.6369,51.0018,70.428,5.8485,0.0789,6.2637,46.9016,40.1961,37.9802,55.6088,0.087,5.768,50.0,46.6223,75.79,-1.29,0.7765,29.51,0.014,32.1778,39.6032,16.8169,48.0,119.453,48.0,102.813,63.0,67.4356,180.0,68.4756,-0.0119,11.8204,-0.7005,17.23,17.73,52.9955,15.5171,32.0127,35.1467,50.762,16.2899,30.0946,32.7047,34.5406,53.7736,73.7733,10.3419,0.0944,6.5562,54.2776,40.2103,33.3758,50.9554,0.089,6.8676,52.8764,39.9271,78.11,0.89,1.8846,31.08,0.2321,32.0782,32.0179,-28.8793,-11.727000000000004,16.974999999999994,0.2885000000000133,1604.9137043100002,1189.4100470199999,243.70993592,846.1608398200001,-67.7241,-484.86143664,-9.3664536,26.024040000000003,0.024129945000650473,very_low,3,0.008043315000216824,2.0348021999739814,monitor
2027,Penn,penn,Ivy,177.30890818675925,0.5156348676187933,136_160,136_160,151.0,,20,9.472781556562168,0.9917,156.0,107.636,203.0,106.644,123.0,69.1267,84.0,68.7943,0.0897,-0.1807,0.336,16.62,18.22,50.3744,15.317,29.9812,33.9286,52.0739,17.3062,31.3477,27.5,38.2736,46.5241,69.4397,8.4746,0.093,6.8131,52.3118,35.3687,32.235,54.5198,0.085,8.0066,53.2338,39.6591,77.77,0.38,1.2181,32.02,0.3799,32.6691,31.2645,16.8169,48.0,119.453,48.0,102.813,63.0,67.4356,180.0,68.4756,-0.0119,11.8204,-0.7005,17.23,17.73,52.9955,15.5171,32.0127,35.1467,50.762,16.2899,30.0946,32.7047,34.5406,53.7736,73.7733,10.3419,0.0944,6.5562,54.2776,40.2103,33.3758,50.9554,0.089,6.8676,52.8764,39.9271,78.11,0.89,1.8846,31.08,0.2321,32.0782,32.0179,-15.8252,-11.817000000000007,3.831000000000003,1.6911000000000058,1412.16962177,1277.41201888,249.5123983,902.27222152,-69.1267,35.075139789999994,1.20798977,26.024040000000003,0.07420293330713969,medium,5,0.014840586661427938,2.0318826677144126,monitor
2027,Valparaiso,valparaiso,MVC,186.8477139250229,0.48942935734883825,136_160,161_200,126.0,,20,9.472781556562168,0.6478,163.0,108.019,189.0,107.371,137.0,65.1827,299.0,66.1176,0.0406,0.2345,-6.3574,18.25,18.0,47.6255,15.6666,32.4576,39.0718,50.5479,16.9181,30.0363,35.0685,33.871,45.7728,70.8564,10.0,0.0876,8.2968,48.7614,36.8052,32.1481,51.913,0.0737,8.1578,49.7543,36.9863,78.13,0.75,0.7846,33.54,0.0536,30.4214,28.3043,16.8169,48.0,119.453,48.0,102.813,63.0,67.4356,180.0,68.4756,-0.0119,11.8204,-0.7005,17.23,17.73,52.9955,15.5171,32.0127,35.1467,50.762,16.2899,30.0946,32.7047,34.5406,53.7736,73.7733,10.3419,0.0944,6.5562,54.2776,40.2103,33.3758,50.9554,0.089,6.8676,52.8764,39.9271,78.11,0.89,1.8846,31.08,0.2321,32.0782,32.0179,-16.1691,-11.433999999999997,4.557999999999993,-2.252899999999997,1469.5249009200002,1130.4717218,255.20734734,976.79848896,-65.1827,23.842408560000003,0.50826388,26.024040000000003,0.07432267105380737,medium,5,0.014864534210761473,2.0270931578477054,monitor
2027,Robert Morris,robert morris,Horz,251.94394189822216,0.31059356621367534,136_160,136_160,,,20,9.472781556562168,1.727,141.0,110.816,142.0,109.089,167.0,64.5228,324.0,66.1239,0.0293,-4.759,-1.7827,18.69,17.59,54.9131,18.5528,37.5,28.013,50.0287,15.8751,28.7879,40.0919,38.0,53.4799,69.3798,6.8223,0.0818,8.2723,62.8308,40.7166,33.1738,50.1795,0.1028,7.6985,51.6297,36.0138,77.51,0.42,1.1019,32.49,0.1165,35.9093,27.4286,16.8169,48.0,119.453,48.0,102.813,63.0,67.4356,180.0,68.4756,-0.0119,11.8204,-0.7005,17.23,17.73,52.9955,15.5171,32.0127,35.1467,50.762,16.2899,30.0946,32.7047,34.5406,53.7736,73.7733,10.3419,0.0944,6.5562,54.2776,40.2103,33.3758,50.9554,0.089,6.8676,52.8764,39.9271,78.11,0.89,1.8846,31.08,0.2321,32.0782,32.0179,-15.0899,-8.637,6.275999999999996,-2.91279999999999,1625.6957598600002,1268.2803999999999,302.22325672,1128.5475,-64.5228,70.3175682,1.9029813000000002,26.024040000000003,0.0766587212209447,medium,5,0.015331744244188941,1.9336511511622119,monitor
2027,Florida Atlantic,florida atlantic,Amer,181.0487224258924,0.5053606526761197,101_135,101_135,47.0,,20,9.472781556562168,3.5897,126.0,109.982,155.0,106.393,115.0,69.639,67.0,70.2356,-0.0339,1.9615,2.5739,16.5,17.5,52.2181,17.6141,31.5695,33.2977,49.4906,15.4805,28.2723,36.193,33.3333,53.5869,70.305,13.4934,0.0804,6.9912,47.0862,38.1614,33.79,48.8411,0.1062,7.4452,46.1823,35.2279,77.75,0.69,0.6451,34.47,0.1476,29.8495,28.5225,16.8169,48.0,119.453,48.0,102.813,63.0,67.4356,180.0,68.4756,-0.0119,11.8204,-0.7005,17.23,17.73,52.9955,15.5171,32.0127,35.1467,50.762,16.2899,30.0946,32.7047,34.5406,53.7736,73.7733,10.3419,0.0944,6.5562,54.2776,40.2103,33.3758,50.9554,0.089,6.8676,52.8764,39.9271,78.11,0.89,1.8846,31.08,0.2321,32.0782,32.0179,-13.2272,-9.471000000000004,3.5799999999999983,2.203400000000002,1523.67403394,1112.52555414,286.93192759,950.0714747000001,-69.639,136.98797758,2.31571547,26.024040000000003,0.10171924958426769,high,6,0.016953208264044613,1.9312300166292928,avoid_bad_risk_reward
2027,Nevada,nevada,MWC,92.43607029121486,0.7488020046944647,51_75,51_75,75.0,,20,9.472781556562168,11.9262,72.0,115.703,79.0,103.777,73.0,66.1352,250.0,66.7679,0.0072,6.03,2.4892,17.82,17.96,50.0,14.8173,32.1678,44.7882,51.128,17.014,26.9048,38.8916,35.7879,48.2419,75.6642,11.8197,0.0971,6.0707,57.5888,32.3179,33.7196,51.5306,0.0875,7.3088,54.738,42.3247,77.05,-0.04,1.7631,37.72,0.137,25.9154,32.9807,16.8169,48.0,119.453,48.0,102.813,63.0,67.4356,180.0,68.4756,-0.0119,11.8204,-0.7005,17.23,17.73,52.9955,15.5171,32.0127,35.1467,50.762,16.2899,30.0946,32.7047,34.5406,53.7736,73.7733,10.3419,0.0944,6.5562,54.2776,40.2103,33.3758,50.9554,0.089,6.8676,52.8764,39.9271,78.11,0.89,1.8846,31.08,0.2321,32.0782,32.0179,-4.890700000000001,-3.75,0.9639999999999986,-1.3003999999999962,1290.3600250900001,1194.4497928199999,241.37233526999998,968.07707388,-66.1352,385.42973898,21.027083219999998,26.024040000000003,0.15284268599929313,very_high,8,0.01910533574991164,1.8862925600282754,avoid_unless_needed
2027,Portland St.,portland state,BSky,271.05582015810404,0.2580884061590548,136_160,136_160,,,20,9.472781556562168,1.2501,148.0,103.465,281.0,102.215,57.0,68.027,143.0,69.0148,0.0082,-2.4912,1.0051,17.77,17.04,50.5542,16.9232,30.0103,37.1305,48.7971,18.0001,26.3992,42.7828,32.5581,51.4554,70.9784,11.3147,0.1036,7.3847,51.2329,34.4212,32.2951,49.0302,0.0954,7.6411,52.7607,39.6619,78.03,0.35,1.416,24.27,0.4265,26.3768,29.6389,16.8169,48.0,119.453,48.0,102.813,63.0,67.4356,180.0,68.4756,-0.0119,11.8204,-0.7005,17.23,17.73,52.9955,15.5171,32.0127,35.1467,50.762,16.2899,30.0946,32.7047,34.5406,53.7736,73.7733,10.3419,0.0944,6.5562,54.2776,40.2103,33.3758,50.9554,0.089,6.8676,52.8764,39.9271,78.11,0.89,1.8846,31.08,0.2321,32.0782,32.0179,-15.5668,-15.988,-0.597999999999999,0.5914000000000073,1374.33869452,1086.65263398,275.67723568,903.14797438,-68.027,43.02994212,1.7701415999999999,26.024040000000003,0.07877632758097466,medium,5,0.01575526551619493,1.8489468967610136,monitor
2027,George Mason,george mason,A10,162.0328519661,0.5576020550381868,101_135,101_135,71.0,,20,9.472781556562168,7.0897,100.0,113.075,107.0,105.985,110.0,63.5278,346.0,64.7367,0.0418,0.3541,-8.1638,19.01,17.95,52.7262,15.7851,31.3433,41.1253,49.5325,15.4472,28.3289,28.8779,33.2784,54.2525,72.4965,9.0649,0.0768,6.2272,49.7525,35.2088,32.5974,50.0,0.0956,7.7719,52.9032,42.3542,78.08,0.6,1.8929,32.76,0.0105,25.9863,34.6207,16.8169,48.0,119.453,48.0,102.813,63.0,67.4356,180.0,68.4756,-0.0119,11.8204,-0.7005,17.23,17.73,52.9955,15.5171,32.0127,35.1467,50.762,16.2899,30.0946,32.7047,34.5406,53.7736,73.7733,10.3419,0.0944,6.5562,54.2776,40.2103,33.3758,50.9554,0.089,6.8676,52.8764,39.9271,78.11,0.89,1.8846,31.08,0.2321,32.0782,32.0179,-9.7272,-6.378,3.171999999999997,-3.9077999999999946,1405.78527848,1110.6932227199998,257.13770049,943.26407618,-63.5278,249.61982935999995,13.42009313,26.024040000000003,0.10431525376113353,high,6,0.017385875626855587,1.8273898495546588,avoid_bad_risk_reward
2027,Bowling Green,bowling green,MAC,246.85333196017675,0.3245787583511628,136_160,136_160,,,20,9.472781556562168,1.3634,144.0,107.272,210.0,105.908,107.0,68.4085,124.0,70.1667,-0.0948,-3.7275,-6.6583,17.3,16.73,51.8161,16.5322,28.6706,37.024,51.0391,18.3908,26.8806,37.1638,34.4178,51.9145,72.3101,10.6029,0.1169,7.5813,48.4694,34.2121,33.5312,51.5592,0.0895,6.7009,51.8006,41.198,78.23,0.69,1.5166,28.24,0.1787,27.0889,32.1479,16.8169,48.0,119.453,48.0,102.813,63.0,67.4356,180.0,68.4756,-0.0119,11.8204,-0.7005,17.23,17.73,52.9955,15.5171,32.0127,35.1467,50.762,16.2899,30.0946,32.7047,34.5406,53.7736,73.7733,10.3419,0.0944,6.5562,54.2776,40.2103,33.3758,50.9554,0.089,6.8676,52.8764,39.9271,78.11,0.89,1.8846,31.08,0.2321,32.0782,32.0179,-15.4535,-12.180999999999997,3.094999999999999,0.9729000000000099,1365.98993791,1148.72160924,269.30788478,862.83023876,-68.4085,46.644777139999995,2.06773244,26.024040000000003,0.08005482314991529,high,5,0.016010964629983058,1.7978070740033885,avoid_unless_needed
2027,Bethune Cookman,bethune cookman,SWAC,335.57187435702207,0.08084649901917013,201_250,201_250,,,20,9.472781556562168,-6.4695,240.0,103.706,277.0,110.175,196.0,69.1143,86.0,70.9259,0.069,-7.2738,13.5003,17.28,16.64,50.9881,19.1948,30.0752,40.9373,49.7355,15.8233,31.7266,38.6243,33.0798,51.5663,69.6552,10.9968,0.094,7.5521,50.2451,29.7007,32.9073,49.9209,0.1164,6.4282,47.6702,33.1217,77.56,-1.43,2.0194,32.65,0.2386,22.5876,25.7286,16.8169,48.0,119.453,48.0,102.813,63.0,67.4356,180.0,68.4756,-0.0119,11.8204,-0.7005,17.23,17.73,52.9955,15.5171,32.0127,35.1467,50.762,16.2899,30.0946,32.7047,34.5406,53.7736,73.7733,10.3419,0.0944,6.5562,54.2776,40.2103,33.3758,50.9554,0.089,6.8676,52.8764,39.9271,78.11,0.89,1.8846,31.08,0.2321,32.0782,32.0179,-23.2864,-15.747,7.361999999999995,1.6787000000000063,1185.86281897,1104.06478884,312.68137252,905.10111392,-69.1143,-192.14867865000002,-13.0645083,26.024040000000003,0.03031418047108943,low,3,0.010104726823696477,1.7874327811564228,monitor
2027,Arkansas St.,arkansas state,SB,197.98457845493246,0.45883357567326244,136_160,136_160,102.0,,20,9.472781556562168,1.2766,147.0,110.673,146.0,109.396,178.0,72.0307,10.0,72.559,0.0079,-4.1304,2.3916,15.25,17.77,51.6685,19.8356,38.2171,39.1281,50.2706,14.888,26.8923,37.013,32.8537,53.6133,73.315,7.3386,0.0976,7.6256,55.7716,44.887,32.9149,50.84,0.1221,5.1291,51.418,38.7987,78.16,0.42,1.5581,38.23,0.0,33.51,30.2435,16.8169,48.0,119.453,48.0,102.813,63.0,67.4356,180.0,68.4756,-0.0119,11.8204,-0.7005,17.23,17.73,52.9955,15.5171,32.0127,35.1467,50.762,16.2899,30.0946,32.7047,34.5406,53.7736,73.7733,10.3419,0.0944,6.5562,54.2776,40.2103,33.3758,50.9554,0.089,6.8676,52.8764,39.9271,78.11,0.89,1.8846,31.08,0.2321,32.0782,32.0179,-15.5403,-8.780000000000001,6.582999999999998,4.595100000000002,1792.2077377,1096.51852046,323.11994044,1150.12833766,-72.0307,57.3027442,1.98907046,26.024040000000003,0.0804070094450683,high,5,0.01608140188901366,1.783719622197268,avoid_unless_needed
2027,UNC Asheville,unc asheville,BSth,271.5667300027702,0.2566848076846972,201_250,201_250,,,20,9.472781556562168,-6.4984,242.0,104.989,255.0,111.487,221.0,64.7981,316.0,67.0966,-0.0164,-3.76,0.9236,19.25,16.69,50.9609,17.4037,29.7741,39.9876,51.2874,15.4756,31.3313,38.7425,35.0554,50.1401,68.3721,10.0097,0.0756,8.1183,40.4402,33.602,32.6053,52.7697,0.0929,7.9154,48.6702,38.3832,78.5,0.48,1.8856,17.65,0.2911,27.3381,29.1492,16.8169,48.0,119.453,48.0,102.813,63.0,67.4356,180.0,68.4756,-0.0119,11.8204,-0.7005,17.23,17.73,52.9955,15.5171,32.0127,35.1467,50.762,16.2899,30.0946,32.7047,34.5406,53.7736,73.7733,10.3419,0.0944,6.5562,54.2776,40.2103,33.3758,50.9554,0.089,6.8676,52.8764,39.9271,78.11,0.89,1.8846,31.08,0.2321,32.0782,32.0179,-23.3153,-14.463999999999999,8.673999999999992,-2.6374999999999886,1341.6304142,1170.0020193199998,283.50453262999997,896.03962986,-64.7981,-218.3592368,-12.25338304,26.024040000000003,0.031048669910398313,low,3,0.010349556636799437,1.7580532035840675,monitor
2027,Northern Colorado,northern colorado,BSky,246.21094049145825,0.3263435700784114,136_160,136_160,,,20,9.472781556562168,1.5678,143.0,112.235,117.0,110.667,206.0,68.7547,105.0,70.024,-0.0239,-2.6243,-0.7768,16.89,17.45,55.728,15.4389,27.1967,27.4831,50.086,12.3898,24.2278,38.7615,34.966,58.0521,75.77,6.9665,0.0561,6.8725,53.3178,41.4786,30.6557,52.2928,0.0857,6.7757,37.9487,34.9771,77.57,0.37,2.0653,22.88,0.3957,32.8925,24.7792,16.8169,48.0,119.453,48.0,102.813,63.0,67.4356,180.0,68.4756,-0.0119,11.8204,-0.7005,17.23,17.73,52.9955,15.5171,32.0127,35.1467,50.762,16.2899,30.0946,32.7047,34.5406,53.7736,73.7733,10.3419,0.0944,6.5562,54.2776,40.2103,33.3758,50.9554,0.089,6.8676,52.8764,39.9271,78.11,0.89,1.8846,31.08,0.2321,32.0782,32.0179,-15.2491,-7.2180000000000035,7.853999999999999,1.319100000000006,1656.12021006,1167.0182227999999,251.49813711,818.47380782,-68.7547,65.03014908,3.2379773400000005,26.024040000000003,0.08116780586536854,high,5,0.01623356117307371,1.7532877653852585,avoid_unless_needed
2027,East Carolina,east carolina,Amer,257.50303641114635,0.2953213285408067,201_250,201_250,101.0,,20,9.472781556562168,-7.1217,249.0,103.927,274.0,111.049,212.0,68.649,111.0,69.151,-0.0056,-0.4504,-3.2047,17.55,17.15,46.4146,17.0836,33.3932,39.1597,52.2466,16.2271,32.6107,32.1644,29.3165,47.5183,69.9571,10.7335,0.0928,7.2808,47.2557,31.1485,34.9364,52.1467,0.098,6.9477,54.5783,38.7397,77.12,0.79,1.4954,28.17,0.2005,22.7866,31.7889,16.8169,48.0,119.453,48.0,102.813,63.0,67.4356,180.0,68.4756,-0.0119,11.8204,-0.7005,17.23,17.73,52.9955,15.5171,32.0127,35.1467,50.762,16.2899,30.0946,32.7047,34.5406,53.7736,73.7733,10.3419,0.0944,6.5562,54.2776,40.2103,33.3758,50.9554,0.089,6.8676,52.8764,39.9271,78.11,0.89,1.8846,31.08,0.2321,32.0782,32.0179,-23.9386,-15.525999999999996,8.236000000000004,1.2134000000000071,1243.66927435,978.4616407,278.29013564,1004.95499672,-68.649,-221.83027244999997,-10.64979018,26.024040000000003,0.03155696500221921,low,3,0.01051898833407307,1.7377213999112315,monitor
2027,Denver,denver,Sum,268.74493650709167,0.2644369876178801,201_250,201_250,,,20,9.472781556562168,-6.2542,235.0,116.056,75.0,122.31,359.0,67.8973,149.0,69.403,0.0074,-2.1995,7.5772,17.6,17.22,53.6124,14.2595,29.8403,34.117,56.0272,12.9677,32.7968,36.7855,36.7953,52.6168,77.1429,5.0315,0.0641,5.8628,40.1973,38.6468,36.6972,56.6038,0.084,6.5584,42.4138,37.0119,77.43,-0.95,0.5424,24.7,0.0362,31.945,29.5445,16.8169,48.0,119.453,48.0,102.813,63.0,67.4356,180.0,68.4756,-0.0119,11.8204,-0.7005,17.23,17.73,52.9955,15.5171,32.0127,35.1467,50.762,16.2899,30.0946,32.7047,34.5406,53.7736,73.7733,10.3419,0.0944,6.5562,54.2776,40.2103,33.3758,50.9554,0.089,6.8676,52.8764,39.9271,78.11,0.89,1.8846,31.08,0.2321,32.0782,32.0179,-23.0711,-3.3970000000000056,19.497,0.46170000000000755,1543.05464828,1228.0725737399998,232.28582905,898.0318923799999,-67.8973,-241.70481655999998,-3.39227808,26.024040000000003,0.03199765243576201,low,3,0.010665884145254004,1.7200939025695194,monitor
2027,Southern Illinois,southern illinois,MVC,167.16941843589524,0.5434906086925955,101_135,136_160,137.0,,20,9.472781556562168,4.3182,120.0,103.741,276.0,99.4231,29.0,68.9461,95.0,69.7171,-0.0941,1.3427,-0.2029,16.46,17.87,49.1503,17.0438,30.9123,31.2799,49.0121,18.506,27.2968,31.449,27.8182,52.2131,68.2513,9.9531,0.1129,7.3567,48.6455,29.2087,30.3831,51.4554,0.0969,7.2196,52.0566,41.5477,77.26,0.16,1.6479,35.15,0.4116,20.3728,31.5934,16.8169,48.0,119.453,48.0,102.813,63.0,67.4356,180.0,68.4756,-0.0119,11.8204,-0.7005,17.23,17.73,52.9955,15.5171,32.0127,35.1467,50.762,16.2899,30.0946,32.7047,34.5406,53.7736,73.7733,10.3419,0.0944,6.5562,54.2776,40.2103,33.3758,50.9554,0.089,6.8676,52.8764,39.9271,78.11,0.89,1.8846,31.08,0.2321,32.0782,32.0179,-12.4987,-15.712000000000003,-3.3898999999999972,1.5105000000000075,1166.21868577,928.4546795599999,277.64179762,930.2933035799999,-68.9461,126.12900834,7.11596178,26.024040000000003,0.10706662849426946,high,6,0.017844438082378244,1.7173348602292222,avoid_bad_risk_reward
2027,UC Irvine,uc irvine,BW,157.09676654086962,0.5711627292833252,101_135,101_135,,,20,9.472781556562168,5.7053,107.0,104.57,264.0,98.8649,26.0,68.3614,126.0,70.7665,-0.0291,-1.0887,0.1859,17.14,16.8,49.4684,17.7894,30.9504,35.9494,45.9179,18.7635,31.2407,26.715,33.6347,49.0858,69.7183,14.8754,0.1093,8.6405,55.0905,28.0,33.715,43.0685,0.0915,7.8358,54.7677,37.971,77.96,0.84,1.0552,30.8,0.239,22.7848,34.7162,16.8169,48.0,119.453,48.0,102.813,63.0,67.4356,180.0,68.4756,-0.0119,11.8204,-0.7005,17.23,17.73,52.9955,15.5171,32.0127,35.1467,50.762,16.2899,30.0946,32.7047,34.5406,53.7736,73.7733,10.3419,0.0944,6.5562,54.2776,40.2103,33.3758,50.9554,0.089,6.8676,52.8764,39.9271,78.11,0.89,1.8846,31.08,0.2321,32.0782,32.0179,-11.1116,-14.88300000000001,-3.9480999999999966,0.9258000000000095,1117.9588,1122.58502026,289.78754706,931.4399078399999,-68.3614,159.7484,6.02023256,26.024040000000003,0.10738537687853968,high,6,0.017897562813089945,1.7045849248584126,avoid_bad_risk_reward
2027,LIU,liu,NEC,294.18039972512673,0.194559341414487,201_250,201_250,,,20,9.472781556562168,-3.9931,216.0,105.704,239.0,109.697,188.0,67.8698,151.0,68.2123,0.1215,-9.416,1.8885,17.22,17.79,52.7875,18.9072,33.9012,34.0468,50.0494,18.782,32.9805,34.7332,35.8234,52.3944,66.6667,13.8337,0.1135,8.5562,50.1571,29.3181,32.1805,50.9198,0.1035,7.4293,49.2274,32.8557,77.43,-1.93,1.1113,22.07,0.46,24.5634,25.5777,16.8169,48.0,119.453,48.0,102.813,63.0,67.4356,180.0,68.4756,-0.0119,11.8204,-0.7005,17.23,17.73,52.9955,15.5171,32.0127,35.1467,50.762,16.2899,30.0946,32.7047,34.5406,53.7736,73.7733,10.3419,0.0944,6.5562,54.2776,40.2103,33.3758,50.9554,0.089,6.8676,52.8764,39.9271,78.11,0.89,1.8846,31.08,0.2321,32.0782,32.0179,-20.810000000000002,-13.74900000000001,6.884,0.43420000000000414,1170.58671051,1195.63463372,307.99639728,1020.2430535200001,-67.8698,-117.07010511000001,-4.43753203,26.024040000000003,0.03254262784518336,low,3,0.01084754261506112,1.6982948861926657,monitor
2027,Fresno St.,fresno state,MWC,189.22089655927147,0.4829096248371663,101_135,101_135,127.0,,20,9.472781556562168,3.2966,129.0,107.713,202.0,104.416,84.0,68.1999,136.0,69.3524,-0.0781,4.7529,-3.4498,17.28,17.18,50.6211,18.1402,27.8565,33.8227,51.4929,18.2332,30.5657,28.6102,32.1379,52.2945,75.1252,6.5892,0.0963,7.4421,49.8718,40.9373,30.7407,55.7171,0.107,8.605,51.335,43.9739,77.88,0.85,1.4608,30.68,0.1394,31.1636,32.7775,16.8169,48.0,119.453,48.0,102.813,63.0,67.4356,180.0,68.4756,-0.0119,11.8204,-0.7005,17.23,17.73,52.9955,15.5171,32.0127,35.1467,50.762,16.2899,30.0946,32.7047,34.5406,53.7736,73.7733,10.3419,0.0944,6.5562,54.2776,40.2103,33.3758,50.9554,0.089,6.8676,52.8764,39.9271,78.11,0.89,1.8846,31.08,0.2321,32.0782,32.0179,-13.5203,-11.740000000000009,1.6029999999999944,0.7643000000000058,1634.50767083,1072.62812282,295.50204398,838.3302249,-68.1999,134.95390318,4.81567328,26.024040000000003,0.10790020065580457,high,6,0.017983366775967426,1.6839919737678173,avoid_bad_risk_reward
2027,Wichita St.,wichita state,Amer,112.9828822026991,0.6923547192233541,51_75,51_75,148.0,,20,9.472781556562168,11.5518,73.0,113.144,105.0,101.592,46.0,66.9014,210.0,67.8845,-0.0419,2.418,-2.3785,17.93,17.28,49.4077,14.9284,38.0104,35.9909,47.2249,15.7119,28.7651,34.3062,33.5128,48.9669,69.2405,9.6868,0.087,6.227,41.1458,33.8497,31.5202,47.1959,0.087,7.0106,43.8215,34.3062,76.44,0.98,1.8376,28.69,0.0012,27.5037,27.3608,16.8169,48.0,119.453,48.0,102.813,63.0,67.4356,180.0,68.4756,-0.0119,11.8204,-0.7005,17.23,17.73,52.9955,15.5171,32.0127,35.1467,50.762,16.2899,30.0946,32.7047,34.5406,53.7736,73.7733,10.3419,0.0944,6.5562,54.2776,40.2103,33.3758,50.9554,0.089,6.8676,52.8764,39.9271,78.11,0.89,1.8846,31.08,0.2321,32.0782,32.0179,-5.2651,-6.3089999999999975,-1.2210000000000036,-0.5341999999999985,1351.5203568700001,1118.51651024,243.18214315999998,1143.9077838399999,-66.9014,391.02496446,21.22758768,26.024040000000003,0.1579822599335378,very_high,8,0.019747782491692224,1.6807096026584887,avoid_unless_needed
2027,Pepperdine,pepperdine,WCC,244.986213845291,0.32970820372172804,201_250,251_300,154.0,,20,9.472781556562168,-8.3186,263.0,105.264,251.0,113.583,265.0,68.6637,109.0,69.4309,-0.0183,2.5474,-2.5464,17.45,17.16,47.6231,18.3244,29.0654,33.8488,54.268,16.5633,34.0176,28.4711,31.3869,47.9736,75.8037,7.5181,0.0847,7.3774,56.2155,39.2325,35.4752,54.9819,0.1095,8.0913,56.078,40.3566,78.31,1.61,1.0101,25.64,0.1043,30.5542,33.2636,16.8169,48.0,119.453,48.0,102.813,63.0,67.4356,180.0,68.4756,-0.0119,11.8204,-0.7005,17.23,17.73,52.9955,15.5171,32.0127,35.1467,50.762,16.2899,30.0946,32.7047,34.5406,53.7736,73.7733,10.3419,0.0944,6.5562,54.2776,40.2103,33.3758,50.9554,0.089,6.8676,52.8764,39.9271,78.11,0.89,1.8846,31.08,0.2321,32.0782,32.0179,-25.1355,-14.189000000000007,10.769999999999996,1.228100000000012,1566.4399507500002,1047.56289702,298.50264356,874.71158684,-68.6637,-326.35947450000003,-8.40261786,26.024040000000003,0.03520256498543396,low,3,0.011734188328477987,1.5918974005826416,monitor
2027,Abilene Christian,abilene christian,WAC,249.1641730087521,0.31823029393199975,201_250,201_250,,,20,9.472781556562168,-6.6237,245.0,101.154,312.0,107.778,140.0,67.8687,152.0,68.934,0.0291,-0.1147,0.5689,17.69,16.88,47.4695,20.7085,30.9408,41.6463,56.4637,23.4055,29.1215,53.4884,31.0409,47.9129,70.4246,7.5195,0.1387,8.3797,54.1007,32.8049,40.8676,54.3945,0.1233,9.5356,50.6793,29.959,76.65,-0.84,1.2702,34.3,0.391,24.5829,24.2329,16.8169,48.0,119.453,48.0,102.813,63.0,67.4356,180.0,68.4756,-0.0119,11.8204,-0.7005,17.23,17.73,52.9955,15.5171,32.0127,35.1467,50.762,16.2899,30.0946,32.7047,34.5406,53.7736,73.7733,10.3419,0.0944,6.5562,54.2776,40.2103,33.3758,50.9554,0.089,6.8676,52.8764,39.9271,78.11,0.89,1.8846,31.08,0.2321,32.0782,32.0179,-23.4406,-18.299000000000007,4.965000000000003,0.43310000000001025,1309.8045227900002,1036.01487022,337.33939415,931.1509996799999,-67.8687,-217.28981613000005,-8.41342374,26.024040000000003,0.035357925662726594,low,3,0.011785975220908865,1.5856829734909361,monitor
2027,Fordham,fordham,A10,210.1257609011379,0.4254786788430277,136_160,136_160,84.0,,20,9.472781556562168,0.7146,160.0,104.871,257.0,104.157,80.0,64.4387,325.0,64.5411,-0.0557,-2.1844,-16.3313,19.51,17.39,48.6111,17.1866,34.1108,26.4184,49.9373,17.2398,26.8882,30.2632,28.858,51.9157,70.2461,6.8478,0.108,8.2474,52.4005,38.2979,33.432,49.7826,0.0894,6.4383,60.6725,42.3559,77.84,1.38,1.8589,29.78,0.0088,28.6371,35.2391,16.8169,48.0,119.453,48.0,102.813,63.0,67.4356,180.0,68.4756,-0.0119,11.8204,-0.7005,17.23,17.73,52.9955,15.5171,32.0127,35.1467,50.762,16.2899,30.0946,32.7047,34.5406,53.7736,73.7733,10.3419,0.0944,6.5562,54.2776,40.2103,33.3758,50.9554,0.089,6.8676,52.8764,39.9271,78.11,0.89,1.8846,31.08,0.2321,32.0782,32.0179,-16.1023,-14.582000000000008,1.343999999999994,-2.9968999999999966,1529.12408309,963.1588363999999,279.96799533999996,1026.55088168,-64.4387,27.36767934,1.32836994,26.024040000000003,0.08549267040642113,high,5,0.017098534081284224,1.580293183743155,avoid_unless_needed
2027,Wofford,wofford,SC,243.75059640724922,0.33310275712294163,201_250,251_300,,,20,9.472781556562168,-7.1758,251.0,109.308,167.0,116.484,311.0,67.8347,157.0,68.4052,0.0732,-7.7174,-4.5161,17.74,17.23,52.5014,13.3958,29.7872,36.2424,53.8284,14.9489,28.9552,36.8451,34.9677,52.5391,70.8589,8.6351,0.0815,5.2904,51.1743,43.0795,36.3636,53.389,0.0811,6.795,50.5521,37.9965,75.87,-1.67,0.9798,29.04,0.1405,34.581,30.5473,16.8169,48.0,119.453,48.0,102.813,63.0,67.4356,180.0,68.4756,-0.0119,11.8204,-0.7005,17.23,17.73,52.9955,15.5171,32.0127,35.1467,50.762,16.2899,30.0946,32.7047,34.5406,53.7736,73.7733,10.3419,0.0944,6.5562,54.2776,40.2103,33.3758,50.9554,0.089,6.8676,52.8764,39.9271,78.11,0.89,1.8846,31.08,0.2321,32.0782,32.0179,-23.9927,-10.144999999999996,13.670999999999992,0.39910000000000423,1720.0395044500003,1167.0749616599999,218.21624242,896.4338691199999,-67.8347,-309.1298761,-7.03084884,26.024040000000003,0.035651299955005364,low,3,0.011883766651668454,1.5739480017997853,monitor
2027,Tarleton St.,tarleton state,WAC,252.59908489319696,0.3087937228208874,201_250,201_250,,,20,9.472781556562168,-4.4485,220.0,104.343,266.0,108.791,161.0,69.2832,78.0,70.2145,-0.0408,0.3794,3.7101,17.34,16.86,48.3008,20.0223,31.5353,41.9132,53.5834,23.3845,35.1351,47.6892,32.4675,48.1728,74.1742,9.7066,0.1365,9.9861,41.7021,24.2291,34.9259,54.4018,0.1004,9.7352,55.4755,40.6564,75.54,-1.89,1.3057,44.25,0.2221,18.482,29.9859,16.8169,48.0,119.453,48.0,102.813,63.0,67.4356,180.0,68.4756,-0.0119,11.8204,-0.7005,17.23,17.73,52.9955,15.5171,32.0127,35.1467,50.762,16.2899,30.0946,32.7047,34.5406,53.7736,73.7733,10.3419,0.0944,6.5562,54.2776,40.2103,33.3758,50.9554,0.089,6.8676,52.8764,39.9271,78.11,0.89,1.8846,31.08,0.2321,32.0782,32.0179,-21.2654,-15.11,5.977999999999994,1.8476,967.39769861,1083.6287865,326.16126477,949.04223938,-69.2832,-107.78315135,-5.8084064500000006,26.024040000000003,0.03572438822237857,low,3,0.011908129407459523,1.5710244711048573,monitor
2027,Kansas City,umkc,Sum,262.2999672700662,0.2821429470602577,251_300,301_plus,,,20,9.472781556562168,-25.4268,358.0,91.9976,361.0,117.424,324.0,69.8398,56.0,71.4274,-0.0174,-2.1913,5.4603,17.3,16.35,45.7472,18.1691,26.3645,29.179,56.2677,16.4269,35.9294,31.4237,28.4109,47.5701,66.1943,8.1784,0.0886,7.3174,46.2099,36.7986,37.5546,56.2268,0.1085,7.5663,52.3754,38.9677,76.9,-0.24,0.8662,30.0,0.1997,28.3049,32.6169,16.8169,48.0,119.453,48.0,102.813,63.0,67.4356,180.0,68.4756,-0.0119,11.8204,-0.7005,17.23,17.73,52.9955,15.5171,32.0127,35.1467,50.762,16.2899,30.0946,32.7047,34.5406,53.7736,73.7733,10.3419,0.0944,6.5562,54.2776,40.2103,33.3758,50.9554,0.089,6.8676,52.8764,39.9271,78.11,0.89,1.8846,31.08,0.2321,32.0782,32.0179,-42.243700000000004,-27.455399999999997,14.611000000000004,2.404200000000003,1469.2613820600002,948.23651622,295.97282208999997,793.4290817,-69.8398,-935.67064248,-22.02469416,26.024040000000003,0.010957403264529717,very_low,2,0.005478701632264858,1.5617038694188112,low_value
2027,Georgia Southern,georgia southern,SB,277.3020881270748,0.24092832932122307,201_250,201_250,164.0,,20,9.472781556562168,-6.0704,234.0,110.277,150.0,116.347,310.0,70.1292,42.0,71.0937,0.0567,-6.0504,-6.8157,16.44,17.31,51.3955,14.6393,28.7902,39.6405,52.3329,18.7765,35.1897,41.366,33.3656,52.6852,74.3437,9.8569,0.113,5.6091,41.1379,48.912,34.3484,52.8617,0.0903,7.4788,46.3569,39.4901,76.87,-0.37,1.4438,33.79,0.1009,37.0172,30.0853,16.8169,48.0,119.453,48.0,102.813,63.0,67.4356,180.0,68.4756,-0.0119,11.8204,-0.7005,17.23,17.73,52.9955,15.5171,32.0127,35.1467,50.762,16.2899,30.0946,32.7047,34.5406,53.7736,73.7733,10.3419,0.0944,6.5562,54.2776,40.2103,33.3758,50.9554,0.089,6.8676,52.8764,39.9271,78.11,0.89,1.8846,31.08,0.2321,32.0782,32.0179,-22.8873,-9.176000000000002,13.533999999999992,2.6936000000000035,1952.9143152000001,1113.6035924799999,238.47273307,866.42955292,-70.1292,-296.91540480000003,-8.76444352,26.024040000000003,0.03609934829005103,low,3,0.012033116096683677,1.556026068397959,monitor
2027,Cal St. Bakersfield,cal state bakersfield,BW,283.49338866714214,0.22391926190345568,251_300,301_plus,,,20,9.472781556562168,-15.5446,327.0,101.86,304.0,117.404,323.0,70.1114,43.0,72.6288,0.0123,-0.0925,0.1555,17.22,15.92,45.6867,18.8631,30.4464,42.2247,54.0323,17.8992,35.5805,42.6585,29.0196,46.5655,73.7903,13.5949,0.1019,8.4448,44.5964,28.9444,36.0399,54.0146,0.1042,7.7105,54.0828,39.0434,77.12,-0.52,1.9888,36.57,0.2831,20.5651,30.3357,16.8169,48.0,119.453,48.0,102.813,63.0,67.4356,180.0,68.4756,-0.0119,11.8204,-0.7005,17.23,17.73,52.9955,15.5171,32.0127,35.1467,50.762,16.2899,30.0946,32.7047,34.5406,53.7736,73.7733,10.3419,0.0944,6.5562,54.2776,40.2103,33.3758,50.9554,0.089,6.8676,52.8764,39.9271,78.11,0.89,1.8846,31.08,0.2321,32.0782,32.0179,-32.3615,-17.593000000000004,14.590999999999994,2.6758000000000095,1155.6659532400001,968.55236568,307.27801268999997,916.27222944,-70.1114,-449.92912024000003,-30.91510048,26.024040000000003,0.012546235433631581,very_low,2,0.006273117716815791,1.4981505826547368,low_value
2027,Nicholls,nicholls state,Slnd,293.5573827296859,0.1962709265667969,201_250,201_250,,,20,9.472781556562168,-6.2885,237.0,105.823,237.0,112.112,236.0,68.2299,135.0,68.3301,0.0437,-0.4162,9.0655,17.34,17.57,50.6284,17.4246,28.1086,34.4809,54.3689,20.4888,33.7411,37.9212,33.2503,51.2171,66.2441,8.1937,0.1267,8.2321,52.0807,43.8798,34.5643,55.959,0.0919,7.8205,56.1677,38.6636,77.63,-0.11,1.8401,32.69,0.2951,35.2708,28.9843,16.8169,48.0,119.453,48.0,102.813,63.0,67.4356,180.0,68.4756,-0.0119,11.8204,-0.7005,17.23,17.73,52.9955,15.5171,32.0127,35.1467,50.762,16.2899,30.0946,32.7047,34.5406,53.7736,73.7733,10.3419,0.0944,6.5562,54.2776,40.2103,33.3758,50.9554,0.089,6.8676,52.8764,39.9271,78.11,0.89,1.8846,31.08,0.2321,32.0782,32.0179,-23.1054,-13.63000000000001,9.298999999999992,0.7943000000000069,1751.9931625800002,1109.75536274,283.84499154,845.91707356,-68.2299,-275.93812230000003,-11.57146885,26.024040000000003,0.037580546615959394,low,3,0.012526848871986464,1.4967781353616243,monitor
2027,Green Bay,green bay,Horz,273.0317040097233,0.25266015381944146,201_250,201_250,,,20,9.472781556562168,-3.5298,211.0,112.66,113.0,116.19,308.0,62.9242,360.0,64.7061,0.0643,-2.369,5.6579,19.65,17.31,54.8977,15.9726,25.0825,41.5995,53.5858,13.1539,29.5969,37.4068,36.4393,55.0395,77.4963,8.4008,0.0648,6.577,54.5103,37.2598,36.2914,52.9352,0.094,6.6759,57.7164,43.3161,76.8,-1.36,1.4408,24.46,0.403,28.6774,34.949,16.8169,48.0,119.453,48.0,102.813,63.0,67.4356,180.0,68.4756,-0.0119,11.8204,-0.7005,17.23,17.73,52.9955,15.5171,32.0127,35.1467,50.762,16.2899,30.0946,32.7047,34.5406,53.7736,73.7733,10.3419,0.0944,6.5562,54.2776,40.2103,33.3758,50.9554,0.089,6.8676,52.8764,39.9271,78.11,0.89,1.8846,31.08,0.2321,32.0782,32.0179,-20.3467,-6.793000000000006,13.376999999999995,-4.511399999999995,1487.67576058,1216.19078894,260.19205674,754.8478044999999,-62.9242,-131.51964203999998,-5.08573584,26.024040000000003,0.03767094387585537,low,3,0.012556981291951791,1.493162244965785,monitor
2027,San Jose St.,san jose state,MWC,262.95887211763375,0.28033276890759967,201_250,201_250,88.0,,20,9.472781556562168,-4.7331,222.0,112.503,115.0,117.236,318.0,65.1454,303.0,65.7593,-0.0119,7.1866,1.6372,18.99,17.51,49.6716,15.15,29.3213,33.4428,57.1309,17.4225,36.4693,35.3468,35.2857,47.6486,73.8134,6.4457,0.0876,6.9122,42.2194,38.3142,36.0399,59.116,0.0824,8.6639,57.6536,39.2617,76.58,-0.35,0.9493,29.79,0.1758,32.7008,29.9408,16.8169,48.0,119.453,48.0,102.813,63.0,67.4356,180.0,68.4756,-0.0119,11.8204,-0.7005,17.23,17.73,52.9955,15.5171,32.0127,35.1467,50.762,16.2899,30.0946,32.7047,34.5406,53.7736,73.7733,10.3419,0.0944,6.5562,54.2776,40.2103,33.3758,50.9554,0.089,6.8676,52.8764,39.9271,78.11,0.89,1.8846,31.08,0.2321,32.0782,32.0179,-21.55,-6.950000000000003,14.423000000000002,-2.2901999999999987,1529.77489482,1177.6884660599999,246.79198499999998,882.4127949800001,-65.1454,-181.34494002,-4.49313183,26.024040000000003,0.03843984537455314,low,3,0.012813281791517714,1.4624061850178744,monitor
2027,Elon,elon,CAA,266.9844010225229,0.2692736235644976,201_250,201_250,,,20,9.472781556562168,-5.8599,231.0,110.098,154.0,115.958,304.0,66.8608,212.0,67.9892,-0.0301,-2.7547,-3.277,17.74,17.6,52.2006,15.9308,32.1828,33.5376,53.9598,16.4135,33.5244,34.6347,34.2784,52.7969,71.4286,8.9447,0.0961,6.5171,54.602,43.2312,36.4662,53.3668,0.0941,6.8068,56.0827,44.5064,77.71,-0.04,1.3343,32.84,0.1028,34.6354,36.7115,16.8169,48.0,119.453,48.0,102.813,63.0,67.4356,180.0,68.4756,-0.0119,11.8204,-0.7005,17.23,17.73,52.9955,15.5171,32.0127,35.1467,50.762,16.2899,30.0946,32.7047,34.5406,53.7736,73.7733,10.3419,0.0944,6.5562,54.2776,40.2103,33.3758,50.9554,0.089,6.8676,52.8764,39.9271,78.11,0.89,1.8846,31.08,0.2321,32.0782,32.0179,-22.6768,-9.355000000000004,13.144999999999996,-0.5747999999999962,1726.09644552,1144.0690227199998,259.51113892,968.52849288,-66.8608,-253.33050888,-7.81886457,26.024040000000003,0.038476542820790514,low,3,0.012825514273596838,1.4609382871683794,monitor
2027,Southern Miss,southern miss,SB,272.8575684179434,0.2531385483023533,201_250,201_250,,,20,9.472781556562168,-4.2482,219.0,105.323,248.0,109.571,182.0,69.341,77.0,69.6181,0.0426,-3.9902,0.9117,17.69,16.8,49.0415,18.3643,32.5459,43.2375,51.3535,17.7593,28.7839,43.6383,28.9425,51.3069,73.6453,10.5451,0.1046,8.3396,43.7722,28.7007,34.478,51.1171,0.1002,7.3025,47.0231,39.4153,77.76,-0.55,0.9267,29.27,0.0275,19.1803,30.4982,16.8169,48.0,119.453,48.0,102.813,63.0,67.4356,180.0,68.4756,-0.0119,11.8204,-0.7005,17.23,17.73,52.9955,15.5171,32.0127,35.1467,50.762,16.2899,30.0946,32.7047,34.5406,53.7736,73.7733,10.3419,0.0944,6.5562,54.2776,40.2103,33.3758,50.9554,0.089,6.8676,52.8764,39.9271,78.11,0.89,1.8846,31.08,0.2321,32.0782,32.0179,-21.0651,-14.13000000000001,6.757999999999996,1.9054000000000002,1145.9357189700002,965.9790914999999,299.15261057,979.4558421400001,-69.341,-121.92631374,-3.9368069399999994,26.024040000000003,0.039100129632250735,low,3,0.013033376544083578,1.4359948147099706,monitor
2027,Norfolk St.,norfolk state,MEAC,288.9544651667471,0.20891630448695844,251_300,301_plus,163.0,,20,9.472781556562168,-15.2571,325.0,101.508,308.0,116.765,315.0,68.2558,131.0,69.1255,-0.0189,-12.0225,0.1627,17.27,17.6,49.2967,18.7031,32.4769,43.5422,51.7208,18.8064,32.286,45.3247,34.238,48.3871,68.1351,8.6763,0.094,7.9566,45.8636,30.6266,31.9813,54.3938,0.1075,9.4032,58.0692,41.6234,76.65,-0.95,1.591,33.51,0.0273,24.5264,29.4118,16.8169,48.0,119.453,48.0,102.813,63.0,67.4356,180.0,68.4756,-0.0119,11.8204,-0.7005,17.23,17.73,52.9955,15.5171,32.0127,35.1467,50.762,16.2899,30.0946,32.7047,34.5406,53.7736,73.7733,10.3419,0.0944,6.5562,54.2776,40.2103,33.3758,50.9554,0.089,6.8676,52.8764,39.9271,78.11,0.89,1.8846,31.08,0.2321,32.0782,32.0179,-32.074,-17.945000000000007,13.951999999999998,0.8201999999999998,1222.83132086,1142.7206403999999,304.67162869,977.37931474,-68.2558,-467.27309886,-24.2740461,26.024040000000003,0.014300650761012411,very_low,2,0.0071503253805062054,1.4279739695595035,low_value
2027,Florida Gulf Coast,florida gulf coast,ASun,256.90045051056296,0.2969767843116402,201_250,201_250,,,20,9.472781556562168,-6.5748,244.0,105.687,240.0,112.262,241.0,67.6019,171.0,69.0723,-0.0291,-6.0818,0.2064,17.25,17.32,51.9878,15.9157,31.1034,29.052,53.4128,16.4969,28.2051,38.299,33.2005,53.3499,72.1053,11.0664,0.1095,6.7508,51.9553,38.3792,35.446,53.6217,0.0916,5.5437,53.2934,46.1538,76.78,-0.46,1.421,29.77,0.3994,30.5998,36.3126,16.8169,48.0,119.453,48.0,102.813,63.0,67.4356,180.0,68.4756,-0.0119,11.8204,-0.7005,17.23,17.73,52.9955,15.5171,32.0127,35.1467,50.762,16.2899,30.0946,32.7047,34.5406,53.7736,73.7733,10.3419,0.0944,6.5562,54.2776,40.2103,33.3758,50.9554,0.089,6.8676,52.8764,39.9271,78.11,0.89,1.8846,31.08,0.2321,32.0782,32.0179,-23.3917,-13.766000000000005,9.448999999999998,0.16630000000000678,1532.37015632,1108.0932478999998,259.26516143,936.04438164,-67.6019,-252.33556415999996,-9.3427908,26.024040000000003,0.03941195731228658,low,3,0.013137319104095527,1.4235217075085367,monitor
2027,Detroit Mercy,detroit,Horz,274.78082280829955,0.24785488239478143,201_250,201_250,,,20,9.472781556562168,-4.1104,218.0,108.036,188.0,112.147,238.0,68.8265,102.0,69.7525,0.0667,-2.5606,7.3247,17.45,17.01,49.4823,16.009,33.2715,32.5886,52.1703,14.432,30.8123,37.6183,35.0442,48.1102,78.9298,9.6023,0.0827,7.1204,48.4549,30.7902,33.2898,53.8312,0.0889,6.1647,58.2716,42.6266,77.15,-0.12,1.5018,36.53,0.5445,25.9615,32.4015,16.8169,48.0,119.453,48.0,102.813,63.0,67.4356,180.0,68.4756,-0.0119,11.8204,-0.7005,17.23,17.73,52.9955,15.5171,32.0127,35.1467,50.762,16.2899,30.0946,32.7047,34.5406,53.7736,73.7733,10.3419,0.0944,6.5562,54.2776,40.2103,33.3758,50.9554,0.089,6.8676,52.8764,39.9271,78.11,0.89,1.8846,31.08,0.2321,32.0782,32.0179,-20.927300000000002,-11.417000000000002,9.334000000000003,1.390900000000002,1229.36339442,1169.62821036,260.78500909999997,1001.2924839000001,-68.8265,-126.56003808,-6.172998720000001,26.024040000000003,0.039525939878838706,low,3,0.013175313292946236,1.4189624048464518,monitor
2027,Rice,rice,Amer,260.34573613043017,0.28751171392738967,201_250,201_250,152.0,,20,9.472781556562168,-4.9391,225.0,108.911,177.0,113.85,270.0,65.5454,280.0,66.7303,0.0093,-0.2764,-2.2881,18.39,17.3,48.5328,17.8762,35.341,33.8895,51.0059,15.6924,34.5296,40.4142,34.2894,46.241,68.0815,10.2752,0.095,6.9067,46.2079,44.1312,34.0,51.0092,0.1097,6.1957,47.3684,35.503,76.99,-0.69,1.9301,32.0,0.2844,37.7874,27.4933,16.8169,48.0,119.453,48.0,102.813,63.0,67.4356,180.0,68.4756,-0.0119,11.8204,-0.7005,17.23,17.73,52.9955,15.5171,32.0127,35.1467,50.762,16.2899,30.0946,32.7047,34.5406,53.7736,73.7733,10.3419,0.0944,6.5562,54.2776,40.2103,33.3758,50.9554,0.089,6.8676,52.8764,39.9271,78.11,0.89,1.8846,31.08,0.2321,32.0782,32.0179,-21.756,-10.542000000000002,11.036999999999992,-1.890199999999993,1762.0308355200002,1144.43615652,291.20151038,1063.5732586,-65.5454,-217.96840992,-9.53295691,26.024040000000003,0.03983246859057773,low,3,0.013277489530192576,1.4067012563768908,monitor
2027,Southeast Missouri,southeast missouri state,OVC,269.68550409957754,0.2618530107154463,201_250,201_250,,,20,9.472781556562168,-5.9587,232.0,102.19,298.0,108.149,144.0,68.9411,96.0,69.9208,0.0314,-8.4165,4.0584,16.82,17.6,49.8558,16.8601,29.5388,38.812,48.8037,18.0949,28.2389,47.9755,30.9295,51.8018,69.5394,9.9174,0.0912,6.9815,45.7031,35.9862,33.0869,48.393,0.0988,8.9762,43.9093,33.1902,76.25,-1.26,1.27,31.75,0.5264,26.3541,24.7694,16.8169,48.0,119.453,48.0,102.813,63.0,67.4356,180.0,68.4756,-0.0119,11.8204,-0.7005,17.23,17.73,52.9955,15.5171,32.0127,35.1467,50.762,16.2899,30.0946,32.7047,34.5406,53.7736,73.7733,10.3419,0.0944,6.5562,54.2776,40.2103,33.3758,50.9554,0.089,6.8676,52.8764,39.9271,78.11,0.89,1.8846,31.08,0.2321,32.0782,32.0179,-22.7756,-17.263000000000005,5.3359999999999985,1.505500000000012,1436.82460602,1032.2968061,274.64934299,888.95837048,-68.9411,-214.43096993999998,-7.5675490000000005,26.024040000000003,0.03988104789853073,low,3,0.013293682632843577,1.4047580840587708,monitor
2027,La Salle,la salle,A10,270.24656709100793,0.26031162887085735,201_250,201_250,,,20,9.472781556562168,-5.5778,228.0,105.918,235.0,111.496,222.0,65.8536,268.0,66.4137,-0.0285,5.2334,3.744,18.43,17.5,45.3872,18.2143,33.6879,37.4715,54.9519,17.1457,32.3529,31.4658,30.0181,45.5528,72.4924,7.8355,0.1005,8.1114,56.0224,31.492,36.4611,55.142,0.101,7.0914,60.7186,42.2184,77.49,-0.19,1.5293,42.33,0.0396,24.0232,35.1119,16.8169,48.0,119.453,48.0,102.813,63.0,67.4356,180.0,68.4756,-0.0119,11.8204,-0.7005,17.23,17.73,52.9955,15.5171,32.0127,35.1467,50.762,16.2899,30.0946,32.7047,34.5406,53.7736,73.7733,10.3419,0.0944,6.5562,54.2776,40.2103,33.3758,50.9554,0.089,6.8676,52.8764,39.9271,78.11,0.89,1.8846,31.08,0.2321,32.0782,32.0179,-22.3947,-13.534999999999997,8.682999999999993,-1.5819999999999936,1257.3842332000002,1001.87810198,296.70912557,1013.82387534,-65.8536,-175.6560776,-8.53012954,26.024040000000003,0.04008054054618045,low,3,0.013360180182060151,1.3967783781527818,monitor
2027,Old Dominion,old dominion,SB,241.88608471978438,0.3382250419786144,201_250,201_250,,,20,9.472781556562168,-7.0245,248.0,106.095,228.0,113.12,254.0,69.0103,90.0,70.2952,-0.0734,-3.3276,4.4431,17.15,16.91,50.6544,15.4916,26.0643,34.712,50.7648,14.4764,30.3322,42.0359,35.9307,48.8085,73.3032,7.8838,0.0799,6.2672,48.9917,36.2827,31.9826,52.3651,0.0922,6.4879,51.4085,36.4451,77.32,-0.02,1.6272,34.16,0.2692,30.855,26.3409,16.8169,48.0,119.453,48.0,102.813,63.0,67.4356,180.0,68.4756,-0.0119,11.8204,-0.7005,17.23,17.73,52.9955,15.5171,32.0127,35.1467,50.762,16.2899,30.0946,32.7047,34.5406,53.7736,73.7733,10.3419,0.0944,6.5562,54.2776,40.2103,33.3758,50.9554,0.089,6.8676,52.8764,39.9271,78.11,0.89,1.8846,31.08,0.2321,32.0782,32.0179,-23.8414,-13.358000000000004,10.307000000000002,1.574700000000007,1448.66299117,1199.21585706,252.35661484,784.3946827799999,-69.0103,-254.86782614999998,-11.430266399999999,26.024040000000003,0.04026461387917289,low,3,0.013421537959724297,1.3894154448330842,monitor
2027,Lamar,lamar,Slnd,272.4087743109689,0.2543714991456898,201_250,201_250,,,20,9.472781556562168,-6.3056,238.0,103.175,285.0,109.481,179.0,65.6404,275.0,65.8032,-0.0892,-2.9961,-1.0171,17.89,18.21,47.7629,18.0545,35.6874,27.9489,50.9397,17.3239,29.4301,44.394,32.8767,46.9657,70.6861,12.7461,0.0918,6.6269,55.3719,33.9338,35.2941,49.7409,0.1143,8.1402,57.7485,37.4595,77.2,0.75,1.3339,32.8,0.4491,29.0323,29.9413,16.8169,48.0,119.453,48.0,102.813,63.0,67.4356,180.0,68.4756,-0.0119,11.8204,-0.7005,17.23,17.73,52.9955,15.5171,32.0127,35.1467,50.762,16.2899,30.0946,32.7047,34.5406,53.7736,73.7733,10.3419,0.0944,6.5562,54.2776,40.2103,33.3758,50.9554,0.089,6.8676,52.8764,39.9271,78.11,0.89,1.8846,31.08,0.2321,32.0782,32.0179,-23.122500000000002,-16.278000000000006,6.667999999999992,-1.7951999999999941,1354.87822598,1097.28616386,294.10599955,1073.9980280399998,-65.6404,-213.97296928,-8.41103984,26.024040000000003,0.04158764743425372,low,3,0.01386254914475124,1.3364941026298511,monitor
2027,St. Thomas,saint thomas,Sum,190.93718601294128,0.478194543920491,101_135,101_135,,,20,9.472781556562168,4.9182,115.0,112.917,108.0,107.999,142.0,68.3791,125.0,69.702,-0.0321,-5.6435,-1.3932,16.91,17.51,58.8814,14.3468,22.624,33.783,50.6876,17.031,26.6106,30.6931,36.0437,63.0366,68.7188,7.4697,0.1069,6.618,56.7297,46.3182,31.7269,52.8478,0.0773,6.3404,52.9265,41.0891,76.97,-1.02,0.9274,31.55,0.4138,35.5263,31.3769,16.8169,48.0,119.453,48.0,102.813,63.0,67.4356,180.0,68.4756,-0.0119,11.8204,-0.7005,17.23,17.73,52.9955,15.5171,32.0127,35.1467,50.762,16.2899,30.0946,32.7047,34.5406,53.7736,73.7733,10.3419,0.0944,6.5562,54.2776,40.2103,33.3758,50.9554,0.089,6.8676,52.8764,39.9271,78.11,0.89,1.8846,31.08,0.2321,32.0782,32.0179,-11.898700000000002,-6.536000000000001,5.185999999999993,0.9435000000000002,1849.35140322,1202.9873224599999,233.70793731999998,680.8602304,-68.3791,227.80217123999998,4.56113868,26.024040000000003,0.11664851973609607,high,6,0.01944141995601601,1.3340592105561573,avoid_bad_risk_reward
2027,Little Rock,little rock,OVC,264.71456657744756,0.27550943247953963,251_300,301_plus,,,20,9.472781556562168,-13.0461,310.0,102.763,289.0,115.809,303.0,66.6795,223.0,67.5963,-0.0327,-6.7833,4.4065,18.03,17.14,49.4587,18.4921,31.4745,27.7493,51.7614,18.5415,36.597,33.0682,35.2941,47.8943,67.9671,12.1905,0.1114,7.89,51.1658,30.9972,34.3662,51.9048,0.106,7.3969,53.7389,40.3409,78.5,0.09,1.6194,19.83,0.3809,27.8665,32.8989,16.8169,48.0,119.453,48.0,102.813,63.0,67.4356,180.0,68.4756,-0.0119,11.8204,-0.7005,17.23,17.73,52.9955,15.5171,32.0127,35.1467,50.762,16.2899,30.0946,32.7047,34.5406,53.7736,73.7733,10.3419,0.0944,6.5562,54.2776,40.2103,33.3758,50.9554,0.089,6.8676,52.8764,39.9271,78.11,0.89,1.8846,31.08,0.2321,32.0782,32.0179,-29.863,-16.689999999999998,12.995999999999995,-0.7560999999999893,1237.6283041200002,1177.96882278,301.23445979,947.2124877,-66.6795,-404.39257091999997,-21.126854339999998,26.024040000000003,0.016650431208171577,very_low,2,0.008325215604085789,1.3339827516731368,low_value
2027,Weber St.,weber state,BSky,273.1869917801665,0.2522335390654765,201_250,201_250,,,20,9.472781556562168,-2.9255,202.0,111.521,130.0,114.446,282.0,68.5567,117.0,69.836,-0.0312,-2.479,-1.5651,17.12,17.21,51.6732,15.6926,31.8225,39.1523,54.4832,16.2582,27.6723,36.3792,34.5238,51.6183,72.9345,4.2951,0.098,6.7389,45.9394,32.7942,33.5294,57.1429,0.0895,6.4561,50.3571,38.835,76.25,-1.27,1.1592,34.3,0.3669,25.7505,28.8364,16.8169,48.0,119.453,48.0,102.813,63.0,67.4356,180.0,68.4756,-0.0119,11.8204,-0.7005,17.23,17.73,52.9955,15.5171,32.0127,35.1467,50.762,16.2899,30.0946,32.7047,34.5406,53.7736,73.7733,10.3419,0.0944,6.5562,54.2776,40.2103,33.3758,50.9554,0.089,6.8676,52.8764,39.9271,78.11,0.89,1.8846,31.08,0.2321,32.0782,32.0179,-19.7424,-7.932000000000002,11.632999999999996,1.1211000000000126,1309.37730282,1152.25944404,255.63088474,957.6854085,-68.5567,-95.93943209999999,-3.3912396,26.024040000000003,0.043106484995794885,low,3,0.014368828331931628,1.2757406001682046,monitor
2027,Western Carolina,western carolina,SC,244.47510331570533,0.3311123535282821,201_250,201_250,149.0,,20,9.472781556562168,-5.4484,227.0,109.302,168.0,114.751,287.0,67.8379,156.0,68.7552,-0.0148,-4.0804,9.437,18.0,16.96,50.4454,16.7695,35.386,31.2918,54.919,14.5303,26.294,37.7924,33.4694,50.6126,71.3523,7.3482,0.0831,7.8623,44.3167,40.9243,36.6758,54.8456,0.0891,6.2201,48.0818,43.6713,77.28,0.65,1.4669,35.18,0.3394,33.3484,34.9629,16.8169,48.0,119.453,48.0,102.813,63.0,67.4356,180.0,68.4756,-0.0119,11.8204,-0.7005,17.23,17.73,52.9955,15.5171,32.0127,35.1467,50.762,16.2899,30.0946,32.7047,34.5406,53.7736,73.7733,10.3419,0.0944,6.5562,54.2776,40.2103,33.3758,50.9554,0.089,6.8676,52.8764,39.9271,78.11,0.89,1.8846,31.08,0.2321,32.0782,32.0179,-22.2653,-10.150999999999996,11.938000000000002,0.402300000000011,1633.9886185300002,1117.06800052,273.17347805,1064.9275156,-67.8379,-222.97195612000002,-7.992257960000001,26.024040000000003,0.0431886961809031,low,3,0.014396232060301032,1.2724521527638761,monitor
2027,Morehead St.,morehead state,OVC,278.0610774859239,0.23884319371998944,251_300,251_300,,,20,9.472781556562168,-10.5036,283.0,106.859,215.0,117.362,320.0,65.3755,292.0,66.8491,0.1605,-7.3832,5.6595,18.84,17.05,49.152,18.0094,35.77,37.7193,50.1664,15.4367,35.8059,35.6073,31.9923,49.6633,74.1085,8.2803,0.0896,7.4215,47.424,30.5263,34.517,49.1356,0.1059,6.4814,54.7893,39.046,76.68,-0.73,0.7218,33.15,0.1928,23.2052,32.1712,16.8169,48.0,119.453,48.0,102.813,63.0,67.4356,180.0,68.4756,-0.0119,11.8204,-0.7005,17.23,17.73,52.9955,15.5171,32.0127,35.1467,50.762,16.2899,30.0946,32.7047,34.5406,53.7736,73.7733,10.3419,0.0944,6.5562,54.2776,40.2103,33.3758,50.9554,0.089,6.8676,52.8764,39.9271,78.11,0.89,1.8846,31.08,0.2321,32.0782,32.0179,-27.320500000000003,-12.594000000000008,14.548999999999992,-2.0600999999999914,1218.82663273,1067.76860634,293.37132506,1076.483842,-65.3755,-320.63604468,-7.5814984800000005,26.024040000000003,0.0185973878105126,very_low,2,0.0092986939052563,1.256104487579496,low_value
2027,Quinnipiac,quinnipiac,MAAC,249.22857866807945,0.31805335530747403,201_250,201_250,,,20,9.472781556562168,-4.0881,217.0,104.368,265.0,108.457,148.0,69.9309,50.0,69.7726,0.0271,-7.5332,0.9139,16.48,18.21,48.152,15.8755,34.0929,33.8365,48.9311,17.3896,31.9635,30.6253,34.0031,46.7033,69.0769,11.5798,0.1106,6.4695,49.4479,33.6804,34.8943,47.0637,0.0941,6.3318,52.5,35.3821,78.01,0.56,1.2845,26.59,0.3349,28.7081,30.7863,16.8169,48.0,119.453,48.0,102.813,63.0,67.4356,180.0,68.4756,-0.0119,11.8204,-0.7005,17.23,17.73,52.9955,15.5171,32.0127,35.1467,50.762,16.2899,30.0946,32.7047,34.5406,53.7736,73.7733,10.3419,0.0944,6.5562,54.2776,40.2103,33.3758,50.9554,0.089,6.8676,52.8764,39.9271,78.11,0.89,1.8846,31.08,0.2321,32.0782,32.0179,-20.905,-15.085000000000008,5.643999999999991,2.4953000000000003,1344.76069884,1134.8806649800001,258.61030745,1026.01218834,-69.9309,-137.68884323999998,-5.25116445,26.024040000000003,0.044075172926341104,low,3,0.014691724308780367,1.2369930829463558,monitor
2027,High Point,high point,BSth,166.1702563391179,0.5462355595079178,101_135,136_160,59.0,,20,9.472781556562168,9.5201,85.0,117.458,62.0,107.938,141.0,70.1708,40.0,71.1885,0.0436,-7.853,-9.0325,15.87,17.97,54.521,12.8453,31.8258,40.7625,50.4992,21.2539,31.0613,35.5229,34.1928,57.0191,74.3405,10.6101,0.1407,6.0001,52.7518,43.5973,32.6425,51.5473,0.0685,7.1832,51.976,40.5675,76.33,-0.73,2.2514,35.69,0.1303,32.094,31.4738,16.8169,48.0,119.453,48.0,102.813,63.0,67.4356,180.0,68.4756,-0.0119,11.8204,-0.7005,17.23,17.73,52.9955,15.5171,32.0127,35.1467,50.762,16.2899,30.0946,32.7047,34.5406,53.7736,73.7733,10.3419,0.0944,6.5562,54.2776,40.2103,33.3758,50.9554,0.089,6.8676,52.8764,39.9271,78.11,0.89,1.8846,31.08,0.2321,32.0782,32.0179,-7.296800000000001,-1.9950000000000045,5.125,2.735200000000006,1740.71375683,1141.2120542399998,209.24865247,957.7847206800001,-70.1708,415.05065572999996,21.433553139999997,26.024040000000003,0.11916227878537117,high,6,0.01986037979756186,1.2335088485851529,avoid_bad_risk_reward
2027,Central Arkansas,central arkansas,ASun,234.25595088724782,0.35918694811195645,136_160,136_160,,,20,9.472781556562168,1.1473,151.0,110.187,152.0,109.04,166.0,68.021,144.0,68.9259,0.0409,-5.7261,5.3,17.23,17.29,53.998,15.3985,28.7565,31.1635,54.9376,19.0478,27.4345,30.0597,35.4737,54.7453,70.7237,6.8182,0.1211,6.2751,57.9661,48.693,35.2025,57.2727,0.0912,6.9427,62.2776,52.2518,77.12,-0.9,0.9621,33.27,0.1174,39.8502,41.8346,16.8169,48.0,119.453,48.0,102.813,63.0,67.4356,180.0,68.4756,-0.0119,11.8204,-0.7005,17.23,17.73,52.9955,15.5171,32.0127,35.1467,50.762,16.2899,30.0946,32.7047,34.5406,53.7736,73.7733,10.3419,0.0944,6.5562,54.2776,40.2103,33.3758,50.9554,0.089,6.8676,52.8764,39.9271,78.11,0.89,1.8846,31.08,0.2321,32.0782,32.0179,-15.6696,-9.266000000000005,6.227000000000004,0.585400000000007,1944.1702803,1183.96311646,250.84002515,865.4153649,-68.021,55.8654789,1.10381733,26.024040000000003,0.09431066498712175,high,5,0.018862132997424348,1.22757340051513,avoid_unless_needed
2027,Sam Houston St.,sam houston state,CUSA,202.68853687717302,0.44591061297479934,136_160,136_160,,,20,9.472781556562168,5.2901,111.0,113.913,96.0,108.623,155.0,70.2421,36.0,70.6456,0.0061,0.3543,5.4181,16.69,17.21,52.4543,16.7579,35.9292,34.3603,51.4286,16.073,30.1333,36.7116,37.172,50.6103,71.5805,7.5926,0.0991,7.5342,52.5656,35.8225,32.5161,53.3333,0.0922,6.1644,50.3623,41.779,76.65,-0.38,1.2594,33.73,0.0242,30.8468,31.7114,16.8169,48.0,119.453,48.0,102.813,63.0,67.4356,180.0,68.4756,-0.0119,11.8204,-0.7005,17.23,17.73,52.9955,15.5171,32.0127,35.1467,50.762,16.2899,30.0946,32.7047,34.5406,53.7736,73.7733,10.3419,0.0944,6.5562,54.2776,40.2103,33.3758,50.9554,0.089,6.8676,52.8764,39.9271,78.11,0.89,1.8846,31.08,0.2321,32.0782,32.0179,-11.526800000000001,-5.540000000000006,5.810000000000002,2.8064999999999998,1430.28853975,1240.6452375999997,272.98451521,1081.2749023200001,-70.2421,189.50460725,6.66235194,26.024040000000003,0.09438490059165756,high,5,0.018876980118331513,1.2246039763336976,avoid_unless_needed
2027,American,american,PL,250.5354414253155,0.3144630730073749,201_250,201_250,,,20,9.472781556562168,-6.4811,241.0,105.616,242.0,112.097,235.0,66.7375,219.0,66.6771,-0.0244,-8.2691,0.4238,18.23,17.65,51.5318,15.6476,26.908,28.6705,54.4061,19.197,29.3923,42.0817,32.9602,53.3477,75.8064,4.3611,0.1095,6.699,49.5389,46.474,35.5172,55.071,0.0895,8.2487,53.6716,37.037,77.08,-1.44,1.3983,30.09,0.4008,36.8226,28.3486,16.8169,48.0,119.453,48.0,102.813,63.0,67.4356,180.0,68.4756,-0.0119,11.8204,-0.7005,17.23,17.73,52.9955,15.5171,32.0127,35.1467,50.762,16.2899,30.0946,32.7047,34.5406,53.7736,73.7733,10.3419,0.0944,6.5562,54.2776,40.2103,33.3758,50.9554,0.089,6.8676,52.8764,39.9271,78.11,0.89,1.8846,31.08,0.2321,32.0782,32.0179,-23.298000000000002,-13.837000000000003,9.283999999999992,-0.6980999999999966,1855.5720454,1100.07304316,254.89783924,809.7854968,-66.7375,-301.20264139999995,-9.06252213,26.024040000000003,0.044997534933984965,low,3,0.014999178311328321,1.2000986026406015,monitor
2027,Texas A&M Corpus Chris,texas a and m corpus chris,Slnd,227.05910712814656,0.3789584969006962,161_200,161_200,170.0,,20,9.472781556562168,-0.3372,173.0,104.867,258.0,105.204,96.0,66.0593,254.0,66.5517,0.0026,-0.387,15.6612,18.38,17.29,49.4583,19.3847,31.6852,41.109,50.0661,19.0238,28.7671,46.3318,34.9594,48.0966,67.4419,7.7157,0.1047,8.7644,50.7246,31.3576,31.6288,51.4721,0.1062,8.5581,49.2582,34.8976,76.39,-0.77,0.5577,44.82,0.1605,25.9688,24.9006,16.8169,48.0,119.453,48.0,102.813,63.0,67.4356,180.0,68.4756,-0.0119,11.8204,-0.7005,17.23,17.73,52.9955,15.5171,32.0127,35.1467,50.762,16.2899,30.0946,32.7047,34.5406,53.7736,73.7733,10.3419,0.0944,6.5562,54.2776,40.2103,33.3758,50.9554,0.089,6.8676,52.8764,39.9271,78.11,0.89,1.8846,31.08,0.2321,32.0782,32.0179,-17.1541,-14.585999999999999,2.390999999999991,-1.3763000000000005,1252.0180309600003,1166.79794252,315.77482453,953.5534199199999,-66.0593,-10.57378272,-0.18805644,26.024040000000003,0.07027883808858432,medium,4,0.01756970952214608,1.1888464764566273,monitor
2027,Albany,albany,AE,285.6910665050789,0.21788168542560746,251_300,301_plus,146.0,,20,9.472781556562168,-14.9244,322.0,103.335,283.0,118.26,332.0,65.2685,297.0,65.6388,-0.0859,-7.574,4.0713,19.03,17.44,51.3457,18.5445,32.6804,24.9402,53.2228,15.8128,32.4123,35.6661,32.5914,52.8284,65.9472,11.8802,0.1019,8.1428,48.9418,37.6196,36.0061,52.686,0.104,5.6212,56.4171,40.577,77.12,0.63,0.7084,29.38,0.1291,30.8735,33.0403,16.8169,48.0,119.453,48.0,102.813,63.0,67.4356,180.0,68.4756,-0.0119,11.8204,-0.7005,17.23,17.73,52.9955,15.5171,32.0127,35.1467,50.762,16.2899,30.0946,32.7047,34.5406,53.7736,73.7733,10.3419,0.0944,6.5562,54.2776,40.2103,33.3758,50.9554,0.089,6.8676,52.8764,39.9271,78.11,0.89,1.8846,31.08,0.2321,32.0782,32.0179,-31.741300000000003,-16.11800000000001,15.447000000000003,-2.1670999999999907,1502.04153116,1087.7640481199999,302.08805055,983.50356584,-65.2685,-561.44995824,-10.57244496,26.024040000000003,0.02048429307630055,very_low,2,0.010242146538150275,1.180628276947978,low_value
2027,Marshall,marshall,SB,245.9629557146158,0.32702484693786876,201_250,201_250,,,20,9.472781556562168,-3.2251,209.0,112.092,119.0,115.317,297.0,69.3541,76.0,70.6827,0.0338,-4.5008,-1.4069,15.48,18.32,54.8896,16.5665,31.856,29.2324,50.2935,16.2927,33.8136,41.1419,36.7734,54.6742,73.0216,13.0742,0.0863,6.4806,56.5804,44.3218,33.558,50.265,0.1009,7.6672,45.9658,39.5945,77.73,1.77,1.547,34.7,0.2207,37.2895,30.5521,16.8169,48.0,119.453,48.0,102.813,63.0,67.4356,180.0,68.4756,-0.0119,11.8204,-0.7005,17.23,17.73,52.9955,15.5171,32.0127,35.1467,50.762,16.2899,30.0946,32.7047,34.5406,53.7736,73.7733,10.3419,0.0944,6.5562,54.2776,40.2103,33.3758,50.9554,0.089,6.8676,52.8764,39.9271,78.11,0.89,1.8846,31.08,0.2321,32.0782,32.0179,-20.042,-7.361000000000004,12.50399999999999,1.9185000000000088,1769.6409407800002,1227.34164372,269.86662835,958.6935776,-69.3541,-142.94223718,-4.989229699999999,26.024040000000003,0.045554447635877904,low,3,0.015184815878625968,1.1778220945648838,monitor
2027,Bellarmine,bellarmine,ASun,285.42515274143005,0.2186122177433241,251_300,251_300,,,20,9.472781556562168,-9.7401,278.0,116.528,72.0,126.268,365.0,64.6936,319.0,66.14,-0.0131,-5.0774,1.9806,19.01,17.03,59.431,15.4904,22.4344,35.0031,59.384,15.0407,34.2437,34.2545,38.1381,60.9884,78.7986,5.9371,0.0869,6.396,53.3573,41.1874,40.4328,58.0908,0.0909,6.3461,61.9438,50.5469,77.85,-0.55,0.9183,28.33,0.3793,32.1791,42.617,16.8169,48.0,119.453,48.0,102.813,63.0,67.4356,180.0,68.4756,-0.0119,11.8204,-0.7005,17.23,17.73,52.9955,15.5171,32.0127,35.1467,50.762,16.2899,30.0946,32.7047,34.5406,53.7736,73.7733,10.3419,0.0944,6.5562,54.2776,40.2103,33.3758,50.9554,0.089,6.8676,52.8764,39.9271,78.11,0.89,1.8846,31.08,0.2321,32.0782,32.0179,-26.557000000000002,-2.924999999999997,23.455,-2.7419999999999902,1644.49343854,1272.88959798,252.33706696,675.15429424,-64.6936,-401.16939474,-8.94433383,26.024040000000003,0.020616554620220752,very_low,2,0.010308277310110376,1.17533781519117,low_value
2027,Buffalo,buffalo,MAC,270.86488628593304,0.2586129497639203,201_250,201_250,,,20,9.472781556562168,-2.9256,203.0,112.458,116.0,115.384,298.0,66.5526,232.0,67.5635,-0.0283,-3.9556,-6.836,17.47,18.0,55.3518,16.1429,27.1341,39.567,55.0838,17.8062,31.1408,31.3692,37.9128,54.0839,73.5562,8.3665,0.111,6.3593,54.4402,45.5201,35.0757,56.8725,0.0978,6.7018,58.8378,41.9988,76.63,0.47,1.4938,26.45,0.3718,37.0323,33.1026,16.8169,48.0,119.453,48.0,102.813,63.0,67.4356,180.0,68.4756,-0.0119,11.8204,-0.7005,17.23,17.73,52.9955,15.5171,32.0127,35.1467,50.762,16.2899,30.0946,32.7047,34.5406,53.7736,73.7733,10.3419,0.0944,6.5562,54.2776,40.2103,33.3758,50.9554,0.089,6.8676,52.8764,39.9271,78.11,0.89,1.8846,31.08,0.2321,32.0782,32.0179,-19.7425,-6.9950000000000045,12.570999999999998,-0.8829999999999956,1817.48558471,1265.3700302399998,262.96622671,816.58988586,-66.5526,-133.17360456,-4.37026128,26.024040000000003,0.046310820577238114,low,3,0.015436940192412705,1.1475671769104754,monitor
2027,Idaho,idaho,BSky,256.92456032228785,0.2969105485651434,136_160,136_160,,,20,9.472781556562168,0.9952,155.0,108.4,183.0,107.404,138.0,67.866,154.0,69.1292,0.0059,-1.5147,0.2316,17.87,17.06,51.3811,14.9751,28.3682,34.578,50.5305,15.0624,24.2263,38.5146,34.0588,51.6409,72.6331,6.4039,0.0808,5.9813,44.5755,47.0077,35.2324,49.2611,0.0899,6.9855,45.1497,35.3846,77.23,0.22,1.5789,31.96,0.3306,37.56,28.8226,16.8169,48.0,119.453,48.0,102.813,63.0,67.4356,180.0,68.4756,-0.0119,11.8204,-0.7005,17.23,17.73,52.9955,15.5171,32.0127,35.1467,50.762,16.2899,30.0946,32.7047,34.5406,53.7736,73.7733,10.3419,0.0944,6.5562,54.2776,40.2103,33.3758,50.9554,0.089,6.8676,52.8764,39.9271,78.11,0.89,1.8846,31.08,0.2321,32.0782,32.0179,-15.8217,-11.052999999999997,4.590999999999994,0.4304000000000059,1876.8811386700002,1136.7396970399998,243.94288149,853.72963172,-67.866,46.78206304,1.5713212799999998,26.024040000000003,0.09647410843887473,high,5,0.019294821687774945,1.1410356624450109,avoid_unless_needed
2027,San Diego,san diego,WCC,252.96132431741307,0.3077985595675465,201_250,201_250,,,20,9.472781556562168,-5.1374,226.0,108.238,184.0,113.375,260.0,68.0607,140.0,68.7953,0.0035,1.8859,-2.4898,17.73,17.2,51.2406,17.5087,28.1136,25.7821,54.684,18.8983,34.5491,38.8262,34.5679,50.7663,74.6862,7.533,0.1102,7.5037,59.1358,43.6893,32.6761,58.4746,0.1001,7.8743,57.3271,40.0677,76.56,-0.94,1.9782,38.36,0.0122,37.2175,28.4779,16.8169,48.0,119.453,48.0,102.813,63.0,67.4356,180.0,68.4756,-0.0119,11.8204,-0.7005,17.23,17.73,52.9955,15.5171,32.0127,35.1467,50.762,16.2899,30.0946,32.7047,34.5406,53.7736,73.7733,10.3419,0.0944,6.5562,54.2776,40.2103,33.3758,50.9554,0.089,6.8676,52.8764,39.9271,78.11,0.89,1.8846,31.08,0.2321,32.0782,32.0179,-21.9543,-11.215000000000003,10.561999999999998,0.6251000000000033,1744.3870500300002,1153.73131682,285.21497213,846.0675465600001,-68.0607,-224.44940982000003,-10.16280468,26.024040000000003,0.04667813929275296,low,3,0.015559379764250987,1.1328744282898815,monitor
2027,Northern Illinois,northern illinois,MAC,286.88079826346006,0.21461319158390094,251_300,301_plus,,,20,9.472781556562168,-17.439,334.0,97.0352,344.0,114.474,284.0,67.5171,177.0,68.9652,0.014,-1.5094,1.8367,17.98,16.91,47.5712,21.6983,30.3393,38.2772,55.5801,16.2608,30.0226,38.2724,30.9353,48.5277,65.6514,5.2632,0.0808,9.9947,51.8341,45.013,36.2876,56.2753,0.117,8.1822,53.9457,37.7049,76.54,-1.05,0.5288,29.8,0.0,34.7334,29.4837,16.8169,48.0,119.453,48.0,102.813,63.0,67.4356,180.0,68.4756,-0.0119,11.8204,-0.7005,17.23,17.73,52.9955,15.5171,32.0127,35.1467,50.762,16.2899,30.0946,32.7047,34.5406,53.7736,73.7733,10.3419,0.0944,6.5562,54.2776,40.2103,33.3758,50.9554,0.089,6.8676,52.8764,39.9271,78.11,0.89,1.8846,31.08,0.2321,32.0782,32.0179,-34.2559,-22.4178,11.661000000000001,0.08150000000000546,1797.2385523,1032.49038574,353.46313717,913.04909778,-67.5171,-784.9817069999999,-9.2217432,26.024040000000003,0.02231002738754215,very_low,2,0.011155013693771075,1.1075989044983139,low_value
2027,Long Beach St.,long beach state,BW,256.4822942126357,0.298125565349902,201_250,201_250,109.0,,20,9.472781556562168,-5.9776,233.0,105.57,243.0,111.547,224.0,68.566,114.0,70.8915,-0.0297,0.5345,4.2484,17.4,16.62,50.6187,17.986,26.2405,30.7087,53.6678,17.5212,27.7893,42.2535,32.6861,51.4655,72.5275,7.804,0.0911,8.4585,46.1827,34.7582,34.3854,54.8094,0.0953,8.4121,53.1443,35.3286,77.51,0.47,0.9761,36.45,0.0214,27.5956,26.2136,16.8169,48.0,119.453,48.0,102.813,63.0,67.4356,180.0,68.4756,-0.0119,11.8204,-0.7005,17.23,17.73,52.9955,15.5171,32.0127,35.1467,50.762,16.2899,30.0946,32.7047,34.5406,53.7736,73.7733,10.3419,0.0944,6.5562,54.2776,40.2103,33.3758,50.9554,0.089,6.8676,52.8764,39.9271,78.11,0.89,1.8846,31.08,0.2321,32.0782,32.0179,-22.7945,-13.88300000000001,8.733999999999995,1.1304000000000087,1387.7941272200003,1090.92473638,292.9901414,789.6973513,-68.566,-207.77061632000002,-5.83473536,26.024040000000003,0.04824729550982821,low,3,0.016082431836609404,1.0701081796068717,monitor
2027,Tennessee Tech,tennessee tech,OVC,287.2711950323367,0.21354067298808585,251_300,301_plus,172.0,,20,9.472781556562168,-13.4417,316.0,102.537,294.0,115.979,305.0,66.8567,213.0,68.2839,-0.0276,-7.9331,2.7269,17.68,17.34,48.8896,19.0905,31.3291,35.4695,51.5197,15.0632,30.7457,31.2872,31.1304,50.1498,76.2075,7.0896,0.079,8.1069,45.3745,36.4848,35.8086,50.2799,0.1098,7.1655,50.7937,36.1144,76.57,-1.44,0.837,41.04,0.1692,27.3005,30.7511,16.8169,48.0,119.453,48.0,102.813,63.0,67.4356,180.0,68.4756,-0.0119,11.8204,-0.7005,17.23,17.73,52.9955,15.5171,32.0127,35.1467,50.762,16.2899,30.0946,32.7047,34.5406,53.7736,73.7733,10.3419,0.0944,6.5562,54.2776,40.2103,33.3758,50.9554,0.089,6.8676,52.8764,39.9271,78.11,0.89,1.8846,31.08,0.2321,32.0782,32.0179,-30.2586,-16.915999999999997,13.165999999999997,-0.5788999999999902,1456.73225808,1039.00200432,310.98233595,942.83673286,-66.8567,-490.41773616,-11.2507029,26.024040000000003,0.023536059183949486,very_low,2,0.011768029591974743,1.0585576326420205,low_value
2027,Houston Christian,houston baptist,Slnd,287.4639302191373,0.21301118071665565,251_300,251_300,,,20,9.472781556562168,-11.1349,293.0,102.962,288.0,114.097,274.0,64.4311,326.0,64.4454,0.0344,-2.6863,-1.2314,18.97,17.93,49.7184,18.8547,29.8897,35.9825,54.2292,17.5668,32.4895,30.7139,31.7324,50.936,69.3913,10.6322,0.0979,8.2425,58.6895,36.4831,34.992,55.2682,0.1061,7.7788,53.8365,37.3725,76.51,-2.01,1.0712,27.39,0.3014,27.9175,30.1105,16.8169,48.0,119.453,48.0,102.813,63.0,67.4356,180.0,68.4756,-0.0119,11.8204,-0.7005,17.23,17.73,52.9955,15.5171,32.0127,35.1467,50.762,16.2899,30.0946,32.7047,34.5406,53.7736,73.7733,10.3419,0.0944,6.5562,54.2776,40.2103,33.3758,50.9554,0.089,6.8676,52.8764,39.9271,78.11,0.89,1.8846,31.08,0.2321,32.0782,32.0179,-27.9518,-16.491,11.283999999999992,-3.004499999999993,1456.66438201,1059.0942359199998,307.14117753,899.51856562,-64.4311,-406.23567019,-11.927704879999999,26.024040000000003,0.02361753790639806,very_low,2,0.01180876895319903,1.0552984837440775,low_value
2027,Lipscomb,lipscomb,ASun,213.51589434067466,0.41616512543770706,161_200,161_200,135.0,,20,9.472781556562168,-2.8801,200.0,106.925,214.0,109.805,189.0,69.3971,75.0,70.4841,0.0436,-5.4775,4.4338,16.26,17.58,54.057,16.0115,25.791,26.0417,53.1886,17.7068,30.1798,28.972,35.6979,54.5263,74.9474,7.1691,0.0965,6.6401,62.2892,47.9167,34.3365,54.3199,0.0937,8.0528,46.1995,40.1869,77.44,0.72,0.8689,37.13,0.1868,40.2062,32.5974,16.8169,48.0,119.453,48.0,102.813,63.0,67.4356,180.0,68.4756,-0.0119,11.8204,-0.7005,17.23,17.73,52.9955,15.5171,32.0127,35.1467,50.762,16.2899,30.0946,32.7047,34.5406,53.7736,73.7733,10.3419,0.0944,6.5562,54.2776,40.2103,33.3758,50.9554,0.089,6.8676,52.8764,39.9271,78.11,0.89,1.8846,31.08,0.2321,32.0782,32.0179,-19.697,-12.528000000000006,6.992000000000004,1.961500000000001,1913.1748725700002,1191.4459708199997,260.82573385,776.1698286,-69.3971,-138.00488767,-2.50251889,26.024040000000003,0.07390496246156222,medium,4,0.018476240615390556,1.0438015015375113,monitor
2027,Presbyterian,presbyterian,BSth,262.22634890731763,0.2823451953095671,251_300,251_300,,,20,9.472781556562168,-8.8904,269.0,103.341,282.0,112.231,240.0,64.208,337.0,66.0647,-0.0203,-4.9978,-2.2607,18.3,17.95,50.9515,19.3296,33.0928,39.3493,51.1682,15.7426,30.6499,37.1495,31.5789,52.3444,68.4867,12.3853,0.0817,9.1168,49.0765,27.9926,34.7267,50.6422,0.1021,7.5724,47.9167,36.3318,78.27,0.32,1.0427,19.93,0.3179,20.5812,29.562,16.8169,48.0,119.453,48.0,102.813,63.0,67.4356,180.0,68.4756,-0.0119,11.8204,-0.7005,17.23,17.73,52.9955,15.5171,32.0127,35.1467,50.762,16.2899,30.0946,32.7047,34.5406,53.7736,73.7733,10.3419,0.0944,6.5562,54.2776,40.2103,33.3758,50.9554,0.089,6.8676,52.8764,39.9271,78.11,0.89,1.8846,31.08,0.2321,32.0782,32.0179,-25.7073,-16.11200000000001,9.417999999999992,-3.2275999999999954,1117.66333946,1053.97105062,314.87725104,995.9145788799999,-64.208,-248.86541104,-9.27002008,26.024040000000003,0.024268132159502617,very_low,2,0.012134066079751309,1.0292747136198952,low_value
2027,UC Davis,uc davis,BW,222.7936528683718,0.39067677783414345,161_200,161_200,,,20,9.472781556562168,0.6675,162.0,107.987,190.0,107.319,135.0,68.9865,91.0,71.2914,0.0396,-0.6836,1.4081,16.54,17.14,51.7624,17.9154,25.188,40.5344,51.7426,19.7563,30.5372,39.1231,34.3791,51.9115,75.3156,7.6225,0.1042,8.7107,59.9487,43.4906,33.8257,52.3593,0.092,9.3393,51.861,38.0551,76.57,-0.2,1.4321,32.99,0.469,33.4606,29.1472,16.8169,48.0,119.453,48.0,102.813,63.0,67.4356,180.0,68.4756,-0.0119,11.8204,-0.7005,17.23,17.73,52.9955,15.5171,32.0127,35.1467,50.762,16.2899,30.0946,32.7047,34.5406,53.7736,73.7733,10.3419,0.0944,6.5562,54.2776,40.2103,33.3758,50.9554,0.089,6.8676,52.8764,39.9271,78.11,0.89,1.8846,31.08,0.2321,32.0782,32.0179,-16.1494,-11.466000000000008,4.506,1.5509000000000128,1736.45353526,1147.42996578,291.84007446000004,758.0227848,-68.9865,29.0299755,0.9559267499999999,26.024040000000003,0.07451013086303872,medium,4,0.01862753271575968,1.0195947654784514,monitor
2027,Incarnate Word,incarnate word,Slnd,293.56037972923934,0.1962626930515402,251_300,251_300,,,20,9.472781556562168,-8.4789,265.0,108.906,178.0,117.384,322.0,65.5287,281.0,65.3893,-0.0281,-1.7156,6.6232,19.15,17.53,50.2212,17.15,32.1244,34.0076,54.4613,15.6754,32.0321,41.6391,36.0841,47.7178,71.1896,6.953,0.0781,7.865,44.2167,39.0645,34.3925,56.0327,0.0929,7.865,51.776,35.3602,76.42,-0.88,2.2787,25.92,0.4206,33.9249,26.2857,16.8169,48.0,119.453,48.0,102.813,63.0,67.4356,180.0,68.4756,-0.0119,11.8204,-0.7005,17.23,17.73,52.9955,15.5171,32.0127,35.1467,50.762,16.2899,30.0946,32.7047,34.5406,53.7736,73.7733,10.3419,0.0944,6.5562,54.2776,40.2103,33.3758,50.9554,0.089,6.8676,52.8764,39.9271,78.11,0.89,1.8846,31.08,0.2321,32.0782,32.0179,-25.2958,-10.546999999999997,14.570999999999998,-1.9068999999999932,1559.7321979500002,1204.33570478,279.371785,966.77096824,-65.5287,-331.22398905,-19.320869430000002,26.024040000000003,0.024746918051182593,very_low,2,0.012373459025591296,1.0101232779526963,low_value
2027,Cal Baptist,cal baptist,WAC,219.1241728722734,0.4007577668344137,136_160,136_160,,,20,9.472781556562168,6.0752,105.0,107.75,199.0,101.675,50.0,65.9987,261.0,67.4984,0.0806,-1.642,-3.6886,18.16,17.0,48.2929,17.9284,37.4801,35.9228,46.2973,16.9803,27.1686,36.6132,33.4365,47.4182,71.3499,7.3485,0.0806,8.0161,39.8618,31.9644,29.4599,47.2727,0.0991,8.9211,45.5224,31.6416,76.53,1.28,1.4142,31.77,0.3134,26.2348,23.4987,16.8169,48.0,119.453,48.0,102.813,63.0,67.4356,180.0,68.4756,-0.0119,11.8204,-0.7005,17.23,17.73,52.9955,15.5171,32.0127,35.1467,50.762,16.2899,30.0946,32.7047,34.5406,53.7736,73.7733,10.3419,0.0944,6.5562,54.2776,40.2103,33.3758,50.9554,0.089,6.8676,52.8764,39.9271,78.11,0.89,1.8846,31.08,0.2321,32.0782,32.0179,-10.741700000000002,-11.703000000000003,-1.1380000000000052,-1.4368999999999943,1276.2457952400002,1115.9699367,292.05184316,1127.94861746,-65.9987,194.19012288,8.591547839999999,26.024040000000003,0.09981438666673897,high,5,0.019962877333347794,1.007424533330441,avoid_unless_needed
2027,Sacred Heart,sacred heart,MAAC,301.84600513357026,0.173499985896785,251_300,251_300,,,20,9.472781556562168,-11.3819,294.0,107.362,209.0,118.744,337.0,68.484,121.0,68.3541,0.0009,-7.5968,-2.328,17.15,17.95,51.9935,17.6654,28.5843,31.0345,53.5008,14.5238,30.8979,27.0421,35.7067,50.3825,77.9514,8.6253,0.0792,7.5123,58.5947,50.7004,34.8485,54.4474,0.1015,6.6018,59.779,43.5312,76.96,-0.59,2.0509,25.63,0.4169,42.3707,36.1402,16.8169,48.0,119.453,48.0,102.813,63.0,67.4356,180.0,68.4756,-0.0119,11.8204,-0.7005,17.23,17.73,52.9955,15.5171,32.0127,35.1467,50.762,16.2899,30.0946,32.7047,34.5406,53.7736,73.7733,10.3419,0.0944,6.5562,54.2776,40.2103,33.3758,50.9554,0.089,6.8676,52.8764,39.9271,78.11,0.89,1.8846,31.08,0.2321,32.0782,32.0179,-28.1988,-12.091000000000008,15.930999999999997,1.0484000000000009,2024.3199408400003,1191.7396778599998,287.76759946000004,860.2330747799999,-68.484,-577.06688276,-23.343138709999998,26.024040000000003,0.02492152308680178,very_low,2,0.01246076154340089,1.0031390765279289,low_value
2027,North Carolina A&T,north carolina a and t,CAA,323.3078985697343,0.11453874019303766,251_300,251_300,,,20,9.472781556562168,-11.0731,290.0,105.221,252.0,116.294,309.0,68.5607,116.0,69.1315,-0.0232,-4.0778,-8.9239,17.79,16.96,50.6722,18.5704,31.7256,42.2535,52.9412,14.095,28.6422,37.455,31.5686,52.2814,73.4848,10.1744,0.0741,8.8994,45.429,32.6504,36.5931,51.7442,0.0967,6.6874,58.3551,38.0552,78.0,0.15,0.5763,30.87,0.0984,23.3559,31.6796,16.8169,48.0,119.453,48.0,102.813,63.0,67.4356,180.0,68.4756,-0.0119,11.8204,-0.7005,17.23,17.73,52.9955,15.5171,32.0127,35.1467,50.762,16.2899,30.0946,32.7047,34.5406,53.7736,73.7733,10.3419,0.0944,6.5562,54.2776,40.2103,33.3758,50.9554,0.089,6.8676,52.8764,39.9271,78.11,0.89,1.8846,31.08,0.2321,32.0782,32.0179,-27.89,-14.232,13.480999999999995,1.1251000000000033,1303.63578584,1053.6272798799998,302.50995896,954.76924176,-68.5607,-361.54114424,-6.381427530000001,26.024040000000003,0.025086960293111603,very_low,2,0.012543480146555801,0.9965215882755358,low_value
2027,Eastern Michigan,eastern michigan,MAC,276.8321884360282,0.24221926253838397,201_250,201_250,,,20,9.472781556562168,-6.5656,243.0,101.905,302.0,108.47,149.0,66.5847,229.0,68.3704,-0.0963,-0.9367,1.6288,18.28,16.91,49.5702,17.4187,27.8095,29.341,50.2545,15.58,29.0654,35.5204,32.4324,50.0,73.2422,10.8963,0.0832,7.8868,47.7419,31.8052,32.8571,50.7909,0.0953,7.2578,51.3376,35.6335,77.88,0.36,1.0476,39.14,0.0725,25.6532,27.8351,16.8169,48.0,119.453,48.0,102.813,63.0,67.4356,180.0,68.4756,-0.0119,11.8204,-0.7005,17.23,17.73,52.9955,15.5171,32.0127,35.1467,50.762,16.2899,30.0946,32.7047,34.5406,53.7736,73.7733,10.3419,0.0944,6.5562,54.2776,40.2103,33.3758,50.9554,0.089,6.8676,52.8764,39.9271,78.11,0.89,1.8846,31.08,0.2321,32.0782,32.0179,-23.3825,-17.548000000000002,5.6569999999999965,-0.8508999999999958,1269.88940092,1082.45729592,283.74888113000003,836.9157787,-66.5847,-208.82022111999999,-6.87812256,26.024040000000003,0.050455383307170254,medium,3,0.016818461102390086,0.9817846677131898,monitor
2027,Coastal Carolina,coastal carolina,SB,277.62501560818947,0.24004116591156732,201_250,201_250,,,20,9.472781556562168,-6.8022,247.0,101.901,303.0,108.704,159.0,66.8841,211.0,68.3414,0.1323,-5.1732,-2.235,18.67,16.62,47.8809,15.2279,26.9492,32.2961,46.8035,12.2746,27.6003,34.9272,33.4994,46.0886,73.0897,8.0841,0.0609,7.2909,40.3694,43.0794,32.7511,45.5133,0.0794,6.1835,37.6904,35.7069,77.43,0.0,1.3166,26.06,0.1567,36.2697,29.6183,16.8169,48.0,119.453,48.0,102.813,63.0,67.4356,180.0,68.4756,-0.0119,11.8204,-0.7005,17.23,17.73,52.9955,15.5171,32.0127,35.1467,50.762,16.2899,30.0946,32.7047,34.5406,53.7736,73.7733,10.3419,0.0944,6.5562,54.2776,40.2103,33.3758,50.9554,0.089,6.8676,52.8764,39.9271,78.11,0.89,1.8846,31.08,0.2321,32.0782,32.0179,-23.6191,-17.552000000000007,5.890999999999991,-0.5514999999999901,1720.0355117400002,1118.06927452,248.06096821,811.02539432,-66.8841,-293.03469468,-8.95577652,26.024040000000003,0.0505938835814728,medium,3,0.016864627860490932,0.9762446567410881,monitor
2027,Southern,southern,SWAC,323.3196183262747,0.11450654305968505,251_300,251_300,,,20,9.472781556562168,-9.5463,277.0,104.914,256.0,114.46,283.0,70.0127,46.0,71.4241,0.0596,-6.4271,15.2985,16.36,17.18,49.1467,16.5509,31.4236,39.84,53.1879,18.603,31.2801,42.8971,34.66,47.7987,69.4779,10.5357,0.1147,7.7178,52.6316,32.16,36.8263,51.9643,0.0883,7.1378,52.5362,37.3602,76.71,-1.0,0.9782,39.54,0.4219,26.5453,29.6743,16.8169,48.0,119.453,48.0,102.813,63.0,67.4356,180.0,68.4756,-0.0119,11.8204,-0.7005,17.23,17.73,52.9955,15.5171,32.0127,35.1467,50.762,16.2899,30.0946,32.7047,34.5406,53.7736,73.7733,10.3419,0.0944,6.5562,54.2776,40.2103,33.3758,50.9554,0.089,6.8676,52.8764,39.9271,78.11,0.89,1.8846,31.08,0.2321,32.0782,32.0179,-26.3632,-14.539000000000001,11.646999999999991,2.5771000000000015,1284.0555359999998,1156.8052279999997,269.61250591,945.6806725600001,-70.0127,-307.009008,-9.33819066,26.024040000000003,0.02579795378534481,very_low,2,0.012898976892672404,0.9680818485862077,low_value
2027,North Dakota,north dakota,Sum,289.4285952257088,0.2076137493799208,251_300,251_300,,,20,9.472781556562168,-9.8443,279.0,106.78,216.0,116.624,313.0,67.2328,190.0,69.2362,0.1114,-4.2125,-0.8551,17.62,17.18,49.4465,14.0722,27.4194,37.8492,56.5328,19.3605,32.3643,43.7783,32.6848,49.7336,69.4986,7.7228,0.1129,6.7672,42.3645,40.6431,37.0712,57.2277,0.073,8.0669,58.7893,42.8733,76.53,-0.53,1.0329,32.04,0.2717,31.8316,33.0848,16.8169,48.0,119.453,48.0,102.813,63.0,67.4356,180.0,68.4756,-0.0119,11.8204,-0.7005,17.23,17.73,52.9955,15.5171,32.0127,35.1467,50.762,16.2899,30.0946,32.7047,34.5406,53.7736,73.7733,10.3419,0.0944,6.5562,54.2776,40.2103,33.3758,50.9554,0.089,6.8676,52.8764,39.9271,78.11,0.89,1.8846,31.08,0.2321,32.0782,32.0179,-26.6612,-12.673000000000002,13.810999999999993,-0.20279999999999632,1622.76111801,1090.88134784,229.23473078,825.17587524,-67.2328,-400.10286933,-10.16817747,26.024040000000003,0.026011467508541487,very_low,2,0.013005733754270743,0.9595412996583406,low_value
2027,Stony Brook,stony brook,CAA,251.05231449898807,0.3130430920357471,201_250,201_250,,,20,9.472781556562168,-5.6752,229.0,105.205,253.0,110.88,210.0,66.3172,244.0,66.4038,0.064,-3.3239,-4.5798,18.29,17.61,50.2281,16.7974,28.0443,28.3922,50.6698,17.1442,32.3529,35.4106,34.8259,48.5263,72.2892,10.455,0.0941,6.6397,52.3617,45.8381,35.6725,48.7899,0.1016,7.7298,53.3422,39.8369,77.59,-0.27,1.4444,32.46,0.0539,39.5853,33.6552,16.8169,48.0,119.453,48.0,102.813,63.0,67.4356,180.0,68.4756,-0.0119,11.8204,-0.7005,17.23,17.73,52.9955,15.5171,32.0127,35.1467,50.762,16.2899,30.0946,32.7047,34.5406,53.7736,73.7733,10.3419,0.0944,6.5562,54.2776,40.2103,33.3758,50.9554,0.089,6.8676,52.8764,39.9271,78.11,0.89,1.8846,31.08,0.2321,32.0782,32.0179,-22.4921,-14.248000000000005,8.066999999999993,-1.118399999999994,1830.18240251,1162.34227322,273.62796626,843.9819907799999,-66.3172,-260.14038512,-8.19725888,26.024040000000003,0.051109787067939776,medium,3,0.017036595689313257,0.9556085172824091,monitor
2027,Saint Joseph's,saint josephs,A10,157.1265853366199,0.5710808095147805,101_135,101_135,124.0,,20,9.472781556562168,5.7188,106.0,107.85,194.0,102.131,55.0,68.2817,130.0,68.1452,0.1007,2.9029,-5.2807,17.7,17.45,49.1642,16.7679,31.4123,29.6952,47.6518,15.0481,30.6452,26.8501,30.7525,51.6562,73.8411,12.3908,0.0808,7.0511,59.6042,45.0836,31.6843,47.7363,0.0972,6.9651,51.4943,40.2751,77.62,0.42,1.6445,25.48,0.4527,34.5871,33.583,16.8169,48.0,119.453,48.0,102.813,63.0,67.4356,180.0,68.4756,-0.0119,11.8204,-0.7005,17.23,17.73,52.9955,15.5171,32.0127,35.1467,50.762,16.2899,30.0946,32.7047,34.5406,53.7736,73.7733,10.3419,0.0944,6.5562,54.2776,40.2103,33.3758,50.9554,0.089,6.8676,52.8764,39.9271,78.11,0.89,1.8846,31.08,0.2321,32.0782,32.0179,-11.0981,-11.603000000000009,-0.6820000000000022,0.846100000000007,1800.05740556,1026.3892895,273.14741421,945.34060358,-68.2817,257.82409168,9.4045666,26.024040000000003,0.12624466203632656,very_high,6,0.021040777006054428,0.9502135185469376,avoid_bad_risk_reward
2027,Eastern Kentucky,eastern kentucky,ASun,282.88330887579593,0.2255953052862749,251_300,251_300,,,20,9.472781556562168,-11.6461,297.0,109.247,170.0,120.893,351.0,67.3592,182.0,68.6832,-0.0169,-4.3024,2.9906,18.24,16.6,52.0947,16.9124,32.5269,30.7399,56.0845,14.7625,31.7146,38.5352,35.0482,51.6022,72.3894,8.3896,0.087,6.593,53.2746,50.7617,36.1789,57.377,0.1032,6.0675,54.5244,41.5775,76.06,-1.06,1.1425,37.09,0.3934,42.2117,32.1429,16.8169,48.0,119.453,48.0,102.813,63.0,67.4356,180.0,68.4756,-0.0119,11.8204,-0.7005,17.23,17.73,52.9955,15.5171,32.0127,35.1467,50.762,16.2899,30.0946,32.7047,34.5406,53.7736,73.7733,10.3419,0.0944,6.5562,54.2776,40.2103,33.3758,50.9554,0.089,6.8676,52.8764,39.9271,78.11,0.89,1.8846,31.08,0.2321,32.0782,32.0179,-28.463,-10.206000000000003,18.08,-0.07639999999999247,2026.76747207,1169.76171356,275.50130476000004,978.8840447399999,-67.3592,-591.17583437,-13.305669250000001,26.024040000000003,0.02625772906156669,very_low,2,0.013128864530783345,0.9496908375373323,low_value
2027,Prairie View A&M,prairie view a and m,SWAC,307.74147947785815,0.15730362780808205,251_300,251_300,,,20,9.472781556562168,-10.1522,281.0,101.221,311.0,111.373,217.0,70.7222,24.0,72.488,0.0347,-8.9835,8.6766,16.53,16.57,47.4182,15.7892,26.7327,41.6155,50.8915,18.997,35.2089,42.5879,32.8881,46.5733,75.5528,12.1396,0.0962,7.0406,43.1846,30.6237,35.0388,50.0759,0.0875,9.3735,49.3228,32.8579,76.61,-0.87,1.0036,25.68,0.0246,23.9271,26.0369,16.8169,48.0,119.453,48.0,102.813,63.0,67.4356,180.0,68.4756,-0.0119,11.8204,-0.7005,17.23,17.73,52.9955,15.5171,32.0127,35.1467,50.762,16.2899,30.0946,32.7047,34.5406,53.7736,73.7733,10.3419,0.0944,6.5562,54.2776,40.2103,33.3758,50.9554,0.089,6.8676,52.8764,39.9271,78.11,0.89,1.8846,31.08,0.2321,32.0782,32.0179,-26.9691,-18.232,8.560000000000002,3.286600000000007,1222.71553227,1097.6666479799999,257.20448908,804.50991342,-70.7222,-310.89792714000004,-10.18874792,26.024040000000003,0.026368012950817442,very_low,2,0.013184006475408721,0.9452794819673023,low_value
2027,Lindenwood,lindenwood,OVC,309.2893094789962,0.15305134758517536,251_300,251_300,,,20,9.472781556562168,-8.6014,267.0,100.507,319.0,109.109,169.0,72.4255,8.0,73.0225,0.0171,-9.1937,1.8506,15.43,17.38,47.9508,18.67,33.2465,38.5792,49.1199,18.4418,31.7531,37.4037,29.4118,49.6454,67.4221,10.7465,0.1146,7.4406,49.0566,30.6557,32.3873,49.3847,0.1123,6.9842,47.7387,32.9483,76.9,-0.72,1.4986,21.52,0.3734,22.1874,25.8552,16.8169,48.0,119.453,48.0,102.813,63.0,67.4356,180.0,68.4756,-0.0119,11.8204,-0.7005,17.23,17.73,52.9955,15.5171,32.0127,35.1467,50.762,16.2899,30.0946,32.7047,34.5406,53.7736,73.7733,10.3419,0.0944,6.5562,54.2776,40.2103,33.3758,50.9554,0.089,6.8676,52.8764,39.9271,78.11,0.89,1.8846,31.08,0.2321,32.0782,32.0179,-25.418300000000002,-18.945999999999998,6.295999999999992,4.989900000000006,1223.99319947,981.64235444,304.132433,1000.5401188999999,-72.4255,-263.68193798,-12.89005804,26.024040000000003,0.026429641060786564,very_low,2,0.013214820530393282,0.9428143575685375,low_value
2027,Tennessee Martin,tennessee martin,OVC,275.55349763290025,0.24573214936016421,201_250,201_250,,,20,9.472781556562168,-4.9185,224.0,100.462,320.0,105.381,98.0,64.2229,336.0,65.9541,0.0476,-9.0788,0.0676,18.46,17.67,48.7033,21.3937,36.9606,37.3945,46.1446,20.0346,32.0255,35.8434,30.3457,51.5393,67.7419,12.251,0.1253,8.3058,56.1684,47.1049,30.1829,46.7131,0.1309,7.5004,53.3733,39.5181,78.41,-0.3,0.6174,36.37,0.3406,34.9386,30.6028,16.8169,48.0,119.453,48.0,102.813,63.0,67.4356,180.0,68.4756,-0.0119,11.8204,-0.7005,17.23,17.73,52.9955,15.5171,32.0127,35.1467,50.762,16.2899,30.0946,32.7047,34.5406,53.7736,73.7733,10.3419,0.0944,6.5562,54.2776,40.2103,33.3758,50.9554,0.089,6.8676,52.8764,39.9271,78.11,0.89,1.8846,31.08,0.2321,32.0782,32.0179,-21.7354,-18.991,2.567999999999998,-3.212699999999998,1880.76205279,1012.81201406,348.50123362999994,1112.31447276,-64.2229,-231.68545065,-3.0366818999999996,26.024040000000003,0.051627152464383014,medium,3,0.017209050821461003,0.9349139014246797,monitor
2027,Lehigh,lehigh,PL,255.96487513854302,0.29954704632268403,251_300,251_300,,,20,9.472781556562168,-11.1155,292.0,101.992,301.0,113.107,253.0,66.762,218.0,66.5282,0.0772,-9.0141,-0.7576,18.06,18.01,52.9092,17.6827,23.2126,31.8108,50.5882,16.1834,31.4488,32.4808,36.0795,52.1586,72.6496,7.5712,0.0961,5.5121,54.2553,38.2817,32.8502,51.1994,0.1217,6.5704,44.5321,31.7647,76.67,-0.48,1.279,29.49,0.5147,32.1383,24.9186,16.8169,48.0,119.453,48.0,102.813,63.0,67.4356,180.0,68.4756,-0.0119,11.8204,-0.7005,17.23,17.73,52.9955,15.5171,32.0127,35.1467,50.762,16.2899,30.0946,32.7047,34.5406,53.7736,73.7733,10.3419,0.0944,6.5562,54.2776,40.2103,33.3758,50.9554,0.089,6.8676,52.8764,39.9271,78.11,0.89,1.8846,31.08,0.2321,32.0782,32.0179,-27.9324,-17.461,10.293999999999997,-0.6735999999999933,1528.47726407,1204.1821761,288.04941473,698.5739119599999,-66.762,-425.52023635000006,-14.2167245,26.024040000000003,0.026688232658256268,very_low,2,0.013344116329128134,0.9324706936697493,low_value
2027,South Dakota,south dakota,Sum,282.0992980427197,0.2277491812013195,251_300,251_300,125.0,,20,9.472781556562168,-10.5277,284.0,104.31,267.0,114.838,288.0,69.8766,54.0,71.4197,0.0558,-6.2158,-3.9553,17.02,16.84,49.941,16.5719,28.6822,45.1917,54.5404,15.8596,30.2686,30.9749,32.3481,50.7366,74.1514,5.9713,0.084,6.6952,46.123,35.9292,34.5084,55.7325,0.0988,7.455,42.7765,30.0279,76.73,-0.38,0.8759,38.45,0.2049,26.1389,23.5542,16.8169,48.0,119.453,48.0,102.813,63.0,67.4356,180.0,68.4756,-0.0119,11.8204,-0.7005,17.23,17.73,52.9955,15.5171,32.0127,35.1467,50.762,16.2899,30.0946,32.7047,34.5406,53.7736,73.7733,10.3419,0.0944,6.5562,54.2776,40.2103,33.3758,50.9554,0.089,6.8676,52.8764,39.9271,78.11,0.89,1.8846,31.08,0.2321,32.0782,32.0179,-27.3446,-15.143,12.024999999999991,2.4410000000000025,1434.5487613200003,1079.64371598,269.95459381,863.17933612,-69.8766,-378.25183884,-9.22121243,26.024040000000003,0.026756618970276334,very_low,2,0.013378309485138167,0.9297352411889466,low_value
2027,UC San Diego,uc san diego,BW,146.36774973132358,0.6006380501886714,101_135,101_135,,,20,9.472781556562168,4.2965,121.0,107.81,196.0,103.514,69.0,67.2591,188.0,69.7555,0.0099,-1.4934,-0.0153,16.91,17.46,52.5798,16.4862,26.0054,31.1702,48.4318,16.7998,27.0383,29.2734,32.8302,55.023,69.2833,7.6421,0.1057,7.7503,55.4779,42.2872,31.5476,49.301,0.0874,6.2271,56.927,43.9101,78.31,0.4,1.0698,32.28,0.0795,32.8577,35.255,16.8169,48.0,119.453,48.0,102.813,63.0,67.4356,180.0,68.4756,-0.0119,11.8204,-0.7005,17.23,17.73,52.9955,15.5171,32.0127,35.1467,50.762,16.2899,30.0946,32.7047,34.5406,53.7736,73.7733,10.3419,0.0944,6.5562,54.2776,40.2103,33.3758,50.9554,0.089,6.8676,52.8764,39.9271,78.11,0.89,1.8846,31.08,0.2321,32.0782,32.0179,-12.5204,-11.643,0.7009999999999934,-0.1764999999999901,1688.40526312,1095.73418916,268.55854938,782.62211084,-67.2591,181.6869548,4.5963957,26.024040000000003,0.12695734403830433,very_high,6,0.02115955733971739,0.9217062384678272,avoid_bad_risk_reward
2027,Longwood,longwood,BSth,256.2502203254139,0.2987631309741377,251_300,251_300,,,20,9.472781556562168,-8.9389,270.0,103.643,279.0,112.582,246.0,68.4899,120.0,69.4124,-0.0355,-8.4407,-10.7798,16.73,17.75,49.7047,19.1029,34.5667,41.3467,53.8057,19.7782,27.7207,42.1411,31.4092,51.087,74.0,6.1489,0.1153,8.2007,47.1295,34.7903,33.8171,56.0949,0.109,8.249,49.9336,42.6361,76.84,-1.01,1.4651,35.91,0.3381,25.2158,31.6147,16.8169,48.0,119.453,48.0,102.813,63.0,67.4356,180.0,68.4756,-0.0119,11.8204,-0.7005,17.23,17.73,52.9955,15.5171,32.0127,35.1467,50.762,16.2899,30.0946,32.7047,34.5406,53.7736,73.7733,10.3419,0.0944,6.5562,54.2776,40.2103,33.3758,50.9554,0.089,6.8676,52.8764,39.9271,78.11,0.89,1.8846,31.08,0.2321,32.0782,32.0179,-25.7558,-15.810000000000002,9.768999999999991,1.054300000000012,1389.0757871300002,1048.30717736,311.18433071000004,1040.27100982,-68.4899,-310.98701267,-13.09638239,26.024040000000003,0.027174630133426313,very_low,2,0.013587315066713157,0.9130147946629474,low_value
2027,Northwestern St.,northwestern state,Slnd,305.77833874982286,0.1626968715664207,251_300,251_300,,,20,9.472781556562168,-10.1974,282.0,102.326,297.0,112.524,245.0,64.8189,315.0,65.1522,-0.0126,-1.1742,7.4697,18.66,17.89,48.6227,18.2896,25.9794,40.1666,53.0367,16.8631,32.622,36.3199,33.2075,48.0116,74.0032,6.6861,0.0943,7.6419,50.6706,33.9526,35.4992,52.907,0.1065,7.4381,51.9481,37.9435,75.93,-2.07,1.4448,36.3,0.4512,26.6398,30.727,16.8169,48.0,119.453,48.0,102.813,63.0,67.4356,180.0,68.4756,-0.0119,11.8204,-0.7005,17.23,17.73,52.9955,15.5171,32.0127,35.1467,50.762,16.2899,30.0946,32.7047,34.5406,53.7736,73.7733,10.3419,0.0944,6.5562,54.2776,40.2103,33.3758,50.9554,0.089,6.8676,52.8764,39.9271,78.11,0.89,1.8846,31.08,0.2321,32.0782,32.0179,-27.0143,-17.12700000000001,9.710999999999999,-2.6166999999999945,1355.62885546,1108.3268785,297.93575504,781.83965124,-64.8189,-346.22824324,-14.733203520000002,26.024040000000003,0.027313994678322816,very_low,2,0.013656997339161408,0.9074402128670873,low_value
2027,Pacific,pacific,WCC,214.00238454040345,0.4148286138999905,136_160,136_160,80.0,,20,9.472781556562168,5.2617,112.0,110.703,144.0,105.441,101.0,64.356,331.0,65.819,-0.02,2.5501,-0.3113,19.14,17.16,52.1589,20.063,35.225,30.5124,50.0581,15.1327,24.8856,36.3531,35.8306,51.2912,75.4717,6.9106,0.082,10.1535,58.0402,35.3483,34.6883,48.5772,0.0991,6.9317,50.6812,42.8571,77.11,0.12,2.1536,26.2,0.1609,29.8373,35.4734,16.8169,48.0,119.453,48.0,102.813,63.0,67.4356,180.0,68.4756,-0.0119,11.8204,-0.7005,17.23,17.73,52.9955,15.5171,32.0127,35.1467,50.762,16.2899,30.0946,32.7047,34.5406,53.7736,73.7733,10.3419,0.0944,6.5562,54.2776,40.2103,33.3758,50.9554,0.089,6.8676,52.8764,39.9271,78.11,0.89,1.8846,31.08,0.2321,32.0782,32.0179,-11.5552,-8.75,2.628,-3.0795999999999992,1411.3551089300001,1195.8749394799997,326.82426369999996,1060.082285,-64.356,185.99215011,11.33159712,26.024040000000003,0.10264068646323425,high,5,0.02052813729264685,0.8943725414706298,avoid_bad_risk_reward
2027,Akron,akron,MAC,198.62328420866757,0.4570788895366275,76_100,76_100,140.0,,20,9.472781556562168,11.9364,71.0,118.873,53.0,106.937,126.0,70.2218,38.0,71.0424,0.0319,-3.445,-3.5206,16.15,17.62,58.1514,15.4837,33.4247,29.2091,51.2054,18.2563,29.9174,30.437,38.2449,58.7873,75.4153,8.4731,0.1011,6.5262,57.1429,44.7841,35.5478,49.6028,0.0896,8.1471,50.7497,43.0939,75.93,-1.38,1.6618,29.08,0.5218,37.1449,36.9697,16.8169,48.0,119.453,48.0,102.813,63.0,67.4356,180.0,68.4756,-0.0119,11.8204,-0.7005,17.23,17.73,52.9955,15.5171,32.0127,35.1467,50.762,16.2899,30.0946,32.7047,34.5406,53.7736,73.7733,10.3419,0.0944,6.5562,54.2776,40.2103,33.3758,50.9554,0.089,6.8676,52.8764,39.9271,78.11,0.89,1.8846,31.08,0.2321,32.0782,32.0179,-4.8805,-0.5799999999999983,4.123999999999995,2.786200000000008,1788.0992391100003,1276.45413342,252.22792463,1005.90297662,-70.2218,534.5609312400001,19.83590952,26.024040000000003,0.15265124121833787,very_high,7,0.021807320174048267,0.8939503512664855,avoid_unless_needed
2027,Jacksonville,jacksonville,ASun,268.98685177028096,0.26377238524648094,251_300,251_300,,,20,9.472781556562168,-11.503,295.0,103.14,286.0,114.642,286.0,63.4181,350.0,65.1785,-0.0295,-4.3292,5.0277,19.29,17.3,50.0297,17.1975,31.6852,32.7596,54.7899,14.9654,29.1398,42.707,31.746,51.4692,72.2826,8.0153,0.0959,6.95,44.6837,37.3887,36.3158,54.9618,0.1025,5.3774,50.8301,35.2287,77.31,0.12,0.964,35.33,0.1831,28.777,27.5388,16.8169,48.0,119.453,48.0,102.813,63.0,67.4356,180.0,68.4756,-0.0119,11.8204,-0.7005,17.23,17.73,52.9955,15.5171,32.0127,35.1467,50.762,16.2899,30.0946,32.7047,34.5406,53.7736,73.7733,10.3419,0.0944,6.5562,54.2776,40.2103,33.3758,50.9554,0.089,6.8676,52.8764,39.9271,78.11,0.89,1.8846,31.08,0.2321,32.0782,32.0179,-28.3199,-16.313000000000002,11.828999999999994,-4.017499999999991,1492.82236377,1059.5481467999998,280.14555525000003,953.5534199199999,-63.4181,-430.0822161,-11.088892,26.024040000000003,0.02782448308826506,very_low,2,0.01391224154413253,0.8870206764693975,low_value
2027,Portland,portland,WCC,247.29986827928542,0.3233520102217433,201_250,201_250,,,20,9.472781556562168,-3.1403,206.0,106.089,230.0,109.229,174.0,68.5118,118.0,69.6964,0.064,3.1713,0.1253,17.43,17.22,51.2202,19.6672,28.0702,34.3871,52.6971,16.9974,32.4733,32.5726,29.9373,54.6781,74.0323,8.7786,0.0832,8.9437,61.5942,35.3855,36.1364,51.4313,0.1072,8.6767,66.5111,45.6432,78.74,1.45,0.6287,35.41,0.1317,24.8482,38.1753,16.8169,48.0,119.453,48.0,102.813,63.0,67.4356,180.0,68.4756,-0.0119,11.8204,-0.7005,17.23,17.73,52.9955,15.5171,32.0127,35.1467,50.762,16.2899,30.0946,32.7047,34.5406,53.7736,73.7733,10.3419,0.0944,6.5562,54.2776,40.2103,33.3758,50.9554,0.089,6.8676,52.8764,39.9271,78.11,0.89,1.8846,31.08,0.2321,32.0782,32.0179,-19.9572,-13.364000000000004,6.415999999999997,1.0762,1412.84039705,999.1813373399999,320.37672128,844.76144092,-68.5118,-111.12108565,-1.97430661,26.024040000000003,0.05290181771572665,medium,3,0.01763393923857555,0.883927291370934,monitor
2027,Grambling St.,grambling state,SWAC,317.12626344180137,0.13152125428076547,251_300,251_300,,,20,9.472781556562168,-11.6512,298.0,96.9979,345.0,108.649,157.0,67.6328,170.0,69.3484,-0.0528,-9.3252,1.9006,16.97,17.73,48.8074,21.2113,30.2913,41.1449,50.0,20.7926,32.4663,40.0,32.3438,48.9875,72.8986,7.464,0.1102,8.9776,51.6084,38.1634,32.67,50.5396,0.1223,9.7684,52.5692,35.1604,78.16,-1.17,1.1406,28.53,0.0131,29.0187,26.7542,16.8169,48.0,119.453,48.0,102.813,63.0,67.4356,180.0,68.4756,-0.0119,11.8204,-0.7005,17.23,17.73,52.9955,15.5171,32.0127,35.1467,50.762,16.2899,30.0946,32.7047,34.5406,53.7736,73.7733,10.3419,0.0944,6.5562,54.2776,40.2103,33.3758,50.9554,0.089,6.8676,52.8764,39.9271,78.11,0.89,1.8846,31.08,0.2321,32.0782,32.0179,-28.4681,-22.4551,5.8359999999999985,0.19720000000000937,1523.7538881400003,1079.50020004,345.52995587000004,911.60455698,-67.6328,-444.64940608,-13.28935872,26.024040000000003,0.027988344215656876,very_low,2,0.013994172107828438,0.880466231373725,low_value
2027,Drexel,drexel,CAA,253.05718522585462,0.30753520542347634,201_250,201_250,,,20,9.472781556562168,-4.8235,223.0,102.362,296.0,107.185,131.0,64.2622,334.0,65.207,0.0028,-4.7495,-8.1316,19.24,17.39,50.653,19.0739,31.2096,31.573,47.067,16.3901,30.9973,35.419,35.461,48.9583,66.5468,9.4915,0.0891,7.9554,53.5854,40.0341,30.3279,47.8814,0.1112,7.4762,47.3333,34.0782,77.04,0.32,0.9305,30.9,0.3674,34.8189,25.6707,16.8169,48.0,119.453,48.0,102.813,63.0,67.4356,180.0,68.4756,-0.0119,11.8204,-0.7005,17.23,17.73,52.9955,15.5171,32.0127,35.1467,50.762,16.2899,30.0946,32.7047,34.5406,53.7736,73.7733,10.3419,0.0944,6.5562,54.2776,40.2103,33.3758,50.9554,0.089,6.8676,52.8764,39.9271,78.11,0.89,1.8846,31.08,0.2321,32.0782,32.0179,-21.6404,-17.091000000000008,4.372,-3.1733999999999867,1598.4455141100002,1183.5392438,310.71192361,939.24042816,-64.2622,-193.10448135000001,-4.48826675,26.024040000000003,0.05308225141034412,medium,3,0.01769408380344804,0.8767099435862353,monitor
2027,Louisiana,louisiana,SB,277.29337737047354,0.24095225997122657,251_300,301_plus,62.0,,20,9.472781556562168,-13.3501,315.0,100.164,322.0,113.514,263.0,63.288,352.0,64.0841,0.0328,-4.8362,-2.3015,19.36,18.03,47.139,16.8339,28.4091,28.7193,52.6144,18.2525,32.1678,45.8111,33.6474,44.8718,70.3985,10.7176,0.0898,9.0317,45.9459,40.4905,35.5738,52.1901,0.078,9.2681,49.6782,36.2448,77.13,-0.82,0.771,35.2,0.0821,35.6973,27.916,16.8169,48.0,119.453,48.0,102.813,63.0,67.4356,180.0,68.4756,-0.0119,11.8204,-0.7005,17.23,17.73,52.9955,15.5171,32.0127,35.1467,50.762,16.2899,30.0946,32.7047,34.5406,53.7736,73.7733,10.3419,0.0944,6.5562,54.2776,40.2103,33.3758,50.9554,0.089,6.8676,52.8764,39.9271,78.11,0.89,1.8846,31.08,0.2321,32.0782,32.0179,-30.167,-19.289,10.700999999999993,-4.147599999999997,1616.66824255,1123.0088929199999,274.22254761,854.9605008599999,-63.288,-540.55222405,-10.2929271,26.024040000000003,0.028302929334759336,very_low,2,0.014151464667379668,0.8678828266096266,low_value
2027,North Dakota St.,north dakota state,Sum,219.9382130432448,0.39852139273833853,136_160,136_160,,,20,9.472781556562168,4.5478,118.0,111.583,128.0,107.035,128.0,66.6452,224.0,68.1769,0.0538,-5.6324,-1.4044,17.56,17.67,53.2365,15.6306,32.8947,30.632,52.0408,18.6573,25.5461,29.2333,35.3993,53.3393,71.381,8.7858,0.1111,6.46,53.0134,42.7625,33.875,53.0109,0.0917,7.5442,56.0644,44.1258,76.17,-0.79,1.3378,30.04,0.1755,35.3852,35.5643,16.8169,48.0,119.453,48.0,102.813,63.0,67.4356,180.0,68.4756,-0.0119,11.8204,-0.7005,17.23,17.73,52.9955,15.5171,32.0127,35.1467,50.762,16.2899,30.0946,32.7047,34.5406,53.7736,73.7733,10.3419,0.0944,6.5562,54.2776,40.2103,33.3758,50.9554,0.089,6.8676,52.8764,39.9271,78.11,0.89,1.8846,31.08,0.2321,32.0782,32.0179,-12.269100000000002,-7.8700000000000045,4.221999999999994,-0.7903999999999911,1707.3826137500002,1181.4799569399997,254.62091094,989.95283862,-66.6452,194.4752975,6.08404684,26.024040000000003,0.10348184430620973,high,5,0.020696368861241946,0.860726227751611,avoid_bad_risk_reward
2027,Oral Roberts,oral roberts,Sum,271.18866780217104,0.2577234401039256,251_300,301_plus,119.0,,20,9.472781556562168,-13.1779,311.0,102.051,300.0,115.229,295.0,67.7528,161.0,69.227,-0.0548,-2.2215,5.2563,17.15,17.43,49.6518,18.5008,28.408,34.823,53.6476,14.6764,31.8052,39.0572,31.9745,51.0661,74.0,9.115,0.0822,7.6967,47.1233,45.5601,37.4233,52.2124,0.108,6.4538,46.0432,36.5881,76.71,-1.05,1.077,35.95,0.056,34.942,30.602,16.8169,48.0,119.453,48.0,102.813,63.0,67.4356,180.0,68.4756,-0.0119,11.8204,-0.7005,17.23,17.73,52.9955,15.5171,32.0127,35.1467,50.762,16.2899,30.0946,32.7047,34.5406,53.7736,73.7733,10.3419,0.0944,6.5562,54.2776,40.2103,33.3758,50.9554,0.089,6.8676,52.8764,39.9271,78.11,0.89,1.8846,31.08,0.2321,32.0782,32.0179,-29.994799999999998,-17.402,12.415999999999997,0.3171999999999997,1819.08266871,1067.1745171,301.37618192,854.9273968,-67.7528,-600.3864417899999,-14.192598299999998,26.024040000000003,0.028701565732036968,very_low,2,0.014350782866018484,0.8519373707185214,low_value
2027,Evansville,evansville,MVC,285.17510544469326,0.2192991608662273,251_300,301_plus,,,20,9.472781556562168,-13.2031,312.0,101.798,306.0,115.001,291.0,67.0597,200.0,67.4034,-0.0114,3.9238,3.2322,18.76,16.94,49.2683,19.0851,22.0356,29.7561,55.0568,15.4055,30.2231,31.4205,32.2489,49.9464,73.5656,10.0,0.0731,7.948,54.3228,43.1098,37.6316,54.0,0.1114,8.0952,57.9903,43.1818,78.74,1.14,1.2207,27.88,0.249,34.6329,36.5106,16.8169,48.0,119.453,48.0,102.813,63.0,67.4356,180.0,68.4756,-0.0119,11.8204,-0.7005,17.23,17.73,52.9955,15.5171,32.0127,35.1467,50.762,16.2899,30.0946,32.7047,34.5406,53.7736,73.7733,10.3419,0.0944,6.5562,54.2776,40.2103,33.3758,50.9554,0.089,6.8676,52.8764,39.9271,78.11,0.89,1.8846,31.08,0.2321,32.0782,32.0179,-30.02,-17.655,12.188000000000002,-0.37589999999998724,1721.24929558,1076.3328366199999,310.89437049,663.15256776,-67.0597,-569.18300038,-16.117024169999997,26.024040000000003,0.028902482537984678,very_low,2,0.014451241268992339,0.843900698480613,low_value
2027,Northeastern,northeastern,CAA,252.62503566813757,0.30872242948313855,251_300,251_300,145.0,,20,9.472781556562168,-10.7554,287.0,107.515,206.0,118.271,333.0,69.6431,66.0,69.6542,-0.061,-2.175,-1.1851,17.07,17.39,52.4246,16.3779,27.2811,29.3642,56.3897,16.7932,30.1636,41.8911,33.6662,53.5931,68.9908,8.1344,0.0997,7.1048,55.6725,37.7694,35.8306,57.8249,0.0927,6.828,50.2288,35.1862,77.78,0.07,0.9368,41.81,0.2743,30.491,26.2948,16.8169,48.0,119.453,48.0,102.813,63.0,67.4356,180.0,68.4756,-0.0119,11.8204,-0.7005,17.23,17.73,52.9955,15.5171,32.0127,35.1467,50.762,16.2899,30.0946,32.7047,34.5406,53.7736,73.7733,10.3419,0.0944,6.5562,54.2776,40.2103,33.3758,50.9554,0.089,6.8676,52.8764,39.9271,78.11,0.89,1.8846,31.08,0.2321,32.0782,32.0179,-27.5723,-11.938000000000002,15.457999999999998,2.2075000000000102,1508.0226107400001,1123.63635796,266.79435321,821.0137920599999,-69.6431,-406.22500476,-10.07565872,26.024040000000003,0.029123531590830375,very_low,2,0.014561765795415188,0.835058736366785,low_value
2027,Hampton,hampton,CAA,282.15231797991845,0.22760352203319112,251_300,251_300,153.0,,20,9.472781556562168,-9.3418,272.0,102.432,295.0,111.774,227.0,65.3815,291.0,65.9952,-0.0132,-4.1585,-7.6954,18.49,17.57,45.6841,17.0372,32.8841,39.2249,52.0075,17.1875,30.0412,46.4868,28.8431,47.1082,72.4551,8.4121,0.0947,7.7168,48.9083,37.0523,32.0896,53.9698,0.0932,7.7168,50.4711,33.6261,77.16,0.1,1.7217,39.33,0.3391,26.7647,23.8558,16.8169,48.0,119.453,48.0,102.813,63.0,67.4356,180.0,68.4756,-0.0119,11.8204,-0.7005,17.23,17.73,52.9955,15.5171,32.0127,35.1467,50.762,16.2899,30.0946,32.7047,34.5406,53.7736,73.7733,10.3419,0.0944,6.5562,54.2776,40.2103,33.3758,50.9554,0.089,6.8676,52.8764,39.9271,78.11,0.89,1.8846,31.08,0.2321,32.0782,32.0179,-26.1587,-17.021,8.960999999999999,-2.054099999999991,1479.3908873300002,962.6615369799999,277.53428427999995,989.6338358599999,-65.3815,-346.13517614,-16.08377706,26.024040000000003,0.029159593665748718,very_low,2,0.014579796832874359,0.8336162533700513,low_value
2027,Mercyhurst,mercyhurst,NEC,316.61153014027235,0.13293535675749352,251_300,251_300,,,20,9.472781556562168,-10.5785,285.0,101.342,309.0,111.92,231.0,64.8536,314.0,64.5761,-0.0134,-10.9797,0.1575,19.66,17.16,49.4603,14.2886,26.422,25.5801,50.1478,18.6704,29.8959,42.5784,32.1181,50.0392,74.0506,10.9626,0.1062,6.5728,54.2476,31.0847,32.3374,50.9804,0.0772,8.0493,52.5132,33.6487,74.94,-2.61,0.7404,31.45,0.4181,25.4121,25.1252,16.8169,48.0,119.453,48.0,102.813,63.0,67.4356,180.0,68.4756,-0.0119,11.8204,-0.7005,17.23,17.73,52.9955,15.5171,32.0127,35.1467,50.762,16.2899,30.0946,32.7047,34.5406,53.7736,73.7733,10.3419,0.0944,6.5562,54.2776,40.2103,33.3758,50.9554,0.089,6.8676,52.8764,39.9271,78.11,0.89,1.8846,31.08,0.2321,32.0782,32.0179,-27.395400000000002,-18.111000000000004,9.107,-2.5819999999999936,1241.12192537,1071.9672819799998,232.75986514,795.1595212,-64.8536,-328.82949895,-7.8323214,26.024040000000003,0.02959867337101786,very_low,2,0.01479933668550893,0.8160530651592857,low_value
2027,Ball St.,ball state,MAC,267.4612742420783,0.2679635323019828,251_300,251_300,128.0,,20,9.472781556562168,-11.5187,296.0,98.5482,339.0,110.067,192.0,63.7561,343.0,65.3444,-0.005,-4.5008,-6.8216,18.89,17.77,47.0499,16.2208,27.1429,31.6302,52.6713,18.6801,31.0383,32.0553,31.4241,46.994,70.9615,8.2265,0.113,8.1627,53.5714,39.2944,34.8092,52.9915,0.0806,7.3779,54.1436,41.1691,76.3,-1.16,1.8112,30.49,0.0649,31.785,33.0435,16.8169,48.0,119.453,48.0,102.813,63.0,67.4356,180.0,68.4756,-0.0119,11.8204,-0.7005,17.23,17.73,52.9955,15.5171,32.0127,35.1467,50.762,16.2899,30.0946,32.7047,34.5406,53.7736,73.7733,10.3419,0.0944,6.5562,54.2776,40.2103,33.3758,50.9554,0.089,6.8676,52.8764,39.9271,78.11,0.89,1.8846,31.08,0.2321,32.0782,32.0179,-28.3356,-20.90480000000001,7.253999999999991,-3.6794999999999902,1568.9114382400003,1048.80447678,264.23520992,816.85471834,-63.7561,-452.62040528000006,-20.86266944,26.024040000000003,0.029725800155799884,very_low,2,0.014862900077899942,0.8109679937680045,low_value
2027,Le Moyne,le moyne,NEC,307.96229099141607,0.15669700277083495,251_300,251_300,173.0,,20,9.472781556562168,-11.755,299.0,102.122,299.0,113.877,272.0,69.5751,69.0,69.1968,-0.0183,-10.8242,-1.9226,16.76,17.91,52.652,19.1133,25.1734,39.4517,49.2773,14.9643,29.0517,32.6552,34.3066,53.4743,71.7523,9.0506,0.0793,8.0183,56.5274,40.8224,36.0324,46.1402,0.111,7.0393,54.892,39.6681,77.29,-1.12,0.6733,26.72,0.1094,31.4451,34.9629,16.8169,48.0,119.453,48.0,102.813,63.0,67.4356,180.0,68.4756,-0.0119,11.8204,-0.7005,17.23,17.73,52.9955,15.5171,32.0127,35.1467,50.762,16.2899,30.0946,32.7047,34.5406,53.7736,73.7733,10.3419,0.0944,6.5562,54.2776,40.2103,33.3758,50.9554,0.089,6.8676,52.8764,39.9271,78.11,0.89,1.8846,31.08,0.2321,32.0782,32.0179,-28.5719,-17.331000000000003,11.063999999999993,2.1395000000000124,1629.92004704,1145.01022028,311.35374566999997,757.58340364,-69.5751,-479.867312,-7.914641500000001,26.024040000000003,0.030142252511591448,low,2,0.015071126255795724,0.794309899536342,low_value
2027,Dayton,dayton,A10,104.94222383185556,0.7144444400223748,51_75,51_75,39.0,,20,9.472781556562168,12.1089,68.0,111.72,127.0,99.6107,30.0,66.5978,227.0,67.6058,0.0297,5.0222,1.0029,18.1,17.19,51.5586,16.897,26.9357,46.1538,51.0406,20.9729,28.766,35.4807,33.8592,52.103,75.3813,11.9866,0.1203,7.0437,59.1422,41.4279,35.3939,49.6228,0.0985,8.9432,50.6787,40.8821,77.39,0.59,2.358,29.64,0.3158,30.514,34.1654,16.8169,48.0,119.453,48.0,102.813,63.0,67.4356,180.0,68.4756,-0.0119,11.8204,-0.7005,17.23,17.73,52.9955,15.5171,32.0127,35.1467,50.762,16.2899,30.0946,32.7047,34.5406,53.7736,73.7733,10.3419,0.0944,6.5562,54.2776,40.2103,33.3758,50.9554,0.089,6.8676,52.8764,39.9271,78.11,0.89,1.8846,31.08,0.2321,32.0782,32.0179,-4.708,-7.733000000000004,-3.202300000000008,-0.8377999999999872,1654.0959060900002,1130.07788736,275.2504403,810.61911722,-66.5978,501.64629831,28.552786200000003,26.024040000000003,0.18033967256882952,very_high,8,0.02254245907110369,0.7864130972468191,avoid_unless_needed
2027,Boston University,boston university,PL,293.02752578398747,0.19772657751651807,251_300,251_300,,,20,9.472781556562168,-8.1735,262.0,111.782,125.0,119.955,348.0,63.1806,355.0,63.4459,-0.0223,-8.941,-5.1451,19.49,18.19,57.4916,17.6237,27.9877,31.4254,53.6072,13.0202,27.9963,30.4897,38.8462,56.8862,73.3929,9.5745,0.0725,6.7891,53.6082,43.771,36.5759,52.7482,0.1083,5.7661,49.2588,40.6003,77.59,0.27,0.9877,22.26,0.3786,36.9212,34.4322,16.8169,48.0,119.453,48.0,102.813,63.0,67.4356,180.0,68.4756,-0.0119,11.8204,-0.7005,17.23,17.73,52.9955,15.5171,32.0127,35.1467,50.762,16.2899,30.0946,32.7047,34.5406,53.7736,73.7733,10.3419,0.0944,6.5562,54.2776,40.2103,33.3758,50.9554,0.089,6.8676,52.8764,39.9271,78.11,0.89,1.8846,31.08,0.2321,32.0782,32.0179,-24.9904,-7.6710000000000065,17.141999999999996,-4.2549999999999955,1747.6490941000002,1296.52300196,287.08831062999997,842.27863642,-63.1806,-357.76226850000006,-8.07296595,26.024040000000003,0.030484403695351568,low,2,0.015242201847675784,0.7806238521859372,low_value
2027,Southeastern Louisiana,southeastern louisiana,Slnd,302.24543338563177,0.17240265553397874,251_300,251_300,,,20,9.472781556562168,-10.5962,286.0,99.7422,328.0,110.338,198.0,65.5263,283.0,65.6395,-0.0058,-1.1685,4.9166,18.03,18.21,46.733,18.4119,28.6394,40.3236,52.3659,19.0694,31.4225,41.1987,28.3912,49.4347,68.3642,8.3249,0.1032,8.346,51.5885,39.4524,36.0,51.3706,0.1007,8.7507,52.7701,37.8549,77.07,-0.75,1.2887,40.56,0.2847,27.7635,30.2945,16.8169,48.0,119.453,48.0,102.813,63.0,67.4356,180.0,68.4756,-0.0119,11.8204,-0.7005,17.23,17.73,52.9955,15.5171,32.0127,35.1467,50.762,16.2899,30.0946,32.7047,34.5406,53.7736,73.7733,10.3419,0.0944,6.5562,54.2776,40.2103,33.3758,50.9554,0.089,6.8676,52.8764,39.9271,78.11,0.89,1.8846,31.08,0.2321,32.0782,32.0179,-27.4131,-19.710800000000006,7.5249999999999915,-1.9092999999999876,1575.21992004,947.57901296,299.92800981,861.89128724,-65.5263,-418.04552087999997,-13.65532294,26.024040000000003,0.03055433586237596,low,2,0.01527716793118798,0.7778265655049617,low_value
2027,Chattanooga,chattanooga,SC,251.43043760758005,0.312004292286868,251_300,301_plus,,,20,9.472781556562168,-12.1431,301.0,105.536,245.0,117.679,328.0,67.256,189.0,67.5828,-0.0291,-7.1722,-2.8601,17.05,18.52,54.1845,14.3885,21.7628,29.6885,51.7119,13.1639,31.7073,42.621,34.9876,55.8363,77.3663,7.6191,0.0735,6.0717,55.63,49.2364,34.1789,52.0635,0.0832,5.8166,53.3422,44.2149,75.91,-0.67,1.4088,34.32,0.1299,39.3488,33.9223,16.8169,48.0,119.453,48.0,102.813,63.0,67.4356,180.0,68.4756,-0.0119,11.8204,-0.7005,17.23,17.73,52.9955,15.5171,32.0127,35.1467,50.762,16.2899,30.0946,32.7047,34.5406,53.7736,73.7733,10.3419,0.0944,6.5562,54.2776,40.2103,33.3758,50.9554,0.089,6.8676,52.8764,39.9271,78.11,0.89,1.8846,31.08,0.2321,32.0782,32.0179,-28.96,-13.917000000000002,14.866,-0.17959999999999354,1965.8666664400002,1167.73914008,234.38722615,654.9427608799999,-67.256,-597.8825288400001,-17.10719928,26.024040000000003,0.03068597173481571,low,2,0.015342985867407856,0.7725611306073716,low_value
2027,Wyoming,wyoming,MWC,147.6257036480332,0.5971821328350736,101_135,136_160,150.0,,20,9.472781556562168,7.7166,95.0,114.852,85.0,107.135,129.0,66.4191,236.0,67.5551,-0.0371,4.3718,-5.7809,18.35,17.18,51.8124,16.283,34.0541,35.4478,52.0024,16.7919,27.9923,47.9388,32.9616,53.6015,74.2857,6.9789,0.0971,7.9565,53.7545,43.0171,32.8407,53.5354,0.0833,7.0776,45.2107,35.8657,77.03,-0.43,1.1829,36.11,0.0756,32.7317,25.7069,16.8169,48.0,119.453,48.0,102.813,63.0,67.4356,180.0,68.4756,-0.0119,11.8204,-0.7005,17.23,17.73,52.9955,15.5171,32.0127,35.1467,50.762,16.2899,30.0946,32.7047,34.5406,53.7736,73.7733,10.3419,0.0944,6.5562,54.2776,40.2103,33.3758,50.9554,0.089,6.8676,52.8764,39.9271,78.11,0.89,1.8846,31.08,0.2321,32.0782,32.0179,-9.1003,-4.600999999999999,4.322000000000003,-1.0164999999999935,1717.5480534100002,1100.11976928,265.2484417,1024.84451786,-66.4191,331.94575385999997,9.12796614,26.024040000000003,0.13085968572319626,very_high,6,0.021809947620532708,0.7656125710721495,avoid_bad_risk_reward
2027,Georgia St.,georgia state,SB,263.64308500460317,0.27845306317416707,251_300,301_plus,89.0,,20,9.472781556562168,-12.9658,309.0,99.4256,335.0,112.391,243.0,67.8849,150.0,68.7856,-0.0396,-4.2366,-0.5222,17.56,17.19,44.1867,15.9283,27.6991,37.1707,50.6118,16.3627,33.6423,34.9277,30.6343,42.8856,78.5824,8.3029,0.0975,7.2884,50.6079,42.4399,33.0484,51.2774,0.0864,6.6127,51.3854,39.0434,77.67,0.72,0.6313,33.76,0.2825,33.171,30.7556,16.8169,48.0,119.453,48.0,102.813,63.0,67.4356,180.0,68.4756,-0.0119,11.8204,-0.7005,17.23,17.73,52.9955,15.5171,32.0127,35.1467,50.762,16.2899,30.0946,32.7047,34.5406,53.7736,73.7733,10.3419,0.0944,6.5562,54.2776,40.2103,33.3758,50.9554,0.089,6.8676,52.8764,39.9271,78.11,0.89,1.8846,31.08,0.2321,32.0782,32.0179,-29.7827,-20.0274,9.578000000000003,0.449300000000008,1694.50213129,1022.4442699399999,259.47041416999997,833.59333486,-67.8849,-550.26725542,-8.185309539999999,26.024040000000003,0.03115682537429057,low,2,0.015578412687145285,0.7537269850283772,low_value
2027,Cal St. Fullerton,cal state fullerton,BW,243.27192234740482,0.3344177957488878,161_200,161_200,,,20,9.472781556562168,0.0159,170.0,109.298,169.0,109.282,176.0,72.8709,4.0,75.4547,0.0468,0.8363,5.6868,14.74,17.15,51.3636,15.1995,24.5672,37.8283,54.2909,19.4653,28.3422,35.3032,34.192,51.421,71.5621,8.6207,0.1048,7.0407,55.2239,43.1313,34.0355,57.0881,0.0816,8.9872,59.6899,46.3515,75.81,-1.26,1.0777,35.38,0.0878,34.0856,35.019,16.8169,48.0,119.453,48.0,102.813,63.0,67.4356,180.0,68.4756,-0.0119,11.8204,-0.7005,17.23,17.73,52.9955,15.5171,32.0127,35.1467,50.762,16.2899,30.0946,32.7047,34.5406,53.7736,73.7733,10.3419,0.0944,6.5562,54.2776,40.2103,33.3758,50.9554,0.089,6.8676,52.8764,39.9271,78.11,0.89,1.8846,31.08,0.2321,32.0782,32.0179,-16.801000000000002,-10.155000000000001,6.468999999999994,5.435300000000012,1722.1077282300002,1141.1853535999999,247.59833505,739.34005712,-72.8709,0.6857876700000001,0.017135430000000004,26.024040000000003,0.08116956034133718,high,4,0.020292390085334296,0.7532175863465129,avoid_unless_needed
2027,Fairfield,fairfield,MAAC,267.7153870622764,0.26726542015858124,251_300,251_300,,,20,9.472781556562168,-7.8554,260.0,106.013,231.0,113.869,271.0,67.0002,204.0,67.0848,0.0778,-9.6415,-8.9414,17.5,18.25,48.784,15.3439,35.7595,27.6751,50.9953,16.8287,29.1408,30.3824,33.2418,48.1928,70.4745,9.4031,0.0958,6.6595,45.2381,35.4086,34.2566,50.7768,0.0868,7.2445,52.5701,35.935,76.32,-0.8,1.0262,31.43,0.1837,30.162,29.6967,16.8169,48.0,119.453,48.0,102.813,63.0,67.4356,180.0,68.4756,-0.0119,11.8204,-0.7005,17.23,17.73,52.9955,15.5171,32.0127,35.1467,50.762,16.2899,30.0946,32.7047,34.5406,53.7736,73.7733,10.3419,0.0944,6.5562,54.2776,40.2103,33.3758,50.9554,0.089,6.8676,52.8764,39.9271,78.11,0.89,1.8846,31.08,0.2321,32.0782,32.0179,-24.6723,-13.439999999999998,11.055999999999997,-0.43539999999998713,1413.7627130600001,1109.4716684399998,249.95059661,1076.1678487000001,-67.0002,-278.14871644,-8.06121148,26.024040000000003,0.03201378664453844,low,2,0.01600689332226922,0.7194485342184624,low_value
2027,Loyola Marymount,loyola marymount,WCC,205.0312420576155,0.43947460973182567,161_200,161_200,,,20,9.472781556562168,0.568,165.0,106.512,222.0,105.944,108.0,67.0013,203.0,68.1241,-0.0446,0.2503,-6.0784,17.61,17.65,51.8467,17.5087,26.6667,31.0576,48.8618,16.5725,32.0144,32.4661,34.7645,51.6432,69.5496,10.3653,0.0871,8.4735,49.3134,40.4029,34.5808,47.1538,0.0904,7.8649,51.0178,36.206,78.4,0.77,1.6157,30.22,0.3437,33.6311,30.7726,16.8169,48.0,119.453,48.0,102.813,63.0,67.4356,180.0,68.4756,-0.0119,11.8204,-0.7005,17.23,17.73,52.9955,15.5171,32.0127,35.1467,50.762,16.2899,30.0946,32.7047,34.5406,53.7736,73.7733,10.3419,0.0944,6.5562,54.2776,40.2103,33.3758,50.9554,0.089,6.8676,52.8764,39.9271,78.11,0.89,1.8846,31.08,0.2321,32.0782,32.0179,-16.2489,-12.941000000000003,3.1310000000000002,-0.43429999999999325,1613.1706285900002,1160.2929990999999,285.21497213,802.52366982,-67.0013,22.9488472,0.9177175999999999,26.024040000000003,0.08214448022811684,high,4,0.02053612005702921,0.7142207908753266,avoid_unless_needed
2027,Saint Peter's,saint peters,MAAC,262.6787409761818,0.2811023599555445,251_300,251_300,,,20,9.472781556562168,-7.2407,253.0,103.227,284.0,110.468,202.0,65.5761,278.0,65.5309,0.0659,-8.0176,-1.1542,19.02,17.76,46.3519,17.6645,36.9837,35.4997,48.1068,20.0953,34.6567,46.4503,31.0127,46.2462,73.5751,11.3326,0.1323,8.3731,53.0395,38.7492,32.1293,48.0588,0.0929,6.8605,53.11,35.5646,76.7,-0.81,1.043,36.9,0.3103,30.3406,26.2151,16.8169,48.0,119.453,48.0,102.813,63.0,67.4356,180.0,68.4756,-0.0119,11.8204,-0.7005,17.23,17.73,52.9955,15.5171,32.0127,35.1467,50.762,16.2899,30.0946,32.7047,34.5406,53.7736,73.7733,10.3419,0.0944,6.5562,54.2776,40.2103,33.3758,50.9554,0.089,6.8676,52.8764,39.9271,78.11,0.89,1.8846,31.08,0.2321,32.0782,32.0179,-24.0576,-16.226,7.655000000000001,-1.859499999999997,1547.1431833200002,1035.0736726599998,287.75293855,1113.00965802,-65.5761,-280.57133244000005,-7.5520501,26.024040000000003,0.03220835334770961,low,2,0.016104176673854807,0.7116658660916155,low_value
2027,Delaware,delaware,CUSA,294.63538423391833,0.1933093839727519,251_300,251_300,,,20,9.472781556562168,-11.0981,291.0,104.63,262.0,115.728,302.0,63.2151,354.0,63.9676,0.0065,-2.8411,-7.1655,20.09,17.43,53.3055,18.236,20.8009,30.6162,51.5083,14.0474,31.0577,30.1651,36.8056,51.6706,78.6164,9.0543,0.0873,6.7938,52.2923,46.2131,35.1245,50.6036,0.1144,5.3125,60.7004,43.4263,78.52,0.05,0.866,12.5,0.0942,39.0471,36.1836,16.8169,48.0,119.453,48.0,102.813,63.0,67.4356,180.0,68.4756,-0.0119,11.8204,-0.7005,17.23,17.73,52.9955,15.5171,32.0127,35.1467,50.762,16.2899,30.0946,32.7047,34.5406,53.7736,73.7733,10.3419,0.0944,6.5562,54.2776,40.2103,33.3758,50.9554,0.089,6.8676,52.8764,39.9271,78.11,0.89,1.8846,31.08,0.2321,32.0782,32.0179,-27.915,-14.823000000000008,12.914999999999992,-4.220499999999994,1845.15506501,1228.41634448,297.0626164,625.9947651399999,-63.2151,-512.87760511,-9.610954600000001,26.024040000000003,0.03221414124494821,low,2,0.016107070622474105,0.7114343502020717,low_value
2027,Samford,samford,SC,234.38068945949863,0.3588442597266521,201_250,201_250,158.0,,20,9.472781556562168,-3.8047,212.0,109.756,161.0,113.56,264.0,67.2981,185.0,68.4488,0.0092,-6.0609,-0.0086,17.5,17.38,53.0689,13.3732,25.282,41.9224,51.8601,12.9883,25.7491,32.9262,35.6147,52.7719,69.1989,7.0191,0.063,5.7726,55.1546,45.6862,36.476,50.26,0.076,6.6866,45.8333,35.9245,75.85,-1.34,1.2596,28.58,0.02,36.1183,30.6626,16.8169,48.0,119.453,48.0,102.813,63.0,67.4356,180.0,68.4756,-0.0119,11.8204,-0.7005,17.23,17.73,52.9955,15.5171,32.0127,35.1467,50.762,16.2899,30.0946,32.7047,34.5406,53.7736,73.7733,10.3419,0.0944,6.5562,54.2776,40.2103,33.3758,50.9554,0.089,6.8676,52.8764,39.9271,78.11,0.89,1.8846,31.08,0.2321,32.0782,32.0179,-20.6216,-9.697000000000003,10.747,-0.13749999999998863,1824.1174760200001,1188.6691042599998,217.84809068,760.8516772,-67.2981,-173.82228514,-4.79240012,26.024040000000003,0.057467526159726896,medium,3,0.0191558420532423,0.701298953610924,monitor
2027,Mississippi Valley St.,mississippi valley state,SWAC,365.0,0.0,301_plus,301_plus,,,20,9.472781556562168,-31.2122,365.0,90.4865,364.0,121.699,356.0,67.0459,201.0,69.696,-0.026,-7.2625,5.4778,17.98,16.46,45.1841,21.9141,26.3826,33.881,55.5122,17.0592,35.5301,50.7795,29.4559,45.6169,71.5719,7.938,0.1007,9.5318,52.8512,30.1983,37.2215,55.2759,0.1238,6.9929,59.5322,42.4833,77.08,0.27,0.0738,29.53,0.0228,23.2823,31.8148,16.8169,48.0,119.453,48.0,102.813,63.0,67.4356,180.0,68.4756,-0.0119,11.8204,-0.7005,17.23,17.73,52.9955,15.5171,32.0127,35.1467,50.762,16.2899,30.0946,32.7047,34.5406,53.7736,73.7733,10.3419,0.0944,6.5562,54.2776,40.2103,33.3758,50.9554,0.089,6.8676,52.8764,39.9271,78.11,0.89,1.8846,31.08,0.2321,32.0782,32.0179,-48.0291,-28.966499999999996,18.885999999999996,-0.3896999999999906,1205.73054393,983.11422722,356.97849759,793.97379396,-67.0459,-942.55537926,-2.30346036,26.024040000000003,0.007703803249143535,very_low,1,0.007703803249143535,0.6918478700342585,low_value
2027,VMI,vmi,SC,337.3536250310574,0.07595157958500724,301_plus,301_plus,,,20,9.472781556562168,-26.1602,360.0,98.7436,338.0,124.904,364.0,66.7926,216.0,67.5698,-0.0111,-5.8423,-2.3162,18.28,16.94,47.5516,15.3098,25.6364,30.5605,56.9533,15.6671,37.2449,34.622,31.4978,47.9034,72.2008,6.3646,0.098,6.7363,50.6787,53.5693,36.4764,58.8997,0.0857,5.8688,62.2619,46.5089,76.63,-1.84,1.3175,26.63,0.6327,43.2024,36.5672,16.8169,48.0,119.453,48.0,102.813,63.0,67.4356,180.0,68.4756,-0.0119,11.8204,-0.7005,17.23,17.73,52.9955,15.5171,32.0127,35.1467,50.762,16.2899,30.0946,32.7047,34.5406,53.7736,73.7733,10.3419,0.0944,6.5562,54.2776,40.2103,33.3758,50.9554,0.089,6.8676,52.8764,39.9271,78.11,0.89,1.8846,31.08,0.2321,32.0782,32.0179,-42.9771,-20.709400000000002,22.090999999999994,-0.6430000000000007,2138.86679803,1051.26427324,249.39511101999997,771.5172034399999,-66.7926,-1401.38360186,-34.4660635,26.024040000000003,0.007839507180775898,very_low,1,0.007839507180775898,0.6864197127689641,low_value
2027,Davidson,davidson,A10,162.16239710210354,0.5572461618074078,101_135,101_135,,,20,9.472781556562168,5.4534,109.0,109.977,156.0,104.524,85.0,63.8596,341.0,64.2368,0.0186,2.5983,-0.3945,18.35,18.82,52.6286,15.8283,28.0992,30.9843,50.5784,17.5122,29.9715,37.1313,35.4271,52.2177,63.8989,11.9744,0.0981,6.6874,53.625,44.519,32.5984,51.5539,0.0914,7.6977,49.2866,36.7264,77.71,-0.13,1.4472,40.29,0.2231,37.8354,28.3174,16.8169,48.0,119.453,48.0,102.813,63.0,67.4356,180.0,68.4756,-0.0119,11.8204,-0.7005,17.23,17.73,52.9955,15.5171,32.0127,35.1467,50.762,16.2899,30.0946,32.7047,34.5406,53.7736,73.7733,10.3419,0.0944,6.5562,54.2776,40.2103,33.3758,50.9554,0.089,6.8676,52.8764,39.9271,78.11,0.89,1.8846,31.08,0.2321,32.0782,32.0179,-11.3635,-9.475999999999999,1.7109999999999985,-3.5759999999999934,1777.5145649,1182.40780418,257.84142417,845.63418432,-63.8596,242.7799146,7.89216048,26.024040000000003,0.13296730846066693,very_high,6,0.02216121807677782,0.6813076615733227,avoid_bad_risk_reward
2027,Binghamton,binghamton,AE,352.35827281747953,0.034730019732199115,301_plus,301_plus,,,20,9.472781556562168,-25.5059,359.0,97.6851,343.0,123.191,361.0,65.3508,296.0,65.1072,-0.0192,-12.5326,-8.4889,19.24,17.37,50.0,18.7907,20.9007,41.4737,54.329,13.2609,29.3994,34.5702,32.5,50.5584,75.2961,8.0366,0.0752,7.8921,48.6739,30.8772,35.8044,54.7304,0.109,5.7446,48.7582,39.2084,76.38,-0.72,1.1573,25.68,0.1383,22.9412,31.7187,16.8169,48.0,119.453,48.0,102.813,63.0,67.4356,180.0,68.4756,-0.0119,11.8204,-0.7005,17.23,17.73,52.9955,15.5171,32.0127,35.1467,50.762,16.2899,30.0946,32.7047,34.5406,53.7736,73.7733,10.3419,0.0944,6.5562,54.2776,40.2103,33.3758,50.9554,0.089,6.8676,52.8764,39.9271,78.11,0.89,1.8846,31.08,0.2321,32.0782,32.0179,-42.3228,-21.767899999999997,20.378,-2.084799999999987,1232.83705212,1084.7134999999998,306.09862393000003,628.99820622,-65.3508,-787.55077548,-29.51797807,26.024040000000003,0.008001976516158131,very_low,1,0.008001976516158131,0.6799209393536747,low_value
2027,Western Illinois,western illinois,OVC,347.7914270145952,0.047276299410452784,301_plus,301_plus,,,20,9.472781556562168,-28.5897,364.0,92.8653,359.0,121.455,355.0,66.6284,225.0,67.319,-0.0524,-8.0508,-2.0346,18.64,17.14,44.5519,17.4857,26.839,37.7821,54.1717,14.8972,34.8115,34.8247,30.9478,43.617,66.2116,5.1804,0.075,7.4486,36.8249,33.3333,35.6021,54.5791,0.1004,7.3958,49.8741,34.6433,77.05,-1.49,0.8339,34.58,0.0,27.1186,27.8435,16.8169,48.0,119.453,48.0,102.813,63.0,67.4356,180.0,68.4756,-0.0119,11.8204,-0.7005,17.23,17.73,52.9955,15.5171,32.0127,35.1467,50.762,16.2899,30.0946,32.7047,34.5406,53.7736,73.7733,10.3419,0.0944,6.5562,54.2776,40.2103,33.3758,50.9554,0.089,6.8676,52.8764,39.9271,78.11,0.89,1.8846,31.08,0.2321,32.0782,32.0179,-45.4066,-26.587699999999998,18.641999999999996,-0.8071999999999946,1330.90200243,1032.90758324,284.84030443,807.7089694,-66.6284,-952.98904701,-23.84095083,26.024040000000003,0.008107581183678075,very_low,1,0.008107581183678075,0.675696752652877,low_value
2027,Central Michigan,central michigan,MAC,284.2047738117769,0.22196490711050312,251_300,251_300,,,20,9.472781556562168,-9.2009,271.0,105.939,234.0,115.14,294.0,67.195,192.0,68.3224,-0.0983,-2.019,1.2278,18.2,17.07,51.7502,18.119,29.1282,31.4424,53.9521,16.9581,34.2975,38.982,33.8652,52.2415,69.6737,11.5759,0.0898,7.0154,54.8556,34.0374,35.514,54.3774,0.111,7.9744,57.9416,38.4431,77.49,0.72,0.3132,30.72,0.0,27.5746,30.373,16.8169,48.0,119.453,48.0,102.813,63.0,67.4356,180.0,68.4756,-0.0119,11.8204,-0.7005,17.23,17.73,52.9955,15.5171,32.0127,35.1467,50.762,16.2899,30.0946,32.7047,34.5406,53.7736,73.7733,10.3419,0.0944,6.5562,54.2776,40.2103,33.3758,50.9554,0.089,6.8676,52.8764,39.9271,78.11,0.89,1.8846,31.08,0.2321,32.0782,32.0179,-26.0178,-13.51400000000001,12.326999999999998,-0.2406000000000006,1359.01467354,1130.27814216,295.15669809999997,876.60152772,-67.195,-313.17471366,-2.88172188,26.024040000000003,0.03315900005659495,low,2,0.016579500028297476,0.673639997736202,low_value
2027,North Carolina Central,north carolina central,MEAC,325.6816797819043,0.10801736323652673,301_plus,301_plus,,,20,9.472781556562168,-20.9802,351.0,100.131,323.0,121.111,354.0,65.8272,271.0,66.667,0.0709,-10.3916,9.0448,17.73,18.08,47.4804,18.1393,29.9793,39.267,54.5398,19.8998,39.3743,36.8817,32.6255,46.7327,73.8333,10.0211,0.1152,8.6962,52.7301,33.9005,36.3636,54.5359,0.0944,8.3761,58.1673,40.6387,75.87,-1.71,1.2017,25.73,0.1255,26.7687,32.7172,16.8169,48.0,119.453,48.0,102.813,63.0,67.4356,180.0,68.4756,-0.0119,11.8204,-0.7005,17.23,17.73,52.9955,15.5171,32.0127,35.1467,50.762,16.2899,30.0946,32.7047,34.5406,53.7736,73.7733,10.3419,0.0944,6.5562,54.2776,40.2103,33.3758,50.9554,0.089,6.8676,52.8764,39.9271,78.11,0.89,1.8846,31.08,0.2321,32.0782,32.0179,-37.7971,-19.322000000000003,18.298000000000002,-1.608399999999989,1353.5486535500002,1088.9021629000001,295.48738306999996,902.21504178,-65.8272,-711.2392701,-25.21190634,26.024040000000003,0.008227020678496002,very_low,1,0.008227020678496002,0.6709191728601599,low_value
2027,Western Michigan,western michigan,MAC,250.09943918136085,0.3156608813698878,251_300,251_300,123.0,,20,9.472781556562168,-9.3733,274.0,107.763,198.0,117.136,317.0,67.7824,160.0,69.0477,-0.0358,-1.7056,-2.3973,18.14,16.6,49.8841,16.9125,30.4854,32.7926,54.3554,13.3808,29.0732,37.5145,35.313,48.1414,74.3816,7.6367,0.0597,7.4614,48.0692,36.095,36.1222,54.4892,0.0945,7.4116,53.875,43.7282,77.09,-0.1,1.1058,42.28,0.199,30.7979,35.1421,16.8169,48.0,119.453,48.0,102.813,63.0,67.4356,180.0,68.4756,-0.0119,11.8204,-0.7005,17.23,17.73,52.9955,15.5171,32.0127,35.1467,50.762,16.2899,30.0946,32.7047,34.5406,53.7736,73.7733,10.3419,0.0944,6.5562,54.2776,40.2103,33.3758,50.9554,0.089,6.8676,52.8764,39.9271,78.11,0.89,1.8846,31.08,0.2321,32.0782,32.0179,-26.1902,-11.689999999999998,14.322999999999993,0.3468000000000018,1441.1686745,1178.5996254,275.50293375,917.44591884,-67.7824,-338.3292635,-10.36499514,26.024040000000003,0.03338025636568074,low,2,0.01669012818284037,0.6647897453727705,low_value
2027,Purdue Fort Wayne,purdue fort wayne,Horz,290.6266616447529,0.20432235811881067,251_300,251_300,,,20,9.472781556562168,-7.7795,259.0,105.451,247.0,113.231,257.0,67.7251,162.0,69.0319,0.1182,-1.9814,7.5206,17.15,17.68,52.5618,14.536,22.8916,30.5654,56.0668,19.0816,34.5085,28.5463,34.1115,53.7217,70.7129,9.1195,0.1149,7.1931,49.8029,45.4064,37.8989,55.4507,0.0734,7.5927,55.8968,44.0797,76.27,-0.17,1.9125,26.6,0.2907,36.6636,37.4343,16.8169,48.0,119.453,48.0,102.813,63.0,67.4356,180.0,68.4756,-0.0119,11.8204,-0.7005,17.23,17.73,52.9955,15.5171,32.0127,35.1467,50.762,16.2899,30.0946,32.7047,34.5406,53.7736,73.7733,10.3419,0.0944,6.5562,54.2776,40.2103,33.3758,50.9554,0.089,6.8676,52.8764,39.9271,78.11,0.89,1.8846,31.08,0.2321,32.0782,32.0179,-24.5964,-14.00200000000001,10.417999999999992,0.28950000000000387,1812.94587344,1138.4986016999999,236.78998639999998,688.9135453600001,-67.7251,-353.2390888,-14.87829375,26.024040000000003,0.03355700640906216,low,2,0.01677850320453108,0.6577197436375135,low_value
2027,UTEP,utep,CUSA,270.16764222898126,0.2605284554148867,251_300,251_300,58.0,,20,9.472781556562168,-9.3827,275.0,101.028,313.0,110.411,200.0,65.5266,282.0,65.9818,0.0105,-0.4242,3.2198,18.59,17.65,48.2581,17.3773,26.1491,33.3548,51.5339,17.9673,32.7991,41.9713,33.92,46.4865,70.4062,10.1253,0.1073,7.9914,47.9751,40.3226,33.9721,51.8789,0.0939,7.2406,52.7457,37.4674,76.88,-0.17,1.6245,23.12,0.1358,34.1936,28.7469,16.8169,48.0,119.453,48.0,102.813,63.0,67.4356,180.0,68.4756,-0.0119,11.8204,-0.7005,17.23,17.73,52.9955,15.5171,32.0127,35.1467,50.762,16.2899,30.0946,32.7047,34.5406,53.7736,73.7733,10.3419,0.0944,6.5562,54.2776,40.2103,33.3758,50.9554,0.089,6.8676,52.8764,39.9271,78.11,0.89,1.8846,31.08,0.2321,32.0782,32.0179,-26.1996,-18.424999999999997,7.597999999999999,-1.9089999999999918,1609.9644824600002,1132.107136,283.07447927000004,786.9467048600001,-65.5266,-378.33485902,-15.24219615,26.024040000000003,0.03371227408736524,low,2,0.01685613704368262,0.6515090365053904,low_value
2027,Morgan St.,morgan state,MEAC,348.3286632876121,0.045800375583483384,301_plus,301_plus,,,20,9.472781556562168,-21.6445,353.0,99.4589,334.0,121.103,353.0,70.7556,23.0,70.7272,0.1028,-12.8849,-1.7781,16.54,17.52,45.828,17.8312,30.7463,42.6752,51.6731,16.4756,35.138,50.9009,31.7029,44.8919,74.3284,8.593,0.0605,8.3942,52.2152,35.1592,31.5152,53.7299,0.0944,10.4276,56.4138,31.8533,76.18,-0.68,1.0978,27.71,0.1832,27.1038,21.6466,16.8169,48.0,119.453,48.0,102.813,63.0,67.4356,180.0,68.4756,-0.0119,11.8204,-0.7005,17.23,17.73,52.9955,15.5171,32.0127,35.1467,50.762,16.2899,30.0946,32.7047,34.5406,53.7736,73.7733,10.3419,0.0944,6.5562,54.2776,40.2103,33.3758,50.9554,0.089,6.8676,52.8764,39.9271,78.11,0.89,1.8846,31.08,0.2321,32.0782,32.0179,-38.4614,-19.994100000000003,18.289999999999992,3.3200000000000074,1403.8048943200001,1058.10964982,290.46846488,925.2975999800001,-70.7556,-761.0033044,-23.761332100000004,26.024040000000003,0.008855487959413993,very_low,1,0.008855487959413993,0.6457804816234403,low_value
2027,Stephen F. Austin,stephen f austin,Slnd,166.91400832776006,0.544192284813846,101_135,101_135,160.0,,20,9.472781556562168,8.5754,91.0,112.706,111.0,104.13,78.0,65.9646,264.0,66.1711,0.0168,-3.2517,-4.0259,17.77,18.51,51.7072,14.2508,33.7731,30.1086,47.7562,17.6371,29.3904,31.1357,35.7607,50.4296,68.5567,10.0515,0.1035,6.0201,48.4919,39.7827,30.2652,49.055,0.0823,7.29,47.451,35.5125,75.53,-1.99,1.423,30.2,0.2735,34.4037,27.2727,16.8169,48.0,119.453,48.0,102.813,63.0,67.4356,180.0,68.4756,-0.0119,11.8204,-0.7005,17.23,17.73,52.9955,15.5171,32.0127,35.1467,50.762,16.2899,30.0946,32.7047,34.5406,53.7736,73.7733,10.3419,0.0944,6.5562,54.2776,40.2103,33.3758,50.9554,0.089,6.8676,52.8764,39.9271,78.11,0.89,1.8846,31.08,0.2321,32.0782,32.0179,-8.2415,-6.747,1.316999999999993,-1.4709999999999894,1588.40784117,1193.54197106,232.14410691999998,1016.38793526,-65.9646,341.15256558,12.202794200000001,26.024040000000003,0.1341560343686794,very_high,6,0.022359339061446565,0.633758625252824,avoid_bad_risk_reward
2027,Delaware St.,delaware state,MEAC,350.84245749798123,0.038894347533018556,301_plus,301_plus,,,20,9.472781556562168,-27.1047,362.0,87.2045,365.0,114.309,278.0,65.3651,293.0,66.0404,-0.0129,-11.7313,1.7584,18.96,17.11,42.9396,19.8892,27.7311,34.0801,52.933,19.5003,32.0,40.5028,28.4038,43.0755,68.9243,5.2406,0.1133,10.1668,45.8042,28.9206,32.998,54.7594,0.0972,8.1668,55.4734,34.7067,76.8,0.52,1.3159,44.89,0.1577,22.5326,25.5187,16.8169,48.0,119.453,48.0,102.813,63.0,67.4356,180.0,68.4756,-0.0119,11.8204,-0.7005,17.23,17.73,52.9955,15.5171,32.0127,35.1467,50.762,16.2899,30.0946,32.7047,34.5406,53.7736,73.7733,10.3419,0.0944,6.5562,54.2776,40.2103,33.3758,50.9554,0.089,6.8676,52.8764,39.9271,78.11,0.89,1.8846,31.08,0.2321,32.0782,32.0179,-43.9216,-32.24850000000001,11.495999999999995,-2.0704999999999956,1154.7156882600002,947.9995480399999,323.99307908,834.5563620600001,-65.3651,-783.8841868200001,-35.66707473,26.024040000000003,0.009198750747749718,very_low,1,0.009198750747749718,0.6320499700900113,low_value
2027,Coppin St.,coppin state,MEAC,365.0,0.0,301_plus,301_plus,,,20,9.472781556562168,-27.3637,363.0,92.217,360.0,119.581,344.0,68.0631,139.0,69.0598,0.0368,-7.5895,3.4969,17.87,16.66,45.8562,22.308,30.4307,38.4522,55.4316,17.5483,34.751,42.9243,30.6759,45.7707,67.1949,10.8583,0.087,9.327,51.506,35.1615,38.3152,53.878,0.1298,8.8463,62.5156,43.2178,77.57,-0.08,0.5694,49.8,0.1467,27.5272,34.8005,16.8169,48.0,119.453,48.0,102.813,63.0,67.4356,180.0,68.4756,-0.0119,11.8204,-0.7005,17.23,17.73,52.9955,15.5171,32.0127,35.1467,50.762,16.2899,30.0946,32.7047,34.5406,53.7736,73.7733,10.3419,0.0944,6.5562,54.2776,40.2103,33.3758,50.9554,0.089,6.8676,52.8764,39.9271,78.11,0.89,1.8846,31.08,0.2321,32.0782,32.0179,-44.1806,-27.236000000000004,16.768,0.6275000000000119,1403.89672665,1023.8327032199999,363.3950892,915.7997442200001,-68.0631,-962.14873755,-15.58089078,26.024040000000003,0.009223832584553542,very_low,1,0.009223832584553542,0.6310466966178583,low_value
2027,Nebraska Omaha,nebraska omaha,Sum,252.7585797746693,0.30835555006958976,251_300,251_300,138.0,,20,9.472781556562168,-8.3251,264.0,106.092,229.0,114.417,279.0,67.0247,202.0,68.6278,0.0334,-3.3471,2.7318,18.19,16.75,52.1765,16.0634,25.5407,34.4619,52.7378,14.0617,28.7671,33.6023,34.0237,52.9652,73.1579,9.1005,0.0821,7.0058,46.9251,40.8706,32.9114,55.5556,0.0906,5.8549,53.2484,45.5331,77.18,-0.05,1.6748,35.69,0.4746,32.1979,34.6359,16.8169,48.0,119.453,48.0,102.813,63.0,67.4356,180.0,68.4756,-0.0119,11.8204,-0.7005,17.23,17.73,52.9955,15.5171,32.0127,35.1467,50.762,16.2899,30.0946,32.7047,34.5406,53.7736,73.7733,10.3419,0.0944,6.5562,54.2776,40.2103,33.3758,50.9554,0.089,6.8676,52.8764,39.9271,78.11,0.89,1.8846,31.08,0.2321,32.0782,32.0179,-25.142000000000003,-13.361000000000004,11.604,-0.41089999999999804,1631.8445332600002,1135.5682064599998,261.67117966,768.6371502200001,-67.0247,-340.2518320600001,-13.942877480000002,26.024040000000003,0.03425316701988074,low,2,0.01712658350994037,0.6298733192047705,low_value
2027,Radford,radford,BSth,273.59433528133144,0.2511144635128258,251_300,251_300,,,20,9.472781556562168,-7.5434,257.0,106.437,223.0,113.98,273.0,70.6506,26.0,72.4257,-0.0356,-7.2526,-6.8162,16.13,17.03,51.3475,17.0606,29.8086,42.3739,53.0495,18.5135,32.1884,39.9885,33.4596,52.3109,71.0419,9.1752,0.1022,7.3585,45.7405,45.4128,35.5083,52.9194,0.097,8.2959,54.1615,37.9171,76.94,-0.5,1.5276,27.65,0.0,34.3264,29.9616,16.8169,48.0,119.453,48.0,102.813,63.0,67.4356,180.0,68.4756,-0.0119,11.8204,-0.7005,17.23,17.73,52.9955,15.5171,32.0127,35.1467,50.762,16.2899,30.0946,32.7047,34.5406,53.7736,73.7733,10.3419,0.0944,6.5562,54.2776,40.2103,33.3758,50.9554,0.089,6.8676,52.8764,39.9271,78.11,0.89,1.8846,31.08,0.2321,32.0782,32.0179,-24.360300000000002,-13.016000000000005,11.167000000000002,3.2150000000000034,1813.20140688,1116.74091768,277.91546794,897.0778935599999,-70.6506,-342.56691552,-11.523297840000001,26.024040000000003,0.03446492377840593,low,2,0.017232461889202966,0.6214030488637627,low_value
2027,Montana St.,montana state,BSky,209.85468610019956,0.42622338983461655,136_160,136_160,,,20,9.472781556562168,2.72,134.0,110.951,140.0,108.23,145.0,65.9148,266.0,67.3584,-0.0827,-0.5126,5.8913,18.41,17.38,53.6031,14.7202,27.0382,30.2422,51.6539,15.6846,28.2353,29.5924,36.1111,53.1483,74.0234,7.2842,0.0964,6.8525,39.9481,44.6545,34.2513,51.7986,0.0787,6.0403,43.2258,34.3178,77.38,-0.31,0.7296,31.06,0.2111,37.3291,28.0019,16.8169,48.0,119.453,48.0,102.813,63.0,67.4356,180.0,68.4756,-0.0119,11.8204,-0.7005,17.23,17.73,52.9955,15.5171,32.0127,35.1467,50.762,16.2899,30.0946,32.7047,34.5406,53.7736,73.7733,10.3419,0.0944,6.5562,54.2776,40.2103,33.3758,50.9554,0.089,6.8676,52.8764,39.9271,78.11,0.89,1.8846,31.08,0.2321,32.0782,32.0179,-14.0969,-8.50200000000001,5.417000000000002,-1.5207999999999942,1782.92468695,1205.23685138,239.79058598,813.70381372,-65.9148,121.46024,1.9845120000000003,26.024040000000003,0.10968859482832259,high,5,0.02193771896566452,0.6124562068670967,avoid_bad_risk_reward
2027,Sacramento St.,sacramento state,BSky,281.2130702054538,0.23018387306194005,251_300,251_300,92.0,,20,9.472781556562168,-8.5711,266.0,105.872,236.0,114.443,281.0,71.6531,13.0,72.2908,-0.0222,0.9227,8.5043,15.96,17.22,47.0291,14.0675,25.2133,41.2359,55.0379,17.1171,33.4356,36.226,31.8865,46.5867,78.098,7.764,0.1038,4.8695,48.8506,35.5912,35.1531,56.8323,0.092,6.7386,57.9336,43.7391,77.25,-0.79,0.9759,32.41,0.0,26.9647,33.8317,16.8169,48.0,119.453,48.0,102.813,63.0,67.4356,180.0,68.4756,-0.0119,11.8204,-0.7005,17.23,17.73,52.9955,15.5171,32.0127,35.1467,50.762,16.2899,30.0946,32.7047,34.5406,53.7736,73.7733,10.3419,0.0944,6.5562,54.2776,40.2103,33.3758,50.9554,0.089,6.8676,52.8764,39.9271,78.11,0.89,1.8846,31.08,0.2321,32.0782,32.0179,-25.387999999999998,-13.581000000000003,11.629999999999995,4.217500000000001,1421.05340152,1064.2374467,229.15816825000002,758.78417818,-71.6531,-305.05573432,-8.364536489999999,26.024040000000003,0.034695968297241545,low,2,0.017347984148620772,0.6121612681103383,low_value
2027,Rider,rider,MAAC,320.5009308988448,0.12225018983833856,301_plus,301_plus,,,20,9.472781556562168,-24.1738,357.0,95.9357,351.0,120.11,349.0,65.8404,269.0,65.6969,-0.0235,-4.9717,11.0403,19.24,17.38,42.766,16.9067,32.6228,30.0912,55.1553,15.2758,32.8228,32.5466,27.6549,43.2523,70.101,9.3071,0.0897,6.9584,44.3058,27.4772,37.9471,53.9814,0.0995,6.306,54.4386,39.9379,77.68,0.07,0.7647,32.18,0.2626,21.3797,34.0465,16.8169,48.0,119.453,48.0,102.813,63.0,67.4356,180.0,68.4756,-0.0119,11.8204,-0.7005,17.23,17.73,52.9955,15.5171,32.0127,35.1467,50.762,16.2899,30.0946,32.7047,34.5406,53.7736,73.7733,10.3419,0.0944,6.5562,54.2776,40.2103,33.3758,50.9554,0.089,6.8676,52.8764,39.9271,78.11,0.89,1.8846,31.08,0.2321,32.0782,32.0179,-40.990700000000004,-23.517300000000006,17.296999999999997,-1.5951999999999913,1097.0849121200001,923.00441142,275.40845233,981.7701168799999,-65.8404,-664.22833736,-18.485704860000002,26.024040000000003,0.009819283748276307,very_low,1,0.009819283748276307,0.6072286500689477,low_value
2027,Brown,brown,Ivy,251.22982157103888,0.3125554352443986,251_300,251_300,,,20,9.472781556562168,-10.937,289.0,97.9956,342.0,108.933,163.0,66.5667,231.0,66.6899,-0.0502,-4.2976,-8.9263,17.64,18.2,48.6477,19.4712,28.9888,28.086,51.3406,18.7064,30.0358,37.6087,30.3435,50.4357,68.3951,11.9593,0.11,8.1767,59.4855,36.3384,33.5017,52.1628,0.1129,7.7061,55.3366,43.0435,76.83,-0.42,0.8155,35.61,0.4278,28.3929,32.9652,16.8169,48.0,119.453,48.0,102.813,63.0,67.4356,180.0,68.4756,-0.0119,11.8204,-0.7005,17.23,17.73,52.9955,15.5171,32.0127,35.1467,50.762,16.2899,30.0946,32.7047,34.5406,53.7736,73.7733,10.3419,0.0944,6.5562,54.2776,40.2103,33.3758,50.9554,0.089,6.8676,52.8764,39.9271,78.11,0.89,1.8846,31.08,0.2321,32.0782,32.0179,-27.7539,-21.457400000000007,6.1200000000000045,-0.8688999999999965,1450.8869306400002,1012.7385873,317.18390088,872.40634048,-66.5667,-397.43308079999997,-8.9191235,26.024040000000003,0.03492945006320748,low,2,0.01746472503160374,0.6028219974717008,low_value
2027,Idaho St.,idaho state,BSky,302.1703076622822,0.1726090448838401,251_300,251_300,,,20,9.472781556562168,-7.3358,255.0,109.436,164.0,116.772,316.0,65.5485,279.0,67.0283,-0.0353,-1.1637,3.0195,19.0,16.94,51.8496,16.9882,32.7801,37.9475,54.4781,14.7099,27.8204,37.9597,33.6182,52.8747,74.0566,11.1947,0.0768,6.7854,46.8708,41.8854,34.5104,56.0677,0.102,7.033,48.3354,36.9514,77.53,-0.18,0.7804,33.82,0.2566,32.0507,27.7181,16.8169,48.0,119.453,48.0,102.813,63.0,67.4356,180.0,68.4756,-0.0119,11.8204,-0.7005,17.23,17.73,52.9955,15.5171,32.0127,35.1467,50.762,16.2899,30.0946,32.7047,34.5406,53.7736,73.7733,10.3419,0.0944,6.5562,54.2776,40.2103,33.3758,50.9554,0.089,6.8676,52.8764,39.9271,78.11,0.89,1.8846,31.08,0.2321,32.0782,32.0179,-24.1527,-10.016999999999996,13.959000000000003,-1.8870999999999896,1672.36255434,1122.03431956,276.73607918,986.5039974599999,-65.5485,-307.26291732,-5.72485832,26.024040000000003,0.03559311727863498,low,2,0.01779655863931749,0.5762753088546009,low_value
2027,Mount St. Mary's,mount st marys,MAAC,293.65649258256406,0.19599864675119763,251_300,251_300,,,20,9.472781556562168,-9.3522,273.0,99.5826,330.0,108.935,164.0,67.548,174.0,67.6712,0.028,-7.2299,0.7306,17.39,17.94,50.6169,22.4066,32.3017,33.3137,47.2176,15.3333,29.1304,37.34,32.6897,51.7912,67.3721,8.9899,0.085,9.6842,55.1817,42.5969,32.342,46.1616,0.1272,6.8359,52.6462,44.9082,76.99,0.06,1.7171,35.65,0.3068,33.7767,35.5586,16.8169,48.0,119.453,48.0,102.813,63.0,67.4356,180.0,68.4756,-0.0119,11.8204,-0.7005,17.23,17.73,52.9955,15.5171,32.0127,35.1467,50.762,16.2899,30.0946,32.7047,34.5406,53.7736,73.7733,10.3419,0.0944,6.5562,54.2776,40.2103,33.3758,50.9554,0.089,6.8676,52.8764,39.9271,78.11,0.89,1.8846,31.08,0.2321,32.0782,32.0179,-26.1691,-19.870400000000004,6.122,0.11240000000000805,1700.77068599,1091.04488926,365.00127334,972.1067408199999,-67.548,-398.37472818,-16.05866262,26.024040000000003,0.03560749040651137,low,2,0.017803745203255686,0.5757003837395451,low_value
2027,North Alabama,north alabama,ASun,324.86257910035386,0.1102676398341926,301_plus,301_plus,,,20,9.472781556562168,-19.3154,343.0,99.5793,331.0,118.895,338.0,64.8721,312.0,65.5759,0.0565,-5.0469,1.5887,18.87,17.57,48.0449,17.5418,31.1609,37.5641,55.1861,14.5193,32.2792,30.3234,30.6667,49.0821,68.43,11.0753,0.0955,6.531,40.5082,33.6538,35.6841,56.4516,0.1101,4.9657,55.3985,43.2581,77.68,-0.4,1.3656,22.3,0.3759,25.4211,34.7527,16.8169,48.0,119.453,48.0,102.813,63.0,67.4356,180.0,68.4756,-0.0119,11.8204,-0.7005,17.23,17.73,52.9955,15.5171,32.0127,35.1467,50.762,16.2899,30.0946,32.7047,34.5406,53.7736,73.7733,10.3419,0.0944,6.5562,54.2776,40.2103,33.3758,50.9554,0.089,6.8676,52.8764,39.9271,78.11,0.89,1.8846,31.08,0.2321,32.0782,32.0179,-36.1323,-19.8737,16.081999999999994,-2.5634999999999906,1343.69863798,1023.5256458599999,285.75416781999996,937.7748211400001,-64.8721,-650.03660852,-26.37711024,26.024040000000003,0.010698318774954087,very_low,1,0.010698318774954087,0.5720672490018366,low_value
2027,South Carolina St.,south carolina state,MEAC,338.41889945712666,0.07302500149141034,301_plus,301_plus,,,20,9.472781556562168,-23.4073,356.0,95.2938,356.0,118.701,336.0,68.7256,106.0,70.2637,0.0333,-8.9989,2.9999,18.33,16.05,46.8282,20.7789,31.3931,41.0533,53.9204,18.7864,37.6333,51.93,33.9928,44.7534,66.7638,11.2537,0.0977,9.9625,52.6163,33.2735,33.4884,56.2685,0.1082,9.0137,57.888,38.9023,77.95,0.86,0.4583,45.44,0.2244,28.0277,26.799,16.8169,48.0,119.453,48.0,102.813,63.0,67.4356,180.0,68.4756,-0.0119,11.8204,-0.7005,17.23,17.73,52.9955,15.5171,32.0127,35.1467,50.762,16.2899,30.0946,32.7047,34.5406,53.7736,73.7733,10.3419,0.0944,6.5562,54.2776,40.2103,33.3758,50.9554,0.089,6.8676,52.8764,39.9271,78.11,0.89,1.8846,31.08,0.2321,32.0782,32.0179,-40.224199999999996,-24.1592,15.887999999999991,1.2900000000000063,1328.5143618500001,1134.53689424,338.48620310999996,944.76278726,-68.7256,-778.8427965499999,-10.72756559,26.024040000000003,0.010708385289760841,very_low,1,0.010708385289760841,0.5716645884095664,low_value
2027,Dartmouth,dartmouth,Ivy,273.96176689556364,0.25010503600119877,251_300,251_300,,,20,9.472781556562168,-9.4763,276.0,104.804,260.0,114.281,276.0,69.5801,68.0,69.1586,0.0001,-2.63,-4.7171,16.95,17.87,51.7664,17.6715,23.7368,37.9957,52.832,13.8148,29.7447,30.7292,36.1481,49.4382,74.1936,9.3148,0.0714,7.1952,53.8591,48.6662,34.7176,53.3191,0.1048,6.6772,50.0707,39.1927,77.03,-1.02,1.6551,27.95,0.5402,40.0657,31.9898,16.8169,48.0,119.453,48.0,102.813,63.0,67.4356,180.0,68.4756,-0.0119,11.8204,-0.7005,17.23,17.73,52.9955,15.5171,32.0127,35.1467,50.762,16.2899,30.0946,32.7047,34.5406,53.7736,73.7733,10.3419,0.0944,6.5562,54.2776,40.2103,33.3758,50.9554,0.089,6.8676,52.8764,39.9271,78.11,0.89,1.8846,31.08,0.2321,32.0782,32.0179,-26.2932,-14.649000000000001,11.468000000000004,2.144500000000008,1943.1002340200002,1206.47175598,287.86696785000004,714.3495012799999,-69.5801,-461.17551106,-15.68422413,26.024040000000003,0.03572886308978122,low,2,0.01786443154489061,0.5708454764087514,low_value
2027,Youngstown St.,youngstown state,Horz,268.6424885638374,0.26471843801143574,201_250,201_250,,,20,9.472781556562168,-3.8675,213.0,105.634,241.0,109.501,181.0,67.2656,187.0,68.6308,-0.0921,-3.9444,-1.7278,18.02,17.07,53.6505,18.8211,30.4392,31.4183,52.27,17.8199,30.7128,35.9564,33.7364,56.6351,73.3333,9.3002,0.0976,8.009,53.7649,49.4913,35.5124,51.7495,0.1081,8.059,47.8375,34.2615,76.39,-0.71,1.6499,36.14,0.2262,38.4298,27.7624,16.8169,48.0,119.453,48.0,102.813,63.0,67.4356,180.0,68.4756,-0.0119,11.8204,-0.7005,17.23,17.73,52.9955,15.5171,32.0127,35.1467,50.762,16.2899,30.0946,32.7047,34.5406,53.7736,73.7733,10.3419,0.0944,6.5562,54.2776,40.2103,33.3758,50.9554,0.089,6.8676,52.8764,39.9271,78.11,0.89,1.8846,31.08,0.2321,32.0782,32.0179,-20.6844,-13.819000000000003,6.688000000000002,-0.1699999999999875,1976.0440842300002,1125.97933912,306.59383689000003,916.05554832,-67.2656,-191.40760275000002,-6.38098825,26.024040000000003,0.06073149243473469,medium,3,0.02024383081157823,0.5707403026106124,monitor
2027,Milwaukee,milwaukee,Horz,262.9806140016035,0.2802730384571333,251_300,251_300,132.0,,20,9.472781556562168,-8.8155,268.0,106.594,220.0,115.41,299.0,67.4145,181.0,69.0742,0.0128,-1.8407,6.1377,16.59,18.19,49.8685,15.2244,33.0465,32.0884,55.5,15.8315,29.2201,35.8889,32.2759,50.7653,68.6885,8.5502,0.0943,6.8183,48.1348,38.1378,36.4641,56.0409,0.0841,6.398,55.8247,40.2222,76.68,-0.59,0.7581,45.95,0.1609,30.324,31.9613,16.8169,48.0,119.453,48.0,102.813,63.0,67.4356,180.0,68.4756,-0.0119,11.8204,-0.7005,17.23,17.73,52.9955,15.5171,32.0127,35.1467,50.762,16.2899,30.0946,32.7047,34.5406,53.7736,73.7733,10.3419,0.0944,6.5562,54.2776,40.2103,33.3758,50.9554,0.089,6.8676,52.8764,39.9271,78.11,0.89,1.8846,31.08,0.2321,32.0782,32.0179,-25.6324,-12.859000000000009,12.596999999999994,-0.021099999999989905,1522.73175438,1077.23398322,248.00395355999999,994.5211989000001,-67.4145,-336.2037759,-6.68303055,26.024040000000003,0.035740002854923715,low,2,0.017870001427461858,0.5703998858030515,low_value
2027,East Texas A&M,texas a and m commerce,Slnd,342.8021423178459,0.06098312550042342,251_300,251_300,,,20,9.472781556562168,-10.7903,288.0,100.805,316.0,111.595,225.0,68.2395,133.0,68.5075,0.0006,-1.0408,6.6375,17.27,17.71,49.2234,19.2193,25.736,32.0191,52.8726,16.9811,32.7821,34.471,31.2661,51.2222,67.9104,8.6239,0.0983,8.5149,62.4467,46.2366,37.2754,51.0092,0.107,7.1525,56.0248,37.9977,77.37,-0.22,1.2768,34.51,0.2214,36.0835,32.7488,16.8169,48.0,119.453,48.0,102.813,63.0,67.4356,180.0,68.4756,-0.0119,11.8204,-0.7005,17.23,17.73,52.9955,15.5171,32.0127,35.1467,50.762,16.2899,30.0946,32.7047,34.5406,53.7736,73.7733,10.3419,0.0944,6.5562,54.2776,40.2103,33.3758,50.9554,0.089,6.8676,52.8764,39.9271,78.11,0.89,1.8846,31.08,0.2321,32.0782,32.0179,-27.6072,-18.647999999999996,8.781999999999996,0.8039000000000129,1846.0933518600002,1043.53110038,313.08047507,774.5146256,-68.2395,-498.90678498000005,-13.777055039999999,26.024040000000003,0.03575622829724899,low,2,0.017878114148624495,0.5697508681100403,low_value
2027,Charleston Southern,charleston southern,BSth,281.2447745520456,0.23009677320866587,201_250,201_250,,,20,9.472781556562168,-6.271,236.0,105.946,233.0,112.217,239.0,71.6021,15.0,73.3305,-0.0898,-6.4574,-5.7109,16.1,16.63,54.0599,18.5401,29.417,30.5177,46.9464,12.7578,30.3055,43.282,35.6436,54.6436,64.8214,10.9822,0.0647,7.8933,54.9398,49.5368,31.8644,46.5584,0.1065,6.2871,39.2405,31.333,77.12,0.13,0.8252,41.67,0.1332,41.4146,24.0204,16.8169,48.0,119.453,48.0,102.813,63.0,67.4356,180.0,68.4756,-0.0119,11.8204,-0.7005,17.23,17.73,52.9955,15.5171,32.0127,35.1467,50.762,16.2899,30.0946,32.7047,34.5406,53.7736,73.7733,10.3419,0.0944,6.5562,54.2776,40.2103,33.3758,50.9554,0.089,6.8676,52.8764,39.9271,78.11,0.89,1.8846,31.08,0.2321,32.0782,32.0179,-23.0879,-13.507000000000005,9.403999999999996,4.166499999999999,1977.8607672800001,1189.63366488,302.01637499,885.2928482000001,-71.6021,-310.6452728,-5.1748292000000005,26.024040000000003,0.060761584913583605,medium,3,0.020253861637861203,0.5695366034566556,monitor
2027,Gardner Webb,gardner webb,BSth,329.6556961920598,0.0970997357360995,301_plus,301_plus,,,20,9.472781556562168,-26.2564,361.0,95.7495,353.0,122.006,358.0,69.2388,80.0,70.7775,-0.0014,-1.3389,4.8871,16.91,17.05,47.7739,19.8274,23.1764,30.2871,56.9474,15.3062,36.5664,35.2468,31.0294,48.5881,68.472,6.6364,0.0862,8.1476,40.9859,39.836,35.9948,59.0,0.1168,6.6876,55.303,40.9871,76.16,-0.89,0.5519,35.65,0.0971,31.8892,31.7308,16.8169,48.0,119.453,48.0,102.813,63.0,67.4356,180.0,68.4756,-0.0119,11.8204,-0.7005,17.23,17.73,52.9955,15.5171,32.0127,35.1467,50.762,16.2899,30.0946,32.7047,34.5406,53.7736,73.7733,10.3419,0.0944,6.5562,54.2776,40.2103,33.3758,50.9554,0.089,6.8676,52.8764,39.9271,78.11,0.89,1.8846,31.08,0.2321,32.0782,32.0179,-43.0733,-23.703500000000005,19.192999999999998,1.803200000000004,1590.5359556,1035.63104852,322.98636326,697.4844874400001,-69.2388,-1045.9499504,-14.490907159999999,26.024040000000003,0.01079410277357055,very_low,1,0.01079410277357055,0.568235889057178,low_value
2027,Saint Francis,saint francis pa,NEC,353.5024906979463,0.03158656401663104,301_plus,301_plus,,,20,9.472781556562168,-22.2465,354.0,99.6162,329.0,121.863,357.0,70.0245,45.0,69.9877,-0.025,-7.0288,7.0607,17.05,17.2,48.9424,18.4473,27.4882,30.8461,58.8909,18.4473,33.0744,38.3363,34.2146,47.4976,69.5238,4.893,0.1055,9.1255,51.5906,37.7791,38.0531,60.1427,0.0932,7.899,56.25,40.868,76.79,-1.5,1.2549,32.85,0.1073,32.4963,32.1295,16.8169,48.0,119.453,48.0,102.813,63.0,67.4356,180.0,68.4756,-0.0119,11.8204,-0.7005,17.23,17.73,52.9955,15.5171,32.0127,35.1467,50.762,16.2899,30.0946,32.7047,34.5406,53.7736,73.7733,10.3419,0.0944,6.5562,54.2776,40.2103,33.3758,50.9554,0.089,6.8676,52.8764,39.9271,78.11,0.89,1.8846,31.08,0.2321,32.0782,32.0179,-39.0634,-19.836799999999997,19.049999999999997,2.5889000000000095,1508.4099036100001,1141.93964668,300.50467226999996,827.2463837199999,-70.0245,-840.45274815,-27.917132849999998,26.024040000000003,0.010967034537605913,very_low,1,0.010967034537605913,0.5613186184957635,low_value
2027,Belmont,belmont,MVC,156.86828351657363,0.571790429899523,76_100,76_100,,,20,9.472781556562168,11.9596,69.0,120.584,38.0,108.624,156.0,68.9687,94.0,69.969,0.0346,-0.669,-4.9525,15.83,18.29,61.0491,18.0691,28.7513,32.5335,49.9197,17.383,29.1522,30.6909,41.0256,60.6372,68.6106,11.2632,0.0846,8.3713,61.8791,45.7031,34.2421,48.5263,0.097,8.9202,54.4516,49.1162,77.82,0.57,1.0151,38.61,0.4079,38.949,40.9922,16.8169,48.0,119.453,48.0,102.813,63.0,67.4356,180.0,68.4756,-0.0119,11.8204,-0.7005,17.23,17.73,52.9955,15.5171,32.0127,35.1467,50.762,16.2899,30.0946,32.7047,34.5406,53.7736,73.7733,10.3419,0.0944,6.5562,54.2776,40.2103,33.3758,50.9554,0.089,6.8676,52.8764,39.9271,78.11,0.89,1.8846,31.08,0.2321,32.0782,32.0179,-4.8573,1.1310000000000002,5.810999999999993,1.5331000000000046,1824.79224401,1369.2622204799998,294.34383209,865.25887298,-68.9687,546.59079476,12.140189959999999,26.024040000000003,0.16190080218834732,very_high,7,0.02312868602690676,0.523967912466107,avoid_unless_needed
2027,Manhattan,manhattan,MAAC,321.6485750041362,0.11909732141720822,301_plus,301_plus,,,20,9.472781556562168,-16.2434,329.0,104.578,263.0,120.821,350.0,67.9034,148.0,68.1202,0.0533,-8.2003,-3.0385,17.77,17.43,47.8654,15.6259,28.5714,34.0449,53.9311,16.6552,36.9585,25.6937,32.0059,47.7807,79.582,5.8872,0.1128,7.3919,49.6084,37.11,36.6216,53.3167,0.0823,5.3802,61.488,38.0267,75.38,-1.07,1.578,22.19,0.3919,29.0107,32.955,16.8169,48.0,119.453,48.0,102.813,63.0,67.4356,180.0,68.4756,-0.0119,11.8204,-0.7005,17.23,17.73,52.9955,15.5171,32.0127,35.1467,50.762,16.2899,30.0946,32.7047,34.5406,53.7736,73.7733,10.3419,0.0944,6.5562,54.2776,40.2103,33.3758,50.9554,0.089,6.8676,52.8764,39.9271,78.11,0.89,1.8846,31.08,0.2321,32.0782,32.0179,-33.0603,-14.875,18.007999999999996,0.4678000000000111,1481.6946810000002,1068.2225172199999,254.54434841,859.8448544400001,-67.9034,-602.7925740000001,-25.632085200000002,26.024040000000003,0.012077891252422411,very_low,1,0.012077891252422411,0.5168843499031035,low_value
2027,Miami OH,miami oh,MAC,193.32711080210512,0.4716288164777331,136_160,136_160,,,20,9.472781556562168,8.6415,90.0,117.142,66.0,108.5,151.0,69.7637,61.0,70.9261,0.1316,-4.3293,-10.0363,16.27,17.57,58.5942,14.3173,25.502,39.5936,51.1567,17.4044,28.7111,30.1788,37.1084,61.0494,74.896,7.9536,0.0971,5.7269,51.3691,45.5794,33.0935,52.0298,0.0859,7.6955,47.2028,36.5405,77.53,-0.22,1.9578,26.36,0.5952,34.555,29.1016,16.8169,48.0,119.453,48.0,102.813,63.0,67.4356,180.0,68.4756,-0.0119,11.8204,-0.7005,17.23,17.73,52.9955,15.5171,32.0127,35.1467,50.762,16.2899,30.0946,32.7047,34.5406,53.7736,73.7733,10.3419,0.0944,6.5562,54.2776,40.2103,33.3758,50.9554,0.089,6.8676,52.8764,39.9271,78.11,0.89,1.8846,31.08,0.2321,32.0782,32.0179,-8.1754,-2.311000000000007,5.686999999999998,2.3281000000000063,1819.85326174,1238.52253672,233.22738526999998,767.4724891999999,-69.7637,393.87438510000004,16.9183287,26.024040000000003,0.11232116605429075,high,5,0.02246423321085815,0.5071533578283702,avoid_bad_risk_reward
2027,Marist,marist,MAAC,248.2671208250329,0.32069472300815144,201_250,201_250,,,20,9.472781556562168,-2.8849,201.0,99.7598,327.0,102.645,62.0,66.3863,239.0,66.4928,-0.0272,-8.9873,-7.7172,17.64,18.35,49.3395,16.9247,29.1139,25.6749,45.5936,19.4709,28.2649,37.5765,32.2259,49.8683,78.0761,9.0029,0.1063,6.9396,58.9239,34.5778,28.619,47.1442,0.0999,8.8368,46.2822,36.7809,76.26,-0.93,1.5055,31.04,0.5242,28.1567,26.903,16.8169,48.0,119.453,48.0,102.813,63.0,67.4356,180.0,68.4756,-0.0119,11.8204,-0.7005,17.23,17.73,52.9955,15.5171,32.0127,35.1467,50.762,16.2899,30.0946,32.7047,34.5406,53.7736,73.7733,10.3419,0.0944,6.5562,54.2776,40.2103,33.3758,50.9554,0.089,6.8676,52.8764,39.9271,78.11,0.89,1.8846,31.08,0.2321,32.0782,32.0179,-19.7018,-19.693200000000004,-0.16800000000000637,-1.0492999999999881,1380.5912783800002,1075.56519322,275.70167053,876.17117494,-66.3863,-99.75349522,-4.34321695,26.024040000000003,0.0625812716476512,medium,3,0.0208604238825504,0.4967491340939518,monitor
2027,Southern Utah,southern utah,WAC,289.91778096784145,0.20626983250593,251_300,251_300,,,20,9.472781556562168,-7.2396,252.0,106.599,219.0,113.839,269.0,70.3011,32.0,70.8312,-0.0529,1.7768,5.346,17.06,16.68,50.7463,20.2987,28.7698,33.1343,53.2485,14.7759,33.5871,29.8322,32.9966,51.4339,71.5315,9.2166,0.0736,7.8966,49.6011,35.4627,37.9817,51.6897,0.124,7.4122,46.9318,29.5073,78.71,1.65,0.9454,30.51,0.0832,28.0401,26.3471,16.8169,48.0,119.453,48.0,102.813,63.0,67.4356,180.0,68.4756,-0.0119,11.8204,-0.7005,17.23,17.73,52.9955,15.5171,32.0127,35.1467,50.762,16.2899,30.0946,32.7047,34.5406,53.7736,73.7733,10.3419,0.0944,6.5562,54.2776,40.2103,33.3758,50.9554,0.089,6.8676,52.8764,39.9271,78.11,0.89,1.8846,31.08,0.2321,32.0782,32.0179,-24.0565,-12.854,11.025999999999996,2.8655000000000115,1415.92276917,1101.28792228,330.66379313,865.81562308,-70.3011,-256.73576292,-6.84431784,26.024040000000003,0.03764328397007433,low,2,0.018821641985037166,0.49426864119702674,low_value
2027,Cal Poly,cal poly,BW,254.1126237731928,0.30463564897474504,201_250,201_250,,,20,9.472781556562168,-3.8933,214.0,109.416,165.0,113.309,258.0,74.0257,1.0,76.0992,-0.0029,0.8115,4.8718,14.53,17.27,51.5261,19.8878,29.9571,34.9198,53.8019,16.2142,29.5979,34.1171,33.0383,53.7118,78.5185,5.6636,0.0836,10.4295,49.5169,52.6125,34.6814,55.0296,0.0946,7.8538,52.4625,40.8204,77.68,-0.72,0.6295,32.81,0.3172,39.9683,32.0983,16.8169,48.0,119.453,48.0,102.813,63.0,67.4356,180.0,68.4756,-0.0119,11.8204,-0.7005,17.23,17.73,52.9955,15.5171,32.0127,35.1467,50.762,16.2899,30.0946,32.7047,34.5406,53.7736,73.7733,10.3419,0.0944,6.5562,54.2776,40.2103,33.3758,50.9554,0.089,6.8676,52.8764,39.9271,78.11,0.89,1.8846,31.08,0.2321,32.0782,32.0179,-20.7102,-10.037000000000006,10.495999999999995,6.590100000000007,2100.66454875,1102.67969314,323.97027321999997,901.54694166,-74.0257,-204.83624625,-2.4508323499999998,26.024040000000003,0.06264958564142802,medium,3,0.02088319521380934,0.49401657434287927,monitor
2027,Chicago St.,chicago state,NEC,322.90502756075796,0.11564552867923636,301_plus,301_plus,,,20,9.472781556562168,-19.524,344.0,99.5074,333.0,119.031,340.0,65.389,290.0,65.7649,-0.032,-4.7794,10.5603,19.32,17.0,45.3247,15.6336,28.2511,29.9552,56.6687,20.0794,35.0,37.9785,32.1234,44.0486,74.9533,4.8662,0.1236,7.2794,50.3467,30.8511,35.6471,59.9757,0.0835,7.7191,72.7387,50.8373,75.65,-1.81,1.3073,38.93,0.0695,26.2871,38.3221,16.8169,48.0,119.453,48.0,102.813,63.0,67.4356,180.0,68.4756,-0.0119,11.8204,-0.7005,17.23,17.73,52.9955,15.5171,32.0127,35.1467,50.762,16.2899,30.0946,32.7047,34.5406,53.7736,73.7733,10.3419,0.0944,6.5562,54.2776,40.2103,33.3758,50.9554,0.089,6.8676,52.8764,39.9271,78.11,0.89,1.8846,31.08,0.2321,32.0782,32.0179,-36.340900000000005,-19.9456,16.218000000000004,-2.046599999999998,1231.79495481,1072.1441737199998,254.66978063999997,850.20555406,-65.389,-602.3368764,-25.523725199999998,26.024040000000003,0.013010603501134576,very_low,1,0.013010603501134576,0.47957585995461693,low_value
2027,Jackson St.,jackson state,SWAC,330.69806030850805,0.09423609805354935,301_plus,301_plus,,,20,9.472781556562168,-18.7148,340.0,100.187,321.0,118.902,339.0,69.5301,71.0,71.0593,0.1005,-6.3771,13.503,17.84,15.82,45.687,19.4313,29.7147,37.3967,52.9791,16.468,37.2269,41.857,31.3842,44.6266,75.8287,8.0725,0.0881,8.3398,45.8167,43.2851,34.75,53.542,0.1109,7.6625,60.8836,39.7219,76.48,-0.57,1.2752,36.17,0.4486,34.038,30.1737,16.8169,48.0,119.453,48.0,102.813,63.0,67.4356,180.0,68.4756,-0.0119,11.8204,-0.7005,17.23,17.73,52.9955,15.5171,32.0127,35.1467,50.762,16.2899,30.0946,32.7047,34.5406,53.7736,73.7733,10.3419,0.0944,6.5562,54.2776,40.2103,33.3758,50.9554,0.089,6.8676,52.8764,39.9271,78.11,0.89,1.8846,31.08,0.2321,32.0782,32.0179,-35.5317,-19.266000000000005,16.089,2.0945000000000107,1728.2485162100002,1047.4727823599999,316.53393387,894.25201062,-69.5301,-810.07198948,-23.865112959999998,26.024040000000003,0.013020809164582784,very_low,1,0.013020809164582784,0.47916763341668867,low_value
2027,Maryland Eastern Shore,maryland eastern shore,MEAC,355.056655823617,0.027316879605447673,301_plus,301_plus,,,20,9.472781556562168,-20.726,350.0,94.7084,358.0,115.434,300.0,63.1421,356.0,64.4468,-0.052,-9.3762,4.7647,19.64,17.34,47.7584,23.7686,32.377,29.4521,50.7463,17.8898,33.642,43.0348,28.9963,49.9064,71.4588,7.8431,0.0862,9.9839,56.4586,33.4994,33.4898,51.0836,0.1378,9.2743,56.1354,39.7388,77.34,-0.04,0.8172,39.33,0.1136,25.0,29.9161,16.8169,48.0,119.453,48.0,102.813,63.0,67.4356,180.0,68.4756,-0.0119,11.8204,-0.7005,17.23,17.73,52.9955,15.5171,32.0127,35.1467,50.762,16.2899,30.0946,32.7047,34.5406,53.7736,73.7733,10.3419,0.0944,6.5562,54.2776,40.2103,33.3758,50.9554,0.089,6.8676,52.8764,39.9271,78.11,0.89,1.8846,31.08,0.2321,32.0782,32.0179,-37.5429,-24.744600000000005,12.620999999999995,-4.2934999999999945,1337.5338937400002,967.77470954,387.18811714,974.3728642000001,-63.1421,-694.3085644,-16.9372872,26.024040000000003,0.013725688517424485,very_low,1,0.013725688517424485,0.45097245930302066,low_value
2027,Alcorn St.,alcorn state,SWAC,362.6221623764138,0.006532520943917979,301_plus,301_plus,147.0,,20,9.472781556562168,-20.0308,346.0,96.5438,349.0,116.575,312.0,67.3139,184.0,69.424,0.0391,-5.2556,13.2104,17.96,16.55,47.661,19.548,26.8577,31.8107,55.027,18.0684,35.534,39.4054,33.3333,46.473,70.7612,9.0758,0.1103,9.0566,46.5969,33.6819,32.9738,58.035,0.1049,7.0391,55.6531,35.0811,76.45,-1.02,0.8385,29.75,0.1784,28.5848,25.0195,16.8169,48.0,119.453,48.0,102.813,63.0,67.4356,180.0,68.4756,-0.0119,11.8204,-0.7005,17.23,17.73,52.9955,15.5171,32.0127,35.1467,50.762,16.2899,30.0946,32.7047,34.5406,53.7736,73.7733,10.3419,0.0944,6.5562,54.2776,40.2103,33.3758,50.9554,0.089,6.8676,52.8764,39.9271,78.11,0.89,1.8846,31.08,0.2321,32.0782,32.0179,-36.8477,-22.9092,13.762,-0.12169999999998993,1344.82058949,1112.52555414,318.43496519999997,808.27173842,-67.3139,-674.6754025199999,-16.7958258,26.024040000000003,0.013916725362665113,very_low,1,0.013916725362665113,0.44333098549339545,low_value
2027,Maine,maine,AE,306.96135859025924,0.15944681705972727,301_plus,301_plus,159.0,,20,9.472781556562168,-20.3087,348.0,91.6781,363.0,111.987,233.0,64.7745,317.0,64.8524,-0.0308,-9.4028,-1.6091,17.91,18.94,49.5757,19.1004,19.798,38.3812,50.6455,19.3989,34.2885,33.9202,31.2169,51.1917,64.2857,9.0994,0.1194,9.6,54.3964,37.0104,29.3461,54.5033,0.095,7.4611,52.3995,36.7958,77.31,-0.07,1.5616,34.34,0.1256,27.9916,25.9887,16.8169,48.0,119.453,48.0,102.813,63.0,67.4356,180.0,68.4756,-0.0119,11.8204,-0.7005,17.23,17.73,52.9955,15.5171,32.0127,35.1467,50.762,16.2899,30.0946,32.7047,34.5406,53.7736,73.7733,10.3419,0.0944,6.5562,54.2776,40.2103,33.3758,50.9554,0.089,6.8676,52.8764,39.9271,78.11,0.89,1.8846,31.08,0.2321,32.0782,32.0179,-37.125600000000006,-27.774900000000002,9.173999999999992,-2.6610999999999905,1477.71794184,1041.88901102,311.14360596,595.8128908,-64.7745,-751.63311048,-31.714065920000003,26.024040000000003,0.01462971126567146,very_low,1,0.01462971126567146,0.4148115493731416,low_value
2027,The Citadel,the citadel,SC,340.52252445407504,0.06724581193935432,301_plus,301_plus,,,20,9.472781556562168,-20.1485,347.0,100.786,317.0,120.934,352.0,64.4101,328.0,64.7839,0.028,-5.7798,-2.119,19.28,17.52,49.5352,16.2934,27.9263,30.0407,57.5466,14.7296,31.3869,33.2751,31.9563,51.0022,66.5377,7.8125,0.0792,6.709,50.6241,47.821,36.6402,59.5833,0.0958,6.8099,52.179,44.0559,76.89,-1.56,0.8124,29.6,0.3826,38.5066,35.1077,16.8169,48.0,119.453,48.0,102.813,63.0,67.4356,180.0,68.4756,-0.0119,11.8204,-0.7005,17.23,17.73,52.9955,15.5171,32.0127,35.1467,50.762,16.2899,30.0946,32.7047,34.5406,53.7736,73.7733,10.3419,0.0944,6.5562,54.2776,40.2103,33.3758,50.9554,0.089,6.8676,52.8764,39.9271,78.11,0.89,1.8846,31.08,0.2321,32.0782,32.0179,-36.9654,-18.667,18.120999999999995,-3.025499999999994,1909.3538491000002,1066.56707754,265.41785666,840.43082798,-64.4101,-963.5214184999999,-16.368641399999998,26.024040000000003,0.015011264335797938,very_low,1,0.015011264335797938,0.39954942656808246,low_value
2027,Bryant,bryant,AE,314.3019405475351,0.13928038311116736,301_plus,301_plus,169.0,,20,9.472781556562168,-22.9639,355.0,96.7071,347.0,119.671,345.0,64.2516,335.0,64.4513,0.0094,-8.1635,2.3682,19.53,17.58,46.8869,20.2397,27.6447,29.4155,52.7372,14.5852,31.0021,33.5158,29.9735,48.6585,76.0259,10.7109,0.0898,8.0325,53.12,47.9034,36.3328,51.7536,0.1221,5.6016,51.3158,35.8273,79.24,1.24,0.3681,29.53,0.0929,37.0897,30.1976,16.8169,48.0,119.453,48.0,102.813,63.0,67.4356,180.0,68.4756,-0.0119,11.8204,-0.7005,17.23,17.73,52.9955,15.5171,32.0127,35.1467,50.762,16.2899,30.0946,32.7047,34.5406,53.7736,73.7733,10.3419,0.0944,6.5562,54.2776,40.2103,33.3758,50.9554,0.089,6.8676,52.8764,39.9271,78.11,0.89,1.8846,31.08,0.2321,32.0782,32.0179,-39.7808,-22.745900000000006,16.858000000000004,-3.1839999999999975,1912.64384214,1000.3895413,329.70268903,831.95618862,-64.2516,-1100.04888726,-8.45301159,26.024040000000003,0.015028961334442353,very_low,1,0.015028961334442353,0.39884154662230586,low_value
2027,UT Rio Grande Valley,ut rio grande valley,Slnd,254.65992672687943,0.30313206943164994,136_160,136_160,,,20,9.472781556562168,4.6154,117.0,111.117,137.0,106.502,121.0,66.4417,234.0,66.5243,-0.0561,-1.456,8.2171,17.89,17.48,54.7784,18.4606,28.1974,28.9004,47.8176,16.2549,32.1617,38.948,36.7589,54.499,76.2948,7.7828,0.0882,8.7268,59.8522,43.696,30.3519,49.2308,0.0973,7.4322,58.0559,38.1645,75.88,-1.3,1.4813,32.13,0.1155,36.6142,28.3691,16.8169,48.0,119.453,48.0,102.813,63.0,67.4356,180.0,68.4756,-0.0119,11.8204,-0.7005,17.23,17.73,52.9955,15.5171,32.0127,35.1467,50.762,16.2899,30.0946,32.7047,34.5406,53.7736,73.7733,10.3419,0.0944,6.5562,54.2776,40.2103,33.3758,50.9554,0.089,6.8676,52.8764,39.9271,78.11,0.89,1.8846,31.08,0.2321,32.0782,32.0179,-12.2015,-8.335999999999999,3.688999999999993,-0.9938999999999965,1744.6545616,1226.8576946199998,300.72132794,848.5894740399999,-66.4417,201.6745184,6.836792020000001,26.024040000000003,0.1150470228104898,high,5,0.02300940456209796,0.39811908758040815,avoid_bad_risk_reward
2027,Hawaii,hawaii,BW,203.21603715488692,0.4444614363876734,136_160,136_160,,,20,9.472781556562168,5.5845,108.0,107.179,212.0,101.594,47.0,69.8448,55.0,72.4247,0.0363,-3.1161,-11.4703,16.85,16.45,51.9835,18.826,31.2558,41.4325,46.828,16.7932,25.2604,35.5914,31.6736,54.9451,73.5372,9.7697,0.0893,8.1314,49.8191,39.8347,30.2829,47.498,0.1069,7.8663,39.7436,32.3118,78.71,1.21,1.7519,32.58,0.2742,28.1557,24.7507,16.8169,48.0,119.453,48.0,102.813,63.0,67.4356,180.0,68.4756,-0.0119,11.8204,-0.7005,17.23,17.73,52.9955,15.5171,32.0127,35.1467,50.762,16.2899,30.0946,32.7047,34.5406,53.7736,73.7733,10.3419,0.0944,6.5562,54.2776,40.2103,33.3758,50.9554,0.089,6.8676,52.8764,39.9271,78.11,0.89,1.8846,31.08,0.2321,32.0782,32.0179,-11.2324,-12.274000000000001,-1.2190000000000083,2.4092000000000127,1590.48405037,1057.13173888,306.6736574,940.63079868,-69.8448,222.45688215,9.78348555,26.024040000000003,0.11515926835035875,high,5,0.02303185367007175,0.3936292659856502,avoid_bad_risk_reward
2027,Louisiana Monroe,louisiana monroe,SB,305.15128378289035,0.16441955004700462,301_plus,301_plus,156.0,,20,9.472781556562168,-21.1017,352.0,101.261,310.0,122.362,360.0,70.1839,39.0,70.7063,-0.0988,-4.0088,-1.6023,17.06,16.86,47.7848,16.9263,25.1351,38.7802,57.087,15.6638,35.4746,27.6707,32.2359,47.3736,72.7003,8.6643,0.0842,6.6863,50.2104,41.9448,36.8681,58.3935,0.1024,7.2474,58.0338,42.2616,76.5,-1.56,0.1546,27.47,0.0555,32.7755,35.0254,16.8169,48.0,119.453,48.0,102.813,63.0,67.4356,180.0,68.4756,-0.0119,11.8204,-0.7005,17.23,17.73,52.9955,15.5171,32.0127,35.1467,50.762,16.2899,30.0946,32.7047,34.5406,53.7736,73.7733,10.3419,0.0944,6.5562,54.2776,40.2103,33.3758,50.9554,0.089,6.8676,52.8764,39.9271,78.11,0.89,1.8846,31.08,0.2321,32.0782,32.0179,-37.9186,-18.192000000000007,19.548999999999992,2.7483000000000004,1674.73422408,1075.89895122,275.72773437,756.43078046,-70.1839,-885.10658616,-3.26232282,26.024040000000003,0.015380342207030577,very_low,1,0.015380342207030577,0.384786311718777,low_value
2027,UC Riverside,uc riverside,BW,257.3251576529482,0.2958100064479446,251_300,251_300,,,20,9.472781556562168,-7.9552,261.0,103.974,273.0,111.929,232.0,68.4974,119.0,71.0537,-0.0476,1.0418,6.053,17.53,16.27,48.9337,19.0466,27.7674,35.0432,52.6584,15.4812,30.0,40.8937,31.5789,49.9065,74.1776,10.1077,0.0722,8.9134,49.7312,38.3285,33.5116,53.7697,0.1013,8.2567,50.6571,31.7308,78.11,0.13,0.7709,25.72,0.0,29.316,23.7674,16.8169,48.0,119.453,48.0,102.813,63.0,67.4356,180.0,68.4756,-0.0119,11.8204,-0.7005,17.23,17.73,52.9955,15.5171,32.0127,35.1467,50.762,16.2899,30.0946,32.7047,34.5406,53.7736,73.7733,10.3419,0.0944,6.5562,54.2776,40.2103,33.3758,50.9554,0.089,6.8676,52.8764,39.9271,78.11,0.89,1.8846,31.08,0.2321,32.0782,32.0179,-24.772100000000002,-15.479,9.116,1.0618000000000052,1530.34585235,1053.97105062,310.26720934,835.64879604,-68.4974,-304.91088319999994,-6.13266368,26.024040000000003,0.04135979499260254,low,2,0.02067989749630127,0.34560820029589845,low_value
2027,Hofstra,hofstra,CAA,183.69516739715706,0.4980901994583597,101_135,101_135,105.0,,20,9.472781556562168,9.0571,89.0,114.391,91.0,105.334,97.0,64.758,318.0,65.4591,-0.0371,-0.5762,2.8562,19.09,17.53,51.3681,16.1843,34.7414,31.5953,46.2624,14.9889,30.9735,35.1281,37.1084,48.1481,75.817,10.3815,0.0731,8.46,48.2759,42.8498,32.3155,44.7205,0.0772,7.6783,55.0132,41.0873,77.38,0.79,1.5345,26.14,0.3859,37.6528,33.8366,16.8169,48.0,119.453,48.0,102.813,63.0,67.4356,180.0,68.4756,-0.0119,11.8204,-0.7005,17.23,17.73,52.9955,15.5171,32.0127,35.1467,50.762,16.2899,30.0946,32.7047,34.5406,53.7736,73.7733,10.3419,0.0944,6.5562,54.2776,40.2103,33.3758,50.9554,0.089,6.8676,52.8764,39.9271,78.11,0.89,1.8846,31.08,0.2321,32.0782,32.0179,-7.7598,-5.061999999999998,2.521000000000001,-2.677599999999998,1710.86824958,1238.52253672,263.64062857,1045.52853644,-64.758,388.09492358,13.89811995,26.024040000000003,0.14161033550202798,very_high,6,0.02360172258367133,0.3355865799188811,avoid_bad_risk_reward
2027,Canisius,canisius,MAAC,297.4769531754579,0.18550287589159936,301_plus,301_plus,167.0,,20,9.472781556562168,-18.9376,342.0,95.4944,355.0,114.432,280.0,64.2635,333.0,64.3232,0.0187,-7.8339,-3.3006,19.11,17.92,46.3272,19.6089,29.2988,31.4198,52.2175,15.9967,29.7959,35.1762,33.2812,43.9796,71.9057,8.4599,0.0748,9.082,55.4348,39.5062,33.0111,54.3384,0.1053,8.5144,56.4865,43.9854,77.29,0.33,1.3923,28.06,0.0656,34.226,33.489,16.8169,48.0,119.453,48.0,102.813,63.0,67.4356,180.0,68.4756,-0.0119,11.8204,-0.7005,17.23,17.73,52.9955,15.5171,32.0127,35.1467,50.762,16.2899,30.0946,32.7047,34.5406,53.7736,73.7733,10.3419,0.0944,6.5562,54.2776,40.2103,33.3758,50.9554,0.089,6.8676,52.8764,39.9271,78.11,0.89,1.8846,31.08,0.2321,32.0782,32.0179,-35.7545,-23.958600000000004,11.619,-3.1721000000000004,1577.3679980200002,1110.7866749599998,319.42702010999994,881.73566648,-64.2635,-748.15261312,-26.36682048,26.024040000000003,0.01719426349202771,very_low,1,0.01719426349202771,0.31222946031889154,low_value
2027,UTSA,utsa,Amer,310.50292087013906,0.14971725035676078,301_plus,301_plus,82.0,,20,9.472781556562168,-18.3551,338.0,99.892,325.0,118.247,331.0,68.5945,113.0,69.6179,-0.0013,1.4951,1.5739,17.08,17.24,44.7691,17.4422,30.0901,29.4565,53.2584,14.6719,38.7189,33.2584,29.1785,45.4726,69.8413,11.8812,0.0908,5.6944,42.8356,41.2624,35.0649,53.7624,0.1175,5.5918,55.9656,43.2584,77.82,-0.69,0.846,32.64,0.0786,32.8025,34.8837,16.8169,48.0,119.453,48.0,102.813,63.0,67.4356,180.0,68.4756,-0.0119,11.8204,-0.7005,17.23,17.73,52.9955,15.5171,32.0127,35.1467,50.762,16.2899,30.0946,32.7047,34.5406,53.7736,73.7733,10.3419,0.0944,6.5562,54.2776,40.2103,33.3758,50.9554,0.089,6.8676,52.8764,39.9271,78.11,0.89,1.8846,31.08,0.2321,32.0782,32.0179,-35.172,-19.561000000000007,15.433999999999997,1.1589000000000027,1647.48797104,973.8557802999999,284.13169378,905.5495234599999,-68.5945,-757.37547824,-15.5284146,26.024040000000003,0.017262567398363054,very_low,1,0.017262567398363054,0.3094973040654778,low_value
2027,Southern Indiana,southern indiana,OVC,327.7676583593084,0.10228665285904281,301_plus,301_plus,,,20,9.472781556562168,-18.7511,341.0,95.5319,354.0,114.283,277.0,67.5493,173.0,68.5142,-0.1049,-8.6202,-2.1257,17.9,16.94,43.7239,17.1713,31.4086,37.1787,49.3983,16.4472,33.7972,36.1613,29.9248,42.9563,66.5595,9.744,0.09,7.7064,43.038,39.749,34.1463,48.7201,0.0946,7.4478,39.9194,27.136,76.8,-0.34,1.187,34.53,0.0764,31.8061,22.2115,16.8169,48.0,119.453,48.0,102.813,63.0,67.4356,180.0,68.4756,-0.0119,11.8204,-0.7005,17.23,17.73,52.9955,15.5171,32.0127,35.1467,50.762,16.2899,30.0946,32.7047,34.5406,53.7736,73.7733,10.3419,0.0944,6.5562,54.2776,40.2103,33.3758,50.9554,0.089,6.8676,52.8764,39.9271,78.11,0.89,1.8846,31.08,0.2321,32.0782,32.0179,-35.568,-23.92110000000001,11.469999999999999,0.11370000000000857,1587.0622979000002,998.76413984,279.71875987,945.22925356,-67.5493,-745.3374739000001,-22.2575557,26.024040000000003,0.017658312782577994,very_low,1,0.017658312782577994,0.2936674886968802,low_value
2027,North Florida,north florida,ASun,316.7490019689413,0.13255768689851294,301_plus,301_plus,,,20,9.472781556562168,-17.4748,335.0,107.046,213.0,124.521,363.0,70.5251,29.0,71.9545,-0.0293,-3.6392,7.92,16.91,16.4,52.9379,17.8552,25.1923,28.7694,56.3158,12.7339,37.6265,31.3784,34.9785,53.4404,77.842,3.4511,0.0641,6.6899,50.6313,51.663,35.09,58.6689,0.1117,6.3208,52.1783,38.9975,77.18,-0.95,0.6908,26.2,0.1591,42.2645,30.4801,16.8169,48.0,119.453,48.0,102.813,63.0,67.4356,180.0,68.4756,-0.0119,11.8204,-0.7005,17.23,17.73,52.9955,15.5171,32.0127,35.1467,50.762,16.2899,30.0946,32.7047,34.5406,53.7736,73.7733,10.3419,0.0944,6.5562,54.2776,40.2103,33.3758,50.9554,0.089,6.8676,52.8764,39.9271,78.11,0.89,1.8846,31.08,0.2321,32.0782,32.0179,-34.2917,-12.406999999999996,21.708,3.089500000000001,2062.7537673,1167.4354202999998,290.85942248,758.15219158,-70.5251,-902.8005923999998,-12.071591839999998,26.024040000000003,0.01786756834127672,very_low,1,0.01786756834127672,0.28529726634893127,low_value
2027,SIUE,siu edwardsville,OVC,273.8791410987757,0.2503320299484185,251_300,251_300,,,20,9.472781556562168,-7.6892,258.0,99.5328,332.0,107.222,133.0,64.4097,329.0,65.6044,-0.0071,-11.1294,-8.0752,18.25,18.17,49.4827,17.9342,30.1097,30.5539,45.6469,17.1,31.6231,34.341,34.958,47.8053,67.1315,11.4931,0.1037,7.2988,50.9168,36.2142,30.1887,45.8743,0.1064,6.7253,46.434,38.4522,77.67,1.77,1.1672,39.49,0.2988,31.7881,30.1413,16.8169,48.0,119.453,48.0,102.813,63.0,67.4356,180.0,68.4756,-0.0119,11.8204,-0.7005,17.23,17.73,52.9955,15.5171,32.0127,35.1467,50.762,16.2899,30.0946,32.7047,34.5406,53.7736,73.7733,10.3419,0.0944,6.5562,54.2776,40.2103,33.3758,50.9554,0.089,6.8676,52.8764,39.9271,78.11,0.89,1.8846,31.08,0.2321,32.0782,32.0179,-24.5061,-19.92020000000001,4.408999999999992,-3.025899999999993,1445.9279848200001,1166.7512164,292.14632458,906.13937762,-64.4097,-278.45822663999996,-8.97483424,26.024040000000003,0.043016881385412126,low,2,0.021508440692706063,0.279324744583515,low_value
2027,NJIT,njit,AE,318.57920375231777,0.127529660021105,301_plus,301_plus,,,20,9.472781556562168,-16.8456,332.0,96.6171,348.0,113.463,262.0,67.8639,155.0,67.9035,0.1148,-9.4685,0.8373,17.45,17.7,46.7421,17.0739,26.2381,33.1861,50.0268,16.1995,32.1212,37.8755,30.3989,47.5092,70.5491,9.0416,0.093,7.4554,45.6522,40.1436,32.3219,51.085,0.0962,6.9032,52.5926,40.6652,76.82,-0.39,1.2191,33.46,0.4825,31.3179,31.1837,16.8169,48.0,119.453,48.0,102.813,63.0,67.4356,180.0,68.4756,-0.0119,11.8204,-0.7005,17.23,17.73,52.9955,15.5171,32.0127,35.1467,50.762,16.2899,30.0946,32.7047,34.5406,53.7736,73.7733,10.3419,0.0944,6.5562,54.2776,40.2103,33.3758,50.9554,0.089,6.8676,52.8764,39.9271,78.11,0.89,1.8846,31.08,0.2321,32.0782,32.0179,-33.6625,-22.83590000000001,10.649999999999991,0.42830000000000723,1602.8175315600001,1014.58760662,278.13212360999995,789.62512426,-67.8639,-676.24302816,-20.536470960000003,26.024040000000003,0.018547060526295702,very_low,1,0.018547060526295702,0.2581175789481719,low_value
2027,Eastern Illinois,eastern illinois,OVC,340.1187794386619,0.06835500154213768,301_plus,301_plus,,,20,9.472781556562168,-14.9577,324.0,96.9002,346.0,111.858,229.0,65.6844,274.0,66.2145,0.0368,-6.4907,12.0394,18.35,17.61,45.7057,18.5568,28.2274,33.5135,50.767,19.303,35.2419,35.2802,31.7269,44.9015,74.3728,8.6259,0.1124,9.1043,48.6804,29.9099,31.6619,53.0592,0.0945,8.0595,57.4667,41.1799,76.59,-0.78,1.0949,30.51,0.368,24.4708,30.6094,16.8169,48.0,119.453,48.0,102.813,63.0,67.4356,180.0,68.4756,-0.0119,11.8204,-0.7005,17.23,17.73,52.9955,15.5171,32.0127,35.1467,50.762,16.2899,30.0946,32.7047,34.5406,53.7736,73.7733,10.3419,0.0944,6.5562,54.2776,40.2103,33.3758,50.9554,0.089,6.8676,52.8764,39.9271,78.11,0.89,1.8846,31.08,0.2321,32.0782,32.0179,-31.7746,-22.552800000000005,9.045000000000002,-1.7511999999999972,1194.2155682900002,1058.91066902,302.28841631999995,849.49231204,-65.6844,-447.38331123,-16.37718573,26.024040000000003,0.018636200586243722,very_low,1,0.018636200586243722,0.2545519765502511,low_value
2027,Fairleigh Dickinson,fairleigh dickinson,NEC,332.74675172062484,0.0886078249433384,301_plus,301_plus,,,20,9.472781556562168,-17.5862,336.0,100.945,314.0,118.532,334.0,63.9203,340.0,64.1558,-0.0061,-8.7607,5.1184,19.36,17.93,47.1429,18.1464,31.9578,32.795,55.1713,16.1123,27.3438,36.2637,30.2613,48.5844,70.0758,4.6739,0.0749,8.3506,51.0015,45.1553,37.799,54.1304,0.098,8.6182,51.2925,40.5301,77.34,0.56,0.8685,29.92,0.0141,34.9576,33.7447,16.8169,48.0,119.453,48.0,102.813,63.0,67.4356,180.0,68.4756,-0.0119,11.8204,-0.7005,17.23,17.73,52.9955,15.5171,32.0127,35.1467,50.762,16.2899,30.0946,32.7047,34.5406,53.7736,73.7733,10.3419,0.0944,6.5562,54.2776,40.2103,33.3758,50.9554,0.089,6.8676,52.8764,39.9271,78.11,0.89,1.8846,31.08,0.2321,32.0782,32.0179,-34.4031,-18.50800000000001,15.718999999999994,-3.5152999999999963,1802.92017863,1009.9950965399998,295.60304135999996,961.75720788,-63.9203,-794.11013686,-15.273614700000003,26.024040000000003,0.018825136413157723,very_low,1,0.018825136413157723,0.2469945434736911,low_value
2027,Lafayette,lafayette,PL,311.17537801168703,0.1478698406272334,301_plus,301_plus,,,20,9.472781556562168,-15.2813,326.0,100.747,318.0,116.028,307.0,66.8149,215.0,66.9172,0.0091,-7.9402,-0.7529,18.16,17.66,49.2668,15.3187,25.8417,32.4309,53.5853,15.1266,28.6555,30.6281,32.153,49.9531,68.8696,6.3677,0.0792,7.4433,55.2632,39.8195,35.9649,53.3632,0.0788,7.2031,58.9774,38.0211,75.95,0.25,1.4235,21.7,0.5461,31.7779,31.5789,16.8169,48.0,119.453,48.0,102.813,63.0,67.4356,180.0,68.4756,-0.0119,11.8204,-0.7005,17.23,17.73,52.9955,15.5171,32.0127,35.1467,50.762,16.2899,30.0946,32.7047,34.5406,53.7736,73.7733,10.3419,0.0944,6.5562,54.2776,40.2103,33.3758,50.9554,0.089,6.8676,52.8764,39.9271,78.11,0.89,1.8846,31.08,0.2321,32.0782,32.0179,-32.0982,-18.706000000000003,13.215000000000003,-0.6206999999999994,1589.87715845,1073.1320973999998,249.54009112999998,777.69562482,-66.8149,-608.49372535,-21.75293055,26.024040000000003,0.019057654357303756,very_low,1,0.019057654357303756,0.2376938257078498,low_value
2027,Alabama A&M,alabama a and m,SWAC,313.99806508239845,0.1401152058175866,301_plus,301_plus,,,20,9.472781556562168,-12.6081,304.0,104.123,271.0,116.731,314.0,65.3902,289.0,67.2989,0.0583,-10.9888,-2.3136,18.38,17.0,49.2293,16.5233,27.4529,45.4377,52.0846,16.622,29.5163,38.5944,35.0272,47.5257,73.8128,7.6923,0.0917,7.6451,48.0057,33.9704,35.3997,51.5009,0.0888,7.4478,56.1358,36.5098,77.47,-0.02,1.3749,27.55,0.0822,27.0434,29.3773,16.8169,48.0,119.453,48.0,102.813,63.0,67.4356,180.0,68.4756,-0.0119,11.8204,-0.7005,17.23,17.73,52.9955,15.5171,32.0127,35.1467,50.762,16.2899,30.0946,32.7047,34.5406,53.7736,73.7733,10.3419,0.0944,6.5562,54.2776,40.2103,33.3758,50.9554,0.089,6.8676,52.8764,39.9271,78.11,0.89,1.8846,31.08,0.2321,32.0782,32.0179,-29.425,-15.329999999999998,13.917999999999992,-2.0454000000000008,1356.33955784,1169.06082176,269.16290467,826.18404434,-65.3902,-428.30220024,-17.33487669,26.024040000000003,0.019155282124273344,very_low,1,0.019155282124273344,0.23378871502906629,low_value
2027,Arkansas Pine Bluff,arkansas pine bluff,SWAC,314.60087994332764,0.13845912103481414,301_plus,301_plus,,,20,9.472781556562168,-13.2073,313.0,104.171,269.0,117.378,321.0,68.971,93.0,71.2183,0.0254,-5.6911,14.1158,16.3,17.32,50.0291,18.6919,27.8892,38.4302,52.6464,16.4545,34.2493,43.5811,33.6463,49.7687,75.4917,7.8167,0.0956,7.9709,56.3081,37.1512,33.1825,54.3576,0.1072,6.8988,53.8182,37.3311,76.84,-0.98,0.9525,17.56,0.0493,29.0541,26.873,16.8169,48.0,119.453,48.0,102.813,63.0,67.4356,180.0,68.4756,-0.0119,11.8204,-0.7005,17.23,17.73,52.9955,15.5171,32.0127,35.1467,50.762,16.2899,30.0946,32.7047,34.5406,53.7736,73.7733,10.3419,0.0944,6.5562,54.2776,40.2103,33.3758,50.9554,0.089,6.8676,52.8764,39.9271,78.11,0.89,1.8846,31.08,0.2321,32.0782,32.0179,-30.0242,-15.281999999999996,14.564999999999998,1.5354000000000099,1483.3396775200001,1122.9721795399998,304.48918181,839.31431832,-68.971,-490.66704376,-12.57995325,26.024040000000003,0.019267026803181184,very_low,1,0.019267026803181184,0.22931892787275265,low_value
2027,Cleveland St.,cleveland state,Horz,327.2169378938867,0.10379962117064094,301_plus,301_plus,,,20,9.472781556562168,-14.5946,319.0,109.489,163.0,124.084,362.0,69.8026,57.0,71.3754,0.0401,-2.1756,3.8906,16.68,17.1,54.1618,17.8399,26.973,37.8929,57.177,15.0846,36.5924,35.513,37.5,52.0095,76.1905,7.3124,0.0775,8.3129,57.8879,50.7567,36.1111,59.5442,0.0953,7.3321,58.6393,44.0191,76.13,-1.43,0.9277,35.71,0.0,41.6207,33.7472,16.8169,48.0,119.453,48.0,102.813,63.0,67.4356,180.0,68.4756,-0.0119,11.8204,-0.7005,17.23,17.73,52.9955,15.5171,32.0127,35.1467,50.762,16.2899,30.0946,32.7047,34.5406,53.7736,73.7733,10.3419,0.0944,6.5562,54.2776,40.2103,33.3758,50.9554,0.089,6.8676,52.8764,39.9271,78.11,0.89,1.8846,31.08,0.2321,32.0782,32.0179,-31.4115,-9.963999999999999,21.271,2.3670000000000044,2026.5678365700003,1251.5925,290.61018701,811.7416458,-69.8026,-740.7737338200001,-13.53941042,26.024040000000003,0.019318393411077925,very_low,1,0.019318393411077925,0.227264263556883,low_value
2027,New Hampshire,new hampshire,AE,309.33433980933444,0.15292763788644395,301_plus,301_plus,,,20,9.472781556562168,-20.7105,349.0,95.2773,357.0,115.988,306.0,67.5098,178.0,67.2165,-0.0024,-8.3317,5.0647,17.57,18.01,46.6687,16.5357,25.7196,28.5114,53.4461,15.81,26.898,35.8396,30.5014,47.3629,65.0526,5.5611,0.0886,7.4644,44.3114,43.0972,34.2954,54.6177,0.0907,6.946,48.0053,36.9048,76.05,-1.11,0.7607,32.94,0.1616,35.209,28.3442,16.8169,48.0,119.453,48.0,102.813,63.0,67.4356,180.0,68.4756,-0.0119,11.8204,-0.7005,17.23,17.73,52.9955,15.5171,32.0127,35.1467,50.762,16.2899,30.0946,32.7047,34.5406,53.7736,73.7733,10.3419,0.0944,6.5562,54.2776,40.2103,33.3758,50.9554,0.089,6.8676,52.8764,39.9271,78.11,0.89,1.8846,31.08,0.2321,32.0782,32.0179,-37.5274,-24.175700000000006,13.174999999999997,0.0742000000000047,1720.74621412,1018.0086261199999,269.36489943,774.02107416,-67.5098,-892.5645606,-15.75447735,26.024040000000003,0.019417124727573863,very_low,1,0.019417124727573863,0.22331501089704542,low_value
2027,Northern Arizona,northern arizona,BSky,294.9904042406465,0.1923340542839381,301_plus,301_plus,,,20,9.472781556562168,-14.7534,321.0,105.084,254.0,119.837,347.0,63.8426,342.0,65.5099,0.0306,-1.5861,-0.3086,18.59,17.78,51.6804,16.0018,23.3051,31.7692,56.8987,16.5808,33.3696,32.7228,35.6401,50.6507,68.8623,7.8411,0.0969,7.5798,50.9831,36.6519,38.7195,56.11,0.0842,6.8955,49.9379,40.0488,76.59,-0.83,1.084,40.05,0.2097,31.2911,33.8516,16.8169,48.0,119.453,48.0,102.813,63.0,67.4356,180.0,68.4756,-0.0119,11.8204,-0.7005,17.23,17.73,52.9955,15.5171,32.0127,35.1467,50.762,16.2899,30.0946,32.7047,34.5406,53.7736,73.7733,10.3419,0.0944,6.5562,54.2776,40.2103,33.3758,50.9554,0.089,6.8676,52.8764,39.9271,78.11,0.89,1.8846,31.08,0.2321,32.0782,32.0179,-31.5703,-14.369,17.024,-3.5929999999999964,1463.40407649,1189.5168495799999,260.66772182,701.35766246,-63.8426,-540.7401414599999,-15.9926856,26.024040000000003,0.019495967763329153,very_low,1,0.019495967763329153,0.2201612894668339,low_value
2027,Army,army,PL,323.3230738017333,0.11449704999523828,301_plus,301_plus,,,20,9.472781556562168,-18.5772,339.0,100.118,324.0,118.696,335.0,67.1533,194.0,67.2649,0.0441,-8.2047,-2.3137,17.89,17.73,49.2794,17.1902,29.6,26.8293,55.1063,15.442,27.6684,39.6104,32.0166,50.7126,71.6942,4.7571,0.0792,6.7984,59.0476,53.3259,35.5524,56.3765,0.1039,7.5268,53.4653,41.6765,75.98,-1.7,0.9478,30.19,0.327,43.4824,31.7856,16.8169,48.0,119.453,48.0,102.813,63.0,67.4356,180.0,68.4756,-0.0119,11.8204,-0.7005,17.23,17.73,52.9955,15.5171,32.0127,35.1467,50.762,16.2899,30.0946,32.7047,34.5406,53.7736,73.7733,10.3419,0.0944,6.5562,54.2776,40.2103,33.3758,50.9554,0.089,6.8676,52.8764,39.9271,78.11,0.89,1.8846,31.08,0.2321,32.0782,32.0179,-35.3941,-19.335000000000008,15.882999999999996,-0.2822999999999922,2129.14854189,1068.57963828,280.02663898000003,890.80016,-67.1533,-990.64590948,-17.607470160000002,26.024040000000003,0.019596495129527516,very_low,1,0.019596495129527516,0.21614019481889934,low_value
2027,Niagara,niagara,MAAC,313.5265147794669,0.14141067368278323,301_plus,301_plus,,,20,9.472781556562168,-18.2296,337.0,99.8275,326.0,118.057,330.0,62.1666,365.0,63.0917,-0.0379,-8.1973,-3.9974,19.85,17.84,50.4912,18.9411,24.7536,26.5881,52.8236,16.6007,32.9322,33.7563,33.657,50.495,72.1675,8.7327,0.0882,8.5453,59.97,40.4715,35.3218,52.7157,0.104,7.7833,52.5,40.4188,76.09,-0.7,0.6643,42.42,0.1708,34.0055,32.4675,16.8169,48.0,119.453,48.0,102.813,63.0,67.4356,180.0,68.4756,-0.0119,11.8204,-0.7005,17.23,17.73,52.9955,15.5171,32.0127,35.1467,50.762,16.2899,30.0946,32.7047,34.5406,53.7736,73.7733,10.3419,0.0944,6.5562,54.2776,40.2103,33.3758,50.9554,0.089,6.8676,52.8764,39.9271,78.11,0.89,1.8846,31.08,0.2321,32.0782,32.0179,-35.0465,-19.625500000000002,15.244,-5.268999999999991,1615.9096276500002,1123.3293006,308.54862489,744.9496905599999,-62.1666,-737.7792564,-12.10992328,26.024040000000003,0.01977599924926794,very_low,1,0.01977599924926794,0.20896003002928243,low_value
2027,Holy Cross,holy cross,PL,311.29950704031836,0.14752882681231216,301_plus,301_plus,141.0,,20,9.472781556562168,-16.5593,330.0,100.875,315.0,117.435,325.0,65.6092,276.0,65.796,-0.007,-7.4158,-0.2036,18.24,18.08,49.794,15.2966,21.8595,31.4891,54.7699,14.0709,26.997,27.5533,32.5434,50.3752,77.1963,4.8758,0.0829,5.6382,44.6837,37.2572,33.9568,57.2217,0.0966,5.7852,50.3497,39.0011,76.61,-1.55,1.1686,29.14,0.4373,29.3587,30.5436,16.8169,48.0,119.453,48.0,102.813,63.0,67.4356,180.0,68.4756,-0.0119,11.8204,-0.7005,17.23,17.73,52.9955,15.5171,32.0127,35.1467,50.762,16.2899,30.0946,32.7047,34.5406,53.7736,73.7733,10.3419,0.0944,6.5562,54.2776,40.2103,33.3758,50.9554,0.089,6.8676,52.8764,39.9271,78.11,0.89,1.8846,31.08,0.2321,32.0782,32.0179,-33.3762,-18.578000000000003,14.622,-1.8263999999999925,1487.57195012,1086.1620097199998,249.18008433999998,657.8529087000001,-65.6092,-616.95315196,-19.351197980000002,26.024040000000003,0.01977720723993521,very_low,1,0.01977720723993521,0.2089117104025917,low_value
2027,UMass Lowell,umass lowell,AE,296.1632879176847,0.18911184637998696,301_plus,301_plus,,,20,9.472781556562168,-14.6288,320.0,102.636,293.0,117.265,319.0,69.2186,82.0,68.8792,0.0168,-9.4174,1.7662,17.69,17.13,49.8007,18.0025,32.7103,34.9089,53.5069,14.1794,29.3542,28.3288,32.2404,50.4557,65.7422,7.5885,0.0745,6.146,45.4198,31.2642,34.5853,54.3845,0.1186,6.7268,47.4596,35.0137,76.28,-1.43,0.5574,27.92,0.0002,24.6747,28.5407,16.8169,48.0,119.453,48.0,102.813,63.0,67.4356,180.0,68.4756,-0.0119,11.8204,-0.7005,17.23,17.73,52.9955,15.5171,32.0127,35.1467,50.762,16.2899,30.0946,32.7047,34.5406,53.7736,73.7733,10.3419,0.0944,6.5562,54.2776,40.2103,33.3758,50.9554,0.089,6.8676,52.8764,39.9271,78.11,0.89,1.8846,31.08,0.2321,32.0782,32.0179,-31.445700000000002,-16.817000000000007,14.451999999999998,1.7830000000000013,1248.28883982,1076.0491423199999,293.25892475,984.4033943799999,-69.2186,-457.35772896,-8.15409312,26.024040000000003,0.01985496528538827,very_low,1,0.01985496528538827,0.20580138858446917,low_value
2027,Iona,iona,MAAC,245.69325524262186,0.32776578230048936,251_300,251_300,,,20,9.472781556562168,-7.5334,256.0,104.135,270.0,111.668,226.0,68.8042,103.0,68.5063,0.0411,-8.7473,-3.4864,17.49,17.49,51.8694,17.2006,27.7826,29.2786,48.9075,16.6183,31.2134,28.7602,35.132,51.1673,70.6835,8.1405,0.095,6.5398,53.726,45.8662,30.5868,50.9854,0.1066,7.1221,56.5476,40.7012,77.08,0.22,1.1389,31.95,0.0745,38.8489,31.4103,16.8169,48.0,119.453,48.0,102.813,63.0,67.4356,180.0,68.4756,-0.0119,11.8204,-0.7005,17.23,17.73,52.9955,15.5171,32.0127,35.1467,50.762,16.2899,30.0946,32.7047,34.5406,53.7736,73.7733,10.3419,0.0944,6.5562,54.2776,40.2103,33.3758,50.9554,0.089,6.8676,52.8764,39.9271,78.11,0.89,1.8846,31.08,0.2321,32.0782,32.0179,-24.3503,-15.317999999999998,8.855000000000004,1.3686000000000007,1831.3043540200001,1172.5586056,280.19605394,836.1062339599999,-68.8042,-345.52843108,-8.57978926,26.024040000000003,0.04487108607383654,low,2,0.02243554303691827,0.20515655704653835,low_value
2027,Bucknell,bucknell,PL,312.1708576643578,0.14513500641659952,301_plus,301_plus,,,20,9.472781556562168,-16.7722,331.0,98.1691,340.0,114.941,290.0,66.9625,206.0,66.9718,0.0153,-6.3678,1.7498,18.13,17.76,48.4906,18.9863,26.9573,29.7574,54.7246,17.9116,31.2734,35.2592,30.6431,50.3766,76.8116,5.8648,0.1066,7.8363,53.9846,42.7493,36.9976,54.0755,0.1115,7.2542,61.8436,45.6803,76.3,0.38,1.0254,28.82,0.3151,32.7935,37.2915,16.8169,48.0,119.453,48.0,102.813,63.0,67.4356,180.0,68.4756,-0.0119,11.8204,-0.7005,17.23,17.73,52.9955,15.5171,32.0127,35.1467,50.762,16.2899,30.0946,32.7047,34.5406,53.7736,73.7733,10.3419,0.0944,6.5562,54.2776,40.2103,33.3758,50.9554,0.089,6.8676,52.8764,39.9271,78.11,0.89,1.8846,31.08,0.2321,32.0782,32.0179,-33.5891,-21.283900000000003,12.128,-0.4730999999999881,1706.85557603,1022.73797698,309.28492837,811.26916058,-66.9625,-716.99980946,-17.198213880000004,26.024040000000003,0.019947309174174914,very_low,1,0.019947309174174914,0.2021076330330034,low_value
2027,Texas Southern,texas southern,SWAC,330.29213371363244,0.09535128100650425,301_plus,301_plus,,,20,9.472781556562168,-13.2612,314.0,101.844,305.0,115.105,292.0,68.8674,101.0,70.6339,-0.0329,-8.7525,11.8425,16.98,16.98,49.7239,18.5396,28.6294,38.2209,52.5259,16.4023,31.1558,44.0657,33.0813,49.7729,71.9101,9.9679,0.0915,7.9029,43.1535,32.454,34.0845,53.5906,0.1064,7.2568,55.2561,43.2136,76.55,-0.59,1.653,38.12,0.3419,25.3746,32.4252,16.8169,48.0,119.453,48.0,102.813,63.0,67.4356,180.0,68.4756,-0.0119,11.8204,-0.7005,17.23,17.73,52.9955,15.5171,32.0127,35.1467,50.762,16.2899,30.0946,32.7047,34.5406,53.7736,73.7733,10.3419,0.0944,6.5562,54.2776,40.2103,33.3758,50.9554,0.089,6.8676,52.8764,39.9271,78.11,0.89,1.8846,31.08,0.2321,32.0782,32.0179,-30.0781,-17.60900000000001,12.292000000000002,1.4318000000000097,1295.7941034,1104.11485254,302.00823004,861.59034124,-68.8674,-430.3789848,-21.9207636,26.024040000000003,0.02004586314340641,very_low,1,0.02004586314340641,0.19816547426374365,low_value
2027,Air Force,air force,MWC,306.9005459229077,0.15961388482717667,301_plus,301_plus,,,20,9.472781556562168,-19.7348,345.0,95.8854,352.0,115.62,301.0,66.3428,242.0,67.3965,0.0002,5.0884,-5.1738,19.22,16.17,48.9004,21.8854,21.4286,35.0641,56.3795,15.0694,31.2561,36.5867,30.5556,51.1018,64.1115,6.7736,0.0835,10.0617,55.8908,41.7838,37.6404,56.328,0.1182,6.7233,54.2222,38.8222,78.22,0.81,0.3558,30.37,0.2,31.8436,31.4554,16.8169,48.0,119.453,48.0,102.813,63.0,67.4356,180.0,68.4756,-0.0119,11.8204,-0.7005,17.23,17.73,52.9955,15.5171,32.0127,35.1467,50.762,16.2899,30.0946,32.7047,34.5406,53.7736,73.7733,10.3419,0.0944,6.5562,54.2776,40.2103,33.3758,50.9554,0.089,6.8676,52.8764,39.9271,78.11,0.89,1.8846,31.08,0.2321,32.0782,32.0179,-36.5517,-23.5676,12.807000000000002,-1.0927999999999969,1668.30596098,1019.8175944799999,356.51097746,644.88514556,-66.3428,-824.59493624,-7.02164184,26.024040000000003,0.020508942217632897,very_low,1,0.020508942217632897,0.1796423112946841,low_value
2027,Central Connecticut,central connecticut,NEC,308.04490573938546,0.15647003917751245,301_plus,301_plus,,,20,9.472781556562168,-12.6842,307.0,104.782,261.0,117.466,326.0,65.1006,305.0,65.189,0.1165,-11.3191,-2.2532,18.36,18.27,51.642,16.2455,27.475,31.2299,50.2105,13.9559,30.4303,26.8791,35.7934,50.544,76.701,10.8911,0.0823,6.5963,50.922,34.9002,33.3844,50.297,0.0965,5.7241,53.9945,39.2664,77.49,-0.52,0.7753,26.5,0.1641,29.4534,32.4566,16.8169,48.0,119.453,48.0,102.813,63.0,67.4356,180.0,68.4756,-0.0119,11.8204,-0.7005,17.23,17.73,52.9955,15.5171,32.0127,35.1467,50.762,16.2899,30.0946,32.7047,34.5406,53.7736,73.7733,10.3419,0.0944,6.5562,54.2776,40.2103,33.3758,50.9554,0.089,6.8676,52.8764,39.9271,78.11,0.89,1.8846,31.08,0.2321,32.0782,32.0179,-29.5011,-14.671000000000006,14.652999999999992,-2.3349999999999937,1393.46377542,1194.6333597199998,264.63757045,826.849135,-65.1006,-442.68111684,-9.834060260000001,26.024040000000003,0.021711194940853298,very_low,1,0.021711194940853298,0.13155220236586807,low_value
2027,Loyola MD,loyola md,PL,312.4141476198748,0.14446662741792635,301_plus,301_plus,,,20,9.472781556562168,-14.9445,323.0,104.256,268.0,119.2,341.0,68.2554,132.0,68.1396,-0.0275,-9.6172,-6.9852,17.53,17.39,50.4425,15.4955,27.5894,29.8673,54.6972,15.303,29.0161,32.7108,32.5527,51.8868,71.4815,9.6442,0.0885,6.8334,48.771,47.2345,32.7611,58.3333,0.0866,6.4484,55.5164,39.5586,77.26,-0.73,1.3212,37.26,0.5226,37.7376,29.172,16.8169,48.0,119.453,48.0,102.813,63.0,67.4356,180.0,68.4756,-0.0119,11.8204,-0.7005,17.23,17.73,52.9955,15.5171,32.0127,35.1467,50.762,16.2899,30.0946,32.7047,34.5406,53.7736,73.7733,10.3419,0.0944,6.5562,54.2776,40.2103,33.3758,50.9554,0.089,6.8676,52.8764,39.9271,78.11,0.89,1.8846,31.08,0.2321,32.0782,32.0179,-31.761400000000002,-15.197000000000003,16.387,0.8198000000000008,1885.93660495,1086.47240466,252.42014544999998,830.29195724,-68.2554,-705.89598525,-19.7446734,26.024040000000003,0.021837786133128388,very_low,1,0.021837786133128388,0.12648855467486442,low_value
2027,Florida A&M,florida a and m,SWAC,321.3168321483275,0.12000870288921019,301_plus,301_plus,,,20,9.472781556562168,-12.9011,308.0,98.0654,341.0,110.967,211.0,68.2975,129.0,70.3107,0.0713,-8.9776,7.626,17.36,16.61,49.2317,21.5414,30.7845,37.4309,51.184,19.1479,30.8793,39.6478,32.6264,49.4083,70.2791,8.0556,0.1148,9.0855,52.6391,37.6767,34.9206,50.5556,0.1246,7.6689,49.7312,34.4262,77.47,-0.16,1.472,30.44,0.2318,29.5567,27.2853,16.8169,48.0,119.453,48.0,102.813,63.0,67.4356,180.0,68.4756,-0.0119,11.8204,-0.7005,17.23,17.73,52.9955,15.5171,32.0127,35.1467,50.762,16.2899,30.0946,32.7047,34.5406,53.7736,73.7733,10.3419,0.0944,6.5562,54.2776,40.2103,33.3758,50.9554,0.089,6.8676,52.8764,39.9271,78.11,0.89,1.8846,31.08,0.2321,32.0782,32.0179,-29.718,-21.387600000000006,8.153999999999996,0.8619000000000057,1504.32136857,1088.9322011199997,350.90725186,926.4472137,-68.2975,-486.07087436999996,-18.990419199999998,26.024040000000003,0.022054099349410564,very_low,1,0.022054099349410564,0.11783602602357746,low_value
2027,Boise St.,boise state,MWC,131.7225042647191,0.6408722410309915,51_75,51_75,114.0,,20,9.472781556562168,13.4918,59.0,117.413,65.0,103.921,76.0,65.7552,273.0,66.5612,0.0283,8.5218,7.5833,18.06,18.01,52.1985,16.9443,33.2636,42.6619,52.6546,14.5516,23.5955,32.147,34.3448,52.714,78.6908,5.9095,0.0679,8.3501,49.3369,43.0778,34.3899,53.2779,0.0859,7.7641,45.0882,36.8145,78.87,0.68,1.8458,34.11,0.3967,32.1705,29.6448,16.8169,48.0,119.453,48.0,102.813,63.0,67.4356,180.0,68.4756,-0.0119,11.8204,-0.7005,17.23,17.73,52.9955,15.5171,32.0127,35.1467,50.762,16.2899,30.0946,32.7047,34.5406,53.7736,73.7733,10.3419,0.0944,6.5562,54.2776,40.2103,33.3758,50.9554,0.089,6.8676,52.8764,39.9271,78.11,0.89,1.8846,31.08,0.2321,32.0782,32.0179,-3.325100000000001,-2.0400000000000063,1.108000000000004,-1.6803999999999917,1719.9716283800003,1146.28517584,276.02095256999996,1001.0547365599999,-65.7552,581.19706204,24.90316444,26.024040000000003,0.19787072124461813,very_high,8,0.024733840155577266,0.08517115021527477,avoid_unless_needed
2027,West Georgia,west georgia,ASun,306.6690202608209,0.1602499443384041,301_plus,301_plus,,,20,9.472781556562168,-12.6497,306.0,101.615,307.0,114.264,275.0,69.2296,81.0,70.1741,0.0725,-7.0028,-0.2042,17.46,16.61,49.6025,15.8589,31.5044,29.1998,53.4387,14.6859,29.0135,36.883,33.119,49.5652,70.4174,12.4004,0.0896,6.3342,44.2977,32.9624,33.0861,55.713,0.0952,5.7242,50.4695,37.3821,77.1,-0.59,1.0832,31.79,0.4556,27.3451,27.7019,16.8169,48.0,119.453,48.0,102.813,63.0,67.4356,180.0,68.4756,-0.0119,11.8204,-0.7005,17.23,17.73,52.9955,15.5171,32.0127,35.1467,50.762,16.2899,30.0946,32.7047,34.5406,53.7736,73.7733,10.3419,0.0944,6.5562,54.2776,40.2103,33.3758,50.9554,0.089,6.8676,52.8764,39.9271,78.11,0.89,1.8846,31.08,0.2321,32.0782,32.0179,-29.4666,-17.838000000000008,11.450999999999993,1.7940000000000111,1316.0930410400001,1105.3731202,258.33989511,948.11231624,-69.2296,-416.96447128,-13.70215504,26.024040000000003,0.0232061194395639,very_low,1,0.0232061194395639,0.07175522241744403,low_value
2027,Alabama St.,alabama state,SWAC,304.53075679450785,0.16612429452058283,301_plus,301_plus,,,20,9.472781556562168,-14.2998,318.0,99.384,336.0,113.684,267.0,69.5555,70.0,71.2573,-0.0714,-6.93,7.9916,16.78,16.91,47.1061,18.289,31.8914,34.8875,52.1678,18.7417,31.4991,42.286,31.7549,46.777,70.5069,11.0482,0.1105,7.7412,47.5817,38.478,34.1702,52.7856,0.1055,7.6959,54.9751,40.3716,77.06,-0.54,0.9829,32.55,0.1971,30.8525,30.5613,16.8169,48.0,119.453,48.0,102.813,63.0,67.4356,180.0,68.4756,-0.0119,11.8204,-0.7005,17.23,17.73,52.9955,15.5171,32.0127,35.1467,50.762,16.2899,30.0946,32.7047,34.5406,53.7736,73.7733,10.3419,0.0944,6.5562,54.2776,40.2103,33.3758,50.9554,0.089,6.8676,52.8764,39.9271,78.11,0.89,1.8846,31.08,0.2321,32.0782,32.0179,-31.1167,-20.069000000000003,10.870999999999995,2.1199000000000012,1536.3149538000002,1059.84519142,297.9259811,959.75892644,-69.5555,-550.2277044,-14.055273419999999,26.024040000000003,0.023399736151531177,very_low,1,0.023399736151531177,0.06401055393875288,low_value
2027,Illinois St.,illinois state,MVC,153.58477401716803,0.5808110603923955,101_135,136_160,,,20,9.472781556562168,7.3818,97.0,110.434,148.0,103.052,65.0,66.6202,226.0,67.4752,0.0156,2.0255,-2.9599,18.53,17.05,53.65,16.8824,27.9931,31.55,49.7736,15.996,25.3916,32.2938,34.9133,54.6255,71.1569,6.1824,0.0815,7.7659,51.3015,43.25,32.9971,49.9227,0.0912,7.8503,51.8857,34.9095,76.47,-0.52,2.1294,35.4,0.5344,34.9133,28.4119,16.8169,48.0,119.453,48.0,102.813,63.0,67.4356,180.0,68.4756,-0.0119,11.8204,-0.7005,17.23,17.73,52.9955,15.5171,32.0127,35.1467,50.762,16.2899,30.0946,32.7047,34.5406,53.7736,73.7733,10.3419,0.0944,6.5562,54.2776,40.2103,33.3758,50.9554,0.089,6.8676,52.8764,39.9271,78.11,0.89,1.8846,31.08,0.2321,32.0782,32.0179,-9.4351,-9.019000000000005,0.23900000000000432,-0.8153999999999968,1726.8470750000001,1165.25931814,275.01260776,842.44114726,-66.6202,319.26285,15.71880492,26.024040000000003,0.1485268762379054,very_high,6,0.024754479372984233,0.05892495048378432,avoid_bad_risk_reward
2027,Stonehill,stonehill,NEC,357.7866413660323,0.019816919324086985,301_plus,301_plus,,,20,9.472781556562168,-17.2806,333.0,91.8155,362.0,109.096,168.0,66.4033,238.0,66.57,-0.0071,-10.5414,-3.5266,18.41,17.76,46.9174,19.4116,27.4705,27.319,47.7898,13.3544,27.1216,30.2965,31.7039,46.4829,68.53,9.8884,0.0692,8.2034,51.257,40.4977,33.4443,46.6507,0.1121,6.4387,44.0204,32.3989,77.58,-0.21,1.472,28.42,0.3763,34.2211,27.9814,16.8169,48.0,119.453,48.0,102.813,63.0,67.4356,180.0,68.4756,-0.0119,11.8204,-0.7005,17.23,17.73,52.9955,15.5171,32.0127,35.1467,50.762,16.2899,30.0946,32.7047,34.5406,53.7736,73.7733,10.3419,0.0944,6.5562,54.2776,40.2103,33.3758,50.9554,0.089,6.8676,52.8764,39.9271,78.11,0.89,1.8846,31.08,0.2321,32.0782,32.0179,-34.0975,-27.637500000000003,6.283000000000001,-1.0322999999999922,1616.9557176700002,1058.14302562,316.21302284,826.7137093,-66.4033,-699.8245546200001,-25.437043199999998,26.024040000000003,0.0243713903152086,very_low,1,0.0243713903152086,0.02514438739165603,low_value
2027,IU Indy,iupui,Horz,313.85016748320663,0.14052151790327852,301_plus,301_plus,,,20,9.472781556562168,-13.8323,317.0,105.552,244.0,119.385,342.0,73.2611,3.0,74.9572,-0.0334,-3.6312,-1.2075,15.82,16.23,52.2019,15.8585,28.6719,21.6724,58.2157,19.1808,35.5509,46.5839,32.4324,54.7863,72.1461,7.645,0.1059,5.7144,61.9411,42.1079,38.5466,58.4359,0.1014,8.5937,52.1452,35.7425,76.53,-1.51,0.2684,30.28,0.0028,34.1303,27.3645,16.8169,48.0,119.453,48.0,102.813,63.0,67.4356,180.0,68.4756,-0.0119,11.8204,-0.7005,17.23,17.73,52.9955,15.5171,32.0127,35.1467,50.762,16.2899,30.0946,32.7047,34.5406,53.7736,73.7733,10.3419,0.0944,6.5562,54.2776,40.2103,33.3758,50.9554,0.089,6.8676,52.8764,39.9271,78.11,0.89,1.8846,31.08,0.2321,32.0782,32.0179,-30.6492,-13.900999999999996,16.572000000000003,5.825500000000005,1681.2463340900001,1082.45729592,258.33337915,862.86936174,-73.2611,-582.44910517,-3.71258932,26.024040000000003,0.024704208075355706,very_low,1,0.024704208075355706,0.01183167698577181,low_value
2027,USC Upstate,usc upstate,BSth,295.84877291044063,0.18997589859769062,301_plus,301_plus,,,20,9.472781556562168,-12.224,302.0,99.1549,337.0,111.379,218.0,67.552,172.0,69.235,0.0252,-5.6117,-1.6753,17.11,17.54,48.2958,18.2051,29.1667,32.8134,50.9565,16.3943,31.4066,36.0,31.4425,48.9228,68.1338,12.4319,0.0871,7.6344,46.0081,35.6441,35.634,49.5463,0.1057,7.6833,44.6615,36.1159,76.55,-0.86,0.8984,32.89,0.4469,28.2661,30.3417,16.8169,48.0,119.453,48.0,102.813,63.0,67.4356,180.0,68.4756,-0.0119,11.8204,-0.7005,17.23,17.73,52.9955,15.5171,32.0127,35.1467,50.762,16.2899,30.0946,32.7047,34.5406,53.7736,73.7733,10.3419,0.0944,6.5562,54.2776,40.2103,33.3758,50.9554,0.089,6.8676,52.8764,39.9271,78.11,0.89,1.8846,31.08,0.2321,32.0782,32.0179,-29.0409,-20.298100000000005,8.566000000000003,0.11640000000001294,1423.1655451100003,1049.4185914999998,296.55925849,877.76016982,-67.552,-435.71347840000004,-10.9820416,26.024040000000003,0.027139558735307174,very_low,1,0.027139558735307174,-0.08558234941228693,low_value
2027,San Diego St.,san diego state,MWC,99.4909281003305,0.7294205271968942,26_50,26_50,122.0,,20,9.472781556562168,16.7667,49.0,113.678,99.0,96.9115,16.0,68.7859,104.0,69.2154,0.015,8.6625,5.0093,16.53,18.16,52.6946,17.2201,29.4957,38.9766,48.1977,20.2303,31.0671,38.5036,34.5161,53.1635,73.0447,15.3368,0.1089,7.4812,54.3554,33.7507,33.6028,46.2176,0.0974,9.3405,58.209,47.2966,77.76,-0.18,1.9002,41.67,0.5582,26.1082,38.2392,16.8169,48.0,119.453,48.0,102.813,63.0,67.4356,180.0,68.4756,-0.0119,11.8204,-0.7005,17.23,17.73,52.9955,15.5171,32.0127,35.1467,50.762,16.2899,30.0946,32.7047,34.5406,53.7736,73.7733,10.3419,0.0944,6.5562,54.2776,40.2103,33.3758,50.9554,0.089,6.8676,52.8764,39.9271,78.11,0.89,1.8846,31.08,0.2321,32.0782,32.0179,-0.050200000000000244,-5.775000000000006,-5.901499999999999,1.3503000000000043,1347.5675739700002,1152.00245038,280.51370698999995,887.66129322,-68.7859,565.88786169,31.86008334,26.024040000000003,0.22723478009153314,very_high,9,0.025248308899059237,-0.08939120366132514,avoid_unless_needed
2027,New Haven,new haven,NEC,339.8343801135224,0.06913631836944402,301_plus,301_plus,,,20,9.472781556562168,-16.0262,328.0,96.2508,350.0,112.277,242.0,63.3736,351.0,63.529,0.0413,-9.6484,2.7671,19.57,17.65,48.7135,17.7647,21.5078,31.7107,51.8164,17.0901,26.8182,27.675,30.192,50.9827,70.1754,6.1093,0.095,8.4888,49.6743,39.847,34.2513,52.09,0.0928,7.5893,48.9051,38.3752,77.18,0.16,0.2307,25.04,0.0,30.1569,31.6208,16.8169,48.0,119.453,48.0,102.813,63.0,67.4356,180.0,68.4756,-0.0119,11.8204,-0.7005,17.23,17.73,52.9955,15.5171,32.0127,35.1467,50.762,16.2899,30.0946,32.7047,34.5406,53.7736,73.7733,10.3419,0.0944,6.5562,54.2776,40.2103,33.3758,50.9554,0.089,6.8676,52.8764,39.9271,78.11,0.89,1.8846,31.08,0.2321,32.0782,32.0179,-32.8431,-23.202200000000005,9.463999999999999,-4.0619999999999905,1590.9751537000002,1007.6821536,289.38518653,647.26863788,-63.3736,-638.5959914,-3.6972443399999997,26.024040000000003,0.027750606763738663,very_low,1,0.027750606763738663,-0.11002427054954644,low_value
2027,Wagner,wagner,NEC,315.00930892637365,0.13733706338908333,301_plus,301_plus,,,20,9.472781556562168,-12.6164,305.0,102.645,292.0,115.261,296.0,65.5129,285.0,65.2725,-0.0011,-9.1832,6.3548,18.49,18.18,49.5909,18.5962,32.7533,32.3474,50.4153,14.9414,29.5525,40.7668,36.4583,46.693,72.5681,6.4677,0.0785,7.9007,48.9019,36.2492,34.2857,49.8507,0.107,7.0945,54.1126,35.7827,76.54,-1.97,0.2363,34.88,0.06,32.3243,28.2908,16.8169,48.0,119.453,48.0,102.813,63.0,67.4356,180.0,68.4756,-0.0119,11.8204,-0.7005,17.23,17.73,52.9955,15.5171,32.0127,35.1467,50.762,16.2899,30.0946,32.7047,34.5406,53.7736,73.7733,10.3419,0.0944,6.5562,54.2776,40.2103,33.3758,50.9554,0.089,6.8676,52.8764,39.9271,78.11,0.89,1.8846,31.08,0.2321,32.0782,32.0179,-29.433300000000003,-16.808000000000007,12.447999999999993,-1.9226999999999919,1447.3254333200002,1216.82492914,302.93023838,985.6974621800001,-65.5129,-457.33440688,-2.9812553200000003,26.024040000000003,0.028681066965981074,very_low,1,0.028681066965981074,-0.1472426786392429,low_value
2027,Stetson,stetson,ASun,302.18461716692366,0.172569733057902,301_plus,301_plus,100.0,,20,9.472781556562168,-12.5348,303.0,105.294,250.0,117.829,329.0,66.7174,221.0,67.8854,0.0083,-4.0923,4.6552,18.13,17.13,53.1467,18.1225,26.609,32.448,55.2688,15.1415,31.8403,30.4301,36.0,52.4556,69.2171,5.7482,0.0908,6.6717,58.5147,44.746,34.555,57.6642,0.1145,6.0566,54.3527,41.0753,76.73,0.7,0.5214,36.96,0.1884,37.5336,31.9613,16.8169,48.0,119.453,48.0,102.813,63.0,67.4356,180.0,68.4756,-0.0119,11.8204,-0.7005,17.23,17.73,52.9955,15.5171,32.0127,35.1467,50.762,16.2899,30.0946,32.7047,34.5406,53.7736,73.7733,10.3419,0.0944,6.5562,54.2776,40.2103,33.3758,50.9554,0.089,6.8676,52.8764,39.9271,78.11,0.89,1.8846,31.08,0.2321,32.0782,32.0179,-29.3517,-14.159000000000006,15.015999999999991,-0.718199999999996,1786.5780166000002,1201.5288,295.21371274999996,800.7872114,-66.7174,-560.8821608000001,-6.53564472,26.024040000000003,0.029184447948040204,very_low,1,0.029184447948040204,-0.16737791792160817,low_value
2027,McNeese,mcneese state,Slnd,177.69695475405237,0.5145688056207353,136_160,136_160,,,20,9.472781556562168,12.492,65.0,114.451,90.0,101.959,53.0,66.0894,252.0,66.4013,0.0752,-1.3434,8.8049,16.69,19.16,50.6589,14.152,35.0799,37.4275,49.2801,24.4866,34.9251,42.0516,31.7365,52.319,74.3662,15.8963,0.1527,7.495,49.0058,35.2135,32.6923,49.4927,0.0666,9.2174,57.2046,46.7906,77.08,-0.67,1.888,36.87,0.2401,25.9592,35.4824,16.8169,48.0,119.453,48.0,102.813,63.0,67.4356,180.0,68.4756,-0.0119,11.8204,-0.7005,17.23,17.73,52.9955,15.5171,32.0127,35.1467,50.762,16.2899,30.0946,32.7047,34.5406,53.7736,73.7733,10.3419,0.0944,6.5562,54.2776,40.2103,33.3758,50.9554,0.089,6.8676,52.8764,39.9271,78.11,0.89,1.8846,31.08,0.2321,32.0782,32.0179,-4.3248999999999995,-5.0020000000000095,-0.8539999999999992,-1.346199999999996,1405.9729358500003,1059.2310767,230.53466479999997,1055.71555854,-66.0894,439.88704200000006,23.584896,26.024040000000003,0.1317554457568456,very_high,5,0.026351089151369123,-0.2702178302738245,avoid_bad_risk_reward
2027,Seattle,seattle,WCC,195.4841053849505,0.4657030071842018,136_160,136_160,,,20,9.472781556562168,5.2385,113.0,102.657,291.0,97.4185,21.0,67.9612,145.0,68.7937,0.0056,1.7632,-3.8624,17.24,17.83,49.8127,16.7646,23.6842,34.1894,48.4367,21.1532,31.7816,32.9919,33.6957,49.338,70.579,14.026,0.1128,7.2413,53.7794,39.3793,32.1429,48.5714,0.0952,9.8744,53.944,37.7358,77.32,0.74,1.4708,30.16,0.4405,32.166,29.9867,16.8169,48.0,119.453,48.0,102.813,63.0,67.4356,180.0,68.4756,-0.0119,11.8204,-0.7005,17.23,17.73,52.9955,15.5171,32.0127,35.1467,50.762,16.2899,30.0946,32.7047,34.5406,53.7736,73.7733,10.3419,0.0944,6.5562,54.2776,40.2103,33.3758,50.9554,0.089,6.8676,52.8764,39.9271,78.11,0.89,1.8846,31.08,0.2321,32.0782,32.0179,-11.5784,-16.796000000000006,-5.394500000000008,0.5256000000000114,1572.3012490300002,1124.62094406,273.09365754000004,712.76652532,-67.9612,206.28846305000002,7.704785800000001,26.024040000000003,0.13463129582017422,very_high,5,0.026926259164034842,-0.3852518328069685,avoid_bad_risk_reward
2027,George Washington,george washington,A10,184.90411493394586,0.4947689150166322,136_160,136_160,,,20,9.472781556562168,9.4191,86.0,117.446,64.0,108.027,143.0,69.0663,89.0,69.9321,-0.1101,2.6222,-3.1089,16.8,17.45,54.4103,18.1858,35.8396,34.8928,52.3688,17.683,28.7307,34.9465,35.1295,55.9338,72.3464,10.6345,0.1031,6.7883,55.4382,47.0273,33.8863,53.5299,0.114,7.3749,60.565,42.9954,78.11,0.89,2.3644,37.93,0.3714,36.9684,33.5549,16.8169,48.0,119.453,48.0,102.813,63.0,67.4356,180.0,68.4756,-0.0119,11.8204,-0.7005,17.23,17.73,52.9955,15.5171,32.0127,35.1467,50.762,16.2899,30.0946,32.7047,34.5406,53.7736,73.7733,10.3419,0.0944,6.5562,54.2776,40.2103,33.3758,50.9554,0.089,6.8676,52.8764,39.9271,78.11,0.89,1.8846,31.08,0.2321,32.0782,32.0179,-7.3978,-2.007000000000005,5.213999999999999,1.6307000000000045,1877.66370983,1172.4751661,296.24486342,1078.57842616,-69.0663,442.95484143,22.270520039999997,26.024040000000003,0.14807412754435112,very_high,5,0.029614825508870225,-0.9229651017740448,avoid_bad_risk_reward
2027,VCU,vcu,A10,71.90630264022735,0.8052024652741007,26_50,26_50,29.0,,20,9.472781556562168,17.436,42.0,119.212,51.0,101.776,51.0,68.5653,115.0,69.2342,0.0181,4.9152,-1.2998,16.51,18.08,53.6325,15.1143,31.6416,42.0228,48.9916,16.9936,30.0229,32.833,36.3341,52.9561,73.5593,11.1994,0.1056,6.0777,51.8711,43.7797,33.0214,48.6994,0.0904,6.4376,50.7058,35.0844,77.86,0.83,1.6176,35.55,0.1524,34.5361,28.6765,16.8169,48.0,119.453,48.0,102.813,63.0,67.4356,180.0,68.4756,-0.0119,11.8204,-0.7005,17.23,17.73,52.9955,15.5171,32.0127,35.1467,50.762,16.2899,30.0946,32.7047,34.5406,53.7736,73.7733,10.3419,0.0944,6.5562,54.2776,40.2103,33.3758,50.9554,0.089,6.8676,52.8764,39.9271,78.11,0.89,1.8846,31.08,0.2321,32.0782,32.0179,0.6190999999999995,-0.24099999999999966,-1.0370000000000061,1.1296999999999997,1747.99645987,1212.67965478,246.21043557,952.24129536,-68.5653,763.3428491999999,28.2044736,26.024040000000003,0.2537293902635804,very_high,9,0.028192154473731152,-1.1491756105432156,avoid_unless_needed
2027,South Florida,south florida,Amer,96.12641240840733,0.7386637021747051,51_75,136_160,168.0,,20,9.472781556562168,16.8971,47.0,117.654,59.0,100.757,41.0,71.5762,16.0,72.9796,-0.039,3.8094,4.6852,15.66,17.1,50.5963,15.1129,38.1481,40.4128,48.8136,19.1864,31.9444,39.0509,32.4948,52.0392,74.5743,10.9016,0.1214,6.5177,58.4388,43.7615,34.4956,46.8852,0.086,7.0472,51.4723,39.6935,77.05,-0.65,1.5661,27.69,0.1082,32.4834,32.9109,16.8169,48.0,119.453,48.0,102.813,63.0,67.4356,180.0,68.4756,-0.0119,11.8204,-0.7005,17.23,17.73,52.9955,15.5171,32.0127,35.1467,50.762,16.2899,30.0946,32.7047,34.5406,53.7736,73.7733,10.3419,0.0944,6.5562,54.2776,40.2103,33.3758,50.9554,0.089,6.8676,52.8764,39.9271,78.11,0.89,1.8846,31.08,0.2321,32.0782,32.0179,0.08019999999999783,-1.7990000000000066,-2.0559999999999974,4.140600000000006,1747.26978665,1084.53994584,246.18762970999998,1148.05181026,-71.5762,739.4424416499999,26.46254831,26.024040000000003,0.2301242670580211,very_high,8,0.02876553338225264,-1.2049706823208446,avoid_unless_needed
2027,Tulsa,tulsa,Amer,173.52917313538572,0.5260187551225667,101_135,101_135,131.0,,20,9.472781556562168,13.6037,56.0,120.047,43.0,106.444,116.0,68.3335,128.0,68.9135,0.0328,1.9495,-2.6615,17.03,17.8,55.4003,15.6128,32.7572,41.4022,49.5208,15.3751,29.0541,31.9945,38.4772,53.3748,78.1465,6.8043,0.0935,6.1817,55.6122,46.6604,32.3896,50.1529,0.0943,6.0232,49.0446,40.3012,77.48,-0.35,1.5124,32.95,0.0756,37.6241,31.9911,16.8169,48.0,119.453,48.0,102.813,63.0,67.4356,180.0,68.4756,-0.0119,11.8204,-0.7005,17.23,17.73,52.9955,15.5171,32.0127,35.1467,50.762,16.2899,30.0946,32.7047,34.5406,53.7736,73.7733,10.3419,0.0944,6.5562,54.2776,40.2103,33.3758,50.9554,0.089,6.8676,52.8764,39.9271,78.11,0.89,1.8846,31.08,0.2321,32.0782,32.0179,-3.2132000000000005,0.5939999999999941,3.6310000000000002,0.897900000000007,1863.0144568400003,1284.20733176,254.33095072,985.8148311199999,-68.3335,634.7540834800001,20.57423588,26.024040000000003,0.19160039092047962,very_high,6,0.0319333984867466,-1.664015636819185,avoid_bad_risk_reward
2027,Utah St.,utah state,MWC,78.19973879970755,0.787912805495309,26_50,51_75,136.0,,20,9.472781556562168,21.526,27.0,122.983,25.0,101.457,44.0,67.6504,169.0,68.2066,0.061,8.2978,1.9743,16.78,18.32,56.25,15.0678,32.7257,38.8287,49.6667,20.2852,32.7842,39.1795,34.2581,59.601,70.9759,8.6655,0.1248,7.0539,59.9401,40.7972,34.5477,48.1802,0.0801,7.8052,49.4585,40.8205,77.7,0.61,2.4361,35.76,0.3983,29.9157,33.1059,16.8169,48.0,119.453,48.0,102.813,63.0,67.4356,180.0,68.4756,-0.0119,11.8204,-0.7005,17.23,17.73,52.9955,15.5171,32.0127,35.1467,50.762,16.2899,30.0946,32.7047,34.5406,53.7736,73.7733,10.3419,0.0944,6.5562,54.2776,40.2103,33.3758,50.9554,0.089,6.8676,52.8764,39.9271,78.11,0.89,1.8846,31.08,0.2321,32.0782,32.0179,4.709099999999999,3.530000000000001,-1.3560000000000088,0.21480000000001098,1628.91388412,1143.39149398,245.45295521999998,984.8668512200001,-67.6504,878.2005271999999,52.439488600000004,26.024040000000003,0.2693901356431543,very_high,9,0.02993223729368381,-1.7756054257261713,avoid_unless_needed
2027,Northern Iowa,northern iowa,MVC,185.8889195732119,0.49206340776590146,101_135,101_135,143.0,,20,9.472781556562168,10.9319,78.0,109.79,160.0,98.8579,25.0,62.2918,364.0,63.4025,-0.0471,1.4812,-0.8996,18.82,18.73,53.782,14.4078,21.7984,25.5608,47.4788,17.9874,26.5479,29.6178,34.6667,54.9272,69.1837,9.7539,0.0971,5.5931,56.6038,39.1236,29.0978,50.2279,0.0881,8.2778,49.2308,41.7728,77.56,-0.69,1.9448,26.83,0.6473,32.4865,31.3842,16.8169,48.0,119.453,48.0,102.813,63.0,67.4356,180.0,68.4756,-0.0119,11.8204,-0.7005,17.23,17.73,52.9955,15.5171,32.0127,35.1467,50.762,16.2899,30.0946,32.7047,34.5406,53.7736,73.7733,10.3419,0.0944,6.5562,54.2776,40.2103,33.3758,50.9554,0.089,6.8676,52.8764,39.9271,78.11,0.89,1.8846,31.08,0.2321,32.0782,32.0179,-5.885,-9.662999999999997,-3.9551000000000016,-5.143799999999992,1562.0918895600003,1157.0288458599998,234.70162122,656.01412864,-62.2918,427.69528284000006,21.26035912,26.024040000000003,0.19829250892695266,very_high,6,0.03304875148782544,-1.9317003570781068,avoid_bad_risk_reward
2027,Saint Mary's,saint marys,WCC,119.78662585449821,0.6736631157843456,26_50,26_50,,,20,9.472781556562168,21.8723,26.0,119.167,52.0,97.2945,19.0,64.8944,310.0,66.1375,0.0125,5.1762,3.7009,18.94,17.27,52.8993,16.8683,37.2849,35.558,46.828,15.2145,24.1379,25.6989,38.7387,49.9139,80.3077,9.727,0.0827,8.4578,57.7566,36.4333,31.3953,46.6724,0.0841,6.9458,53.0799,36.9892,78.9,2.59,0.7383,25.32,0.3102,31.5147,31.0494,16.8169,48.0,119.453,48.0,102.813,63.0,67.4356,180.0,68.4756,-0.0119,11.8204,-0.7005,17.23,17.73,52.9955,15.5171,32.0127,35.1467,50.762,16.2899,30.0946,32.7047,34.5406,53.7736,73.7733,10.3419,0.0944,6.5562,54.2776,40.2103,33.3758,50.9554,0.089,6.8676,52.8764,39.9271,78.11,0.89,1.8846,31.08,0.2321,32.0782,32.0179,5.055399999999999,-0.28600000000000136,-5.518500000000003,-2.5411999999999892,1454.6760124300001,1292.93510346,274.78292017,1122.07415154,-64.8944,796.8800675900001,16.148319089999998,26.024040000000003,0.29559114310992557,very_high,9,0.03284346034554728,-2.823645724397023,avoid_unless_needed
2027,Santa Clara,santa clara,WCC,127.92918223545995,0.651293455397088,76_100,101_135,161.0,,20,9.472781556562168,19.0188,38.0,123.745,19.0,104.726,88.0,69.1486,83.0,69.4754,0.0021,6.1685,3.8562,16.75,17.82,54.4465,15.4401,36.401,25.4991,52.0085,19.9118,32.0856,38.1607,34.9142,56.1418,74.3772,10.3774,0.1253,6.2857,55.0146,44.9637,33.0578,53.5163,0.0915,7.3826,60.4167,38.3721,78.51,1.4,0.921,35.51,0.2957,36.8346,28.8115,16.8169,48.0,119.453,48.0,102.813,63.0,67.4356,180.0,68.4756,-0.0119,11.8204,-0.7005,17.23,17.73,52.9955,15.5171,32.0127,35.1467,50.762,16.2899,30.0946,32.7047,34.5406,53.7736,73.7733,10.3419,0.0944,6.5562,54.2776,40.2103,33.3758,50.9554,0.089,6.8676,52.8764,39.9271,78.11,0.89,1.8846,31.08,0.2321,32.0782,32.0179,2.2018999999999984,4.292000000000002,1.9129999999999967,1.713000000000008,1795.2701462700002,1165.28935636,251.51768499,1095.4735346,-69.1486,855.15561756,17.5163148,26.024040000000003,0.24700184641051334,very_high,7,0.035285978058644765,-2.880073856420534,avoid_unless_needed
2027,Grand Canyon,grand canyon,MWC,146.02038638223368,0.6015923451037536,101_135,101_135,,,20,9.472781556562168,13.5276,57.0,111.259,134.0,97.7313,23.0,68.038,142.0,69.0101,-0.0679,3.8097,-6.1045,18.05,16.98,51.6777,17.6416,31.339,39.4939,47.4438,17.3258,25.3381,38.9888,31.8246,54.1854,75.3482,10.4545,0.0952,8.3471,49.5768,38.8889,31.9118,47.1818,0.0929,7.8056,50.1359,38.2022,78.83,1.89,2.5471,29.99,0.19,27.8926,29.6313,16.8169,48.0,119.453,48.0,102.813,63.0,67.4356,180.0,68.4756,-0.0119,11.8204,-0.7005,17.23,17.73,52.9955,15.5171,32.0127,35.1467,50.762,16.2899,30.0946,32.7047,34.5406,53.7736,73.7733,10.3419,0.0944,6.5562,54.2776,40.2103,33.3758,50.9554,0.089,6.8676,52.8764,39.9271,78.11,0.89,1.8846,31.08,0.2321,32.0782,32.0179,-3.289300000000001,-8.194000000000003,-5.081699999999998,0.6024000000000029,1552.7209991900002,1062.17148468,287.37989984,943.1346694,-68.038,526.07348364,34.45614996,26.024040000000003,0.223421292212154,very_high,6,0.037236882035359,-2.9368516884861613,avoid_bad_risk_reward
2027,New Mexico,new mexico,MWC,117.58300907532428,0.6797170080348234,76_100,101_135,,,20,9.472781556562168,16.9146,46.0,117.451,63.0,100.536,37.0,70.0058,47.0,70.6674,-0.0452,5.5552,0.2997,16.21,17.72,53.5256,14.8977,30.6363,35.8517,49.5444,18.9857,27.7127,33.3333,35.6284,53.5855,72.6692,9.0657,0.112,6.3286,52.7833,41.8956,30.4781,53.099,0.0857,7.7829,54.8864,48.1535,77.56,0.84,0.8501,29.6,0.0,33.6429,35.6228,16.8169,48.0,119.453,48.0,102.813,63.0,67.4356,180.0,68.4756,-0.0119,11.8204,-0.7005,17.23,17.73,52.9955,15.5171,32.0127,35.1467,50.762,16.2899,30.0946,32.7047,34.5406,53.7736,73.7733,10.3419,0.0944,6.5562,54.2776,40.2103,33.3758,50.9554,0.089,6.8676,52.8764,39.9271,78.11,0.89,1.8846,31.08,0.2321,32.0782,32.0179,0.09769999999999968,-2.0020000000000095,-2.277000000000001,2.5702,1672.7698107600002,1189.1263527199999,242.68204323,921.9871939799999,-70.0058,708.6473157600001,14.37910146,26.024040000000003,0.2587118726980586,very_high,7,0.03695883895686552,-3.348474907922345,avoid_unless_needed
2027,Saint Louis,saint louis,A10,81.90220368275673,0.7777411986737452,51_75,76_100,63.0,,20,9.472781556562168,19.5057,34.0,120.301,41.0,100.795,42.0,71.1382,20.0,72.1195,0.035,2.3751,-6.1158,15.2,18.04,59.7004,17.21,30.6703,33.6935,45.2415,15.9458,27.2328,37.1498,39.9347,59.5345,74.0525,9.401,0.0983,7.0961,60.3682,45.1375,30.2995,45.0915,0.1011,6.1173,51.4286,41.9324,77.54,-0.24,2.2795,36.44,0.2375,37.4617,32.4291,16.8169,48.0,119.453,48.0,102.813,63.0,67.4356,180.0,68.4756,-0.0119,11.8204,-0.7005,17.23,17.73,52.9955,15.5171,32.0127,35.1467,50.762,16.2899,30.0946,32.7047,34.5406,53.7736,73.7733,10.3419,0.0944,6.5562,54.2776,40.2103,33.3758,50.9554,0.089,6.8676,52.8764,39.9271,78.11,0.89,1.8846,31.08,0.2321,32.0782,32.0179,2.6888000000000005,0.847999999999999,-2.0180000000000007,3.702600000000004,1802.2094762500003,1332.85256026,280.349179,923.01041038,-71.1382,880.4385337500001,44.463243150000004,26.024040000000003,0.31683919383786946,very_high,8,0.03960489922973368,-4.673567753514778,avoid_unless_needed
2027,Gonzaga,gonzaga,WCC,40.87365089965337,0.8904570030229303,top_25,top_25,46.0,,20,9.472781556562168,26.9815,15.0,121.098,33.0,94.1164,12.0,68.4106,123.0,70.1916,0.062,5.8434,8.1212,16.05,17.98,55.6433,13.6301,34.797,30.9707,46.2642,20.0396,25.723,30.8758,33.2845,58.1866,70.6997,11.0631,0.1189,5.9632,57.462,30.7901,30.5556,46.586,0.0767,8.1537,52.802,42.7511,78.03,0.12,2.7128,40.96,0.2443,23.0847,34.1969,16.8169,48.0,119.453,48.0,102.813,63.0,67.4356,180.0,68.4756,-0.0119,11.8204,-0.7005,17.23,17.73,52.9955,15.5171,32.0127,35.1467,50.762,16.2899,30.0946,32.7047,34.5406,53.7736,73.7733,10.3419,0.0944,6.5562,54.2776,40.2103,33.3758,50.9554,0.089,6.8676,52.8764,39.9271,78.11,0.89,1.8846,31.08,0.2321,32.0782,32.0179,10.1646,1.644999999999996,-8.696600000000004,0.9750000000000085,1229.3594017100002,1110.8968151,222.03296599,1047.2017962,-68.4106,830.7630831499999,73.1954132,26.024040000000003,0.4025979352749093,very_high,10,0.04025979352749093,-6.10391741099637,avoid_unless_needed
